:START_ID,:END_ID,method,source,:TYPE
world:stock:AA,world:company:AA,formal_issuer_listing_split,step_a_company_stock_split,ISSUED_BY
world:stock:NCSM,world:company:NCSM,formal_issuer_listing_split,step_a_company_stock_split,ISSUED_BY
world:stock:NXDR,world:company:NXDR,formal_issuer_listing_split,step_a_company_stock_split,ISSUED_BY
world:stock:AAPL,world:company:AAPL,formal_issuer_listing_split,step_a_company_stock_split,ISSUED_BY
world:stock:ABBV,world:company:ABBV,formal_issuer_listing_split,step_a_company_stock_split,ISSUED_BY
world:stock:GORO,world:company:GORO,formal_issuer_listing_split,step_a_company_stock_split,ISSUED_BY
world:stock:ABNB,world:company:ABNB,formal_issuer_listing_split,step_a_company_stock_split,ISSUED_BY
world:stock:ABR,world:company:ABR,formal_issuer_listing_split,step_a_company_stock_split,ISSUED_BY
world:stock:NFLX,world:company:NFLX,formal_issuer_listing_split,step_a_company_stock_split,ISSUED_BY
world:stock:NVST,world:company:NVST,formal_issuer_listing_split,step_a_company_stock_split,ISSUED_BY
world:stock:HAL,world:company:HAL,formal_issuer_listing_split,step_a_company_stock_split,ISSUED_BY
world:stock:ABT,world:company:ABT,formal_issuer_listing_split,step_a_company_stock_split,ISSUED_BY
world:stock:PRTA,world:company:PRTA,formal_issuer_listing_split,step_a_company_stock_split,ISSUED_BY
world:stock:PKOH,world:company:PKOH,formal_issuer_listing_split,step_a_company_stock_split,ISSUED_BY
world:stock:ABUS,world:company:ABUS,formal_issuer_listing_split,step_a_company_stock_split,ISSUED_BY
world:stock:ACAD,world:company:ACAD,formal_issuer_listing_split,step_a_company_stock_split,ISSUED_BY
world:stock:ACGL,world:company:ACGL,formal_issuer_listing_split,step_a_company_stock_split,ISSUED_BY
world:stock:ACHR,world:company:ACHR,formal_issuer_listing_split,step_a_company_stock_split,ISSUED_BY
world:stock:OCFC,world:company:OCFC,formal_issuer_listing_split,step_a_company_stock_split,ISSUED_BY
world:stock:ACI,world:company:ACI,formal_issuer_listing_split,step_a_company_stock_split,ISSUED_BY
world:stock:ACN,world:company:ACN,formal_issuer_listing_split,step_a_company_stock_split,ISSUED_BY
world:stock:ACNT,world:company:ACNT,formal_issuer_listing_split,step_a_company_stock_split,ISSUED_BY
world:stock:NTST,world:company:NTST,formal_issuer_listing_split,step_a_company_stock_split,ISSUED_BY
world:stock:ACRE,world:company:ACRE,formal_issuer_listing_split,step_a_company_stock_split,ISSUED_BY
world:stock:ACVA,world:company:ACVA,formal_issuer_listing_split,step_a_company_stock_split,ISSUED_BY
world:stock:ADAMI,world:company:ADAMI,formal_issuer_listing_split,step_a_company_stock_split,ISSUED_BY
world:stock:ADAML,world:company:ADAML,formal_issuer_listing_split,step_a_company_stock_split,ISSUED_BY
world:stock:OVX,world:company:OVX,formal_issuer_listing_split,step_a_company_stock_split,ISSUED_BY
world:stock:PRMB,world:company:PRMB,formal_issuer_listing_split,step_a_company_stock_split,ISSUED_BY
world:stock:ADAMZ,world:company:ADAMZ,formal_issuer_listing_split,step_a_company_stock_split,ISSUED_BY
world:stock:ADC,world:company:ADC,formal_issuer_listing_split,step_a_company_stock_split,ISSUED_BY
world:stock:ADBE,world:company:ADBE,formal_issuer_listing_split,step_a_company_stock_split,ISSUED_BY
world:stock:PAYX,world:company:PAYX,formal_issuer_listing_split,step_a_company_stock_split,ISSUED_BY
world:stock:NTRA,world:company:NTRA,formal_issuer_listing_split,step_a_company_stock_split,ISSUED_BY
world:stock:ADI,world:company:ADI,formal_issuer_listing_split,step_a_company_stock_split,ISSUED_BY
world:stock:ADM,world:company:ADM,formal_issuer_listing_split,step_a_company_stock_split,ISSUED_BY
world:stock:ADMA,world:company:ADMA,formal_issuer_listing_split,step_a_company_stock_split,ISSUED_BY
world:stock:NEUP,world:company:NEUP,formal_issuer_listing_split,step_a_company_stock_split,ISSUED_BY
world:stock:ADP,world:company:ADP,formal_issuer_listing_split,step_a_company_stock_split,ISSUED_BY
world:stock:PALI,world:company:PALI,formal_issuer_listing_split,step_a_company_stock_split,ISSUED_BY
world:stock:ADSK,world:company:ADSK,formal_issuer_listing_split,step_a_company_stock_split,ISSUED_BY
world:stock:ADTN,world:company:ADTN,formal_issuer_listing_split,step_a_company_stock_split,ISSUED_BY
world:stock:AEE,world:company:AEE,formal_issuer_listing_split,step_a_company_stock_split,ISSUED_BY
world:stock:AEHR,world:company:AEHR,formal_issuer_listing_split,step_a_company_stock_split,ISSUED_BY
world:stock:AEP,world:company:AEP,formal_issuer_listing_split,step_a_company_stock_split,ISSUED_BY
world:stock:AES,world:company:AES,formal_issuer_listing_split,step_a_company_stock_split,ISSUED_BY
world:stock:AFBI,world:company:AFBI,formal_issuer_listing_split,step_a_company_stock_split,ISSUED_BY
world:stock:AESI,world:company:AESI,formal_issuer_listing_split,step_a_company_stock_split,ISSUED_BY
world:stock:PNR,world:company:PNR,formal_issuer_listing_split,step_a_company_stock_split,ISSUED_BY
world:stock:AFL,world:company:AFL,formal_issuer_listing_split,step_a_company_stock_split,ISSUED_BY
world:stock:AFRM,world:company:AFRM,formal_issuer_listing_split,step_a_company_stock_split,ISSUED_BY
world:stock:AGG,world:company:AGG,formal_issuer_listing_split,step_a_company_stock_split,ISSUED_BY
world:stock:OXLC,world:company:OXLC,formal_issuer_listing_split,step_a_company_stock_split,ISSUED_BY
world:stock:AGH,world:company:AGH,formal_issuer_listing_split,step_a_company_stock_split,ISSUED_BY
world:stock:PNW,world:company:PNW,formal_issuer_listing_split,step_a_company_stock_split,ISSUED_BY
world:stock:AGL,world:company:AGL,formal_issuer_listing_split,step_a_company_stock_split,ISSUED_BY
world:stock:AGM,world:company:AGM,formal_issuer_listing_split,step_a_company_stock_split,ISSUED_BY
world:stock:PRIM,world:company:PRIM,formal_issuer_listing_split,step_a_company_stock_split,ISSUED_BY
world:stock:AGYS,world:company:AGYS,formal_issuer_listing_split,step_a_company_stock_split,ISSUED_BY
world:stock:POWL,world:company:POWL,formal_issuer_listing_split,step_a_company_stock_split,ISSUED_BY
world:stock:PCT,world:company:PCT,formal_issuer_listing_split,step_a_company_stock_split,ISSUED_BY
world:stock:PTAL.L,world:company:PTAL.L,formal_issuer_listing_split,step_a_company_stock_split,ISSUED_BY
world:stock:AHR,world:company:AHR,formal_issuer_listing_split,step_a_company_stock_split,ISSUED_BY
world:stock:NL,world:company:NL,formal_issuer_listing_split,step_a_company_stock_split,ISSUED_BY
world:stock:AI,world:company:AI,formal_issuer_listing_split,step_a_company_stock_split,ISSUED_BY
world:stock:PTC,world:company:PTC,formal_issuer_listing_split,step_a_company_stock_split,ISSUED_BY
world:stock:ORIC,world:company:ORIC,formal_issuer_listing_split,step_a_company_stock_split,ISSUED_BY
world:stock:PTEN,world:company:PTEN,formal_issuer_listing_split,step_a_company_stock_split,ISSUED_BY
world:stock:AIG,world:company:AIG,formal_issuer_listing_split,step_a_company_stock_split,ISSUED_BY
world:stock:AIN,world:company:AIN,formal_issuer_listing_split,step_a_company_stock_split,ISSUED_BY
world:stock:AIOT,world:company:AIOT,formal_issuer_listing_split,step_a_company_stock_split,ISSUED_BY
world:stock:PGR,world:company:PGR,formal_issuer_listing_split,step_a_company_stock_split,ISSUED_BY
world:stock:AIP,world:company:AIP,formal_issuer_listing_split,step_a_company_stock_split,ISSUED_BY
world:stock:AIRJ,world:company:AIRJ,formal_issuer_listing_split,step_a_company_stock_split,ISSUED_BY
world:stock:AIRO,world:company:AIRO,formal_issuer_listing_split,step_a_company_stock_split,ISSUED_BY
world:stock:AIZ,world:company:AIZ,formal_issuer_listing_split,step_a_company_stock_split,ISSUED_BY
world:stock:AJG,world:company:AJG,formal_issuer_listing_split,step_a_company_stock_split,ISSUED_BY
world:stock:PX,world:company:PX,formal_issuer_listing_split,step_a_company_stock_split,ISSUED_BY
world:stock:AKAM,world:company:AKAM,formal_issuer_listing_split,step_a_company_stock_split,ISSUED_BY
world:stock:NCNO,world:company:NCNO,formal_issuer_listing_split,step_a_company_stock_split,ISSUED_BY
world:stock:NEXA,world:company:NEXA,formal_issuer_listing_split,step_a_company_stock_split,ISSUED_BY
world:stock:ALB,world:company:ALB,formal_issuer_listing_split,step_a_company_stock_split,ISSUED_BY
world:stock:NKE,world:company:NKE,formal_issuer_listing_split,step_a_company_stock_split,ISSUED_BY
world:stock:ALGN,world:company:ALGN,formal_issuer_listing_split,step_a_company_stock_split,ISSUED_BY
world:stock:NEM,world:company:NEM,formal_issuer_listing_split,step_a_company_stock_split,ISSUED_BY
world:stock:ALGT,world:company:ALGT,formal_issuer_listing_split,step_a_company_stock_split,ISSUED_BY
world:stock:P,world:company:P,formal_issuer_listing_split,step_a_company_stock_split,ISSUED_BY
world:stock:ALKS,world:company:ALKS,formal_issuer_listing_split,step_a_company_stock_split,ISSUED_BY
world:stock:ALKT,world:company:ALKT,formal_issuer_listing_split,step_a_company_stock_split,ISSUED_BY
world:stock:ALL,world:company:ALL,formal_issuer_listing_split,step_a_company_stock_split,ISSUED_BY
world:stock:ALLE,world:company:ALLE,formal_issuer_listing_split,step_a_company_stock_split,ISSUED_BY
world:stock:ALMR,world:company:ALMR,formal_issuer_listing_split,step_a_company_stock_split,ISSUED_BY
world:stock:ALMS,world:company:ALMS,formal_issuer_listing_split,step_a_company_stock_split,ISSUED_BY
world:stock:ALMU,world:company:ALMU,formal_issuer_listing_split,step_a_company_stock_split,ISSUED_BY
world:stock:ALTG,world:company:ALTG,formal_issuer_listing_split,step_a_company_stock_split,ISSUED_BY
world:stock:ONTO,world:company:ONTO,formal_issuer_listing_split,step_a_company_stock_split,ISSUED_BY
world:stock:ALVO,world:company:ALVO,formal_issuer_listing_split,step_a_company_stock_split,ISSUED_BY
world:stock:AMAT,world:company:AMAT,formal_issuer_listing_split,step_a_company_stock_split,ISSUED_BY
world:stock:AMC,world:company:AMC,formal_issuer_listing_split,step_a_company_stock_split,ISSUED_BY
world:stock:AMCR,world:company:AMCR,formal_issuer_listing_split,step_a_company_stock_split,ISSUED_BY
world:stock:AMD,world:company:AMD,formal_issuer_listing_split,step_a_company_stock_split,ISSUED_BY
world:stock:PCYO,world:company:PCYO,formal_issuer_listing_split,step_a_company_stock_split,ISSUED_BY
world:stock:AMD.NE,world:company:AMD.NE,formal_issuer_listing_split,step_a_company_stock_split,ISSUED_BY
world:stock:AME,world:company:AME,formal_issuer_listing_split,step_a_company_stock_split,ISSUED_BY
world:stock:AMKR,world:company:AMKR,formal_issuer_listing_split,step_a_company_stock_split,ISSUED_BY
world:stock:AMGN,world:company:AMGN,formal_issuer_listing_split,step_a_company_stock_split,ISSUED_BY
world:stock:AMP,world:company:AMP,formal_issuer_listing_split,step_a_company_stock_split,ISSUED_BY
world:stock:ON,world:company:ON,formal_issuer_listing_split,step_a_company_stock_split,ISSUED_BY
world:stock:AMPY,world:company:AMPY,formal_issuer_listing_split,step_a_company_stock_split,ISSUED_BY
world:stock:PDFS,world:company:PDFS,formal_issuer_listing_split,step_a_company_stock_split,ISSUED_BY
world:stock:AMRC,world:company:AMRC,formal_issuer_listing_split,step_a_company_stock_split,ISSUED_BY
world:stock:AMSC,world:company:AMSC,formal_issuer_listing_split,step_a_company_stock_split,ISSUED_BY
world:stock:OC,world:company:OC,formal_issuer_listing_split,step_a_company_stock_split,ISSUED_BY
world:stock:AMT,world:company:AMT,formal_issuer_listing_split,step_a_company_stock_split,ISSUED_BY
world:stock:AMTX,world:company:AMTX,formal_issuer_listing_split,step_a_company_stock_split,ISSUED_BY
world:stock:ORLY,world:company:ORLY,formal_issuer_listing_split,step_a_company_stock_split,ISSUED_BY
world:stock:AMZN,world:company:AMZN,formal_issuer_listing_split,step_a_company_stock_split,ISSUED_BY
world:stock:PEG,world:company:PEG,formal_issuer_listing_split,step_a_company_stock_split,ISSUED_BY
world:stock:ANAB,world:company:ANAB,formal_issuer_listing_split,step_a_company_stock_split,ISSUED_BY
world:stock:ANET,world:company:ANET,formal_issuer_listing_split,step_a_company_stock_split,ISSUED_BY
world:stock:NEOG,world:company:NEOG,formal_issuer_listing_split,step_a_company_stock_split,ISSUED_BY
world:stock:OR,world:company:OR,formal_issuer_listing_split,step_a_company_stock_split,ISSUED_BY
world:stock:ANGI,world:company:ANGI,formal_issuer_listing_split,step_a_company_stock_split,ISSUED_BY
world:stock:ANIP,world:company:ANIP,formal_issuer_listing_split,step_a_company_stock_split,ISSUED_BY
world:stock:NKSH,world:company:NKSH,formal_issuer_listing_split,step_a_company_stock_split,ISSUED_BY
world:stock:ANNA,world:company:ANNA,formal_issuer_listing_split,step_a_company_stock_split,ISSUED_BY
world:stock:PENG,world:company:PENG,formal_issuer_listing_split,step_a_company_stock_split,ISSUED_BY
world:stock:ORA,world:company:ORA,formal_issuer_listing_split,step_a_company_stock_split,ISSUED_BY
world:stock:ANRO,world:company:ANRO,formal_issuer_listing_split,step_a_company_stock_split,ISSUED_BY
world:stock:AON,world:company:AON,formal_issuer_listing_split,step_a_company_stock_split,ISSUED_BY
world:stock:AOMR,world:company:AOMR,formal_issuer_listing_split,step_a_company_stock_split,ISSUED_BY
world:stock:PDYN,world:company:PDYN,formal_issuer_listing_split,step_a_company_stock_split,ISSUED_BY
world:stock:AOS,world:company:AOS,formal_issuer_listing_split,step_a_company_stock_split,ISSUED_BY
world:stock:AOSL,world:company:AOSL,formal_issuer_listing_split,step_a_company_stock_split,ISSUED_BY
world:stock:NDRA,world:company:NDRA,formal_issuer_listing_split,step_a_company_stock_split,ISSUED_BY
world:stock:AP,world:company:AP,formal_issuer_listing_split,step_a_company_stock_split,ISSUED_BY
world:stock:NEOV,world:company:NEOV,formal_issuer_listing_split,step_a_company_stock_split,ISSUED_BY
world:stock:APA,world:company:APA,formal_issuer_listing_split,step_a_company_stock_split,ISSUED_BY
world:stock:APD,world:company:APD,formal_issuer_listing_split,step_a_company_stock_split,ISSUED_BY
world:stock:APEI,world:company:APEI,formal_issuer_listing_split,step_a_company_stock_split,ISSUED_BY
world:stock:APH,world:company:APH,formal_issuer_listing_split,step_a_company_stock_split,ISSUED_BY
world:stock:APLS,world:company:APLS,formal_issuer_listing_split,step_a_company_stock_split,ISSUED_BY
world:stock:APP,world:company:APP,formal_issuer_listing_split,step_a_company_stock_split,ISSUED_BY
world:stock:APO,world:company:APO,formal_issuer_listing_split,step_a_company_stock_split,ISSUED_BY
world:stock:NET,world:company:NET,formal_issuer_listing_split,step_a_company_stock_split,ISSUED_BY
world:stock:APTV,world:company:APTV,formal_issuer_listing_split,step_a_company_stock_split,ISSUED_BY
world:stock:APPN,world:company:APPN,formal_issuer_listing_split,step_a_company_stock_split,ISSUED_BY
world:stock:MITT,world:company:MITT,formal_issuer_listing_split,step_a_company_stock_split,ISSUED_BY
world:stock:NTAP,world:company:NTAP,formal_issuer_listing_split,step_a_company_stock_split,ISSUED_BY
world:stock:NEE,world:company:NEE,formal_issuer_listing_split,step_a_company_stock_split,ISSUED_BY
world:stock:ARE,world:company:ARE,formal_issuer_listing_split,step_a_company_stock_split,ISSUED_BY
world:stock:PLTR,world:company:PLTR,formal_issuer_listing_split,step_a_company_stock_split,ISSUED_BY
world:stock:OTLK,world:company:OTLK,formal_issuer_listing_split,step_a_company_stock_split,ISSUED_BY
world:stock:AREC,world:company:AREC,formal_issuer_listing_split,step_a_company_stock_split,ISSUED_BY
world:stock:ARES,world:company:ARES,formal_issuer_listing_split,step_a_company_stock_split,ISSUED_BY
world:stock:ARKO,world:company:ARKO,formal_issuer_listing_split,step_a_company_stock_split,ISSUED_BY
world:stock:ARI,world:company:ARI,formal_issuer_listing_split,step_a_company_stock_split,ISSUED_BY
world:stock:PHM,world:company:PHM,formal_issuer_listing_split,step_a_company_stock_split,ISSUED_BY
world:stock:PGNY,world:company:PGNY,formal_issuer_listing_split,step_a_company_stock_split,ISSUED_BY
world:stock:ARM,world:company:ARM,formal_issuer_listing_split,step_a_company_stock_split,ISSUED_BY
world:stock:ARQ,world:company:ARQ,formal_issuer_listing_split,step_a_company_stock_split,ISSUED_BY
world:stock:ARQQ,world:company:ARQQ,formal_issuer_listing_split,step_a_company_stock_split,ISSUED_BY
world:stock:ARQQW,world:company:ARQQW,formal_issuer_listing_split,step_a_company_stock_split,ISSUED_BY
world:stock:NWS,world:company:NWS,formal_issuer_listing_split,step_a_company_stock_split,ISSUED_BY
world:stock:ARQT,world:company:ARQT,formal_issuer_listing_split,step_a_company_stock_split,ISSUED_BY
world:stock:ARXS,world:company:ARXS,formal_issuer_listing_split,step_a_company_stock_split,ISSUED_BY
world:stock:ASCU.TO,world:company:ASCU.TO,formal_issuer_listing_split,step_a_company_stock_split,ISSUED_BY
world:stock:ASGN,world:company:ASGN,formal_issuer_listing_split,step_a_company_stock_split,ISSUED_BY
world:stock:ASIC,world:company:ASIC,formal_issuer_listing_split,step_a_company_stock_split,ISSUED_BY
world:stock:PL,world:company:PL,formal_issuer_listing_split,step_a_company_stock_split,ISSUED_BY
world:stock:PLAY,world:company:PLAY,formal_issuer_listing_split,step_a_company_stock_split,ISSUED_BY
world:stock:ASPN,world:company:ASPN,formal_issuer_listing_split,step_a_company_stock_split,ISSUED_BY
world:stock:ASST,world:company:ASST,formal_issuer_listing_split,step_a_company_stock_split,ISSUED_BY
world:stock:ASRT,world:company:ASRT,formal_issuer_listing_split,step_a_company_stock_split,ISSUED_BY
world:stock:NOV,world:company:NOV,formal_issuer_listing_split,step_a_company_stock_split,ISSUED_BY
world:stock:ASTH,world:company:ASTH,formal_issuer_listing_split,step_a_company_stock_split,ISSUED_BY
world:stock:ASTS,world:company:ASTS,formal_issuer_listing_split,step_a_company_stock_split,ISSUED_BY
world:stock:ATAI,world:company:ATAI,formal_issuer_listing_split,step_a_company_stock_split,ISSUED_BY
world:stock:ATEN,world:company:ATEN,formal_issuer_listing_split,step_a_company_stock_split,ISSUED_BY
world:stock:ATEX,world:company:ATEX,formal_issuer_listing_split,step_a_company_stock_split,ISSUED_BY
world:stock:PEP,world:company:PEP,formal_issuer_listing_split,step_a_company_stock_split,ISSUED_BY
world:stock:NB,world:company:NB,formal_issuer_listing_split,step_a_company_stock_split,ISSUED_BY
world:stock:ATO,world:company:ATO,formal_issuer_listing_split,step_a_company_stock_split,ISSUED_BY
world:stock:ATLO,world:company:ATLO,formal_issuer_listing_split,step_a_company_stock_split,ISSUED_BY
world:stock:ATLX,world:company:ATLX,formal_issuer_listing_split,step_a_company_stock_split,ISSUED_BY
world:stock:ATRA,world:company:ATRA,formal_issuer_listing_split,step_a_company_stock_split,ISSUED_BY
world:stock:ODFL,world:company:ODFL,formal_issuer_listing_split,step_a_company_stock_split,ISSUED_BY
world:stock:AVAV,world:company:AVAV,formal_issuer_listing_split,step_a_company_stock_split,ISSUED_BY
world:stock:AVB,world:company:AVB,formal_issuer_listing_split,step_a_company_stock_split,ISSUED_BY
world:stock:AVBH,world:company:AVBH,formal_issuer_listing_split,step_a_company_stock_split,ISSUED_BY
world:stock:AVEX,world:company:AVEX,formal_issuer_listing_split,step_a_company_stock_split,ISSUED_BY
world:stock:AVGO,world:company:AVGO,formal_issuer_listing_split,step_a_company_stock_split,ISSUED_BY
world:stock:AVNS,world:company:AVNS,formal_issuer_listing_split,step_a_company_stock_split,ISSUED_BY
world:stock:AVNW,world:company:AVNW,formal_issuer_listing_split,step_a_company_stock_split,ISSUED_BY
world:stock:AVTX,world:company:AVTX,formal_issuer_listing_split,step_a_company_stock_split,ISSUED_BY
world:stock:AVY,world:company:AVY,formal_issuer_listing_split,step_a_company_stock_split,ISSUED_BY
world:stock:PESI,world:company:PESI,formal_issuer_listing_split,step_a_company_stock_split,ISSUED_BY
world:stock:AWK,world:company:AWK,formal_issuer_listing_split,step_a_company_stock_split,ISSUED_BY
world:stock:AXIL,world:company:AXIL,formal_issuer_listing_split,step_a_company_stock_split,ISSUED_BY
world:stock:AXON,world:company:AXON,formal_issuer_listing_split,step_a_company_stock_split,ISSUED_BY
world:stock:AXP,world:company:AXP,formal_issuer_listing_split,step_a_company_stock_split,ISSUED_BY
world:stock:AXR,world:company:AXR,formal_issuer_listing_split,step_a_company_stock_split,ISSUED_BY
world:stock:OUST,world:company:OUST,formal_issuer_listing_split,step_a_company_stock_split,ISSUED_BY
world:stock:AZO,world:company:AZO,formal_issuer_listing_split,step_a_company_stock_split,ISSUED_BY
world:stock:AXTI,world:company:AXTI,formal_issuer_listing_split,step_a_company_stock_split,ISSUED_BY
world:stock:NTRS,world:company:NTRS,formal_issuer_listing_split,step_a_company_stock_split,ISSUED_BY
world:stock:AZTA,world:company:AZTA,formal_issuer_listing_split,step_a_company_stock_split,ISSUED_BY
world:stock:BA,world:company:BA,formal_issuer_listing_split,step_a_company_stock_split,ISSUED_BY
world:stock:NKTR,world:company:NKTR,formal_issuer_listing_split,step_a_company_stock_split,ISSUED_BY
world:stock:BAC,world:company:BAC,formal_issuer_listing_split,step_a_company_stock_split,ISSUED_BY
world:stock:BAER,world:company:BAER,formal_issuer_listing_split,step_a_company_stock_split,ISSUED_BY
world:stock:BAH,world:company:BAH,formal_issuer_listing_split,step_a_company_stock_split,ISSUED_BY
world:stock:BALL,world:company:BALL,formal_issuer_listing_split,step_a_company_stock_split,ISSUED_BY
world:stock:PODD,world:company:PODD,formal_issuer_listing_split,step_a_company_stock_split,ISSUED_BY
world:stock:BAND,world:company:BAND,formal_issuer_listing_split,step_a_company_stock_split,ISSUED_BY
world:stock:BARDA,world:company:BARDA,formal_issuer_listing_split,step_a_company_stock_split,ISSUED_BY
world:stock:BATL,world:company:BATL,formal_issuer_listing_split,step_a_company_stock_split,ISSUED_BY
world:stock:BBAI,world:company:BBAI,formal_issuer_listing_split,step_a_company_stock_split,ISSUED_BY
world:stock:BAX,world:company:BAX,formal_issuer_listing_split,step_a_company_stock_split,ISSUED_BY
world:stock:PPL,world:company:PPL,formal_issuer_listing_split,step_a_company_stock_split,ISSUED_BY
world:stock:BBBY,world:company:BBBY,formal_issuer_listing_split,step_a_company_stock_split,ISSUED_BY
world:stock:BBY,world:company:BBY,formal_issuer_listing_split,step_a_company_stock_split,ISSUED_BY
world:stock:NWL,world:company:NWL,formal_issuer_listing_split,step_a_company_stock_split,ISSUED_BY
world:stock:BBJP,world:company:BBJP,formal_issuer_listing_split,step_a_company_stock_split,ISSUED_BY
world:stock:PPIH,world:company:PPIH,formal_issuer_listing_split,step_a_company_stock_split,ISSUED_BY
world:stock:PSTL,world:company:PSTL,formal_issuer_listing_split,step_a_company_stock_split,ISSUED_BY
world:stock:BCRX,world:company:BCRX,formal_issuer_listing_split,step_a_company_stock_split,ISSUED_BY
world:stock:BDX,world:company:BDX,formal_issuer_listing_split,step_a_company_stock_split,ISSUED_BY
world:stock:BEAM,world:company:BEAM,formal_issuer_listing_split,step_a_company_stock_split,ISSUED_BY
world:stock:OMC,world:company:OMC,formal_issuer_listing_split,step_a_company_stock_split,ISSUED_BY
world:stock:BEN,world:company:BEN,formal_issuer_listing_split,step_a_company_stock_split,ISSUED_BY
world:stock:BETR,world:company:BETR,formal_issuer_listing_split,step_a_company_stock_split,ISSUED_BY
world:stock:BF-B,world:company:BF-B,formal_issuer_listing_split,step_a_company_stock_split,ISSUED_BY
world:stock:BFC,world:company:BFC,formal_issuer_listing_split,step_a_company_stock_split,ISSUED_BY
world:stock:BG,world:company:BG,formal_issuer_listing_split,step_a_company_stock_split,ISSUED_BY
world:stock:NUAI,world:company:NUAI,formal_issuer_listing_split,step_a_company_stock_split,ISSUED_BY
world:stock:BGS,world:company:BGS,formal_issuer_listing_split,step_a_company_stock_split,ISSUED_BY
world:stock:PIPR,world:company:PIPR,formal_issuer_listing_split,step_a_company_stock_split,ISSUED_BY
world:stock:BH,world:company:BH,formal_issuer_listing_split,step_a_company_stock_split,ISSUED_BY
world:stock:BIIB,world:company:BIIB,formal_issuer_listing_split,step_a_company_stock_split,ISSUED_BY
world:stock:KR,world:company:KR,formal_issuer_listing_split,step_a_company_stock_split,ISSUED_BY
world:stock:BJ,world:company:BJ,formal_issuer_listing_split,step_a_company_stock_split,ISSUED_BY
world:stock:BK,world:company:BK,formal_issuer_listing_split,step_a_company_stock_split,ISSUED_BY
world:stock:BKH,world:company:BKH,formal_issuer_listing_split,step_a_company_stock_split,ISSUED_BY
world:stock:PWP,world:company:PWP,formal_issuer_listing_split,step_a_company_stock_split,ISSUED_BY
world:stock:BKKT,world:company:BKKT,formal_issuer_listing_split,step_a_company_stock_split,ISSUED_BY
world:stock:BKNG,world:company:BKNG,formal_issuer_listing_split,step_a_company_stock_split,ISSUED_BY
world:stock:BKR,world:company:BKR,formal_issuer_listing_split,step_a_company_stock_split,ISSUED_BY
world:stock:BKSY,world:company:BKSY,formal_issuer_listing_split,step_a_company_stock_split,ISSUED_BY
world:stock:PINE,world:company:PINE,formal_issuer_listing_split,step_a_company_stock_split,ISSUED_BY
world:stock:OMDA,world:company:OMDA,formal_issuer_listing_split,step_a_company_stock_split,ISSUED_BY
world:stock:BL,world:company:BL,formal_issuer_listing_split,step_a_company_stock_split,ISSUED_BY
world:stock:BLBD,world:company:BLBD,formal_issuer_listing_split,step_a_company_stock_split,ISSUED_BY
world:stock:BLFY,world:company:BLFY,formal_issuer_listing_split,step_a_company_stock_split,ISSUED_BY
world:stock:BLDR,world:company:BLDR,formal_issuer_listing_split,step_a_company_stock_split,ISSUED_BY
world:stock:ORC,world:company:ORC,formal_issuer_listing_split,step_a_company_stock_split,ISSUED_BY
world:stock:BLK,world:company:BLK,formal_issuer_listing_split,step_a_company_stock_split,ISSUED_BY
world:stock:BLKB,world:company:BLKB,formal_issuer_listing_split,step_a_company_stock_split,ISSUED_BY
world:stock:BMY,world:company:BMY,formal_issuer_listing_split,step_a_company_stock_split,ISSUED_BY
world:stock:BLMN,world:company:BLMN,formal_issuer_listing_split,step_a_company_stock_split,ISSUED_BY
world:stock:NYT,world:company:NYT,formal_issuer_listing_split,step_a_company_stock_split,ISSUED_BY
world:stock:BNAI,world:company:BNAI,formal_issuer_listing_split,step_a_company_stock_split,ISSUED_BY
world:stock:BND,world:company:BND,formal_issuer_listing_split,step_a_company_stock_split,ISSUED_BY
world:stock:BODI,world:company:BODI,formal_issuer_listing_split,step_a_company_stock_split,ISSUED_BY
world:stock:BOF,world:company:BOF,formal_issuer_listing_split,step_a_company_stock_split,ISSUED_BY
world:stock:BOOM,world:company:BOOM,formal_issuer_listing_split,step_a_company_stock_split,ISSUED_BY
world:stock:BOOT,world:company:BOOT,formal_issuer_listing_split,step_a_company_stock_split,ISSUED_BY
world:stock:BOW,world:company:BOW,formal_issuer_listing_split,step_a_company_stock_split,ISSUED_BY
world:stock:BR,world:company:BR,formal_issuer_listing_split,step_a_company_stock_split,ISSUED_BY
world:stock:BRBR,world:company:BRBR,formal_issuer_listing_split,step_a_company_stock_split,ISSUED_BY
world:stock:OPY,world:company:OPY,formal_issuer_listing_split,step_a_company_stock_split,ISSUED_BY
world:stock:BRCB,world:company:BRCB,formal_issuer_listing_split,step_a_company_stock_split,ISSUED_BY
world:stock:BRK_B,world:company:BRK_B,formal_issuer_listing_split,step_a_company_stock_split,ISSUED_BY
world:stock:BRO,world:company:BRO,formal_issuer_listing_split,step_a_company_stock_split,ISSUED_BY
world:stock:BROS,world:company:BROS,formal_issuer_listing_split,step_a_company_stock_split,ISSUED_BY
world:stock:BSX,world:company:BSX,formal_issuer_listing_split,step_a_company_stock_split,ISSUED_BY
world:stock:BTGO,world:company:BTGO,formal_issuer_listing_split,step_a_company_stock_split,ISSUED_BY
world:stock:BTM,world:company:BTM,formal_issuer_listing_split,step_a_company_stock_split,ISSUED_BY
world:stock:BULL,world:company:BULL,formal_issuer_listing_split,step_a_company_stock_split,ISSUED_BY
world:stock:PANW,world:company:PANW,formal_issuer_listing_split,step_a_company_stock_split,ISSUED_BY
world:stock:BWA,world:company:BWA,formal_issuer_listing_split,step_a_company_stock_split,ISSUED_BY
world:stock:BWEN,world:company:BWEN,formal_issuer_listing_split,step_a_company_stock_split,ISSUED_BY
world:stock:ORKA,world:company:ORKA,formal_issuer_listing_split,step_a_company_stock_split,ISSUED_BY
world:stock:BWIN,world:company:BWIN,formal_issuer_listing_split,step_a_company_stock_split,ISSUED_BY
world:stock:BX,world:company:BX,formal_issuer_listing_split,step_a_company_stock_split,ISSUED_BY
world:stock:BXP,world:company:BXP,formal_issuer_listing_split,step_a_company_stock_split,ISSUED_BY
world:stock:BYND,world:company:BYND,formal_issuer_listing_split,step_a_company_stock_split,ISSUED_BY
world:stock:C,world:company:C,formal_issuer_listing_split,step_a_company_stock_split,ISSUED_BY
world:stock:PNC,world:company:PNC,formal_issuer_listing_split,step_a_company_stock_split,ISSUED_BY
world:stock:CACI,world:company:CACI,formal_issuer_listing_split,step_a_company_stock_split,ISSUED_BY
world:stock:PRA,world:company:PRA,formal_issuer_listing_split,step_a_company_stock_split,ISSUED_BY
world:stock:CABO,world:company:CABO,formal_issuer_listing_split,step_a_company_stock_split,ISSUED_BY
world:stock:CAE,world:company:CAE,formal_issuer_listing_split,step_a_company_stock_split,ISSUED_BY
world:stock:PFG,world:company:PFG,formal_issuer_listing_split,step_a_company_stock_split,ISSUED_BY
world:stock:CAG,world:company:CAG,formal_issuer_listing_split,step_a_company_stock_split,ISSUED_BY
world:stock:QCOM,world:company:QCOM,formal_issuer_listing_split,step_a_company_stock_split,ISSUED_BY
world:stock:NCMI,world:company:NCMI,formal_issuer_listing_split,step_a_company_stock_split,ISSUED_BY
world:stock:CAH,world:company:CAH,formal_issuer_listing_split,step_a_company_stock_split,ISSUED_BY
world:stock:BW,world:company:BW,formal_issuer_listing_split,step_a_company_stock_split,ISSUED_BY
world:stock:NTLA,world:company:NTLA,formal_issuer_listing_split,step_a_company_stock_split,ISSUED_BY
world:stock:CAPR,world:company:CAPR,formal_issuer_listing_split,step_a_company_stock_split,ISSUED_BY
world:stock:OXY,world:company:OXY,formal_issuer_listing_split,step_a_company_stock_split,ISSUED_BY
world:stock:CARR,world:company:CARR,formal_issuer_listing_split,step_a_company_stock_split,ISSUED_BY
world:stock:NE,world:company:NE,formal_issuer_listing_split,step_a_company_stock_split,ISSUED_BY
world:stock:CASH,world:company:CASH,formal_issuer_listing_split,step_a_company_stock_split,ISSUED_BY
world:stock:NRGV,world:company:NRGV,formal_issuer_listing_split,step_a_company_stock_split,ISSUED_BY
world:stock:CASY,world:company:CASY,formal_issuer_listing_split,step_a_company_stock_split,ISSUED_BY
world:stock:PPI,world:company:PPI,formal_issuer_listing_split,step_a_company_stock_split,ISSUED_BY
world:stock:CAT,world:company:CAT,formal_issuer_listing_split,step_a_company_stock_split,ISSUED_BY
world:stock:NUS,world:company:NUS,formal_issuer_listing_split,step_a_company_stock_split,ISSUED_BY
world:stock:CATO,world:company:CATO,formal_issuer_listing_split,step_a_company_stock_split,ISSUED_BY
world:stock:NTES,world:company:NTES,formal_issuer_listing_split,step_a_company_stock_split,ISSUED_BY
world:stock:CAVA,world:company:CAVA,formal_issuer_listing_split,step_a_company_stock_split,ISSUED_BY
world:stock:CB,world:company:CB,formal_issuer_listing_split,step_a_company_stock_split,ISSUED_BY
world:stock:PAA,world:company:PAA,formal_issuer_listing_split,step_a_company_stock_split,ISSUED_BY
world:stock:NPKI,world:company:NPKI,formal_issuer_listing_split,step_a_company_stock_split,ISSUED_BY
world:stock:CBRE,world:company:CBRE,formal_issuer_listing_split,step_a_company_stock_split,ISSUED_BY
world:stock:PZZA,world:company:PZZA,formal_issuer_listing_split,step_a_company_stock_split,ISSUED_BY
world:stock:CBZ,world:company:CBZ,formal_issuer_listing_split,step_a_company_stock_split,ISSUED_BY
world:stock:CCI,world:company:CCI,formal_issuer_listing_split,step_a_company_stock_split,ISSUED_BY
world:stock:NCLH,world:company:NCLH,formal_issuer_listing_split,step_a_company_stock_split,ISSUED_BY
world:stock:CCJ,world:company:CCJ,formal_issuer_listing_split,step_a_company_stock_split,ISSUED_BY
world:stock:CCL,world:company:CCL,formal_issuer_listing_split,step_a_company_stock_split,ISSUED_BY
world:stock:CCOI,world:company:CCOI,formal_issuer_listing_split,step_a_company_stock_split,ISSUED_BY
world:stock:CCL.L,world:company:CCL.L,formal_issuer_listing_split,step_a_company_stock_split,ISSUED_BY
world:stock:CCO,world:company:CCO,formal_issuer_listing_split,step_a_company_stock_split,ISSUED_BY
world:stock:PVLA,world:company:PVLA,formal_issuer_listing_split,step_a_company_stock_split,ISSUED_BY
world:stock:PVH,world:company:PVH,formal_issuer_listing_split,step_a_company_stock_split,ISSUED_BY
world:stock:PKG,world:company:PKG,formal_issuer_listing_split,step_a_company_stock_split,ISSUED_BY
world:stock:CDLX,world:company:CDLX,formal_issuer_listing_split,step_a_company_stock_split,ISSUED_BY
world:stock:CDNS,world:company:CDNS,formal_issuer_listing_split,step_a_company_stock_split,ISSUED_BY
world:stock:CDW,world:company:CDW,formal_issuer_listing_split,step_a_company_stock_split,ISSUED_BY
world:stock:CDZI,world:company:CDZI,formal_issuer_listing_split,step_a_company_stock_split,ISSUED_BY
world:stock:OSS,world:company:OSS,formal_issuer_listing_split,step_a_company_stock_split,ISSUED_BY
world:stock:CEG,world:company:CEG,formal_issuer_listing_split,step_a_company_stock_split,ISSUED_BY
world:stock:CELH,world:company:CELH,formal_issuer_listing_split,step_a_company_stock_split,ISSUED_BY
world:stock:NVO,world:company:NVO,formal_issuer_listing_split,step_a_company_stock_split,ISSUED_BY
world:stock:CENT,world:company:CENT,formal_issuer_listing_split,step_a_company_stock_split,ISSUED_BY
world:stock:NXT,world:company:NXT,formal_issuer_listing_split,step_a_company_stock_split,ISSUED_BY
world:stock:CF,world:company:CF,formal_issuer_listing_split,step_a_company_stock_split,ISSUED_BY
world:stock:CFG,world:company:CFG,formal_issuer_listing_split,step_a_company_stock_split,ISSUED_BY
world:stock:CGEH,world:company:CGEH,formal_issuer_listing_split,step_a_company_stock_split,ISSUED_BY
world:stock:PROP,world:company:PROP,formal_issuer_listing_split,step_a_company_stock_split,ISSUED_BY
world:stock:O,world:company:O,formal_issuer_listing_split,step_a_company_stock_split,ISSUED_BY
world:stock:CGNX,world:company:CGNX,formal_issuer_listing_split,step_a_company_stock_split,ISSUED_BY
world:stock:CGTX,world:company:CGTX,formal_issuer_listing_split,step_a_company_stock_split,ISSUED_BY
world:stock:CHD,world:company:CHD,formal_issuer_listing_split,step_a_company_stock_split,ISSUED_BY
world:stock:CHGG,world:company:CHGG,formal_issuer_listing_split,step_a_company_stock_split,ISSUED_BY
world:stock:CHPT,world:company:CHPT,formal_issuer_listing_split,step_a_company_stock_split,ISSUED_BY
world:stock:CHRD,world:company:CHRD,formal_issuer_listing_split,step_a_company_stock_split,ISSUED_BY
world:stock:OCUL,world:company:OCUL,formal_issuer_listing_split,step_a_company_stock_split,ISSUED_BY
world:stock:PZG,world:company:PZG,formal_issuer_listing_split,step_a_company_stock_split,ISSUED_BY
world:stock:CHRW,world:company:CHRW,formal_issuer_listing_split,step_a_company_stock_split,ISSUED_BY
world:stock:CHTR,world:company:CHTR,formal_issuer_listing_split,step_a_company_stock_split,ISSUED_BY
world:stock:CHWY,world:company:CHWY,formal_issuer_listing_split,step_a_company_stock_split,ISSUED_BY
world:stock:CIEN,world:company:CIEN,formal_issuer_listing_split,step_a_company_stock_split,ISSUED_BY
world:stock:CI,world:company:CI,formal_issuer_listing_split,step_a_company_stock_split,ISSUED_BY
world:stock:NPK,world:company:NPK,formal_issuer_listing_split,step_a_company_stock_split,ISSUED_BY
world:stock:INSP,world:company:INSP,formal_issuer_listing_split,step_a_company_stock_split,ISSUED_BY
world:stock:CINF,world:company:CINF,formal_issuer_listing_split,step_a_company_stock_split,ISSUED_BY
world:stock:PRG,world:company:PRG,formal_issuer_listing_split,step_a_company_stock_split,ISSUED_BY
world:stock:NIO,world:company:NIO,formal_issuer_listing_split,step_a_company_stock_split,ISSUED_BY
world:stock:CL,world:company:CL,formal_issuer_listing_split,step_a_company_stock_split,ISSUED_BY
world:stock:CLBK,world:company:CLBK,formal_issuer_listing_split,step_a_company_stock_split,ISSUED_BY
world:stock:CLNN,world:company:CLNN,formal_issuer_listing_split,step_a_company_stock_split,ISSUED_BY
world:stock:CLOV,world:company:CLOV,formal_issuer_listing_split,step_a_company_stock_split,ISSUED_BY
world:stock:PEPG,world:company:PEPG,formal_issuer_listing_split,step_a_company_stock_split,ISSUED_BY
world:stock:PRKS,world:company:PRKS,formal_issuer_listing_split,step_a_company_stock_split,ISSUED_BY
world:stock:CLPT,world:company:CLPT,formal_issuer_listing_split,step_a_company_stock_split,ISSUED_BY
world:stock:NIPG,world:company:NIPG,formal_issuer_listing_split,step_a_company_stock_split,ISSUED_BY
world:stock:CLW,world:company:CLW,formal_issuer_listing_split,step_a_company_stock_split,ISSUED_BY
world:stock:CMCSA,world:company:CMCSA,formal_issuer_listing_split,step_a_company_stock_split,ISSUED_BY
world:stock:CLX,world:company:CLX,formal_issuer_listing_split,step_a_company_stock_split,ISSUED_BY
world:stock:NRG,world:company:NRG,formal_issuer_listing_split,step_a_company_stock_split,ISSUED_BY
world:stock:CME,world:company:CME,formal_issuer_listing_split,step_a_company_stock_split,ISSUED_BY
world:stock:CMG,world:company:CMG,formal_issuer_listing_split,step_a_company_stock_split,ISSUED_BY
world:stock:PENN,world:company:PENN,formal_issuer_listing_split,step_a_company_stock_split,ISSUED_BY
world:stock:CMI,world:company:CMI,formal_issuer_listing_split,step_a_company_stock_split,ISSUED_BY
world:stock:CMND,world:company:CMND,formal_issuer_listing_split,step_a_company_stock_split,ISSUED_BY
world:stock:CMP,world:company:CMP,formal_issuer_listing_split,step_a_company_stock_split,ISSUED_BY
world:stock:DRUG,world:company:DRUG,formal_issuer_listing_split,step_a_company_stock_split,ISSUED_BY
world:stock:CMPS,world:company:CMPS,formal_issuer_listing_split,step_a_company_stock_split,ISSUED_BY
world:stock:CMPX,world:company:CMPX,formal_issuer_listing_split,step_a_company_stock_split,ISSUED_BY
world:stock:CMS,world:company:CMS,formal_issuer_listing_split,step_a_company_stock_split,ISSUED_BY
world:stock:CMTG,world:company:CMTG,formal_issuer_listing_split,step_a_company_stock_split,ISSUED_BY
world:stock:CMTL,world:company:CMTL,formal_issuer_listing_split,step_a_company_stock_split,ISSUED_BY
world:stock:CNC,world:company:CNC,formal_issuer_listing_split,step_a_company_stock_split,ISSUED_BY
world:stock:CNDT,world:company:CNDT,formal_issuer_listing_split,step_a_company_stock_split,ISSUED_BY
world:stock:PLPC,world:company:PLPC,formal_issuer_listing_split,step_a_company_stock_split,ISSUED_BY
world:stock:PHG,world:company:PHG,formal_issuer_listing_split,step_a_company_stock_split,ISSUED_BY
world:stock:PLMK,world:company:PLMK,formal_issuer_listing_split,step_a_company_stock_split,ISSUED_BY
world:stock:CNP,world:company:CNP,formal_issuer_listing_split,step_a_company_stock_split,ISSUED_BY
world:stock:NDSN,world:company:NDSN,formal_issuer_listing_split,step_a_company_stock_split,ISSUED_BY
world:stock:OPAL,world:company:OPAL,formal_issuer_listing_split,step_a_company_stock_split,ISSUED_BY
world:stock:OKE,world:company:OKE,formal_issuer_listing_split,step_a_company_stock_split,ISSUED_BY
world:stock:CNX,world:company:CNX,formal_issuer_listing_split,step_a_company_stock_split,ISSUED_BY
world:stock:CNXC,world:company:CNXC,formal_issuer_listing_split,step_a_company_stock_split,ISSUED_BY
world:stock:COCP,world:company:COCP,formal_issuer_listing_split,step_a_company_stock_split,ISSUED_BY
world:stock:NWBI,world:company:NWBI,formal_issuer_listing_split,step_a_company_stock_split,ISSUED_BY
world:stock:PNNT,world:company:PNNT,formal_issuer_listing_split,step_a_company_stock_split,ISSUED_BY
world:stock:NOW,world:company:NOW,formal_issuer_listing_split,step_a_company_stock_split,ISSUED_BY
world:stock:CODI-PB,world:company:CODI-PB,formal_issuer_listing_split,step_a_company_stock_split,ISSUED_BY
world:stock:POOL,world:company:POOL,formal_issuer_listing_split,step_a_company_stock_split,ISSUED_BY
world:stock:COF,world:company:COF,formal_issuer_listing_split,step_a_company_stock_split,ISSUED_BY
world:stock:NSC,world:company:NSC,formal_issuer_listing_split,step_a_company_stock_split,ISSUED_BY
world:stock:COHR,world:company:COHR,formal_issuer_listing_split,step_a_company_stock_split,ISSUED_BY
world:stock:PKST,world:company:PKST,formal_issuer_listing_split,step_a_company_stock_split,ISSUED_BY
world:stock:GWW,world:company:GWW,formal_issuer_listing_split,step_a_company_stock_split,ISSUED_BY
world:stock:COIN,world:company:COIN,formal_issuer_listing_split,step_a_company_stock_split,ISSUED_BY
world:stock:COKE,world:company:COKE,formal_issuer_listing_split,step_a_company_stock_split,ISSUED_BY
world:stock:PSKY,world:company:PSKY,formal_issuer_listing_split,step_a_company_stock_split,ISSUED_BY
world:stock:COO,world:company:COO,formal_issuer_listing_split,step_a_company_stock_split,ISSUED_BY
world:stock:COP,world:company:COP,formal_issuer_listing_split,step_a_company_stock_split,ISSUED_BY
world:stock:COR,world:company:COR,formal_issuer_listing_split,step_a_company_stock_split,ISSUED_BY
world:stock:CORZ,world:company:CORZ,formal_issuer_listing_split,step_a_company_stock_split,ISSUED_BY
world:stock:PAYS,world:company:PAYS,formal_issuer_listing_split,step_a_company_stock_split,ISSUED_BY
world:stock:CPAY,world:company:CPAY,formal_issuer_listing_split,step_a_company_stock_split,ISSUED_BY
world:stock:COST,world:company:COST,formal_issuer_listing_split,step_a_company_stock_split,ISSUED_BY
world:stock:COTY,world:company:COTY,formal_issuer_listing_split,step_a_company_stock_split,ISSUED_BY
world:stock:CPI,world:company:CPI,formal_issuer_listing_split,step_a_company_stock_split,ISSUED_BY
world:stock:CPB,world:company:CPB,formal_issuer_listing_split,step_a_company_stock_split,ISSUED_BY
world:stock:PECEU,world:company:PECEU,formal_issuer_listing_split,step_a_company_stock_split,ISSUED_BY
world:stock:CPRT,world:company:CPRT,formal_issuer_listing_split,step_a_company_stock_split,ISSUED_BY
world:stock:CPRX,world:company:CPRX,formal_issuer_listing_split,step_a_company_stock_split,ISSUED_BY
world:stock:CPT,world:company:CPT,formal_issuer_listing_split,step_a_company_stock_split,ISSUED_BY
world:stock:CRBG,world:company:CRBG,formal_issuer_listing_split,step_a_company_stock_split,ISSUED_BY
world:stock:CRCL,world:company:CRCL,formal_issuer_listing_split,step_a_company_stock_split,ISSUED_BY
world:stock:CRH,world:company:CRH,formal_issuer_listing_split,step_a_company_stock_split,ISSUED_BY
world:stock:CRI,world:company:CRI,formal_issuer_listing_split,step_a_company_stock_split,ISSUED_BY
world:stock:OFRM,world:company:OFRM,formal_issuer_listing_split,step_a_company_stock_split,ISSUED_BY
world:stock:CRL,world:company:CRL,formal_issuer_listing_split,step_a_company_stock_split,ISSUED_BY
world:stock:PNRG,world:company:PNRG,formal_issuer_listing_split,step_a_company_stock_split,ISSUED_BY
world:stock:CRM,world:company:CRM,formal_issuer_listing_split,step_a_company_stock_split,ISSUED_BY
world:stock:CRSP,world:company:CRSP,formal_issuer_listing_split,step_a_company_stock_split,ISSUED_BY
world:stock:CRML,world:company:CRML,formal_issuer_listing_split,step_a_company_stock_split,ISSUED_BY
world:stock:PMI,world:company:PMI,formal_issuer_listing_split,step_a_company_stock_split,ISSUED_BY
world:stock:CRUS,world:company:CRUS,formal_issuer_listing_split,step_a_company_stock_split,ISSUED_BY
world:stock:CRWD,world:company:CRWD,formal_issuer_listing_split,step_a_company_stock_split,ISSUED_BY
world:stock:CSCO,world:company:CSCO,formal_issuer_listing_split,step_a_company_stock_split,ISSUED_BY
world:stock:CSGP,world:company:CSGP,formal_issuer_listing_split,step_a_company_stock_split,ISSUED_BY
world:stock:CSTE,world:company:CSTE,formal_issuer_listing_split,step_a_company_stock_split,ISSUED_BY
world:stock:CSTL,world:company:CSTL,formal_issuer_listing_split,step_a_company_stock_split,ISSUED_BY
world:stock:CSWC,world:company:CSWC,formal_issuer_listing_split,step_a_company_stock_split,ISSUED_BY
world:stock:CSX,world:company:CSX,formal_issuer_listing_split,step_a_company_stock_split,ISSUED_BY
world:stock:CTAS,world:company:CTAS,formal_issuer_listing_split,step_a_company_stock_split,ISSUED_BY
world:stock:CTEV,world:company:CTEV,formal_issuer_listing_split,step_a_company_stock_split,ISSUED_BY
world:stock:NGVT,world:company:NGVT,formal_issuer_listing_split,step_a_company_stock_split,ISSUED_BY
world:stock:CTGO,world:company:CTGO,formal_issuer_listing_split,step_a_company_stock_split,ISSUED_BY
world:stock:CTRA,world:company:CTRA,formal_issuer_listing_split,step_a_company_stock_split,ISSUED_BY
world:stock:PUMP,world:company:PUMP,formal_issuer_listing_split,step_a_company_stock_split,ISSUED_BY
world:stock:CTRE,world:company:CTRE,formal_issuer_listing_split,step_a_company_stock_split,ISSUED_BY
world:stock:CTSH,world:company:CTSH,formal_issuer_listing_split,step_a_company_stock_split,ISSUED_BY
world:stock:CTVA,world:company:CTVA,formal_issuer_listing_split,step_a_company_stock_split,ISSUED_BY
world:stock:CUE,world:company:CUE,formal_issuer_listing_split,step_a_company_stock_split,ISSUED_BY
world:stock:CUK,world:company:CUK,formal_issuer_listing_split,step_a_company_stock_split,ISSUED_BY
world:stock:CURLF,world:company:CURLF,formal_issuer_listing_split,step_a_company_stock_split,ISSUED_BY
world:stock:CVCO,world:company:CVCO,formal_issuer_listing_split,step_a_company_stock_split,ISSUED_BY
world:stock:CVGI,world:company:CVGI,formal_issuer_listing_split,step_a_company_stock_split,ISSUED_BY
world:stock:CVNA,world:company:CVNA,formal_issuer_listing_split,step_a_company_stock_split,ISSUED_BY
world:stock:CVS,world:company:CVS,formal_issuer_listing_split,step_a_company_stock_split,ISSUED_BY
world:stock:CVX,world:company:CVX,formal_issuer_listing_split,step_a_company_stock_split,ISSUED_BY
world:stock:PPG,world:company:PPG,formal_issuer_listing_split,step_a_company_stock_split,ISSUED_BY
world:stock:CWEN,world:company:CWEN,formal_issuer_listing_split,step_a_company_stock_split,ISSUED_BY
world:stock:OTIS,world:company:OTIS,formal_issuer_listing_split,step_a_company_stock_split,ISSUED_BY
world:stock:CXDO,world:company:CXDO,formal_issuer_listing_split,step_a_company_stock_split,ISSUED_BY
world:stock:CXW,world:company:CXW,formal_issuer_listing_split,step_a_company_stock_split,ISSUED_BY
world:stock:D,world:company:D,formal_issuer_listing_split,step_a_company_stock_split,ISSUED_BY
world:stock:NBIX,world:company:NBIX,formal_issuer_listing_split,step_a_company_stock_split,ISSUED_BY
world:stock:PAHC,world:company:PAHC,formal_issuer_listing_split,step_a_company_stock_split,ISSUED_BY
world:stock:ONDS,world:company:ONDS,formal_issuer_listing_split,step_a_company_stock_split,ISSUED_BY
world:stock:PH,world:company:PH,formal_issuer_listing_split,step_a_company_stock_split,ISSUED_BY
world:stock:PCG,world:company:PCG,formal_issuer_listing_split,step_a_company_stock_split,ISSUED_BY
world:stock:DAKT,world:company:DAKT,formal_issuer_listing_split,step_a_company_stock_split,ISSUED_BY
world:stock:DAL,world:company:DAL,formal_issuer_listing_split,step_a_company_stock_split,ISSUED_BY
world:stock:PTLO,world:company:PTLO,formal_issuer_listing_split,step_a_company_stock_split,ISSUED_BY
world:stock:DAO,world:company:DAO,formal_issuer_listing_split,step_a_company_stock_split,ISSUED_BY
world:stock:DAR,world:company:DAR,formal_issuer_listing_split,step_a_company_stock_split,ISSUED_BY
world:stock:DASH,world:company:DASH,formal_issuer_listing_split,step_a_company_stock_split,ISSUED_BY
world:stock:DAVA,world:company:DAVA,formal_issuer_listing_split,step_a_company_stock_split,ISSUED_BY
world:stock:DBI,world:company:DBI,formal_issuer_listing_split,step_a_company_stock_split,ISSUED_BY
world:stock:DCO,world:company:DCO,formal_issuer_listing_split,step_a_company_stock_split,ISSUED_BY
world:stock:ORGO,world:company:ORGO,formal_issuer_listing_split,step_a_company_stock_split,ISSUED_BY
world:stock:DCOM,world:company:DCOM,formal_issuer_listing_split,step_a_company_stock_split,ISSUED_BY
world:stock:DD,world:company:DD,formal_issuer_listing_split,step_a_company_stock_split,ISSUED_BY
world:stock:PEB,world:company:PEB,formal_issuer_listing_split,step_a_company_stock_split,ISSUED_BY
world:stock:DDOG,world:company:DDOG,formal_issuer_listing_split,step_a_company_stock_split,ISSUED_BY
world:stock:DE,world:company:DE,formal_issuer_listing_split,step_a_company_stock_split,ISSUED_BY
world:stock:PHR,world:company:PHR,formal_issuer_listing_split,step_a_company_stock_split,ISSUED_BY
world:stock:DEC.L,world:company:DEC.L,formal_issuer_listing_split,step_a_company_stock_split,ISSUED_BY
world:stock:DECK,world:company:DECK,formal_issuer_listing_split,step_a_company_stock_split,ISSUED_BY
world:stock:DEI,world:company:DEI,formal_issuer_listing_split,step_a_company_stock_split,ISSUED_BY
world:stock:DELL,world:company:DELL,formal_issuer_listing_split,step_a_company_stock_split,ISSUED_BY
world:stock:DFIN,world:company:DFIN,formal_issuer_listing_split,step_a_company_stock_split,ISSUED_BY
world:stock:DFSC,world:company:DFSC,formal_issuer_listing_split,step_a_company_stock_split,ISSUED_BY
world:stock:DFTX,world:company:DFTX,formal_issuer_listing_split,step_a_company_stock_split,ISSUED_BY
world:stock:NHP,world:company:NHP,formal_issuer_listing_split,step_a_company_stock_split,ISSUED_BY
world:stock:DG,world:company:DG,formal_issuer_listing_split,step_a_company_stock_split,ISSUED_BY
world:stock:NVDA,world:company:NVDA,formal_issuer_listing_split,step_a_company_stock_split,ISSUED_BY
world:stock:NPB,world:company:NPB,formal_issuer_listing_split,step_a_company_stock_split,ISSUED_BY
world:stock:NRP,world:company:NRP,formal_issuer_listing_split,step_a_company_stock_split,ISSUED_BY
world:stock:DGX,world:company:DGX,formal_issuer_listing_split,step_a_company_stock_split,ISSUED_BY
world:stock:DGX.NE,world:company:DGX.NE,formal_issuer_listing_split,step_a_company_stock_split,ISSUED_BY
world:stock:DHI,world:company:DHI,formal_issuer_listing_split,step_a_company_stock_split,ISSUED_BY
world:stock:PYPL,world:company:PYPL,formal_issuer_listing_split,step_a_company_stock_split,ISSUED_BY
world:stock:PTON,world:company:PTON,formal_issuer_listing_split,step_a_company_stock_split,ISSUED_BY
world:stock:DHR,world:company:DHR,formal_issuer_listing_split,step_a_company_stock_split,ISSUED_BY
world:stock:PG,world:company:PG,formal_issuer_listing_split,step_a_company_stock_split,ISSUED_BY
world:stock:DIA,world:company:DIA,formal_issuer_listing_split,step_a_company_stock_split,ISSUED_BY
world:stock:NUMI,world:company:NUMI,formal_issuer_listing_split,step_a_company_stock_split,ISSUED_BY
world:stock:DIN,world:company:DIN,formal_issuer_listing_split,step_a_company_stock_split,ISSUED_BY
world:stock:DIS,world:company:DIS,formal_issuer_listing_split,step_a_company_stock_split,ISSUED_BY
world:stock:DLHC,world:company:DLHC,formal_issuer_listing_split,step_a_company_stock_split,ISSUED_BY
world:stock:PMT,world:company:PMT,formal_issuer_listing_split,step_a_company_stock_split,ISSUED_BY
world:stock:DJCO,world:company:DJCO,formal_issuer_listing_split,step_a_company_stock_split,ISSUED_BY
world:stock:DLR,world:company:DLR,formal_issuer_listing_split,step_a_company_stock_split,ISSUED_BY
world:stock:PRU,world:company:PRU,formal_issuer_listing_split,step_a_company_stock_split,ISSUED_BY
world:stock:DLTR,world:company:DLTR,formal_issuer_listing_split,step_a_company_stock_split,ISSUED_BY
world:stock:NSSC,world:company:NSSC,formal_issuer_listing_split,step_a_company_stock_split,ISSUED_BY
world:stock:MRNA,world:company:MRNA,formal_issuer_listing_split,step_a_company_stock_split,ISSUED_BY
world:stock:NNE,world:company:NNE,formal_issuer_listing_split,step_a_company_stock_split,ISSUED_BY
world:stock:NNVC,world:company:NNVC,formal_issuer_listing_split,step_a_company_stock_split,ISSUED_BY
world:stock:DLX,world:company:DLX,formal_issuer_listing_split,step_a_company_stock_split,ISSUED_BY
world:stock:PRGS,world:company:PRGS,formal_issuer_listing_split,step_a_company_stock_split,ISSUED_BY
world:stock:DNA,world:company:DNA,formal_issuer_listing_split,step_a_company_stock_split,ISSUED_BY
world:stock:DNLI,world:company:DNLI,formal_issuer_listing_split,step_a_company_stock_split,ISSUED_BY
world:stock:PSIX,world:company:PSIX,formal_issuer_listing_split,step_a_company_stock_split,ISSUED_BY
world:stock:DNOW,world:company:DNOW,formal_issuer_listing_split,step_a_company_stock_split,ISSUED_BY
world:stock:DOC,world:company:DOC,formal_issuer_listing_split,step_a_company_stock_split,ISSUED_BY
world:stock:DOV,world:company:DOV,formal_issuer_listing_split,step_a_company_stock_split,ISSUED_BY
world:stock:DOW,world:company:DOW,formal_issuer_listing_split,step_a_company_stock_split,ISSUED_BY
world:stock:OSG,world:company:OSG,formal_issuer_listing_split,step_a_company_stock_split,ISSUED_BY
world:stock:DPRO,world:company:DPRO,formal_issuer_listing_split,step_a_company_stock_split,ISSUED_BY
world:stock:PRPL,world:company:PRPL,formal_issuer_listing_split,step_a_company_stock_split,ISSUED_BY
world:stock:DPZ,world:company:DPZ,formal_issuer_listing_split,step_a_company_stock_split,ISSUED_BY
world:stock:NVR,world:company:NVR,formal_issuer_listing_split,step_a_company_stock_split,ISSUED_BY
world:stock:DRAM,world:company:DRAM,formal_issuer_listing_split,step_a_company_stock_split,ISSUED_BY
world:stock:DRDB,world:company:DRDB,formal_issuer_listing_split,step_a_company_stock_split,ISSUED_BY
world:stock:DRH,world:company:DRH,formal_issuer_listing_split,step_a_company_stock_split,ISSUED_BY
world:stock:DRI,world:company:DRI,formal_issuer_listing_split,step_a_company_stock_split,ISSUED_BY
world:stock:DRO_AX,world:company:DRO_AX,formal_issuer_listing_split,step_a_company_stock_split,ISSUED_BY
world:stock:DTE,world:company:DTE,formal_issuer_listing_split,step_a_company_stock_split,ISSUED_BY
world:stock:NMM,world:company:NMM,formal_issuer_listing_split,step_a_company_stock_split,ISSUED_BY
world:stock:NI,world:company:NI,formal_issuer_listing_split,step_a_company_stock_split,ISSUED_BY
world:stock:DTI,world:company:DTI,formal_issuer_listing_split,step_a_company_stock_split,ISSUED_BY
world:stock:DUK,world:company:DUK,formal_issuer_listing_split,step_a_company_stock_split,ISSUED_BY
world:stock:DUOT,world:company:DUOT,formal_issuer_listing_split,step_a_company_stock_split,ISSUED_BY
world:stock:NEXT,world:company:NEXT,formal_issuer_listing_split,step_a_company_stock_split,ISSUED_BY
world:stock:DVA,world:company:DVA,formal_issuer_listing_split,step_a_company_stock_split,ISSUED_BY
world:stock:ORCL,world:company:ORCL,formal_issuer_listing_split,step_a_company_stock_split,ISSUED_BY
world:stock:DVN,world:company:DVN,formal_issuer_listing_split,step_a_company_stock_split,ISSUED_BY
world:stock:NOC,world:company:NOC,formal_issuer_listing_split,step_a_company_stock_split,ISSUED_BY
world:stock:PFLC,world:company:PFLC,formal_issuer_listing_split,step_a_company_stock_split,ISSUED_BY
world:stock:MVO,world:company:MVO,formal_issuer_listing_split,step_a_company_stock_split,ISSUED_BY
world:stock:DX,world:company:DX,formal_issuer_listing_split,step_a_company_stock_split,ISSUED_BY
world:stock:DXC,world:company:DXC,formal_issuer_listing_split,step_a_company_stock_split,ISSUED_BY
world:stock:DXCM,world:company:DXCM,formal_issuer_listing_split,step_a_company_stock_split,ISSUED_BY
world:stock:DXY,world:company:DXY,formal_issuer_listing_split,step_a_company_stock_split,ISSUED_BY
world:stock:DXYZ,world:company:DXYZ,formal_issuer_listing_split,step_a_company_stock_split,ISSUED_BY
world:stock:EA,world:company:EA,formal_issuer_listing_split,step_a_company_stock_split,ISSUED_BY
world:stock:DYN,world:company:DYN,formal_issuer_listing_split,step_a_company_stock_split,ISSUED_BY
world:stock:EAT,world:company:EAT,formal_issuer_listing_split,step_a_company_stock_split,ISSUED_BY
world:stock:OMCL,world:company:OMCL,formal_issuer_listing_split,step_a_company_stock_split,ISSUED_BY
world:stock:EBAY,world:company:EBAY,formal_issuer_listing_split,step_a_company_stock_split,ISSUED_BY
world:stock:ECL,world:company:ECL,formal_issuer_listing_split,step_a_company_stock_split,ISSUED_BY
world:stock:PCAR,world:company:PCAR,formal_issuer_listing_split,step_a_company_stock_split,ISSUED_BY
world:stock:ECPG,world:company:ECPG,formal_issuer_listing_split,step_a_company_stock_split,ISSUED_BY
world:stock:ECVT,world:company:ECVT,formal_issuer_listing_split,step_a_company_stock_split,ISSUED_BY
world:stock:ED,world:company:ED,formal_issuer_listing_split,step_a_company_stock_split,ISSUED_BY
world:stock:EDIT,world:company:EDIT,formal_issuer_listing_split,step_a_company_stock_split,ISSUED_BY
world:stock:EE,world:company:EE,formal_issuer_listing_split,step_a_company_stock_split,ISSUED_BY
world:stock:EFC,world:company:EFC,formal_issuer_listing_split,step_a_company_stock_split,ISSUED_BY
world:stock:EFX,world:company:EFX,formal_issuer_listing_split,step_a_company_stock_split,ISSUED_BY
world:stock:EG,world:company:EG,formal_issuer_listing_split,step_a_company_stock_split,ISSUED_BY
world:stock:EH,world:company:EH,formal_issuer_listing_split,step_a_company_stock_split,ISSUED_BY
world:stock:EIG,world:company:EIG,formal_issuer_listing_split,step_a_company_stock_split,ISSUED_BY
world:stock:EIX,world:company:EIX,formal_issuer_listing_split,step_a_company_stock_split,ISSUED_BY
world:stock:EL,world:company:EL,formal_issuer_listing_split,step_a_company_stock_split,ISSUED_BY
world:stock:ELMD,world:company:ELMD,formal_issuer_listing_split,step_a_company_stock_split,ISSUED_BY
world:stock:ELME,world:company:ELME,formal_issuer_listing_split,step_a_company_stock_split,ISSUED_BY
world:stock:ELV,world:company:ELV,formal_issuer_listing_split,step_a_company_stock_split,ISSUED_BY
world:stock:ELVN,world:company:ELVN,formal_issuer_listing_split,step_a_company_stock_split,ISSUED_BY
world:stock:EMBC,world:company:EMBC,formal_issuer_listing_split,step_a_company_stock_split,ISSUED_BY
world:stock:EME,world:company:EME,formal_issuer_listing_split,step_a_company_stock_split,ISSUED_BY
world:stock:EMPD,world:company:EMPD,formal_issuer_listing_split,step_a_company_stock_split,ISSUED_BY
world:stock:EMR,world:company:EMR,formal_issuer_listing_split,step_a_company_stock_split,ISSUED_BY
world:stock:EMXC,world:company:EMXC,formal_issuer_listing_split,step_a_company_stock_split,ISSUED_BY
world:stock:ENOV,world:company:ENOV,formal_issuer_listing_split,step_a_company_stock_split,ISSUED_BY
world:stock:ENPH,world:company:ENPH,formal_issuer_listing_split,step_a_company_stock_split,ISSUED_BY
world:stock:ENVB,world:company:ENVB,formal_issuer_listing_split,step_a_company_stock_split,ISSUED_BY
world:stock:ENVX,world:company:ENVX,formal_issuer_listing_split,step_a_company_stock_split,ISSUED_BY
world:stock:EOD,world:company:EOD,formal_issuer_listing_split,step_a_company_stock_split,ISSUED_BY
world:stock:EOG,world:company:EOG,formal_issuer_listing_split,step_a_company_stock_split,ISSUED_BY
world:stock:EPAM,world:company:EPAM,formal_issuer_listing_split,step_a_company_stock_split,ISSUED_BY
world:stock:MYRG,world:company:MYRG,formal_issuer_listing_split,step_a_company_stock_split,ISSUED_BY
world:stock:EPC,world:company:EPC,formal_issuer_listing_split,step_a_company_stock_split,ISSUED_BY
world:stock:EPD,world:company:EPD,formal_issuer_listing_split,step_a_company_stock_split,ISSUED_BY
world:stock:EQT,world:company:EQT,formal_issuer_listing_split,step_a_company_stock_split,ISSUED_BY
world:stock:EQIX,world:company:EQIX,formal_issuer_listing_split,step_a_company_stock_split,ISSUED_BY
world:stock:EQR,world:company:EQR,formal_issuer_listing_split,step_a_company_stock_split,ISSUED_BY
world:stock:ERIE,world:company:ERIE,formal_issuer_listing_split,step_a_company_stock_split,ISSUED_BY
world:stock:OTF,world:company:OTF,formal_issuer_listing_split,step_a_company_stock_split,ISSUED_BY
world:stock:ES,world:company:ES,formal_issuer_listing_split,step_a_company_stock_split,ISSUED_BY
world:stock:ESCA,world:company:ESCA,formal_issuer_listing_split,step_a_company_stock_split,ISSUED_BY
world:stock:NUE,world:company:NUE,formal_issuer_listing_split,step_a_company_stock_split,ISSUED_BY
world:stock:NLOP,world:company:NLOP,formal_issuer_listing_split,step_a_company_stock_split,ISSUED_BY
world:stock:ESI,world:company:ESI,formal_issuer_listing_split,step_a_company_stock_split,ISSUED_BY
world:stock:ESLT,world:company:ESLT,formal_issuer_listing_split,step_a_company_stock_split,ISSUED_BY
world:stock:ESOA,world:company:ESOA,formal_issuer_listing_split,step_a_company_stock_split,ISSUED_BY
world:stock:ESS,world:company:ESS,formal_issuer_listing_split,step_a_company_stock_split,ISSUED_BY
world:stock:NATO,world:company:NATO,formal_issuer_listing_split,step_a_company_stock_split,ISSUED_BY
world:stock:ETN,world:company:ETN,formal_issuer_listing_split,step_a_company_stock_split,ISSUED_BY
world:stock:ETR,world:company:ETR,formal_issuer_listing_split,step_a_company_stock_split,ISSUED_BY
world:stock:EVC,world:company:EVC,formal_issuer_listing_split,step_a_company_stock_split,ISSUED_BY
world:stock:EVO,world:company:EVO,formal_issuer_listing_split,step_a_company_stock_split,ISSUED_BY
world:stock:EVRG,world:company:EVRG,formal_issuer_listing_split,step_a_company_stock_split,ISSUED_BY
world:stock:EVTL,world:company:EVTL,formal_issuer_listing_split,step_a_company_stock_split,ISSUED_BY
world:stock:EW,world:company:EW,formal_issuer_listing_split,step_a_company_stock_split,ISSUED_BY
world:stock:EXC,world:company:EXC,formal_issuer_listing_split,step_a_company_stock_split,ISSUED_BY
world:stock:EXE,world:company:EXE,formal_issuer_listing_split,step_a_company_stock_split,ISSUED_BY
world:stock:EXPD,world:company:EXPD,formal_issuer_listing_split,step_a_company_stock_split,ISSUED_BY
world:stock:EXPE,world:company:EXPE,formal_issuer_listing_split,step_a_company_stock_split,ISSUED_BY
world:stock:EXR,world:company:EXR,formal_issuer_listing_split,step_a_company_stock_split,ISSUED_BY
world:stock:EYE,world:company:EYE,formal_issuer_listing_split,step_a_company_stock_split,ISSUED_BY
world:stock:PLOW,world:company:PLOW,formal_issuer_listing_split,step_a_company_stock_split,ISSUED_BY
world:stock:EYPT,world:company:EYPT,formal_issuer_listing_split,step_a_company_stock_split,ISSUED_BY
world:stock:EZPW,world:company:EZPW,formal_issuer_listing_split,step_a_company_stock_split,ISSUED_BY
world:stock:F,world:company:F,formal_issuer_listing_split,step_a_company_stock_split,ISSUED_BY
world:stock:FANG,world:company:FANG,formal_issuer_listing_split,step_a_company_stock_split,ISSUED_BY
world:stock:FAST,world:company:FAST,formal_issuer_listing_split,step_a_company_stock_split,ISSUED_BY
world:stock:FBLA,world:company:FBLA,formal_issuer_listing_split,step_a_company_stock_split,ISSUED_BY
world:stock:FBTC,world:company:FBTC,formal_issuer_listing_split,step_a_company_stock_split,ISSUED_BY
world:stock:FC,world:company:FC,formal_issuer_listing_split,step_a_company_stock_split,ISSUED_BY
world:stock:FCCO,world:company:FCCO,formal_issuer_listing_split,step_a_company_stock_split,ISSUED_BY
world:stock:FCF,world:company:FCF,formal_issuer_listing_split,step_a_company_stock_split,ISSUED_BY
world:stock:FCFS,world:company:FCFS,formal_issuer_listing_split,step_a_company_stock_split,ISSUED_BY
world:stock:FCX,world:company:FCX,formal_issuer_listing_split,step_a_company_stock_split,ISSUED_BY
world:stock:FDS,world:company:FDS,formal_issuer_listing_split,step_a_company_stock_split,ISSUED_BY
world:stock:FDX,world:company:FDX,formal_issuer_listing_split,step_a_company_stock_split,ISSUED_BY
world:stock:FE,world:company:FE,formal_issuer_listing_split,step_a_company_stock_split,ISSUED_BY
world:stock:FF,world:company:FF,formal_issuer_listing_split,step_a_company_stock_split,ISSUED_BY
world:stock:FFIV,world:company:FFIV,formal_issuer_listing_split,step_a_company_stock_split,ISSUED_BY
world:stock:FICO,world:company:FICO,formal_issuer_listing_split,step_a_company_stock_split,ISSUED_BY
world:stock:FIGS,world:company:FIGS,formal_issuer_listing_split,step_a_company_stock_split,ISSUED_BY
world:stock:FIS,world:company:FIS,formal_issuer_listing_split,step_a_company_stock_split,ISSUED_BY
world:stock:FISV,world:company:FISV,formal_issuer_listing_split,step_a_company_stock_split,ISSUED_BY
world:stock:FITB,world:company:FITB,formal_issuer_listing_split,step_a_company_stock_split,ISSUED_BY
world:stock:FIVN,world:company:FIVN,formal_issuer_listing_split,step_a_company_stock_split,ISSUED_BY
world:stock:FIX,world:company:FIX,formal_issuer_listing_split,step_a_company_stock_split,ISSUED_BY
world:stock:FJET,world:company:FJET,formal_issuer_listing_split,step_a_company_stock_split,ISSUED_BY
world:stock:FLNC,world:company:FLNC,formal_issuer_listing_split,step_a_company_stock_split,ISSUED_BY
world:stock:FLNT,world:company:FLNT,formal_issuer_listing_split,step_a_company_stock_split,ISSUED_BY
world:stock:FLO,world:company:FLO,formal_issuer_listing_split,step_a_company_stock_split,ISSUED_BY
world:stock:FLOC,world:company:FLOC,formal_issuer_listing_split,step_a_company_stock_split,ISSUED_BY
world:stock:FLWS,world:company:FLWS,formal_issuer_listing_split,step_a_company_stock_split,ISSUED_BY
world:stock:FLX,world:company:FLX,formal_issuer_listing_split,step_a_company_stock_split,ISSUED_BY
world:stock:FLYW,world:company:FLYW,formal_issuer_listing_split,step_a_company_stock_split,ISSUED_BY
world:stock:FMC,world:company:FMC,formal_issuer_listing_split,step_a_company_stock_split,ISSUED_BY
world:stock:FNDF,world:company:FNDF,formal_issuer_listing_split,step_a_company_stock_split,ISSUED_BY
world:stock:FNKO,world:company:FNKO,formal_issuer_listing_split,step_a_company_stock_split,ISSUED_BY
world:stock:FNWD,world:company:FNWD,formal_issuer_listing_split,step_a_company_stock_split,ISSUED_BY
world:stock:FORM,world:company:FORM,formal_issuer_listing_split,step_a_company_stock_split,ISSUED_BY
world:stock:NAMM,world:company:NAMM,formal_issuer_listing_split,step_a_company_stock_split,ISSUED_BY
world:stock:FOX,world:company:FOX,formal_issuer_listing_split,step_a_company_stock_split,ISSUED_BY
world:stock:FOXA,world:company:FOXA,formal_issuer_listing_split,step_a_company_stock_split,ISSUED_BY
world:stock:FPDS,world:company:FPDS,formal_issuer_listing_split,step_a_company_stock_split,ISSUED_BY
world:stock:FRD,world:company:FRD,formal_issuer_listing_split,step_a_company_stock_split,ISSUED_BY
world:stock:PCVX,world:company:PCVX,formal_issuer_listing_split,step_a_company_stock_split,ISSUED_BY
world:stock:FRT,world:company:FRT,formal_issuer_listing_split,step_a_company_stock_split,ISSUED_BY
world:stock:FSLR,world:company:FSLR,formal_issuer_listing_split,step_a_company_stock_split,ISSUED_BY
world:stock:FSLY,world:company:FSLY,formal_issuer_listing_split,step_a_company_stock_split,ISSUED_BY
world:stock:FSUN,world:company:FSUN,formal_issuer_listing_split,step_a_company_stock_split,ISSUED_BY
world:stock:FTAI,world:company:FTAI,formal_issuer_listing_split,step_a_company_stock_split,ISSUED_BY
world:stock:FTNT,world:company:FTNT,formal_issuer_listing_split,step_a_company_stock_split,ISSUED_BY
world:stock:FTV,world:company:FTV,formal_issuer_listing_split,step_a_company_stock_split,ISSUED_BY
world:stock:FUBO,world:company:FUBO,formal_issuer_listing_split,step_a_company_stock_split,ISSUED_BY
world:stock:FUN,world:company:FUN,formal_issuer_listing_split,step_a_company_stock_split,ISSUED_BY
world:stock:FVCB,world:company:FVCB,formal_issuer_listing_split,step_a_company_stock_split,ISSUED_BY
world:stock:GAIA,world:company:GAIA,formal_issuer_listing_split,step_a_company_stock_split,ISSUED_BY
world:stock:GAIN,world:company:GAIN,formal_issuer_listing_split,step_a_company_stock_split,ISSUED_BY
world:stock:GALT,world:company:GALT,formal_issuer_listing_split,step_a_company_stock_split,ISSUED_BY
world:stock:GBLI,world:company:GBLI,formal_issuer_listing_split,step_a_company_stock_split,ISSUED_BY
world:stock:GBX,world:company:GBX,formal_issuer_listing_split,step_a_company_stock_split,ISSUED_BY
world:stock:GCMG,world:company:GCMG,formal_issuer_listing_split,step_a_company_stock_split,ISSUED_BY
world:stock:GD,world:company:GD,formal_issuer_listing_split,step_a_company_stock_split,ISSUED_BY
world:stock:GDDY,world:company:GDDY,formal_issuer_listing_split,step_a_company_stock_split,ISSUED_BY
world:stock:GDP,world:company:GDP,formal_issuer_listing_split,step_a_company_stock_split,ISSUED_BY
world:stock:GE,world:company:GE,formal_issuer_listing_split,step_a_company_stock_split,ISSUED_BY
world:stock:GEHC,world:company:GEHC,formal_issuer_listing_split,step_a_company_stock_split,ISSUED_BY
world:stock:GEL,world:company:GEL,formal_issuer_listing_split,step_a_company_stock_split,ISSUED_BY
world:stock:GEN,world:company:GEN,formal_issuer_listing_split,step_a_company_stock_split,ISSUED_BY
world:stock:GEV,world:company:GEV,formal_issuer_listing_split,step_a_company_stock_split,ISSUED_BY
world:stock:GFS,world:company:GFS,formal_issuer_listing_split,step_a_company_stock_split,ISSUED_BY
world:stock:GILD,world:company:GILD,formal_issuer_listing_split,step_a_company_stock_split,ISSUED_BY
world:stock:GGR,world:company:GGR,formal_issuer_listing_split,step_a_company_stock_split,ISSUED_BY
world:stock:GHRS,world:company:GHRS,formal_issuer_listing_split,step_a_company_stock_split,ISSUED_BY
world:stock:PSA,world:company:PSA,formal_issuer_listing_split,step_a_company_stock_split,ISSUED_BY
world:stock:GIS,world:company:GIS,formal_issuer_listing_split,step_a_company_stock_split,ISSUED_BY
world:stock:GL,world:company:GL,formal_issuer_listing_split,step_a_company_stock_split,ISSUED_BY
world:stock:GLD,world:company:GLD,formal_issuer_listing_split,step_a_company_stock_split,ISSUED_BY
world:stock:GLDD,world:company:GLDD,formal_issuer_listing_split,step_a_company_stock_split,ISSUED_BY
world:stock:GLND,world:company:GLND,formal_issuer_listing_split,step_a_company_stock_split,ISSUED_BY
world:stock:GLOB,world:company:GLOB,formal_issuer_listing_split,step_a_company_stock_split,ISSUED_BY
world:stock:GLW,world:company:GLW,formal_issuer_listing_split,step_a_company_stock_split,ISSUED_BY
world:stock:GM,world:company:GM,formal_issuer_listing_split,step_a_company_stock_split,ISSUED_BY
world:stock:GNE,world:company:GNE,formal_issuer_listing_split,step_a_company_stock_split,ISSUED_BY
world:stock:GNL,world:company:GNL,formal_issuer_listing_split,step_a_company_stock_split,ISSUED_BY
world:stock:GNRC,world:company:GNRC,formal_issuer_listing_split,step_a_company_stock_split,ISSUED_BY
world:stock:GO,world:company:GO,formal_issuer_listing_split,step_a_company_stock_split,ISSUED_BY
world:stock:GOGO,world:company:GOGO,formal_issuer_listing_split,step_a_company_stock_split,ISSUED_BY
world:stock:GOLD,world:company:GOLD,formal_issuer_listing_split,step_a_company_stock_split,ISSUED_BY
world:stock:GOOG,world:company:GOOG,formal_issuer_listing_split,step_a_company_stock_split,ISSUED_BY
world:stock:GOOGL,world:company:GOOGL,formal_issuer_listing_split,step_a_company_stock_split,ISSUED_BY
world:stock:NXPI,world:company:NXPI,formal_issuer_listing_split,step_a_company_stock_split,ISSUED_BY
world:stock:GPC,world:company:GPC,formal_issuer_listing_split,step_a_company_stock_split,ISSUED_BY
world:stock:GPN,world:company:GPN,formal_issuer_listing_split,step_a_company_stock_split,ISSUED_BY
world:stock:GPRE,world:company:GPRE,formal_issuer_listing_split,step_a_company_stock_split,ISSUED_BY
world:stock:GPRK,world:company:GPRK,formal_issuer_listing_split,step_a_company_stock_split,ISSUED_BY
world:stock:GRAL,world:company:GRAL,formal_issuer_listing_split,step_a_company_stock_split,ISSUED_BY
world:stock:PSH.L,world:company:PSH.L,formal_issuer_listing_split,step_a_company_stock_split,ISSUED_BY
world:stock:GRC,world:company:GRC,formal_issuer_listing_split,step_a_company_stock_split,ISSUED_BY
world:stock:GRDN,world:company:GRDN,formal_issuer_listing_split,step_a_company_stock_split,ISSUED_BY
world:stock:GRMN,world:company:GRMN,formal_issuer_listing_split,step_a_company_stock_split,ISSUED_BY
world:stock:GRO,world:company:GRO,formal_issuer_listing_split,step_a_company_stock_split,ISSUED_BY
world:stock:GROV,world:company:GROV,formal_issuer_listing_split,step_a_company_stock_split,ISSUED_BY
world:stock:GROY,world:company:GROY,formal_issuer_listing_split,step_a_company_stock_split,ISSUED_BY
world:stock:GRPN,world:company:GRPN,formal_issuer_listing_split,step_a_company_stock_split,ISSUED_BY
world:stock:GS,world:company:GS,formal_issuer_listing_split,step_a_company_stock_split,ISSUED_BY
world:stock:GSBD,world:company:GSBD,formal_issuer_listing_split,step_a_company_stock_split,ISSUED_BY
world:stock:GSIT,world:company:GSIT,formal_issuer_listing_split,step_a_company_stock_split,ISSUED_BY
world:stock:GSL,world:company:GSL,formal_issuer_listing_split,step_a_company_stock_split,ISSUED_BY
world:stock:GSRVU,world:company:GSRVU,formal_issuer_listing_split,step_a_company_stock_split,ISSUED_BY
world:stock:GT,world:company:GT,formal_issuer_listing_split,step_a_company_stock_split,ISSUED_BY
world:stock:OKLO,world:company:OKLO,formal_issuer_listing_split,step_a_company_stock_split,ISSUED_BY
world:stock:GTLS,world:company:GTLS,formal_issuer_listing_split,step_a_company_stock_split,ISSUED_BY
world:stock:GUT,world:company:GUT,formal_issuer_listing_split,step_a_company_stock_split,ISSUED_BY
world:stock:GWRS,world:company:GWRS,formal_issuer_listing_split,step_a_company_stock_split,ISSUED_BY
world:stock:NWSA,world:company:NWSA,formal_issuer_listing_split,step_a_company_stock_split,ISSUED_BY
world:stock:GXAI,world:company:GXAI,formal_issuer_listing_split,step_a_company_stock_split,ISSUED_BY
world:stock:PFE,world:company:PFE,formal_issuer_listing_split,step_a_company_stock_split,ISSUED_BY
world:stock:HAS,world:company:HAS,formal_issuer_listing_split,step_a_company_stock_split,ISSUED_BY
world:stock:HBAN,world:company:HBAN,formal_issuer_listing_split,step_a_company_stock_split,ISSUED_BY
world:stock:HCA,world:company:HCA,formal_issuer_listing_split,step_a_company_stock_split,ISSUED_BY
world:stock:HCI,world:company:HCI,formal_issuer_listing_split,step_a_company_stock_split,ISSUED_BY
world:stock:HD,world:company:HD,formal_issuer_listing_split,step_a_company_stock_split,ISSUED_BY
world:stock:HDSN,world:company:HDSN,formal_issuer_listing_split,step_a_company_stock_split,ISSUED_BY
world:stock:HELE,world:company:HELE,formal_issuer_listing_split,step_a_company_stock_split,ISSUED_BY
world:stock:HELP,world:company:HELP,formal_issuer_listing_split,step_a_company_stock_split,ISSUED_BY
world:stock:HIG,world:company:HIG,formal_issuer_listing_split,step_a_company_stock_split,ISSUED_BY
world:stock:HII,world:company:HII,formal_issuer_listing_split,step_a_company_stock_split,ISSUED_BY
world:stock:HIMS,world:company:HIMS,formal_issuer_listing_split,step_a_company_stock_split,ISSUED_BY
world:stock:HLF,world:company:HLF,formal_issuer_listing_split,step_a_company_stock_split,ISSUED_BY
world:stock:HLT,world:company:HLT,formal_issuer_listing_split,step_a_company_stock_split,ISSUED_BY
world:stock:HLX,world:company:HLX,formal_issuer_listing_split,step_a_company_stock_split,ISSUED_BY
world:stock:HMN,world:company:HMN,formal_issuer_listing_split,step_a_company_stock_split,ISSUED_BY
world:stock:HNRG,world:company:HNRG,formal_issuer_listing_split,step_a_company_stock_split,ISSUED_BY
world:stock:HON,world:company:HON,formal_issuer_listing_split,step_a_company_stock_split,ISSUED_BY
world:stock:HOOD,world:company:HOOD,formal_issuer_listing_split,step_a_company_stock_split,ISSUED_BY
world:stock:HOV,world:company:HOV,formal_issuer_listing_split,step_a_company_stock_split,ISSUED_BY
world:stock:HOVR,world:company:HOVR,formal_issuer_listing_split,step_a_company_stock_split,ISSUED_BY
world:stock:HPE,world:company:HPE,formal_issuer_listing_split,step_a_company_stock_split,ISSUED_BY
world:stock:HPQ,world:company:HPQ,formal_issuer_listing_split,step_a_company_stock_split,ISSUED_BY
world:stock:HRB,world:company:HRB,formal_issuer_listing_split,step_a_company_stock_split,ISSUED_BY
world:stock:HRL,world:company:HRL,formal_issuer_listing_split,step_a_company_stock_split,ISSUED_BY
world:stock:HRMY,world:company:HRMY,formal_issuer_listing_split,step_a_company_stock_split,ISSUED_BY
world:stock:HRZN,world:company:HRZN,formal_issuer_listing_split,step_a_company_stock_split,ISSUED_BY
world:stock:HSHP,world:company:HSHP,formal_issuer_listing_split,step_a_company_stock_split,ISSUED_BY
world:stock:HSIC,world:company:HSIC,formal_issuer_listing_split,step_a_company_stock_split,ISSUED_BY
world:stock:HST,world:company:HST,formal_issuer_listing_split,step_a_company_stock_split,ISSUED_BY
world:stock:HSY,world:company:HSY,formal_issuer_listing_split,step_a_company_stock_split,ISSUED_BY
world:stock:HTO,world:company:HTO,formal_issuer_listing_split,step_a_company_stock_split,ISSUED_BY
world:stock:HUBB,world:company:HUBB,formal_issuer_listing_split,step_a_company_stock_split,ISSUED_BY
world:stock:HUM,world:company:HUM,formal_issuer_listing_split,step_a_company_stock_split,ISSUED_BY
world:stock:HUT,world:company:HUT,formal_issuer_listing_split,step_a_company_stock_split,ISSUED_BY
world:stock:HWM,world:company:HWM,formal_issuer_listing_split,step_a_company_stock_split,ISSUED_BY
world:stock:IAU,world:company:IAU,formal_issuer_listing_split,step_a_company_stock_split,ISSUED_BY
world:stock:IAUX,world:company:IAUX,formal_issuer_listing_split,step_a_company_stock_split,ISSUED_BY
world:stock:IBKR,world:company:IBKR,formal_issuer_listing_split,step_a_company_stock_split,ISSUED_BY
world:stock:IBM,world:company:IBM,formal_issuer_listing_split,step_a_company_stock_split,ISSUED_BY
world:stock:IDN,world:company:IDN,formal_issuer_listing_split,step_a_company_stock_split,ISSUED_BY
world:stock:IDXX,world:company:IDXX,formal_issuer_listing_split,step_a_company_stock_split,ISSUED_BY
world:stock:IDYA,world:company:IDYA,formal_issuer_listing_split,step_a_company_stock_split,ISSUED_BY
world:stock:IEFA,world:company:IEFA,formal_issuer_listing_split,step_a_company_stock_split,ISSUED_BY
world:stock:IEMG,world:company:IEMG,formal_issuer_listing_split,step_a_company_stock_split,ISSUED_BY
world:stock:IEX,world:company:IEX,formal_issuer_listing_split,step_a_company_stock_split,ISSUED_BY
world:stock:IFF,world:company:IFF,formal_issuer_listing_split,step_a_company_stock_split,ISSUED_BY
world:stock:IHRT,world:company:IHRT,formal_issuer_listing_split,step_a_company_stock_split,ISSUED_BY
world:stock:IIPR,world:company:IIPR,formal_issuer_listing_split,step_a_company_stock_split,ISSUED_BY
world:stock:ILMN,world:company:ILMN,formal_issuer_listing_split,step_a_company_stock_split,ISSUED_BY
world:stock:IMKTA,world:company:IMKTA,formal_issuer_listing_split,step_a_company_stock_split,ISSUED_BY
world:stock:INBK,world:company:INBK,formal_issuer_listing_split,step_a_company_stock_split,ISSUED_BY
world:stock:INBX,world:company:INBX,formal_issuer_listing_split,step_a_company_stock_split,ISSUED_BY
world:stock:INCY,world:company:INCY,formal_issuer_listing_split,step_a_company_stock_split,ISSUED_BY
world:stock:INGM,world:company:INGM,formal_issuer_listing_split,step_a_company_stock_split,ISSUED_BY
world:stock:INNV,world:company:INNV,formal_issuer_listing_split,step_a_company_stock_split,ISSUED_BY
world:stock:INOD,world:company:INOD,formal_issuer_listing_split,step_a_company_stock_split,ISSUED_BY
world:stock:INR,world:company:INR,formal_issuer_listing_split,step_a_company_stock_split,ISSUED_BY
world:stock:INSM,world:company:INSM,formal_issuer_listing_split,step_a_company_stock_split,ISSUED_BY
world:stock:INTC,world:company:INTC,formal_issuer_listing_split,step_a_company_stock_split,ISSUED_BY
world:stock:INTT,world:company:INTT,formal_issuer_listing_split,step_a_company_stock_split,ISSUED_BY
world:stock:INTU,world:company:INTU,formal_issuer_listing_split,step_a_company_stock_split,ISSUED_BY
world:stock:INVA,world:company:INVA,formal_issuer_listing_split,step_a_company_stock_split,ISSUED_BY
world:stock:INVE,world:company:INVE,formal_issuer_listing_split,step_a_company_stock_split,ISSUED_BY
world:stock:Q,world:company:Q,formal_issuer_listing_split,step_a_company_stock_split,ISSUED_BY
world:stock:PWR,world:company:PWR,formal_issuer_listing_split,step_a_company_stock_split,ISSUED_BY
world:stock:INVH,world:company:INVH,formal_issuer_listing_split,step_a_company_stock_split,ISSUED_BY
world:stock:INVX,world:company:INVX,formal_issuer_listing_split,step_a_company_stock_split,ISSUED_BY
world:stock:IONQ,world:company:IONQ,formal_issuer_listing_split,step_a_company_stock_split,ISSUED_BY
world:stock:IOSP,world:company:IOSP,formal_issuer_listing_split,step_a_company_stock_split,ISSUED_BY
world:stock:NDAQ,world:company:NDAQ,formal_issuer_listing_split,step_a_company_stock_split,ISSUED_BY
world:stock:IP,world:company:IP,formal_issuer_listing_split,step_a_company_stock_split,ISSUED_BY
world:stock:IPI,world:company:IPI,formal_issuer_listing_split,step_a_company_stock_split,ISSUED_BY
world:stock:IPX,world:company:IPX,formal_issuer_listing_split,step_a_company_stock_split,ISSUED_BY
world:stock:IQV,world:company:IQV,formal_issuer_listing_split,step_a_company_stock_split,ISSUED_BY
world:stock:IR,world:company:IR,formal_issuer_listing_split,step_a_company_stock_split,ISSUED_BY
world:stock:IRD,world:company:IRD,formal_issuer_listing_split,step_a_company_stock_split,ISSUED_BY
world:stock:IRM,world:company:IRM,formal_issuer_listing_split,step_a_company_stock_split,ISSUED_BY
world:stock:IRON,world:company:IRON,formal_issuer_listing_split,step_a_company_stock_split,ISSUED_BY
world:stock:IRS,world:company:IRS,formal_issuer_listing_split,step_a_company_stock_split,ISSUED_BY
world:stock:IRWD,world:company:IRWD,formal_issuer_listing_split,step_a_company_stock_split,ISSUED_BY
world:stock:ISRG,world:company:ISRG,formal_issuer_listing_split,step_a_company_stock_split,ISSUED_BY
world:stock:ISSC,world:company:ISSC,formal_issuer_listing_split,step_a_company_stock_split,ISSUED_BY
world:stock:ISTR,world:company:ISTR,formal_issuer_listing_split,step_a_company_stock_split,ISSUED_BY
world:stock:ITT,world:company:ITT,formal_issuer_listing_split,step_a_company_stock_split,ISSUED_BY
world:stock:IT,world:company:IT,formal_issuer_listing_split,step_a_company_stock_split,ISSUED_BY
world:stock:NEO,world:company:NEO,formal_issuer_listing_split,step_a_company_stock_split,ISSUED_BY
world:stock:ITW,world:company:ITW,formal_issuer_listing_split,step_a_company_stock_split,ISSUED_BY
world:stock:IVR,world:company:IVR,formal_issuer_listing_split,step_a_company_stock_split,ISSUED_BY
world:stock:IVZ,world:company:IVZ,formal_issuer_listing_split,step_a_company_stock_split,ISSUED_BY
world:stock:IVV,world:company:IVV,formal_issuer_listing_split,step_a_company_stock_split,ISSUED_BY
world:stock:NRXP,world:company:NRXP,formal_issuer_listing_split,step_a_company_stock_split,ISSUED_BY
world:stock:IWD,world:company:IWD,formal_issuer_listing_split,step_a_company_stock_split,ISSUED_BY
world:stock:IWF,world:company:IWF,formal_issuer_listing_split,step_a_company_stock_split,ISSUED_BY
world:stock:IWR,world:company:IWR,formal_issuer_listing_split,step_a_company_stock_split,ISSUED_BY
world:stock:IXHL,world:company:IXHL,formal_issuer_listing_split,step_a_company_stock_split,ISSUED_BY
world:stock:IXUS,world:company:IXUS,formal_issuer_listing_split,step_a_company_stock_split,ISSUED_BY
world:stock:J,world:company:J,formal_issuer_listing_split,step_a_company_stock_split,ISSUED_BY
world:stock:JACK,world:company:JACK,formal_issuer_listing_split,step_a_company_stock_split,ISSUED_BY
world:stock:JAKK,world:company:JAKK,formal_issuer_listing_split,step_a_company_stock_split,ISSUED_BY
world:stock:JANX,world:company:JANX,formal_issuer_listing_split,step_a_company_stock_split,ISSUED_BY
world:stock:JBHT,world:company:JBHT,formal_issuer_listing_split,step_a_company_stock_split,ISSUED_BY
world:stock:JBL,world:company:JBL,formal_issuer_listing_split,step_a_company_stock_split,ISSUED_BY
world:stock:JBLU,world:company:JBLU,formal_issuer_listing_split,step_a_company_stock_split,ISSUED_BY
world:stock:JCAP,world:company:JCAP,formal_issuer_listing_split,step_a_company_stock_split,ISSUED_BY
world:stock:JCI,world:company:JCI,formal_issuer_listing_split,step_a_company_stock_split,ISSUED_BY
world:stock:JELD,world:company:JELD,formal_issuer_listing_split,step_a_company_stock_split,ISSUED_BY
world:stock:JJSF,world:company:JJSF,formal_issuer_listing_split,step_a_company_stock_split,ISSUED_BY
world:stock:JKHY,world:company:JKHY,formal_issuer_listing_split,step_a_company_stock_split,ISSUED_BY
world:stock:JNJ,world:company:JNJ,formal_issuer_listing_split,step_a_company_stock_split,ISSUED_BY
world:stock:JOBY,world:company:JOBY,formal_issuer_listing_split,step_a_company_stock_split,ISSUED_BY
world:stock:JPM,world:company:JPM,formal_issuer_listing_split,step_a_company_stock_split,ISSUED_BY
world:stock:KALV,world:company:KALV,formal_issuer_listing_split,step_a_company_stock_split,ISSUED_BY
world:stock:KBDC,world:company:KBDC,formal_issuer_listing_split,step_a_company_stock_split,ISSUED_BY
world:stock:KD,world:company:KD,formal_issuer_listing_split,step_a_company_stock_split,ISSUED_BY
world:stock:KDP,world:company:KDP,formal_issuer_listing_split,step_a_company_stock_split,ISSUED_BY
world:stock:KEY,world:company:KEY,formal_issuer_listing_split,step_a_company_stock_split,ISSUED_BY
world:stock:KEYS,world:company:KEYS,formal_issuer_listing_split,step_a_company_stock_split,ISSUED_BY
world:stock:KGEI,world:company:KGEI,formal_issuer_listing_split,step_a_company_stock_split,ISSUED_BY
world:stock:KHC,world:company:KHC,formal_issuer_listing_split,step_a_company_stock_split,ISSUED_BY
world:stock:KIM,world:company:KIM,formal_issuer_listing_split,step_a_company_stock_split,ISSUED_BY
world:stock:KKR,world:company:KKR,formal_issuer_listing_split,step_a_company_stock_split,ISSUED_BY
world:stock:KLAC,world:company:KLAC,formal_issuer_listing_split,step_a_company_stock_split,ISSUED_BY
world:stock:KMB,world:company:KMB,formal_issuer_listing_split,step_a_company_stock_split,ISSUED_BY
world:stock:KMI,world:company:KMI,formal_issuer_listing_split,step_a_company_stock_split,ISSUED_BY
world:stock:KMPR,world:company:KMPR,formal_issuer_listing_split,step_a_company_stock_split,ISSUED_BY
world:stock:KNTK,world:company:KNTK,formal_issuer_listing_split,step_a_company_stock_split,ISSUED_BY
world:stock:NVDA.NE,world:company:NVDA.NE,formal_issuer_listing_split,step_a_company_stock_split,ISSUED_BY
world:stock:KNX,world:company:KNX,formal_issuer_listing_split,step_a_company_stock_split,ISSUED_BY
world:stock:KO,world:company:KO,formal_issuer_listing_split,step_a_company_stock_split,ISSUED_BY
world:stock:KOD,world:company:KOD,formal_issuer_listing_split,step_a_company_stock_split,ISSUED_BY
world:stock:KOS,world:company:KOS,formal_issuer_listing_split,step_a_company_stock_split,ISSUED_BY
world:stock:KOSS,world:company:KOSS,formal_issuer_listing_split,step_a_company_stock_split,ISSUED_BY
world:stock:KRMD,world:company:KRMD,formal_issuer_listing_split,step_a_company_stock_split,ISSUED_BY
world:stock:NFP,world:company:NFP,formal_issuer_listing_split,step_a_company_stock_split,ISSUED_BY
world:stock:KROS,world:company:KROS,formal_issuer_listing_split,step_a_company_stock_split,ISSUED_BY
world:stock:KSCP,world:company:KSCP,formal_issuer_listing_split,step_a_company_stock_split,ISSUED_BY
world:stock:KSS,world:company:KSS,formal_issuer_listing_split,step_a_company_stock_split,ISSUED_BY
world:stock:KTOS,world:company:KTOS,formal_issuer_listing_split,step_a_company_stock_split,ISSUED_BY
world:stock:KTTA,world:company:KTTA,formal_issuer_listing_split,step_a_company_stock_split,ISSUED_BY
world:stock:KURA,world:company:KURA,formal_issuer_listing_split,step_a_company_stock_split,ISSUED_BY
world:stock:KVUE,world:company:KVUE,formal_issuer_listing_split,step_a_company_stock_split,ISSUED_BY
world:stock:KW,world:company:KW,formal_issuer_listing_split,step_a_company_stock_split,ISSUED_BY
world:stock:L,world:company:L,formal_issuer_listing_split,step_a_company_stock_split,ISSUED_BY
world:stock:LB,world:company:LB,formal_issuer_listing_split,step_a_company_stock_split,ISSUED_BY
world:stock:LBRDA,world:company:LBRDA,formal_issuer_listing_split,step_a_company_stock_split,ISSUED_BY
world:stock:LC,world:company:LC,formal_issuer_listing_split,step_a_company_stock_split,ISSUED_BY
world:stock:LDOS,world:company:LDOS,formal_issuer_listing_split,step_a_company_stock_split,ISSUED_BY
world:stock:LEG,world:company:LEG,formal_issuer_listing_split,step_a_company_stock_split,ISSUED_BY
world:stock:LEN,world:company:LEN,formal_issuer_listing_split,step_a_company_stock_split,ISSUED_BY
world:stock:LENZ,world:company:LENZ,formal_issuer_listing_split,step_a_company_stock_split,ISSUED_BY
world:stock:LFVN,world:company:LFVN,formal_issuer_listing_split,step_a_company_stock_split,ISSUED_BY
world:stock:LGIH,world:company:LGIH,formal_issuer_listing_split,step_a_company_stock_split,ISSUED_BY
world:stock:LH,world:company:LH,formal_issuer_listing_split,step_a_company_stock_split,ISSUED_BY
world:stock:LHX,world:company:LHX,formal_issuer_listing_split,step_a_company_stock_split,ISSUED_BY
world:stock:LIFE,world:company:LIFE,formal_issuer_listing_split,step_a_company_stock_split,ISSUED_BY
world:stock:LII,world:company:LII,formal_issuer_listing_split,step_a_company_stock_split,ISSUED_BY
world:stock:LILAK,world:company:LILAK,formal_issuer_listing_split,step_a_company_stock_split,ISSUED_BY
world:stock:LIN,world:company:LIN,formal_issuer_listing_split,step_a_company_stock_split,ISSUED_BY
world:stock:LITE,world:company:LITE,formal_issuer_listing_split,step_a_company_stock_split,ISSUED_BY
world:stock:LIVN,world:company:LIVN,formal_issuer_listing_split,step_a_company_stock_split,ISSUED_BY
world:stock:LKFT,world:company:LKFT,formal_issuer_listing_split,step_a_company_stock_split,ISSUED_BY
world:stock:LLY,world:company:LLY,formal_issuer_listing_split,step_a_company_stock_split,ISSUED_BY
world:stock:LLYVK,world:company:LLYVK,formal_issuer_listing_split,step_a_company_stock_split,ISSUED_BY
world:stock:LMT,world:company:LMT,formal_issuer_listing_split,step_a_company_stock_split,ISSUED_BY
world:stock:NDLS,world:company:NDLS,formal_issuer_listing_split,step_a_company_stock_split,ISSUED_BY
world:stock:LNG,world:company:LNG,formal_issuer_listing_split,step_a_company_stock_split,ISSUED_BY
world:stock:LNT,world:company:LNT,formal_issuer_listing_split,step_a_company_stock_split,ISSUED_BY
world:stock:LODE,world:company:LODE,formal_issuer_listing_split,step_a_company_stock_split,ISSUED_BY
world:stock:LOW,world:company:LOW,formal_issuer_listing_split,step_a_company_stock_split,ISSUED_BY
world:stock:LPG,world:company:LPG,formal_issuer_listing_split,step_a_company_stock_split,ISSUED_BY
world:stock:LRCX,world:company:LRCX,formal_issuer_listing_split,step_a_company_stock_split,ISSUED_BY
world:stock:LSCC,world:company:LSCC,formal_issuer_listing_split,step_a_company_stock_split,ISSUED_BY
world:stock:LTC,world:company:LTC,formal_issuer_listing_split,step_a_company_stock_split,ISSUED_BY
world:stock:LTRX,world:company:LTRX,formal_issuer_listing_split,step_a_company_stock_split,ISSUED_BY
world:stock:LULU,world:company:LULU,formal_issuer_listing_split,step_a_company_stock_split,ISSUED_BY
world:stock:LUV,world:company:LUV,formal_issuer_listing_split,step_a_company_stock_split,ISSUED_BY
world:stock:LVLT,world:company:LVLT,formal_issuer_listing_split,step_a_company_stock_split,ISSUED_BY
world:stock:LVS,world:company:LVS,formal_issuer_listing_split,step_a_company_stock_split,ISSUED_BY
world:stock:LWLG,world:company:LWLG,formal_issuer_listing_split,step_a_company_stock_split,ISSUED_BY
world:stock:LX,world:company:LX,formal_issuer_listing_split,step_a_company_stock_split,ISSUED_BY
world:stock:LXU,world:company:LXU,formal_issuer_listing_split,step_a_company_stock_split,ISSUED_BY
world:stock:LYB,world:company:LYB,formal_issuer_listing_split,step_a_company_stock_split,ISSUED_BY
world:stock:LYV,world:company:LYV,formal_issuer_listing_split,step_a_company_stock_split,ISSUED_BY
world:stock:MA,world:company:MA,formal_issuer_listing_split,step_a_company_stock_split,ISSUED_BY
world:stock:MAA,world:company:MAA,formal_issuer_listing_split,step_a_company_stock_split,ISSUED_BY
world:stock:MAC,world:company:MAC,formal_issuer_listing_split,step_a_company_stock_split,ISSUED_BY
world:stock:MAR,world:company:MAR,formal_issuer_listing_split,step_a_company_stock_split,ISSUED_BY
world:stock:MAS,world:company:MAS,formal_issuer_listing_split,step_a_company_stock_split,ISSUED_BY
world:stock:MASI,world:company:MASI,formal_issuer_listing_split,step_a_company_stock_split,ISSUED_BY
world:stock:MASS,world:company:MASS,formal_issuer_listing_split,step_a_company_stock_split,ISSUED_BY
world:stock:MAT,world:company:MAT,formal_issuer_listing_split,step_a_company_stock_split,ISSUED_BY
world:stock:MC,world:company:MC,formal_issuer_listing_split,step_a_company_stock_split,ISSUED_BY
world:stock:MCD,world:company:MCD,formal_issuer_listing_split,step_a_company_stock_split,ISSUED_BY
world:stock:MCHP,world:company:MCHP,formal_issuer_listing_split,step_a_company_stock_split,ISSUED_BY
world:stock:MCK,world:company:MCK,formal_issuer_listing_split,step_a_company_stock_split,ISSUED_BY
world:stock:MCO,world:company:MCO,formal_issuer_listing_split,step_a_company_stock_split,ISSUED_BY
world:stock:MCRI,world:company:MCRI,formal_issuer_listing_split,step_a_company_stock_split,ISSUED_BY
world:stock:MDB,world:company:MDB,formal_issuer_listing_split,step_a_company_stock_split,ISSUED_BY
world:stock:MDGL,world:company:MDGL,formal_issuer_listing_split,step_a_company_stock_split,ISSUED_BY
world:stock:MDLN,world:company:MDLN,formal_issuer_listing_split,step_a_company_stock_split,ISSUED_BY
world:stock:MDLZ,world:company:MDLZ,formal_issuer_listing_split,step_a_company_stock_split,ISSUED_BY
world:stock:MDT,world:company:MDT,formal_issuer_listing_split,step_a_company_stock_split,ISSUED_BY
world:stock:MEG,world:company:MEG,formal_issuer_listing_split,step_a_company_stock_split,ISSUED_BY
world:stock:MET,world:company:MET,formal_issuer_listing_split,step_a_company_stock_split,ISSUED_BY
world:stock:MET-PF,world:company:MET-PF,formal_issuer_listing_split,step_a_company_stock_split,ISSUED_BY
world:stock:META,world:company:META,formal_issuer_listing_split,step_a_company_stock_split,ISSUED_BY
world:stock:MFA,world:company:MFA,formal_issuer_listing_split,step_a_company_stock_split,ISSUED_BY
world:stock:MFIC,world:company:MFIC,formal_issuer_listing_split,step_a_company_stock_split,ISSUED_BY
world:stock:MGLD,world:company:MGLD,formal_issuer_listing_split,step_a_company_stock_split,ISSUED_BY
world:stock:MGM,world:company:MGM,formal_issuer_listing_split,step_a_company_stock_split,ISSUED_BY
world:stock:MGNI,world:company:MGNI,formal_issuer_listing_split,step_a_company_stock_split,ISSUED_BY
world:stock:MGNX,world:company:MGNX,formal_issuer_listing_split,step_a_company_stock_split,ISSUED_BY
world:stock:MIAX,world:company:MIAX,formal_issuer_listing_split,step_a_company_stock_split,ISSUED_BY
world:stock:MIN,world:company:MIN,formal_issuer_listing_split,step_a_company_stock_split,ISSUED_BY
world:stock:MIRM,world:company:MIRM,formal_issuer_listing_split,step_a_company_stock_split,ISSUED_BY
world:stock:PSX,world:company:PSX,formal_issuer_listing_split,step_a_company_stock_split,ISSUED_BY
world:stock:MKC,world:company:MKC,formal_issuer_listing_split,step_a_company_stock_split,ISSUED_BY
world:stock:MKSI,world:company:MKSI,formal_issuer_listing_split,step_a_company_stock_split,ISSUED_BY
world:stock:MKTX,world:company:MKTX,formal_issuer_listing_split,step_a_company_stock_split,ISSUED_BY
world:stock:MLM,world:company:MLM,formal_issuer_listing_split,step_a_company_stock_split,ISSUED_BY
world:stock:MLYS,world:company:MLYS,formal_issuer_listing_split,step_a_company_stock_split,ISSUED_BY
world:stock:MMM,world:company:MMM,formal_issuer_listing_split,step_a_company_stock_split,ISSUED_BY
world:stock:MNSB,world:company:MNSB,formal_issuer_listing_split,step_a_company_stock_split,ISSUED_BY
world:stock:MNSO,world:company:MNSO,formal_issuer_listing_split,step_a_company_stock_split,ISSUED_BY
world:stock:MNST,world:company:MNST,formal_issuer_listing_split,step_a_company_stock_split,ISSUED_BY
world:stock:MNTK,world:company:MNTK,formal_issuer_listing_split,step_a_company_stock_split,ISSUED_BY
world:stock:MNTS,world:company:MNTS,formal_issuer_listing_split,step_a_company_stock_split,ISSUED_BY
world:stock:MO,world:company:MO,formal_issuer_listing_split,step_a_company_stock_split,ISSUED_BY
world:stock:MOG-A,world:company:MOG-A,formal_issuer_listing_split,step_a_company_stock_split,ISSUED_BY
world:stock:MOH,world:company:MOH,formal_issuer_listing_split,step_a_company_stock_split,ISSUED_BY
world:stock:MOS,world:company:MOS,formal_issuer_listing_split,step_a_company_stock_split,ISSUED_BY
world:stock:MPC,world:company:MPC,formal_issuer_listing_split,step_a_company_stock_split,ISSUED_BY
world:stock:MPLX,world:company:MPLX,formal_issuer_listing_split,step_a_company_stock_split,ISSUED_BY
world:stock:PLD,world:company:PLD,formal_issuer_listing_split,step_a_company_stock_split,ISSUED_BY
world:stock:MPWR,world:company:MPWR,formal_issuer_listing_split,step_a_company_stock_split,ISSUED_BY
world:stock:MRAM,world:company:MRAM,formal_issuer_listing_split,step_a_company_stock_split,ISSUED_BY
world:stock:MRBK,world:company:MRBK,formal_issuer_listing_split,step_a_company_stock_split,ISSUED_BY
world:stock:MRK,world:company:MRK,formal_issuer_listing_split,step_a_company_stock_split,ISSUED_BY
world:stock:MRLN,world:company:MRLN,formal_issuer_listing_split,step_a_company_stock_split,ISSUED_BY
world:stock:PM,world:company:PM,formal_issuer_listing_split,step_a_company_stock_split,ISSUED_BY
world:stock:MRSH,world:company:MRSH,formal_issuer_listing_split,step_a_company_stock_split,ISSUED_BY
world:stock:MRVL,world:company:MRVL,formal_issuer_listing_split,step_a_company_stock_split,ISSUED_BY
world:stock:MS,world:company:MS,formal_issuer_listing_split,step_a_company_stock_split,ISSUED_BY
world:stock:MSCI,world:company:MSCI,formal_issuer_listing_split,step_a_company_stock_split,ISSUED_BY
world:stock:MSEX,world:company:MSEX,formal_issuer_listing_split,step_a_company_stock_split,ISSUED_BY
world:stock:MSFT,world:company:MSFT,formal_issuer_listing_split,step_a_company_stock_split,ISSUED_BY
world:stock:MSFT.NE,world:company:MSFT.NE,formal_issuer_listing_split,step_a_company_stock_split,ISSUED_BY
world:stock:MSI,world:company:MSI,formal_issuer_listing_split,step_a_company_stock_split,ISSUED_BY
world:stock:MSM,world:company:MSM,formal_issuer_listing_split,step_a_company_stock_split,ISSUED_BY
world:stock:MSTR,world:company:MSTR,formal_issuer_listing_split,step_a_company_stock_split,ISSUED_BY
world:stock:MTB,world:company:MTB,formal_issuer_listing_split,step_a_company_stock_split,ISSUED_BY
world:stock:MTD,world:company:MTD,formal_issuer_listing_split,step_a_company_stock_split,ISSUED_BY
world:stock:MTDR,world:company:MTDR,formal_issuer_listing_split,step_a_company_stock_split,ISSUED_BY
world:stock:MTH,world:company:MTH,formal_issuer_listing_split,step_a_company_stock_split,ISSUED_BY
world:stock:MTN,world:company:MTN,formal_issuer_listing_split,step_a_company_stock_split,ISSUED_BY
world:stock:MTRX,world:company:MTRX,formal_issuer_listing_split,step_a_company_stock_split,ISSUED_BY
world:stock:MTSI,world:company:MTSI,formal_issuer_listing_split,step_a_company_stock_split,ISSUED_BY
world:stock:MTZ,world:company:MTZ,formal_issuer_listing_split,step_a_company_stock_split,ISSUED_BY
world:stock:MU,world:company:MU,formal_issuer_listing_split,step_a_company_stock_split,ISSUED_BY
world:stock:MUFG,world:company:MUFG,formal_issuer_listing_split,step_a_company_stock_split,ISSUED_BY
world:stock:SKLZ,world:company:SKLZ,formal_issuer_listing_split,step_a_company_stock_split,ISSUED_BY
world:stock:SKWD,world:company:SKWD,formal_issuer_listing_split,step_a_company_stock_split,ISSUED_BY
world:stock:SKY,world:company:SKY,formal_issuer_listing_split,step_a_company_stock_split,ISSUED_BY
world:stock:SKYT,world:company:SKYT,formal_issuer_listing_split,step_a_company_stock_split,ISSUED_BY
world:stock:RVTY,world:company:RVTY,formal_issuer_listing_split,step_a_company_stock_split,ISSUED_BY
world:stock:SLB,world:company:SLB,formal_issuer_listing_split,step_a_company_stock_split,ISSUED_BY
world:stock:SLGL,world:company:SLGL,formal_issuer_listing_split,step_a_company_stock_split,ISSUED_BY
world:stock:REPL,world:company:REPL,formal_issuer_listing_split,step_a_company_stock_split,ISSUED_BY
world:stock:SLNO,world:company:SLNO,formal_issuer_listing_split,step_a_company_stock_split,ISSUED_BY
world:stock:SLV,world:company:SLV,formal_issuer_listing_split,step_a_company_stock_split,ISSUED_BY
world:stock:RMD,world:company:RMD,formal_issuer_listing_split,step_a_company_stock_split,ISSUED_BY
world:stock:SLVM,world:company:SLVM,formal_issuer_listing_split,step_a_company_stock_split,ISSUED_BY
world:stock:SMA,world:company:SMA,formal_issuer_listing_split,step_a_company_stock_split,ISSUED_BY
world:stock:SMH,world:company:SMH,formal_issuer_listing_split,step_a_company_stock_split,ISSUED_BY
world:stock:SMCI,world:company:SMCI,formal_issuer_listing_split,step_a_company_stock_split,ISSUED_BY
world:stock:SMCX,world:company:SMCX,formal_issuer_listing_split,step_a_company_stock_split,ISSUED_BY
world:stock:SMJF,world:company:SMJF,formal_issuer_listing_split,step_a_company_stock_split,ISSUED_BY
world:stock:SMPL,world:company:SMPL,formal_issuer_listing_split,step_a_company_stock_split,ISSUED_BY
world:stock:SMR,world:company:SMR,formal_issuer_listing_split,step_a_company_stock_split,ISSUED_BY
world:stock:SMRT,world:company:SMRT,formal_issuer_listing_split,step_a_company_stock_split,ISSUED_BY
world:stock:SNA,world:company:SNA,formal_issuer_listing_split,step_a_company_stock_split,ISSUED_BY
world:stock:SNDX,world:company:SNDX,formal_issuer_listing_split,step_a_company_stock_split,ISSUED_BY
world:stock:SNDK,world:company:SNDK,formal_issuer_listing_split,step_a_company_stock_split,ISSUED_BY
world:stock:SNPS,world:company:SNPS,formal_issuer_listing_split,step_a_company_stock_split,ISSUED_BY
world:stock:RLJ,world:company:RLJ,formal_issuer_listing_split,step_a_company_stock_split,ISSUED_BY
world:stock:SO,world:company:SO,formal_issuer_listing_split,step_a_company_stock_split,ISSUED_BY
world:stock:SBAC,world:company:SBAC,formal_issuer_listing_split,step_a_company_stock_split,ISSUED_BY
world:stock:SOC,world:company:SOC,formal_issuer_listing_split,step_a_company_stock_split,ISSUED_BY
world:stock:SOFI,world:company:SOFI,formal_issuer_listing_split,step_a_company_stock_split,ISSUED_BY
world:stock:SOLV,world:company:SOLV,formal_issuer_listing_split,step_a_company_stock_split,ISSUED_BY
world:stock:SON,world:company:SON,formal_issuer_listing_split,step_a_company_stock_split,ISSUED_BY
world:stock:SOUN,world:company:SOUN,formal_issuer_listing_split,step_a_company_stock_split,ISSUED_BY
world:stock:RMBI,world:company:RMBI,formal_issuer_listing_split,step_a_company_stock_split,ISSUED_BY
world:stock:SOXX,world:company:SOXX,formal_issuer_listing_split,step_a_company_stock_split,ISSUED_BY
world:stock:SPAI,world:company:SPAI,formal_issuer_listing_split,step_a_company_stock_split,ISSUED_BY
world:stock:SPB,world:company:SPB,formal_issuer_listing_split,step_a_company_stock_split,ISSUED_BY
world:stock:SPCE,world:company:SPCE,formal_issuer_listing_split,step_a_company_stock_split,ISSUED_BY
world:stock:SPEM,world:company:SPEM,formal_issuer_listing_split,step_a_company_stock_split,ISSUED_BY
world:stock:SPG,world:company:SPG,formal_issuer_listing_split,step_a_company_stock_split,ISSUED_BY
world:stock:SPGI,world:company:SPGI,formal_issuer_listing_split,step_a_company_stock_split,ISSUED_BY
world:stock:SPRO,world:company:SPRO,formal_issuer_listing_split,step_a_company_stock_split,ISSUED_BY
world:stock:SPIR,world:company:SPIR,formal_issuer_listing_split,step_a_company_stock_split,ISSUED_BY
world:stock:SPXC,world:company:SPXC,formal_issuer_listing_split,step_a_company_stock_split,ISSUED_BY
world:stock:SPY,world:company:SPY,formal_issuer_listing_split,step_a_company_stock_split,ISSUED_BY
world:stock:SPYG,world:company:SPYG,formal_issuer_listing_split,step_a_company_stock_split,ISSUED_BY
world:stock:SR,world:company:SR,formal_issuer_listing_split,step_a_company_stock_split,ISSUED_BY
world:stock:SRBK,world:company:SRBK,formal_issuer_listing_split,step_a_company_stock_split,ISSUED_BY
world:stock:SRE,world:company:SRE,formal_issuer_listing_split,step_a_company_stock_split,ISSUED_BY
world:stock:SRI,world:company:SRI,formal_issuer_listing_split,step_a_company_stock_split,ISSUED_BY
world:stock:SRPT,world:company:SRPT,formal_issuer_listing_split,step_a_company_stock_split,ISSUED_BY
world:stock:SSRM,world:company:SSRM,formal_issuer_listing_split,step_a_company_stock_split,ISSUED_BY
world:stock:SSSS,world:company:SSSS,formal_issuer_listing_split,step_a_company_stock_split,ISSUED_BY
world:stock:STAA,world:company:STAA,formal_issuer_listing_split,step_a_company_stock_split,ISSUED_BY
world:stock:STE,world:company:STE,formal_issuer_listing_split,step_a_company_stock_split,ISSUED_BY
world:stock:STEM,world:company:STEM,formal_issuer_listing_split,step_a_company_stock_split,ISSUED_BY
world:stock:STGW,world:company:STGW,formal_issuer_listing_split,step_a_company_stock_split,ISSUED_BY
world:stock:STIM,world:company:STIM,formal_issuer_listing_split,step_a_company_stock_split,ISSUED_BY
world:stock:STLD,world:company:STLD,formal_issuer_listing_split,step_a_company_stock_split,ISSUED_BY
world:stock:STOK,world:company:STOK,formal_issuer_listing_split,step_a_company_stock_split,ISSUED_BY
world:stock:STRA,world:company:STRA,formal_issuer_listing_split,step_a_company_stock_split,ISSUED_BY
world:stock:STRL,world:company:STRL,formal_issuer_listing_split,step_a_company_stock_split,ISSUED_BY
world:stock:STRO,world:company:STRO,formal_issuer_listing_split,step_a_company_stock_split,ISSUED_BY
world:stock:STRS,world:company:STRS,formal_issuer_listing_split,step_a_company_stock_split,ISSUED_BY
world:stock:STT,world:company:STT,formal_issuer_listing_split,step_a_company_stock_split,ISSUED_BY
world:stock:STX,world:company:STX,formal_issuer_listing_split,step_a_company_stock_split,ISSUED_BY
world:stock:STZ,world:company:STZ,formal_issuer_listing_split,step_a_company_stock_split,ISSUED_BY
world:stock:SUNS,world:company:SUNS,formal_issuer_listing_split,step_a_company_stock_split,ISSUED_BY
world:stock:SUPN,world:company:SUPN,formal_issuer_listing_split,step_a_company_stock_split,ISSUED_BY
world:stock:SUUN,world:company:SUUN,formal_issuer_listing_split,step_a_company_stock_split,ISSUED_BY
world:stock:SVC,world:company:SVC,formal_issuer_listing_split,step_a_company_stock_split,ISSUED_BY
world:stock:SW,world:company:SW,formal_issuer_listing_split,step_a_company_stock_split,ISSUED_BY
world:stock:SWK,world:company:SWK,formal_issuer_listing_split,step_a_company_stock_split,ISSUED_BY
world:stock:SWKH,world:company:SWKH,formal_issuer_listing_split,step_a_company_stock_split,ISSUED_BY
world:stock:SWKS,world:company:SWKS,formal_issuer_listing_split,step_a_company_stock_split,ISSUED_BY
world:stock:SXT,world:company:SXT,formal_issuer_listing_split,step_a_company_stock_split,ISSUED_BY
world:stock:SY,world:company:SY,formal_issuer_listing_split,step_a_company_stock_split,ISSUED_BY
world:stock:SYF,world:company:SYF,formal_issuer_listing_split,step_a_company_stock_split,ISSUED_BY
world:stock:SYK,world:company:SYK,formal_issuer_listing_split,step_a_company_stock_split,ISSUED_BY
world:stock:SYM,world:company:SYM,formal_issuer_listing_split,step_a_company_stock_split,ISSUED_BY
world:stock:SYY,world:company:SYY,formal_issuer_listing_split,step_a_company_stock_split,ISSUED_BY
world:stock:T,world:company:T,formal_issuer_listing_split,step_a_company_stock_split,ISSUED_BY
world:stock:TALK,world:company:TALK,formal_issuer_listing_split,step_a_company_stock_split,ISSUED_BY
world:stock:TAP,world:company:TAP,formal_issuer_listing_split,step_a_company_stock_split,ISSUED_BY
world:stock:TAYD,world:company:TAYD,formal_issuer_listing_split,step_a_company_stock_split,ISSUED_BY
world:stock:TBCH,world:company:TBCH,formal_issuer_listing_split,step_a_company_stock_split,ISSUED_BY
world:stock:TBLA,world:company:TBLA,formal_issuer_listing_split,step_a_company_stock_split,ISSUED_BY
world:stock:TCI,world:company:TCI,formal_issuer_listing_split,step_a_company_stock_split,ISSUED_BY
world:stock:TDG,world:company:TDG,formal_issuer_listing_split,step_a_company_stock_split,ISSUED_BY
world:stock:TDY,world:company:TDY,formal_issuer_listing_split,step_a_company_stock_split,ISSUED_BY
world:stock:TEL,world:company:TEL,formal_issuer_listing_split,step_a_company_stock_split,ISSUED_BY
world:stock:TENB,world:company:TENB,formal_issuer_listing_split,step_a_company_stock_split,ISSUED_BY
world:stock:TENX,world:company:TENX,formal_issuer_listing_split,step_a_company_stock_split,ISSUED_BY
world:stock:TER,world:company:TER,formal_issuer_listing_split,step_a_company_stock_split,ISSUED_BY
world:stock:TFC,world:company:TFC,formal_issuer_listing_split,step_a_company_stock_split,ISSUED_BY
world:stock:TFIN,world:company:TFIN,formal_issuer_listing_split,step_a_company_stock_split,ISSUED_BY
world:stock:TGT,world:company:TGT,formal_issuer_listing_split,step_a_company_stock_split,ISSUED_BY
world:stock:THAR,world:company:THAR,formal_issuer_listing_split,step_a_company_stock_split,ISSUED_BY
world:stock:THO,world:company:THO,formal_issuer_listing_split,step_a_company_stock_split,ISSUED_BY
world:stock:THR,world:company:THR,formal_issuer_listing_split,step_a_company_stock_split,ISSUED_BY
world:stock:THRY,world:company:THRY,formal_issuer_listing_split,step_a_company_stock_split,ISSUED_BY
world:stock:TITN,world:company:TITN,formal_issuer_listing_split,step_a_company_stock_split,ISSUED_BY
world:stock:TJX,world:company:TJX,formal_issuer_listing_split,step_a_company_stock_split,ISSUED_BY
world:stock:TK,world:company:TK,formal_issuer_listing_split,step_a_company_stock_split,ISSUED_BY
world:stock:TKO,world:company:TKO,formal_issuer_listing_split,step_a_company_stock_split,ISSUED_BY
world:stock:TLRY,world:company:TLRY,formal_issuer_listing_split,step_a_company_stock_split,ISSUED_BY
world:stock:TLT,world:company:TLT,formal_issuer_listing_split,step_a_company_stock_split,ISSUED_BY
world:stock:TLYS,world:company:TLYS,formal_issuer_listing_split,step_a_company_stock_split,ISSUED_BY
world:stock:TMDX,world:company:TMDX,formal_issuer_listing_split,step_a_company_stock_split,ISSUED_BY
world:stock:TMHC,world:company:TMHC,formal_issuer_listing_split,step_a_company_stock_split,ISSUED_BY
world:stock:TMO,world:company:TMO,formal_issuer_listing_split,step_a_company_stock_split,ISSUED_BY
world:stock:TNC,world:company:TNC,formal_issuer_listing_split,step_a_company_stock_split,ISSUED_BY
world:stock:TNET,world:company:TNET,formal_issuer_listing_split,step_a_company_stock_split,ISSUED_BY
world:stock:TOL,world:company:TOL,formal_issuer_listing_split,step_a_company_stock_split,ISSUED_BY
world:stock:TPB,world:company:TPB,formal_issuer_listing_split,step_a_company_stock_split,ISSUED_BY
world:stock:TPC,world:company:TPC,formal_issuer_listing_split,step_a_company_stock_split,ISSUED_BY
world:stock:TPL,world:company:TPL,formal_issuer_listing_split,step_a_company_stock_split,ISSUED_BY
world:stock:TPR,world:company:TPR,formal_issuer_listing_split,step_a_company_stock_split,ISSUED_BY
world:stock:TPVG,world:company:TPVG,formal_issuer_listing_split,step_a_company_stock_split,ISSUED_BY
world:stock:TRGP,world:company:TRGP,formal_issuer_listing_split,step_a_company_stock_split,ISSUED_BY
world:stock:TRIB,world:company:TRIB,formal_issuer_listing_split,step_a_company_stock_split,ISSUED_BY
world:stock:TRIN,world:company:TRIN,formal_issuer_listing_split,step_a_company_stock_split,ISSUED_BY
world:stock:TRIP,world:company:TRIP,formal_issuer_listing_split,step_a_company_stock_split,ISSUED_BY
world:stock:TRMB,world:company:TRMB,formal_issuer_listing_split,step_a_company_stock_split,ISSUED_BY
world:stock:SCHL,world:company:SCHL,formal_issuer_listing_split,step_a_company_stock_split,ISSUED_BY
world:stock:TRON,world:company:TRON,formal_issuer_listing_split,step_a_company_stock_split,ISSUED_BY
world:stock:TROW,world:company:TROW,formal_issuer_listing_split,step_a_company_stock_split,ISSUED_BY
world:stock:TROX,world:company:TROX,formal_issuer_listing_split,step_a_company_stock_split,ISSUED_BY
world:stock:TRT,world:company:TRT,formal_issuer_listing_split,step_a_company_stock_split,ISSUED_BY
world:stock:TRUP,world:company:TRUP,formal_issuer_listing_split,step_a_company_stock_split,ISSUED_BY
world:stock:SHO,world:company:SHO,formal_issuer_listing_split,step_a_company_stock_split,ISSUED_BY
world:stock:TRV,world:company:TRV,formal_issuer_listing_split,step_a_company_stock_split,ISSUED_BY
world:stock:TSCO,world:company:TSCO,formal_issuer_listing_split,step_a_company_stock_split,ISSUED_BY
world:stock:TSLA,world:company:TSLA,formal_issuer_listing_split,step_a_company_stock_split,ISSUED_BY
world:stock:TSLA.NE,world:company:TSLA.NE,formal_issuer_listing_split,step_a_company_stock_split,ISSUED_BY
world:stock:TSN,world:company:TSN,formal_issuer_listing_split,step_a_company_stock_split,ISSUED_BY
world:stock:TSLX,world:company:TSLX,formal_issuer_listing_split,step_a_company_stock_split,ISSUED_BY
world:stock:TSQ,world:company:TSQ,formal_issuer_listing_split,step_a_company_stock_split,ISSUED_BY
world:stock:TT,world:company:TT,formal_issuer_listing_split,step_a_company_stock_split,ISSUED_BY
world:stock:TTD,world:company:TTD,formal_issuer_listing_split,step_a_company_stock_split,ISSUED_BY
world:stock:TTWO,world:company:TTWO,formal_issuer_listing_split,step_a_company_stock_split,ISSUED_BY
world:stock:TW,world:company:TW,formal_issuer_listing_split,step_a_company_stock_split,ISSUED_BY
world:stock:RS,world:company:RS,formal_issuer_listing_split,step_a_company_stock_split,ISSUED_BY
world:stock:TWFG,world:company:TWFG,formal_issuer_listing_split,step_a_company_stock_split,ISSUED_BY
world:stock:TWLO,world:company:TWLO,formal_issuer_listing_split,step_a_company_stock_split,ISSUED_BY
world:stock:TWO,world:company:TWO,formal_issuer_listing_split,step_a_company_stock_split,ISSUED_BY
world:stock:TWST,world:company:TWST,formal_issuer_listing_split,step_a_company_stock_split,ISSUED_BY
world:stock:RWAY,world:company:RWAY,formal_issuer_listing_split,step_a_company_stock_split,ISSUED_BY
world:stock:RF,world:company:RF,formal_issuer_listing_split,step_a_company_stock_split,ISSUED_BY
world:stock:TXN,world:company:TXN,formal_issuer_listing_split,step_a_company_stock_split,ISSUED_BY
world:stock:TXT,world:company:TXT,formal_issuer_listing_split,step_a_company_stock_split,ISSUED_BY
world:stock:TYL,world:company:TYL,formal_issuer_listing_split,step_a_company_stock_split,ISSUED_BY
world:stock:TYRA,world:company:TYRA,formal_issuer_listing_split,step_a_company_stock_split,ISSUED_BY
world:stock:RKLB,world:company:RKLB,formal_issuer_listing_split,step_a_company_stock_split,ISSUED_BY
world:stock:TZOO,world:company:TZOO,formal_issuer_listing_split,step_a_company_stock_split,ISSUED_BY
world:stock:UAL,world:company:UAL,formal_issuer_listing_split,step_a_company_stock_split,ISSUED_BY
world:stock:UAMY,world:company:UAMY,formal_issuer_listing_split,step_a_company_stock_split,ISSUED_BY
world:stock:UBFO,world:company:UBFO,formal_issuer_listing_split,step_a_company_stock_split,ISSUED_BY
world:stock:UBER,world:company:UBER,formal_issuer_listing_split,step_a_company_stock_split,ISSUED_BY
world:stock:SEVN,world:company:SEVN,formal_issuer_listing_split,step_a_company_stock_split,ISSUED_BY
world:stock:UDR,world:company:UDR,formal_issuer_listing_split,step_a_company_stock_split,ISSUED_BY
world:stock:UG,world:company:UG,formal_issuer_listing_split,step_a_company_stock_split,ISSUED_BY
world:stock:UFPT,world:company:UFPT,formal_issuer_listing_split,step_a_company_stock_split,ISSUED_BY
world:stock:UK,world:company:UK,formal_issuer_listing_split,step_a_company_stock_split,ISSUED_BY
world:stock:UHS,world:company:UHS,formal_issuer_listing_split,step_a_company_stock_split,ISSUED_BY
world:stock:ULTA,world:company:ULTA,formal_issuer_listing_split,step_a_company_stock_split,ISSUED_BY
world:stock:UMAC,world:company:UMAC,formal_issuer_listing_split,step_a_company_stock_split,ISSUED_BY
world:stock:UNB,world:company:UNB,formal_issuer_listing_split,step_a_company_stock_split,ISSUED_BY
world:stock:UNH,world:company:UNH,formal_issuer_listing_split,step_a_company_stock_split,ISSUED_BY
world:stock:UNP,world:company:UNP,formal_issuer_listing_split,step_a_company_stock_split,ISSUED_BY
world:stock:UNTY,world:company:UNTY,formal_issuer_listing_split,step_a_company_stock_split,ISSUED_BY
world:stock:UPS,world:company:UPS,formal_issuer_listing_split,step_a_company_stock_split,ISSUED_BY
world:stock:UPXI,world:company:UPXI,formal_issuer_listing_split,step_a_company_stock_split,ISSUED_BY
world:stock:URI,world:company:URI,formal_issuer_listing_split,step_a_company_stock_split,ISSUED_BY
world:stock:USAR,world:company:USAR,formal_issuer_listing_split,step_a_company_stock_split,ISSUED_BY
world:stock:USA,world:company:USA,formal_issuer_listing_split,step_a_company_stock_split,ISSUED_BY
world:stock:REX,world:company:REX,formal_issuer_listing_split,step_a_company_stock_split,ISSUED_BY
world:stock:USAU,world:company:USAU,formal_issuer_listing_split,step_a_company_stock_split,ISSUED_BY
world:stock:USEA,world:company:USEA,formal_issuer_listing_split,step_a_company_stock_split,ISSUED_BY
world:stock:USB,world:company:USB,formal_issuer_listing_split,step_a_company_stock_split,ISSUED_BY
world:stock:USFD,world:company:USFD,formal_issuer_listing_split,step_a_company_stock_split,ISSUED_BY
world:stock:USPH,world:company:USPH,formal_issuer_listing_split,step_a_company_stock_split,ISSUED_BY
world:stock:UTL,world:company:UTL,formal_issuer_listing_split,step_a_company_stock_split,ISSUED_BY
world:stock:UVE,world:company:UVE,formal_issuer_listing_split,step_a_company_stock_split,ISSUED_BY
world:stock:V,world:company:V,formal_issuer_listing_split,step_a_company_stock_split,ISSUED_BY
world:stock:VB,world:company:VB,formal_issuer_listing_split,step_a_company_stock_split,ISSUED_BY
world:stock:VCEL,world:company:VCEL,formal_issuer_listing_split,step_a_company_stock_split,ISSUED_BY
world:stock:VEA,world:company:VEA,formal_issuer_listing_split,step_a_company_stock_split,ISSUED_BY
world:stock:VEEV,world:company:VEEV,formal_issuer_listing_split,step_a_company_stock_split,ISSUED_BY
world:stock:VELO,world:company:VELO,formal_issuer_listing_split,step_a_company_stock_split,ISSUED_BY
world:stock:VERX,world:company:VERX,formal_issuer_listing_split,step_a_company_stock_split,ISSUED_BY
world:stock:VENU,world:company:VENU,formal_issuer_listing_split,step_a_company_stock_split,ISSUED_BY
world:stock:VET,world:company:VET,formal_issuer_listing_split,step_a_company_stock_split,ISSUED_BY
world:stock:VEU,world:company:VEU,formal_issuer_listing_split,step_a_company_stock_split,ISSUED_BY
world:stock:VG,world:company:VG,formal_issuer_listing_split,step_a_company_stock_split,ISSUED_BY
world:stock:VGK,world:company:VGK,formal_issuer_listing_split,step_a_company_stock_split,ISSUED_BY
world:stock:QUIK,world:company:QUIK,formal_issuer_listing_split,step_a_company_stock_split,ISSUED_BY
world:stock:VGT,world:company:VGT,formal_issuer_listing_split,step_a_company_stock_split,ISSUED_BY
world:stock:VGZ,world:company:VGZ,formal_issuer_listing_split,step_a_company_stock_split,ISSUED_BY
world:stock:VICI,world:company:VICI,formal_issuer_listing_split,step_a_company_stock_split,ISSUED_BY
world:stock:VIG,world:company:VIG,formal_issuer_listing_split,step_a_company_stock_split,ISSUED_BY
world:stock:VIR,world:company:VIR,formal_issuer_listing_split,step_a_company_stock_split,ISSUED_BY
world:stock:VIPS,world:company:VIPS,formal_issuer_listing_split,step_a_company_stock_split,ISSUED_BY
world:stock:VIVS,world:company:VIVS,formal_issuer_listing_split,step_a_company_stock_split,ISSUED_BY
world:stock:VITL,world:company:VITL,formal_issuer_listing_split,step_a_company_stock_split,ISSUED_BY
world:stock:VIX,world:company:VIX,formal_issuer_listing_split,step_a_company_stock_split,ISSUED_BY
world:stock:VIXEQ,world:company:VIXEQ,formal_issuer_listing_split,step_a_company_stock_split,ISSUED_BY
world:stock:VKTX,world:company:VKTX,formal_issuer_listing_split,step_a_company_stock_split,ISSUED_BY
world:stock:VLO,world:company:VLO,formal_issuer_listing_split,step_a_company_stock_split,ISSUED_BY
world:stock:SILO,world:company:SILO,formal_issuer_listing_split,step_a_company_stock_split,ISSUED_BY
world:stock:QTI,world:company:QTI,formal_issuer_listing_split,step_a_company_stock_split,ISSUED_BY
world:stock:VLTO,world:company:VLTO,formal_issuer_listing_split,step_a_company_stock_split,ISSUED_BY
world:stock:VMC,world:company:VMC,formal_issuer_listing_split,step_a_company_stock_split,ISSUED_BY
world:stock:SBUX,world:company:SBUX,formal_issuer_listing_split,step_a_company_stock_split,ISSUED_BY
world:stock:VNQ,world:company:VNQ,formal_issuer_listing_split,step_a_company_stock_split,ISSUED_BY
world:stock:VONG,world:company:VONG,formal_issuer_listing_split,step_a_company_stock_split,ISSUED_BY
world:stock:VOO,world:company:VOO,formal_issuer_listing_split,step_a_company_stock_split,ISSUED_BY
world:stock:VOR,world:company:VOR,formal_issuer_listing_split,step_a_company_stock_split,ISSUED_BY
world:stock:REFI,world:company:REFI,formal_issuer_listing_split,step_a_company_stock_split,ISSUED_BY
world:stock:VPG,world:company:VPG,formal_issuer_listing_split,step_a_company_stock_split,ISSUED_BY
world:stock:VOYG,world:company:VOYG,formal_issuer_listing_split,step_a_company_stock_split,ISSUED_BY
world:stock:VRDN,world:company:VRDN,formal_issuer_listing_split,step_a_company_stock_split,ISSUED_BY
world:stock:VRE,world:company:VRE,formal_issuer_listing_split,step_a_company_stock_split,ISSUED_BY
world:stock:VRRM,world:company:VRRM,formal_issuer_listing_split,step_a_company_stock_split,ISSUED_BY
world:stock:SBET,world:company:SBET,formal_issuer_listing_split,step_a_company_stock_split,ISSUED_BY
world:stock:VRSK,world:company:VRSK,formal_issuer_listing_split,step_a_company_stock_split,ISSUED_BY
world:stock:SBMT,world:company:SBMT,formal_issuer_listing_split,step_a_company_stock_split,ISSUED_BY
world:stock:VRSN,world:company:VRSN,formal_issuer_listing_split,step_a_company_stock_split,ISSUED_BY
world:stock:VRT,world:company:VRT,formal_issuer_listing_split,step_a_company_stock_split,ISSUED_BY
world:stock:ROOT,world:company:ROOT,formal_issuer_listing_split,step_a_company_stock_split,ISSUED_BY
world:stock:VRTX,world:company:VRTX,formal_issuer_listing_split,step_a_company_stock_split,ISSUED_BY
world:stock:VTGN,world:company:VTGN,formal_issuer_listing_split,step_a_company_stock_split,ISSUED_BY
world:stock:VST,world:company:VST,formal_issuer_listing_split,step_a_company_stock_split,ISSUED_BY
world:stock:RBLX,world:company:RBLX,formal_issuer_listing_split,step_a_company_stock_split,ISSUED_BY
world:stock:VTOL,world:company:VTOL,formal_issuer_listing_split,step_a_company_stock_split,ISSUED_BY
world:stock:VTR,world:company:VTR,formal_issuer_listing_split,step_a_company_stock_split,ISSUED_BY
world:stock:VTRS,world:company:VTRS,formal_issuer_listing_split,step_a_company_stock_split,ISSUED_BY
world:stock:SAIC,world:company:SAIC,formal_issuer_listing_split,step_a_company_stock_split,ISSUED_BY
world:stock:VTS,world:company:VTS,formal_issuer_listing_split,step_a_company_stock_split,ISSUED_BY
world:stock:VUG,world:company:VUG,formal_issuer_listing_split,step_a_company_stock_split,ISSUED_BY
world:stock:VTV,world:company:VTV,formal_issuer_listing_split,step_a_company_stock_split,ISSUED_BY
world:stock:VVOS,world:company:VVOS,formal_issuer_listing_split,step_a_company_stock_split,ISSUED_BY
world:stock:VVX,world:company:VVX,formal_issuer_listing_split,step_a_company_stock_split,ISSUED_BY
world:stock:VWAV,world:company:VWAV,formal_issuer_listing_split,step_a_company_stock_split,ISSUED_BY
world:stock:VWO,world:company:VWO,formal_issuer_listing_split,step_a_company_stock_split,ISSUED_BY
world:stock:VXUS,world:company:VXUS,formal_issuer_listing_split,step_a_company_stock_split,ISSUED_BY
world:stock:VZ,world:company:VZ,formal_issuer_listing_split,step_a_company_stock_split,ISSUED_BY
world:stock:WAB,world:company:WAB,formal_issuer_listing_split,step_a_company_stock_split,ISSUED_BY
world:stock:WAL,world:company:WAL,formal_issuer_listing_split,step_a_company_stock_split,ISSUED_BY
world:stock:WAT,world:company:WAT,formal_issuer_listing_split,step_a_company_stock_split,ISSUED_BY
world:stock:WBD,world:company:WBD,formal_issuer_listing_split,step_a_company_stock_split,ISSUED_BY
world:stock:WBI,world:company:WBI,formal_issuer_listing_split,step_a_company_stock_split,ISSUED_BY
world:stock:WCC,world:company:WCC,formal_issuer_listing_split,step_a_company_stock_split,ISSUED_BY
world:stock:WD,world:company:WD,formal_issuer_listing_split,step_a_company_stock_split,ISSUED_BY
world:stock:WDAY,world:company:WDAY,formal_issuer_listing_split,step_a_company_stock_split,ISSUED_BY
world:stock:WDC,world:company:WDC,formal_issuer_listing_split,step_a_company_stock_split,ISSUED_BY
world:stock:WEC,world:company:WEC,formal_issuer_listing_split,step_a_company_stock_split,ISSUED_BY
world:stock:WELL,world:company:WELL,formal_issuer_listing_split,step_a_company_stock_split,ISSUED_BY
world:stock:WEN,world:company:WEN,formal_issuer_listing_split,step_a_company_stock_split,ISSUED_BY
world:stock:WERN,world:company:WERN,formal_issuer_listing_split,step_a_company_stock_split,ISSUED_BY
world:stock:RELY,world:company:RELY,formal_issuer_listing_split,step_a_company_stock_split,ISSUED_BY
world:stock:WFC,world:company:WFC,formal_issuer_listing_split,step_a_company_stock_split,ISSUED_BY
world:stock:WGO,world:company:WGO,formal_issuer_listing_split,step_a_company_stock_split,ISSUED_BY
world:stock:WGS,world:company:WGS,formal_issuer_listing_split,step_a_company_stock_split,ISSUED_BY
world:stock:WHF,world:company:WHF,formal_issuer_listing_split,step_a_company_stock_split,ISSUED_BY
world:stock:WHO,world:company:WHO,formal_issuer_listing_split,step_a_company_stock_split,ISSUED_BY
world:stock:WHR,world:company:WHR,formal_issuer_listing_split,step_a_company_stock_split,ISSUED_BY
world:stock:WHWK,world:company:WHWK,formal_issuer_listing_split,step_a_company_stock_split,ISSUED_BY
world:stock:WKC,world:company:WKC,formal_issuer_listing_split,step_a_company_stock_split,ISSUED_BY
world:stock:WLDN,world:company:WLDN,formal_issuer_listing_split,step_a_company_stock_split,ISSUED_BY
world:stock:WLFC,world:company:WLFC,formal_issuer_listing_split,step_a_company_stock_split,ISSUED_BY
world:stock:WM,world:company:WM,formal_issuer_listing_split,step_a_company_stock_split,ISSUED_BY
world:stock:WMB,world:company:WMB,formal_issuer_listing_split,step_a_company_stock_split,ISSUED_BY
world:stock:WMG,world:company:WMG,formal_issuer_listing_split,step_a_company_stock_split,ISSUED_BY
world:stock:WMS,world:company:WMS,formal_issuer_listing_split,step_a_company_stock_split,ISSUED_BY
world:stock:WMT,world:company:WMT,formal_issuer_listing_split,step_a_company_stock_split,ISSUED_BY
world:stock:WNC,world:company:WNC,formal_issuer_listing_split,step_a_company_stock_split,ISSUED_BY
world:stock:WOLF,world:company:WOLF,formal_issuer_listing_split,step_a_company_stock_split,ISSUED_BY
world:stock:WPM,world:company:WPM,formal_issuer_listing_split,step_a_company_stock_split,ISSUED_BY
world:stock:WRB,world:company:WRB,formal_issuer_listing_split,step_a_company_stock_split,ISSUED_BY
world:stock:RCAT,world:company:RCAT,formal_issuer_listing_split,step_a_company_stock_split,ISSUED_BY
world:stock:ROIV,world:company:ROIV,formal_issuer_listing_split,step_a_company_stock_split,ISSUED_BY
world:stock:WSM,world:company:WSM,formal_issuer_listing_split,step_a_company_stock_split,ISSUED_BY
world:stock:WST,world:company:WST,formal_issuer_listing_split,step_a_company_stock_split,ISSUED_BY
world:stock:WTI,world:company:WTI,formal_issuer_listing_split,step_a_company_stock_split,ISSUED_BY
world:stock:WTS,world:company:WTS,formal_issuer_listing_split,step_a_company_stock_split,ISSUED_BY
world:stock:WTTR,world:company:WTTR,formal_issuer_listing_split,step_a_company_stock_split,ISSUED_BY
world:stock:SCHW,world:company:SCHW,formal_issuer_listing_split,step_a_company_stock_split,ISSUED_BY
world:stock:WTW,world:company:WTW,formal_issuer_listing_split,step_a_company_stock_split,ISSUED_BY
world:stock:WY,world:company:WY,formal_issuer_listing_split,step_a_company_stock_split,ISSUED_BY
world:stock:WWW,world:company:WWW,formal_issuer_listing_split,step_a_company_stock_split,ISSUED_BY
world:stock:WYNN,world:company:WYNN,formal_issuer_listing_split,step_a_company_stock_split,ISSUED_BY
world:stock:X,world:company:X,formal_issuer_listing_split,step_a_company_stock_split,ISSUED_BY
world:stock:XE,world:company:XE,formal_issuer_listing_split,step_a_company_stock_split,ISSUED_BY
world:stock:XEL,world:company:XEL,formal_issuer_listing_split,step_a_company_stock_split,ISSUED_BY
world:stock:XLV,world:company:XLV,formal_issuer_listing_split,step_a_company_stock_split,ISSUED_BY
world:stock:XOM,world:company:XOM,formal_issuer_listing_split,step_a_company_stock_split,ISSUED_BY
world:stock:XHR,world:company:XHR,formal_issuer_listing_split,step_a_company_stock_split,ISSUED_BY
world:stock:XOMA,world:company:XOMA,formal_issuer_listing_split,step_a_company_stock_split,ISSUED_BY
world:stock:XPO,world:company:XPO,formal_issuer_listing_split,step_a_company_stock_split,ISSUED_BY
world:stock:REI,world:company:REI,formal_issuer_listing_split,step_a_company_stock_split,ISSUED_BY
world:stock:XPOF,world:company:XPOF,formal_issuer_listing_split,step_a_company_stock_split,ISSUED_BY
world:stock:RMAX,world:company:RMAX,formal_issuer_listing_split,step_a_company_stock_split,ISSUED_BY
world:stock:XPRO,world:company:XPRO,formal_issuer_listing_split,step_a_company_stock_split,ISSUED_BY
world:stock:XXI,world:company:XXI,formal_issuer_listing_split,step_a_company_stock_split,ISSUED_BY
world:stock:XYL,world:company:XYL,formal_issuer_listing_split,step_a_company_stock_split,ISSUED_BY
world:stock:XYZ,world:company:XYZ,formal_issuer_listing_split,step_a_company_stock_split,ISSUED_BY
world:stock:Y,world:company:Y,formal_issuer_listing_split,step_a_company_stock_split,ISSUED_BY
world:stock:YI,world:company:YI,formal_issuer_listing_split,step_a_company_stock_split,ISSUED_BY
world:stock:YELP,world:company:YELP,formal_issuer_listing_split,step_a_company_stock_split,ISSUED_BY
world:stock:YMM,world:company:YMM,formal_issuer_listing_split,step_a_company_stock_split,ISSUED_BY
world:stock:YORW,world:company:YORW,formal_issuer_listing_split,step_a_company_stock_split,ISSUED_BY
world:stock:RHLD,world:company:RHLD,formal_issuer_listing_split,step_a_company_stock_split,ISSUED_BY
world:stock:YUM,world:company:YUM,formal_issuer_listing_split,step_a_company_stock_split,ISSUED_BY
world:stock:SGMT,world:company:SGMT,formal_issuer_listing_split,step_a_company_stock_split,ISSUED_BY
world:stock:Z,world:company:Z,formal_issuer_listing_split,step_a_company_stock_split,ISSUED_BY
world:stock:ZD,world:company:ZD,formal_issuer_listing_split,step_a_company_stock_split,ISSUED_BY
world:stock:ZBH,world:company:ZBH,formal_issuer_listing_split,step_a_company_stock_split,ISSUED_BY
world:stock:ZBRA,world:company:ZBRA,formal_issuer_listing_split,step_a_company_stock_split,ISSUED_BY
world:stock:SCCO,world:company:SCCO,formal_issuer_listing_split,step_a_company_stock_split,ISSUED_BY
world:stock:ZG,world:company:ZG,formal_issuer_listing_split,step_a_company_stock_split,ISSUED_BY
world:stock:ZM,world:company:ZM,formal_issuer_listing_split,step_a_company_stock_split,ISSUED_BY
world:stock:SILA,world:company:SILA,formal_issuer_listing_split,step_a_company_stock_split,ISSUED_BY
world:stock:ZKH,world:company:ZKH,formal_issuer_listing_split,step_a_company_stock_split,ISSUED_BY
world:stock:ROST,world:company:ROST,formal_issuer_listing_split,step_a_company_stock_split,ISSUED_BY
world:stock:ZS,world:company:ZS,formal_issuer_listing_split,step_a_company_stock_split,ISSUED_BY
world:stock:ZTS,world:company:ZTS,formal_issuer_listing_split,step_a_company_stock_split,ISSUED_BY
world:stock:ZVIA,world:company:ZVIA,formal_issuer_listing_split,step_a_company_stock_split,ISSUED_BY
world:stock:ZVRA,world:company:ZVRA,formal_issuer_listing_split,step_a_company_stock_split,ISSUED_BY
world:stock:REGN,world:company:REGN,formal_issuer_listing_split,step_a_company_stock_split,ISSUED_BY
world:stock:RJF,world:company:RJF,formal_issuer_listing_split,step_a_company_stock_split,ISSUED_BY
world:stock:RLMD,world:company:RLMD,formal_issuer_listing_split,step_a_company_stock_split,ISSUED_BY
world:stock:ROL,world:company:ROL,formal_issuer_listing_split,step_a_company_stock_split,ISSUED_BY
world:stock:RDW,world:company:RDW,formal_issuer_listing_split,step_a_company_stock_split,ISSUED_BY
world:stock:RPRX,world:company:RPRX,formal_issuer_listing_split,step_a_company_stock_split,ISSUED_BY
world:stock:ROKU,world:company:ROKU,formal_issuer_listing_split,step_a_company_stock_split,ISSUED_BY
world:stock:SCHA,world:company:SCHA,formal_issuer_listing_split,step_a_company_stock_split,ISSUED_BY
world:stock:RLAY,world:company:RLAY,formal_issuer_listing_split,step_a_company_stock_split,ISSUED_BY
world:stock:RIVN,world:company:RIVN,formal_issuer_listing_split,step_a_company_stock_split,ISSUED_BY
world:stock:REPX,world:company:REPX,formal_issuer_listing_split,step_a_company_stock_split,ISSUED_BY
world:stock:RTX,world:company:RTX,formal_issuer_listing_split,step_a_company_stock_split,ISSUED_BY
world:stock:SDGR,world:company:SDGR,formal_issuer_listing_split,step_a_company_stock_split,ISSUED_BY
world:stock:RC,world:company:RC,formal_issuer_listing_split,step_a_company_stock_split,ISSUED_BY
world:stock:RES,world:company:RES,formal_issuer_listing_split,step_a_company_stock_split,ISSUED_BY
world:stock:SHG,world:company:SHG,formal_issuer_listing_split,step_a_company_stock_split,ISSUED_BY
world:stock:RILY,world:company:RILY,formal_issuer_listing_split,step_a_company_stock_split,ISSUED_BY
world:stock:RLI,world:company:RLI,formal_issuer_listing_split,step_a_company_stock_split,ISSUED_BY
world:stock:TNL,world:company:TNL,formal_issuer_listing_split,step_a_company_stock_split,ISSUED_BY
world:stock:QNTM,world:company:QNTM,formal_issuer_listing_split,step_a_company_stock_split,ISSUED_BY
world:stock:RVLV,world:company:RVLV,formal_issuer_listing_split,step_a_company_stock_split,ISSUED_BY
world:stock:REXR,world:company:REXR,formal_issuer_listing_split,step_a_company_stock_split,ISSUED_BY
world:stock:SITC,world:company:SITC,formal_issuer_listing_split,step_a_company_stock_split,ISSUED_BY
world:stock:REG,world:company:REG,formal_issuer_listing_split,step_a_company_stock_split,ISSUED_BY
world:stock:ROK,world:company:ROK,formal_issuer_listing_split,step_a_company_stock_split,ISSUED_BY
world:stock:RNTX,world:company:RNTX,formal_issuer_listing_split,step_a_company_stock_split,ISSUED_BY
world:stock:SEMR,world:company:SEMR,formal_issuer_listing_split,step_a_company_stock_split,ISSUED_BY
world:stock:RAMP,world:company:RAMP,formal_issuer_listing_split,step_a_company_stock_split,ISSUED_BY
world:stock:SION,world:company:SION,formal_issuer_listing_split,step_a_company_stock_split,ISSUED_BY
world:stock:RELL,world:company:RELL,formal_issuer_listing_split,step_a_company_stock_split,ISSUED_BY
world:stock:RCL,world:company:RCL,formal_issuer_listing_split,step_a_company_stock_split,ISSUED_BY
world:stock:SATS,world:company:SATS,formal_issuer_listing_split,step_a_company_stock_split,ISSUED_BY
world:stock:QQQM,world:company:QQQM,formal_issuer_listing_split,step_a_company_stock_split,ISSUED_BY
world:stock:SCVL,world:company:SCVL,formal_issuer_listing_split,step_a_company_stock_split,ISSUED_BY
world:stock:QQQ,world:company:QQQ,formal_issuer_listing_split,step_a_company_stock_split,ISSUED_BY
world:stock:RL,world:company:RL,formal_issuer_listing_split,step_a_company_stock_split,ISSUED_BY
world:stock:SHW,world:company:SHW,formal_issuer_listing_split,step_a_company_stock_split,ISSUED_BY
world:stock:RGTI,world:company:RGTI,formal_issuer_listing_split,step_a_company_stock_split,ISSUED_BY
world:stock:QTRX,world:company:QTRX,formal_issuer_listing_split,step_a_company_stock_split,ISSUED_BY
world:stock:QUBT,world:company:QUBT,formal_issuer_listing_split,step_a_company_stock_split,ISSUED_BY
world:stock:RAPP,world:company:RAPP,formal_issuer_listing_split,step_a_company_stock_split,ISSUED_BY
world:stock:RCKY,world:company:RCKY,formal_issuer_listing_split,step_a_company_stock_split,ISSUED_BY
world:stock:QGEN,world:company:QGEN,formal_issuer_listing_split,step_a_company_stock_split,ISSUED_BY
world:stock:ROP,world:company:ROP,formal_issuer_listing_split,step_a_company_stock_split,ISSUED_BY
world:stock:TMUS,world:company:TMUS,formal_issuer_listing_split,step_a_company_stock_split,ISSUED_BY
world:stock:ROLR,world:company:ROLR,formal_issuer_listing_split,step_a_company_stock_split,ISSUED_BY
world:stock:SAM,world:company:SAM,formal_issuer_listing_split,step_a_company_stock_split,ISSUED_BY
world:stock:SKE,world:company:SKE,formal_issuer_listing_split,step_a_company_stock_split,ISSUED_BY
world:stock:REYN,world:company:REYN,formal_issuer_listing_split,step_a_company_stock_split,ISSUED_BY
world:stock:SENEA,world:company:SENEA,formal_issuer_listing_split,step_a_company_stock_split,ISSUED_BY
world:stock:RDDT,world:company:RDDT,formal_issuer_listing_split,step_a_company_stock_split,ISSUED_BY
world:stock:SJM,world:company:SJM,formal_issuer_listing_split,step_a_company_stock_split,ISSUED_BY
world:stock:SIDU,world:company:SIDU,formal_issuer_listing_split,step_a_company_stock_split,ISSUED_BY
world:stock:RSG,world:company:RSG,formal_issuer_listing_split,step_a_company_stock_split,ISSUED_BY
world:stock:RENX,world:company:RENX,formal_issuer_listing_split,step_a_company_stock_split,ISSUED_BY
world:stock:RSI,world:company:RSI,formal_issuer_listing_split,step_a_company_stock_split,ISSUED_BY
