id:ID,asOfDate,candidate_type,createdAt,createdBy,evidenceCount,evidence_item_ids,evidence_links,firstSeen,from_id,from_label,importedAt,lastSeen,matchedTags,matched_terms,matched_trends,method,missingEvidence,reason,rejectReason,rejectedOn,related_scenarios,reviewState,review_commands,scenarioId,score,scoreCoverage,scoreRecency,scoreTargetSpecif,scoredAt,source,status,suggested_route,to_id,to_label,type,updatedAt,weight,:LABEL
candidate:scenario-exposure:scenario-2026-leverage-oil-fed-policy-fragility:risk-theme-commodity-inflation:world-regime-iran-hormuz-oil-shock,2026-06-01,,,codex,,,,,,,,2026-06-01,"[""oil-shock"",""inflation"",""hormuz""]",,,scenario_theory_metadata_match,,Scenario metadata overlap between Commodity Inflation and Iran-Hormuz Oil Shock,,,,needs_review,,scenario:2026-leverage-oil-fed-policy-fragility,0.75,,,,,neo4j-scenario-theory,candidate,,,,scenario_exposure,2026-06-02T14:44:52.969000000Z,,CandidateLink
candidate:scenario-exposure:scenario-2026-leverage-oil-fed-policy-fragility:risk-theme-commodity-inflation:world-regime-ai-growth-offset-vs-energy-shock,2026-06-01,,,codex,,,,,,,,2026-06-01,"[""inflation"",""hormuz""]",,,scenario_theory_metadata_match,,Scenario metadata overlap between Commodity Inflation and AI Growth Offset vs Energy Shock,,,,needs_review,,scenario:2026-leverage-oil-fed-policy-fragility,0.5,,,,,neo4j-scenario-theory,candidate,,,,scenario_exposure,2026-06-02T14:44:52.969000000Z,,CandidateLink
rel:world-regime-risk-off:CANDIDATE_LINK:world-stock-pdfs,2026-06-01,,2026-06-01T21:28:48.313000000Z,neo4j-blind-spot-graph,1,,,2026-06-01,,,,2026-06-01,,,,frontmatter_gap,"Confirm with a fresh signal, pull note, or thesis update that connects the stock to the regime.","Stock has sector exposure to a sector touched by this regime, but no direct stock-regime evidence link exists.",,,,needs_review,,,0.2,0,0,1,2026-06-01T21:29:52.188000000Z,blind-spot-graph,candidate,,,,CANDIDATE_LINK,,0.5,CandidateLink
candidate:scenario-exposure:scenario-2026-leverage-oil-fed-policy-fragility:risk-theme-commodity-inflation:world-regime-2026-05-12-inflation-and-breadth-regime-watchpoints,2026-06-01,,,codex,,,,,,,,2026-06-01,"[""inflation""]",,,scenario_theory_metadata_match,,Scenario metadata overlap between Commodity Inflation and 2026-05-12 - Inflation and Breadth Regime Watchpoints,,,,needs_review,,scenario:2026-leverage-oil-fed-policy-fragility,0.25,,,,,neo4j-scenario-theory,candidate,,,,scenario_exposure,2026-06-02T14:44:52.969000000Z,,CandidateLink
candidate:scenario-exposure:scenario-2026-leverage-oil-fed-policy-fragility:risk-theme-commodity-inflation:world-macroindicator-2026-05-12-iran-inflation-cpi-and-market-breadth,2026-06-01,,,codex,,,,,,,,2026-06-01,"[""inflation""]",,,scenario_theory_metadata_match,,Scenario metadata overlap between Commodity Inflation and 2026-05-12 - Iran Inflation CPI and Market Breadth,,,,needs_review,,scenario:2026-leverage-oil-fed-policy-fragility,0.25,,,,,neo4j-scenario-theory,candidate,,,,scenario_exposure,2026-06-02T14:44:52.969000000Z,,CandidateLink
candidate:scenario-exposure:scenario-2026-leverage-oil-fed-policy-fragility:risk-theme-commodity-inflation:world-regime-2026-05-14-sticky-inflation-regime-ppi-retail-sales-and-treasury-premium,2026-06-01,,,codex,,,,,,,,2026-06-01,"[""inflation""]",,,scenario_theory_metadata_match,,"Scenario metadata overlap between Commodity Inflation and 2026-05-14 - Sticky Inflation Regime - PPI, Retail Sales, and Treasury Premium",,,,needs_review,,scenario:2026-leverage-oil-fed-policy-fragility,0.25,,,,,neo4j-scenario-theory,candidate,,,,scenario_exposure,2026-06-02T14:44:52.969000000Z,,CandidateLink
candidate:scenario-exposure:scenario-2026-leverage-oil-fed-policy-fragility:risk-theme-commodity-inflation:world-regime-2026-05-26-macro-regime-research-and-inflation-inbox-synthesis,2026-06-01,,,codex,,,,,,,,2026-06-01,"[""inflation""]",,,scenario_theory_metadata_match,,Scenario metadata overlap between Commodity Inflation and 2026-05-26 - Macro Regime Research and Inflation Inbox Synthesis,,,,needs_review,,scenario:2026-leverage-oil-fed-policy-fragility,0.25,,,,,neo4j-scenario-theory,candidate,,,,scenario_exposure,2026-06-02T14:44:52.969000000Z,,CandidateLink
candidate:scenario-exposure:scenario-2026-leverage-oil-fed-policy-fragility:risk-theme-commodity-inflation:world-sector-agriculture-forestry-fishing-and-hunting,2026-06-01,,,codex,,,,,,,,2026-06-01,"[""commodities""]",,,scenario_theory_metadata_match,,Scenario metadata overlap between Commodity Inflation and Agriculture Forestry Fishing and Hunting,,,,needs_review,,scenario:2026-leverage-oil-fed-policy-fragility,0.25,,,,,neo4j-scenario-theory,candidate,,,,scenario_exposure,2026-06-02T14:44:52.969000000Z,,CandidateLink
candidate:scenario-exposure:scenario-2026-leverage-oil-fed-policy-fragility:risk-theme-commodity-inflation:world-macroindicator-cpi-inflation,2026-06-01,,,codex,,,,,,,,2026-06-01,"[""inflation""]",,,scenario_theory_metadata_match,,Scenario metadata overlap between Commodity Inflation and CPI Inflation,,,,needs_review,,scenario:2026-leverage-oil-fed-policy-fragility,0.25,,,,,neo4j-scenario-theory,candidate,,,,scenario_exposure,2026-06-02T14:44:52.969000000Z,,CandidateLink
candidate:scenario-exposure:scenario-2026-leverage-oil-fed-policy-fragility:risk-theme-commodity-inflation:world-macroindicator-ovx,2026-06-01,,,codex,,,,,,,,2026-06-01,"[""commodities""]",,,scenario_theory_metadata_match,,Scenario metadata overlap between Commodity Inflation and Cboe Crude Oil ETF Volatility Index (OVX),,,,needs_review,,scenario:2026-leverage-oil-fed-policy-fragility,0.25,,,,,neo4j-scenario-theory,candidate,,,,scenario_exposure,2026-06-02T14:44:52.969000000Z,,CandidateLink
candidate:scenario-exposure:scenario-2026-leverage-oil-fed-policy-fragility:risk-theme-commodity-inflation:world-macroindicator-cpi,2026-06-01,,,codex,,,,,,,,2026-06-01,"[""inflation""]",,,scenario_theory_metadata_match,,Scenario metadata overlap between Commodity Inflation and Consumer Price Index (CPI),,,,needs_review,,scenario:2026-leverage-oil-fed-policy-fragility,0.25,,,,,neo4j-scenario-theory,candidate,,,,scenario_exposure,2026-06-02T14:44:52.969000000Z,,CandidateLink
candidate:scenario-exposure:scenario-2026-leverage-oil-fed-policy-fragility:risk-theme-commodity-inflation:world-commodity-copper,2026-06-01,,,codex,,,,,,,,2026-06-01,"[""commodities""]",,,scenario_theory_metadata_match,,Scenario metadata overlap between Commodity Inflation and Copper,,,,needs_review,,scenario:2026-leverage-oil-fed-policy-fragility,0.25,,,,,neo4j-scenario-theory,candidate,,,,scenario_exposure,2026-06-02T14:44:52.969000000Z,,CandidateLink
candidate:scenario-exposure:scenario-2026-leverage-oil-fed-policy-fragility:risk-theme-commodity-inflation:world-macroindicator-core-pce,2026-06-01,,,codex,,,,,,,,2026-06-01,"[""inflation""]",,,scenario_theory_metadata_match,,Scenario metadata overlap between Commodity Inflation and Core PCE Price Index,,,,needs_review,,scenario:2026-leverage-oil-fed-policy-fragility,0.25,,,,,neo4j-scenario-theory,candidate,,,,scenario_exposure,2026-06-02T14:44:52.969000000Z,,CandidateLink
candidate:scenario-exposure:scenario-2026-leverage-oil-fed-policy-fragility:risk-theme-commodity-inflation:world-commodity-gold,2026-06-01,,,codex,,,,,,,,2026-06-01,"[""commodities""]",,,scenario_theory_metadata_match,,Scenario metadata overlap between Commodity Inflation and Gold,,,,needs_review,,scenario:2026-leverage-oil-fed-policy-fragility,0.25,,,,,neo4j-scenario-theory,candidate,,,,scenario_exposure,2026-06-02T14:44:52.969000000Z,,CandidateLink
candidate:scenario-exposure:scenario-2026-leverage-oil-fed-policy-fragility:risk-theme-commodity-inflation:world-macroindicator-inflation-breakeven-signals,2026-06-01,,,codex,,,,,,,,2026-06-01,"[""inflation""]",,,scenario_theory_metadata_match,,Scenario metadata overlap between Commodity Inflation and Inflation Breakeven Signals,,,,needs_review,,scenario:2026-leverage-oil-fed-policy-fragility,0.25,,,,,neo4j-scenario-theory,candidate,,,,scenario_exposure,2026-06-02T14:44:52.969000000Z,,CandidateLink
candidate:scenario-exposure:scenario-2026-leverage-oil-fed-policy-fragility:risk-theme-commodity-inflation:world-regime-inflationary-boom,2026-06-01,,,codex,,,,,,,,2026-06-01,"[""inflation""]",,,scenario_theory_metadata_match,,Scenario metadata overlap between Commodity Inflation and Inflationary Boom,,,,needs_review,,scenario:2026-leverage-oil-fed-policy-fragility,0.25,,,,,neo4j-scenario-theory,candidate,,,,scenario_exposure,2026-06-02T14:44:52.969000000Z,,CandidateLink
candidate:scenario-exposure:scenario-2026-leverage-oil-fed-policy-fragility:risk-theme-commodity-inflation:world-macroindicator-labor-market-sweet-spot,2026-06-01,,,codex,,,,,,,,2026-06-01,"[""inflation""]",,,scenario_theory_metadata_match,,Scenario metadata overlap between Commodity Inflation and Labor Market Sweet Spot,,,,needs_review,,scenario:2026-leverage-oil-fed-policy-fragility,0.25,,,,,neo4j-scenario-theory,candidate,,,,scenario_exposure,2026-06-02T14:44:52.969000000Z,,CandidateLink
rel:world-regime-geopolitical-escalation:CANDIDATE_LINK:world-stock-tsla,2026-06-01,,2026-06-01T21:28:48.313000000Z,neo4j-blind-spot-graph,1,,,2026-06-01,,,,2026-06-01,,,,frontmatter_gap,"Confirm with a fresh signal, pull note, or thesis update that connects the stock to the regime.","Stock has sector exposure to a sector touched by this regime, but no direct stock-regime evidence link exists.",,,,needs_review,,,0.22250000000000003,0.050000000000000044,0,1,2026-06-01T21:29:52.188000000Z,blind-spot-graph,candidate,,,,CANDIDATE_LINK,,0.5,CandidateLink
candidate:scenario-exposure:scenario-2026-leverage-oil-fed-policy-fragility:risk-theme-commodity-inflation:world-commodity-lithium,2026-06-01,,,codex,,,,,,,,2026-06-01,"[""commodities""]",,,scenario_theory_metadata_match,,Scenario metadata overlap between Commodity Inflation and Lithium,,,,needs_review,,scenario:2026-leverage-oil-fed-policy-fragility,0.25,,,,,neo4j-scenario-theory,candidate,,,,scenario_exposure,2026-06-02T14:44:52.969000000Z,,CandidateLink
candidate:scenario-exposure:scenario-2026-leverage-oil-fed-policy-fragility:risk-theme-commodity-inflation:world-commodity-natural-gas,2026-06-01,,,codex,,,,,,,,2026-06-01,"[""commodities""]",,,scenario_theory_metadata_match,,Scenario metadata overlap between Commodity Inflation and Natural Gas,,,,needs_review,,scenario:2026-leverage-oil-fed-policy-fragility,0.25,,,,,neo4j-scenario-theory,candidate,,,,scenario_exposure,2026-06-02T14:44:52.969000000Z,,CandidateLink
candidate:scenario-exposure:scenario-2026-leverage-oil-fed-policy-fragility:risk-theme-commodity-inflation:world-commodity-oil,2026-06-01,,,codex,,,,,,,,2026-06-01,"[""commodities""]",,,scenario_theory_metadata_match,,Scenario metadata overlap between Commodity Inflation and Oil,,,,needs_review,,scenario:2026-leverage-oil-fed-policy-fragility,0.25,,,,,neo4j-scenario-theory,candidate,,,,scenario_exposure,2026-06-02T14:44:52.969000000Z,,CandidateLink
candidate:scenario-exposure:scenario-2026-leverage-oil-fed-policy-fragility:risk-theme-commodity-inflation:world-macroindicator-ppi,2026-06-01,,,codex,,,,,,,,2026-06-01,"[""inflation""]",,,scenario_theory_metadata_match,,Scenario metadata overlap between Commodity Inflation and Producer Price Index (PPI),,,,needs_review,,scenario:2026-leverage-oil-fed-policy-fragility,0.25,,,,,neo4j-scenario-theory,candidate,,,,scenario_exposure,2026-06-02T14:44:52.969000000Z,,CandidateLink
rel:world-regime-risk-on:CANDIDATE_LINK:world-stock-pltr,2026-06-01,,2026-06-01T21:28:48.313000000Z,neo4j-blind-spot-graph,1,,,2026-06-01,,,,2026-06-01,,,,frontmatter_gap,"Confirm with a fresh signal, pull note, or thesis update that connects the stock to the regime.","Stock has sector exposure to a sector touched by this regime, but no direct stock-regime evidence link exists.",,,,needs_review,,,0.2,0,0,1,2026-06-01T21:29:52.188000000Z,blind-spot-graph,candidate,,,,CANDIDATE_LINK,,0.5,CandidateLink
candidate:scenario-exposure:scenario-2026-leverage-oil-fed-policy-fragility:risk-theme-commodity-inflation:world-commodity-silver,2026-06-01,,,codex,,,,,,,,2026-06-01,"[""commodities""]",,,scenario_theory_metadata_match,,Scenario metadata overlap between Commodity Inflation and Silver,,,,needs_review,,scenario:2026-leverage-oil-fed-policy-fragility,0.25,,,,,neo4j-scenario-theory,candidate,,,,scenario_exposure,2026-06-02T14:44:52.969000000Z,,CandidateLink
candidate:scenario-exposure:scenario-2026-leverage-oil-fed-policy-fragility:risk-theme-commodity-inflation:world-commodity-wheat,2026-06-01,,,codex,,,,,,,,2026-06-01,"[""commodities""]",,,scenario_theory_metadata_match,,Scenario metadata overlap between Commodity Inflation and Wheat,,,,needs_review,,scenario:2026-leverage-oil-fed-policy-fragility,0.25,,,,,neo4j-scenario-theory,candidate,,,,scenario_exposure,2026-06-02T14:44:52.969000000Z,,CandidateLink
rel:world-regime-risk-on:CANDIDATE_LINK:world-stock-len,2026-06-01,,2026-06-01T21:28:48.313000000Z,neo4j-blind-spot-graph,1,,,2026-06-01,,,,2026-06-01,,,,frontmatter_gap,"Confirm with a fresh signal, pull note, or thesis update that connects the stock to the regime.","Stock has sector exposure to a sector touched by this regime, but no direct stock-regime evidence link exists.",,,,needs_review,,,0.2,0,0,1,2026-06-01T21:29:52.188000000Z,blind-spot-graph,candidate,,,,CANDIDATE_LINK,,0.5,CandidateLink
rel:world-regime-recession:CANDIDATE_LINK:world-stock-axp,2026-06-01,,2026-06-01T21:28:48.313000000Z,neo4j-blind-spot-graph,1,,,2026-06-01,,,,2026-06-01,,,,frontmatter_gap,"Confirm with a fresh signal, pull note, or thesis update that connects the stock to the regime.","Stock has sector exposure to a sector touched by this regime, but no direct stock-regime evidence link exists.",,,,needs_review,,,0.2,0,0,1,2026-06-01T21:29:52.188000000Z,blind-spot-graph,candidate,,,,CANDIDATE_LINK,,0.5,CandidateLink
candidate:world-inbox:bcbc3e1440f31063,,existing_scenario_connection,,,,"[""world:inbox-item:2026-06-02:e182c2c44db392d8"",""world:inbox-item:2026-06-02:6f7d78e8907fe219"",""world:inbox-item:2026-06-02:336c13e5b7628293"",""world:inbox-item:2026-06-02:f50924adfcd43fd7""]","[""FRED Liquidity Pull :: 05_Data_Pulls/Macro/2026-05-07_FRED_Liquidity.md"",""FRED Liquidity Pull :: 05_Data_Pulls/Macro/2026-05-08_FRED_Liquidity.md"",""FRED Liquidity Pull :: 05_Data_Pulls/Macro/2026-05-11_FRED_Liquidity.md"",""FRED Liquidity Pull :: 05_Data_Pulls/Macro/2026-05-12_FRED_Liquidity.md"",""FRED Liquidity Pull :: 05_Data_Pulls/Macro/2026-05-13_FRED_Liquidity.md""]",,world:event-trend:2026-06-02:rates-bonds-and-inflation-expectations,EventTrend,2026-06-02T15:08:08.614000000Z,,,"[""cpi"",""fed"",""inflation"",""rates""]","[""Rates, Bonds, And Inflation Expectations""]",world_machine_inbox_ingestion,,"Does Rates, Bonds, And Inflation Expectations deserve a World_Machine observation, watchpoint, or no-action review?",,,"[""fertilizer-shortage"",""hormuz-oil-shock"",""glp1-supply-chain-shortage""]",needs_review,"[""node run.mjs pull event-research --scenario fertilizer-shortage --dry-run"",""node run.mjs pull event-research --scenario hormuz-oil-shock --dry-run"",""node run.mjs pull event-research --scenario glp1-supply-chain-shortage --dry-run""]",,1,,,,,ingest-world-inbox,candidate,02_Strategy_Development/Watchpoints,scenario:fertilizer-shortage,Scenario,inbox_event_connection,,,CandidateLink
rel:world-regime-rate-cut-cycle:CANDIDATE_LINK:world-stock-nvda,2026-06-01,,2026-06-01T21:28:48.313000000Z,neo4j-blind-spot-graph,1,,,2026-06-01,,,,2026-06-01,,,,frontmatter_gap,"Confirm with a fresh signal, pull note, or thesis update that connects the stock to the regime.","Stock has sector exposure to a sector touched by this regime, but no direct stock-regime evidence link exists.",,,,needs_review,,,0.2,0,0,1,2026-06-01T21:29:52.188000000Z,blind-spot-graph,candidate,,,,CANDIDATE_LINK,,0.5,CandidateLink
candidate:world-inbox:a4105ac57b0694e7,,existing_scenario_connection,,,,"[""world:inbox-item:2026-06-02:e182c2c44db392d8"",""world:inbox-item:2026-06-02:6f7d78e8907fe219""]","[""Disclosure Reality Check :: 05_Data_Pulls/Fundamentals/2026-05-05_Disclosure_Reality_Check.md"",""Disclosure Reality Check :: 05_Data_Pulls/Fundamentals/2026-05-09_Disclosure_Reality_Check.md"",""Disclosure Reality Check :: 05_Data_Pulls/Fundamentals/2026-05-12_Disclosure_Reality_Check.md"",""Disclosure Reality Check :: 05_Data_Pulls/Fundamentals/2026-05-16_Disclosure_Reality_Check.md"",""SEC EDGAR 8-K Filings - All Theses :: 05_Data_Pulls/Government/2026-05-05_SEC_8K_Thesis.md""]",,world:event-trend:2026-06-02:power-grid-and-industrial-capex,EventTrend,2026-06-02T15:08:08.614000000Z,,,"[""data center"",""electricity"",""grid""]","[""Power, Grid, And Industrial Capex""]",world_machine_inbox_ingestion,,"Does Power, Grid, And Industrial Capex deserve a World_Machine observation, watchpoint, or no-action review?",,,"[""ai-data-center-power-bottleneck"",""copper-supply-bottleneck""]",needs_review,"[""node run.mjs pull event-research --scenario ai-data-center-power-bottleneck --dry-run"",""node run.mjs pull event-research --scenario copper-supply-bottleneck --dry-run""]",,0.82,,,,,ingest-world-inbox,candidate,02_Strategy_Development/Watchpoints,scenario:ai-data-center-power-bottleneck,Scenario,inbox_event_connection,,,CandidateLink
candidate:world-inbox:62fa5ac724f388ee,,emerging_event_candidate,,,,"[""world:inbox-item:2026-06-02:6f7d78e8907fe219""]","[""Fresh 52-Week Sinners - FMP Screener :: 05_Data_Pulls/Fundamentals/2026-05-23_FMP_Fresh_52_Week_Sinners_Screen.md"",""Chapter 11 Avoidance Program - FMP Screener :: 05_Data_Pulls/Fundamentals/2026-05-24_FMP_Chapter_11_Avoidance_Screen.md"",""Special Dividend ATM - FMP Screener :: 05_Data_Pulls/Fundamentals/2026-05-24_FMP_Special_Dividend_ATM_Screen.md"",""Working-Capital Houdini - FMP Screener :: 05_Data_Pulls/Fundamentals/2026-05-24_FMP_Working_Capital_Houdini_Screen.md"",""Economic Calendar - FMP (2026-05-04 to 2026-06-03) :: 05_Data_Pulls/Macro/2026-05-04_FMP_EconomicCalendar.md""]",,world:event-trend:2026-06-02:socioeconomic-narrative-risk,EventTrend,2026-06-02T15:08:08.614000000Z,,,"[""consumer"",""labor""]","[""Socioeconomic Narrative Risk""]",world_machine_inbox_ingestion,,"Does Socioeconomic Narrative Risk connect to an existing World_Machine object, or should it remain narrative context?",,,[],needs_review,"[""node run.mjs pull signal-intelligence --scope all --dry-run""]",,1,,,,,ingest-world-inbox,candidate,03_Macro_and_Economy/Observations,unresolved:inbox-event:62fa5ac724f388ee,UnresolvedTarget,inbox_event_connection,,,CandidateLink
candidate:world-inbox:d771aecc85bc85d7,,existing_scenario_connection,,,,"[""world:inbox-item:2026-06-02:e182c2c44db392d8"",""world:inbox-item:2026-06-02:6f7d78e8907fe219"",""world:inbox-item:2026-06-02:f50924adfcd43fd7""]","[""Clinical Trials - Oncology :: 05_Data_Pulls/Biotech/2026-05-09_ClinicalTrials_Oncology.md"",""Chapter 11 Avoidance Program - FMP Screener :: 05_Data_Pulls/Fundamentals/2026-05-23_FMP_Chapter_11_Avoidance_Screen.md"",""Fresh 52-Week Sinners - FMP Screener :: 05_Data_Pulls/Fundamentals/2026-05-23_FMP_Fresh_52_Week_Sinners_Screen.md"",""Momentum With a Helmet On - FMP Screener :: 05_Data_Pulls/Fundamentals/2026-05-23_FMP_Momentum_With_A_Helmet_Screen.md"",""Shareholder Yield All-Stars - FMP Screener :: 05_Data_Pulls/Fundamentals/2026-05-23_FMP_Shareholder_Yield_All_Stars_Screen.md""]",,world:event-trend:2026-06-02:healthcare-pricing-and-policy-pressure,EventTrend,2026-06-02T15:08:08.614000000Z,,,"[""medical"",""prices""]","[""Healthcare Pricing And Policy Pressure""]",world_machine_inbox_ingestion,,"Does Healthcare Pricing And Policy Pressure deserve a World_Machine observation, watchpoint, or no-action review?",,,"[""glp1-supply-chain-shortage""]",needs_review,"[""node run.mjs pull event-research --scenario glp1-supply-chain-shortage --dry-run"",""node run.mjs scan sectors --sector healthcare --dry-run""]",,1,,,,,ingest-world-inbox,candidate,Policy/Observations,scenario:glp1-supply-chain-shortage,Scenario,inbox_event_connection,,,CandidateLink
candidate:world-inbox:a42784534701a093,,existing_scenario_connection,,,,"[""world:inbox-item:2026-06-02:e182c2c44db392d8"",""world:inbox-item:2026-06-02:336c13e5b7628293""]","[""SEC EDGAR 8-K Filings - All Theses :: 05_Data_Pulls/Government/2026-05-05_SEC_8K_Thesis.md"",""SEC EDGAR Sector Overview - Clean Energy :: 05_Data_Pulls/Government/2026-05-05_SEC_Sectors.md"",""SEC EDGAR 8-K Filings - All Theses :: 05_Data_Pulls/Government/2026-05-07_SEC_8K_Thesis.md"",""SEC EDGAR Sector Overview - Clean Energy :: 05_Data_Pulls/Government/2026-05-07_SEC_Sectors.md"",""SEC EDGAR 8-K Filings - All Theses :: 05_Data_Pulls/Government/2026-05-12_SEC_8K_Thesis.md""]",,world:event-trend:2026-06-02:policy-legal-and-liability-friction,EventTrend,2026-06-02T15:08:08.614000000Z,,,"[""policy"",""regulation""]","[""Policy, Legal, And Liability Friction""]",world_machine_inbox_ingestion,,"Does Policy, Legal, And Liability Friction deserve a World_Machine observation, watchpoint, or no-action review?",,,"[""hormuz-oil-shock"",""fertilizer-shortage""]",needs_review,"[""node run.mjs pull event-research --scenario hormuz-oil-shock --dry-run"",""node run.mjs scan sectors --sector industrials --dry-run"",""node run.mjs pull event-research --scenario fertilizer-shortage --dry-run""]",,1,,,,,ingest-world-inbox,candidate,Policy/Observations,scenario:hormuz-oil-shock,Scenario,inbox_event_connection,,,CandidateLink
candidate:world-inbox:77c9feb7542f151c,,existing_scenario_connection,,,,"[""world:inbox-item:2026-06-02:e182c2c44db392d8""]","[""Recent Federal Contract Awards - USASpending :: 05_Data_Pulls/Government/2026-05-05_USASpending_Awards.md"",""Recent Federal Contract Awards - USASpending :: 05_Data_Pulls/Government/2026-05-06_USASpending_Awards.md"",""Recent Federal Contract Awards - USASpending :: 05_Data_Pulls/Government/2026-05-09_USASpending_Awards.md"",""Recent Federal Contract Awards - USASpending :: 05_Data_Pulls/Government/2026-05-16_USASpending_Awards.md""]",,world:event-trend:2026-06-02:market-structure-vs-fundamentals,EventTrend,2026-06-02T15:08:08.614000000Z,,,"[""rally""]","[""Market Structure Vs Fundamentals""]",world_machine_inbox_ingestion,,"Does Market Structure Vs Fundamentals deserve a World_Machine observation, watchpoint, or no-action review?",,,"[""ai-data-center-power-bottleneck"",""copper-supply-bottleneck""]",needs_review,"[""node run.mjs pull event-research --scenario ai-data-center-power-bottleneck --dry-run"",""node run.mjs pull event-research --scenario copper-supply-bottleneck --dry-run""]",,0.3,,,,,ingest-world-inbox,candidate,03_Macro_and_Economy/Observations,scenario:ai-data-center-power-bottleneck,Scenario,inbox_event_connection,,,CandidateLink
candidate:world-inbox:8f04112c50b3e940,,source_gap_followup,,,,"[""world:inbox-item:2026-06-02:f50924adfcd43fd7""]",[],,world:event-trend:2026-06-02:geopolitics-and-capital-access,EventTrend,2026-06-02T15:08:08.614000000Z,,,"[""iran""]","[""Geopolitics And Capital Access""]",world_machine_inbox_ingestion,,Which missing local evidence source should confirm Geopolitics And Capital Access before routing to Reports/Source Gap Register.md?,,,"[""hormuz-oil-shock""]",needs_review,"[""node run.mjs pull event-research --scenario hormuz-oil-shock --dry-run"",""node run.mjs scan sectors --sector energy --dry-run""]",,0.11,,,,,ingest-world-inbox,candidate,Reports/Source Gap Register.md,scenario:hormuz-oil-shock,Scenario,inbox_event_connection,,,CandidateLink
rel:world-regime-risk-on:CANDIDATE_LINK:world-stock-ceg,2026-06-01,,2026-06-01T21:28:48.313000000Z,neo4j-blind-spot-graph,1,,,2026-06-01,,,,2026-06-01,,,,frontmatter_gap,"Confirm with a fresh signal, pull note, or thesis update that connects the stock to the regime.","Stock has sector exposure to a sector touched by this regime, but no direct stock-regime evidence link exists.",,,,needs_review,,,0.2,0,0,1,2026-06-01T21:29:52.188000000Z,blind-spot-graph,candidate,,,,CANDIDATE_LINK,,0.5,CandidateLink
rel:world-regime-goldilocks:CANDIDATE_LINK:world-stock-eh,2026-06-01,,2026-06-01T21:28:48.313000000Z,neo4j-blind-spot-graph,1,,,2026-06-01,,,,2026-06-01,,,,frontmatter_gap,"Confirm with a fresh signal, pull note, or thesis update that connects the stock to the regime.","Stock has sector exposure to a sector touched by this regime, but no direct stock-regime evidence link exists.",,,,needs_review,,,0.2,0,0,1,2026-06-01T21:29:52.188000000Z,blind-spot-graph,candidate,,,,CANDIDATE_LINK,,0.5,CandidateLink
rel:mydata-thesis-aerospace-defense-sector-basket:CANDIDATE_LINK:domain-evidence,2026-06-01,,2026-06-01T21:28:48.313000000Z,neo4j-blind-spot-graph,0,,,2026-06-01,,,,2026-06-01,,,,regime_data_gap,"Review latest signal intelligence, FMP thesis watchlists, and related pull notes.",Thesis has core entities and should be checked for current signal and evidence freshness.,thesis already well-covered; generic evidence target,2026-06-01T21:30:10.663000000Z,,reviewed,,,0,0,0,0,2026-06-01T21:29:52.188000000Z,blind-spot-graph,rejected,,,,CANDIDATE_LINK,,0.25,CandidateLink
rel:mydata-thesis-ai-power-defense-stack:CANDIDATE_LINK:domain-evidence,2026-06-01,,2026-06-01T21:28:48.313000000Z,neo4j-blind-spot-graph,0,,,2026-06-01,,,,2026-06-01,,,,regime_data_gap,"Review latest signal intelligence, FMP thesis watchlists, and related pull notes.",Thesis has core entities and should be checked for current signal and evidence freshness.,thesis already well-covered; generic evidence target,2026-06-01T21:30:10.663000000Z,,reviewed,,,0.02250000000000002,0.050000000000000044,0,0,2026-06-01T21:29:52.188000000Z,blind-spot-graph,rejected,,,,CANDIDATE_LINK,,0.25,CandidateLink
rel:mydata-thesis-ai-power-infrastructure:CANDIDATE_LINK:domain-evidence,2026-06-01,,2026-06-01T21:28:48.313000000Z,neo4j-blind-spot-graph,0,,,2026-06-01,,,,2026-06-01,,,,regime_data_gap,"Review latest signal intelligence, FMP thesis watchlists, and related pull notes.",Thesis has core entities and should be checked for current signal and evidence freshness.,thesis already well-covered; generic evidence target,2026-06-01T21:30:10.663000000Z,,reviewed,,,0,0,0,0,2026-06-01T21:29:52.188000000Z,blind-spot-graph,rejected,,,,CANDIDATE_LINK,,0.25,CandidateLink
rel:mydata-thesis-alzheimers-disease-modification:CANDIDATE_LINK:domain-evidence,2026-06-01,,2026-06-01T21:28:48.313000000Z,neo4j-blind-spot-graph,0,,,2026-06-01,,,,2026-06-01,,,,regime_data_gap,"Review latest signal intelligence, FMP thesis watchlists, and related pull notes.",Thesis has core entities and should be checked for current signal and evidence freshness.,thesis already well-covered; generic evidence target,2026-06-01T21:30:10.663000000Z,,reviewed,,,0,0,0,0,2026-06-01T21:29:52.188000000Z,blind-spot-graph,rejected,,,,CANDIDATE_LINK,,0.25,CandidateLink
rel:mydata-thesis-antimicrobial-resistance-pipeline:CANDIDATE_LINK:domain-evidence,2026-06-01,,2026-06-01T21:28:48.313000000Z,neo4j-blind-spot-graph,0,,,2026-06-01,,,,2026-06-01,,,,regime_data_gap,"Review latest signal intelligence, FMP thesis watchlists, and related pull notes.",Thesis has core entities and should be checked for current signal and evidence freshness.,thesis already well-covered; generic evidence target,2026-06-01T21:30:10.663000000Z,,reviewed,,,0,0,0,0,2026-06-01T21:29:52.188000000Z,blind-spot-graph,rejected,,,,CANDIDATE_LINK,,0.25,CandidateLink
rel:mydata-thesis-bioengineered-food-systems:CANDIDATE_LINK:domain-evidence,2026-06-01,,2026-06-01T21:28:48.313000000Z,neo4j-blind-spot-graph,0,,,2026-06-01,,,,2026-06-01,,,,regime_data_gap,"Review latest signal intelligence, FMP thesis watchlists, and related pull notes.",Thesis has core entities and should be checked for current signal and evidence freshness.,thesis already well-covered; generic evidence target,2026-06-01T21:30:10.663000000Z,,reviewed,,,0,0,0,0,2026-06-01T21:29:52.188000000Z,blind-spot-graph,rejected,,,,CANDIDATE_LINK,,0.25,CandidateLink
rel:mydata-thesis-buffett-style-quality-compounders:CANDIDATE_LINK:domain-evidence,2026-06-01,,2026-06-01T21:28:48.313000000Z,neo4j-blind-spot-graph,0,,,2026-06-01,,,,2026-06-01,,,,regime_data_gap,"Review latest signal intelligence, FMP thesis watchlists, and related pull notes.",Thesis has core entities and should be checked for current signal and evidence freshness.,thesis already well-covered; generic evidence target,2026-06-01T21:30:10.663000000Z,,reviewed,,,0,0,0,0,2026-06-01T21:29:52.188000000Z,blind-spot-graph,rejected,,,,CANDIDATE_LINK,,0.25,CandidateLink
rel:mydata-thesis-biosecurity-compute-convergence:CANDIDATE_LINK:domain-evidence,2026-06-01,,2026-06-01T21:28:48.313000000Z,neo4j-blind-spot-graph,0,,,2026-06-01,,,,2026-06-01,,,,regime_data_gap,"Review latest signal intelligence, FMP thesis watchlists, and related pull notes.",Thesis has core entities and should be checked for current signal and evidence freshness.,thesis already well-covered; generic evidence target,2026-06-01T21:30:10.663000000Z,,reviewed,,,0.02250000000000002,0.050000000000000044,0,0,2026-06-01T21:29:52.188000000Z,blind-spot-graph,rejected,,,,CANDIDATE_LINK,,0.25,CandidateLink
rel:mydata-thesis-capital-raise-survivors-small-cap-inflection-basket:CANDIDATE_LINK:domain-evidence,2026-06-01,,2026-06-01T21:28:48.313000000Z,neo4j-blind-spot-graph,0,,,2026-06-01,,,,2026-06-01,,,,regime_data_gap,"Review latest signal intelligence, FMP thesis watchlists, and related pull notes.",Thesis has core entities and should be checked for current signal and evidence freshness.,thesis already well-covered; generic evidence target,2026-06-01T21:30:10.663000000Z,,reviewed,,,0,0,0,0,2026-06-01T21:29:52.188000000Z,blind-spot-graph,rejected,,,,CANDIDATE_LINK,,0.25,CandidateLink
rel:mydata-thesis-communication-services-sector-basket:CANDIDATE_LINK:domain-evidence,2026-06-01,,2026-06-01T21:28:48.313000000Z,neo4j-blind-spot-graph,0,,,2026-06-01,,,,2026-06-01,,,,regime_data_gap,"Review latest signal intelligence, FMP thesis watchlists, and related pull notes.",Thesis has core entities and should be checked for current signal and evidence freshness.,thesis already well-covered; generic evidence target,2026-06-01T21:30:10.663000000Z,,reviewed,,,0.04499999999999999,0.09999999999999998,0,0,2026-06-01T21:29:52.188000000Z,blind-spot-graph,rejected,,,,CANDIDATE_LINK,,0.25,CandidateLink
rel:mydata-thesis-consumer-discretionary-sector-basket:CANDIDATE_LINK:domain-evidence,2026-06-01,,2026-06-01T21:28:48.313000000Z,neo4j-blind-spot-graph,0,,,2026-06-01,,,,2026-06-01,,,,regime_data_gap,"Review latest signal intelligence, FMP thesis watchlists, and related pull notes.",Thesis has core entities and should be checked for current signal and evidence freshness.,thesis already well-covered; generic evidence target,2026-06-01T21:30:10.663000000Z,,reviewed,,,0.02250000000000002,0.050000000000000044,0,0,2026-06-01T21:29:52.188000000Z,blind-spot-graph,rejected,,,,CANDIDATE_LINK,,0.25,CandidateLink
rel:mydata-thesis-consumer-staples-sector-basket:CANDIDATE_LINK:domain-evidence,2026-06-01,,2026-06-01T21:28:48.313000000Z,neo4j-blind-spot-graph,0,,,2026-06-01,,,,2026-06-01,,,,regime_data_gap,"Review latest signal intelligence, FMP thesis watchlists, and related pull notes.",Thesis has core entities and should be checked for current signal and evidence freshness.,thesis already well-covered; generic evidence target,2026-06-01T21:30:10.663000000Z,,reviewed,,,0.08999999999999998,0.19999999999999996,0,0,2026-06-01T21:29:52.188000000Z,blind-spot-graph,rejected,,,,CANDIDATE_LINK,,0.25,CandidateLink
rel:mydata-thesis-dalio-style-all-weather-hard-assets:CANDIDATE_LINK:domain-evidence,2026-06-01,,2026-06-01T21:28:48.313000000Z,neo4j-blind-spot-graph,0,,,2026-06-01,,,,2026-06-01,,,,regime_data_gap,"Review latest signal intelligence, FMP thesis watchlists, and related pull notes.",Thesis has core entities and should be checked for current signal and evidence freshness.,thesis already well-covered; generic evidence target,2026-06-01T21:30:10.663000000Z,,reviewed,,,0,0,0,0,2026-06-01T21:29:52.188000000Z,blind-spot-graph,rejected,,,,CANDIDATE_LINK,,0.25,CandidateLink
rel:mydata-thesis-defense-ai-autonomous-warfare:CANDIDATE_LINK:domain-evidence,2026-06-01,,2026-06-01T21:28:48.313000000Z,neo4j-blind-spot-graph,0,,,2026-06-01,,,,2026-06-01,,,,regime_data_gap,"Review latest signal intelligence, FMP thesis watchlists, and related pull notes.",Thesis has core entities and should be checked for current signal and evidence freshness.,thesis already well-covered; generic evidence target,2026-06-01T21:30:10.663000000Z,,reviewed,,,0,0,0,0,2026-06-01T21:29:52.188000000Z,blind-spot-graph,rejected,,,,CANDIDATE_LINK,,0.25,CandidateLink
rel:mydata-thesis-dollar-debasement-hard-money:CANDIDATE_LINK:domain-evidence,2026-06-01,,2026-06-01T21:28:48.313000000Z,neo4j-blind-spot-graph,0,,,2026-06-01,,,,2026-06-01,,,,regime_data_gap,"Review latest signal intelligence, FMP thesis watchlists, and related pull notes.",Thesis has core entities and should be checked for current signal and evidence freshness.,thesis already well-covered; generic evidence target,2026-06-01T21:30:10.663000000Z,,reviewed,,,0,0,0,0,2026-06-01T21:29:52.188000000Z,blind-spot-graph,rejected,,,,CANDIDATE_LINK,,0.25,CandidateLink
rel:world-bill-hr-8479-protecting-consumers-from-deceptive-ai-act:CANDIDATE_LINK:world-sector-tech,2026-06-01,,2026-06-01T21:28:48.313000000Z,neo4j-blind-spot-graph,1,,,2026-06-01,,,,2026-06-01,,,,frontmatter_gap,"Find a My_Data pull note, market reaction, or source note that confirms sector impact.","Policy or politics item targets this sector, but market-impact evidence has not been confirmed.",,,,needs_review,,,0.8200000000000001,0.6,1,1,2026-06-01T21:29:52.188000000Z,blind-spot-graph,candidate,,,,CANDIDATE_LINK,,0.5,CandidateLink
rel:mydata-thesis-drone-autonomous-systems-revolution:CANDIDATE_LINK:domain-evidence,2026-06-01,,2026-06-01T21:28:48.313000000Z,neo4j-blind-spot-graph,0,,,2026-06-01,,,,2026-06-01,,,,regime_data_gap,"Review latest signal intelligence, FMP thesis watchlists, and related pull notes.",Thesis has core entities and should be checked for current signal and evidence freshness.,thesis already well-covered; generic evidence target,2026-06-01T21:30:10.663000000Z,,reviewed,,,0,0,0,0,2026-06-01T21:29:52.188000000Z,blind-spot-graph,rejected,,,,CANDIDATE_LINK,,0.25,CandidateLink
rel:mydata-thesis-druckenmiller-style-secular-trend-leaders:CANDIDATE_LINK:domain-evidence,2026-06-01,,2026-06-01T21:28:48.313000000Z,neo4j-blind-spot-graph,0,,,2026-06-01,,,,2026-06-01,,,,regime_data_gap,"Review latest signal intelligence, FMP thesis watchlists, and related pull notes.",Thesis has core entities and should be checked for current signal and evidence freshness.,thesis already well-covered; generic evidence target,2026-06-01T21:30:10.663000000Z,,reviewed,,,0,0,0,0,2026-06-01T21:29:52.188000000Z,blind-spot-graph,rejected,,,,CANDIDATE_LINK,,0.25,CandidateLink
rel:mydata-thesis-financials-sector-basket:CANDIDATE_LINK:domain-evidence,2026-06-01,,2026-06-01T21:28:48.313000000Z,neo4j-blind-spot-graph,0,,,2026-06-01,,,,2026-06-01,,,,regime_data_gap,"Review latest signal intelligence, FMP thesis watchlists, and related pull notes.",Thesis has core entities and should be checked for current signal and evidence freshness.,thesis already well-covered; generic evidence target,2026-06-01T21:30:10.663000000Z,,reviewed,,,0.06750000000000002,0.15000000000000002,0,0,2026-06-01T21:29:52.188000000Z,blind-spot-graph,rejected,,,,CANDIDATE_LINK,,0.25,CandidateLink
rel:mydata-thesis-energy-sector-basket:CANDIDATE_LINK:domain-evidence,2026-06-01,,2026-06-01T21:28:48.313000000Z,neo4j-blind-spot-graph,0,,,2026-06-01,,,,2026-06-01,,,,regime_data_gap,"Review latest signal intelligence, FMP thesis watchlists, and related pull notes.",Thesis has core entities and should be checked for current signal and evidence freshness.,thesis already well-covered; generic evidence target,2026-06-01T21:30:10.663000000Z,,reviewed,,,0.06750000000000002,0.15000000000000002,0,0,2026-06-01T21:29:52.188000000Z,blind-spot-graph,rejected,,,,CANDIDATE_LINK,,0.25,CandidateLink
rel:mydata-thesis-fiscal-scarcity-rearmament:CANDIDATE_LINK:domain-evidence,2026-06-01,,2026-06-01T21:28:48.313000000Z,neo4j-blind-spot-graph,0,,,2026-06-01,,,,2026-06-01,,,,regime_data_gap,"Review latest signal intelligence, FMP thesis watchlists, and related pull notes.",Thesis has core entities and should be checked for current signal and evidence freshness.,thesis already well-covered; generic evidence target,2026-06-01T21:30:10.663000000Z,,reviewed,,,0.04499999999999999,0.09999999999999998,0,0,2026-06-01T21:29:52.188000000Z,blind-spot-graph,rejected,,,,CANDIDATE_LINK,,0.25,CandidateLink
rel:mydata-thesis-gene-editing-crispr-therapeutics:CANDIDATE_LINK:domain-evidence,2026-06-01,,2026-06-01T21:28:48.313000000Z,neo4j-blind-spot-graph,0,,,2026-06-01,,,,2026-06-01,,,,regime_data_gap,"Review latest signal intelligence, FMP thesis watchlists, and related pull notes.",Thesis has core entities and should be checked for current signal and evidence freshness.,thesis already well-covered; generic evidence target,2026-06-01T21:30:10.663000000Z,,reviewed,,,0,0,0,0,2026-06-01T21:29:52.188000000Z,blind-spot-graph,rejected,,,,CANDIDATE_LINK,,0.25,CandidateLink
rel:mydata-thesis-glp-1-metabolic-disease-revolution:CANDIDATE_LINK:domain-evidence,2026-06-01,,2026-06-01T21:28:48.313000000Z,neo4j-blind-spot-graph,0,,,2026-06-01,,,,2026-06-01,,,,regime_data_gap,"Review latest signal intelligence, FMP thesis watchlists, and related pull notes.",Thesis has core entities and should be checked for current signal and evidence freshness.,thesis already well-covered; generic evidence target,2026-06-01T21:30:10.663000000Z,,reviewed,,,0,0,0,0,2026-06-01T21:29:52.188000000Z,blind-spot-graph,rejected,,,,CANDIDATE_LINK,,0.25,CandidateLink
rel:mydata-thesis-graham-style-deep-value-re-rating:CANDIDATE_LINK:domain-evidence,2026-06-01,,2026-06-01T21:28:48.313000000Z,neo4j-blind-spot-graph,0,,,2026-06-01,,,,2026-06-01,,,,regime_data_gap,"Review latest signal intelligence, FMP thesis watchlists, and related pull notes.",Thesis has core entities and should be checked for current signal and evidence freshness.,thesis already well-covered; generic evidence target,2026-06-01T21:30:10.663000000Z,,reviewed,,,0,0,0,0,2026-06-01T21:29:52.188000000Z,blind-spot-graph,rejected,,,,CANDIDATE_LINK,,0.25,CandidateLink
rel:mydata-thesis-grid-scale-battery-storage:CANDIDATE_LINK:domain-evidence,2026-06-01,,2026-06-01T21:28:48.313000000Z,neo4j-blind-spot-graph,0,,,2026-06-01,,,,2026-06-01,,,,regime_data_gap,"Review latest signal intelligence, FMP thesis watchlists, and related pull notes.",Thesis has core entities and should be checked for current signal and evidence freshness.,thesis already well-covered; generic evidence target,2026-06-01T21:30:10.663000000Z,,reviewed,,,0,0,0,0,2026-06-01T21:29:52.188000000Z,blind-spot-graph,rejected,,,,CANDIDATE_LINK,,0.25,CandidateLink
rel:mydata-thesis-grid-equipment-bottleneck:CANDIDATE_LINK:domain-evidence,2026-06-01,,2026-06-01T21:28:48.313000000Z,neo4j-blind-spot-graph,0,,,2026-06-01,,,,2026-06-01,,,,regime_data_gap,"Review latest signal intelligence, FMP thesis watchlists, and related pull notes.",Thesis has core entities and should be checked for current signal and evidence freshness.,thesis already well-covered; generic evidence target,2026-06-01T21:30:10.663000000Z,,reviewed,,,0,0,0,0,2026-06-01T21:29:52.188000000Z,blind-spot-graph,rejected,,,,CANDIDATE_LINK,,0.25,CandidateLink
rel:mydata-thesis-healthcare-sector-basket:CANDIDATE_LINK:domain-evidence,2026-06-01,,2026-06-01T21:28:48.313000000Z,neo4j-blind-spot-graph,0,,,2026-06-01,,,,2026-06-01,,,,regime_data_gap,"Review latest signal intelligence, FMP thesis watchlists, and related pull notes.",Thesis has core entities and should be checked for current signal and evidence freshness.,thesis already well-covered; generic evidence target,2026-06-01T21:30:10.663000000Z,,reviewed,,,0.06750000000000002,0.15000000000000002,0,0,2026-06-01T21:29:52.188000000Z,blind-spot-graph,rejected,,,,CANDIDATE_LINK,,0.25,CandidateLink
rel:mydata-thesis-housing-supply-correction:CANDIDATE_LINK:domain-evidence,2026-06-01,,2026-06-01T21:28:48.313000000Z,neo4j-blind-spot-graph,0,,,2026-06-01,,,,2026-06-01,,,,regime_data_gap,"Review latest signal intelligence, FMP thesis watchlists, and related pull notes.",Thesis has core entities and should be checked for current signal and evidence freshness.,thesis already well-covered; generic evidence target,2026-06-01T21:30:10.663000000Z,,reviewed,,,0,0,0,0,2026-06-01T21:29:52.188000000Z,blind-spot-graph,rejected,,,,CANDIDATE_LINK,,0.25,CandidateLink
rel:mydata-thesis-humanoid-robotics:CANDIDATE_LINK:domain-evidence,2026-06-01,,2026-06-01T21:28:48.313000000Z,neo4j-blind-spot-graph,0,,,2026-06-01,,,,2026-06-01,,,,regime_data_gap,"Review latest signal intelligence, FMP thesis watchlists, and related pull notes.",Thesis has core entities and should be checked for current signal and evidence freshness.,thesis already well-covered; generic evidence target,2026-06-01T21:30:10.663000000Z,,reviewed,,,0,0,0,0,2026-06-01T21:29:52.188000000Z,blind-spot-graph,rejected,,,,CANDIDATE_LINK,,0.25,CandidateLink
rel:mydata-thesis-industrials-sector-basket:CANDIDATE_LINK:domain-evidence,2026-06-01,,2026-06-01T21:28:48.313000000Z,neo4j-blind-spot-graph,0,,,2026-06-01,,,,2026-06-01,,,,regime_data_gap,"Review latest signal intelligence, FMP thesis watchlists, and related pull notes.",Thesis has core entities and should be checked for current signal and evidence freshness.,thesis already well-covered; generic evidence target,2026-06-01T21:30:10.663000000Z,,reviewed,,,0.04499999999999999,0.09999999999999998,0,0,2026-06-01T21:29:52.188000000Z,blind-spot-graph,rejected,,,,CANDIDATE_LINK,,0.25,CandidateLink
rel:mydata-thesis-hypersonic-weapons-advanced-defense:CANDIDATE_LINK:domain-evidence,2026-06-01,,2026-06-01T21:28:48.313000000Z,neo4j-blind-spot-graph,0,,,2026-06-01,,,,2026-06-01,,,,regime_data_gap,"Review latest signal intelligence, FMP thesis watchlists, and related pull notes.",Thesis has core entities and should be checked for current signal and evidence freshness.,thesis already well-covered; generic evidence target,2026-06-01T21:30:10.663000000Z,,reviewed,,,0,0,0,0,2026-06-01T21:29:52.188000000Z,blind-spot-graph,rejected,,,,CANDIDATE_LINK,,0.25,CandidateLink
rel:mydata-thesis-longevity-aging-biology:CANDIDATE_LINK:domain-evidence,2026-06-01,,2026-06-01T21:28:48.313000000Z,neo4j-blind-spot-graph,0,,,2026-06-01,,,,2026-06-01,,,,regime_data_gap,"Review latest signal intelligence, FMP thesis watchlists, and related pull notes.",Thesis has core entities and should be checked for current signal and evidence freshness.,,,,needs_review,,,0.13500000000000004,0.30000000000000004,0,0,2026-06-01T21:29:52.188000000Z,blind-spot-graph,candidate,,,,CANDIDATE_LINK,,0.25,CandidateLink
rel:mydata-thesis-lynch-style-garp-leaders:CANDIDATE_LINK:domain-evidence,2026-06-01,,2026-06-01T21:28:48.313000000Z,neo4j-blind-spot-graph,0,,,2026-06-01,,,,2026-06-01,,,,regime_data_gap,"Review latest signal intelligence, FMP thesis watchlists, and related pull notes.",Thesis has core entities and should be checked for current signal and evidence freshness.,thesis already well-covered; generic evidence target,2026-06-01T21:30:10.663000000Z,,reviewed,,,0,0,0,0,2026-06-01T21:29:52.188000000Z,blind-spot-graph,rejected,,,,CANDIDATE_LINK,,0.25,CandidateLink
rel:mydata-thesis-materials-sector-basket:CANDIDATE_LINK:domain-evidence,2026-06-01,,2026-06-01T21:28:48.313000000Z,neo4j-blind-spot-graph,0,,,2026-06-01,,,,2026-06-01,,,,regime_data_gap,"Review latest signal intelligence, FMP thesis watchlists, and related pull notes.",Thesis has core entities and should be checked for current signal and evidence freshness.,thesis already well-covered; generic evidence target,2026-06-01T21:30:10.663000000Z,,reviewed,,,0.08999999999999998,0.19999999999999996,0,0,2026-06-01T21:29:52.188000000Z,blind-spot-graph,rejected,,,,CANDIDATE_LINK,,0.25,CandidateLink
rel:mydata-thesis-nuclear-renaissance-smrs:CANDIDATE_LINK:domain-evidence,2026-06-01,,2026-06-01T21:28:48.313000000Z,neo4j-blind-spot-graph,0,,,2026-06-01,,,,2026-06-01,,,,regime_data_gap,"Review latest signal intelligence, FMP thesis watchlists, and related pull notes.",Thesis has core entities and should be checked for current signal and evidence freshness.,thesis already well-covered; generic evidence target,2026-06-01T21:30:10.663000000Z,,reviewed,,,0,0,0,0,2026-06-01T21:29:52.188000000Z,blind-spot-graph,rejected,,,,CANDIDATE_LINK,,0.25,CandidateLink
rel:mydata-thesis-psychedelic-mental-health-revolution:CANDIDATE_LINK:domain-evidence,2026-06-01,,2026-06-01T21:28:48.313000000Z,neo4j-blind-spot-graph,0,,,2026-06-01,,,,2026-06-01,,,,regime_data_gap,"Review latest signal intelligence, FMP thesis watchlists, and related pull notes.",Thesis has core entities and should be checked for current signal and evidence freshness.,thesis already well-covered; generic evidence target,2026-06-01T21:30:10.663000000Z,,reviewed,,,0,0,0,0,2026-06-01T21:29:52.188000000Z,blind-spot-graph,rejected,,,,CANDIDATE_LINK,,0.25,CandidateLink
rel:mydata-thesis-quantum-computing:CANDIDATE_LINK:domain-evidence,2026-06-01,,2026-06-01T21:28:48.313000000Z,neo4j-blind-spot-graph,0,,,2026-06-01,,,,2026-06-01,,,,regime_data_gap,"Review latest signal intelligence, FMP thesis watchlists, and related pull notes.",Thesis has core entities and should be checked for current signal and evidence freshness.,thesis already well-covered; generic evidence target,2026-06-01T21:30:10.663000000Z,,reviewed,,,0,0,0,0,2026-06-01T21:29:52.188000000Z,blind-spot-graph,rejected,,,,CANDIDATE_LINK,,0.25,CandidateLink
rel:mydata-thesis-real-estate-sector-basket:CANDIDATE_LINK:domain-evidence,2026-06-01,,2026-06-01T21:28:48.313000000Z,neo4j-blind-spot-graph,0,,,2026-06-01,,,,2026-06-01,,,,regime_data_gap,"Review latest signal intelligence, FMP thesis watchlists, and related pull notes.",Thesis has core entities and should be checked for current signal and evidence freshness.,thesis already well-covered; generic evidence target,2026-06-01T21:30:10.663000000Z,,reviewed,,,0.04499999999999999,0.09999999999999998,0,0,2026-06-01T21:29:52.188000000Z,blind-spot-graph,rejected,,,,CANDIDATE_LINK,,0.25,CandidateLink
rel:mydata-thesis-semiconductor-sovereignty-chips-act:CANDIDATE_LINK:domain-evidence,2026-06-01,,2026-06-01T21:28:48.313000000Z,neo4j-blind-spot-graph,0,,,2026-06-01,,,,2026-06-01,,,,regime_data_gap,"Review latest signal intelligence, FMP thesis watchlists, and related pull notes.",Thesis has core entities and should be checked for current signal and evidence freshness.,thesis already well-covered; generic evidence target,2026-06-01T21:30:10.663000000Z,,reviewed,,,0,0,0,0,2026-06-01T21:29:52.188000000Z,blind-spot-graph,rejected,,,,CANDIDATE_LINK,,0.25,CandidateLink
rel:mydata-thesis-space-domain-awareness:CANDIDATE_LINK:domain-evidence,2026-06-01,,2026-06-01T21:28:48.313000000Z,neo4j-blind-spot-graph,0,,,2026-06-01,,,,2026-06-01,,,,regime_data_gap,"Review latest signal intelligence, FMP thesis watchlists, and related pull notes.",Thesis has core entities and should be checked for current signal and evidence freshness.,thesis already well-covered; generic evidence target,2026-06-01T21:30:10.663000000Z,,reviewed,,,0,0,0,0,2026-06-01T21:29:52.188000000Z,blind-spot-graph,rejected,,,,CANDIDATE_LINK,,0.25,CandidateLink
rel:mydata-thesis-simons-style-quant-momentum-breadth:CANDIDATE_LINK:domain-evidence,2026-06-01,,2026-06-01T21:28:48.313000000Z,neo4j-blind-spot-graph,0,,,2026-06-01,,,,2026-06-01,,,,regime_data_gap,"Review latest signal intelligence, FMP thesis watchlists, and related pull notes.",Thesis has core entities and should be checked for current signal and evidence freshness.,thesis already well-covered; generic evidence target,2026-06-01T21:30:10.663000000Z,,reviewed,,,0,0,0,0,2026-06-01T21:29:52.188000000Z,blind-spot-graph,rejected,,,,CANDIDATE_LINK,,0.25,CandidateLink
rel:mydata-thesis-spy-qqq-entropy-expansion-monitor:CANDIDATE_LINK:domain-evidence,2026-06-01,,2026-06-01T21:28:48.313000000Z,neo4j-blind-spot-graph,0,,,2026-06-01,,,,2026-06-01,,,,regime_data_gap,"Review latest signal intelligence, FMP thesis watchlists, and related pull notes.",Thesis has core entities and should be checked for current signal and evidence freshness.,,,,needs_review,,,0.665,0.7,1,0,2026-06-01T21:29:52.188000000Z,blind-spot-graph,candidate,,,,CANDIDATE_LINK,,0.25,CandidateLink
rel:mydata-thesis-tech-sector-basket:CANDIDATE_LINK:domain-evidence,2026-06-01,,2026-06-01T21:28:48.313000000Z,neo4j-blind-spot-graph,0,,,2026-06-01,,,,2026-06-01,,,,regime_data_gap,"Review latest signal intelligence, FMP thesis watchlists, and related pull notes.",Thesis has core entities and should be checked for current signal and evidence freshness.,thesis already well-covered; generic evidence target,2026-06-01T21:30:10.663000000Z,,reviewed,,,0.06750000000000002,0.15000000000000002,0,0,2026-06-01T21:29:52.188000000Z,blind-spot-graph,rejected,,,,CANDIDATE_LINK,,0.25,CandidateLink
rel:mydata-thesis-utilities-sector-basket:CANDIDATE_LINK:domain-evidence,2026-06-01,,2026-06-01T21:28:48.313000000Z,neo4j-blind-spot-graph,0,,,2026-06-01,,,,2026-06-01,,,,regime_data_gap,"Review latest signal intelligence, FMP thesis watchlists, and related pull notes.",Thesis has core entities and should be checked for current signal and evidence freshness.,thesis already well-covered; generic evidence target,2026-06-01T21:30:10.663000000Z,,reviewed,,,0.06750000000000002,0.15000000000000002,0,0,2026-06-01T21:29:52.188000000Z,blind-spot-graph,rejected,,,,CANDIDATE_LINK,,0.25,CandidateLink
rel:world-bill-ca-ab-412-generative-ai-training-data-copyrighted-materials:CANDIDATE_LINK:world-sector-tech,2026-06-01,,2026-06-01T21:28:48.313000000Z,neo4j-blind-spot-graph,1,,,2026-06-01,,,,2026-06-01,,,,frontmatter_gap,"Find a My_Data pull note, market reaction, or source note that confirms sector impact.","Policy or politics item targets this sector, but market-impact evidence has not been confirmed.",,,,needs_review,,,0.9324999999999999,0.85,1,1,2026-06-01T21:29:52.188000000Z,blind-spot-graph,candidate,,,,CANDIDATE_LINK,,0.5,CandidateLink
rel:world-bill-ca-ab-736-affordable-housing-bond-act-of-2026:CANDIDATE_LINK:world-entity-housing,2026-06-01,,2026-06-01T21:28:48.313000000Z,neo4j-blind-spot-graph,1,,,2026-06-01,,,,2026-06-01,,,,frontmatter_gap,"Find a My_Data pull note, market reaction, or source note that confirms sector impact.","Policy or politics item targets this sector, but market-impact evidence has not been confirmed.",,,,needs_review,,,0.8125,0.85,1,0.4,2026-06-01T21:29:52.188000000Z,blind-spot-graph,candidate,,,,CANDIDATE_LINK,,0.5,CandidateLink
rel:world-bill-ca-sb-903-mental-health-ai:CANDIDATE_LINK:world-sector-tech,2026-06-01,,2026-06-01T21:28:48.313000000Z,neo4j-blind-spot-graph,1,,,2026-06-01,,,,2026-06-01,,,,frontmatter_gap,"Find a My_Data pull note, market reaction, or source note that confirms sector impact.","Policy or politics item targets this sector, but market-impact evidence has not been confirmed.",,,,needs_review,,,0.9324999999999999,0.85,1,1,2026-06-01T21:29:52.188000000Z,blind-spot-graph,candidate,,,,CANDIDATE_LINK,,0.5,CandidateLink
rel:world-bill-s-4424-ndaa-fy2021-higher-ed-institutional-prohibition:CANDIDATE_LINK:world-sector-defense,2026-06-01,,2026-06-01T21:28:48.313000000Z,neo4j-blind-spot-graph,1,,,2026-06-01,,,,2026-06-01,,,,frontmatter_gap,"Find a My_Data pull note, market reaction, or source note that confirms sector impact.","Policy or politics item targets this sector, but market-impact evidence has not been confirmed.",,,,needs_review,,,0.8425,0.65,1,1,2026-06-01T21:29:52.188000000Z,blind-spot-graph,candidate,,,,CANDIDATE_LINK,,0.5,CandidateLink
rel:world-bill-template-bill:CANDIDATE_LINK:world-sector-tech,2026-06-01,,2026-06-01T21:28:48.313000000Z,neo4j-blind-spot-graph,1,,,2026-06-01,,,,2026-06-01,,,,frontmatter_gap,"Find a My_Data pull note, market reaction, or source note that confirms sector impact.","Policy or politics item targets this sector, but market-impact evidence has not been confirmed.",,,,needs_review,,,0.865,0.7,1,1,2026-06-01T21:29:52.188000000Z,blind-spot-graph,candidate,,,,CANDIDATE_LINK,,0.5,CandidateLink
rel:world-bill-s-4459-expanding-appalachia-s-broadband-access-act:CANDIDATE_LINK:world-sector-tech,2026-06-01,,2026-06-01T21:28:48.313000000Z,neo4j-blind-spot-graph,1,,,2026-06-01,,,,2026-06-01,,,,frontmatter_gap,"Find a My_Data pull note, market reaction, or source note that confirms sector impact.","Policy or politics item targets this sector, but market-impact evidence has not been confirmed.",,,,needs_review,,,0.8425,0.65,1,1,2026-06-01T21:29:52.188000000Z,blind-spot-graph,candidate,,,,CANDIDATE_LINK,,0.5,CandidateLink
rel:world-lobbyingcampaign-template-lobbying-firm:CANDIDATE_LINK:world-sector-primary-client-sectors,2026-06-01,,2026-06-01T21:28:48.313000000Z,neo4j-blind-spot-graph,1,,,2026-06-01,,,,2026-06-01,,,,frontmatter_gap,"Find a My_Data pull note, market reaction, or source note that confirms sector impact.","Policy or politics item targets this sector, but market-impact evidence has not been confirmed.",,,,needs_review,,,0.8875,0.75,1,1,2026-06-01T21:29:52.188000000Z,blind-spot-graph,candidate,,,,CANDIDATE_LINK,,0.5,CandidateLink
rel:world-newsitem-gold-miners-are-a-screaming-buy-here:CANDIDATE_LINK:world-regime-stagflation,2026-06-01,,2026-06-01T21:28:48.313000000Z,neo4j-blind-spot-graph,0,,,2026-06-01,,,,2026-06-01,,,,source_gap,"Confirm with local pull notes, signal intelligence, or event research before promotion.",News/source item mentions a regime theme without confirmed My_Data evidence.,,,,needs_review,,,0.9775,0.95,1,1,2026-06-01T21:29:52.188000000Z,blind-spot-graph,candidate,,,,CANDIDATE_LINK,,0.25,CandidateLink
rel:world-newsitem-inbox-ingestion-runbook:CANDIDATE_LINK:world-regime-regime-name,2026-06-01,,2026-06-01T21:28:48.313000000Z,neo4j-blind-spot-graph,0,,,2026-06-01,,,,2026-06-01,,,,source_gap,"Confirm with local pull notes, signal intelligence, or event research before promotion.",News/source item mentions a regime theme without confirmed My_Data evidence.,,,,needs_review,,,0.73,0.4,1,1,2026-06-01T21:29:52.188000000Z,blind-spot-graph,candidate,,,,CANDIDATE_LINK,,0.25,CandidateLink
rel:world-newsitem-inbox-ingestion-runbook:CANDIDATE_LINK:world-regime-macro-regime,2026-06-01,,2026-06-01T21:28:48.313000000Z,neo4j-blind-spot-graph,0,,,2026-06-01,,,,2026-06-01,,,,source_gap,"Confirm with local pull notes, signal intelligence, or event research before promotion.",News/source item mentions a regime theme without confirmed My_Data evidence.,,,,needs_review,,,0.73,0.4,1,1,2026-06-01T21:29:52.188000000Z,blind-spot-graph,candidate,,,,CANDIDATE_LINK,,0.25,CandidateLink
rel:world-regime-stagflation:CANDIDATE_LINK:world-stock-pdfs,2026-06-01,,2026-06-01T21:28:48.313000000Z,neo4j-blind-spot-graph,1,,,2026-06-01,,,,2026-06-01,,,,frontmatter_gap,"Confirm with a fresh signal, pull note, or thesis update that connects the stock to the regime.","Stock has sector exposure to a sector touched by this regime, but no direct stock-regime evidence link exists.",,,,needs_review,,,0.3125,0.25,0,1,2026-06-01T21:29:52.188000000Z,blind-spot-graph,candidate,,,,CANDIDATE_LINK,,0.5,CandidateLink
rel:world-newsitem-inbox-ingestion-runbook:CANDIDATE_LINK:world-regime-risk-on,2026-06-01,,2026-06-01T21:28:48.313000000Z,neo4j-blind-spot-graph,0,,,2026-06-01,,,,2026-06-01,,,,source_gap,"Confirm with local pull notes, signal intelligence, or event research before promotion.",News/source item mentions a regime theme without confirmed My_Data evidence.,,,,needs_review,,,0.73,0.4,1,1,2026-06-01T21:29:52.188000000Z,blind-spot-graph,candidate,,,,CANDIDATE_LINK,,0.25,CandidateLink
rel:world-newsitem-inbox-topic-map:CANDIDATE_LINK:world-regime-macro-regime,2026-06-01,,2026-06-01T21:28:48.313000000Z,neo4j-blind-spot-graph,0,,,2026-06-01,,,,2026-06-01,,,,source_gap,"Confirm with local pull notes, signal intelligence, or event research before promotion.",News/source item mentions a regime theme without confirmed My_Data evidence.,,,,needs_review,,,0.56,0.8,0,1,2026-06-01T21:29:52.188000000Z,blind-spot-graph,candidate,,,,CANDIDATE_LINK,,0.25,CandidateLink
rel:world-newsitem-inbox-topic-map:CANDIDATE_LINK:world-regime-recession,2026-06-01,,2026-06-01T21:28:48.313000000Z,neo4j-blind-spot-graph,0,,,2026-06-01,,,,2026-06-01,,,,source_gap,"Confirm with local pull notes, signal intelligence, or event research before promotion.",News/source item mentions a regime theme without confirmed My_Data evidence.,,,,needs_review,,,0.56,0.8,0,1,2026-06-01T21:29:52.188000000Z,blind-spot-graph,candidate,,,,CANDIDATE_LINK,,0.25,CandidateLink
rel:world-newsitem-readme:CANDIDATE_LINK:world-regime-macro-regime,2026-06-01,,2026-06-01T21:28:48.313000000Z,neo4j-blind-spot-graph,0,,,2026-06-01,,,,2026-06-01,,,,source_gap,"Confirm with local pull notes, signal intelligence, or event research before promotion.",News/source item mentions a regime theme without confirmed My_Data evidence.,,,,needs_review,,,0.685,0.30000000000000004,1,1,2026-06-01T21:29:52.188000000Z,blind-spot-graph,candidate,,,,CANDIDATE_LINK,,0.25,CandidateLink
rel:world-newsitem-readme:CANDIDATE_LINK:world-regime-rate-cut-cycle,2026-06-01,,2026-06-01T21:28:48.313000000Z,neo4j-blind-spot-graph,0,,,2026-06-01,,,,2026-06-01,,,,source_gap,"Confirm with local pull notes, signal intelligence, or event research before promotion.",News/source item mentions a regime theme without confirmed My_Data evidence.,,,,needs_review,,,0.685,0.30000000000000004,1,1,2026-06-01T21:29:52.188000000Z,blind-spot-graph,candidate,,,,CANDIDATE_LINK,,0.25,CandidateLink
rel:world-newsitem-readme:CANDIDATE_LINK:world-regime-rate-hike-cycle,2026-06-01,,2026-06-01T21:28:48.313000000Z,neo4j-blind-spot-graph,0,,,2026-06-01,,,,2026-06-01,,,,source_gap,"Confirm with local pull notes, signal intelligence, or event research before promotion.",News/source item mentions a regime theme without confirmed My_Data evidence.,,,,needs_review,,,0.685,0.30000000000000004,1,1,2026-06-01T21:29:52.188000000Z,blind-spot-graph,candidate,,,,CANDIDATE_LINK,,0.25,CandidateLink
rel:world-policyaction-template-observation:CANDIDATE_LINK:world-sector-tech,2026-06-01,,2026-06-01T21:28:48.313000000Z,neo4j-blind-spot-graph,1,,,2026-06-01,,,,2026-06-01,,,,frontmatter_gap,"Find a My_Data pull note, market reaction, or source note that confirms sector impact.","Policy or politics item targets this sector, but market-impact evidence has not been confirmed.",,,,needs_review,,,0.8875,0.75,1,1,2026-06-01T21:29:52.188000000Z,blind-spot-graph,candidate,,,,CANDIDATE_LINK,,0.5,CandidateLink
rel:world-policyaction-template-topic:CANDIDATE_LINK:world-sector-tech,2026-06-01,,2026-06-01T21:28:48.313000000Z,neo4j-blind-spot-graph,1,,,2026-06-01,,,,2026-06-01,,,,frontmatter_gap,"Find a My_Data pull note, market reaction, or source note that confirms sector impact.","Policy or politics item targets this sector, but market-impact evidence has not been confirmed.",,,,needs_review,,,0.8425,0.65,1,1,2026-06-01T21:29:52.188000000Z,blind-spot-graph,candidate,,,,CANDIDATE_LINK,,0.5,CandidateLink
rel:world-recipient-template-recipient-profile:CANDIDATE_LINK:world-sector-primary-sector-interests,2026-06-01,,2026-06-01T21:28:48.313000000Z,neo4j-blind-spot-graph,1,,,2026-06-01,,,,2026-06-01,,,,frontmatter_gap,"Find a My_Data pull note, market reaction, or source note that confirms sector impact.","Policy or politics item targets this sector, but market-impact evidence has not been confirmed.",,,,needs_review,,,0.8875,0.75,1,1,2026-06-01T21:29:52.188000000Z,blind-spot-graph,candidate,,,,CANDIDATE_LINK,,0.5,CandidateLink
rel:world-regime-geopolitical-escalation:CANDIDATE_LINK:world-stock-airo,2026-06-01,,2026-06-01T21:28:48.313000000Z,neo4j-blind-spot-graph,1,,,2026-06-01,,,,2026-06-01,,,,frontmatter_gap,"Confirm with a fresh signal, pull note, or thesis update that connects the stock to the regime.","Stock has sector exposure to a sector touched by this regime, but no direct stock-regime evidence link exists.",,,,needs_review,,,0.22250000000000003,0.050000000000000044,0,1,2026-06-01T21:29:52.188000000Z,blind-spot-graph,candidate,,,,CANDIDATE_LINK,,0.5,CandidateLink
rel:world-regime-geopolitical-escalation:CANDIDATE_LINK:world-stock-avav,2026-06-01,,2026-06-01T21:28:48.313000000Z,neo4j-blind-spot-graph,1,,,2026-06-01,,,,2026-06-01,,,,frontmatter_gap,"Confirm with a fresh signal, pull note, or thesis update that connects the stock to the regime.","Stock has sector exposure to a sector touched by this regime, but no direct stock-regime evidence link exists.",,,,needs_review,,,0.22250000000000003,0.050000000000000044,0,1,2026-06-01T21:29:52.188000000Z,blind-spot-graph,candidate,,,,CANDIDATE_LINK,,0.5,CandidateLink
rel:world-regime-geopolitical-escalation:CANDIDATE_LINK:world-stock-amzn,2026-06-01,,2026-06-01T21:28:48.313000000Z,neo4j-blind-spot-graph,1,,,2026-06-01,,,,2026-06-01,,,,frontmatter_gap,"Confirm with a fresh signal, pull note, or thesis update that connects the stock to the regime.","Stock has sector exposure to a sector touched by this regime, but no direct stock-regime evidence link exists.",,,,needs_review,,,0.22250000000000003,0.050000000000000044,0,1,2026-06-01T21:29:52.188000000Z,blind-spot-graph,candidate,,,,CANDIDATE_LINK,,0.5,CandidateLink
rel:world-regime-geopolitical-escalation:CANDIDATE_LINK:world-stock-blmn,2026-06-01,,2026-06-01T21:28:48.313000000Z,neo4j-blind-spot-graph,1,,,2026-06-01,,,,2026-06-01,,,,frontmatter_gap,"Confirm with a fresh signal, pull note, or thesis update that connects the stock to the regime.","Stock has sector exposure to a sector touched by this regime, but no direct stock-regime evidence link exists.",,,,needs_review,,,0.22250000000000003,0.050000000000000044,0,1,2026-06-01T21:29:52.188000000Z,blind-spot-graph,candidate,,,,CANDIDATE_LINK,,0.5,CandidateLink
rel:world-regime-geopolitical-escalation:CANDIDATE_LINK:world-stock-cvx,2026-06-01,,2026-06-01T21:28:48.313000000Z,neo4j-blind-spot-graph,1,,,2026-06-01,,,,2026-06-01,,,,frontmatter_gap,"Confirm with a fresh signal, pull note, or thesis update that connects the stock to the regime.","Stock has sector exposure to a sector touched by this regime, but no direct stock-regime evidence link exists.",,,,needs_review,,,0.22250000000000003,0.050000000000000044,0,1,2026-06-01T21:29:52.188000000Z,blind-spot-graph,candidate,,,,CANDIDATE_LINK,,0.5,CandidateLink
rel:world-regime-geopolitical-escalation:CANDIDATE_LINK:world-stock-dhi,2026-06-01,,2026-06-01T21:28:48.313000000Z,neo4j-blind-spot-graph,1,,,2026-06-01,,,,2026-06-01,,,,frontmatter_gap,"Confirm with a fresh signal, pull note, or thesis update that connects the stock to the regime.","Stock has sector exposure to a sector touched by this regime, but no direct stock-regime evidence link exists.",,,,needs_review,,,0.22250000000000003,0.050000000000000044,0,1,2026-06-01T21:29:52.188000000Z,blind-spot-graph,candidate,,,,CANDIDATE_LINK,,0.5,CandidateLink
rel:world-regime-geopolitical-escalation:CANDIDATE_LINK:world-stock-dro-ax,2026-06-01,,2026-06-01T21:28:48.313000000Z,neo4j-blind-spot-graph,1,,,2026-06-01,,,,2026-06-01,,,,frontmatter_gap,"Confirm with a fresh signal, pull note, or thesis update that connects the stock to the regime.","Stock has sector exposure to a sector touched by this regime, but no direct stock-regime evidence link exists.",,,,needs_review,,,0.22250000000000003,0.050000000000000044,0,1,2026-06-01T21:29:52.188000000Z,blind-spot-graph,candidate,,,,CANDIDATE_LINK,,0.5,CandidateLink
rel:world-regime-geopolitical-escalation:CANDIDATE_LINK:world-stock-eqix,2026-06-01,,2026-06-01T21:28:48.313000000Z,neo4j-blind-spot-graph,1,,,2026-06-01,,,,2026-06-01,,,,frontmatter_gap,"Confirm with a fresh signal, pull note, or thesis update that connects the stock to the regime.","Stock has sector exposure to a sector touched by this regime, but no direct stock-regime evidence link exists.",,,,needs_review,,,0.22250000000000003,0.050000000000000044,0,1,2026-06-01T21:29:52.188000000Z,blind-spot-graph,candidate,,,,CANDIDATE_LINK,,0.5,CandidateLink
rel:world-regime-geopolitical-escalation:CANDIDATE_LINK:world-stock-eslt,2026-06-01,,2026-06-01T21:28:48.313000000Z,neo4j-blind-spot-graph,1,,,2026-06-01,,,,2026-06-01,,,,frontmatter_gap,"Confirm with a fresh signal, pull note, or thesis update that connects the stock to the regime.","Stock has sector exposure to a sector touched by this regime, but no direct stock-regime evidence link exists.",,,,needs_review,,,0.22250000000000003,0.050000000000000044,0,1,2026-06-01T21:29:52.188000000Z,blind-spot-graph,candidate,,,,CANDIDATE_LINK,,0.5,CandidateLink
rel:world-regime-geopolitical-escalation:CANDIDATE_LINK:world-stock-fcx,2026-06-01,,2026-06-01T21:28:48.313000000Z,neo4j-blind-spot-graph,1,,,2026-06-01,,,,2026-06-01,,,,frontmatter_gap,"Confirm with a fresh signal, pull note, or thesis update that connects the stock to the regime.","Stock has sector exposure to a sector touched by this regime, but no direct stock-regime evidence link exists.",,,,needs_review,,,0.22250000000000003,0.050000000000000044,0,1,2026-06-01T21:29:52.188000000Z,blind-spot-graph,candidate,,,,CANDIDATE_LINK,,0.5,CandidateLink
candidate:world-inbox:afd4510eded9081c,,existing_scenario_connection,,,,"[""world:inbox-item:2026-06-02:23a56500bbff911f:c1d91f550c3df062"",""world:inbox-item:2026-06-02:23a56500bbff911f:aa891e600c99c131"",""world:inbox-item:2026-06-02:23a56500bbff911f:57c65f1033abf2fe"",""world:inbox-item:2026-06-02:23a56500bbff911f:1038077d636e5542"",""world:inbox-item:2026-06-02:23a56500bbff911f:306f279a6761b89f"",""world:inbox-item:2026-06-02:23a56500bbff911f:104405b4d7991292"",""world:inbox-item:2026-06-02:23a56500bbff911f:dde3b8e3c5262412"",""world:inbox-item:2026-06-02:23a56500bbff911f:723b25baf010a5b7"",""world:inbox-item:2026-06-02:23a56500bbff911f:c1ce9b34dbc5c184"",""world:inbox-item:2026-06-02:23a56500bbff911f:db5850d39c0348f4"",""world:inbox-item:2026-06-02:23a56500bbff911f:5999243c2cc7123d"",""world:inbox-item:2026-06-02:23a56500bbff911f:0f622d4bbbaa99d5"",""world:inbox-item:2026-06-02:23a56500bbff911f:8c339e95d55661be"",""world:inbox-item:2026-06-02:23a56500bbff911f:3b34643c9aa74831"",""world:inbox-item:2026-06-02:23a56500bbff911f:9036a4b4912709c2"",""world:inbox-item:2026-06-02:23a56500bbff911f:eb1b855eb064ff73"",""world:inbox-item:2026-06-02:23a56500bbff911f:80228da79a31824d"",""world:inbox-item:2026-06-02:23a56500bbff911f:629ffb29c4626a71""]","[""FRED Liquidity Pull :: 05_Data_Pulls/Macro/2026-05-07_FRED_Liquidity.md"",""FRED Liquidity Pull :: 05_Data_Pulls/Macro/2026-05-08_FRED_Liquidity.md"",""FRED Liquidity Pull :: 05_Data_Pulls/Macro/2026-05-11_FRED_Liquidity.md"",""FRED Liquidity Pull :: 05_Data_Pulls/Macro/2026-05-12_FRED_Liquidity.md"",""FRED Liquidity Pull :: 05_Data_Pulls/Macro/2026-05-13_FRED_Liquidity.md""]",,world:event-trend:2026-06-02:23a56500bbff911f:71b8dda4d0e437e5,EventTrend,2026-06-02T16:51:51.404000000Z,,,"[""bond"",""cpi"",""duration"",""fed"",""inflation"",""inflation expectations"",""rates"",""yield""]","[""Rates, Bonds, And Inflation Expectations""]",world_machine_inbox_ingestion,,"Does Rates, Bonds, And Inflation Expectations deserve a World_Machine observation, watchpoint, or no-action review?",,,"[""fertilizer-shortage"",""hormuz-oil-shock"",""glp1-supply-chain-shortage""]",needs_review,"[""node run.mjs pull event-research --scenario fertilizer-shortage --dry-run"",""node run.mjs pull event-research --scenario hormuz-oil-shock --dry-run"",""node run.mjs pull event-research --scenario glp1-supply-chain-shortage --dry-run""]",,1,,,,,ingest-world-inbox,candidate,02_Strategy_Development/Watchpoints,scenario:fertilizer-shortage,Scenario,inbox_event_connection,,,CandidateLink
candidate:world-inbox:d9c28e8a5c809ce5,,existing_scenario_connection,,,,"[""world:inbox-item:2026-06-02:23a56500bbff911f:c1d91f550c3df062"",""world:inbox-item:2026-06-02:23a56500bbff911f:aa891e600c99c131"",""world:inbox-item:2026-06-02:23a56500bbff911f:dde3b8e3c5262412"",""world:inbox-item:2026-06-02:23a56500bbff911f:723b25baf010a5b7"",""world:inbox-item:2026-06-02:23a56500bbff911f:c1ce9b34dbc5c184"",""world:inbox-item:2026-06-02:23a56500bbff911f:db5850d39c0348f4"",""world:inbox-item:2026-06-02:23a56500bbff911f:a0acd70bf19d8605"",""world:inbox-item:2026-06-02:23a56500bbff911f:0f622d4bbbaa99d5"",""world:inbox-item:2026-06-02:23a56500bbff911f:d9eb56adc0c096be"",""world:inbox-item:2026-06-02:23a56500bbff911f:80228da79a31824d"",""world:inbox-item:2026-06-02:23a56500bbff911f:629ffb29c4626a71""]","[""Disclosure Reality Check :: 05_Data_Pulls/Fundamentals/2026-05-05_Disclosure_Reality_Check.md"",""Disclosure Reality Check :: 05_Data_Pulls/Fundamentals/2026-05-09_Disclosure_Reality_Check.md"",""Disclosure Reality Check :: 05_Data_Pulls/Fundamentals/2026-05-12_Disclosure_Reality_Check.md"",""Disclosure Reality Check :: 05_Data_Pulls/Fundamentals/2026-05-16_Disclosure_Reality_Check.md"",""SEC EDGAR 8-K Filings — All Theses :: 05_Data_Pulls/Government/2026-05-05_SEC_8K_Thesis.md""]",,world:event-trend:2026-06-02:23a56500bbff911f:3b794f2d1b3ed728,EventTrend,2026-06-02T16:51:51.404000000Z,,,"[""data center"",""electricity"",""generation"",""grid"",""transformer""]","[""Power, Grid, And Industrial Capex""]",world_machine_inbox_ingestion,,"Does Power, Grid, And Industrial Capex deserve a World_Machine observation, watchpoint, or no-action review?",,,"[""ai-data-center-power-bottleneck"",""copper-supply-bottleneck""]",needs_review,"[""node run.mjs pull event-research --scenario ai-data-center-power-bottleneck --dry-run"",""node run.mjs pull event-research --scenario copper-supply-bottleneck --dry-run""]",,1,,,,,ingest-world-inbox,candidate,02_Strategy_Development/Watchpoints,scenario:ai-data-center-power-bottleneck,Scenario,inbox_event_connection,,,CandidateLink
rel:world-regime-geopolitical-escalation:CANDIDATE_LINK:world-stock-gold,2026-06-01,,2026-06-01T21:28:48.313000000Z,neo4j-blind-spot-graph,1,,,2026-06-01,,,,2026-06-01,,,,frontmatter_gap,"Confirm with a fresh signal, pull note, or thesis update that connects the stock to the regime.","Stock has sector exposure to a sector touched by this regime, but no direct stock-regime evidence link exists.",,,,needs_review,,,0.22250000000000003,0.050000000000000044,0,1,2026-06-01T21:29:52.188000000Z,blind-spot-graph,candidate,,,,CANDIDATE_LINK,,0.5,CandidateLink
rel:world-regime-geopolitical-escalation:CANDIDATE_LINK:world-stock-iipr,2026-06-01,,2026-06-01T21:28:48.313000000Z,neo4j-blind-spot-graph,1,,,2026-06-01,,,,2026-06-01,,,,frontmatter_gap,"Confirm with a fresh signal, pull note, or thesis update that connects the stock to the regime.","Stock has sector exposure to a sector touched by this regime, but no direct stock-regime evidence link exists.",,,,needs_review,,,0.22250000000000003,0.050000000000000044,0,1,2026-06-01T21:29:52.188000000Z,blind-spot-graph,candidate,,,,CANDIDATE_LINK,,0.5,CandidateLink
rel:world-regime-geopolitical-escalation:CANDIDATE_LINK:world-stock-ktos,2026-06-01,,2026-06-01T21:28:48.313000000Z,neo4j-blind-spot-graph,1,,,2026-06-01,,,,2026-06-01,,,,frontmatter_gap,"Confirm with a fresh signal, pull note, or thesis update that connects the stock to the regime.","Stock has sector exposure to a sector touched by this regime, but no direct stock-regime evidence link exists.",,,,needs_review,,,0.22250000000000003,0.050000000000000044,0,1,2026-06-01T21:29:52.188000000Z,blind-spot-graph,candidate,,,,CANDIDATE_LINK,,0.5,CandidateLink
rel:world-regime-geopolitical-escalation:CANDIDATE_LINK:world-stock-len,2026-06-01,,2026-06-01T21:28:48.313000000Z,neo4j-blind-spot-graph,1,,,2026-06-01,,,,2026-06-01,,,,frontmatter_gap,"Confirm with a fresh signal, pull note, or thesis update that connects the stock to the regime.","Stock has sector exposure to a sector touched by this regime, but no direct stock-regime evidence link exists.",,,,needs_review,,,0.22250000000000003,0.050000000000000044,0,1,2026-06-01T21:29:52.188000000Z,blind-spot-graph,candidate,,,,CANDIDATE_LINK,,0.5,CandidateLink
rel:world-regime-geopolitical-escalation:CANDIDATE_LINK:world-stock-lhx,2026-06-01,,2026-06-01T21:28:48.313000000Z,neo4j-blind-spot-graph,1,,,2026-06-01,,,,2026-06-01,,,,frontmatter_gap,"Confirm with a fresh signal, pull note, or thesis update that connects the stock to the regime.","Stock has sector exposure to a sector touched by this regime, but no direct stock-regime evidence link exists.",,,,needs_review,,,0.22250000000000003,0.050000000000000044,0,1,2026-06-01T21:29:52.188000000Z,blind-spot-graph,candidate,,,,CANDIDATE_LINK,,0.5,CandidateLink
rel:world-regime-geopolitical-escalation:CANDIDATE_LINK:world-stock-lin,2026-06-01,,2026-06-01T21:28:48.313000000Z,neo4j-blind-spot-graph,1,,,2026-06-01,,,,2026-06-01,,,,frontmatter_gap,"Confirm with a fresh signal, pull note, or thesis update that connects the stock to the regime.","Stock has sector exposure to a sector touched by this regime, but no direct stock-regime evidence link exists.",,,,needs_review,,,0.22250000000000003,0.050000000000000044,0,1,2026-06-01T21:29:52.188000000Z,blind-spot-graph,candidate,,,,CANDIDATE_LINK,,0.5,CandidateLink
candidate:world-inbox:69179791a6c0cc99,,emerging_event_candidate,,,,"[""world:inbox-item:2026-06-02:23a56500bbff911f:c1d91f550c3df062"",""world:inbox-item:2026-06-02:23a56500bbff911f:aa891e600c99c131"",""world:inbox-item:2026-06-02:23a56500bbff911f:57c65f1033abf2fe"",""world:inbox-item:2026-06-02:23a56500bbff911f:1038077d636e5542"",""world:inbox-item:2026-06-02:23a56500bbff911f:dde3b8e3c5262412"",""world:inbox-item:2026-06-02:23a56500bbff911f:723b25baf010a5b7"",""world:inbox-item:2026-06-02:23a56500bbff911f:db5850d39c0348f4"",""world:inbox-item:2026-06-02:23a56500bbff911f:5999243c2cc7123d"",""world:inbox-item:2026-06-02:23a56500bbff911f:0f622d4bbbaa99d5"",""world:inbox-item:2026-06-02:23a56500bbff911f:8c339e95d55661be"",""world:inbox-item:2026-06-02:23a56500bbff911f:675bc94691e90148"",""world:inbox-item:2026-06-02:23a56500bbff911f:3b34643c9aa74831"",""world:inbox-item:2026-06-02:23a56500bbff911f:9036a4b4912709c2"",""world:inbox-item:2026-06-02:23a56500bbff911f:7550d41dc6119f20"",""world:inbox-item:2026-06-02:23a56500bbff911f:eb1b855eb064ff73"",""world:inbox-item:2026-06-02:23a56500bbff911f:d9eb56adc0c096be"",""world:inbox-item:2026-06-02:23a56500bbff911f:80228da79a31824d"",""world:inbox-item:2026-06-02:23a56500bbff911f:629ffb29c4626a71"",""world:inbox-item:2026-06-02:23a56500bbff911f:14465bd038892ff9""]","[""Fresh 52-Week Sinners - FMP Screener :: 05_Data_Pulls/Fundamentals/2026-05-23_FMP_Fresh_52_Week_Sinners_Screen.md"",""Disclosure Reality Check :: 05_Data_Pulls/Fundamentals/2026-05-24_Disclosure_Reality_Check.md"",""Chapter 11 Avoidance Program - FMP Screener :: 05_Data_Pulls/Fundamentals/2026-05-24_FMP_Chapter_11_Avoidance_Screen.md"",""Special Dividend ATM - FMP Screener :: 05_Data_Pulls/Fundamentals/2026-05-24_FMP_Special_Dividend_ATM_Screen.md"",""Working-Capital Houdini - FMP Screener :: 05_Data_Pulls/Fundamentals/2026-05-24_FMP_Working_Capital_Houdini_Screen.md""]",,world:event-trend:2026-06-02:23a56500bbff911f:6b585733335bbc3a,EventTrend,2026-06-02T16:51:51.404000000Z,,,"[""consumer"",""inequality"",""labor"",""narrative"",""political"",""wealth""]","[""Socioeconomic Narrative Risk""]",world_machine_inbox_ingestion,,"Does Socioeconomic Narrative Risk connect to an existing World_Machine object, or should it remain narrative context?",,,[],needs_review,"[""node run.mjs pull signal-intelligence --scope all --dry-run""]",,1,,,,,ingest-world-inbox,candidate,03_Macro_and_Economy/Observations,unresolved:inbox-event:5f26bae116e33129,UnresolvedTarget,inbox_event_connection,,,CandidateLink
rel:world-regime-geopolitical-escalation:CANDIDATE_LINK:world-stock-lmt,2026-06-01,,2026-06-01T21:28:48.313000000Z,neo4j-blind-spot-graph,1,,,2026-06-01,,,,2026-06-01,,,,frontmatter_gap,"Confirm with a fresh signal, pull note, or thesis update that connects the stock to the regime.","Stock has sector exposure to a sector touched by this regime, but no direct stock-regime evidence link exists.",,,,needs_review,,,0.22250000000000003,0.050000000000000044,0,1,2026-06-01T21:29:52.188000000Z,blind-spot-graph,candidate,,,,CANDIDATE_LINK,,0.5,CandidateLink
rel:world-regime-geopolitical-escalation:CANDIDATE_LINK:world-stock-nem,2026-06-01,,2026-06-01T21:28:48.313000000Z,neo4j-blind-spot-graph,1,,,2026-06-01,,,,2026-06-01,,,,frontmatter_gap,"Confirm with a fresh signal, pull note, or thesis update that connects the stock to the regime.","Stock has sector exposure to a sector touched by this regime, but no direct stock-regime evidence link exists.",,,,needs_review,,,0.22250000000000003,0.050000000000000044,0,1,2026-06-01T21:29:52.188000000Z,blind-spot-graph,candidate,,,,CANDIDATE_LINK,,0.5,CandidateLink
rel:world-regime-geopolitical-escalation:CANDIDATE_LINK:world-stock-noc,2026-06-01,,2026-06-01T21:28:48.313000000Z,neo4j-blind-spot-graph,1,,,2026-06-01,,,,2026-06-01,,,,frontmatter_gap,"Confirm with a fresh signal, pull note, or thesis update that connects the stock to the regime.","Stock has sector exposure to a sector touched by this regime, but no direct stock-regime evidence link exists.",,,,needs_review,,,0.22250000000000003,0.050000000000000044,0,1,2026-06-01T21:29:52.188000000Z,blind-spot-graph,candidate,,,,CANDIDATE_LINK,,0.5,CandidateLink
rel:world-regime-geopolitical-escalation:CANDIDATE_LINK:world-stock-oxy,2026-06-01,,2026-06-01T21:28:48.313000000Z,neo4j-blind-spot-graph,1,,,2026-06-01,,,,2026-06-01,,,,frontmatter_gap,"Confirm with a fresh signal, pull note, or thesis update that connects the stock to the regime.","Stock has sector exposure to a sector touched by this regime, but no direct stock-regime evidence link exists.",,,,needs_review,,,0.22250000000000003,0.050000000000000044,0,1,2026-06-01T21:29:52.188000000Z,blind-spot-graph,candidate,,,,CANDIDATE_LINK,,0.5,CandidateLink
candidate:world-inbox:4065482f7cb82911,,existing_scenario_connection,,,,"[""world:inbox-item:2026-06-02:23a56500bbff911f:c1d91f550c3df062"",""world:inbox-item:2026-06-02:23a56500bbff911f:57c65f1033abf2fe"",""world:inbox-item:2026-06-02:23a56500bbff911f:1038077d636e5542"",""world:inbox-item:2026-06-02:23a56500bbff911f:306f279a6761b89f"",""world:inbox-item:2026-06-02:23a56500bbff911f:dde3b8e3c5262412"",""world:inbox-item:2026-06-02:23a56500bbff911f:723b25baf010a5b7"",""world:inbox-item:2026-06-02:23a56500bbff911f:db5850d39c0348f4"",""world:inbox-item:2026-06-02:23a56500bbff911f:5999243c2cc7123d"",""world:inbox-item:2026-06-02:23a56500bbff911f:8c339e95d55661be"",""world:inbox-item:2026-06-02:23a56500bbff911f:9036a4b4912709c2"",""world:inbox-item:2026-06-02:23a56500bbff911f:eb1b855eb064ff73"",""world:inbox-item:2026-06-02:23a56500bbff911f:80228da79a31824d"",""world:inbox-item:2026-06-02:23a56500bbff911f:629ffb29c4626a71""]","[""Fresh 52-Week Sinners - FMP Screener :: 05_Data_Pulls/Fundamentals/2026-05-23_FMP_Fresh_52_Week_Sinners_Screen.md"",""Momentum With a Helmet On - FMP Screener :: 05_Data_Pulls/Fundamentals/2026-05-23_FMP_Momentum_With_A_Helmet_Screen.md"",""Chapter 11 Avoidance Program - FMP Screener :: 05_Data_Pulls/Fundamentals/2026-05-23_FMP_Chapter_11_Avoidance_Screen.md"",""Shareholder Yield All-Stars - FMP Screener :: 05_Data_Pulls/Fundamentals/2026-05-23_FMP_Shareholder_Yield_All_Stars_Screen.md"",""Capital-Light Compounders - FMP Screener :: 05_Data_Pulls/Fundamentals/2026-05-24_FMP_Capital_Light_Compounders_Screen.md""]",,world:event-trend:2026-06-02:23a56500bbff911f:1ce68b25f99d8f24,EventTrend,2026-06-02T16:51:51.404000000Z,,,"[""consumer prices"",""healthcare"",""prices""]","[""Healthcare Pricing And Policy Pressure""]",world_machine_inbox_ingestion,,"Does Healthcare Pricing And Policy Pressure deserve a World_Machine observation, watchpoint, or no-action review?",,,"[""glp1-supply-chain-shortage""]",needs_review,"[""node run.mjs pull event-research --scenario glp1-supply-chain-shortage --dry-run"",""node run.mjs scan sectors --sector healthcare --dry-run""]",,1,,,,,ingest-world-inbox,candidate,Policy/Observations,scenario:glp1-supply-chain-shortage,Scenario,inbox_event_connection,,,CandidateLink
rel:world-regime-geopolitical-escalation:CANDIDATE_LINK:world-stock-pld,2026-06-01,,2026-06-01T21:28:48.313000000Z,neo4j-blind-spot-graph,1,,,2026-06-01,,,,2026-06-01,,,,frontmatter_gap,"Confirm with a fresh signal, pull note, or thesis update that connects the stock to the regime.","Stock has sector exposure to a sector touched by this regime, but no direct stock-regime evidence link exists.",,,,needs_review,,,0.22250000000000003,0.050000000000000044,0,1,2026-06-01T21:29:52.188000000Z,blind-spot-graph,candidate,,,,CANDIDATE_LINK,,0.5,CandidateLink
rel:world-regime-geopolitical-escalation:CANDIDATE_LINK:world-stock-prks,2026-06-01,,2026-06-01T21:28:48.313000000Z,neo4j-blind-spot-graph,1,,,2026-06-01,,,,2026-06-01,,,,frontmatter_gap,"Confirm with a fresh signal, pull note, or thesis update that connects the stock to the regime.","Stock has sector exposure to a sector touched by this regime, but no direct stock-regime evidence link exists.",,,,needs_review,,,0.22250000000000003,0.050000000000000044,0,1,2026-06-01T21:29:52.188000000Z,blind-spot-graph,candidate,,,,CANDIDATE_LINK,,0.5,CandidateLink
rel:world-regime-geopolitical-escalation:CANDIDATE_LINK:world-stock-rtx,2026-06-01,,2026-06-01T21:28:48.313000000Z,neo4j-blind-spot-graph,1,,,2026-06-01,,,,2026-06-01,,,,frontmatter_gap,"Confirm with a fresh signal, pull note, or thesis update that connects the stock to the regime.","Stock has sector exposure to a sector touched by this regime, but no direct stock-regime evidence link exists.",,,,needs_review,,,0.22250000000000003,0.050000000000000044,0,1,2026-06-01T21:29:52.188000000Z,blind-spot-graph,candidate,,,,CANDIDATE_LINK,,0.5,CandidateLink
rel:world-regime-geopolitical-escalation:CANDIDATE_LINK:world-stock-rcat,2026-06-01,,2026-06-01T21:28:48.313000000Z,neo4j-blind-spot-graph,1,,,2026-06-01,,,,2026-06-01,,,,frontmatter_gap,"Confirm with a fresh signal, pull note, or thesis update that connects the stock to the regime.","Stock has sector exposure to a sector touched by this regime, but no direct stock-regime evidence link exists.",,,,needs_review,,,0.22250000000000003,0.050000000000000044,0,1,2026-06-01T21:29:52.188000000Z,blind-spot-graph,candidate,,,,CANDIDATE_LINK,,0.5,CandidateLink
rel:world-regime-geopolitical-escalation:CANDIDATE_LINK:world-stock-slb,2026-06-01,,2026-06-01T21:28:48.313000000Z,neo4j-blind-spot-graph,1,,,2026-06-01,,,,2026-06-01,,,,frontmatter_gap,"Confirm with a fresh signal, pull note, or thesis update that connects the stock to the regime.","Stock has sector exposure to a sector touched by this regime, but no direct stock-regime evidence link exists.",,,,needs_review,,,0.22250000000000003,0.050000000000000044,0,1,2026-06-01T21:29:52.188000000Z,blind-spot-graph,candidate,,,,CANDIDATE_LINK,,0.5,CandidateLink
candidate:world-inbox:dffd48ffaaa2ddda,,existing_scenario_connection,,,,"[""world:inbox-item:2026-06-02:23a56500bbff911f:c1d91f550c3df062"",""world:inbox-item:2026-06-02:23a56500bbff911f:aa891e600c99c131"",""world:inbox-item:2026-06-02:23a56500bbff911f:57c65f1033abf2fe"",""world:inbox-item:2026-06-02:23a56500bbff911f:1038077d636e5542"",""world:inbox-item:2026-06-02:23a56500bbff911f:723b25baf010a5b7"",""world:inbox-item:2026-06-02:23a56500bbff911f:c1ce9b34dbc5c184"",""world:inbox-item:2026-06-02:23a56500bbff911f:a0acd70bf19d8605"",""world:inbox-item:2026-06-02:23a56500bbff911f:0f622d4bbbaa99d5"",""world:inbox-item:2026-06-02:23a56500bbff911f:675bc94691e90148"",""world:inbox-item:2026-06-02:23a56500bbff911f:9036a4b4912709c2"",""world:inbox-item:2026-06-02:23a56500bbff911f:7550d41dc6119f20"",""world:inbox-item:2026-06-02:23a56500bbff911f:629ffb29c4626a71"",""world:inbox-item:2026-06-02:23a56500bbff911f:aba16fff75076a7d""]","[""SEC EDGAR 8-K Filings — All Theses :: 05_Data_Pulls/Government/2026-05-05_SEC_8K_Thesis.md"",""SEC EDGAR Sector Overview — Clean Energy :: 05_Data_Pulls/Government/2026-05-05_SEC_Sectors.md"",""SEC EDGAR 8-K Filings — All Theses :: 05_Data_Pulls/Government/2026-05-07_SEC_8K_Thesis.md"",""SEC EDGAR Sector Overview — Clean Energy :: 05_Data_Pulls/Government/2026-05-07_SEC_Sectors.md"",""SEC EDGAR 8-K Filings — All Theses :: 05_Data_Pulls/Government/2026-05-12_SEC_8K_Thesis.md""]",,world:event-trend:2026-06-02:23a56500bbff911f:3427d547732913c7,EventTrend,2026-06-02T16:51:51.404000000Z,,,"[""broker"",""court"",""policy"",""regulation"",""regulatory""]","[""Policy, Legal, And Liability Friction""]",world_machine_inbox_ingestion,,"Does Policy, Legal, And Liability Friction deserve a World_Machine observation, watchpoint, or no-action review?",,,"[""hormuz-oil-shock"",""fertilizer-shortage""]",needs_review,"[""node run.mjs pull event-research --scenario hormuz-oil-shock --dry-run"",""node run.mjs scan sectors --sector industrials --dry-run"",""node run.mjs pull event-research --scenario fertilizer-shortage --dry-run""]",,1,,,,,ingest-world-inbox,candidate,Policy/Observations,scenario:hormuz-oil-shock,Scenario,inbox_event_connection,,,CandidateLink
rel:world-regime-risk-off:CANDIDATE_LINK:world-stock-tsla,2026-06-01,,2026-06-01T21:28:48.313000000Z,neo4j-blind-spot-graph,1,,,2026-06-01,,,,2026-06-01,,,,frontmatter_gap,"Confirm with a fresh signal, pull note, or thesis update that connects the stock to the regime.","Stock has sector exposure to a sector touched by this regime, but no direct stock-regime evidence link exists.",,,,needs_review,,,0.2,0,0,1,2026-06-01T21:29:52.188000000Z,blind-spot-graph,candidate,,,,CANDIDATE_LINK,,0.5,CandidateLink
rel:world-regime-geopolitical-escalation:CANDIDATE_LINK:world-stock-tdy,2026-06-01,,2026-06-01T21:28:48.313000000Z,neo4j-blind-spot-graph,1,,,2026-06-01,,,,2026-06-01,,,,frontmatter_gap,"Confirm with a fresh signal, pull note, or thesis update that connects the stock to the regime.","Stock has sector exposure to a sector touched by this regime, but no direct stock-regime evidence link exists.",,,,needs_review,,,0.22250000000000003,0.050000000000000044,0,1,2026-06-01T21:29:52.188000000Z,blind-spot-graph,candidate,,,,CANDIDATE_LINK,,0.5,CandidateLink
candidate:world-inbox:4a3753ebbfbf166e,,existing_scenario_connection,,,,"[""world:inbox-item:2026-06-02:23a56500bbff911f:57c65f1033abf2fe"",""world:inbox-item:2026-06-02:23a56500bbff911f:1038077d636e5542"",""world:inbox-item:2026-06-02:23a56500bbff911f:104405b4d7991292"",""world:inbox-item:2026-06-02:23a56500bbff911f:dde3b8e3c5262412"",""world:inbox-item:2026-06-02:23a56500bbff911f:723b25baf010a5b7"",""world:inbox-item:2026-06-02:23a56500bbff911f:5999243c2cc7123d"",""world:inbox-item:2026-06-02:23a56500bbff911f:eb1b855eb064ff73"",""world:inbox-item:2026-06-02:23a56500bbff911f:80228da79a31824d""]","[""Momentum With a Helmet On - FMP Screener :: 05_Data_Pulls/Fundamentals/2026-05-23_FMP_Momentum_With_A_Helmet_Screen.md"",""Momentum With a Helmet On - FMP Screener :: 05_Data_Pulls/Fundamentals/2026-05-24_FMP_Momentum_With_A_Helmet_Screen.md"",""FMP Screener Review Summary - 2026-05-24 :: 05_Data_Pulls/Fundamentals/2026-05-24_FMP_Screener_Review_Summary.md"",""AAPL Agent Analysis :: 05_Data_Pulls/Market/2026-05-05_Agent_Analysis_AAPL.md"",""BIIB Agent Analysis :: 05_Data_Pulls/Market/2026-05-05_Agent_Analysis_BIIB.md""]",,world:event-trend:2026-06-02:23a56500bbff911f:eb17c4b4e0e0a225,EventTrend,2026-06-02T16:51:51.404000000Z,,,"[""gamma"",""rally"",""volatility""]","[""Market Structure Vs Fundamentals""]",world_machine_inbox_ingestion,,"Does Market Structure Vs Fundamentals deserve a World_Machine observation, watchpoint, or no-action review?",,,"[""ai-data-center-power-bottleneck"",""copper-supply-bottleneck""]",needs_review,"[""node run.mjs pull event-research --scenario ai-data-center-power-bottleneck --dry-run"",""node run.mjs pull event-research --scenario copper-supply-bottleneck --dry-run""]",,1,,,,,ingest-world-inbox,candidate,03_Macro_and_Economy/Observations,scenario:ai-data-center-power-bottleneck,Scenario,inbox_event_connection,,,CandidateLink
rel:world-regime-goldilocks:CANDIDATE_LINK:world-stock-tsla,2026-06-01,,2026-06-01T21:28:48.313000000Z,neo4j-blind-spot-graph,1,,,2026-06-01,,,,2026-06-01,,,,frontmatter_gap,"Confirm with a fresh signal, pull note, or thesis update that connects the stock to the regime.","Stock has sector exposure to a sector touched by this regime, but no direct stock-regime evidence link exists.",,,,needs_review,,,0.2,0,0,1,2026-06-01T21:29:52.188000000Z,blind-spot-graph,candidate,,,,CANDIDATE_LINK,,0.5,CandidateLink
rel:world-regime-geopolitical-escalation:CANDIDATE_LINK:world-stock-umac,2026-06-01,,2026-06-01T21:28:48.313000000Z,neo4j-blind-spot-graph,1,,,2026-06-01,,,,2026-06-01,,,,frontmatter_gap,"Confirm with a fresh signal, pull note, or thesis update that connects the stock to the regime.","Stock has sector exposure to a sector touched by this regime, but no direct stock-regime evidence link exists.",,,,needs_review,,,0.22250000000000003,0.050000000000000044,0,1,2026-06-01T21:29:52.188000000Z,blind-spot-graph,candidate,,,,CANDIDATE_LINK,,0.5,CandidateLink
rel:world-regime-geopolitical-escalation:CANDIDATE_LINK:world-stock-txt,2026-06-01,,2026-06-01T21:28:48.313000000Z,neo4j-blind-spot-graph,1,,,2026-06-01,,,,2026-06-01,,,,frontmatter_gap,"Confirm with a fresh signal, pull note, or thesis update that connects the stock to the regime.","Stock has sector exposure to a sector touched by this regime, but no direct stock-regime evidence link exists.",,,,needs_review,,,0.22250000000000003,0.050000000000000044,0,1,2026-06-01T21:29:52.188000000Z,blind-spot-graph,candidate,,,,CANDIDATE_LINK,,0.5,CandidateLink
candidate:world-inbox:937de3bdfef9729a,,source_gap_followup,,,,"[""world:inbox-item:2026-06-02:23a56500bbff911f:aa891e600c99c131"",""world:inbox-item:2026-06-02:23a56500bbff911f:57c65f1033abf2fe"",""world:inbox-item:2026-06-02:23a56500bbff911f:1038077d636e5542"",""world:inbox-item:2026-06-02:23a56500bbff911f:723b25baf010a5b7"",""world:inbox-item:2026-06-02:23a56500bbff911f:5999243c2cc7123d"",""world:inbox-item:2026-06-02:23a56500bbff911f:eb1b855eb064ff73""]",[],,world:event-trend:2026-06-02:23a56500bbff911f:775692a67f475d2d,EventTrend,2026-06-02T16:51:51.404000000Z,,,"[""capital flows"",""iran"",""middle east""]","[""Geopolitics And Capital Access""]",world_machine_inbox_ingestion,,Which missing local evidence source should confirm Geopolitics And Capital Access before routing to Reports/Source Gap Register.md?,,,"[""hormuz-oil-shock""]",needs_review,"[""node run.mjs pull event-research --scenario hormuz-oil-shock --dry-run"",""node run.mjs scan sectors --sector energy --dry-run""]",,0.45,,,,,ingest-world-inbox,candidate,Reports/Source Gap Register.md,scenario:hormuz-oil-shock,Scenario,inbox_event_connection,,,CandidateLink
rel:world-regime-geopolitical-escalation:CANDIDATE_LINK:world-stock-well,2026-06-01,,2026-06-01T21:28:48.313000000Z,neo4j-blind-spot-graph,1,,,2026-06-01,,,,2026-06-01,,,,frontmatter_gap,"Confirm with a fresh signal, pull note, or thesis update that connects the stock to the regime.","Stock has sector exposure to a sector touched by this regime, but no direct stock-regime evidence link exists.",,,,needs_review,,,0.22250000000000003,0.050000000000000044,0,1,2026-06-01T21:29:52.188000000Z,blind-spot-graph,candidate,,,,CANDIDATE_LINK,,0.5,CandidateLink
rel:world-regime-geopolitical-escalation:CANDIDATE_LINK:world-stock-wpm,2026-06-01,,2026-06-01T21:28:48.313000000Z,neo4j-blind-spot-graph,1,,,2026-06-01,,,,2026-06-01,,,,frontmatter_gap,"Confirm with a fresh signal, pull note, or thesis update that connects the stock to the regime.","Stock has sector exposure to a sector touched by this regime, but no direct stock-regime evidence link exists.",,,,needs_review,,,0.22250000000000003,0.050000000000000044,0,1,2026-06-01T21:29:52.188000000Z,blind-spot-graph,candidate,,,,CANDIDATE_LINK,,0.5,CandidateLink
rel:world-regime-geopolitical-escalation:CANDIDATE_LINK:world-stock-xom,2026-06-01,,2026-06-01T21:28:48.313000000Z,neo4j-blind-spot-graph,1,,,2026-06-01,,,,2026-06-01,,,,frontmatter_gap,"Confirm with a fresh signal, pull note, or thesis update that connects the stock to the regime.","Stock has sector exposure to a sector touched by this regime, but no direct stock-regime evidence link exists.",,,,needs_review,,,0.22250000000000003,0.050000000000000044,0,1,2026-06-01T21:29:52.188000000Z,blind-spot-graph,candidate,,,,CANDIDATE_LINK,,0.5,CandidateLink
rel:world-regime-goldilocks:CANDIDATE_LINK:world-stock-aapl,2026-06-01,,2026-06-01T21:28:48.313000000Z,neo4j-blind-spot-graph,1,,,2026-06-01,,,,2026-06-01,,,,frontmatter_gap,"Confirm with a fresh signal, pull note, or thesis update that connects the stock to the regime.","Stock has sector exposure to a sector touched by this regime, but no direct stock-regime evidence link exists.",,,,needs_review,,,0.2,0,0,1,2026-06-01T21:29:52.188000000Z,blind-spot-graph,candidate,,,,CANDIDATE_LINK,,0.5,CandidateLink
rel:world-regime-goldilocks:CANDIDATE_LINK:world-stock-achr,2026-06-01,,2026-06-01T21:28:48.313000000Z,neo4j-blind-spot-graph,1,,,2026-06-01,,,,2026-06-01,,,,frontmatter_gap,"Confirm with a fresh signal, pull note, or thesis update that connects the stock to the regime.","Stock has sector exposure to a sector touched by this regime, but no direct stock-regime evidence link exists.",,,,needs_review,,,0.2,0,0,1,2026-06-01T21:29:52.188000000Z,blind-spot-graph,candidate,,,,CANDIDATE_LINK,,0.5,CandidateLink
rel:world-regime-goldilocks:CANDIDATE_LINK:world-stock-amsc,2026-06-01,,2026-06-01T21:28:48.313000000Z,neo4j-blind-spot-graph,1,,,2026-06-01,,,,2026-06-01,,,,frontmatter_gap,"Confirm with a fresh signal, pull note, or thesis update that connects the stock to the regime.","Stock has sector exposure to a sector touched by this regime, but no direct stock-regime evidence link exists.",,,,needs_review,,,0.2,0,0,1,2026-06-01T21:29:52.188000000Z,blind-spot-graph,candidate,,,,CANDIDATE_LINK,,0.5,CandidateLink
rel:world-regime-goldilocks:CANDIDATE_LINK:world-stock-amzn,2026-06-01,,2026-06-01T21:28:48.313000000Z,neo4j-blind-spot-graph,1,,,2026-06-01,,,,2026-06-01,,,,frontmatter_gap,"Confirm with a fresh signal, pull note, or thesis update that connects the stock to the regime.","Stock has sector exposure to a sector touched by this regime, but no direct stock-regime evidence link exists.",,,,needs_review,,,0.2,0,0,1,2026-06-01T21:29:52.188000000Z,blind-spot-graph,candidate,,,,CANDIDATE_LINK,,0.5,CandidateLink
rel:world-regime-goldilocks:CANDIDATE_LINK:world-stock-axp,2026-06-01,,2026-06-01T21:28:48.313000000Z,neo4j-blind-spot-graph,1,,,2026-06-01,,,,2026-06-01,,,,frontmatter_gap,"Confirm with a fresh signal, pull note, or thesis update that connects the stock to the regime.","Stock has sector exposure to a sector touched by this regime, but no direct stock-regime evidence link exists.",,,,needs_review,,,0.2,0,0,1,2026-06-01T21:29:52.188000000Z,blind-spot-graph,candidate,,,,CANDIDATE_LINK,,0.5,CandidateLink
rel:world-regime-goldilocks:CANDIDATE_LINK:world-stock-blmn,2026-06-01,,2026-06-01T21:28:48.313000000Z,neo4j-blind-spot-graph,1,,,2026-06-01,,,,2026-06-01,,,,frontmatter_gap,"Confirm with a fresh signal, pull note, or thesis update that connects the stock to the regime.","Stock has sector exposure to a sector touched by this regime, but no direct stock-regime evidence link exists.",,,,needs_review,,,0.2,0,0,1,2026-06-01T21:29:52.188000000Z,blind-spot-graph,candidate,,,,CANDIDATE_LINK,,0.5,CandidateLink
rel:world-regime-goldilocks:CANDIDATE_LINK:world-stock-brk-b,2026-06-01,,2026-06-01T21:28:48.313000000Z,neo4j-blind-spot-graph,1,,,2026-06-01,,,,2026-06-01,,,,frontmatter_gap,"Confirm with a fresh signal, pull note, or thesis update that connects the stock to the regime.","Stock has sector exposure to a sector touched by this regime, but no direct stock-regime evidence link exists.",,,,needs_review,,,0.2,0,0,1,2026-06-01T21:29:52.188000000Z,blind-spot-graph,candidate,,,,CANDIDATE_LINK,,0.5,CandidateLink
rel:world-regime-goldilocks:CANDIDATE_LINK:world-stock-bw,2026-06-01,,2026-06-01T21:28:48.313000000Z,neo4j-blind-spot-graph,1,,,2026-06-01,,,,2026-06-01,,,,frontmatter_gap,"Confirm with a fresh signal, pull note, or thesis update that connects the stock to the regime.","Stock has sector exposure to a sector touched by this regime, but no direct stock-regime evidence link exists.",,,,needs_review,,,0.2,0,0,1,2026-06-01T21:29:52.188000000Z,blind-spot-graph,candidate,,,,CANDIDATE_LINK,,0.5,CandidateLink
rel:world-regime-goldilocks:CANDIDATE_LINK:world-stock-cat,2026-06-01,,2026-06-01T21:28:48.313000000Z,neo4j-blind-spot-graph,1,,,2026-06-01,,,,2026-06-01,,,,frontmatter_gap,"Confirm with a fresh signal, pull note, or thesis update that connects the stock to the regime.","Stock has sector exposure to a sector touched by this regime, but no direct stock-regime evidence link exists.",,,,needs_review,,,0.2,0,0,1,2026-06-01T21:29:52.188000000Z,blind-spot-graph,candidate,,,,CANDIDATE_LINK,,0.5,CandidateLink
rel:world-regime-goldilocks:CANDIDATE_LINK:world-stock-coin,2026-06-01,,2026-06-01T21:28:48.313000000Z,neo4j-blind-spot-graph,1,,,2026-06-01,,,,2026-06-01,,,,frontmatter_gap,"Confirm with a fresh signal, pull note, or thesis update that connects the stock to the regime.","Stock has sector exposure to a sector touched by this regime, but no direct stock-regime evidence link exists.",,,,needs_review,,,0.2,0,0,1,2026-06-01T21:29:52.188000000Z,blind-spot-graph,candidate,,,,CANDIDATE_LINK,,0.5,CandidateLink
rel:world-regime-goldilocks:CANDIDATE_LINK:world-stock-dhi,2026-06-01,,2026-06-01T21:28:48.313000000Z,neo4j-blind-spot-graph,1,,,2026-06-01,,,,2026-06-01,,,,frontmatter_gap,"Confirm with a fresh signal, pull note, or thesis update that connects the stock to the regime.","Stock has sector exposure to a sector touched by this regime, but no direct stock-regime evidence link exists.",,,,needs_review,,,0.2,0,0,1,2026-06-01T21:29:52.188000000Z,blind-spot-graph,candidate,,,,CANDIDATE_LINK,,0.5,CandidateLink
rel:world-regime-goldilocks:CANDIDATE_LINK:world-stock-dpro,2026-06-01,,2026-06-01T21:28:48.313000000Z,neo4j-blind-spot-graph,1,,,2026-06-01,,,,2026-06-01,,,,frontmatter_gap,"Confirm with a fresh signal, pull note, or thesis update that connects the stock to the regime.","Stock has sector exposure to a sector touched by this regime, but no direct stock-regime evidence link exists.",,,,needs_review,,,0.2,0,0,1,2026-06-01T21:29:52.188000000Z,blind-spot-graph,candidate,,,,CANDIDATE_LINK,,0.5,CandidateLink
rel:world-regime-goldilocks:CANDIDATE_LINK:world-stock-ecpg,2026-06-01,,2026-06-01T21:28:48.313000000Z,neo4j-blind-spot-graph,1,,,2026-06-01,,,,2026-06-01,,,,frontmatter_gap,"Confirm with a fresh signal, pull note, or thesis update that connects the stock to the regime.","Stock has sector exposure to a sector touched by this regime, but no direct stock-regime evidence link exists.",,,,needs_review,,,0.2,0,0,1,2026-06-01T21:29:52.188000000Z,blind-spot-graph,candidate,,,,CANDIDATE_LINK,,0.5,CandidateLink
candidate:manual:rates-oil-001,,,,,,,,,world:event-trend:2026-06-02:rates-bonds-and-inflation-expectations,EventTrend,2026-06-02T17:08:08.668000000Z,,,,,manual_connection_batch,,Rates and inflation trend appears relevant to oil/Fed fragility scenario.,,,,needs_review,,,,,,,,manual-review,candidate,,scenario:2026-leverage-oil-fed-policy-fragility,Scenario,,,,CandidateLink
rel:world-regime-goldilocks:CANDIDATE_LINK:world-stock-etn,2026-06-01,,2026-06-01T21:28:48.313000000Z,neo4j-blind-spot-graph,1,,,2026-06-01,,,,2026-06-01,,,,frontmatter_gap,"Confirm with a fresh signal, pull note, or thesis update that connects the stock to the regime.","Stock has sector exposure to a sector touched by this regime, but no direct stock-regime evidence link exists.",,,,needs_review,,,0.2,0,0,1,2026-06-01T21:29:52.188000000Z,blind-spot-graph,candidate,,,,CANDIDATE_LINK,,0.5,CandidateLink
rel:world-regime-goldilocks:CANDIDATE_LINK:world-stock-evtl,2026-06-01,,2026-06-01T21:28:48.313000000Z,neo4j-blind-spot-graph,1,,,2026-06-01,,,,2026-06-01,,,,frontmatter_gap,"Confirm with a fresh signal, pull note, or thesis update that connects the stock to the regime.","Stock has sector exposure to a sector touched by this regime, but no direct stock-regime evidence link exists.",,,,needs_review,,,0.2,0,0,1,2026-06-01T21:29:52.188000000Z,blind-spot-graph,candidate,,,,CANDIDATE_LINK,,0.5,CandidateLink
rel:world-regime-goldilocks:CANDIDATE_LINK:world-stock-gs,2026-06-01,,2026-06-01T21:28:48.313000000Z,neo4j-blind-spot-graph,1,,,2026-06-01,,,,2026-06-01,,,,frontmatter_gap,"Confirm with a fresh signal, pull note, or thesis update that connects the stock to the regime.","Stock has sector exposure to a sector touched by this regime, but no direct stock-regime evidence link exists.",,,,needs_review,,,0.2,0,0,1,2026-06-01T21:29:52.188000000Z,blind-spot-graph,candidate,,,,CANDIDATE_LINK,,0.5,CandidateLink
rel:world-regime-goldilocks:CANDIDATE_LINK:world-stock-hovr,2026-06-01,,2026-06-01T21:28:48.313000000Z,neo4j-blind-spot-graph,1,,,2026-06-01,,,,2026-06-01,,,,frontmatter_gap,"Confirm with a fresh signal, pull note, or thesis update that connects the stock to the regime.","Stock has sector exposure to a sector touched by this regime, but no direct stock-regime evidence link exists.",,,,needs_review,,,0.2,0,0,1,2026-06-01T21:29:52.188000000Z,blind-spot-graph,candidate,,,,CANDIDATE_LINK,,0.5,CandidateLink
rel:world-regime-goldilocks:CANDIDATE_LINK:world-stock-hubb,2026-06-01,,2026-06-01T21:28:48.313000000Z,neo4j-blind-spot-graph,1,,,2026-06-01,,,,2026-06-01,,,,frontmatter_gap,"Confirm with a fresh signal, pull note, or thesis update that connects the stock to the regime.","Stock has sector exposure to a sector touched by this regime, but no direct stock-regime evidence link exists.",,,,needs_review,,,0.2,0,0,1,2026-06-01T21:29:52.188000000Z,blind-spot-graph,candidate,,,,CANDIDATE_LINK,,0.5,CandidateLink
rel:world-regime-goldilocks:CANDIDATE_LINK:world-stock-joby,2026-06-01,,2026-06-01T21:28:48.313000000Z,neo4j-blind-spot-graph,1,,,2026-06-01,,,,2026-06-01,,,,frontmatter_gap,"Confirm with a fresh signal, pull note, or thesis update that connects the stock to the regime.","Stock has sector exposure to a sector touched by this regime, but no direct stock-regime evidence link exists.",,,,needs_review,,,0.2,0,0,1,2026-06-01T21:29:52.188000000Z,blind-spot-graph,candidate,,,,CANDIDATE_LINK,,0.5,CandidateLink
rel:world-regime-goldilocks:CANDIDATE_LINK:world-stock-jpm,2026-06-01,,2026-06-01T21:28:48.313000000Z,neo4j-blind-spot-graph,1,,,2026-06-01,,,,2026-06-01,,,,frontmatter_gap,"Confirm with a fresh signal, pull note, or thesis update that connects the stock to the regime.","Stock has sector exposure to a sector touched by this regime, but no direct stock-regime evidence link exists.",,,,needs_review,,,0.2,0,0,1,2026-06-01T21:29:52.188000000Z,blind-spot-graph,candidate,,,,CANDIDATE_LINK,,0.5,CandidateLink
rel:world-regime-goldilocks:CANDIDATE_LINK:world-stock-len,2026-06-01,,2026-06-01T21:28:48.313000000Z,neo4j-blind-spot-graph,1,,,2026-06-01,,,,2026-06-01,,,,frontmatter_gap,"Confirm with a fresh signal, pull note, or thesis update that connects the stock to the regime.","Stock has sector exposure to a sector touched by this regime, but no direct stock-regime evidence link exists.",,,,needs_review,,,0.2,0,0,1,2026-06-01T21:29:52.188000000Z,blind-spot-graph,candidate,,,,CANDIDATE_LINK,,0.5,CandidateLink
rel:world-regime-goldilocks:CANDIDATE_LINK:world-stock-msft,2026-06-01,,2026-06-01T21:28:48.313000000Z,neo4j-blind-spot-graph,1,,,2026-06-01,,,,2026-06-01,,,,frontmatter_gap,"Confirm with a fresh signal, pull note, or thesis update that connects the stock to the regime.","Stock has sector exposure to a sector touched by this regime, but no direct stock-regime evidence link exists.",,,,needs_review,,,0.2,0,0,1,2026-06-01T21:29:52.188000000Z,blind-spot-graph,candidate,,,,CANDIDATE_LINK,,0.5,CandidateLink
rel:world-regime-goldilocks:CANDIDATE_LINK:world-stock-mtz,2026-06-01,,2026-06-01T21:28:48.313000000Z,neo4j-blind-spot-graph,1,,,2026-06-01,,,,2026-06-01,,,,frontmatter_gap,"Confirm with a fresh signal, pull note, or thesis update that connects the stock to the regime.","Stock has sector exposure to a sector touched by this regime, but no direct stock-regime evidence link exists.",,,,needs_review,,,0.2,0,0,1,2026-06-01T21:29:52.188000000Z,blind-spot-graph,candidate,,,,CANDIDATE_LINK,,0.5,CandidateLink
rel:world-regime-goldilocks:CANDIDATE_LINK:world-stock-myrg,2026-06-01,,2026-06-01T21:28:48.313000000Z,neo4j-blind-spot-graph,1,,,2026-06-01,,,,2026-06-01,,,,frontmatter_gap,"Confirm with a fresh signal, pull note, or thesis update that connects the stock to the regime.","Stock has sector exposure to a sector touched by this regime, but no direct stock-regime evidence link exists.",,,,needs_review,,,0.2,0,0,1,2026-06-01T21:29:52.188000000Z,blind-spot-graph,candidate,,,,CANDIDATE_LINK,,0.5,CandidateLink
rel:world-regime-goldilocks:CANDIDATE_LINK:world-stock-nssc,2026-06-01,,2026-06-01T21:28:48.313000000Z,neo4j-blind-spot-graph,1,,,2026-06-01,,,,2026-06-01,,,,frontmatter_gap,"Confirm with a fresh signal, pull note, or thesis update that connects the stock to the regime.","Stock has sector exposure to a sector touched by this regime, but no direct stock-regime evidence link exists.",,,,needs_review,,,0.2,0,0,1,2026-06-01T21:29:52.188000000Z,blind-spot-graph,candidate,,,,CANDIDATE_LINK,,0.5,CandidateLink
rel:world-regime-goldilocks:CANDIDATE_LINK:world-stock-nvda,2026-06-01,,2026-06-01T21:28:48.313000000Z,neo4j-blind-spot-graph,1,,,2026-06-01,,,,2026-06-01,,,,frontmatter_gap,"Confirm with a fresh signal, pull note, or thesis update that connects the stock to the regime.","Stock has sector exposure to a sector touched by this regime, but no direct stock-regime evidence link exists.",,,,needs_review,,,0.2,0,0,1,2026-06-01T21:29:52.188000000Z,blind-spot-graph,candidate,,,,CANDIDATE_LINK,,0.5,CandidateLink
rel:world-regime-goldilocks:CANDIDATE_LINK:world-stock-onds,2026-06-01,,2026-06-01T21:28:48.313000000Z,neo4j-blind-spot-graph,1,,,2026-06-01,,,,2026-06-01,,,,frontmatter_gap,"Confirm with a fresh signal, pull note, or thesis update that connects the stock to the regime.","Stock has sector exposure to a sector touched by this regime, but no direct stock-regime evidence link exists.",,,,needs_review,,,0.2,0,0,1,2026-06-01T21:29:52.188000000Z,blind-spot-graph,candidate,,,,CANDIDATE_LINK,,0.5,CandidateLink
rel:world-regime-goldilocks:CANDIDATE_LINK:world-stock-pdfs,2026-06-01,,2026-06-01T21:28:48.313000000Z,neo4j-blind-spot-graph,1,,,2026-06-01,,,,2026-06-01,,,,frontmatter_gap,"Confirm with a fresh signal, pull note, or thesis update that connects the stock to the regime.","Stock has sector exposure to a sector touched by this regime, but no direct stock-regime evidence link exists.",,,,needs_review,,,0.2,0,0,1,2026-06-01T21:29:52.188000000Z,blind-spot-graph,candidate,,,,CANDIDATE_LINK,,0.5,CandidateLink
rel:world-regime-goldilocks:CANDIDATE_LINK:world-stock-pltr,2026-06-01,,2026-06-01T21:28:48.313000000Z,neo4j-blind-spot-graph,1,,,2026-06-01,,,,2026-06-01,,,,frontmatter_gap,"Confirm with a fresh signal, pull note, or thesis update that connects the stock to the regime.","Stock has sector exposure to a sector touched by this regime, but no direct stock-regime evidence link exists.",,,,needs_review,,,0.2,0,0,1,2026-06-01T21:29:52.188000000Z,blind-spot-graph,candidate,,,,CANDIDATE_LINK,,0.5,CandidateLink
rel:world-regime-goldilocks:CANDIDATE_LINK:world-stock-powl,2026-06-01,,2026-06-01T21:28:48.313000000Z,neo4j-blind-spot-graph,1,,,2026-06-01,,,,2026-06-01,,,,frontmatter_gap,"Confirm with a fresh signal, pull note, or thesis update that connects the stock to the regime.","Stock has sector exposure to a sector touched by this regime, but no direct stock-regime evidence link exists.",,,,needs_review,,,0.2,0,0,1,2026-06-01T21:29:52.188000000Z,blind-spot-graph,candidate,,,,CANDIDATE_LINK,,0.5,CandidateLink
rel:world-regime-goldilocks:CANDIDATE_LINK:world-stock-ppih,2026-06-01,,2026-06-01T21:28:48.313000000Z,neo4j-blind-spot-graph,1,,,2026-06-01,,,,2026-06-01,,,,frontmatter_gap,"Confirm with a fresh signal, pull note, or thesis update that connects the stock to the regime.","Stock has sector exposure to a sector touched by this regime, but no direct stock-regime evidence link exists.",,,,needs_review,,,0.2,0,0,1,2026-06-01T21:29:52.188000000Z,blind-spot-graph,candidate,,,,CANDIDATE_LINK,,0.5,CandidateLink
rel:world-regime-goldilocks:CANDIDATE_LINK:world-stock-prks,2026-06-01,,2026-06-01T21:28:48.313000000Z,neo4j-blind-spot-graph,1,,,2026-06-01,,,,2026-06-01,,,,frontmatter_gap,"Confirm with a fresh signal, pull note, or thesis update that connects the stock to the regime.","Stock has sector exposure to a sector touched by this regime, but no direct stock-regime evidence link exists.",,,,needs_review,,,0.2,0,0,1,2026-06-01T21:29:52.188000000Z,blind-spot-graph,candidate,,,,CANDIDATE_LINK,,0.5,CandidateLink
rel:world-regime-goldilocks:CANDIDATE_LINK:world-stock-pwr,2026-06-01,,2026-06-01T21:28:48.313000000Z,neo4j-blind-spot-graph,1,,,2026-06-01,,,,2026-06-01,,,,frontmatter_gap,"Confirm with a fresh signal, pull note, or thesis update that connects the stock to the regime.","Stock has sector exposure to a sector touched by this regime, but no direct stock-regime evidence link exists.",,,,needs_review,,,0.2,0,0,1,2026-06-01T21:29:52.188000000Z,blind-spot-graph,candidate,,,,CANDIDATE_LINK,,0.5,CandidateLink
rel:world-regime-goldilocks:CANDIDATE_LINK:world-stock-strl,2026-06-01,,2026-06-01T21:28:48.313000000Z,neo4j-blind-spot-graph,1,,,2026-06-01,,,,2026-06-01,,,,frontmatter_gap,"Confirm with a fresh signal, pull note, or thesis update that connects the stock to the regime.","Stock has sector exposure to a sector touched by this regime, but no direct stock-regime evidence link exists.",,,,needs_review,,,0.2,0,0,1,2026-06-01T21:29:52.188000000Z,blind-spot-graph,candidate,,,,CANDIDATE_LINK,,0.5,CandidateLink
rel:world-regime-goldilocks:CANDIDATE_LINK:world-stock-tnc,2026-06-01,,2026-06-01T21:28:48.313000000Z,neo4j-blind-spot-graph,1,,,2026-06-01,,,,2026-06-01,,,,frontmatter_gap,"Confirm with a fresh signal, pull note, or thesis update that connects the stock to the regime.","Stock has sector exposure to a sector touched by this regime, but no direct stock-regime evidence link exists.",,,,needs_review,,,0.2,0,0,1,2026-06-01T21:29:52.188000000Z,blind-spot-graph,candidate,,,,CANDIDATE_LINK,,0.5,CandidateLink
candidate:manual:grid-ai-001,,,,,,,,,world:event-trend:2026-06-02:power-grid-and-industrial-capex,EventTrend,2026-06-02T17:08:08.668000000Z,,,,,manual_connection_batch,,Grid and AI load growth trend should be reviewed against AI data-center bottleneck scenario.,,,,needs_review,,,,,,,,manual-review,candidate,,scenario:ai-data-center-power-bottleneck,Scenario,,,,CandidateLink
rel:world-regime-goldilocks:CANDIDATE_LINK:world-stock-v,2026-06-01,,2026-06-01T21:28:48.313000000Z,neo4j-blind-spot-graph,1,,,2026-06-01,,,,2026-06-01,,,,frontmatter_gap,"Confirm with a fresh signal, pull note, or thesis update that connects the stock to the regime.","Stock has sector exposure to a sector touched by this regime, but no direct stock-regime evidence link exists.",,,,needs_review,,,0.2,0,0,1,2026-06-01T21:29:52.188000000Z,blind-spot-graph,candidate,,,,CANDIDATE_LINK,,0.5,CandidateLink
rel:world-regime-goldilocks:CANDIDATE_LINK:world-stock-wcc,2026-06-01,,2026-06-01T21:28:48.313000000Z,neo4j-blind-spot-graph,1,,,2026-06-01,,,,2026-06-01,,,,frontmatter_gap,"Confirm with a fresh signal, pull note, or thesis update that connects the stock to the regime.","Stock has sector exposure to a sector touched by this regime, but no direct stock-regime evidence link exists.",,,,needs_review,,,0.2,0,0,1,2026-06-01T21:29:52.188000000Z,blind-spot-graph,candidate,,,,CANDIDATE_LINK,,0.5,CandidateLink
rel:world-regime-inflationary-boom:CANDIDATE_LINK:world-stock-achr,2026-06-01,,2026-06-01T21:28:48.313000000Z,neo4j-blind-spot-graph,1,,,2026-06-01,,,,2026-06-01,,,,frontmatter_gap,"Confirm with a fresh signal, pull note, or thesis update that connects the stock to the regime.","Stock has sector exposure to a sector touched by this regime, but no direct stock-regime evidence link exists.",,,,needs_review,,,0.73,0.4,1,1,2026-06-01T21:29:52.188000000Z,blind-spot-graph,candidate,,,,CANDIDATE_LINK,,0.5,CandidateLink
rel:world-regime-inflationary-boom:CANDIDATE_LINK:world-stock-amsc,2026-06-01,,2026-06-01T21:28:48.313000000Z,neo4j-blind-spot-graph,1,,,2026-06-01,,,,2026-06-01,,,,frontmatter_gap,"Confirm with a fresh signal, pull note, or thesis update that connects the stock to the regime.","Stock has sector exposure to a sector touched by this regime, but no direct stock-regime evidence link exists.",,,,needs_review,,,0.73,0.4,1,1,2026-06-01T21:29:52.188000000Z,blind-spot-graph,candidate,,,,CANDIDATE_LINK,,0.5,CandidateLink
rel:world-regime-inflationary-boom:CANDIDATE_LINK:world-stock-axp,2026-06-01,,2026-06-01T21:28:48.313000000Z,neo4j-blind-spot-graph,1,,,2026-06-01,,,,2026-06-01,,,,frontmatter_gap,"Confirm with a fresh signal, pull note, or thesis update that connects the stock to the regime.","Stock has sector exposure to a sector touched by this regime, but no direct stock-regime evidence link exists.",,,,needs_review,,,0.73,0.4,1,1,2026-06-01T21:29:52.188000000Z,blind-spot-graph,candidate,,,,CANDIDATE_LINK,,0.5,CandidateLink
rel:world-regime-inflationary-boom:CANDIDATE_LINK:world-stock-brbr,2026-06-01,,2026-06-01T21:28:48.313000000Z,neo4j-blind-spot-graph,1,,,2026-06-01,,,,2026-06-01,,,,frontmatter_gap,"Confirm with a fresh signal, pull note, or thesis update that connects the stock to the regime.","Stock has sector exposure to a sector touched by this regime, but no direct stock-regime evidence link exists.",,,,needs_review,,,0.73,0.4,1,1,2026-06-01T21:29:52.188000000Z,blind-spot-graph,candidate,,,,CANDIDATE_LINK,,0.5,CandidateLink
rel:world-regime-inflationary-boom:CANDIDATE_LINK:world-stock-brk-b,2026-06-01,,2026-06-01T21:28:48.313000000Z,neo4j-blind-spot-graph,1,,,2026-06-01,,,,2026-06-01,,,,frontmatter_gap,"Confirm with a fresh signal, pull note, or thesis update that connects the stock to the regime.","Stock has sector exposure to a sector touched by this regime, but no direct stock-regime evidence link exists.",,,,needs_review,,,0.73,0.4,1,1,2026-06-01T21:29:52.188000000Z,blind-spot-graph,candidate,,,,CANDIDATE_LINK,,0.5,CandidateLink
rel:world-regime-inflationary-boom:CANDIDATE_LINK:world-stock-bw,2026-06-01,,2026-06-01T21:28:48.313000000Z,neo4j-blind-spot-graph,1,,,2026-06-01,,,,2026-06-01,,,,frontmatter_gap,"Confirm with a fresh signal, pull note, or thesis update that connects the stock to the regime.","Stock has sector exposure to a sector touched by this regime, but no direct stock-regime evidence link exists.",,,,needs_review,,,0.73,0.4,1,1,2026-06-01T21:29:52.188000000Z,blind-spot-graph,candidate,,,,CANDIDATE_LINK,,0.5,CandidateLink
rel:world-regime-inflationary-boom:CANDIDATE_LINK:world-stock-cat,2026-06-01,,2026-06-01T21:28:48.313000000Z,neo4j-blind-spot-graph,1,,,2026-06-01,,,,2026-06-01,,,,frontmatter_gap,"Confirm with a fresh signal, pull note, or thesis update that connects the stock to the regime.","Stock has sector exposure to a sector touched by this regime, but no direct stock-regime evidence link exists.",,,,needs_review,,,0.73,0.4,1,1,2026-06-01T21:29:52.188000000Z,blind-spot-graph,candidate,,,,CANDIDATE_LINK,,0.5,CandidateLink
rel:world-regime-inflationary-boom:CANDIDATE_LINK:world-stock-ceg,2026-06-01,,2026-06-01T21:28:48.313000000Z,neo4j-blind-spot-graph,1,,,2026-06-01,,,,2026-06-01,,,,frontmatter_gap,"Confirm with a fresh signal, pull note, or thesis update that connects the stock to the regime.","Stock has sector exposure to a sector touched by this regime, but no direct stock-regime evidence link exists.",,,,needs_review,,,0.73,0.4,1,1,2026-06-01T21:29:52.188000000Z,blind-spot-graph,candidate,,,,CANDIDATE_LINK,,0.5,CandidateLink
rel:world-regime-inflationary-boom:CANDIDATE_LINK:world-stock-coin,2026-06-01,,2026-06-01T21:28:48.313000000Z,neo4j-blind-spot-graph,1,,,2026-06-01,,,,2026-06-01,,,,frontmatter_gap,"Confirm with a fresh signal, pull note, or thesis update that connects the stock to the regime.","Stock has sector exposure to a sector touched by this regime, but no direct stock-regime evidence link exists.",,,,needs_review,,,0.73,0.4,1,1,2026-06-01T21:29:52.188000000Z,blind-spot-graph,candidate,,,,CANDIDATE_LINK,,0.5,CandidateLink
rel:world-regime-inflationary-boom:CANDIDATE_LINK:world-stock-cost,2026-06-01,,2026-06-01T21:28:48.313000000Z,neo4j-blind-spot-graph,1,,,2026-06-01,,,,2026-06-01,,,,frontmatter_gap,"Confirm with a fresh signal, pull note, or thesis update that connects the stock to the regime.","Stock has sector exposure to a sector touched by this regime, but no direct stock-regime evidence link exists.",,,,needs_review,,,0.73,0.4,1,1,2026-06-01T21:29:52.188000000Z,blind-spot-graph,candidate,,,,CANDIDATE_LINK,,0.5,CandidateLink
rel:world-regime-inflationary-boom:CANDIDATE_LINK:world-stock-cvx,2026-06-01,,2026-06-01T21:28:48.313000000Z,neo4j-blind-spot-graph,1,,,2026-06-01,,,,2026-06-01,,,,frontmatter_gap,"Confirm with a fresh signal, pull note, or thesis update that connects the stock to the regime.","Stock has sector exposure to a sector touched by this regime, but no direct stock-regime evidence link exists.",,,,needs_review,,,0.73,0.4,1,1,2026-06-01T21:29:52.188000000Z,blind-spot-graph,candidate,,,,CANDIDATE_LINK,,0.5,CandidateLink
rel:world-regime-inflationary-boom:CANDIDATE_LINK:world-stock-dpro,2026-06-01,,2026-06-01T21:28:48.313000000Z,neo4j-blind-spot-graph,1,,,2026-06-01,,,,2026-06-01,,,,frontmatter_gap,"Confirm with a fresh signal, pull note, or thesis update that connects the stock to the regime.","Stock has sector exposure to a sector touched by this regime, but no direct stock-regime evidence link exists.",,,,needs_review,,,0.73,0.4,1,1,2026-06-01T21:29:52.188000000Z,blind-spot-graph,candidate,,,,CANDIDATE_LINK,,0.5,CandidateLink
rel:world-regime-inflationary-boom:CANDIDATE_LINK:world-stock-eh,2026-06-01,,2026-06-01T21:28:48.313000000Z,neo4j-blind-spot-graph,1,,,2026-06-01,,,,2026-06-01,,,,frontmatter_gap,"Confirm with a fresh signal, pull note, or thesis update that connects the stock to the regime.","Stock has sector exposure to a sector touched by this regime, but no direct stock-regime evidence link exists.",,,,needs_review,,,0.73,0.4,1,1,2026-06-01T21:29:52.188000000Z,blind-spot-graph,candidate,,,,CANDIDATE_LINK,,0.5,CandidateLink
rel:world-regime-inflationary-boom:CANDIDATE_LINK:world-stock-ecpg,2026-06-01,,2026-06-01T21:28:48.313000000Z,neo4j-blind-spot-graph,1,,,2026-06-01,,,,2026-06-01,,,,frontmatter_gap,"Confirm with a fresh signal, pull note, or thesis update that connects the stock to the regime.","Stock has sector exposure to a sector touched by this regime, but no direct stock-regime evidence link exists.",,,,needs_review,,,0.73,0.4,1,1,2026-06-01T21:29:52.188000000Z,blind-spot-graph,candidate,,,,CANDIDATE_LINK,,0.5,CandidateLink
rel:world-regime-inflationary-boom:CANDIDATE_LINK:world-stock-etn,2026-06-01,,2026-06-01T21:28:48.313000000Z,neo4j-blind-spot-graph,1,,,2026-06-01,,,,2026-06-01,,,,frontmatter_gap,"Confirm with a fresh signal, pull note, or thesis update that connects the stock to the regime.","Stock has sector exposure to a sector touched by this regime, but no direct stock-regime evidence link exists.",,,,needs_review,,,0.73,0.4,1,1,2026-06-01T21:29:52.188000000Z,blind-spot-graph,candidate,,,,CANDIDATE_LINK,,0.5,CandidateLink
rel:world-regime-inflationary-boom:CANDIDATE_LINK:world-stock-evtl,2026-06-01,,2026-06-01T21:28:48.313000000Z,neo4j-blind-spot-graph,1,,,2026-06-01,,,,2026-06-01,,,,frontmatter_gap,"Confirm with a fresh signal, pull note, or thesis update that connects the stock to the regime.","Stock has sector exposure to a sector touched by this regime, but no direct stock-regime evidence link exists.",,,,needs_review,,,0.73,0.4,1,1,2026-06-01T21:29:52.188000000Z,blind-spot-graph,candidate,,,,CANDIDATE_LINK,,0.5,CandidateLink
rel:world-regime-inflationary-boom:CANDIDATE_LINK:world-stock-fcx,2026-06-01,,2026-06-01T21:28:48.313000000Z,neo4j-blind-spot-graph,1,,,2026-06-01,,,,2026-06-01,,,,frontmatter_gap,"Confirm with a fresh signal, pull note, or thesis update that connects the stock to the regime.","Stock has sector exposure to a sector touched by this regime, but no direct stock-regime evidence link exists.",,,,needs_review,,,0.73,0.4,1,1,2026-06-01T21:29:52.188000000Z,blind-spot-graph,candidate,,,,CANDIDATE_LINK,,0.5,CandidateLink
rel:world-regime-inflationary-boom:CANDIDATE_LINK:world-stock-gev,2026-06-01,,2026-06-01T21:28:48.313000000Z,neo4j-blind-spot-graph,1,,,2026-06-01,,,,2026-06-01,,,,frontmatter_gap,"Confirm with a fresh signal, pull note, or thesis update that connects the stock to the regime.","Stock has sector exposure to a sector touched by this regime, but no direct stock-regime evidence link exists.",,,,needs_review,,,0.73,0.4,1,1,2026-06-01T21:29:52.188000000Z,blind-spot-graph,candidate,,,,CANDIDATE_LINK,,0.5,CandidateLink
rel:world-regime-inflationary-boom:CANDIDATE_LINK:world-stock-gold,2026-06-01,,2026-06-01T21:28:48.313000000Z,neo4j-blind-spot-graph,1,,,2026-06-01,,,,2026-06-01,,,,frontmatter_gap,"Confirm with a fresh signal, pull note, or thesis update that connects the stock to the regime.","Stock has sector exposure to a sector touched by this regime, but no direct stock-regime evidence link exists.",,,,needs_review,,,0.73,0.4,1,1,2026-06-01T21:29:52.188000000Z,blind-spot-graph,candidate,,,,CANDIDATE_LINK,,0.5,CandidateLink
rel:world-regime-inflationary-boom:CANDIDATE_LINK:world-stock-gs,2026-06-01,,2026-06-01T21:28:48.313000000Z,neo4j-blind-spot-graph,1,,,2026-06-01,,,,2026-06-01,,,,frontmatter_gap,"Confirm with a fresh signal, pull note, or thesis update that connects the stock to the regime.","Stock has sector exposure to a sector touched by this regime, but no direct stock-regime evidence link exists.",,,,needs_review,,,0.73,0.4,1,1,2026-06-01T21:29:52.188000000Z,blind-spot-graph,candidate,,,,CANDIDATE_LINK,,0.5,CandidateLink
rel:world-regime-inflationary-boom:CANDIDATE_LINK:world-stock-hovr,2026-06-01,,2026-06-01T21:28:48.313000000Z,neo4j-blind-spot-graph,1,,,2026-06-01,,,,2026-06-01,,,,frontmatter_gap,"Confirm with a fresh signal, pull note, or thesis update that connects the stock to the regime.","Stock has sector exposure to a sector touched by this regime, but no direct stock-regime evidence link exists.",,,,needs_review,,,0.73,0.4,1,1,2026-06-01T21:29:52.188000000Z,blind-spot-graph,candidate,,,,CANDIDATE_LINK,,0.5,CandidateLink
rel:world-regime-inflationary-boom:CANDIDATE_LINK:world-stock-hubb,2026-06-01,,2026-06-01T21:28:48.313000000Z,neo4j-blind-spot-graph,1,,,2026-06-01,,,,2026-06-01,,,,frontmatter_gap,"Confirm with a fresh signal, pull note, or thesis update that connects the stock to the regime.","Stock has sector exposure to a sector touched by this regime, but no direct stock-regime evidence link exists.",,,,needs_review,,,0.73,0.4,1,1,2026-06-01T21:29:52.188000000Z,blind-spot-graph,candidate,,,,CANDIDATE_LINK,,0.5,CandidateLink
rel:world-regime-inflationary-boom:CANDIDATE_LINK:world-stock-joby,2026-06-01,,2026-06-01T21:28:48.313000000Z,neo4j-blind-spot-graph,1,,,2026-06-01,,,,2026-06-01,,,,frontmatter_gap,"Confirm with a fresh signal, pull note, or thesis update that connects the stock to the regime.","Stock has sector exposure to a sector touched by this regime, but no direct stock-regime evidence link exists.",,,,needs_review,,,0.73,0.4,1,1,2026-06-01T21:29:52.188000000Z,blind-spot-graph,candidate,,,,CANDIDATE_LINK,,0.5,CandidateLink
rel:world-regime-inflationary-boom:CANDIDATE_LINK:world-stock-jpm,2026-06-01,,2026-06-01T21:28:48.313000000Z,neo4j-blind-spot-graph,1,,,2026-06-01,,,,2026-06-01,,,,frontmatter_gap,"Confirm with a fresh signal, pull note, or thesis update that connects the stock to the regime.","Stock has sector exposure to a sector touched by this regime, but no direct stock-regime evidence link exists.",,,,needs_review,,,0.73,0.4,1,1,2026-06-01T21:29:52.188000000Z,blind-spot-graph,candidate,,,,CANDIDATE_LINK,,0.5,CandidateLink
rel:world-regime-inflationary-boom:CANDIDATE_LINK:world-stock-ko,2026-06-01,,2026-06-01T21:28:48.313000000Z,neo4j-blind-spot-graph,1,,,2026-06-01,,,,2026-06-01,,,,frontmatter_gap,"Confirm with a fresh signal, pull note, or thesis update that connects the stock to the regime.","Stock has sector exposure to a sector touched by this regime, but no direct stock-regime evidence link exists.",,,,needs_review,,,0.73,0.4,1,1,2026-06-01T21:29:52.188000000Z,blind-spot-graph,candidate,,,,CANDIDATE_LINK,,0.5,CandidateLink
rel:world-regime-inflationary-boom:CANDIDATE_LINK:world-stock-lin,2026-06-01,,2026-06-01T21:28:48.313000000Z,neo4j-blind-spot-graph,1,,,2026-06-01,,,,2026-06-01,,,,frontmatter_gap,"Confirm with a fresh signal, pull note, or thesis update that connects the stock to the regime.","Stock has sector exposure to a sector touched by this regime, but no direct stock-regime evidence link exists.",,,,needs_review,,,0.73,0.4,1,1,2026-06-01T21:29:52.188000000Z,blind-spot-graph,candidate,,,,CANDIDATE_LINK,,0.5,CandidateLink
rel:world-regime-inflationary-boom:CANDIDATE_LINK:world-stock-mtz,2026-06-01,,2026-06-01T21:28:48.313000000Z,neo4j-blind-spot-graph,1,,,2026-06-01,,,,2026-06-01,,,,frontmatter_gap,"Confirm with a fresh signal, pull note, or thesis update that connects the stock to the regime.","Stock has sector exposure to a sector touched by this regime, but no direct stock-regime evidence link exists.",,,,needs_review,,,0.73,0.4,1,1,2026-06-01T21:29:52.188000000Z,blind-spot-graph,candidate,,,,CANDIDATE_LINK,,0.5,CandidateLink
rel:world-regime-inflationary-boom:CANDIDATE_LINK:world-stock-myrg,2026-06-01,,2026-06-01T21:28:48.313000000Z,neo4j-blind-spot-graph,1,,,2026-06-01,,,,2026-06-01,,,,frontmatter_gap,"Confirm with a fresh signal, pull note, or thesis update that connects the stock to the regime.","Stock has sector exposure to a sector touched by this regime, but no direct stock-regime evidence link exists.",,,,needs_review,,,0.73,0.4,1,1,2026-06-01T21:29:52.188000000Z,blind-spot-graph,candidate,,,,CANDIDATE_LINK,,0.5,CandidateLink
rel:world-regime-inflationary-boom:CANDIDATE_LINK:world-stock-nem,2026-06-01,,2026-06-01T21:28:48.313000000Z,neo4j-blind-spot-graph,1,,,2026-06-01,,,,2026-06-01,,,,frontmatter_gap,"Confirm with a fresh signal, pull note, or thesis update that connects the stock to the regime.","Stock has sector exposure to a sector touched by this regime, but no direct stock-regime evidence link exists.",,,,needs_review,,,0.73,0.4,1,1,2026-06-01T21:29:52.188000000Z,blind-spot-graph,candidate,,,,CANDIDATE_LINK,,0.5,CandidateLink
rel:world-regime-inflationary-boom:CANDIDATE_LINK:world-stock-nrg,2026-06-01,,2026-06-01T21:28:48.313000000Z,neo4j-blind-spot-graph,1,,,2026-06-01,,,,2026-06-01,,,,frontmatter_gap,"Confirm with a fresh signal, pull note, or thesis update that connects the stock to the regime.","Stock has sector exposure to a sector touched by this regime, but no direct stock-regime evidence link exists.",,,,needs_review,,,0.73,0.4,1,1,2026-06-01T21:29:52.188000000Z,blind-spot-graph,candidate,,,,CANDIDATE_LINK,,0.5,CandidateLink
rel:world-regime-inflationary-boom:CANDIDATE_LINK:world-stock-nssc,2026-06-01,,2026-06-01T21:28:48.313000000Z,neo4j-blind-spot-graph,1,,,2026-06-01,,,,2026-06-01,,,,frontmatter_gap,"Confirm with a fresh signal, pull note, or thesis update that connects the stock to the regime.","Stock has sector exposure to a sector touched by this regime, but no direct stock-regime evidence link exists.",,,,needs_review,,,0.73,0.4,1,1,2026-06-01T21:29:52.188000000Z,blind-spot-graph,candidate,,,,CANDIDATE_LINK,,0.5,CandidateLink
rel:world-regime-inflationary-boom:CANDIDATE_LINK:world-stock-onds,2026-06-01,,2026-06-01T21:28:48.313000000Z,neo4j-blind-spot-graph,1,,,2026-06-01,,,,2026-06-01,,,,frontmatter_gap,"Confirm with a fresh signal, pull note, or thesis update that connects the stock to the regime.","Stock has sector exposure to a sector touched by this regime, but no direct stock-regime evidence link exists.",,,,needs_review,,,0.73,0.4,1,1,2026-06-01T21:29:52.188000000Z,blind-spot-graph,candidate,,,,CANDIDATE_LINK,,0.5,CandidateLink
rel:world-regime-inflationary-boom:CANDIDATE_LINK:world-stock-oxy,2026-06-01,,2026-06-01T21:28:48.313000000Z,neo4j-blind-spot-graph,1,,,2026-06-01,,,,2026-06-01,,,,frontmatter_gap,"Confirm with a fresh signal, pull note, or thesis update that connects the stock to the regime.","Stock has sector exposure to a sector touched by this regime, but no direct stock-regime evidence link exists.",,,,needs_review,,,0.73,0.4,1,1,2026-06-01T21:29:52.188000000Z,blind-spot-graph,candidate,,,,CANDIDATE_LINK,,0.5,CandidateLink
rel:world-regime-inflationary-boom:CANDIDATE_LINK:world-stock-pg,2026-06-01,,2026-06-01T21:28:48.313000000Z,neo4j-blind-spot-graph,1,,,2026-06-01,,,,2026-06-01,,,,frontmatter_gap,"Confirm with a fresh signal, pull note, or thesis update that connects the stock to the regime.","Stock has sector exposure to a sector touched by this regime, but no direct stock-regime evidence link exists.",,,,needs_review,,,0.73,0.4,1,1,2026-06-01T21:29:52.188000000Z,blind-spot-graph,candidate,,,,CANDIDATE_LINK,,0.5,CandidateLink
rel:world-regime-inflationary-boom:CANDIDATE_LINK:world-stock-powl,2026-06-01,,2026-06-01T21:28:48.313000000Z,neo4j-blind-spot-graph,1,,,2026-06-01,,,,2026-06-01,,,,frontmatter_gap,"Confirm with a fresh signal, pull note, or thesis update that connects the stock to the regime.","Stock has sector exposure to a sector touched by this regime, but no direct stock-regime evidence link exists.",,,,needs_review,,,0.73,0.4,1,1,2026-06-01T21:29:52.188000000Z,blind-spot-graph,candidate,,,,CANDIDATE_LINK,,0.5,CandidateLink
rel:world-regime-inflationary-boom:CANDIDATE_LINK:world-stock-ppih,2026-06-01,,2026-06-01T21:28:48.313000000Z,neo4j-blind-spot-graph,1,,,2026-06-01,,,,2026-06-01,,,,frontmatter_gap,"Confirm with a fresh signal, pull note, or thesis update that connects the stock to the regime.","Stock has sector exposure to a sector touched by this regime, but no direct stock-regime evidence link exists.",,,,needs_review,,,0.73,0.4,1,1,2026-06-01T21:29:52.188000000Z,blind-spot-graph,candidate,,,,CANDIDATE_LINK,,0.5,CandidateLink
rel:world-regime-inflationary-boom:CANDIDATE_LINK:world-stock-pwr,2026-06-01,,2026-06-01T21:28:48.313000000Z,neo4j-blind-spot-graph,1,,,2026-06-01,,,,2026-06-01,,,,frontmatter_gap,"Confirm with a fresh signal, pull note, or thesis update that connects the stock to the regime.","Stock has sector exposure to a sector touched by this regime, but no direct stock-regime evidence link exists.",,,,needs_review,,,0.73,0.4,1,1,2026-06-01T21:29:52.188000000Z,blind-spot-graph,candidate,,,,CANDIDATE_LINK,,0.5,CandidateLink
rel:world-regime-inflationary-boom:CANDIDATE_LINK:world-stock-slb,2026-06-01,,2026-06-01T21:28:48.313000000Z,neo4j-blind-spot-graph,1,,,2026-06-01,,,,2026-06-01,,,,frontmatter_gap,"Confirm with a fresh signal, pull note, or thesis update that connects the stock to the regime.","Stock has sector exposure to a sector touched by this regime, but no direct stock-regime evidence link exists.",,,,needs_review,,,0.73,0.4,1,1,2026-06-01T21:29:52.188000000Z,blind-spot-graph,candidate,,,,CANDIDATE_LINK,,0.5,CandidateLink
rel:world-regime-inflationary-boom:CANDIDATE_LINK:world-stock-strl,2026-06-01,,2026-06-01T21:28:48.313000000Z,neo4j-blind-spot-graph,1,,,2026-06-01,,,,2026-06-01,,,,frontmatter_gap,"Confirm with a fresh signal, pull note, or thesis update that connects the stock to the regime.","Stock has sector exposure to a sector touched by this regime, but no direct stock-regime evidence link exists.",,,,needs_review,,,0.73,0.4,1,1,2026-06-01T21:29:52.188000000Z,blind-spot-graph,candidate,,,,CANDIDATE_LINK,,0.5,CandidateLink
rel:world-regime-inflationary-boom:CANDIDATE_LINK:world-stock-tnc,2026-06-01,,2026-06-01T21:28:48.313000000Z,neo4j-blind-spot-graph,1,,,2026-06-01,,,,2026-06-01,,,,frontmatter_gap,"Confirm with a fresh signal, pull note, or thesis update that connects the stock to the regime.","Stock has sector exposure to a sector touched by this regime, but no direct stock-regime evidence link exists.",,,,needs_review,,,0.73,0.4,1,1,2026-06-01T21:29:52.188000000Z,blind-spot-graph,candidate,,,,CANDIDATE_LINK,,0.5,CandidateLink
rel:world-regime-inflationary-boom:CANDIDATE_LINK:world-stock-v,2026-06-01,,2026-06-01T21:28:48.313000000Z,neo4j-blind-spot-graph,1,,,2026-06-01,,,,2026-06-01,,,,frontmatter_gap,"Confirm with a fresh signal, pull note, or thesis update that connects the stock to the regime.","Stock has sector exposure to a sector touched by this regime, but no direct stock-regime evidence link exists.",,,,needs_review,,,0.73,0.4,1,1,2026-06-01T21:29:52.188000000Z,blind-spot-graph,candidate,,,,CANDIDATE_LINK,,0.5,CandidateLink
rel:world-regime-inflationary-boom:CANDIDATE_LINK:world-stock-vst,2026-06-01,,2026-06-01T21:28:48.313000000Z,neo4j-blind-spot-graph,1,,,2026-06-01,,,,2026-06-01,,,,frontmatter_gap,"Confirm with a fresh signal, pull note, or thesis update that connects the stock to the regime.","Stock has sector exposure to a sector touched by this regime, but no direct stock-regime evidence link exists.",,,,needs_review,,,0.73,0.4,1,1,2026-06-01T21:29:52.188000000Z,blind-spot-graph,candidate,,,,CANDIDATE_LINK,,0.5,CandidateLink
rel:world-regime-inflationary-boom:CANDIDATE_LINK:world-stock-wcc,2026-06-01,,2026-06-01T21:28:48.313000000Z,neo4j-blind-spot-graph,1,,,2026-06-01,,,,2026-06-01,,,,frontmatter_gap,"Confirm with a fresh signal, pull note, or thesis update that connects the stock to the regime.","Stock has sector exposure to a sector touched by this regime, but no direct stock-regime evidence link exists.",,,,needs_review,,,0.73,0.4,1,1,2026-06-01T21:29:52.188000000Z,blind-spot-graph,candidate,,,,CANDIDATE_LINK,,0.5,CandidateLink
rel:world-regime-inflationary-boom:CANDIDATE_LINK:world-stock-wpm,2026-06-01,,2026-06-01T21:28:48.313000000Z,neo4j-blind-spot-graph,1,,,2026-06-01,,,,2026-06-01,,,,frontmatter_gap,"Confirm with a fresh signal, pull note, or thesis update that connects the stock to the regime.","Stock has sector exposure to a sector touched by this regime, but no direct stock-regime evidence link exists.",,,,needs_review,,,0.73,0.4,1,1,2026-06-01T21:29:52.188000000Z,blind-spot-graph,candidate,,,,CANDIDATE_LINK,,0.5,CandidateLink
rel:world-regime-inflationary-boom:CANDIDATE_LINK:world-stock-xom,2026-06-01,,2026-06-01T21:28:48.313000000Z,neo4j-blind-spot-graph,1,,,2026-06-01,,,,2026-06-01,,,,frontmatter_gap,"Confirm with a fresh signal, pull note, or thesis update that connects the stock to the regime.","Stock has sector exposure to a sector touched by this regime, but no direct stock-regime evidence link exists.",,,,needs_review,,,0.73,0.4,1,1,2026-06-01T21:29:52.188000000Z,blind-spot-graph,candidate,,,,CANDIDATE_LINK,,0.5,CandidateLink
rel:world-regime-rate-cut-cycle:CANDIDATE_LINK:world-stock-aapl,2026-06-01,,2026-06-01T21:28:48.313000000Z,neo4j-blind-spot-graph,1,,,2026-06-01,,,,2026-06-01,,,,frontmatter_gap,"Confirm with a fresh signal, pull note, or thesis update that connects the stock to the regime.","Stock has sector exposure to a sector touched by this regime, but no direct stock-regime evidence link exists.",,,,needs_review,,,0.2,0,0,1,2026-06-01T21:29:52.188000000Z,blind-spot-graph,candidate,,,,CANDIDATE_LINK,,0.5,CandidateLink
rel:world-regime-rate-cut-cycle:CANDIDATE_LINK:world-stock-amzn,2026-06-01,,2026-06-01T21:28:48.313000000Z,neo4j-blind-spot-graph,1,,,2026-06-01,,,,2026-06-01,,,,frontmatter_gap,"Confirm with a fresh signal, pull note, or thesis update that connects the stock to the regime.","Stock has sector exposure to a sector touched by this regime, but no direct stock-regime evidence link exists.",,,,needs_review,,,0.2,0,0,1,2026-06-01T21:29:52.188000000Z,blind-spot-graph,candidate,,,,CANDIDATE_LINK,,0.5,CandidateLink
rel:world-regime-rate-cut-cycle:CANDIDATE_LINK:world-stock-axp,2026-06-01,,2026-06-01T21:28:48.313000000Z,neo4j-blind-spot-graph,1,,,2026-06-01,,,,2026-06-01,,,,frontmatter_gap,"Confirm with a fresh signal, pull note, or thesis update that connects the stock to the regime.","Stock has sector exposure to a sector touched by this regime, but no direct stock-regime evidence link exists.",,,,needs_review,,,0.2,0,0,1,2026-06-01T21:29:52.188000000Z,blind-spot-graph,candidate,,,,CANDIDATE_LINK,,0.5,CandidateLink
rel:world-regime-rate-cut-cycle:CANDIDATE_LINK:world-stock-blmn,2026-06-01,,2026-06-01T21:28:48.313000000Z,neo4j-blind-spot-graph,1,,,2026-06-01,,,,2026-06-01,,,,frontmatter_gap,"Confirm with a fresh signal, pull note, or thesis update that connects the stock to the regime.","Stock has sector exposure to a sector touched by this regime, but no direct stock-regime evidence link exists.",,,,needs_review,,,0.2,0,0,1,2026-06-01T21:29:52.188000000Z,blind-spot-graph,candidate,,,,CANDIDATE_LINK,,0.5,CandidateLink
rel:world-regime-rate-cut-cycle:CANDIDATE_LINK:world-stock-brk-b,2026-06-01,,2026-06-01T21:28:48.313000000Z,neo4j-blind-spot-graph,1,,,2026-06-01,,,,2026-06-01,,,,frontmatter_gap,"Confirm with a fresh signal, pull note, or thesis update that connects the stock to the regime.","Stock has sector exposure to a sector touched by this regime, but no direct stock-regime evidence link exists.",,,,needs_review,,,0.2,0,0,1,2026-06-01T21:29:52.188000000Z,blind-spot-graph,candidate,,,,CANDIDATE_LINK,,0.5,CandidateLink
rel:world-regime-rate-cut-cycle:CANDIDATE_LINK:world-stock-coin,2026-06-01,,2026-06-01T21:28:48.313000000Z,neo4j-blind-spot-graph,1,,,2026-06-01,,,,2026-06-01,,,,frontmatter_gap,"Confirm with a fresh signal, pull note, or thesis update that connects the stock to the regime.","Stock has sector exposure to a sector touched by this regime, but no direct stock-regime evidence link exists.",,,,needs_review,,,0.2,0,0,1,2026-06-01T21:29:52.188000000Z,blind-spot-graph,candidate,,,,CANDIDATE_LINK,,0.5,CandidateLink
rel:world-regime-rate-cut-cycle:CANDIDATE_LINK:world-stock-dhi,2026-06-01,,2026-06-01T21:28:48.313000000Z,neo4j-blind-spot-graph,1,,,2026-06-01,,,,2026-06-01,,,,frontmatter_gap,"Confirm with a fresh signal, pull note, or thesis update that connects the stock to the regime.","Stock has sector exposure to a sector touched by this regime, but no direct stock-regime evidence link exists.",,,,needs_review,,,0.2,0,0,1,2026-06-01T21:29:52.188000000Z,blind-spot-graph,candidate,,,,CANDIDATE_LINK,,0.5,CandidateLink
rel:world-regime-rate-cut-cycle:CANDIDATE_LINK:world-stock-eqix,2026-06-01,,2026-06-01T21:28:48.313000000Z,neo4j-blind-spot-graph,1,,,2026-06-01,,,,2026-06-01,,,,frontmatter_gap,"Confirm with a fresh signal, pull note, or thesis update that connects the stock to the regime.","Stock has sector exposure to a sector touched by this regime, but no direct stock-regime evidence link exists.",,,,needs_review,,,0.2,0,0,1,2026-06-01T21:29:52.188000000Z,blind-spot-graph,candidate,,,,CANDIDATE_LINK,,0.5,CandidateLink
rel:world-regime-rate-cut-cycle:CANDIDATE_LINK:world-stock-ecpg,2026-06-01,,2026-06-01T21:28:48.313000000Z,neo4j-blind-spot-graph,1,,,2026-06-01,,,,2026-06-01,,,,frontmatter_gap,"Confirm with a fresh signal, pull note, or thesis update that connects the stock to the regime.","Stock has sector exposure to a sector touched by this regime, but no direct stock-regime evidence link exists.",,,,needs_review,,,0.2,0,0,1,2026-06-01T21:29:52.188000000Z,blind-spot-graph,candidate,,,,CANDIDATE_LINK,,0.5,CandidateLink
rel:world-regime-rate-cut-cycle:CANDIDATE_LINK:world-stock-gs,2026-06-01,,2026-06-01T21:28:48.313000000Z,neo4j-blind-spot-graph,1,,,2026-06-01,,,,2026-06-01,,,,frontmatter_gap,"Confirm with a fresh signal, pull note, or thesis update that connects the stock to the regime.","Stock has sector exposure to a sector touched by this regime, but no direct stock-regime evidence link exists.",,,,needs_review,,,0.2,0,0,1,2026-06-01T21:29:52.188000000Z,blind-spot-graph,candidate,,,,CANDIDATE_LINK,,0.5,CandidateLink
rel:world-regime-rate-cut-cycle:CANDIDATE_LINK:world-stock-iipr,2026-06-01,,2026-06-01T21:28:48.313000000Z,neo4j-blind-spot-graph,1,,,2026-06-01,,,,2026-06-01,,,,frontmatter_gap,"Confirm with a fresh signal, pull note, or thesis update that connects the stock to the regime.","Stock has sector exposure to a sector touched by this regime, but no direct stock-regime evidence link exists.",,,,needs_review,,,0.2,0,0,1,2026-06-01T21:29:52.188000000Z,blind-spot-graph,candidate,,,,CANDIDATE_LINK,,0.5,CandidateLink
rel:world-regime-rate-cut-cycle:CANDIDATE_LINK:world-stock-jpm,2026-06-01,,2026-06-01T21:28:48.313000000Z,neo4j-blind-spot-graph,1,,,2026-06-01,,,,2026-06-01,,,,frontmatter_gap,"Confirm with a fresh signal, pull note, or thesis update that connects the stock to the regime.","Stock has sector exposure to a sector touched by this regime, but no direct stock-regime evidence link exists.",,,,needs_review,,,0.2,0,0,1,2026-06-01T21:29:52.188000000Z,blind-spot-graph,candidate,,,,CANDIDATE_LINK,,0.5,CandidateLink
rel:world-regime-rate-cut-cycle:CANDIDATE_LINK:world-stock-len,2026-06-01,,2026-06-01T21:28:48.313000000Z,neo4j-blind-spot-graph,1,,,2026-06-01,,,,2026-06-01,,,,frontmatter_gap,"Confirm with a fresh signal, pull note, or thesis update that connects the stock to the regime.","Stock has sector exposure to a sector touched by this regime, but no direct stock-regime evidence link exists.",,,,needs_review,,,0.2,0,0,1,2026-06-01T21:29:52.188000000Z,blind-spot-graph,candidate,,,,CANDIDATE_LINK,,0.5,CandidateLink
rel:world-regime-rate-cut-cycle:CANDIDATE_LINK:world-stock-msft,2026-06-01,,2026-06-01T21:28:48.313000000Z,neo4j-blind-spot-graph,1,,,2026-06-01,,,,2026-06-01,,,,frontmatter_gap,"Confirm with a fresh signal, pull note, or thesis update that connects the stock to the regime.","Stock has sector exposure to a sector touched by this regime, but no direct stock-regime evidence link exists.",,,,needs_review,,,0.2,0,0,1,2026-06-01T21:29:52.188000000Z,blind-spot-graph,candidate,,,,CANDIDATE_LINK,,0.5,CandidateLink
rel:world-regime-rate-cut-cycle:CANDIDATE_LINK:world-stock-pdfs,2026-06-01,,2026-06-01T21:28:48.313000000Z,neo4j-blind-spot-graph,1,,,2026-06-01,,,,2026-06-01,,,,frontmatter_gap,"Confirm with a fresh signal, pull note, or thesis update that connects the stock to the regime.","Stock has sector exposure to a sector touched by this regime, but no direct stock-regime evidence link exists.",,,,needs_review,,,0.2,0,0,1,2026-06-01T21:29:52.188000000Z,blind-spot-graph,candidate,,,,CANDIDATE_LINK,,0.5,CandidateLink
rel:world-regime-rate-cut-cycle:CANDIDATE_LINK:world-stock-pld,2026-06-01,,2026-06-01T21:28:48.313000000Z,neo4j-blind-spot-graph,1,,,2026-06-01,,,,2026-06-01,,,,frontmatter_gap,"Confirm with a fresh signal, pull note, or thesis update that connects the stock to the regime.","Stock has sector exposure to a sector touched by this regime, but no direct stock-regime evidence link exists.",,,,needs_review,,,0.2,0,0,1,2026-06-01T21:29:52.188000000Z,blind-spot-graph,candidate,,,,CANDIDATE_LINK,,0.5,CandidateLink
rel:world-regime-rate-cut-cycle:CANDIDATE_LINK:world-stock-pltr,2026-06-01,,2026-06-01T21:28:48.313000000Z,neo4j-blind-spot-graph,1,,,2026-06-01,,,,2026-06-01,,,,frontmatter_gap,"Confirm with a fresh signal, pull note, or thesis update that connects the stock to the regime.","Stock has sector exposure to a sector touched by this regime, but no direct stock-regime evidence link exists.",,,,needs_review,,,0.2,0,0,1,2026-06-01T21:29:52.188000000Z,blind-spot-graph,candidate,,,,CANDIDATE_LINK,,0.5,CandidateLink
rel:world-regime-rate-cut-cycle:CANDIDATE_LINK:world-stock-prks,2026-06-01,,2026-06-01T21:28:48.313000000Z,neo4j-blind-spot-graph,1,,,2026-06-01,,,,2026-06-01,,,,frontmatter_gap,"Confirm with a fresh signal, pull note, or thesis update that connects the stock to the regime.","Stock has sector exposure to a sector touched by this regime, but no direct stock-regime evidence link exists.",,,,needs_review,,,0.2,0,0,1,2026-06-01T21:29:52.188000000Z,blind-spot-graph,candidate,,,,CANDIDATE_LINK,,0.5,CandidateLink
rel:world-regime-rate-cut-cycle:CANDIDATE_LINK:world-stock-tsla,2026-06-01,,2026-06-01T21:28:48.313000000Z,neo4j-blind-spot-graph,1,,,2026-06-01,,,,2026-06-01,,,,frontmatter_gap,"Confirm with a fresh signal, pull note, or thesis update that connects the stock to the regime.","Stock has sector exposure to a sector touched by this regime, but no direct stock-regime evidence link exists.",,,,needs_review,,,0.2,0,0,1,2026-06-01T21:29:52.188000000Z,blind-spot-graph,candidate,,,,CANDIDATE_LINK,,0.5,CandidateLink
rel:world-regime-rate-cut-cycle:CANDIDATE_LINK:world-stock-v,2026-06-01,,2026-06-01T21:28:48.313000000Z,neo4j-blind-spot-graph,1,,,2026-06-01,,,,2026-06-01,,,,frontmatter_gap,"Confirm with a fresh signal, pull note, or thesis update that connects the stock to the regime.","Stock has sector exposure to a sector touched by this regime, but no direct stock-regime evidence link exists.",,,,needs_review,,,0.2,0,0,1,2026-06-01T21:29:52.188000000Z,blind-spot-graph,candidate,,,,CANDIDATE_LINK,,0.5,CandidateLink
rel:world-regime-rate-cut-cycle:CANDIDATE_LINK:world-stock-well,2026-06-01,,2026-06-01T21:28:48.313000000Z,neo4j-blind-spot-graph,1,,,2026-06-01,,,,2026-06-01,,,,frontmatter_gap,"Confirm with a fresh signal, pull note, or thesis update that connects the stock to the regime.","Stock has sector exposure to a sector touched by this regime, but no direct stock-regime evidence link exists.",,,,needs_review,,,0.2,0,0,1,2026-06-01T21:29:52.188000000Z,blind-spot-graph,candidate,,,,CANDIDATE_LINK,,0.5,CandidateLink
rel:world-regime-rate-hike-cycle:CANDIDATE_LINK:world-stock-aapl,2026-06-01,,2026-06-01T21:28:48.313000000Z,neo4j-blind-spot-graph,1,,,2026-06-01,,,,2026-06-01,,,,frontmatter_gap,"Confirm with a fresh signal, pull note, or thesis update that connects the stock to the regime.","Stock has sector exposure to a sector touched by this regime, but no direct stock-regime evidence link exists.",,,,needs_review,,,0.35750000000000004,0.35,0,1,2026-06-01T21:29:52.188000000Z,blind-spot-graph,candidate,,,,CANDIDATE_LINK,,0.5,CandidateLink
rel:world-regime-rate-hike-cycle:CANDIDATE_LINK:world-stock-amzn,2026-06-01,,2026-06-01T21:28:48.313000000Z,neo4j-blind-spot-graph,1,,,2026-06-01,,,,2026-06-01,,,,frontmatter_gap,"Confirm with a fresh signal, pull note, or thesis update that connects the stock to the regime.","Stock has sector exposure to a sector touched by this regime, but no direct stock-regime evidence link exists.",,,,needs_review,,,0.35750000000000004,0.35,0,1,2026-06-01T21:29:52.188000000Z,blind-spot-graph,candidate,,,,CANDIDATE_LINK,,0.5,CandidateLink
rel:world-regime-rate-hike-cycle:CANDIDATE_LINK:world-stock-axp,2026-06-01,,2026-06-01T21:28:48.313000000Z,neo4j-blind-spot-graph,1,,,2026-06-01,,,,2026-06-01,,,,frontmatter_gap,"Confirm with a fresh signal, pull note, or thesis update that connects the stock to the regime.","Stock has sector exposure to a sector touched by this regime, but no direct stock-regime evidence link exists.",,,,needs_review,,,0.35750000000000004,0.35,0,1,2026-06-01T21:29:52.188000000Z,blind-spot-graph,candidate,,,,CANDIDATE_LINK,,0.5,CandidateLink
rel:world-regime-rate-hike-cycle:CANDIDATE_LINK:world-stock-blmn,2026-06-01,,2026-06-01T21:28:48.313000000Z,neo4j-blind-spot-graph,1,,,2026-06-01,,,,2026-06-01,,,,frontmatter_gap,"Confirm with a fresh signal, pull note, or thesis update that connects the stock to the regime.","Stock has sector exposure to a sector touched by this regime, but no direct stock-regime evidence link exists.",,,,needs_review,,,0.35750000000000004,0.35,0,1,2026-06-01T21:29:52.188000000Z,blind-spot-graph,candidate,,,,CANDIDATE_LINK,,0.5,CandidateLink
rel:world-regime-rate-hike-cycle:CANDIDATE_LINK:world-stock-brk-b,2026-06-01,,2026-06-01T21:28:48.313000000Z,neo4j-blind-spot-graph,1,,,2026-06-01,,,,2026-06-01,,,,frontmatter_gap,"Confirm with a fresh signal, pull note, or thesis update that connects the stock to the regime.","Stock has sector exposure to a sector touched by this regime, but no direct stock-regime evidence link exists.",,,,needs_review,,,0.35750000000000004,0.35,0,1,2026-06-01T21:29:52.188000000Z,blind-spot-graph,candidate,,,,CANDIDATE_LINK,,0.5,CandidateLink
rel:world-regime-rate-hike-cycle:CANDIDATE_LINK:world-stock-coin,2026-06-01,,2026-06-01T21:28:48.313000000Z,neo4j-blind-spot-graph,1,,,2026-06-01,,,,2026-06-01,,,,frontmatter_gap,"Confirm with a fresh signal, pull note, or thesis update that connects the stock to the regime.","Stock has sector exposure to a sector touched by this regime, but no direct stock-regime evidence link exists.",,,,needs_review,,,0.35750000000000004,0.35,0,1,2026-06-01T21:29:52.188000000Z,blind-spot-graph,candidate,,,,CANDIDATE_LINK,,0.5,CandidateLink
rel:world-regime-rate-hike-cycle:CANDIDATE_LINK:world-stock-cvx,2026-06-01,,2026-06-01T21:28:48.313000000Z,neo4j-blind-spot-graph,1,,,2026-06-01,,,,2026-06-01,,,,frontmatter_gap,"Confirm with a fresh signal, pull note, or thesis update that connects the stock to the regime.","Stock has sector exposure to a sector touched by this regime, but no direct stock-regime evidence link exists.",,,,needs_review,,,0.35750000000000004,0.35,0,1,2026-06-01T21:29:52.188000000Z,blind-spot-graph,candidate,,,,CANDIDATE_LINK,,0.5,CandidateLink
rel:world-regime-rate-hike-cycle:CANDIDATE_LINK:world-stock-dhi,2026-06-01,,2026-06-01T21:28:48.313000000Z,neo4j-blind-spot-graph,1,,,2026-06-01,,,,2026-06-01,,,,frontmatter_gap,"Confirm with a fresh signal, pull note, or thesis update that connects the stock to the regime.","Stock has sector exposure to a sector touched by this regime, but no direct stock-regime evidence link exists.",,,,needs_review,,,0.35750000000000004,0.35,0,1,2026-06-01T21:29:52.188000000Z,blind-spot-graph,candidate,,,,CANDIDATE_LINK,,0.5,CandidateLink
rel:world-regime-rate-hike-cycle:CANDIDATE_LINK:world-stock-ecpg,2026-06-01,,2026-06-01T21:28:48.313000000Z,neo4j-blind-spot-graph,1,,,2026-06-01,,,,2026-06-01,,,,frontmatter_gap,"Confirm with a fresh signal, pull note, or thesis update that connects the stock to the regime.","Stock has sector exposure to a sector touched by this regime, but no direct stock-regime evidence link exists.",,,,needs_review,,,0.35750000000000004,0.35,0,1,2026-06-01T21:29:52.188000000Z,blind-spot-graph,candidate,,,,CANDIDATE_LINK,,0.5,CandidateLink
rel:world-regime-rate-hike-cycle:CANDIDATE_LINK:world-stock-eqix,2026-06-01,,2026-06-01T21:28:48.313000000Z,neo4j-blind-spot-graph,1,,,2026-06-01,,,,2026-06-01,,,,frontmatter_gap,"Confirm with a fresh signal, pull note, or thesis update that connects the stock to the regime.","Stock has sector exposure to a sector touched by this regime, but no direct stock-regime evidence link exists.",,,,needs_review,,,0.35750000000000004,0.35,0,1,2026-06-01T21:29:52.188000000Z,blind-spot-graph,candidate,,,,CANDIDATE_LINK,,0.5,CandidateLink
rel:world-regime-rate-hike-cycle:CANDIDATE_LINK:world-stock-gs,2026-06-01,,2026-06-01T21:28:48.313000000Z,neo4j-blind-spot-graph,1,,,2026-06-01,,,,2026-06-01,,,,frontmatter_gap,"Confirm with a fresh signal, pull note, or thesis update that connects the stock to the regime.","Stock has sector exposure to a sector touched by this regime, but no direct stock-regime evidence link exists.",,,,needs_review,,,0.35750000000000004,0.35,0,1,2026-06-01T21:29:52.188000000Z,blind-spot-graph,candidate,,,,CANDIDATE_LINK,,0.5,CandidateLink
rel:world-regime-rate-hike-cycle:CANDIDATE_LINK:world-stock-jpm,2026-06-01,,2026-06-01T21:28:48.313000000Z,neo4j-blind-spot-graph,1,,,2026-06-01,,,,2026-06-01,,,,frontmatter_gap,"Confirm with a fresh signal, pull note, or thesis update that connects the stock to the regime.","Stock has sector exposure to a sector touched by this regime, but no direct stock-regime evidence link exists.",,,,needs_review,,,0.35750000000000004,0.35,0,1,2026-06-01T21:29:52.188000000Z,blind-spot-graph,candidate,,,,CANDIDATE_LINK,,0.5,CandidateLink
rel:world-regime-rate-hike-cycle:CANDIDATE_LINK:world-stock-iipr,2026-06-01,,2026-06-01T21:28:48.313000000Z,neo4j-blind-spot-graph,1,,,2026-06-01,,,,2026-06-01,,,,frontmatter_gap,"Confirm with a fresh signal, pull note, or thesis update that connects the stock to the regime.","Stock has sector exposure to a sector touched by this regime, but no direct stock-regime evidence link exists.",,,,needs_review,,,0.35750000000000004,0.35,0,1,2026-06-01T21:29:52.188000000Z,blind-spot-graph,candidate,,,,CANDIDATE_LINK,,0.5,CandidateLink
rel:world-regime-rate-hike-cycle:CANDIDATE_LINK:world-stock-len,2026-06-01,,2026-06-01T21:28:48.313000000Z,neo4j-blind-spot-graph,1,,,2026-06-01,,,,2026-06-01,,,,frontmatter_gap,"Confirm with a fresh signal, pull note, or thesis update that connects the stock to the regime.","Stock has sector exposure to a sector touched by this regime, but no direct stock-regime evidence link exists.",,,,needs_review,,,0.35750000000000004,0.35,0,1,2026-06-01T21:29:52.188000000Z,blind-spot-graph,candidate,,,,CANDIDATE_LINK,,0.5,CandidateLink
rel:world-regime-rate-hike-cycle:CANDIDATE_LINK:world-stock-msft,2026-06-01,,2026-06-01T21:28:48.313000000Z,neo4j-blind-spot-graph,1,,,2026-06-01,,,,2026-06-01,,,,frontmatter_gap,"Confirm with a fresh signal, pull note, or thesis update that connects the stock to the regime.","Stock has sector exposure to a sector touched by this regime, but no direct stock-regime evidence link exists.",,,,needs_review,,,0.35750000000000004,0.35,0,1,2026-06-01T21:29:52.188000000Z,blind-spot-graph,candidate,,,,CANDIDATE_LINK,,0.5,CandidateLink
rel:world-regime-rate-hike-cycle:CANDIDATE_LINK:world-stock-nvda,2026-06-01,,2026-06-01T21:28:48.313000000Z,neo4j-blind-spot-graph,1,,,2026-06-01,,,,2026-06-01,,,,frontmatter_gap,"Confirm with a fresh signal, pull note, or thesis update that connects the stock to the regime.","Stock has sector exposure to a sector touched by this regime, but no direct stock-regime evidence link exists.",,,,needs_review,,,0.35750000000000004,0.35,0,1,2026-06-01T21:29:52.188000000Z,blind-spot-graph,candidate,,,,CANDIDATE_LINK,,0.5,CandidateLink
rel:world-regime-rate-hike-cycle:CANDIDATE_LINK:world-stock-oxy,2026-06-01,,2026-06-01T21:28:48.313000000Z,neo4j-blind-spot-graph,1,,,2026-06-01,,,,2026-06-01,,,,frontmatter_gap,"Confirm with a fresh signal, pull note, or thesis update that connects the stock to the regime.","Stock has sector exposure to a sector touched by this regime, but no direct stock-regime evidence link exists.",,,,needs_review,,,0.35750000000000004,0.35,0,1,2026-06-01T21:29:52.188000000Z,blind-spot-graph,candidate,,,,CANDIDATE_LINK,,0.5,CandidateLink
rel:world-regime-rate-hike-cycle:CANDIDATE_LINK:world-stock-pdfs,2026-06-01,,2026-06-01T21:28:48.313000000Z,neo4j-blind-spot-graph,1,,,2026-06-01,,,,2026-06-01,,,,frontmatter_gap,"Confirm with a fresh signal, pull note, or thesis update that connects the stock to the regime.","Stock has sector exposure to a sector touched by this regime, but no direct stock-regime evidence link exists.",,,,needs_review,,,0.35750000000000004,0.35,0,1,2026-06-01T21:29:52.188000000Z,blind-spot-graph,candidate,,,,CANDIDATE_LINK,,0.5,CandidateLink
rel:world-regime-rate-hike-cycle:CANDIDATE_LINK:world-stock-pld,2026-06-01,,2026-06-01T21:28:48.313000000Z,neo4j-blind-spot-graph,1,,,2026-06-01,,,,2026-06-01,,,,frontmatter_gap,"Confirm with a fresh signal, pull note, or thesis update that connects the stock to the regime.","Stock has sector exposure to a sector touched by this regime, but no direct stock-regime evidence link exists.",,,,needs_review,,,0.35750000000000004,0.35,0,1,2026-06-01T21:29:52.188000000Z,blind-spot-graph,candidate,,,,CANDIDATE_LINK,,0.5,CandidateLink
rel:world-regime-rate-hike-cycle:CANDIDATE_LINK:world-stock-pltr,2026-06-01,,2026-06-01T21:28:48.313000000Z,neo4j-blind-spot-graph,1,,,2026-06-01,,,,2026-06-01,,,,frontmatter_gap,"Confirm with a fresh signal, pull note, or thesis update that connects the stock to the regime.","Stock has sector exposure to a sector touched by this regime, but no direct stock-regime evidence link exists.",,,,needs_review,,,0.35750000000000004,0.35,0,1,2026-06-01T21:29:52.188000000Z,blind-spot-graph,candidate,,,,CANDIDATE_LINK,,0.5,CandidateLink
rel:world-regime-rate-hike-cycle:CANDIDATE_LINK:world-stock-prks,2026-06-01,,2026-06-01T21:28:48.313000000Z,neo4j-blind-spot-graph,1,,,2026-06-01,,,,2026-06-01,,,,frontmatter_gap,"Confirm with a fresh signal, pull note, or thesis update that connects the stock to the regime.","Stock has sector exposure to a sector touched by this regime, but no direct stock-regime evidence link exists.",,,,needs_review,,,0.35750000000000004,0.35,0,1,2026-06-01T21:29:52.188000000Z,blind-spot-graph,candidate,,,,CANDIDATE_LINK,,0.5,CandidateLink
rel:world-regime-rate-hike-cycle:CANDIDATE_LINK:world-stock-slb,2026-06-01,,2026-06-01T21:28:48.313000000Z,neo4j-blind-spot-graph,1,,,2026-06-01,,,,2026-06-01,,,,frontmatter_gap,"Confirm with a fresh signal, pull note, or thesis update that connects the stock to the regime.","Stock has sector exposure to a sector touched by this regime, but no direct stock-regime evidence link exists.",,,,needs_review,,,0.35750000000000004,0.35,0,1,2026-06-01T21:29:52.188000000Z,blind-spot-graph,candidate,,,,CANDIDATE_LINK,,0.5,CandidateLink
rel:world-regime-rate-hike-cycle:CANDIDATE_LINK:world-stock-tsla,2026-06-01,,2026-06-01T21:28:48.313000000Z,neo4j-blind-spot-graph,1,,,2026-06-01,,,,2026-06-01,,,,frontmatter_gap,"Confirm with a fresh signal, pull note, or thesis update that connects the stock to the regime.","Stock has sector exposure to a sector touched by this regime, but no direct stock-regime evidence link exists.",,,,needs_review,,,0.35750000000000004,0.35,0,1,2026-06-01T21:29:52.188000000Z,blind-spot-graph,candidate,,,,CANDIDATE_LINK,,0.5,CandidateLink
rel:world-regime-rate-hike-cycle:CANDIDATE_LINK:world-stock-v,2026-06-01,,2026-06-01T21:28:48.313000000Z,neo4j-blind-spot-graph,1,,,2026-06-01,,,,2026-06-01,,,,frontmatter_gap,"Confirm with a fresh signal, pull note, or thesis update that connects the stock to the regime.","Stock has sector exposure to a sector touched by this regime, but no direct stock-regime evidence link exists.",,,,needs_review,,,0.35750000000000004,0.35,0,1,2026-06-01T21:29:52.188000000Z,blind-spot-graph,candidate,,,,CANDIDATE_LINK,,0.5,CandidateLink
rel:world-regime-rate-hike-cycle:CANDIDATE_LINK:world-stock-well,2026-06-01,,2026-06-01T21:28:48.313000000Z,neo4j-blind-spot-graph,1,,,2026-06-01,,,,2026-06-01,,,,frontmatter_gap,"Confirm with a fresh signal, pull note, or thesis update that connects the stock to the regime.","Stock has sector exposure to a sector touched by this regime, but no direct stock-regime evidence link exists.",,,,needs_review,,,0.35750000000000004,0.35,0,1,2026-06-01T21:29:52.188000000Z,blind-spot-graph,candidate,,,,CANDIDATE_LINK,,0.5,CandidateLink
rel:world-regime-rate-hike-cycle:CANDIDATE_LINK:world-stock-xom,2026-06-01,,2026-06-01T21:28:48.313000000Z,neo4j-blind-spot-graph,1,,,2026-06-01,,,,2026-06-01,,,,frontmatter_gap,"Confirm with a fresh signal, pull note, or thesis update that connects the stock to the regime.","Stock has sector exposure to a sector touched by this regime, but no direct stock-regime evidence link exists.",,,,needs_review,,,0.35750000000000004,0.35,0,1,2026-06-01T21:29:52.188000000Z,blind-spot-graph,candidate,,,,CANDIDATE_LINK,,0.5,CandidateLink
rel:world-regime-recession:CANDIDATE_LINK:world-stock-alks,2026-06-01,,2026-06-01T21:28:48.313000000Z,neo4j-blind-spot-graph,1,,,2026-06-01,,,,2026-06-01,,,,frontmatter_gap,"Confirm with a fresh signal, pull note, or thesis update that connects the stock to the regime.","Stock has sector exposure to a sector touched by this regime, but no direct stock-regime evidence link exists.",,,,needs_review,,,0.2,0,0,1,2026-06-01T21:29:52.188000000Z,blind-spot-graph,candidate,,,,CANDIDATE_LINK,,0.5,CandidateLink
rel:world-regime-recession:CANDIDATE_LINK:world-stock-abbv,2026-06-01,,2026-06-01T21:28:48.313000000Z,neo4j-blind-spot-graph,1,,,2026-06-01,,,,2026-06-01,,,,frontmatter_gap,"Confirm with a fresh signal, pull note, or thesis update that connects the stock to the regime.","Stock has sector exposure to a sector touched by this regime, but no direct stock-regime evidence link exists.",,,,needs_review,,,0.2,0,0,1,2026-06-01T21:29:52.188000000Z,blind-spot-graph,candidate,,,,CANDIDATE_LINK,,0.5,CandidateLink
rel:world-regime-recession:CANDIDATE_LINK:world-stock-achr,2026-06-01,,2026-06-01T21:28:48.313000000Z,neo4j-blind-spot-graph,1,,,2026-06-01,,,,2026-06-01,,,,frontmatter_gap,"Confirm with a fresh signal, pull note, or thesis update that connects the stock to the regime.","Stock has sector exposure to a sector touched by this regime, but no direct stock-regime evidence link exists.",,,,needs_review,,,0.2,0,0,1,2026-06-01T21:29:52.188000000Z,blind-spot-graph,candidate,,,,CANDIDATE_LINK,,0.5,CandidateLink
rel:world-regime-recession:CANDIDATE_LINK:world-stock-amsc,2026-06-01,,2026-06-01T21:28:48.313000000Z,neo4j-blind-spot-graph,1,,,2026-06-01,,,,2026-06-01,,,,frontmatter_gap,"Confirm with a fresh signal, pull note, or thesis update that connects the stock to the regime.","Stock has sector exposure to a sector touched by this regime, but no direct stock-regime evidence link exists.",,,,needs_review,,,0.2,0,0,1,2026-06-01T21:29:52.188000000Z,blind-spot-graph,candidate,,,,CANDIDATE_LINK,,0.5,CandidateLink
rel:world-regime-recession:CANDIDATE_LINK:world-stock-amzn,2026-06-01,,2026-06-01T21:28:48.313000000Z,neo4j-blind-spot-graph,1,,,2026-06-01,,,,2026-06-01,,,,frontmatter_gap,"Confirm with a fresh signal, pull note, or thesis update that connects the stock to the regime.","Stock has sector exposure to a sector touched by this regime, but no direct stock-regime evidence link exists.",,,,needs_review,,,0.2,0,0,1,2026-06-01T21:29:52.188000000Z,blind-spot-graph,candidate,,,,CANDIDATE_LINK,,0.5,CandidateLink
rel:world-regime-recession:CANDIDATE_LINK:world-stock-anro,2026-06-01,,2026-06-01T21:28:48.313000000Z,neo4j-blind-spot-graph,1,,,2026-06-01,,,,2026-06-01,,,,frontmatter_gap,"Confirm with a fresh signal, pull note, or thesis update that connects the stock to the regime.","Stock has sector exposure to a sector touched by this regime, but no direct stock-regime evidence link exists.",,,,needs_review,,,0.2,0,0,1,2026-06-01T21:29:52.188000000Z,blind-spot-graph,candidate,,,,CANDIDATE_LINK,,0.5,CandidateLink
rel:world-regime-recession:CANDIDATE_LINK:world-stock-atai,2026-06-01,,2026-06-01T21:28:48.313000000Z,neo4j-blind-spot-graph,1,,,2026-06-01,,,,2026-06-01,,,,frontmatter_gap,"Confirm with a fresh signal, pull note, or thesis update that connects the stock to the regime.","Stock has sector exposure to a sector touched by this regime, but no direct stock-regime evidence link exists.",,,,needs_review,,,0.2,0,0,1,2026-06-01T21:29:52.188000000Z,blind-spot-graph,candidate,,,,CANDIDATE_LINK,,0.5,CandidateLink
rel:world-regime-recession:CANDIDATE_LINK:world-stock-brbr,2026-06-01,,2026-06-01T21:28:48.313000000Z,neo4j-blind-spot-graph,1,,,2026-06-01,,,,2026-06-01,,,,frontmatter_gap,"Confirm with a fresh signal, pull note, or thesis update that connects the stock to the regime.","Stock has sector exposure to a sector touched by this regime, but no direct stock-regime evidence link exists.",,,,needs_review,,,0.2,0,0,1,2026-06-01T21:29:52.188000000Z,blind-spot-graph,candidate,,,,CANDIDATE_LINK,,0.5,CandidateLink
rel:world-regime-recession:CANDIDATE_LINK:world-stock-blmn,2026-06-01,,2026-06-01T21:28:48.313000000Z,neo4j-blind-spot-graph,1,,,2026-06-01,,,,2026-06-01,,,,frontmatter_gap,"Confirm with a fresh signal, pull note, or thesis update that connects the stock to the regime.","Stock has sector exposure to a sector touched by this regime, but no direct stock-regime evidence link exists.",,,,needs_review,,,0.2,0,0,1,2026-06-01T21:29:52.188000000Z,blind-spot-graph,candidate,,,,CANDIDATE_LINK,,0.5,CandidateLink
rel:world-regime-recession:CANDIDATE_LINK:world-stock-brk-b,2026-06-01,,2026-06-01T21:28:48.313000000Z,neo4j-blind-spot-graph,1,,,2026-06-01,,,,2026-06-01,,,,frontmatter_gap,"Confirm with a fresh signal, pull note, or thesis update that connects the stock to the regime.","Stock has sector exposure to a sector touched by this regime, but no direct stock-regime evidence link exists.",,,,needs_review,,,0.2,0,0,1,2026-06-01T21:29:52.188000000Z,blind-spot-graph,candidate,,,,CANDIDATE_LINK,,0.5,CandidateLink
rel:world-regime-recession:CANDIDATE_LINK:world-stock-bw,2026-06-01,,2026-06-01T21:28:48.313000000Z,neo4j-blind-spot-graph,1,,,2026-06-01,,,,2026-06-01,,,,frontmatter_gap,"Confirm with a fresh signal, pull note, or thesis update that connects the stock to the regime.","Stock has sector exposure to a sector touched by this regime, but no direct stock-regime evidence link exists.",,,,needs_review,,,0.2,0,0,1,2026-06-01T21:29:52.188000000Z,blind-spot-graph,candidate,,,,CANDIDATE_LINK,,0.5,CandidateLink
rel:world-regime-recession:CANDIDATE_LINK:world-stock-cat,2026-06-01,,2026-06-01T21:28:48.313000000Z,neo4j-blind-spot-graph,1,,,2026-06-01,,,,2026-06-01,,,,frontmatter_gap,"Confirm with a fresh signal, pull note, or thesis update that connects the stock to the regime.","Stock has sector exposure to a sector touched by this regime, but no direct stock-regime evidence link exists.",,,,needs_review,,,0.2,0,0,1,2026-06-01T21:29:52.188000000Z,blind-spot-graph,candidate,,,,CANDIDATE_LINK,,0.5,CandidateLink
rel:world-regime-recession:CANDIDATE_LINK:world-stock-ceg,2026-06-01,,2026-06-01T21:28:48.313000000Z,neo4j-blind-spot-graph,1,,,2026-06-01,,,,2026-06-01,,,,frontmatter_gap,"Confirm with a fresh signal, pull note, or thesis update that connects the stock to the regime.","Stock has sector exposure to a sector touched by this regime, but no direct stock-regime evidence link exists.",,,,needs_review,,,0.2,0,0,1,2026-06-01T21:29:52.188000000Z,blind-spot-graph,candidate,,,,CANDIDATE_LINK,,0.5,CandidateLink
rel:world-regime-recession:CANDIDATE_LINK:world-stock-cmnd,2026-06-01,,2026-06-01T21:28:48.313000000Z,neo4j-blind-spot-graph,1,,,2026-06-01,,,,2026-06-01,,,,frontmatter_gap,"Confirm with a fresh signal, pull note, or thesis update that connects the stock to the regime.","Stock has sector exposure to a sector touched by this regime, but no direct stock-regime evidence link exists.",,,,needs_review,,,0.2,0,0,1,2026-06-01T21:29:52.188000000Z,blind-spot-graph,candidate,,,,CANDIDATE_LINK,,0.5,CandidateLink
rel:world-regime-recession:CANDIDATE_LINK:world-stock-cmps,2026-06-01,,2026-06-01T21:28:48.313000000Z,neo4j-blind-spot-graph,1,,,2026-06-01,,,,2026-06-01,,,,frontmatter_gap,"Confirm with a fresh signal, pull note, or thesis update that connects the stock to the regime.","Stock has sector exposure to a sector touched by this regime, but no direct stock-regime evidence link exists.",,,,needs_review,,,0.2,0,0,1,2026-06-01T21:29:52.188000000Z,blind-spot-graph,candidate,,,,CANDIDATE_LINK,,0.5,CandidateLink
rel:world-regime-recession:CANDIDATE_LINK:world-stock-coin,2026-06-01,,2026-06-01T21:28:48.313000000Z,neo4j-blind-spot-graph,1,,,2026-06-01,,,,2026-06-01,,,,frontmatter_gap,"Confirm with a fresh signal, pull note, or thesis update that connects the stock to the regime.","Stock has sector exposure to a sector touched by this regime, but no direct stock-regime evidence link exists.",,,,needs_review,,,0.2,0,0,1,2026-06-01T21:29:52.188000000Z,blind-spot-graph,candidate,,,,CANDIDATE_LINK,,0.5,CandidateLink
rel:world-regime-recession:CANDIDATE_LINK:world-stock-cost,2026-06-01,,2026-06-01T21:28:48.313000000Z,neo4j-blind-spot-graph,1,,,2026-06-01,,,,2026-06-01,,,,frontmatter_gap,"Confirm with a fresh signal, pull note, or thesis update that connects the stock to the regime.","Stock has sector exposure to a sector touched by this regime, but no direct stock-regime evidence link exists.",,,,needs_review,,,0.2,0,0,1,2026-06-01T21:29:52.188000000Z,blind-spot-graph,candidate,,,,CANDIDATE_LINK,,0.5,CandidateLink
rel:world-regime-recession:CANDIDATE_LINK:world-stock-dftx,2026-06-01,,2026-06-01T21:28:48.313000000Z,neo4j-blind-spot-graph,1,,,2026-06-01,,,,2026-06-01,,,,frontmatter_gap,"Confirm with a fresh signal, pull note, or thesis update that connects the stock to the regime.","Stock has sector exposure to a sector touched by this regime, but no direct stock-regime evidence link exists.",,,,needs_review,,,0.2,0,0,1,2026-06-01T21:29:52.188000000Z,blind-spot-graph,candidate,,,,CANDIDATE_LINK,,0.5,CandidateLink
rel:world-regime-risk-on:CANDIDATE_LINK:world-stock-brbr,2026-06-01,,2026-06-01T21:28:48.313000000Z,neo4j-blind-spot-graph,1,,,2026-06-01,,,,2026-06-01,,,,frontmatter_gap,"Confirm with a fresh signal, pull note, or thesis update that connects the stock to the regime.","Stock has sector exposure to a sector touched by this regime, but no direct stock-regime evidence link exists.",,,,needs_review,,,0.2,0,0,1,2026-06-01T21:29:52.188000000Z,blind-spot-graph,candidate,,,,CANDIDATE_LINK,,0.5,CandidateLink
rel:world-regime-recession:CANDIDATE_LINK:world-stock-dhi,2026-06-01,,2026-06-01T21:28:48.313000000Z,neo4j-blind-spot-graph,1,,,2026-06-01,,,,2026-06-01,,,,frontmatter_gap,"Confirm with a fresh signal, pull note, or thesis update that connects the stock to the regime.","Stock has sector exposure to a sector touched by this regime, but no direct stock-regime evidence link exists.",,,,needs_review,,,0.2,0,0,1,2026-06-01T21:29:52.188000000Z,blind-spot-graph,candidate,,,,CANDIDATE_LINK,,0.5,CandidateLink
rel:world-regime-recession:CANDIDATE_LINK:world-stock-dpro,2026-06-01,,2026-06-01T21:28:48.313000000Z,neo4j-blind-spot-graph,1,,,2026-06-01,,,,2026-06-01,,,,frontmatter_gap,"Confirm with a fresh signal, pull note, or thesis update that connects the stock to the regime.","Stock has sector exposure to a sector touched by this regime, but no direct stock-regime evidence link exists.",,,,needs_review,,,0.2,0,0,1,2026-06-01T21:29:52.188000000Z,blind-spot-graph,candidate,,,,CANDIDATE_LINK,,0.5,CandidateLink
rel:world-regime-recession:CANDIDATE_LINK:world-stock-drug,2026-06-01,,2026-06-01T21:28:48.313000000Z,neo4j-blind-spot-graph,1,,,2026-06-01,,,,2026-06-01,,,,frontmatter_gap,"Confirm with a fresh signal, pull note, or thesis update that connects the stock to the regime.","Stock has sector exposure to a sector touched by this regime, but no direct stock-regime evidence link exists.",,,,needs_review,,,0.2,0,0,1,2026-06-01T21:29:52.188000000Z,blind-spot-graph,candidate,,,,CANDIDATE_LINK,,0.5,CandidateLink
rel:world-regime-recession:CANDIDATE_LINK:world-stock-ecpg,2026-06-01,,2026-06-01T21:28:48.313000000Z,neo4j-blind-spot-graph,1,,,2026-06-01,,,,2026-06-01,,,,frontmatter_gap,"Confirm with a fresh signal, pull note, or thesis update that connects the stock to the regime.","Stock has sector exposure to a sector touched by this regime, but no direct stock-regime evidence link exists.",,,,needs_review,,,0.2,0,0,1,2026-06-01T21:29:52.188000000Z,blind-spot-graph,candidate,,,,CANDIDATE_LINK,,0.5,CandidateLink
rel:world-regime-recession:CANDIDATE_LINK:world-stock-eh,2026-06-01,,2026-06-01T21:28:48.313000000Z,neo4j-blind-spot-graph,1,,,2026-06-01,,,,2026-06-01,,,,frontmatter_gap,"Confirm with a fresh signal, pull note, or thesis update that connects the stock to the regime.","Stock has sector exposure to a sector touched by this regime, but no direct stock-regime evidence link exists.",,,,needs_review,,,0.2,0,0,1,2026-06-01T21:29:52.188000000Z,blind-spot-graph,candidate,,,,CANDIDATE_LINK,,0.5,CandidateLink
rel:world-regime-recession:CANDIDATE_LINK:world-stock-envb,2026-06-01,,2026-06-01T21:28:48.313000000Z,neo4j-blind-spot-graph,1,,,2026-06-01,,,,2026-06-01,,,,frontmatter_gap,"Confirm with a fresh signal, pull note, or thesis update that connects the stock to the regime.","Stock has sector exposure to a sector touched by this regime, but no direct stock-regime evidence link exists.",,,,needs_review,,,0.2,0,0,1,2026-06-01T21:29:52.188000000Z,blind-spot-graph,candidate,,,,CANDIDATE_LINK,,0.5,CandidateLink
rel:world-regime-recession:CANDIDATE_LINK:world-stock-etn,2026-06-01,,2026-06-01T21:28:48.313000000Z,neo4j-blind-spot-graph,1,,,2026-06-01,,,,2026-06-01,,,,frontmatter_gap,"Confirm with a fresh signal, pull note, or thesis update that connects the stock to the regime.","Stock has sector exposure to a sector touched by this regime, but no direct stock-regime evidence link exists.",,,,needs_review,,,0.2,0,0,1,2026-06-01T21:29:52.188000000Z,blind-spot-graph,candidate,,,,CANDIDATE_LINK,,0.5,CandidateLink
rel:world-regime-recession:CANDIDATE_LINK:world-stock-evtl,2026-06-01,,2026-06-01T21:28:48.313000000Z,neo4j-blind-spot-graph,1,,,2026-06-01,,,,2026-06-01,,,,frontmatter_gap,"Confirm with a fresh signal, pull note, or thesis update that connects the stock to the regime.","Stock has sector exposure to a sector touched by this regime, but no direct stock-regime evidence link exists.",,,,needs_review,,,0.2,0,0,1,2026-06-01T21:29:52.188000000Z,blind-spot-graph,candidate,,,,CANDIDATE_LINK,,0.5,CandidateLink
rel:world-regime-recession:CANDIDATE_LINK:world-stock-gev,2026-06-01,,2026-06-01T21:28:48.313000000Z,neo4j-blind-spot-graph,1,,,2026-06-01,,,,2026-06-01,,,,frontmatter_gap,"Confirm with a fresh signal, pull note, or thesis update that connects the stock to the regime.","Stock has sector exposure to a sector touched by this regime, but no direct stock-regime evidence link exists.",,,,needs_review,,,0.2,0,0,1,2026-06-01T21:29:52.188000000Z,blind-spot-graph,candidate,,,,CANDIDATE_LINK,,0.5,CandidateLink
rel:world-regime-recession:CANDIDATE_LINK:world-stock-fcx,2026-06-01,,2026-06-01T21:28:48.313000000Z,neo4j-blind-spot-graph,1,,,2026-06-01,,,,2026-06-01,,,,frontmatter_gap,"Confirm with a fresh signal, pull note, or thesis update that connects the stock to the regime.","Stock has sector exposure to a sector touched by this regime, but no direct stock-regime evidence link exists.",,,,needs_review,,,0.2,0,0,1,2026-06-01T21:29:52.188000000Z,blind-spot-graph,candidate,,,,CANDIDATE_LINK,,0.5,CandidateLink
rel:world-regime-recession:CANDIDATE_LINK:world-stock-ghrs,2026-06-01,,2026-06-01T21:28:48.313000000Z,neo4j-blind-spot-graph,1,,,2026-06-01,,,,2026-06-01,,,,frontmatter_gap,"Confirm with a fresh signal, pull note, or thesis update that connects the stock to the regime.","Stock has sector exposure to a sector touched by this regime, but no direct stock-regime evidence link exists.",,,,needs_review,,,0.2,0,0,1,2026-06-01T21:29:52.188000000Z,blind-spot-graph,candidate,,,,CANDIDATE_LINK,,0.5,CandidateLink
rel:world-regime-recession:CANDIDATE_LINK:world-stock-gold,2026-06-01,,2026-06-01T21:28:48.313000000Z,neo4j-blind-spot-graph,1,,,2026-06-01,,,,2026-06-01,,,,frontmatter_gap,"Confirm with a fresh signal, pull note, or thesis update that connects the stock to the regime.","Stock has sector exposure to a sector touched by this regime, but no direct stock-regime evidence link exists.",,,,needs_review,,,0.2,0,0,1,2026-06-01T21:29:52.188000000Z,blind-spot-graph,candidate,,,,CANDIDATE_LINK,,0.5,CandidateLink
rel:world-regime-recession:CANDIDATE_LINK:world-stock-gs,2026-06-01,,2026-06-01T21:28:48.313000000Z,neo4j-blind-spot-graph,1,,,2026-06-01,,,,2026-06-01,,,,frontmatter_gap,"Confirm with a fresh signal, pull note, or thesis update that connects the stock to the regime.","Stock has sector exposure to a sector touched by this regime, but no direct stock-regime evidence link exists.",,,,needs_review,,,0.2,0,0,1,2026-06-01T21:29:52.188000000Z,blind-spot-graph,candidate,,,,CANDIDATE_LINK,,0.5,CandidateLink
rel:world-regime-recession:CANDIDATE_LINK:world-stock-help,2026-06-01,,2026-06-01T21:28:48.313000000Z,neo4j-blind-spot-graph,1,,,2026-06-01,,,,2026-06-01,,,,frontmatter_gap,"Confirm with a fresh signal, pull note, or thesis update that connects the stock to the regime.","Stock has sector exposure to a sector touched by this regime, but no direct stock-regime evidence link exists.",,,,needs_review,,,0.2,0,0,1,2026-06-01T21:29:52.188000000Z,blind-spot-graph,candidate,,,,CANDIDATE_LINK,,0.5,CandidateLink
rel:world-regime-recession:CANDIDATE_LINK:world-stock-hovr,2026-06-01,,2026-06-01T21:28:48.313000000Z,neo4j-blind-spot-graph,1,,,2026-06-01,,,,2026-06-01,,,,frontmatter_gap,"Confirm with a fresh signal, pull note, or thesis update that connects the stock to the regime.","Stock has sector exposure to a sector touched by this regime, but no direct stock-regime evidence link exists.",,,,needs_review,,,0.2,0,0,1,2026-06-01T21:29:52.188000000Z,blind-spot-graph,candidate,,,,CANDIDATE_LINK,,0.5,CandidateLink
rel:world-regime-recession:CANDIDATE_LINK:world-stock-hubb,2026-06-01,,2026-06-01T21:28:48.313000000Z,neo4j-blind-spot-graph,1,,,2026-06-01,,,,2026-06-01,,,,frontmatter_gap,"Confirm with a fresh signal, pull note, or thesis update that connects the stock to the regime.","Stock has sector exposure to a sector touched by this regime, but no direct stock-regime evidence link exists.",,,,needs_review,,,0.2,0,0,1,2026-06-01T21:29:52.188000000Z,blind-spot-graph,candidate,,,,CANDIDATE_LINK,,0.5,CandidateLink
rel:world-regime-recession:CANDIDATE_LINK:world-stock-ixhl,2026-06-01,,2026-06-01T21:28:48.313000000Z,neo4j-blind-spot-graph,1,,,2026-06-01,,,,2026-06-01,,,,frontmatter_gap,"Confirm with a fresh signal, pull note, or thesis update that connects the stock to the regime.","Stock has sector exposure to a sector touched by this regime, but no direct stock-regime evidence link exists.",,,,needs_review,,,0.2,0,0,1,2026-06-01T21:29:52.188000000Z,blind-spot-graph,candidate,,,,CANDIDATE_LINK,,0.5,CandidateLink
rel:world-regime-recession:CANDIDATE_LINK:world-stock-jnj,2026-06-01,,2026-06-01T21:28:48.313000000Z,neo4j-blind-spot-graph,1,,,2026-06-01,,,,2026-06-01,,,,frontmatter_gap,"Confirm with a fresh signal, pull note, or thesis update that connects the stock to the regime.","Stock has sector exposure to a sector touched by this regime, but no direct stock-regime evidence link exists.",,,,needs_review,,,0.2,0,0,1,2026-06-01T21:29:52.188000000Z,blind-spot-graph,candidate,,,,CANDIDATE_LINK,,0.5,CandidateLink
rel:world-regime-recession:CANDIDATE_LINK:world-stock-joby,2026-06-01,,2026-06-01T21:28:48.313000000Z,neo4j-blind-spot-graph,1,,,2026-06-01,,,,2026-06-01,,,,frontmatter_gap,"Confirm with a fresh signal, pull note, or thesis update that connects the stock to the regime.","Stock has sector exposure to a sector touched by this regime, but no direct stock-regime evidence link exists.",,,,needs_review,,,0.2,0,0,1,2026-06-01T21:29:52.188000000Z,blind-spot-graph,candidate,,,,CANDIDATE_LINK,,0.5,CandidateLink
rel:world-regime-recession:CANDIDATE_LINK:world-stock-jpm,2026-06-01,,2026-06-01T21:28:48.313000000Z,neo4j-blind-spot-graph,1,,,2026-06-01,,,,2026-06-01,,,,frontmatter_gap,"Confirm with a fresh signal, pull note, or thesis update that connects the stock to the regime.","Stock has sector exposure to a sector touched by this regime, but no direct stock-regime evidence link exists.",,,,needs_review,,,0.2,0,0,1,2026-06-01T21:29:52.188000000Z,blind-spot-graph,candidate,,,,CANDIDATE_LINK,,0.5,CandidateLink
rel:world-regime-recession:CANDIDATE_LINK:world-stock-ko,2026-06-01,,2026-06-01T21:28:48.313000000Z,neo4j-blind-spot-graph,1,,,2026-06-01,,,,2026-06-01,,,,frontmatter_gap,"Confirm with a fresh signal, pull note, or thesis update that connects the stock to the regime.","Stock has sector exposure to a sector touched by this regime, but no direct stock-regime evidence link exists.",,,,needs_review,,,0.2,0,0,1,2026-06-01T21:29:52.188000000Z,blind-spot-graph,candidate,,,,CANDIDATE_LINK,,0.5,CandidateLink
rel:world-regime-recession:CANDIDATE_LINK:world-stock-len,2026-06-01,,2026-06-01T21:28:48.313000000Z,neo4j-blind-spot-graph,1,,,2026-06-01,,,,2026-06-01,,,,frontmatter_gap,"Confirm with a fresh signal, pull note, or thesis update that connects the stock to the regime.","Stock has sector exposure to a sector touched by this regime, but no direct stock-regime evidence link exists.",,,,needs_review,,,0.2,0,0,1,2026-06-01T21:29:52.188000000Z,blind-spot-graph,candidate,,,,CANDIDATE_LINK,,0.5,CandidateLink
rel:world-regime-recession:CANDIDATE_LINK:world-stock-ktta,2026-06-01,,2026-06-01T21:28:48.313000000Z,neo4j-blind-spot-graph,1,,,2026-06-01,,,,2026-06-01,,,,frontmatter_gap,"Confirm with a fresh signal, pull note, or thesis update that connects the stock to the regime.","Stock has sector exposure to a sector touched by this regime, but no direct stock-regime evidence link exists.",,,,needs_review,,,0.2,0,0,1,2026-06-01T21:29:52.188000000Z,blind-spot-graph,candidate,,,,CANDIDATE_LINK,,0.5,CandidateLink
rel:world-regime-recession:CANDIDATE_LINK:world-stock-lin,2026-06-01,,2026-06-01T21:28:48.313000000Z,neo4j-blind-spot-graph,1,,,2026-06-01,,,,2026-06-01,,,,frontmatter_gap,"Confirm with a fresh signal, pull note, or thesis update that connects the stock to the regime.","Stock has sector exposure to a sector touched by this regime, but no direct stock-regime evidence link exists.",,,,needs_review,,,0.2,0,0,1,2026-06-01T21:29:52.188000000Z,blind-spot-graph,candidate,,,,CANDIDATE_LINK,,0.5,CandidateLink
rel:world-regime-recession:CANDIDATE_LINK:world-stock-lly,2026-06-01,,2026-06-01T21:28:48.313000000Z,neo4j-blind-spot-graph,1,,,2026-06-01,,,,2026-06-01,,,,frontmatter_gap,"Confirm with a fresh signal, pull note, or thesis update that connects the stock to the regime.","Stock has sector exposure to a sector touched by this regime, but no direct stock-regime evidence link exists.",,,,needs_review,,,0.2,0,0,1,2026-06-01T21:29:52.188000000Z,blind-spot-graph,candidate,,,,CANDIDATE_LINK,,0.5,CandidateLink
rel:world-regime-recession:CANDIDATE_LINK:world-stock-mrk,2026-06-01,,2026-06-01T21:28:48.313000000Z,neo4j-blind-spot-graph,1,,,2026-06-01,,,,2026-06-01,,,,frontmatter_gap,"Confirm with a fresh signal, pull note, or thesis update that connects the stock to the regime.","Stock has sector exposure to a sector touched by this regime, but no direct stock-regime evidence link exists.",,,,needs_review,,,0.2,0,0,1,2026-06-01T21:29:52.188000000Z,blind-spot-graph,candidate,,,,CANDIDATE_LINK,,0.5,CandidateLink
rel:world-regime-recession:CANDIDATE_LINK:world-stock-mtz,2026-06-01,,2026-06-01T21:28:48.313000000Z,neo4j-blind-spot-graph,1,,,2026-06-01,,,,2026-06-01,,,,frontmatter_gap,"Confirm with a fresh signal, pull note, or thesis update that connects the stock to the regime.","Stock has sector exposure to a sector touched by this regime, but no direct stock-regime evidence link exists.",,,,needs_review,,,0.2,0,0,1,2026-06-01T21:29:52.188000000Z,blind-spot-graph,candidate,,,,CANDIDATE_LINK,,0.5,CandidateLink
rel:world-regime-recession:CANDIDATE_LINK:world-stock-myrg,2026-06-01,,2026-06-01T21:28:48.313000000Z,neo4j-blind-spot-graph,1,,,2026-06-01,,,,2026-06-01,,,,frontmatter_gap,"Confirm with a fresh signal, pull note, or thesis update that connects the stock to the regime.","Stock has sector exposure to a sector touched by this regime, but no direct stock-regime evidence link exists.",,,,needs_review,,,0.2,0,0,1,2026-06-01T21:29:52.188000000Z,blind-spot-graph,candidate,,,,CANDIDATE_LINK,,0.5,CandidateLink
rel:world-regime-recession:CANDIDATE_LINK:world-stock-nbix,2026-06-01,,2026-06-01T21:28:48.313000000Z,neo4j-blind-spot-graph,1,,,2026-06-01,,,,2026-06-01,,,,frontmatter_gap,"Confirm with a fresh signal, pull note, or thesis update that connects the stock to the regime.","Stock has sector exposure to a sector touched by this regime, but no direct stock-regime evidence link exists.",,,,needs_review,,,0.2,0,0,1,2026-06-01T21:29:52.188000000Z,blind-spot-graph,candidate,,,,CANDIDATE_LINK,,0.5,CandidateLink
rel:world-regime-recession:CANDIDATE_LINK:world-stock-nem,2026-06-01,,2026-06-01T21:28:48.313000000Z,neo4j-blind-spot-graph,1,,,2026-06-01,,,,2026-06-01,,,,frontmatter_gap,"Confirm with a fresh signal, pull note, or thesis update that connects the stock to the regime.","Stock has sector exposure to a sector touched by this regime, but no direct stock-regime evidence link exists.",,,,needs_review,,,0.2,0,0,1,2026-06-01T21:29:52.188000000Z,blind-spot-graph,candidate,,,,CANDIDATE_LINK,,0.5,CandidateLink
rel:world-regime-recession:CANDIDATE_LINK:world-stock-neup,2026-06-01,,2026-06-01T21:28:48.313000000Z,neo4j-blind-spot-graph,1,,,2026-06-01,,,,2026-06-01,,,,frontmatter_gap,"Confirm with a fresh signal, pull note, or thesis update that connects the stock to the regime.","Stock has sector exposure to a sector touched by this regime, but no direct stock-regime evidence link exists.",,,,needs_review,,,0.2,0,0,1,2026-06-01T21:29:52.188000000Z,blind-spot-graph,candidate,,,,CANDIDATE_LINK,,0.5,CandidateLink
rel:world-regime-recession:CANDIDATE_LINK:world-stock-nktr,2026-06-01,,2026-06-01T21:28:48.313000000Z,neo4j-blind-spot-graph,1,,,2026-06-01,,,,2026-06-01,,,,frontmatter_gap,"Confirm with a fresh signal, pull note, or thesis update that connects the stock to the regime.","Stock has sector exposure to a sector touched by this regime, but no direct stock-regime evidence link exists.",,,,needs_review,,,0.2,0,0,1,2026-06-01T21:29:52.188000000Z,blind-spot-graph,candidate,,,,CANDIDATE_LINK,,0.5,CandidateLink
rel:world-regime-recession:CANDIDATE_LINK:world-stock-nrg,2026-06-01,,2026-06-01T21:28:48.313000000Z,neo4j-blind-spot-graph,1,,,2026-06-01,,,,2026-06-01,,,,frontmatter_gap,"Confirm with a fresh signal, pull note, or thesis update that connects the stock to the regime.","Stock has sector exposure to a sector touched by this regime, but no direct stock-regime evidence link exists.",,,,needs_review,,,0.2,0,0,1,2026-06-01T21:29:52.188000000Z,blind-spot-graph,candidate,,,,CANDIDATE_LINK,,0.5,CandidateLink
rel:world-regime-recession:CANDIDATE_LINK:world-stock-nrxp,2026-06-01,,2026-06-01T21:28:48.313000000Z,neo4j-blind-spot-graph,1,,,2026-06-01,,,,2026-06-01,,,,frontmatter_gap,"Confirm with a fresh signal, pull note, or thesis update that connects the stock to the regime.","Stock has sector exposure to a sector touched by this regime, but no direct stock-regime evidence link exists.",,,,needs_review,,,0.2,0,0,1,2026-06-01T21:29:52.188000000Z,blind-spot-graph,candidate,,,,CANDIDATE_LINK,,0.5,CandidateLink
rel:world-regime-recession:CANDIDATE_LINK:world-stock-nssc,2026-06-01,,2026-06-01T21:28:48.313000000Z,neo4j-blind-spot-graph,1,,,2026-06-01,,,,2026-06-01,,,,frontmatter_gap,"Confirm with a fresh signal, pull note, or thesis update that connects the stock to the regime.","Stock has sector exposure to a sector touched by this regime, but no direct stock-regime evidence link exists.",,,,needs_review,,,0.2,0,0,1,2026-06-01T21:29:52.188000000Z,blind-spot-graph,candidate,,,,CANDIDATE_LINK,,0.5,CandidateLink
rel:world-regime-recession:CANDIDATE_LINK:world-stock-numi,2026-06-01,,2026-06-01T21:28:48.313000000Z,neo4j-blind-spot-graph,1,,,2026-06-01,,,,2026-06-01,,,,frontmatter_gap,"Confirm with a fresh signal, pull note, or thesis update that connects the stock to the regime.","Stock has sector exposure to a sector touched by this regime, but no direct stock-regime evidence link exists.",,,,needs_review,,,0.2,0,0,1,2026-06-01T21:29:52.188000000Z,blind-spot-graph,candidate,,,,CANDIDATE_LINK,,0.5,CandidateLink
rel:world-regime-recession:CANDIDATE_LINK:world-stock-onds,2026-06-01,,2026-06-01T21:28:48.313000000Z,neo4j-blind-spot-graph,1,,,2026-06-01,,,,2026-06-01,,,,frontmatter_gap,"Confirm with a fresh signal, pull note, or thesis update that connects the stock to the regime.","Stock has sector exposure to a sector touched by this regime, but no direct stock-regime evidence link exists.",,,,needs_review,,,0.2,0,0,1,2026-06-01T21:29:52.188000000Z,blind-spot-graph,candidate,,,,CANDIDATE_LINK,,0.5,CandidateLink
rel:world-regime-recession:CANDIDATE_LINK:world-stock-pfe,2026-06-01,,2026-06-01T21:28:48.313000000Z,neo4j-blind-spot-graph,1,,,2026-06-01,,,,2026-06-01,,,,frontmatter_gap,"Confirm with a fresh signal, pull note, or thesis update that connects the stock to the regime.","Stock has sector exposure to a sector touched by this regime, but no direct stock-regime evidence link exists.",,,,needs_review,,,0.2,0,0,1,2026-06-01T21:29:52.188000000Z,blind-spot-graph,candidate,,,,CANDIDATE_LINK,,0.5,CandidateLink
rel:world-regime-recession:CANDIDATE_LINK:world-stock-pg,2026-06-01,,2026-06-01T21:28:48.313000000Z,neo4j-blind-spot-graph,1,,,2026-06-01,,,,2026-06-01,,,,frontmatter_gap,"Confirm with a fresh signal, pull note, or thesis update that connects the stock to the regime.","Stock has sector exposure to a sector touched by this regime, but no direct stock-regime evidence link exists.",,,,needs_review,,,0.2,0,0,1,2026-06-01T21:29:52.188000000Z,blind-spot-graph,candidate,,,,CANDIDATE_LINK,,0.5,CandidateLink
rel:world-regime-recession:CANDIDATE_LINK:world-stock-powl,2026-06-01,,2026-06-01T21:28:48.313000000Z,neo4j-blind-spot-graph,1,,,2026-06-01,,,,2026-06-01,,,,frontmatter_gap,"Confirm with a fresh signal, pull note, or thesis update that connects the stock to the regime.","Stock has sector exposure to a sector touched by this regime, but no direct stock-regime evidence link exists.",,,,needs_review,,,0.2,0,0,1,2026-06-01T21:29:52.188000000Z,blind-spot-graph,candidate,,,,CANDIDATE_LINK,,0.5,CandidateLink
rel:world-regime-recession:CANDIDATE_LINK:world-stock-ppih,2026-06-01,,2026-06-01T21:28:48.313000000Z,neo4j-blind-spot-graph,1,,,2026-06-01,,,,2026-06-01,,,,frontmatter_gap,"Confirm with a fresh signal, pull note, or thesis update that connects the stock to the regime.","Stock has sector exposure to a sector touched by this regime, but no direct stock-regime evidence link exists.",,,,needs_review,,,0.2,0,0,1,2026-06-01T21:29:52.188000000Z,blind-spot-graph,candidate,,,,CANDIDATE_LINK,,0.5,CandidateLink
rel:world-regime-recession:CANDIDATE_LINK:world-stock-prks,2026-06-01,,2026-06-01T21:28:48.313000000Z,neo4j-blind-spot-graph,1,,,2026-06-01,,,,2026-06-01,,,,frontmatter_gap,"Confirm with a fresh signal, pull note, or thesis update that connects the stock to the regime.","Stock has sector exposure to a sector touched by this regime, but no direct stock-regime evidence link exists.",,,,needs_review,,,0.2,0,0,1,2026-06-01T21:29:52.188000000Z,blind-spot-graph,candidate,,,,CANDIDATE_LINK,,0.5,CandidateLink
rel:world-regime-recession:CANDIDATE_LINK:world-stock-pwr,2026-06-01,,2026-06-01T21:28:48.313000000Z,neo4j-blind-spot-graph,1,,,2026-06-01,,,,2026-06-01,,,,frontmatter_gap,"Confirm with a fresh signal, pull note, or thesis update that connects the stock to the regime.","Stock has sector exposure to a sector touched by this regime, but no direct stock-regime evidence link exists.",,,,needs_review,,,0.2,0,0,1,2026-06-01T21:29:52.188000000Z,blind-spot-graph,candidate,,,,CANDIDATE_LINK,,0.5,CandidateLink
rel:world-regime-recession:CANDIDATE_LINK:world-stock-qntm,2026-06-01,,2026-06-01T21:28:48.313000000Z,neo4j-blind-spot-graph,1,,,2026-06-01,,,,2026-06-01,,,,frontmatter_gap,"Confirm with a fresh signal, pull note, or thesis update that connects the stock to the regime.","Stock has sector exposure to a sector touched by this regime, but no direct stock-regime evidence link exists.",,,,needs_review,,,0.2,0,0,1,2026-06-01T21:29:52.188000000Z,blind-spot-graph,candidate,,,,CANDIDATE_LINK,,0.5,CandidateLink
rel:world-regime-recession:CANDIDATE_LINK:world-stock-rlmd,2026-06-01,,2026-06-01T21:28:48.313000000Z,neo4j-blind-spot-graph,1,,,2026-06-01,,,,2026-06-01,,,,frontmatter_gap,"Confirm with a fresh signal, pull note, or thesis update that connects the stock to the regime.","Stock has sector exposure to a sector touched by this regime, but no direct stock-regime evidence link exists.",,,,needs_review,,,0.2,0,0,1,2026-06-01T21:29:52.188000000Z,blind-spot-graph,candidate,,,,CANDIDATE_LINK,,0.5,CandidateLink
rel:world-regime-recession:CANDIDATE_LINK:world-stock-silo,2026-06-01,,2026-06-01T21:28:48.313000000Z,neo4j-blind-spot-graph,1,,,2026-06-01,,,,2026-06-01,,,,frontmatter_gap,"Confirm with a fresh signal, pull note, or thesis update that connects the stock to the regime.","Stock has sector exposure to a sector touched by this regime, but no direct stock-regime evidence link exists.",,,,needs_review,,,0.2,0,0,1,2026-06-01T21:29:52.188000000Z,blind-spot-graph,candidate,,,,CANDIDATE_LINK,,0.5,CandidateLink
rel:world-regime-recession:CANDIDATE_LINK:world-stock-stim,2026-06-01,,2026-06-01T21:28:48.313000000Z,neo4j-blind-spot-graph,1,,,2026-06-01,,,,2026-06-01,,,,frontmatter_gap,"Confirm with a fresh signal, pull note, or thesis update that connects the stock to the regime.","Stock has sector exposure to a sector touched by this regime, but no direct stock-regime evidence link exists.",,,,needs_review,,,0.2,0,0,1,2026-06-01T21:29:52.188000000Z,blind-spot-graph,candidate,,,,CANDIDATE_LINK,,0.5,CandidateLink
rel:world-regime-recession:CANDIDATE_LINK:world-stock-strl,2026-06-01,,2026-06-01T21:28:48.313000000Z,neo4j-blind-spot-graph,1,,,2026-06-01,,,,2026-06-01,,,,frontmatter_gap,"Confirm with a fresh signal, pull note, or thesis update that connects the stock to the regime.","Stock has sector exposure to a sector touched by this regime, but no direct stock-regime evidence link exists.",,,,needs_review,,,0.2,0,0,1,2026-06-01T21:29:52.188000000Z,blind-spot-graph,candidate,,,,CANDIDATE_LINK,,0.5,CandidateLink
rel:world-regime-recession:CANDIDATE_LINK:world-stock-supn,2026-06-01,,2026-06-01T21:28:48.313000000Z,neo4j-blind-spot-graph,1,,,2026-06-01,,,,2026-06-01,,,,frontmatter_gap,"Confirm with a fresh signal, pull note, or thesis update that connects the stock to the regime.","Stock has sector exposure to a sector touched by this regime, but no direct stock-regime evidence link exists.",,,,needs_review,,,0.2,0,0,1,2026-06-01T21:29:52.188000000Z,blind-spot-graph,candidate,,,,CANDIDATE_LINK,,0.5,CandidateLink
rel:world-regime-recession:CANDIDATE_LINK:world-stock-tnc,2026-06-01,,2026-06-01T21:28:48.313000000Z,neo4j-blind-spot-graph,1,,,2026-06-01,,,,2026-06-01,,,,frontmatter_gap,"Confirm with a fresh signal, pull note, or thesis update that connects the stock to the regime.","Stock has sector exposure to a sector touched by this regime, but no direct stock-regime evidence link exists.",,,,needs_review,,,0.2,0,0,1,2026-06-01T21:29:52.188000000Z,blind-spot-graph,candidate,,,,CANDIDATE_LINK,,0.5,CandidateLink
rel:world-regime-recession:CANDIDATE_LINK:world-stock-tsla,2026-06-01,,2026-06-01T21:28:48.313000000Z,neo4j-blind-spot-graph,1,,,2026-06-01,,,,2026-06-01,,,,frontmatter_gap,"Confirm with a fresh signal, pull note, or thesis update that connects the stock to the regime.","Stock has sector exposure to a sector touched by this regime, but no direct stock-regime evidence link exists.",,,,needs_review,,,0.2,0,0,1,2026-06-01T21:29:52.188000000Z,blind-spot-graph,candidate,,,,CANDIDATE_LINK,,0.5,CandidateLink
rel:world-regime-recession:CANDIDATE_LINK:world-stock-ufpt,2026-06-01,,2026-06-01T21:28:48.313000000Z,neo4j-blind-spot-graph,1,,,2026-06-01,,,,2026-06-01,,,,frontmatter_gap,"Confirm with a fresh signal, pull note, or thesis update that connects the stock to the regime.","Stock has sector exposure to a sector touched by this regime, but no direct stock-regime evidence link exists.",,,,needs_review,,,0.2,0,0,1,2026-06-01T21:29:52.188000000Z,blind-spot-graph,candidate,,,,CANDIDATE_LINK,,0.5,CandidateLink
rel:world-regime-recession:CANDIDATE_LINK:world-stock-v,2026-06-01,,2026-06-01T21:28:48.313000000Z,neo4j-blind-spot-graph,1,,,2026-06-01,,,,2026-06-01,,,,frontmatter_gap,"Confirm with a fresh signal, pull note, or thesis update that connects the stock to the regime.","Stock has sector exposure to a sector touched by this regime, but no direct stock-regime evidence link exists.",,,,needs_review,,,0.2,0,0,1,2026-06-01T21:29:52.188000000Z,blind-spot-graph,candidate,,,,CANDIDATE_LINK,,0.5,CandidateLink
rel:world-regime-recession:CANDIDATE_LINK:world-stock-vst,2026-06-01,,2026-06-01T21:28:48.313000000Z,neo4j-blind-spot-graph,1,,,2026-06-01,,,,2026-06-01,,,,frontmatter_gap,"Confirm with a fresh signal, pull note, or thesis update that connects the stock to the regime.","Stock has sector exposure to a sector touched by this regime, but no direct stock-regime evidence link exists.",,,,needs_review,,,0.2,0,0,1,2026-06-01T21:29:52.188000000Z,blind-spot-graph,candidate,,,,CANDIDATE_LINK,,0.5,CandidateLink
rel:world-regime-recession:CANDIDATE_LINK:world-stock-vtgn,2026-06-01,,2026-06-01T21:28:48.313000000Z,neo4j-blind-spot-graph,1,,,2026-06-01,,,,2026-06-01,,,,frontmatter_gap,"Confirm with a fresh signal, pull note, or thesis update that connects the stock to the regime.","Stock has sector exposure to a sector touched by this regime, but no direct stock-regime evidence link exists.",,,,needs_review,,,0.2,0,0,1,2026-06-01T21:29:52.188000000Z,blind-spot-graph,candidate,,,,CANDIDATE_LINK,,0.5,CandidateLink
rel:world-regime-recession:CANDIDATE_LINK:world-stock-wcc,2026-06-01,,2026-06-01T21:28:48.313000000Z,neo4j-blind-spot-graph,1,,,2026-06-01,,,,2026-06-01,,,,frontmatter_gap,"Confirm with a fresh signal, pull note, or thesis update that connects the stock to the regime.","Stock has sector exposure to a sector touched by this regime, but no direct stock-regime evidence link exists.",,,,needs_review,,,0.2,0,0,1,2026-06-01T21:29:52.188000000Z,blind-spot-graph,candidate,,,,CANDIDATE_LINK,,0.5,CandidateLink
rel:world-regime-recession:CANDIDATE_LINK:world-stock-wpm,2026-06-01,,2026-06-01T21:28:48.313000000Z,neo4j-blind-spot-graph,1,,,2026-06-01,,,,2026-06-01,,,,frontmatter_gap,"Confirm with a fresh signal, pull note, or thesis update that connects the stock to the regime.","Stock has sector exposure to a sector touched by this regime, but no direct stock-regime evidence link exists.",,,,needs_review,,,0.2,0,0,1,2026-06-01T21:29:52.188000000Z,blind-spot-graph,candidate,,,,CANDIDATE_LINK,,0.5,CandidateLink
rel:world-regime-risk-off:CANDIDATE_LINK:world-stock-aapl,2026-06-01,,2026-06-01T21:28:48.313000000Z,neo4j-blind-spot-graph,1,,,2026-06-01,,,,2026-06-01,,,,frontmatter_gap,"Confirm with a fresh signal, pull note, or thesis update that connects the stock to the regime.","Stock has sector exposure to a sector touched by this regime, but no direct stock-regime evidence link exists.",,,,needs_review,,,0.2,0,0,1,2026-06-01T21:29:52.188000000Z,blind-spot-graph,candidate,,,,CANDIDATE_LINK,,0.5,CandidateLink
rel:world-regime-risk-off:CANDIDATE_LINK:world-stock-abbv,2026-06-01,,2026-06-01T21:28:48.313000000Z,neo4j-blind-spot-graph,1,,,2026-06-01,,,,2026-06-01,,,,frontmatter_gap,"Confirm with a fresh signal, pull note, or thesis update that connects the stock to the regime.","Stock has sector exposure to a sector touched by this regime, but no direct stock-regime evidence link exists.",,,,needs_review,,,0.2,0,0,1,2026-06-01T21:29:52.188000000Z,blind-spot-graph,candidate,,,,CANDIDATE_LINK,,0.5,CandidateLink
rel:world-regime-risk-off:CANDIDATE_LINK:world-stock-achr,2026-06-01,,2026-06-01T21:28:48.313000000Z,neo4j-blind-spot-graph,1,,,2026-06-01,,,,2026-06-01,,,,frontmatter_gap,"Confirm with a fresh signal, pull note, or thesis update that connects the stock to the regime.","Stock has sector exposure to a sector touched by this regime, but no direct stock-regime evidence link exists.",,,,needs_review,,,0.2,0,0,1,2026-06-01T21:29:52.188000000Z,blind-spot-graph,candidate,,,,CANDIDATE_LINK,,0.5,CandidateLink
rel:world-regime-risk-off:CANDIDATE_LINK:world-stock-alks,2026-06-01,,2026-06-01T21:28:48.313000000Z,neo4j-blind-spot-graph,1,,,2026-06-01,,,,2026-06-01,,,,frontmatter_gap,"Confirm with a fresh signal, pull note, or thesis update that connects the stock to the regime.","Stock has sector exposure to a sector touched by this regime, but no direct stock-regime evidence link exists.",,,,needs_review,,,0.2,0,0,1,2026-06-01T21:29:52.188000000Z,blind-spot-graph,candidate,,,,CANDIDATE_LINK,,0.5,CandidateLink
rel:world-regime-risk-off:CANDIDATE_LINK:world-stock-amsc,2026-06-01,,2026-06-01T21:28:48.313000000Z,neo4j-blind-spot-graph,1,,,2026-06-01,,,,2026-06-01,,,,frontmatter_gap,"Confirm with a fresh signal, pull note, or thesis update that connects the stock to the regime.","Stock has sector exposure to a sector touched by this regime, but no direct stock-regime evidence link exists.",,,,needs_review,,,0.2,0,0,1,2026-06-01T21:29:52.188000000Z,blind-spot-graph,candidate,,,,CANDIDATE_LINK,,0.5,CandidateLink
rel:world-regime-risk-off:CANDIDATE_LINK:world-stock-amzn,2026-06-01,,2026-06-01T21:28:48.313000000Z,neo4j-blind-spot-graph,1,,,2026-06-01,,,,2026-06-01,,,,frontmatter_gap,"Confirm with a fresh signal, pull note, or thesis update that connects the stock to the regime.","Stock has sector exposure to a sector touched by this regime, but no direct stock-regime evidence link exists.",,,,needs_review,,,0.2,0,0,1,2026-06-01T21:29:52.188000000Z,blind-spot-graph,candidate,,,,CANDIDATE_LINK,,0.5,CandidateLink
rel:world-regime-risk-off:CANDIDATE_LINK:world-stock-anro,2026-06-01,,2026-06-01T21:28:48.313000000Z,neo4j-blind-spot-graph,1,,,2026-06-01,,,,2026-06-01,,,,frontmatter_gap,"Confirm with a fresh signal, pull note, or thesis update that connects the stock to the regime.","Stock has sector exposure to a sector touched by this regime, but no direct stock-regime evidence link exists.",,,,needs_review,,,0.2,0,0,1,2026-06-01T21:29:52.188000000Z,blind-spot-graph,candidate,,,,CANDIDATE_LINK,,0.5,CandidateLink
rel:world-regime-risk-off:CANDIDATE_LINK:world-stock-atai,2026-06-01,,2026-06-01T21:28:48.313000000Z,neo4j-blind-spot-graph,1,,,2026-06-01,,,,2026-06-01,,,,frontmatter_gap,"Confirm with a fresh signal, pull note, or thesis update that connects the stock to the regime.","Stock has sector exposure to a sector touched by this regime, but no direct stock-regime evidence link exists.",,,,needs_review,,,0.2,0,0,1,2026-06-01T21:29:52.188000000Z,blind-spot-graph,candidate,,,,CANDIDATE_LINK,,0.5,CandidateLink
rel:world-regime-risk-off:CANDIDATE_LINK:world-stock-blmn,2026-06-01,,2026-06-01T21:28:48.313000000Z,neo4j-blind-spot-graph,1,,,2026-06-01,,,,2026-06-01,,,,frontmatter_gap,"Confirm with a fresh signal, pull note, or thesis update that connects the stock to the regime.","Stock has sector exposure to a sector touched by this regime, but no direct stock-regime evidence link exists.",,,,needs_review,,,0.2,0,0,1,2026-06-01T21:29:52.188000000Z,blind-spot-graph,candidate,,,,CANDIDATE_LINK,,0.5,CandidateLink
rel:world-regime-risk-off:CANDIDATE_LINK:world-stock-brbr,2026-06-01,,2026-06-01T21:28:48.313000000Z,neo4j-blind-spot-graph,1,,,2026-06-01,,,,2026-06-01,,,,frontmatter_gap,"Confirm with a fresh signal, pull note, or thesis update that connects the stock to the regime.","Stock has sector exposure to a sector touched by this regime, but no direct stock-regime evidence link exists.",,,,needs_review,,,0.2,0,0,1,2026-06-01T21:29:52.188000000Z,blind-spot-graph,candidate,,,,CANDIDATE_LINK,,0.5,CandidateLink
rel:world-regime-risk-off:CANDIDATE_LINK:world-stock-bw,2026-06-01,,2026-06-01T21:28:48.313000000Z,neo4j-blind-spot-graph,1,,,2026-06-01,,,,2026-06-01,,,,frontmatter_gap,"Confirm with a fresh signal, pull note, or thesis update that connects the stock to the regime.","Stock has sector exposure to a sector touched by this regime, but no direct stock-regime evidence link exists.",,,,needs_review,,,0.2,0,0,1,2026-06-01T21:29:52.188000000Z,blind-spot-graph,candidate,,,,CANDIDATE_LINK,,0.5,CandidateLink
rel:world-regime-risk-off:CANDIDATE_LINK:world-stock-cat,2026-06-01,,2026-06-01T21:28:48.313000000Z,neo4j-blind-spot-graph,1,,,2026-06-01,,,,2026-06-01,,,,frontmatter_gap,"Confirm with a fresh signal, pull note, or thesis update that connects the stock to the regime.","Stock has sector exposure to a sector touched by this regime, but no direct stock-regime evidence link exists.",,,,needs_review,,,0.2,0,0,1,2026-06-01T21:29:52.188000000Z,blind-spot-graph,candidate,,,,CANDIDATE_LINK,,0.5,CandidateLink
rel:world-regime-risk-off:CANDIDATE_LINK:world-stock-ceg,2026-06-01,,2026-06-01T21:28:48.313000000Z,neo4j-blind-spot-graph,1,,,2026-06-01,,,,2026-06-01,,,,frontmatter_gap,"Confirm with a fresh signal, pull note, or thesis update that connects the stock to the regime.","Stock has sector exposure to a sector touched by this regime, but no direct stock-regime evidence link exists.",,,,needs_review,,,0.2,0,0,1,2026-06-01T21:29:52.188000000Z,blind-spot-graph,candidate,,,,CANDIDATE_LINK,,0.5,CandidateLink
rel:world-regime-risk-off:CANDIDATE_LINK:world-stock-cmnd,2026-06-01,,2026-06-01T21:28:48.313000000Z,neo4j-blind-spot-graph,1,,,2026-06-01,,,,2026-06-01,,,,frontmatter_gap,"Confirm with a fresh signal, pull note, or thesis update that connects the stock to the regime.","Stock has sector exposure to a sector touched by this regime, but no direct stock-regime evidence link exists.",,,,needs_review,,,0.2,0,0,1,2026-06-01T21:29:52.188000000Z,blind-spot-graph,candidate,,,,CANDIDATE_LINK,,0.5,CandidateLink
rel:world-regime-risk-off:CANDIDATE_LINK:world-stock-cmps,2026-06-01,,2026-06-01T21:28:48.313000000Z,neo4j-blind-spot-graph,1,,,2026-06-01,,,,2026-06-01,,,,frontmatter_gap,"Confirm with a fresh signal, pull note, or thesis update that connects the stock to the regime.","Stock has sector exposure to a sector touched by this regime, but no direct stock-regime evidence link exists.",,,,needs_review,,,0.2,0,0,1,2026-06-01T21:29:52.188000000Z,blind-spot-graph,candidate,,,,CANDIDATE_LINK,,0.5,CandidateLink
rel:world-regime-risk-off:CANDIDATE_LINK:world-stock-cost,2026-06-01,,2026-06-01T21:28:48.313000000Z,neo4j-blind-spot-graph,1,,,2026-06-01,,,,2026-06-01,,,,frontmatter_gap,"Confirm with a fresh signal, pull note, or thesis update that connects the stock to the regime.","Stock has sector exposure to a sector touched by this regime, but no direct stock-regime evidence link exists.",,,,needs_review,,,0.2,0,0,1,2026-06-01T21:29:52.188000000Z,blind-spot-graph,candidate,,,,CANDIDATE_LINK,,0.5,CandidateLink
rel:world-regime-risk-off:CANDIDATE_LINK:world-stock-dftx,2026-06-01,,2026-06-01T21:28:48.313000000Z,neo4j-blind-spot-graph,1,,,2026-06-01,,,,2026-06-01,,,,frontmatter_gap,"Confirm with a fresh signal, pull note, or thesis update that connects the stock to the regime.","Stock has sector exposure to a sector touched by this regime, but no direct stock-regime evidence link exists.",,,,needs_review,,,0.2,0,0,1,2026-06-01T21:29:52.188000000Z,blind-spot-graph,candidate,,,,CANDIDATE_LINK,,0.5,CandidateLink
rel:world-regime-risk-off:CANDIDATE_LINK:world-stock-dhi,2026-06-01,,2026-06-01T21:28:48.313000000Z,neo4j-blind-spot-graph,1,,,2026-06-01,,,,2026-06-01,,,,frontmatter_gap,"Confirm with a fresh signal, pull note, or thesis update that connects the stock to the regime.","Stock has sector exposure to a sector touched by this regime, but no direct stock-regime evidence link exists.",,,,needs_review,,,0.2,0,0,1,2026-06-01T21:29:52.188000000Z,blind-spot-graph,candidate,,,,CANDIDATE_LINK,,0.5,CandidateLink
rel:world-regime-risk-off:CANDIDATE_LINK:world-stock-dpro,2026-06-01,,2026-06-01T21:28:48.313000000Z,neo4j-blind-spot-graph,1,,,2026-06-01,,,,2026-06-01,,,,frontmatter_gap,"Confirm with a fresh signal, pull note, or thesis update that connects the stock to the regime.","Stock has sector exposure to a sector touched by this regime, but no direct stock-regime evidence link exists.",,,,needs_review,,,0.2,0,0,1,2026-06-01T21:29:52.188000000Z,blind-spot-graph,candidate,,,,CANDIDATE_LINK,,0.5,CandidateLink
rel:world-regime-risk-off:CANDIDATE_LINK:world-stock-drug,2026-06-01,,2026-06-01T21:28:48.313000000Z,neo4j-blind-spot-graph,1,,,2026-06-01,,,,2026-06-01,,,,frontmatter_gap,"Confirm with a fresh signal, pull note, or thesis update that connects the stock to the regime.","Stock has sector exposure to a sector touched by this regime, but no direct stock-regime evidence link exists.",,,,needs_review,,,0.2,0,0,1,2026-06-01T21:29:52.188000000Z,blind-spot-graph,candidate,,,,CANDIDATE_LINK,,0.5,CandidateLink
rel:world-regime-risk-off:CANDIDATE_LINK:world-stock-eh,2026-06-01,,2026-06-01T21:28:48.313000000Z,neo4j-blind-spot-graph,1,,,2026-06-01,,,,2026-06-01,,,,frontmatter_gap,"Confirm with a fresh signal, pull note, or thesis update that connects the stock to the regime.","Stock has sector exposure to a sector touched by this regime, but no direct stock-regime evidence link exists.",,,,needs_review,,,0.2,0,0,1,2026-06-01T21:29:52.188000000Z,blind-spot-graph,candidate,,,,CANDIDATE_LINK,,0.5,CandidateLink
rel:world-regime-risk-off:CANDIDATE_LINK:world-stock-envb,2026-06-01,,2026-06-01T21:28:48.313000000Z,neo4j-blind-spot-graph,1,,,2026-06-01,,,,2026-06-01,,,,frontmatter_gap,"Confirm with a fresh signal, pull note, or thesis update that connects the stock to the regime.","Stock has sector exposure to a sector touched by this regime, but no direct stock-regime evidence link exists.",,,,needs_review,,,0.2,0,0,1,2026-06-01T21:29:52.188000000Z,blind-spot-graph,candidate,,,,CANDIDATE_LINK,,0.5,CandidateLink
rel:world-regime-risk-off:CANDIDATE_LINK:world-stock-etn,2026-06-01,,2026-06-01T21:28:48.313000000Z,neo4j-blind-spot-graph,1,,,2026-06-01,,,,2026-06-01,,,,frontmatter_gap,"Confirm with a fresh signal, pull note, or thesis update that connects the stock to the regime.","Stock has sector exposure to a sector touched by this regime, but no direct stock-regime evidence link exists.",,,,needs_review,,,0.2,0,0,1,2026-06-01T21:29:52.188000000Z,blind-spot-graph,candidate,,,,CANDIDATE_LINK,,0.5,CandidateLink
rel:world-regime-risk-off:CANDIDATE_LINK:world-stock-evtl,2026-06-01,,2026-06-01T21:28:48.313000000Z,neo4j-blind-spot-graph,1,,,2026-06-01,,,,2026-06-01,,,,frontmatter_gap,"Confirm with a fresh signal, pull note, or thesis update that connects the stock to the regime.","Stock has sector exposure to a sector touched by this regime, but no direct stock-regime evidence link exists.",,,,needs_review,,,0.2,0,0,1,2026-06-01T21:29:52.188000000Z,blind-spot-graph,candidate,,,,CANDIDATE_LINK,,0.5,CandidateLink
rel:world-regime-risk-off:CANDIDATE_LINK:world-stock-gev,2026-06-01,,2026-06-01T21:28:48.313000000Z,neo4j-blind-spot-graph,1,,,2026-06-01,,,,2026-06-01,,,,frontmatter_gap,"Confirm with a fresh signal, pull note, or thesis update that connects the stock to the regime.","Stock has sector exposure to a sector touched by this regime, but no direct stock-regime evidence link exists.",,,,needs_review,,,0.2,0,0,1,2026-06-01T21:29:52.188000000Z,blind-spot-graph,candidate,,,,CANDIDATE_LINK,,0.5,CandidateLink
rel:world-regime-risk-off:CANDIDATE_LINK:world-stock-ghrs,2026-06-01,,2026-06-01T21:28:48.313000000Z,neo4j-blind-spot-graph,1,,,2026-06-01,,,,2026-06-01,,,,frontmatter_gap,"Confirm with a fresh signal, pull note, or thesis update that connects the stock to the regime.","Stock has sector exposure to a sector touched by this regime, but no direct stock-regime evidence link exists.",,,,needs_review,,,0.2,0,0,1,2026-06-01T21:29:52.188000000Z,blind-spot-graph,candidate,,,,CANDIDATE_LINK,,0.5,CandidateLink
rel:world-regime-risk-off:CANDIDATE_LINK:world-stock-help,2026-06-01,,2026-06-01T21:28:48.313000000Z,neo4j-blind-spot-graph,1,,,2026-06-01,,,,2026-06-01,,,,frontmatter_gap,"Confirm with a fresh signal, pull note, or thesis update that connects the stock to the regime.","Stock has sector exposure to a sector touched by this regime, but no direct stock-regime evidence link exists.",,,,needs_review,,,0.2,0,0,1,2026-06-01T21:29:52.188000000Z,blind-spot-graph,candidate,,,,CANDIDATE_LINK,,0.5,CandidateLink
rel:world-regime-risk-off:CANDIDATE_LINK:world-stock-hovr,2026-06-01,,2026-06-01T21:28:48.313000000Z,neo4j-blind-spot-graph,1,,,2026-06-01,,,,2026-06-01,,,,frontmatter_gap,"Confirm with a fresh signal, pull note, or thesis update that connects the stock to the regime.","Stock has sector exposure to a sector touched by this regime, but no direct stock-regime evidence link exists.",,,,needs_review,,,0.2,0,0,1,2026-06-01T21:29:52.188000000Z,blind-spot-graph,candidate,,,,CANDIDATE_LINK,,0.5,CandidateLink
rel:world-regime-risk-off:CANDIDATE_LINK:world-stock-hubb,2026-06-01,,2026-06-01T21:28:48.313000000Z,neo4j-blind-spot-graph,1,,,2026-06-01,,,,2026-06-01,,,,frontmatter_gap,"Confirm with a fresh signal, pull note, or thesis update that connects the stock to the regime.","Stock has sector exposure to a sector touched by this regime, but no direct stock-regime evidence link exists.",,,,needs_review,,,0.2,0,0,1,2026-06-01T21:29:52.188000000Z,blind-spot-graph,candidate,,,,CANDIDATE_LINK,,0.5,CandidateLink
rel:world-regime-risk-off:CANDIDATE_LINK:world-stock-ixhl,2026-06-01,,2026-06-01T21:28:48.313000000Z,neo4j-blind-spot-graph,1,,,2026-06-01,,,,2026-06-01,,,,frontmatter_gap,"Confirm with a fresh signal, pull note, or thesis update that connects the stock to the regime.","Stock has sector exposure to a sector touched by this regime, but no direct stock-regime evidence link exists.",,,,needs_review,,,0.2,0,0,1,2026-06-01T21:29:52.188000000Z,blind-spot-graph,candidate,,,,CANDIDATE_LINK,,0.5,CandidateLink
rel:world-regime-risk-off:CANDIDATE_LINK:world-stock-jnj,2026-06-01,,2026-06-01T21:28:48.313000000Z,neo4j-blind-spot-graph,1,,,2026-06-01,,,,2026-06-01,,,,frontmatter_gap,"Confirm with a fresh signal, pull note, or thesis update that connects the stock to the regime.","Stock has sector exposure to a sector touched by this regime, but no direct stock-regime evidence link exists.",,,,needs_review,,,0.2,0,0,1,2026-06-01T21:29:52.188000000Z,blind-spot-graph,candidate,,,,CANDIDATE_LINK,,0.5,CandidateLink
rel:world-regime-risk-off:CANDIDATE_LINK:world-stock-joby,2026-06-01,,2026-06-01T21:28:48.313000000Z,neo4j-blind-spot-graph,1,,,2026-06-01,,,,2026-06-01,,,,frontmatter_gap,"Confirm with a fresh signal, pull note, or thesis update that connects the stock to the regime.","Stock has sector exposure to a sector touched by this regime, but no direct stock-regime evidence link exists.",,,,needs_review,,,0.2,0,0,1,2026-06-01T21:29:52.188000000Z,blind-spot-graph,candidate,,,,CANDIDATE_LINK,,0.5,CandidateLink
rel:world-regime-risk-off:CANDIDATE_LINK:world-stock-ko,2026-06-01,,2026-06-01T21:28:48.313000000Z,neo4j-blind-spot-graph,1,,,2026-06-01,,,,2026-06-01,,,,frontmatter_gap,"Confirm with a fresh signal, pull note, or thesis update that connects the stock to the regime.","Stock has sector exposure to a sector touched by this regime, but no direct stock-regime evidence link exists.",,,,needs_review,,,0.2,0,0,1,2026-06-01T21:29:52.188000000Z,blind-spot-graph,candidate,,,,CANDIDATE_LINK,,0.5,CandidateLink
rel:world-regime-risk-off:CANDIDATE_LINK:world-stock-ktta,2026-06-01,,2026-06-01T21:28:48.313000000Z,neo4j-blind-spot-graph,1,,,2026-06-01,,,,2026-06-01,,,,frontmatter_gap,"Confirm with a fresh signal, pull note, or thesis update that connects the stock to the regime.","Stock has sector exposure to a sector touched by this regime, but no direct stock-regime evidence link exists.",,,,needs_review,,,0.2,0,0,1,2026-06-01T21:29:52.188000000Z,blind-spot-graph,candidate,,,,CANDIDATE_LINK,,0.5,CandidateLink
rel:world-regime-risk-off:CANDIDATE_LINK:world-stock-len,2026-06-01,,2026-06-01T21:28:48.313000000Z,neo4j-blind-spot-graph,1,,,2026-06-01,,,,2026-06-01,,,,frontmatter_gap,"Confirm with a fresh signal, pull note, or thesis update that connects the stock to the regime.","Stock has sector exposure to a sector touched by this regime, but no direct stock-regime evidence link exists.",,,,needs_review,,,0.2,0,0,1,2026-06-01T21:29:52.188000000Z,blind-spot-graph,candidate,,,,CANDIDATE_LINK,,0.5,CandidateLink
rel:world-regime-risk-off:CANDIDATE_LINK:world-stock-lly,2026-06-01,,2026-06-01T21:28:48.313000000Z,neo4j-blind-spot-graph,1,,,2026-06-01,,,,2026-06-01,,,,frontmatter_gap,"Confirm with a fresh signal, pull note, or thesis update that connects the stock to the regime.","Stock has sector exposure to a sector touched by this regime, but no direct stock-regime evidence link exists.",,,,needs_review,,,0.2,0,0,1,2026-06-01T21:29:52.188000000Z,blind-spot-graph,candidate,,,,CANDIDATE_LINK,,0.5,CandidateLink
rel:world-regime-risk-off:CANDIDATE_LINK:world-stock-mrk,2026-06-01,,2026-06-01T21:28:48.313000000Z,neo4j-blind-spot-graph,1,,,2026-06-01,,,,2026-06-01,,,,frontmatter_gap,"Confirm with a fresh signal, pull note, or thesis update that connects the stock to the regime.","Stock has sector exposure to a sector touched by this regime, but no direct stock-regime evidence link exists.",,,,needs_review,,,0.2,0,0,1,2026-06-01T21:29:52.188000000Z,blind-spot-graph,candidate,,,,CANDIDATE_LINK,,0.5,CandidateLink
rel:world-regime-risk-off:CANDIDATE_LINK:world-stock-msft,2026-06-01,,2026-06-01T21:28:48.313000000Z,neo4j-blind-spot-graph,1,,,2026-06-01,,,,2026-06-01,,,,frontmatter_gap,"Confirm with a fresh signal, pull note, or thesis update that connects the stock to the regime.","Stock has sector exposure to a sector touched by this regime, but no direct stock-regime evidence link exists.",,,,needs_review,,,0.2,0,0,1,2026-06-01T21:29:52.188000000Z,blind-spot-graph,candidate,,,,CANDIDATE_LINK,,0.5,CandidateLink
rel:world-regime-risk-off:CANDIDATE_LINK:world-stock-mtz,2026-06-01,,2026-06-01T21:28:48.313000000Z,neo4j-blind-spot-graph,1,,,2026-06-01,,,,2026-06-01,,,,frontmatter_gap,"Confirm with a fresh signal, pull note, or thesis update that connects the stock to the regime.","Stock has sector exposure to a sector touched by this regime, but no direct stock-regime evidence link exists.",,,,needs_review,,,0.2,0,0,1,2026-06-01T21:29:52.188000000Z,blind-spot-graph,candidate,,,,CANDIDATE_LINK,,0.5,CandidateLink
rel:world-regime-risk-off:CANDIDATE_LINK:world-stock-myrg,2026-06-01,,2026-06-01T21:28:48.313000000Z,neo4j-blind-spot-graph,1,,,2026-06-01,,,,2026-06-01,,,,frontmatter_gap,"Confirm with a fresh signal, pull note, or thesis update that connects the stock to the regime.","Stock has sector exposure to a sector touched by this regime, but no direct stock-regime evidence link exists.",,,,needs_review,,,0.2,0,0,1,2026-06-01T21:29:52.188000000Z,blind-spot-graph,candidate,,,,CANDIDATE_LINK,,0.5,CandidateLink
rel:world-regime-risk-off:CANDIDATE_LINK:world-stock-nbix,2026-06-01,,2026-06-01T21:28:48.313000000Z,neo4j-blind-spot-graph,1,,,2026-06-01,,,,2026-06-01,,,,frontmatter_gap,"Confirm with a fresh signal, pull note, or thesis update that connects the stock to the regime.","Stock has sector exposure to a sector touched by this regime, but no direct stock-regime evidence link exists.",,,,needs_review,,,0.2,0,0,1,2026-06-01T21:29:52.188000000Z,blind-spot-graph,candidate,,,,CANDIDATE_LINK,,0.5,CandidateLink
rel:world-regime-risk-off:CANDIDATE_LINK:world-stock-neup,2026-06-01,,2026-06-01T21:28:48.313000000Z,neo4j-blind-spot-graph,1,,,2026-06-01,,,,2026-06-01,,,,frontmatter_gap,"Confirm with a fresh signal, pull note, or thesis update that connects the stock to the regime.","Stock has sector exposure to a sector touched by this regime, but no direct stock-regime evidence link exists.",,,,needs_review,,,0.2,0,0,1,2026-06-01T21:29:52.188000000Z,blind-spot-graph,candidate,,,,CANDIDATE_LINK,,0.5,CandidateLink
rel:world-regime-risk-off:CANDIDATE_LINK:world-stock-nktr,2026-06-01,,2026-06-01T21:28:48.313000000Z,neo4j-blind-spot-graph,1,,,2026-06-01,,,,2026-06-01,,,,frontmatter_gap,"Confirm with a fresh signal, pull note, or thesis update that connects the stock to the regime.","Stock has sector exposure to a sector touched by this regime, but no direct stock-regime evidence link exists.",,,,needs_review,,,0.2,0,0,1,2026-06-01T21:29:52.188000000Z,blind-spot-graph,candidate,,,,CANDIDATE_LINK,,0.5,CandidateLink
rel:world-regime-risk-off:CANDIDATE_LINK:world-stock-nrg,2026-06-01,,2026-06-01T21:28:48.313000000Z,neo4j-blind-spot-graph,1,,,2026-06-01,,,,2026-06-01,,,,frontmatter_gap,"Confirm with a fresh signal, pull note, or thesis update that connects the stock to the regime.","Stock has sector exposure to a sector touched by this regime, but no direct stock-regime evidence link exists.",,,,needs_review,,,0.2,0,0,1,2026-06-01T21:29:52.188000000Z,blind-spot-graph,candidate,,,,CANDIDATE_LINK,,0.5,CandidateLink
rel:world-regime-risk-off:CANDIDATE_LINK:world-stock-nrxp,2026-06-01,,2026-06-01T21:28:48.313000000Z,neo4j-blind-spot-graph,1,,,2026-06-01,,,,2026-06-01,,,,frontmatter_gap,"Confirm with a fresh signal, pull note, or thesis update that connects the stock to the regime.","Stock has sector exposure to a sector touched by this regime, but no direct stock-regime evidence link exists.",,,,needs_review,,,0.2,0,0,1,2026-06-01T21:29:52.188000000Z,blind-spot-graph,candidate,,,,CANDIDATE_LINK,,0.5,CandidateLink
rel:world-regime-risk-off:CANDIDATE_LINK:world-stock-nssc,2026-06-01,,2026-06-01T21:28:48.313000000Z,neo4j-blind-spot-graph,1,,,2026-06-01,,,,2026-06-01,,,,frontmatter_gap,"Confirm with a fresh signal, pull note, or thesis update that connects the stock to the regime.","Stock has sector exposure to a sector touched by this regime, but no direct stock-regime evidence link exists.",,,,needs_review,,,0.2,0,0,1,2026-06-01T21:29:52.188000000Z,blind-spot-graph,candidate,,,,CANDIDATE_LINK,,0.5,CandidateLink
rel:world-regime-risk-off:CANDIDATE_LINK:world-stock-numi,2026-06-01,,2026-06-01T21:28:48.313000000Z,neo4j-blind-spot-graph,1,,,2026-06-01,,,,2026-06-01,,,,frontmatter_gap,"Confirm with a fresh signal, pull note, or thesis update that connects the stock to the regime.","Stock has sector exposure to a sector touched by this regime, but no direct stock-regime evidence link exists.",,,,needs_review,,,0.2,0,0,1,2026-06-01T21:29:52.188000000Z,blind-spot-graph,candidate,,,,CANDIDATE_LINK,,0.5,CandidateLink
rel:world-regime-risk-off:CANDIDATE_LINK:world-stock-nvda,2026-06-01,,2026-06-01T21:28:48.313000000Z,neo4j-blind-spot-graph,1,,,2026-06-01,,,,2026-06-01,,,,frontmatter_gap,"Confirm with a fresh signal, pull note, or thesis update that connects the stock to the regime.","Stock has sector exposure to a sector touched by this regime, but no direct stock-regime evidence link exists.",,,,needs_review,,,0.2,0,0,1,2026-06-01T21:29:52.188000000Z,blind-spot-graph,candidate,,,,CANDIDATE_LINK,,0.5,CandidateLink
rel:world-regime-risk-off:CANDIDATE_LINK:world-stock-onds,2026-06-01,,2026-06-01T21:28:48.313000000Z,neo4j-blind-spot-graph,1,,,2026-06-01,,,,2026-06-01,,,,frontmatter_gap,"Confirm with a fresh signal, pull note, or thesis update that connects the stock to the regime.","Stock has sector exposure to a sector touched by this regime, but no direct stock-regime evidence link exists.",,,,needs_review,,,0.2,0,0,1,2026-06-01T21:29:52.188000000Z,blind-spot-graph,candidate,,,,CANDIDATE_LINK,,0.5,CandidateLink
rel:world-regime-risk-off:CANDIDATE_LINK:world-stock-pfe,2026-06-01,,2026-06-01T21:28:48.313000000Z,neo4j-blind-spot-graph,1,,,2026-06-01,,,,2026-06-01,,,,frontmatter_gap,"Confirm with a fresh signal, pull note, or thesis update that connects the stock to the regime.","Stock has sector exposure to a sector touched by this regime, but no direct stock-regime evidence link exists.",,,,needs_review,,,0.2,0,0,1,2026-06-01T21:29:52.188000000Z,blind-spot-graph,candidate,,,,CANDIDATE_LINK,,0.5,CandidateLink
rel:world-regime-risk-off:CANDIDATE_LINK:world-stock-pg,2026-06-01,,2026-06-01T21:28:48.313000000Z,neo4j-blind-spot-graph,1,,,2026-06-01,,,,2026-06-01,,,,frontmatter_gap,"Confirm with a fresh signal, pull note, or thesis update that connects the stock to the regime.","Stock has sector exposure to a sector touched by this regime, but no direct stock-regime evidence link exists.",,,,needs_review,,,0.2,0,0,1,2026-06-01T21:29:52.188000000Z,blind-spot-graph,candidate,,,,CANDIDATE_LINK,,0.5,CandidateLink
rel:world-regime-risk-off:CANDIDATE_LINK:world-stock-pltr,2026-06-01,,2026-06-01T21:28:48.313000000Z,neo4j-blind-spot-graph,1,,,2026-06-01,,,,2026-06-01,,,,frontmatter_gap,"Confirm with a fresh signal, pull note, or thesis update that connects the stock to the regime.","Stock has sector exposure to a sector touched by this regime, but no direct stock-regime evidence link exists.",,,,needs_review,,,0.2,0,0,1,2026-06-01T21:29:52.188000000Z,blind-spot-graph,candidate,,,,CANDIDATE_LINK,,0.5,CandidateLink
rel:world-regime-risk-off:CANDIDATE_LINK:world-stock-powl,2026-06-01,,2026-06-01T21:28:48.313000000Z,neo4j-blind-spot-graph,1,,,2026-06-01,,,,2026-06-01,,,,frontmatter_gap,"Confirm with a fresh signal, pull note, or thesis update that connects the stock to the regime.","Stock has sector exposure to a sector touched by this regime, but no direct stock-regime evidence link exists.",,,,needs_review,,,0.2,0,0,1,2026-06-01T21:29:52.188000000Z,blind-spot-graph,candidate,,,,CANDIDATE_LINK,,0.5,CandidateLink
rel:world-regime-risk-off:CANDIDATE_LINK:world-stock-ppih,2026-06-01,,2026-06-01T21:28:48.313000000Z,neo4j-blind-spot-graph,1,,,2026-06-01,,,,2026-06-01,,,,frontmatter_gap,"Confirm with a fresh signal, pull note, or thesis update that connects the stock to the regime.","Stock has sector exposure to a sector touched by this regime, but no direct stock-regime evidence link exists.",,,,needs_review,,,0.2,0,0,1,2026-06-01T21:29:52.188000000Z,blind-spot-graph,candidate,,,,CANDIDATE_LINK,,0.5,CandidateLink
rel:world-regime-risk-off:CANDIDATE_LINK:world-stock-prks,2026-06-01,,2026-06-01T21:28:48.313000000Z,neo4j-blind-spot-graph,1,,,2026-06-01,,,,2026-06-01,,,,frontmatter_gap,"Confirm with a fresh signal, pull note, or thesis update that connects the stock to the regime.","Stock has sector exposure to a sector touched by this regime, but no direct stock-regime evidence link exists.",,,,needs_review,,,0.2,0,0,1,2026-06-01T21:29:52.188000000Z,blind-spot-graph,candidate,,,,CANDIDATE_LINK,,0.5,CandidateLink
rel:world-regime-risk-off:CANDIDATE_LINK:world-stock-pwr,2026-06-01,,2026-06-01T21:28:48.313000000Z,neo4j-blind-spot-graph,1,,,2026-06-01,,,,2026-06-01,,,,frontmatter_gap,"Confirm with a fresh signal, pull note, or thesis update that connects the stock to the regime.","Stock has sector exposure to a sector touched by this regime, but no direct stock-regime evidence link exists.",,,,needs_review,,,0.2,0,0,1,2026-06-01T21:29:52.188000000Z,blind-spot-graph,candidate,,,,CANDIDATE_LINK,,0.5,CandidateLink
rel:world-regime-risk-off:CANDIDATE_LINK:world-stock-qntm,2026-06-01,,2026-06-01T21:28:48.313000000Z,neo4j-blind-spot-graph,1,,,2026-06-01,,,,2026-06-01,,,,frontmatter_gap,"Confirm with a fresh signal, pull note, or thesis update that connects the stock to the regime.","Stock has sector exposure to a sector touched by this regime, but no direct stock-regime evidence link exists.",,,,needs_review,,,0.2,0,0,1,2026-06-01T21:29:52.188000000Z,blind-spot-graph,candidate,,,,CANDIDATE_LINK,,0.5,CandidateLink
rel:world-regime-risk-off:CANDIDATE_LINK:world-stock-rlmd,2026-06-01,,2026-06-01T21:28:48.313000000Z,neo4j-blind-spot-graph,1,,,2026-06-01,,,,2026-06-01,,,,frontmatter_gap,"Confirm with a fresh signal, pull note, or thesis update that connects the stock to the regime.","Stock has sector exposure to a sector touched by this regime, but no direct stock-regime evidence link exists.",,,,needs_review,,,0.2,0,0,1,2026-06-01T21:29:52.188000000Z,blind-spot-graph,candidate,,,,CANDIDATE_LINK,,0.5,CandidateLink
rel:world-regime-risk-off:CANDIDATE_LINK:world-stock-silo,2026-06-01,,2026-06-01T21:28:48.313000000Z,neo4j-blind-spot-graph,1,,,2026-06-01,,,,2026-06-01,,,,frontmatter_gap,"Confirm with a fresh signal, pull note, or thesis update that connects the stock to the regime.","Stock has sector exposure to a sector touched by this regime, but no direct stock-regime evidence link exists.",,,,needs_review,,,0.2,0,0,1,2026-06-01T21:29:52.188000000Z,blind-spot-graph,candidate,,,,CANDIDATE_LINK,,0.5,CandidateLink
rel:world-regime-risk-off:CANDIDATE_LINK:world-stock-stim,2026-06-01,,2026-06-01T21:28:48.313000000Z,neo4j-blind-spot-graph,1,,,2026-06-01,,,,2026-06-01,,,,frontmatter_gap,"Confirm with a fresh signal, pull note, or thesis update that connects the stock to the regime.","Stock has sector exposure to a sector touched by this regime, but no direct stock-regime evidence link exists.",,,,needs_review,,,0.2,0,0,1,2026-06-01T21:29:52.188000000Z,blind-spot-graph,candidate,,,,CANDIDATE_LINK,,0.5,CandidateLink
rel:world-regime-risk-off:CANDIDATE_LINK:world-stock-strl,2026-06-01,,2026-06-01T21:28:48.313000000Z,neo4j-blind-spot-graph,1,,,2026-06-01,,,,2026-06-01,,,,frontmatter_gap,"Confirm with a fresh signal, pull note, or thesis update that connects the stock to the regime.","Stock has sector exposure to a sector touched by this regime, but no direct stock-regime evidence link exists.",,,,needs_review,,,0.2,0,0,1,2026-06-01T21:29:52.188000000Z,blind-spot-graph,candidate,,,,CANDIDATE_LINK,,0.5,CandidateLink
rel:world-regime-risk-off:CANDIDATE_LINK:world-stock-supn,2026-06-01,,2026-06-01T21:28:48.313000000Z,neo4j-blind-spot-graph,1,,,2026-06-01,,,,2026-06-01,,,,frontmatter_gap,"Confirm with a fresh signal, pull note, or thesis update that connects the stock to the regime.","Stock has sector exposure to a sector touched by this regime, but no direct stock-regime evidence link exists.",,,,needs_review,,,0.2,0,0,1,2026-06-01T21:29:52.188000000Z,blind-spot-graph,candidate,,,,CANDIDATE_LINK,,0.5,CandidateLink
rel:world-regime-risk-off:CANDIDATE_LINK:world-stock-tnc,2026-06-01,,2026-06-01T21:28:48.313000000Z,neo4j-blind-spot-graph,1,,,2026-06-01,,,,2026-06-01,,,,frontmatter_gap,"Confirm with a fresh signal, pull note, or thesis update that connects the stock to the regime.","Stock has sector exposure to a sector touched by this regime, but no direct stock-regime evidence link exists.",,,,needs_review,,,0.2,0,0,1,2026-06-01T21:29:52.188000000Z,blind-spot-graph,candidate,,,,CANDIDATE_LINK,,0.5,CandidateLink
rel:world-regime-risk-off:CANDIDATE_LINK:world-stock-ufpt,2026-06-01,,2026-06-01T21:28:48.313000000Z,neo4j-blind-spot-graph,1,,,2026-06-01,,,,2026-06-01,,,,frontmatter_gap,"Confirm with a fresh signal, pull note, or thesis update that connects the stock to the regime.","Stock has sector exposure to a sector touched by this regime, but no direct stock-regime evidence link exists.",,,,needs_review,,,0.2,0,0,1,2026-06-01T21:29:52.188000000Z,blind-spot-graph,candidate,,,,CANDIDATE_LINK,,0.5,CandidateLink
rel:world-regime-risk-off:CANDIDATE_LINK:world-stock-vst,2026-06-01,,2026-06-01T21:28:48.313000000Z,neo4j-blind-spot-graph,1,,,2026-06-01,,,,2026-06-01,,,,frontmatter_gap,"Confirm with a fresh signal, pull note, or thesis update that connects the stock to the regime.","Stock has sector exposure to a sector touched by this regime, but no direct stock-regime evidence link exists.",,,,needs_review,,,0.2,0,0,1,2026-06-01T21:29:52.188000000Z,blind-spot-graph,candidate,,,,CANDIDATE_LINK,,0.5,CandidateLink
rel:world-regime-risk-off:CANDIDATE_LINK:world-stock-vtgn,2026-06-01,,2026-06-01T21:28:48.313000000Z,neo4j-blind-spot-graph,1,,,2026-06-01,,,,2026-06-01,,,,frontmatter_gap,"Confirm with a fresh signal, pull note, or thesis update that connects the stock to the regime.","Stock has sector exposure to a sector touched by this regime, but no direct stock-regime evidence link exists.",,,,needs_review,,,0.2,0,0,1,2026-06-01T21:29:52.188000000Z,blind-spot-graph,candidate,,,,CANDIDATE_LINK,,0.5,CandidateLink
rel:world-regime-risk-off:CANDIDATE_LINK:world-stock-wcc,2026-06-01,,2026-06-01T21:28:48.313000000Z,neo4j-blind-spot-graph,1,,,2026-06-01,,,,2026-06-01,,,,frontmatter_gap,"Confirm with a fresh signal, pull note, or thesis update that connects the stock to the regime.","Stock has sector exposure to a sector touched by this regime, but no direct stock-regime evidence link exists.",,,,needs_review,,,0.2,0,0,1,2026-06-01T21:29:52.188000000Z,blind-spot-graph,candidate,,,,CANDIDATE_LINK,,0.5,CandidateLink
rel:world-regime-risk-on:CANDIDATE_LINK:world-stock-aapl,2026-06-01,,2026-06-01T21:28:48.313000000Z,neo4j-blind-spot-graph,1,,,2026-06-01,,,,2026-06-01,,,,frontmatter_gap,"Confirm with a fresh signal, pull note, or thesis update that connects the stock to the regime.","Stock has sector exposure to a sector touched by this regime, but no direct stock-regime evidence link exists.",,,,needs_review,,,0.2,0,0,1,2026-06-01T21:29:52.188000000Z,blind-spot-graph,candidate,,,,CANDIDATE_LINK,,0.5,CandidateLink
rel:world-regime-risk-on:CANDIDATE_LINK:world-stock-achr,2026-06-01,,2026-06-01T21:28:48.313000000Z,neo4j-blind-spot-graph,1,,,2026-06-01,,,,2026-06-01,,,,frontmatter_gap,"Confirm with a fresh signal, pull note, or thesis update that connects the stock to the regime.","Stock has sector exposure to a sector touched by this regime, but no direct stock-regime evidence link exists.",,,,needs_review,,,0.2,0,0,1,2026-06-01T21:29:52.188000000Z,blind-spot-graph,candidate,,,,CANDIDATE_LINK,,0.5,CandidateLink
rel:world-regime-risk-on:CANDIDATE_LINK:world-stock-amsc,2026-06-01,,2026-06-01T21:28:48.313000000Z,neo4j-blind-spot-graph,1,,,2026-06-01,,,,2026-06-01,,,,frontmatter_gap,"Confirm with a fresh signal, pull note, or thesis update that connects the stock to the regime.","Stock has sector exposure to a sector touched by this regime, but no direct stock-regime evidence link exists.",,,,needs_review,,,0.2,0,0,1,2026-06-01T21:29:52.188000000Z,blind-spot-graph,candidate,,,,CANDIDATE_LINK,,0.5,CandidateLink
rel:world-regime-risk-on:CANDIDATE_LINK:world-stock-amzn,2026-06-01,,2026-06-01T21:28:48.313000000Z,neo4j-blind-spot-graph,1,,,2026-06-01,,,,2026-06-01,,,,frontmatter_gap,"Confirm with a fresh signal, pull note, or thesis update that connects the stock to the regime.","Stock has sector exposure to a sector touched by this regime, but no direct stock-regime evidence link exists.",,,,needs_review,,,0.2,0,0,1,2026-06-01T21:29:52.188000000Z,blind-spot-graph,candidate,,,,CANDIDATE_LINK,,0.5,CandidateLink
rel:world-regime-risk-on:CANDIDATE_LINK:world-stock-blmn,2026-06-01,,2026-06-01T21:28:48.313000000Z,neo4j-blind-spot-graph,1,,,2026-06-01,,,,2026-06-01,,,,frontmatter_gap,"Confirm with a fresh signal, pull note, or thesis update that connects the stock to the regime.","Stock has sector exposure to a sector touched by this regime, but no direct stock-regime evidence link exists.",,,,needs_review,,,0.2,0,0,1,2026-06-01T21:29:52.188000000Z,blind-spot-graph,candidate,,,,CANDIDATE_LINK,,0.5,CandidateLink
rel:world-regime-risk-on:CANDIDATE_LINK:world-stock-bw,2026-06-01,,2026-06-01T21:28:48.313000000Z,neo4j-blind-spot-graph,1,,,2026-06-01,,,,2026-06-01,,,,frontmatter_gap,"Confirm with a fresh signal, pull note, or thesis update that connects the stock to the regime.","Stock has sector exposure to a sector touched by this regime, but no direct stock-regime evidence link exists.",,,,needs_review,,,0.2,0,0,1,2026-06-01T21:29:52.188000000Z,blind-spot-graph,candidate,,,,CANDIDATE_LINK,,0.5,CandidateLink
rel:world-regime-risk-on:CANDIDATE_LINK:world-stock-cat,2026-06-01,,2026-06-01T21:28:48.313000000Z,neo4j-blind-spot-graph,1,,,2026-06-01,,,,2026-06-01,,,,frontmatter_gap,"Confirm with a fresh signal, pull note, or thesis update that connects the stock to the regime.","Stock has sector exposure to a sector touched by this regime, but no direct stock-regime evidence link exists.",,,,needs_review,,,0.2,0,0,1,2026-06-01T21:29:52.188000000Z,blind-spot-graph,candidate,,,,CANDIDATE_LINK,,0.5,CandidateLink
rel:world-regime-risk-on:CANDIDATE_LINK:world-stock-cost,2026-06-01,,2026-06-01T21:28:48.313000000Z,neo4j-blind-spot-graph,1,,,2026-06-01,,,,2026-06-01,,,,frontmatter_gap,"Confirm with a fresh signal, pull note, or thesis update that connects the stock to the regime.","Stock has sector exposure to a sector touched by this regime, but no direct stock-regime evidence link exists.",,,,needs_review,,,0.2,0,0,1,2026-06-01T21:29:52.188000000Z,blind-spot-graph,candidate,,,,CANDIDATE_LINK,,0.5,CandidateLink
rel:world-regime-risk-on:CANDIDATE_LINK:world-stock-dhi,2026-06-01,,2026-06-01T21:28:48.313000000Z,neo4j-blind-spot-graph,1,,,2026-06-01,,,,2026-06-01,,,,frontmatter_gap,"Confirm with a fresh signal, pull note, or thesis update that connects the stock to the regime.","Stock has sector exposure to a sector touched by this regime, but no direct stock-regime evidence link exists.",,,,needs_review,,,0.2,0,0,1,2026-06-01T21:29:52.188000000Z,blind-spot-graph,candidate,,,,CANDIDATE_LINK,,0.5,CandidateLink
rel:world-regime-risk-on:CANDIDATE_LINK:world-stock-eh,2026-06-01,,2026-06-01T21:28:48.313000000Z,neo4j-blind-spot-graph,1,,,2026-06-01,,,,2026-06-01,,,,frontmatter_gap,"Confirm with a fresh signal, pull note, or thesis update that connects the stock to the regime.","Stock has sector exposure to a sector touched by this regime, but no direct stock-regime evidence link exists.",,,,needs_review,,,0.2,0,0,1,2026-06-01T21:29:52.188000000Z,blind-spot-graph,candidate,,,,CANDIDATE_LINK,,0.5,CandidateLink
rel:world-regime-risk-on:CANDIDATE_LINK:world-stock-dpro,2026-06-01,,2026-06-01T21:28:48.313000000Z,neo4j-blind-spot-graph,1,,,2026-06-01,,,,2026-06-01,,,,frontmatter_gap,"Confirm with a fresh signal, pull note, or thesis update that connects the stock to the regime.","Stock has sector exposure to a sector touched by this regime, but no direct stock-regime evidence link exists.",,,,needs_review,,,0.2,0,0,1,2026-06-01T21:29:52.188000000Z,blind-spot-graph,candidate,,,,CANDIDATE_LINK,,0.5,CandidateLink
rel:world-regime-risk-on:CANDIDATE_LINK:world-stock-etn,2026-06-01,,2026-06-01T21:28:48.313000000Z,neo4j-blind-spot-graph,1,,,2026-06-01,,,,2026-06-01,,,,frontmatter_gap,"Confirm with a fresh signal, pull note, or thesis update that connects the stock to the regime.","Stock has sector exposure to a sector touched by this regime, but no direct stock-regime evidence link exists.",,,,needs_review,,,0.2,0,0,1,2026-06-01T21:29:52.188000000Z,blind-spot-graph,candidate,,,,CANDIDATE_LINK,,0.5,CandidateLink
rel:world-regime-risk-on:CANDIDATE_LINK:world-stock-evtl,2026-06-01,,2026-06-01T21:28:48.313000000Z,neo4j-blind-spot-graph,1,,,2026-06-01,,,,2026-06-01,,,,frontmatter_gap,"Confirm with a fresh signal, pull note, or thesis update that connects the stock to the regime.","Stock has sector exposure to a sector touched by this regime, but no direct stock-regime evidence link exists.",,,,needs_review,,,0.2,0,0,1,2026-06-01T21:29:52.188000000Z,blind-spot-graph,candidate,,,,CANDIDATE_LINK,,0.5,CandidateLink
rel:world-regime-risk-on:CANDIDATE_LINK:world-stock-fcx,2026-06-01,,2026-06-01T21:28:48.313000000Z,neo4j-blind-spot-graph,1,,,2026-06-01,,,,2026-06-01,,,,frontmatter_gap,"Confirm with a fresh signal, pull note, or thesis update that connects the stock to the regime.","Stock has sector exposure to a sector touched by this regime, but no direct stock-regime evidence link exists.",,,,needs_review,,,0.2,0,0,1,2026-06-01T21:29:52.188000000Z,blind-spot-graph,candidate,,,,CANDIDATE_LINK,,0.5,CandidateLink
rel:world-regime-risk-on:CANDIDATE_LINK:world-stock-gev,2026-06-01,,2026-06-01T21:28:48.313000000Z,neo4j-blind-spot-graph,1,,,2026-06-01,,,,2026-06-01,,,,frontmatter_gap,"Confirm with a fresh signal, pull note, or thesis update that connects the stock to the regime.","Stock has sector exposure to a sector touched by this regime, but no direct stock-regime evidence link exists.",,,,needs_review,,,0.2,0,0,1,2026-06-01T21:29:52.188000000Z,blind-spot-graph,candidate,,,,CANDIDATE_LINK,,0.5,CandidateLink
rel:world-regime-risk-on:CANDIDATE_LINK:world-stock-gold,2026-06-01,,2026-06-01T21:28:48.313000000Z,neo4j-blind-spot-graph,1,,,2026-06-01,,,,2026-06-01,,,,frontmatter_gap,"Confirm with a fresh signal, pull note, or thesis update that connects the stock to the regime.","Stock has sector exposure to a sector touched by this regime, but no direct stock-regime evidence link exists.",,,,needs_review,,,0.2,0,0,1,2026-06-01T21:29:52.188000000Z,blind-spot-graph,candidate,,,,CANDIDATE_LINK,,0.5,CandidateLink
rel:world-regime-risk-on:CANDIDATE_LINK:world-stock-hovr,2026-06-01,,2026-06-01T21:28:48.313000000Z,neo4j-blind-spot-graph,1,,,2026-06-01,,,,2026-06-01,,,,frontmatter_gap,"Confirm with a fresh signal, pull note, or thesis update that connects the stock to the regime.","Stock has sector exposure to a sector touched by this regime, but no direct stock-regime evidence link exists.",,,,needs_review,,,0.2,0,0,1,2026-06-01T21:29:52.188000000Z,blind-spot-graph,candidate,,,,CANDIDATE_LINK,,0.5,CandidateLink
rel:world-regime-risk-on:CANDIDATE_LINK:world-stock-hubb,2026-06-01,,2026-06-01T21:28:48.313000000Z,neo4j-blind-spot-graph,1,,,2026-06-01,,,,2026-06-01,,,,frontmatter_gap,"Confirm with a fresh signal, pull note, or thesis update that connects the stock to the regime.","Stock has sector exposure to a sector touched by this regime, but no direct stock-regime evidence link exists.",,,,needs_review,,,0.2,0,0,1,2026-06-01T21:29:52.188000000Z,blind-spot-graph,candidate,,,,CANDIDATE_LINK,,0.5,CandidateLink
rel:world-regime-risk-on:CANDIDATE_LINK:world-stock-joby,2026-06-01,,2026-06-01T21:28:48.313000000Z,neo4j-blind-spot-graph,1,,,2026-06-01,,,,2026-06-01,,,,frontmatter_gap,"Confirm with a fresh signal, pull note, or thesis update that connects the stock to the regime.","Stock has sector exposure to a sector touched by this regime, but no direct stock-regime evidence link exists.",,,,needs_review,,,0.2,0,0,1,2026-06-01T21:29:52.188000000Z,blind-spot-graph,candidate,,,,CANDIDATE_LINK,,0.5,CandidateLink
rel:world-regime-risk-on:CANDIDATE_LINK:world-stock-ko,2026-06-01,,2026-06-01T21:28:48.313000000Z,neo4j-blind-spot-graph,1,,,2026-06-01,,,,2026-06-01,,,,frontmatter_gap,"Confirm with a fresh signal, pull note, or thesis update that connects the stock to the regime.","Stock has sector exposure to a sector touched by this regime, but no direct stock-regime evidence link exists.",,,,needs_review,,,0.2,0,0,1,2026-06-01T21:29:52.188000000Z,blind-spot-graph,candidate,,,,CANDIDATE_LINK,,0.5,CandidateLink
rel:world-regime-goldilocks:CANDIDATE_LINK:world-stock-gev,2026-06-01,,2026-06-01T21:28:48.313000000Z,neo4j-blind-spot-graph,1,,,2026-06-01,,,,2026-06-01,,,,frontmatter_gap,"Confirm with a fresh signal, pull note, or thesis update that connects the stock to the regime.","Stock has sector exposure to a sector touched by this regime, but no direct stock-regime evidence link exists.",,,,needs_review,,,0.2,0,0,1,2026-06-01T21:29:52.188000000Z,blind-spot-graph,candidate,,,,CANDIDATE_LINK,,0.5,CandidateLink
rel:world-regime-risk-on:CANDIDATE_LINK:world-stock-lin,2026-06-01,,2026-06-01T21:28:48.313000000Z,neo4j-blind-spot-graph,1,,,2026-06-01,,,,2026-06-01,,,,frontmatter_gap,"Confirm with a fresh signal, pull note, or thesis update that connects the stock to the regime.","Stock has sector exposure to a sector touched by this regime, but no direct stock-regime evidence link exists.",,,,needs_review,,,0.2,0,0,1,2026-06-01T21:29:52.188000000Z,blind-spot-graph,candidate,,,,CANDIDATE_LINK,,0.5,CandidateLink
rel:world-regime-risk-on:CANDIDATE_LINK:world-stock-msft,2026-06-01,,2026-06-01T21:28:48.313000000Z,neo4j-blind-spot-graph,1,,,2026-06-01,,,,2026-06-01,,,,frontmatter_gap,"Confirm with a fresh signal, pull note, or thesis update that connects the stock to the regime.","Stock has sector exposure to a sector touched by this regime, but no direct stock-regime evidence link exists.",,,,needs_review,,,0.2,0,0,1,2026-06-01T21:29:52.188000000Z,blind-spot-graph,candidate,,,,CANDIDATE_LINK,,0.5,CandidateLink
rel:world-regime-risk-on:CANDIDATE_LINK:world-stock-mtz,2026-06-01,,2026-06-01T21:28:48.313000000Z,neo4j-blind-spot-graph,1,,,2026-06-01,,,,2026-06-01,,,,frontmatter_gap,"Confirm with a fresh signal, pull note, or thesis update that connects the stock to the regime.","Stock has sector exposure to a sector touched by this regime, but no direct stock-regime evidence link exists.",,,,needs_review,,,0.2,0,0,1,2026-06-01T21:29:52.188000000Z,blind-spot-graph,candidate,,,,CANDIDATE_LINK,,0.5,CandidateLink
rel:world-regime-risk-on:CANDIDATE_LINK:world-stock-myrg,2026-06-01,,2026-06-01T21:28:48.313000000Z,neo4j-blind-spot-graph,1,,,2026-06-01,,,,2026-06-01,,,,frontmatter_gap,"Confirm with a fresh signal, pull note, or thesis update that connects the stock to the regime.","Stock has sector exposure to a sector touched by this regime, but no direct stock-regime evidence link exists.",,,,needs_review,,,0.2,0,0,1,2026-06-01T21:29:52.188000000Z,blind-spot-graph,candidate,,,,CANDIDATE_LINK,,0.5,CandidateLink
rel:world-regime-risk-on:CANDIDATE_LINK:world-stock-nem,2026-06-01,,2026-06-01T21:28:48.313000000Z,neo4j-blind-spot-graph,1,,,2026-06-01,,,,2026-06-01,,,,frontmatter_gap,"Confirm with a fresh signal, pull note, or thesis update that connects the stock to the regime.","Stock has sector exposure to a sector touched by this regime, but no direct stock-regime evidence link exists.",,,,needs_review,,,0.2,0,0,1,2026-06-01T21:29:52.188000000Z,blind-spot-graph,candidate,,,,CANDIDATE_LINK,,0.5,CandidateLink
rel:world-regime-risk-on:CANDIDATE_LINK:world-stock-nrg,2026-06-01,,2026-06-01T21:28:48.313000000Z,neo4j-blind-spot-graph,1,,,2026-06-01,,,,2026-06-01,,,,frontmatter_gap,"Confirm with a fresh signal, pull note, or thesis update that connects the stock to the regime.","Stock has sector exposure to a sector touched by this regime, but no direct stock-regime evidence link exists.",,,,needs_review,,,0.2,0,0,1,2026-06-01T21:29:52.188000000Z,blind-spot-graph,candidate,,,,CANDIDATE_LINK,,0.5,CandidateLink
rel:world-regime-risk-on:CANDIDATE_LINK:world-stock-nssc,2026-06-01,,2026-06-01T21:28:48.313000000Z,neo4j-blind-spot-graph,1,,,2026-06-01,,,,2026-06-01,,,,frontmatter_gap,"Confirm with a fresh signal, pull note, or thesis update that connects the stock to the regime.","Stock has sector exposure to a sector touched by this regime, but no direct stock-regime evidence link exists.",,,,needs_review,,,0.2,0,0,1,2026-06-01T21:29:52.188000000Z,blind-spot-graph,candidate,,,,CANDIDATE_LINK,,0.5,CandidateLink
rel:world-regime-risk-on:CANDIDATE_LINK:world-stock-nvda,2026-06-01,,2026-06-01T21:28:48.313000000Z,neo4j-blind-spot-graph,1,,,2026-06-01,,,,2026-06-01,,,,frontmatter_gap,"Confirm with a fresh signal, pull note, or thesis update that connects the stock to the regime.","Stock has sector exposure to a sector touched by this regime, but no direct stock-regime evidence link exists.",,,,needs_review,,,0.2,0,0,1,2026-06-01T21:29:52.188000000Z,blind-spot-graph,candidate,,,,CANDIDATE_LINK,,0.5,CandidateLink
rel:world-regime-risk-on:CANDIDATE_LINK:world-stock-onds,2026-06-01,,2026-06-01T21:28:48.313000000Z,neo4j-blind-spot-graph,1,,,2026-06-01,,,,2026-06-01,,,,frontmatter_gap,"Confirm with a fresh signal, pull note, or thesis update that connects the stock to the regime.","Stock has sector exposure to a sector touched by this regime, but no direct stock-regime evidence link exists.",,,,needs_review,,,0.2,0,0,1,2026-06-01T21:29:52.188000000Z,blind-spot-graph,candidate,,,,CANDIDATE_LINK,,0.5,CandidateLink
rel:world-regime-risk-on:CANDIDATE_LINK:world-stock-pdfs,2026-06-01,,2026-06-01T21:28:48.313000000Z,neo4j-blind-spot-graph,1,,,2026-06-01,,,,2026-06-01,,,,frontmatter_gap,"Confirm with a fresh signal, pull note, or thesis update that connects the stock to the regime.","Stock has sector exposure to a sector touched by this regime, but no direct stock-regime evidence link exists.",,,,needs_review,,,0.2,0,0,1,2026-06-01T21:29:52.188000000Z,blind-spot-graph,candidate,,,,CANDIDATE_LINK,,0.5,CandidateLink
rel:world-regime-risk-on:CANDIDATE_LINK:world-stock-pg,2026-06-01,,2026-06-01T21:28:48.313000000Z,neo4j-blind-spot-graph,1,,,2026-06-01,,,,2026-06-01,,,,frontmatter_gap,"Confirm with a fresh signal, pull note, or thesis update that connects the stock to the regime.","Stock has sector exposure to a sector touched by this regime, but no direct stock-regime evidence link exists.",,,,needs_review,,,0.2,0,0,1,2026-06-01T21:29:52.188000000Z,blind-spot-graph,candidate,,,,CANDIDATE_LINK,,0.5,CandidateLink
rel:world-regime-risk-on:CANDIDATE_LINK:world-stock-powl,2026-06-01,,2026-06-01T21:28:48.313000000Z,neo4j-blind-spot-graph,1,,,2026-06-01,,,,2026-06-01,,,,frontmatter_gap,"Confirm with a fresh signal, pull note, or thesis update that connects the stock to the regime.","Stock has sector exposure to a sector touched by this regime, but no direct stock-regime evidence link exists.",,,,needs_review,,,0.2,0,0,1,2026-06-01T21:29:52.188000000Z,blind-spot-graph,candidate,,,,CANDIDATE_LINK,,0.5,CandidateLink
rel:world-regime-risk-on:CANDIDATE_LINK:world-stock-ppih,2026-06-01,,2026-06-01T21:28:48.313000000Z,neo4j-blind-spot-graph,1,,,2026-06-01,,,,2026-06-01,,,,frontmatter_gap,"Confirm with a fresh signal, pull note, or thesis update that connects the stock to the regime.","Stock has sector exposure to a sector touched by this regime, but no direct stock-regime evidence link exists.",,,,needs_review,,,0.2,0,0,1,2026-06-01T21:29:52.188000000Z,blind-spot-graph,candidate,,,,CANDIDATE_LINK,,0.5,CandidateLink
rel:world-regime-risk-on:CANDIDATE_LINK:world-stock-prks,2026-06-01,,2026-06-01T21:28:48.313000000Z,neo4j-blind-spot-graph,1,,,2026-06-01,,,,2026-06-01,,,,frontmatter_gap,"Confirm with a fresh signal, pull note, or thesis update that connects the stock to the regime.","Stock has sector exposure to a sector touched by this regime, but no direct stock-regime evidence link exists.",,,,needs_review,,,0.2,0,0,1,2026-06-01T21:29:52.188000000Z,blind-spot-graph,candidate,,,,CANDIDATE_LINK,,0.5,CandidateLink
rel:world-regime-risk-on:CANDIDATE_LINK:world-stock-pwr,2026-06-01,,2026-06-01T21:28:48.313000000Z,neo4j-blind-spot-graph,1,,,2026-06-01,,,,2026-06-01,,,,frontmatter_gap,"Confirm with a fresh signal, pull note, or thesis update that connects the stock to the regime.","Stock has sector exposure to a sector touched by this regime, but no direct stock-regime evidence link exists.",,,,needs_review,,,0.2,0,0,1,2026-06-01T21:29:52.188000000Z,blind-spot-graph,candidate,,,,CANDIDATE_LINK,,0.5,CandidateLink
rel:world-regime-risk-on:CANDIDATE_LINK:world-stock-strl,2026-06-01,,2026-06-01T21:28:48.313000000Z,neo4j-blind-spot-graph,1,,,2026-06-01,,,,2026-06-01,,,,frontmatter_gap,"Confirm with a fresh signal, pull note, or thesis update that connects the stock to the regime.","Stock has sector exposure to a sector touched by this regime, but no direct stock-regime evidence link exists.",,,,needs_review,,,0.2,0,0,1,2026-06-01T21:29:52.188000000Z,blind-spot-graph,candidate,,,,CANDIDATE_LINK,,0.5,CandidateLink
rel:world-regime-risk-on:CANDIDATE_LINK:world-stock-tnc,2026-06-01,,2026-06-01T21:28:48.313000000Z,neo4j-blind-spot-graph,1,,,2026-06-01,,,,2026-06-01,,,,frontmatter_gap,"Confirm with a fresh signal, pull note, or thesis update that connects the stock to the regime.","Stock has sector exposure to a sector touched by this regime, but no direct stock-regime evidence link exists.",,,,needs_review,,,0.2,0,0,1,2026-06-01T21:29:52.188000000Z,blind-spot-graph,candidate,,,,CANDIDATE_LINK,,0.5,CandidateLink
rel:world-regime-risk-on:CANDIDATE_LINK:world-stock-tsla,2026-06-01,,2026-06-01T21:28:48.313000000Z,neo4j-blind-spot-graph,1,,,2026-06-01,,,,2026-06-01,,,,frontmatter_gap,"Confirm with a fresh signal, pull note, or thesis update that connects the stock to the regime.","Stock has sector exposure to a sector touched by this regime, but no direct stock-regime evidence link exists.",,,,needs_review,,,0.2,0,0,1,2026-06-01T21:29:52.188000000Z,blind-spot-graph,candidate,,,,CANDIDATE_LINK,,0.5,CandidateLink
rel:world-regime-risk-on:CANDIDATE_LINK:world-stock-vst,2026-06-01,,2026-06-01T21:28:48.313000000Z,neo4j-blind-spot-graph,1,,,2026-06-01,,,,2026-06-01,,,,frontmatter_gap,"Confirm with a fresh signal, pull note, or thesis update that connects the stock to the regime.","Stock has sector exposure to a sector touched by this regime, but no direct stock-regime evidence link exists.",,,,needs_review,,,0.2,0,0,1,2026-06-01T21:29:52.188000000Z,blind-spot-graph,candidate,,,,CANDIDATE_LINK,,0.5,CandidateLink
rel:world-regime-risk-on:CANDIDATE_LINK:world-stock-wcc,2026-06-01,,2026-06-01T21:28:48.313000000Z,neo4j-blind-spot-graph,1,,,2026-06-01,,,,2026-06-01,,,,frontmatter_gap,"Confirm with a fresh signal, pull note, or thesis update that connects the stock to the regime.","Stock has sector exposure to a sector touched by this regime, but no direct stock-regime evidence link exists.",,,,needs_review,,,0.2,0,0,1,2026-06-01T21:29:52.188000000Z,blind-spot-graph,candidate,,,,CANDIDATE_LINK,,0.5,CandidateLink
rel:world-regime-risk-on:CANDIDATE_LINK:world-stock-wpm,2026-06-01,,2026-06-01T21:28:48.313000000Z,neo4j-blind-spot-graph,1,,,2026-06-01,,,,2026-06-01,,,,frontmatter_gap,"Confirm with a fresh signal, pull note, or thesis update that connects the stock to the regime.","Stock has sector exposure to a sector touched by this regime, but no direct stock-regime evidence link exists.",,,,needs_review,,,0.2,0,0,1,2026-06-01T21:29:52.188000000Z,blind-spot-graph,candidate,,,,CANDIDATE_LINK,,0.5,CandidateLink
rel:world-regime-stagflation:CANDIDATE_LINK:world-stock-aapl,2026-06-01,,2026-06-01T21:28:48.313000000Z,neo4j-blind-spot-graph,1,,,2026-06-01,,,,2026-06-01,,,,frontmatter_gap,"Confirm with a fresh signal, pull note, or thesis update that connects the stock to the regime.","Stock has sector exposure to a sector touched by this regime, but no direct stock-regime evidence link exists.",,,,needs_review,,,0.3125,0.25,0,1,2026-06-01T21:29:52.188000000Z,blind-spot-graph,candidate,,,,CANDIDATE_LINK,,0.5,CandidateLink
rel:world-regime-stagflation:CANDIDATE_LINK:world-stock-amzn,2026-06-01,,2026-06-01T21:28:48.313000000Z,neo4j-blind-spot-graph,1,,,2026-06-01,,,,2026-06-01,,,,frontmatter_gap,"Confirm with a fresh signal, pull note, or thesis update that connects the stock to the regime.","Stock has sector exposure to a sector touched by this regime, but no direct stock-regime evidence link exists.",,,,needs_review,,,0.3125,0.25,0,1,2026-06-01T21:29:52.188000000Z,blind-spot-graph,candidate,,,,CANDIDATE_LINK,,0.5,CandidateLink
rel:world-regime-stagflation:CANDIDATE_LINK:world-stock-axp,2026-06-01,,2026-06-01T21:28:48.313000000Z,neo4j-blind-spot-graph,1,,,2026-06-01,,,,2026-06-01,,,,frontmatter_gap,"Confirm with a fresh signal, pull note, or thesis update that connects the stock to the regime.","Stock has sector exposure to a sector touched by this regime, but no direct stock-regime evidence link exists.",,,,needs_review,,,0.3125,0.25,0,1,2026-06-01T21:29:52.188000000Z,blind-spot-graph,candidate,,,,CANDIDATE_LINK,,0.5,CandidateLink
rel:world-regime-stagflation:CANDIDATE_LINK:world-stock-blmn,2026-06-01,,2026-06-01T21:28:48.313000000Z,neo4j-blind-spot-graph,1,,,2026-06-01,,,,2026-06-01,,,,frontmatter_gap,"Confirm with a fresh signal, pull note, or thesis update that connects the stock to the regime.","Stock has sector exposure to a sector touched by this regime, but no direct stock-regime evidence link exists.",,,,needs_review,,,0.3125,0.25,0,1,2026-06-01T21:29:52.188000000Z,blind-spot-graph,candidate,,,,CANDIDATE_LINK,,0.5,CandidateLink
rel:world-regime-stagflation:CANDIDATE_LINK:world-stock-brbr,2026-06-01,,2026-06-01T21:28:48.313000000Z,neo4j-blind-spot-graph,1,,,2026-06-01,,,,2026-06-01,,,,frontmatter_gap,"Confirm with a fresh signal, pull note, or thesis update that connects the stock to the regime.","Stock has sector exposure to a sector touched by this regime, but no direct stock-regime evidence link exists.",,,,needs_review,,,0.3125,0.25,0,1,2026-06-01T21:29:52.188000000Z,blind-spot-graph,candidate,,,,CANDIDATE_LINK,,0.5,CandidateLink
rel:world-regime-stagflation:CANDIDATE_LINK:world-stock-brk-b,2026-06-01,,2026-06-01T21:28:48.313000000Z,neo4j-blind-spot-graph,1,,,2026-06-01,,,,2026-06-01,,,,frontmatter_gap,"Confirm with a fresh signal, pull note, or thesis update that connects the stock to the regime.","Stock has sector exposure to a sector touched by this regime, but no direct stock-regime evidence link exists.",,,,needs_review,,,0.3125,0.25,0,1,2026-06-01T21:29:52.188000000Z,blind-spot-graph,candidate,,,,CANDIDATE_LINK,,0.5,CandidateLink
rel:world-regime-stagflation:CANDIDATE_LINK:world-stock-coin,2026-06-01,,2026-06-01T21:28:48.313000000Z,neo4j-blind-spot-graph,1,,,2026-06-01,,,,2026-06-01,,,,frontmatter_gap,"Confirm with a fresh signal, pull note, or thesis update that connects the stock to the regime.","Stock has sector exposure to a sector touched by this regime, but no direct stock-regime evidence link exists.",,,,needs_review,,,0.3125,0.25,0,1,2026-06-01T21:29:52.188000000Z,blind-spot-graph,candidate,,,,CANDIDATE_LINK,,0.5,CandidateLink
rel:world-regime-stagflation:CANDIDATE_LINK:world-stock-cost,2026-06-01,,2026-06-01T21:28:48.313000000Z,neo4j-blind-spot-graph,1,,,2026-06-01,,,,2026-06-01,,,,frontmatter_gap,"Confirm with a fresh signal, pull note, or thesis update that connects the stock to the regime.","Stock has sector exposure to a sector touched by this regime, but no direct stock-regime evidence link exists.",,,,needs_review,,,0.3125,0.25,0,1,2026-06-01T21:29:52.188000000Z,blind-spot-graph,candidate,,,,CANDIDATE_LINK,,0.5,CandidateLink
rel:world-regime-stagflation:CANDIDATE_LINK:world-stock-cvx,2026-06-01,,2026-06-01T21:28:48.313000000Z,neo4j-blind-spot-graph,1,,,2026-06-01,,,,2026-06-01,,,,frontmatter_gap,"Confirm with a fresh signal, pull note, or thesis update that connects the stock to the regime.","Stock has sector exposure to a sector touched by this regime, but no direct stock-regime evidence link exists.",,,,needs_review,,,0.3125,0.25,0,1,2026-06-01T21:29:52.188000000Z,blind-spot-graph,candidate,,,,CANDIDATE_LINK,,0.5,CandidateLink
rel:world-regime-stagflation:CANDIDATE_LINK:world-stock-dhi,2026-06-01,,2026-06-01T21:28:48.313000000Z,neo4j-blind-spot-graph,1,,,2026-06-01,,,,2026-06-01,,,,frontmatter_gap,"Confirm with a fresh signal, pull note, or thesis update that connects the stock to the regime.","Stock has sector exposure to a sector touched by this regime, but no direct stock-regime evidence link exists.",,,,needs_review,,,0.3125,0.25,0,1,2026-06-01T21:29:52.188000000Z,blind-spot-graph,candidate,,,,CANDIDATE_LINK,,0.5,CandidateLink
rel:world-regime-stagflation:CANDIDATE_LINK:world-stock-ecpg,2026-06-01,,2026-06-01T21:28:48.313000000Z,neo4j-blind-spot-graph,1,,,2026-06-01,,,,2026-06-01,,,,frontmatter_gap,"Confirm with a fresh signal, pull note, or thesis update that connects the stock to the regime.","Stock has sector exposure to a sector touched by this regime, but no direct stock-regime evidence link exists.",,,,needs_review,,,0.3125,0.25,0,1,2026-06-01T21:29:52.188000000Z,blind-spot-graph,candidate,,,,CANDIDATE_LINK,,0.5,CandidateLink
rel:world-regime-stagflation:CANDIDATE_LINK:world-stock-fcx,2026-06-01,,2026-06-01T21:28:48.313000000Z,neo4j-blind-spot-graph,1,,,2026-06-01,,,,2026-06-01,,,,frontmatter_gap,"Confirm with a fresh signal, pull note, or thesis update that connects the stock to the regime.","Stock has sector exposure to a sector touched by this regime, but no direct stock-regime evidence link exists.",,,,needs_review,,,0.3125,0.25,0,1,2026-06-01T21:29:52.188000000Z,blind-spot-graph,candidate,,,,CANDIDATE_LINK,,0.5,CandidateLink
rel:world-regime-stagflation:CANDIDATE_LINK:world-stock-gold,2026-06-01,,2026-06-01T21:28:48.313000000Z,neo4j-blind-spot-graph,1,,,2026-06-01,,,,2026-06-01,,,,frontmatter_gap,"Confirm with a fresh signal, pull note, or thesis update that connects the stock to the regime.","Stock has sector exposure to a sector touched by this regime, but no direct stock-regime evidence link exists.",,,,needs_review,,,0.3125,0.25,0,1,2026-06-01T21:29:52.188000000Z,blind-spot-graph,candidate,,,,CANDIDATE_LINK,,0.5,CandidateLink
rel:world-regime-stagflation:CANDIDATE_LINK:world-stock-gs,2026-06-01,,2026-06-01T21:28:48.313000000Z,neo4j-blind-spot-graph,1,,,2026-06-01,,,,2026-06-01,,,,frontmatter_gap,"Confirm with a fresh signal, pull note, or thesis update that connects the stock to the regime.","Stock has sector exposure to a sector touched by this regime, but no direct stock-regime evidence link exists.",,,,needs_review,,,0.3125,0.25,0,1,2026-06-01T21:29:52.188000000Z,blind-spot-graph,candidate,,,,CANDIDATE_LINK,,0.5,CandidateLink
rel:world-regime-stagflation:CANDIDATE_LINK:world-stock-jpm,2026-06-01,,2026-06-01T21:28:48.313000000Z,neo4j-blind-spot-graph,1,,,2026-06-01,,,,2026-06-01,,,,frontmatter_gap,"Confirm with a fresh signal, pull note, or thesis update that connects the stock to the regime.","Stock has sector exposure to a sector touched by this regime, but no direct stock-regime evidence link exists.",,,,needs_review,,,0.3125,0.25,0,1,2026-06-01T21:29:52.188000000Z,blind-spot-graph,candidate,,,,CANDIDATE_LINK,,0.5,CandidateLink
rel:world-regime-stagflation:CANDIDATE_LINK:world-stock-ko,2026-06-01,,2026-06-01T21:28:48.313000000Z,neo4j-blind-spot-graph,1,,,2026-06-01,,,,2026-06-01,,,,frontmatter_gap,"Confirm with a fresh signal, pull note, or thesis update that connects the stock to the regime.","Stock has sector exposure to a sector touched by this regime, but no direct stock-regime evidence link exists.",,,,needs_review,,,0.3125,0.25,0,1,2026-06-01T21:29:52.188000000Z,blind-spot-graph,candidate,,,,CANDIDATE_LINK,,0.5,CandidateLink
rel:world-regime-stagflation:CANDIDATE_LINK:world-stock-len,2026-06-01,,2026-06-01T21:28:48.313000000Z,neo4j-blind-spot-graph,1,,,2026-06-01,,,,2026-06-01,,,,frontmatter_gap,"Confirm with a fresh signal, pull note, or thesis update that connects the stock to the regime.","Stock has sector exposure to a sector touched by this regime, but no direct stock-regime evidence link exists.",,,,needs_review,,,0.3125,0.25,0,1,2026-06-01T21:29:52.188000000Z,blind-spot-graph,candidate,,,,CANDIDATE_LINK,,0.5,CandidateLink
rel:world-regime-stagflation:CANDIDATE_LINK:world-stock-lin,2026-06-01,,2026-06-01T21:28:48.313000000Z,neo4j-blind-spot-graph,1,,,2026-06-01,,,,2026-06-01,,,,frontmatter_gap,"Confirm with a fresh signal, pull note, or thesis update that connects the stock to the regime.","Stock has sector exposure to a sector touched by this regime, but no direct stock-regime evidence link exists.",,,,needs_review,,,0.3125,0.25,0,1,2026-06-01T21:29:52.188000000Z,blind-spot-graph,candidate,,,,CANDIDATE_LINK,,0.5,CandidateLink
rel:world-regime-stagflation:CANDIDATE_LINK:world-stock-msft,2026-06-01,,2026-06-01T21:28:48.313000000Z,neo4j-blind-spot-graph,1,,,2026-06-01,,,,2026-06-01,,,,frontmatter_gap,"Confirm with a fresh signal, pull note, or thesis update that connects the stock to the regime.","Stock has sector exposure to a sector touched by this regime, but no direct stock-regime evidence link exists.",,,,needs_review,,,0.3125,0.25,0,1,2026-06-01T21:29:52.188000000Z,blind-spot-graph,candidate,,,,CANDIDATE_LINK,,0.5,CandidateLink
rel:world-regime-stagflation:CANDIDATE_LINK:world-stock-nem,2026-06-01,,2026-06-01T21:28:48.313000000Z,neo4j-blind-spot-graph,1,,,2026-06-01,,,,2026-06-01,,,,frontmatter_gap,"Confirm with a fresh signal, pull note, or thesis update that connects the stock to the regime.","Stock has sector exposure to a sector touched by this regime, but no direct stock-regime evidence link exists.",,,,needs_review,,,0.3125,0.25,0,1,2026-06-01T21:29:52.188000000Z,blind-spot-graph,candidate,,,,CANDIDATE_LINK,,0.5,CandidateLink
rel:world-regime-stagflation:CANDIDATE_LINK:world-stock-nvda,2026-06-01,,2026-06-01T21:28:48.313000000Z,neo4j-blind-spot-graph,1,,,2026-06-01,,,,2026-06-01,,,,frontmatter_gap,"Confirm with a fresh signal, pull note, or thesis update that connects the stock to the regime.","Stock has sector exposure to a sector touched by this regime, but no direct stock-regime evidence link exists.",,,,needs_review,,,0.3125,0.25,0,1,2026-06-01T21:29:52.188000000Z,blind-spot-graph,candidate,,,,CANDIDATE_LINK,,0.5,CandidateLink
rel:world-regime-stagflation:CANDIDATE_LINK:world-stock-oxy,2026-06-01,,2026-06-01T21:28:48.313000000Z,neo4j-blind-spot-graph,1,,,2026-06-01,,,,2026-06-01,,,,frontmatter_gap,"Confirm with a fresh signal, pull note, or thesis update that connects the stock to the regime.","Stock has sector exposure to a sector touched by this regime, but no direct stock-regime evidence link exists.",,,,needs_review,,,0.3125,0.25,0,1,2026-06-01T21:29:52.188000000Z,blind-spot-graph,candidate,,,,CANDIDATE_LINK,,0.5,CandidateLink
rel:world-regime-stagflation:CANDIDATE_LINK:world-stock-pg,2026-06-01,,2026-06-01T21:28:48.313000000Z,neo4j-blind-spot-graph,1,,,2026-06-01,,,,2026-06-01,,,,frontmatter_gap,"Confirm with a fresh signal, pull note, or thesis update that connects the stock to the regime.","Stock has sector exposure to a sector touched by this regime, but no direct stock-regime evidence link exists.",,,,needs_review,,,0.3125,0.25,0,1,2026-06-01T21:29:52.188000000Z,blind-spot-graph,candidate,,,,CANDIDATE_LINK,,0.5,CandidateLink
rel:world-regime-stagflation:CANDIDATE_LINK:world-stock-pltr,2026-06-01,,2026-06-01T21:28:48.313000000Z,neo4j-blind-spot-graph,1,,,2026-06-01,,,,2026-06-01,,,,frontmatter_gap,"Confirm with a fresh signal, pull note, or thesis update that connects the stock to the regime.","Stock has sector exposure to a sector touched by this regime, but no direct stock-regime evidence link exists.",,,,needs_review,,,0.3125,0.25,0,1,2026-06-01T21:29:52.188000000Z,blind-spot-graph,candidate,,,,CANDIDATE_LINK,,0.5,CandidateLink
rel:world-regime-stagflation:CANDIDATE_LINK:world-stock-prks,2026-06-01,,2026-06-01T21:28:48.313000000Z,neo4j-blind-spot-graph,1,,,2026-06-01,,,,2026-06-01,,,,frontmatter_gap,"Confirm with a fresh signal, pull note, or thesis update that connects the stock to the regime.","Stock has sector exposure to a sector touched by this regime, but no direct stock-regime evidence link exists.",,,,needs_review,,,0.3125,0.25,0,1,2026-06-01T21:29:52.188000000Z,blind-spot-graph,candidate,,,,CANDIDATE_LINK,,0.5,CandidateLink
rel:world-regime-stagflation:CANDIDATE_LINK:world-stock-slb,2026-06-01,,2026-06-01T21:28:48.313000000Z,neo4j-blind-spot-graph,1,,,2026-06-01,,,,2026-06-01,,,,frontmatter_gap,"Confirm with a fresh signal, pull note, or thesis update that connects the stock to the regime.","Stock has sector exposure to a sector touched by this regime, but no direct stock-regime evidence link exists.",,,,needs_review,,,0.3125,0.25,0,1,2026-06-01T21:29:52.188000000Z,blind-spot-graph,candidate,,,,CANDIDATE_LINK,,0.5,CandidateLink
rel:world-regime-stagflation:CANDIDATE_LINK:world-stock-tsla,2026-06-01,,2026-06-01T21:28:48.313000000Z,neo4j-blind-spot-graph,1,,,2026-06-01,,,,2026-06-01,,,,frontmatter_gap,"Confirm with a fresh signal, pull note, or thesis update that connects the stock to the regime.","Stock has sector exposure to a sector touched by this regime, but no direct stock-regime evidence link exists.",,,,needs_review,,,0.3125,0.25,0,1,2026-06-01T21:29:52.188000000Z,blind-spot-graph,candidate,,,,CANDIDATE_LINK,,0.5,CandidateLink
rel:world-regime-stagflation:CANDIDATE_LINK:world-stock-v,2026-06-01,,2026-06-01T21:28:48.313000000Z,neo4j-blind-spot-graph,1,,,2026-06-01,,,,2026-06-01,,,,frontmatter_gap,"Confirm with a fresh signal, pull note, or thesis update that connects the stock to the regime.","Stock has sector exposure to a sector touched by this regime, but no direct stock-regime evidence link exists.",,,,needs_review,,,0.3125,0.25,0,1,2026-06-01T21:29:52.188000000Z,blind-spot-graph,candidate,,,,CANDIDATE_LINK,,0.5,CandidateLink
rel:world-regime-stagflation:CANDIDATE_LINK:world-stock-wpm,2026-06-01,,2026-06-01T21:28:48.313000000Z,neo4j-blind-spot-graph,1,,,2026-06-01,,,,2026-06-01,,,,frontmatter_gap,"Confirm with a fresh signal, pull note, or thesis update that connects the stock to the regime.","Stock has sector exposure to a sector touched by this regime, but no direct stock-regime evidence link exists.",,,,needs_review,,,0.3125,0.25,0,1,2026-06-01T21:29:52.188000000Z,blind-spot-graph,candidate,,,,CANDIDATE_LINK,,0.5,CandidateLink
rel:world-regime-stagflation:CANDIDATE_LINK:world-stock-xom,2026-06-01,,2026-06-01T21:28:48.313000000Z,neo4j-blind-spot-graph,1,,,2026-06-01,,,,2026-06-01,,,,frontmatter_gap,"Confirm with a fresh signal, pull note, or thesis update that connects the stock to the regime.","Stock has sector exposure to a sector touched by this regime, but no direct stock-regime evidence link exists.",,,,needs_review,,,0.3125,0.25,0,1,2026-06-01T21:29:52.188000000Z,blind-spot-graph,candidate,,,,CANDIDATE_LINK,,0.5,CandidateLink
rel:world-regulation-template-regulation:CANDIDATE_LINK:world-sector-tech,2026-06-01,,2026-06-01T21:28:48.313000000Z,neo4j-blind-spot-graph,1,,,2026-06-01,,,,2026-06-01,,,,frontmatter_gap,"Find a My_Data pull note, market reaction, or source note that confirms sector impact.","Policy or politics item targets this sector, but market-impact evidence has not been confirmed.",,,,needs_review,,,0.865,0.7,1,1,2026-06-01T21:29:52.188000000Z,blind-spot-graph,candidate,,,,CANDIDATE_LINK,,0.5,CandidateLink
