id:ID,asOfDate,canonicalName,country,createdBy,domain,name,nodeType,sector,source_folder,source_path,source_rel_path,source_url,source_vault,status,subdomain,tags,:LABEL
world:company:LEN,2026-06-01,LEN,[[USA]],step_a_company_stock_split,Entities,LEN,Company,[[Consumer Discretionary]],Entities,C:\Users\CaveUser\Documents\Obsidian Vault\World_Machine\Entities\Stocks\LEN.md,Entities/Stocks/LEN.md,obsidian://open?vault=World_Machine&file=Entities%2FStocks%2FLEN.md,World_Machine,Active,Stocks,"[""stock"",""consumer-discretionary"",""housing"",""homebuilders""]",Entity;Company
world:company:LENZ,2026-06-01,LENZ,,step_a_company_stock_split,Entities,LENZ,Company,,,,,,,,,[],Entity;Company
world:company:LFVN,2026-06-01,LFVN,,step_a_company_stock_split,Entities,LFVN,Company,,,,,,,,,[],Entity;Company
world:company:LGIH,2026-06-01,LGIH,,step_a_company_stock_split,Entities,LGIH,Company,,,,,,,,,[],Entity;Company
world:company:LH,2026-06-01,LH,,step_a_company_stock_split,Entities,LH,Company,,,,,,,,,[],Entity;Company
world:company:LHX,2026-06-01,LHX,[[USA]],step_a_company_stock_split,Entities,LHX,Company,[[Aerospace & Defense]],Entities,C:\Users\CaveUser\Documents\Obsidian Vault\World_Machine\Entities\Stocks\LHX.md,Entities/Stocks/LHX.md,obsidian://open?vault=World_Machine&file=Entities%2FStocks%2FLHX.md,World_Machine,Active,Stocks,"[""stock"",""defense"",""drones"",""autonomous"",""counter-drone""]",Entity;Company
world:company:LIFE,2026-06-01,LIFE,,step_a_company_stock_split,Entities,LIFE,Company,,,,,,,,,[],Entity;Company
world:company:LII,2026-06-01,LII,,step_a_company_stock_split,Entities,LII,Company,,,,,,,,,[],Entity;Company
world:company:LILAK,2026-06-01,LILAK,,step_a_company_stock_split,Entities,LILAK,Company,,,,,,,,,[],Entity;Company
world:company:LIN,2026-06-01,LIN,[[USA]],step_a_company_stock_split,Entities,LIN,Company,[[Materials]],Entities,C:\Users\CaveUser\Documents\Obsidian Vault\World_Machine\Entities\Stocks\LIN.md,Entities/Stocks/LIN.md,obsidian://open?vault=World_Machine&file=Entities%2FStocks%2FLIN.md,World_Machine,Active,Stocks,"[""stock"",""materials"",""industrial-gases"",""quality""]",Entity;Company
world:company:LITE,2026-06-01,LITE,,step_a_company_stock_split,Entities,LITE,Company,,,,,,,,,[],Entity;Company
world:company:LIVN,2026-06-01,LIVN,,step_a_company_stock_split,Entities,LIVN,Company,,,,,,,,,[],Entity;Company
world:company:LKFT,2026-06-01,LKFT,,step_a_company_stock_split,Entities,LKFT,Company,,,,,,,,,[],Entity;Company
world:company:LLY,2026-06-01,LLY,[[USA]],step_a_company_stock_split,Entities,LLY,Company,[[Healthcare]],Entities,C:\Users\CaveUser\Documents\Obsidian Vault\World_Machine\Entities\Stocks\LLY.md,Entities/Stocks/LLY.md,obsidian://open?vault=World_Machine&file=Entities%2FStocks%2FLLY.md,World_Machine,Active,Stocks,"[""stock"",""healthcare"",""pharma"",""glp1""]",Entity;Company
world:company:LLYVK,2026-06-01,LLYVK,,step_a_company_stock_split,Entities,LLYVK,Company,,,,,,,,,[],Entity;Company
world:company:LMT,2026-06-01,LMT,[[USA]],step_a_company_stock_split,Entities,LMT,Company,[[Aerospace & Defense]],Entities,C:\Users\CaveUser\Documents\Obsidian Vault\World_Machine\Entities\Stocks\LMT.md,Entities/Stocks/LMT.md,obsidian://open?vault=World_Machine&file=Entities%2FStocks%2FLMT.md,World_Machine,Active,Stocks,"[""stock"",""defense"",""drones"",""military"",""large-cap""]",Entity;Company
world:company:NDLS,2026-06-01,NDLS,,step_a_company_stock_split,Entities,NDLS,Company,,,,,,,,,[],Entity;Company
world:company:LNG,2026-06-01,LNG,,step_a_company_stock_split,Entities,LNG,Company,,,,,,,,,[],Entity;Company
world:company:LNT,2026-06-01,LNT,,step_a_company_stock_split,Entities,LNT,Company,,,,,,,,,[],Entity;Company
world:company:LODE,2026-06-01,LODE,,step_a_company_stock_split,Entities,LODE,Company,,,,,,,,,[],Entity;Company
world:company:LOW,2026-06-01,LOW,,step_a_company_stock_split,Entities,LOW,Company,,,,,,,,,[],Entity;Company
world:company:LPG,2026-06-01,LPG,,step_a_company_stock_split,Entities,LPG,Company,,,,,,,,,[],Entity;Company
world:company:LRCX,2026-06-01,LRCX,,step_a_company_stock_split,Entities,LRCX,Company,,,,,,,,,[],Entity;Company
world:company:LSCC,2026-06-01,LSCC,,step_a_company_stock_split,Entities,LSCC,Company,,,,,,,,,[],Entity;Company
world:company:LTC,2026-06-01,LTC,,step_a_company_stock_split,Entities,LTC,Company,,,,,,,,,[],Entity;Company
world:company:LTRX,2026-06-01,LTRX,,step_a_company_stock_split,Entities,LTRX,Company,,,,,,,,,[],Entity;Company
world:company:LULU,2026-06-01,LULU,,step_a_company_stock_split,Entities,LULU,Company,,,,,,,,,[],Entity;Company
world:company:LUV,2026-06-01,LUV,,step_a_company_stock_split,Entities,LUV,Company,,,,,,,,,[],Entity;Company
world:company:LVLT,2026-06-01,LVLT,,step_a_company_stock_split,Entities,LVLT,Company,,,,,,,,,[],Entity;Company
world:company:LVS,2026-06-01,LVS,,step_a_company_stock_split,Entities,LVS,Company,,,,,,,,,[],Entity;Company
world:company:LWLG,2026-06-01,LWLG,,step_a_company_stock_split,Entities,LWLG,Company,,,,,,,,,[],Entity;Company
world:company:LX,2026-06-01,LX,,step_a_company_stock_split,Entities,LX,Company,,,,,,,,,[],Entity;Company
world:company:LXU,2026-06-01,LXU,,step_a_company_stock_split,Entities,LXU,Company,,,,,,,,,[],Entity;Company
world:company:LYB,2026-06-01,LYB,,step_a_company_stock_split,Entities,LYB,Company,,,,,,,,,[],Entity;Company
world:company:LYV,2026-06-01,LYV,,step_a_company_stock_split,Entities,LYV,Company,,,,,,,,,[],Entity;Company
world:company:MA,2026-06-01,MA,,step_a_company_stock_split,Entities,MA,Company,,,,,,,,,[],Entity;Company
world:company:MAA,2026-06-01,MAA,,step_a_company_stock_split,Entities,MAA,Company,,,,,,,,,[],Entity;Company
world:company:MAC,2026-06-01,MAC,,step_a_company_stock_split,Entities,MAC,Company,,,,,,,,,[],Entity;Company
world:company:MAR,2026-06-01,MAR,,step_a_company_stock_split,Entities,MAR,Company,,,,,,,,,[],Entity;Company
world:company:MAS,2026-06-01,MAS,,step_a_company_stock_split,Entities,MAS,Company,,,,,,,,,[],Entity;Company
world:company:MASI,2026-06-01,MASI,,step_a_company_stock_split,Entities,MASI,Company,,,,,,,,,[],Entity;Company
world:company:MASS,2026-06-01,MASS,,step_a_company_stock_split,Entities,MASS,Company,,,,,,,,,[],Entity;Company
world:company:MAT,2026-06-01,MAT,,step_a_company_stock_split,Entities,MAT,Company,,,,,,,,,[],Entity;Company
world:company:MC,2026-06-01,MC,,step_a_company_stock_split,Entities,MC,Company,,,,,,,,,[],Entity;Company
world:company:MCD,2026-06-01,MCD,,step_a_company_stock_split,Entities,MCD,Company,,,,,,,,,[],Entity;Company
world:company:MCHP,2026-06-01,MCHP,,step_a_company_stock_split,Entities,MCHP,Company,,,,,,,,,[],Entity;Company
world:company:MCK,2026-06-01,MCK,,step_a_company_stock_split,Entities,MCK,Company,,,,,,,,,[],Entity;Company
world:company:MCO,2026-06-01,MCO,,step_a_company_stock_split,Entities,MCO,Company,,,,,,,,,[],Entity;Company
world:company:MCRI,2026-06-01,MCRI,,step_a_company_stock_split,Entities,MCRI,Company,,,,,,,,,[],Entity;Company
world:company:MDB,2026-06-01,MDB,,step_a_company_stock_split,Entities,MDB,Company,,,,,,,,,[],Entity;Company
world:company:MDGL,2026-06-01,MDGL,,step_a_company_stock_split,Entities,MDGL,Company,,,,,,,,,[],Entity;Company
world:company:MDLN,2026-06-01,MDLN,,step_a_company_stock_split,Entities,MDLN,Company,,,,,,,,,[],Entity;Company
world:company:MDLZ,2026-06-01,MDLZ,,step_a_company_stock_split,Entities,MDLZ,Company,,,,,,,,,[],Entity;Company
world:company:MDT,2026-06-01,MDT,,step_a_company_stock_split,Entities,MDT,Company,,,,,,,,,[],Entity;Company
world:company:MEG,2026-06-01,MEG,,step_a_company_stock_split,Entities,MEG,Company,,,,,,,,,[],Entity;Company
world:company:MET,2026-06-01,MET,,step_a_company_stock_split,Entities,MET,Company,,,,,,,,,[],Entity;Company
world:company:MET-PF,2026-06-01,MET-PF,,step_a_company_stock_split,Entities,MET-PF,Company,,,,,,,,,[],Entity;Company
world:company:META,2026-06-01,META,[[USA]],step_a_company_stock_split,Entities,META,Company,[[Communication Services]],Entities,C:\Users\CaveUser\Documents\Obsidian Vault\World_Machine\Entities\Stocks\META.md,Entities/Stocks/META.md,obsidian://open?vault=World_Machine&file=Entities%2FStocks%2FMETA.md,World_Machine,Active,Stocks,"[""stock"",""communication-services"",""social"",""ads""]",Entity;Company
world:company:MFA,2026-06-01,MFA,,step_a_company_stock_split,Entities,MFA,Company,,,,,,,,,[],Entity;Company
world:company:MFIC,2026-06-01,MFIC,,step_a_company_stock_split,Entities,MFIC,Company,,,,,,,,,[],Entity;Company
world:company:MGLD,2026-06-01,MGLD,,step_a_company_stock_split,Entities,MGLD,Company,,,,,,,,,[],Entity;Company
world:company:MGM,2026-06-01,MGM,,step_a_company_stock_split,Entities,MGM,Company,,,,,,,,,[],Entity;Company
world:company:MGNI,2026-06-01,MGNI,,step_a_company_stock_split,Entities,MGNI,Company,,,,,,,,,[],Entity;Company
world:company:MGNX,2026-06-01,MGNX,,step_a_company_stock_split,Entities,MGNX,Company,,,,,,,,,[],Entity;Company
world:company:MIAX,2026-06-01,MIAX,,step_a_company_stock_split,Entities,MIAX,Company,,,,,,,,,[],Entity;Company
world:company:MIN,2026-06-01,MIN,,step_a_company_stock_split,Entities,MIN,Company,,,,,,,,,[],Entity;Company
world:company:MIRM,2026-06-01,MIRM,,step_a_company_stock_split,Entities,MIRM,Company,,,,,,,,,[],Entity;Company
world:company:PSX,2026-06-01,PSX,,step_a_company_stock_split,Entities,PSX,Company,,,,,,,,,[],Entity;Company
world:company:MKC,2026-06-01,MKC,,step_a_company_stock_split,Entities,MKC,Company,,,,,,,,,[],Entity;Company
world:company:MKSI,2026-06-01,MKSI,,step_a_company_stock_split,Entities,MKSI,Company,,,,,,,,,[],Entity;Company
world:company:MKTX,2026-06-01,MKTX,,step_a_company_stock_split,Entities,MKTX,Company,,,,,,,,,[],Entity;Company
world:company:MLM,2026-06-01,MLM,,step_a_company_stock_split,Entities,MLM,Company,,,,,,,,,[],Entity;Company
world:company:MLYS,2026-06-01,MLYS,,step_a_company_stock_split,Entities,MLYS,Company,,,,,,,,,[],Entity;Company
world:company:MMM,2026-06-01,MMM,,step_a_company_stock_split,Entities,MMM,Company,,,,,,,,,[],Entity;Company
world:company:MNSB,2026-06-01,MNSB,,step_a_company_stock_split,Entities,MNSB,Company,,,,,,,,,[],Entity;Company
world:company:MNSO,2026-06-01,MNSO,,step_a_company_stock_split,Entities,MNSO,Company,,,,,,,,,[],Entity;Company
world:company:MNST,2026-06-01,MNST,,step_a_company_stock_split,Entities,MNST,Company,,,,,,,,,[],Entity;Company
world:company:MNTK,2026-06-01,MNTK,,step_a_company_stock_split,Entities,MNTK,Company,,,,,,,,,[],Entity;Company
world:company:MNTS,2026-06-01,MNTS,,step_a_company_stock_split,Entities,MNTS,Company,,,,,,,,,[],Entity;Company
world:company:MO,2026-06-01,MO,,step_a_company_stock_split,Entities,MO,Company,,,,,,,,,[],Entity;Company
world:company:MOG-A,2026-06-01,MOG-A,,step_a_company_stock_split,Entities,MOG-A,Company,,,,,,,,,[],Entity;Company
world:company:MOH,2026-06-01,MOH,,step_a_company_stock_split,Entities,MOH,Company,,,,,,,,,[],Entity;Company
world:company:MOS,2026-06-01,MOS,,step_a_company_stock_split,Entities,MOS,Company,,,,,,,,,[],Entity;Company
world:company:MPC,2026-06-01,MPC,,step_a_company_stock_split,Entities,MPC,Company,,,,,,,,,[],Entity;Company
world:company:MPLX,2026-06-01,MPLX,,step_a_company_stock_split,Entities,MPLX,Company,,,,,,,,,[],Entity;Company
world:company:PLD,2026-06-01,PLD,[[USA]],step_a_company_stock_split,Entities,PLD,Company,[[Real Estate]],Entities,C:\Users\CaveUser\Documents\Obsidian Vault\World_Machine\Entities\Stocks\PLD.md,Entities/Stocks/PLD.md,obsidian://open?vault=World_Machine&file=Entities%2FStocks%2FPLD.md,World_Machine,Active,Stocks,"[""stock"",""real-estate"",""reit"",""logistics""]",Entity;Company
world:company:MPWR,2026-06-01,MPWR,,step_a_company_stock_split,Entities,MPWR,Company,,,,,,,,,[],Entity;Company
world:company:MRAM,2026-06-01,MRAM,,step_a_company_stock_split,Entities,MRAM,Company,,,,,,,,,[],Entity;Company
world:company:MRBK,2026-06-01,MRBK,,step_a_company_stock_split,Entities,MRBK,Company,,,,,,,,,[],Entity;Company
world:company:MRK,2026-06-01,MRK,[[USA]],step_a_company_stock_split,Entities,MRK,Company,[[Healthcare]],Entities,C:\Users\CaveUser\Documents\Obsidian Vault\World_Machine\Entities\Stocks\MRK.md,Entities/Stocks/MRK.md,obsidian://open?vault=World_Machine&file=Entities%2FStocks%2FMRK.md,World_Machine,Active,Stocks,"[""stock"",""healthcare"",""pharma"",""oncology""]",Entity;Company
world:company:MRLN,2026-06-01,MRLN,,step_a_company_stock_split,Entities,MRLN,Company,,,,,,,,,[],Entity;Company
world:company:PM,2026-06-01,PM,,step_a_company_stock_split,Entities,PM,Company,,,,,,,,,[],Entity;Company
world:company:MRSH,2026-06-01,MRSH,,step_a_company_stock_split,Entities,MRSH,Company,,,,,,,,,[],Entity;Company
world:company:MRVL,2026-06-01,MRVL,,step_a_company_stock_split,Entities,MRVL,Company,,,,,,,,,[],Entity;Company
world:company:MS,2026-06-01,MS,,step_a_company_stock_split,Entities,MS,Company,,,,,,,,,[],Entity;Company
world:company:MSCI,2026-06-01,MSCI,,step_a_company_stock_split,Entities,MSCI,Company,,,,,,,,,[],Entity;Company
world:company:MSEX,2026-06-01,MSEX,,step_a_company_stock_split,Entities,MSEX,Company,,,,,,,,,[],Entity;Company
world:company:MSFT,2026-06-01,MSFT,[[USA]],step_a_company_stock_split,Entities,MSFT,Company,[[Tech Sector]],Entities,C:\Users\CaveUser\Documents\Obsidian Vault\World_Machine\Entities\Stocks\MSFT.md,Entities/Stocks/MSFT.md,obsidian://open?vault=World_Machine&file=Entities%2FStocks%2FMSFT.md,World_Machine,Active,Stocks,"[""stock"",""tech"",""software"",""cloud""]",Entity;Company
world:company:MSFT.NE,2026-06-01,MSFT.NE,,step_a_company_stock_split,Entities,MSFT.NE,Company,,,,,,,,,[],Entity;Company
world:company:MSI,2026-06-01,MSI,,step_a_company_stock_split,Entities,MSI,Company,,,,,,,,,[],Entity;Company
world:company:MSM,2026-06-01,MSM,,step_a_company_stock_split,Entities,MSM,Company,,,,,,,,,[],Entity;Company
world:company:MSTR,2026-06-01,MSTR,,step_a_company_stock_split,Entities,MSTR,Company,,,,,,,,,[],Entity;Company
world:company:MTB,2026-06-01,MTB,,step_a_company_stock_split,Entities,MTB,Company,,,,,,,,,[],Entity;Company
world:company:MTD,2026-06-01,MTD,,step_a_company_stock_split,Entities,MTD,Company,,,,,,,,,[],Entity;Company
world:company:MTDR,2026-06-01,MTDR,,step_a_company_stock_split,Entities,MTDR,Company,,,,,,,,,[],Entity;Company
world:company:MTH,2026-06-01,MTH,,step_a_company_stock_split,Entities,MTH,Company,,,,,,,,,[],Entity;Company
world:company:MTN,2026-06-01,MTN,,step_a_company_stock_split,Entities,MTN,Company,,,,,,,,,[],Entity;Company
world:company:MTRX,2026-06-01,MTRX,,step_a_company_stock_split,Entities,MTRX,Company,,,,,,,,,[],Entity;Company
world:company:MTSI,2026-06-01,MTSI,,step_a_company_stock_split,Entities,MTSI,Company,,,,,,,,,[],Entity;Company
world:company:MTZ,2026-06-01,MTZ,[[USA]],step_a_company_stock_split,Entities,MTZ,Company,[[Industrials]],Entities,C:\Users\CaveUser\Documents\Obsidian Vault\World_Machine\Entities\Stocks\MTZ.md,Entities/Stocks/MTZ.md,obsidian://open?vault=World_Machine&file=Entities%2FStocks%2FMTZ.md,World_Machine,Active,Stocks,"[""stock"",""industrials"",""grid"",""infrastructure"",""contractor""]",Entity;Company
world:company:MU,2026-06-01,MU,,step_a_company_stock_split,Entities,MU,Company,,,,,,,,,[],Entity;Company
world:company:MUFG,2026-06-01,MUFG,,step_a_company_stock_split,Entities,MUFG,Company,,,,,,,,,[],Entity;Company
world:company:SKLZ,2026-06-01,SKLZ,,step_a_company_stock_split,Entities,SKLZ,Company,,,,,,,,,[],Entity;Company
world:company:SKWD,2026-06-01,SKWD,,step_a_company_stock_split,Entities,SKWD,Company,,,,,,,,,[],Entity;Company
world:company:SKY,2026-06-01,SKY,,step_a_company_stock_split,Entities,SKY,Company,,,,,,,,,[],Entity;Company
world:company:SKYT,2026-06-01,SKYT,,step_a_company_stock_split,Entities,SKYT,Company,,,,,,,,,[],Entity;Company
world:company:RVTY,2026-06-01,RVTY,,step_a_company_stock_split,Entities,RVTY,Company,,,,,,,,,[],Entity;Company
world:company:SLB,2026-06-01,SLB,[[USA]],step_a_company_stock_split,Entities,SLB,Company,[[Energy]],Entities,C:\Users\CaveUser\Documents\Obsidian Vault\World_Machine\Entities\Stocks\SLB.md,Entities/Stocks/SLB.md,obsidian://open?vault=World_Machine&file=Entities%2FStocks%2FSLB.md,World_Machine,Active,Stocks,"[""stock"",""energy"",""oil-services"",""capex""]",Entity;Company
world:company:SLGL,2026-06-01,SLGL,,step_a_company_stock_split,Entities,SLGL,Company,,,,,,,,,[],Entity;Company
world:company:REPL,2026-06-01,REPL,,step_a_company_stock_split,Entities,REPL,Company,,,,,,,,,[],Entity;Company
world:company:SLNO,2026-06-01,SLNO,,step_a_company_stock_split,Entities,SLNO,Company,,,,,,,,,[],Entity;Company
world:company:SLV,2026-06-01,SLV,,step_a_company_stock_split,Entities,SLV,Company,,,,,,,,,[],Entity;Company
world:company:RMD,2026-06-01,RMD,,step_a_company_stock_split,Entities,RMD,Company,,,,,,,,,[],Entity;Company
world:company:SLVM,2026-06-01,SLVM,,step_a_company_stock_split,Entities,SLVM,Company,,,,,,,,,[],Entity;Company
world:company:SMA,2026-06-01,SMA,,step_a_company_stock_split,Entities,SMA,Company,,,,,,,,,[],Entity;Company
world:company:SMH,2026-06-01,SMH,,step_a_company_stock_split,Entities,SMH,Company,,,,,,,,,[],Entity;Company
world:company:AA,2026-06-01,AA,,step_a_company_stock_split,Entities,AA,Company,,,,,,,,,[],Entity;Company
world:company:SMCI,2026-06-01,SMCI,,step_a_company_stock_split,Entities,SMCI,Company,,,,,,,,,[],Entity;Company
world:company:SMCX,2026-06-01,SMCX,,step_a_company_stock_split,Entities,SMCX,Company,,,,,,,,,[],Entity;Company
world:company:SMJF,2026-06-01,SMJF,,step_a_company_stock_split,Entities,SMJF,Company,,,,,,,,,[],Entity;Company
world:company:SMPL,2026-06-01,SMPL,,step_a_company_stock_split,Entities,SMPL,Company,,,,,,,,,[],Entity;Company
world:company:SMR,2026-06-01,SMR,,step_a_company_stock_split,Entities,SMR,Company,,,,,,,,,[],Entity;Company
world:company:SMRT,2026-06-01,SMRT,,step_a_company_stock_split,Entities,SMRT,Company,,,,,,,,,[],Entity;Company
world:company:SNA,2026-06-01,SNA,,step_a_company_stock_split,Entities,SNA,Company,,,,,,,,,[],Entity;Company
world:company:NCSM,2026-06-01,NCSM,,step_a_company_stock_split,Entities,NCSM,Company,,,,,,,,,[],Entity;Company
world:company:SNDX,2026-06-01,SNDX,,step_a_company_stock_split,Entities,SNDX,Company,,,,,,,,,[],Entity;Company
world:company:SNDK,2026-06-01,SNDK,,step_a_company_stock_split,Entities,SNDK,Company,,,,,,,,,[],Entity;Company
world:company:SNPS,2026-06-01,SNPS,,step_a_company_stock_split,Entities,SNPS,Company,,,,,,,,,[],Entity;Company
world:company:RLJ,2026-06-01,RLJ,,step_a_company_stock_split,Entities,RLJ,Company,,,,,,,,,[],Entity;Company
world:company:SO,2026-06-01,SO,,step_a_company_stock_split,Entities,SO,Company,,,,,,,,,[],Entity;Company
world:company:SBAC,2026-06-01,SBAC,,step_a_company_stock_split,Entities,SBAC,Company,,,,,,,,,[],Entity;Company
world:company:SOC,2026-06-01,SOC,,step_a_company_stock_split,Entities,SOC,Company,,,,,,,,,[],Entity;Company
world:company:SOFI,2026-06-01,SOFI,,step_a_company_stock_split,Entities,SOFI,Company,,,,,,,,,[],Entity;Company
world:company:NXDR,2026-06-01,NXDR,,step_a_company_stock_split,Entities,NXDR,Company,,,,,,,,,[],Entity;Company
world:company:SOLV,2026-06-01,SOLV,,step_a_company_stock_split,Entities,SOLV,Company,,,,,,,,,[],Entity;Company
world:company:SON,2026-06-01,SON,,step_a_company_stock_split,Entities,SON,Company,,,,,,,,,[],Entity;Company
world:company:SOUN,2026-06-01,SOUN,,step_a_company_stock_split,Entities,SOUN,Company,,,,,,,,,[],Entity;Company
world:company:RMBI,2026-06-01,RMBI,,step_a_company_stock_split,Entities,RMBI,Company,,,,,,,,,[],Entity;Company
world:company:SOXX,2026-06-01,SOXX,,step_a_company_stock_split,Entities,SOXX,Company,,,,,,,,,[],Entity;Company
world:company:SPAI,2026-06-01,SPAI,,step_a_company_stock_split,Entities,SPAI,Company,,,,,,,,,[],Entity;Company
world:company:SPB,2026-06-01,SPB,,step_a_company_stock_split,Entities,SPB,Company,,,,,,,,,[],Entity;Company
world:company:SPCE,2026-06-01,SPCE,,step_a_company_stock_split,Entities,SPCE,Company,,,,,,,,,[],Entity;Company
world:company:AAPL,2026-06-01,AAPL,[[USA]],step_a_company_stock_split,Entities,AAPL,Company,[[Tech Sector]],Entities,C:\Users\CaveUser\Documents\Obsidian Vault\World_Machine\Entities\Stocks\AAPL.md,Entities/Stocks/AAPL.md,obsidian://open?vault=World_Machine&file=Entities%2FStocks%2FAAPL.md,World_Machine,Active,Stocks,"[""stock""]",Entity;Company
world:company:SPEM,2026-06-01,SPEM,,step_a_company_stock_split,Entities,SPEM,Company,,,,,,,,,[],Entity;Company
world:company:SPG,2026-06-01,SPG,,step_a_company_stock_split,Entities,SPG,Company,,,,,,,,,[],Entity;Company
world:company:SPGI,2026-06-01,SPGI,,step_a_company_stock_split,Entities,SPGI,Company,,,,,,,,,[],Entity;Company
world:company:SPRO,2026-06-01,SPRO,,step_a_company_stock_split,Entities,SPRO,Company,,,,,,,,,[],Entity;Company
world:company:SPIR,2026-06-01,SPIR,,step_a_company_stock_split,Entities,SPIR,Company,,,,,,,,,[],Entity;Company
world:company:SPXC,2026-06-01,SPXC,,step_a_company_stock_split,Entities,SPXC,Company,,,,,,,,,[],Entity;Company
world:company:SPY,2026-06-01,SPY,,step_a_company_stock_split,Entities,SPY,Company,,,,,,,,,[],Entity;Company
world:company:SPYG,2026-06-01,SPYG,,step_a_company_stock_split,Entities,SPYG,Company,,,,,,,,,[],Entity;Company
world:company:ABBV,2026-06-01,ABBV,[[USA]],step_a_company_stock_split,Entities,ABBV,Company,[[Healthcare]],Entities,C:\Users\CaveUser\Documents\Obsidian Vault\World_Machine\Entities\Stocks\ABBV.md,Entities/Stocks/ABBV.md,obsidian://open?vault=World_Machine&file=Entities%2FStocks%2FABBV.md,World_Machine,Active,Stocks,"[""stock"",""pharma"",""mental-health"",""psychedelics""]",Entity;Company
world:company:SR,2026-06-01,SR,,step_a_company_stock_split,Entities,SR,Company,,,,,,,,,[],Entity;Company
world:company:SRBK,2026-06-01,SRBK,,step_a_company_stock_split,Entities,SRBK,Company,,,,,,,,,[],Entity;Company
world:company:SRE,2026-06-01,SRE,,step_a_company_stock_split,Entities,SRE,Company,,,,,,,,,[],Entity;Company
world:company:SRI,2026-06-01,SRI,,step_a_company_stock_split,Entities,SRI,Company,,,,,,,,,[],Entity;Company
world:company:SRPT,2026-06-01,SRPT,,step_a_company_stock_split,Entities,SRPT,Company,,,,,,,,,[],Entity;Company
world:company:SSRM,2026-06-01,SSRM,,step_a_company_stock_split,Entities,SSRM,Company,,,,,,,,,[],Entity;Company
world:company:SSSS,2026-06-01,SSSS,,step_a_company_stock_split,Entities,SSSS,Company,,,,,,,,,[],Entity;Company
world:company:STAA,2026-06-01,STAA,,step_a_company_stock_split,Entities,STAA,Company,,,,,,,,,[],Entity;Company
world:company:STE,2026-06-01,STE,,step_a_company_stock_split,Entities,STE,Company,,,,,,,,,[],Entity;Company
world:company:STEM,2026-06-01,STEM,,step_a_company_stock_split,Entities,STEM,Company,,,,,,,,,[],Entity;Company
world:company:GORO,2026-06-01,GORO,,step_a_company_stock_split,Entities,GORO,Company,,,,,,,,,[],Entity;Company
world:company:STGW,2026-06-01,STGW,,step_a_company_stock_split,Entities,STGW,Company,,,,,,,,,[],Entity;Company
world:company:STIM,2026-06-01,STIM,[[USA]],step_a_company_stock_split,Entities,STIM,Company,[[Healthcare]],Entities,C:\Users\CaveUser\Documents\Obsidian Vault\World_Machine\Entities\Stocks\STIM.md,Entities/Stocks/STIM.md,obsidian://open?vault=World_Machine&file=Entities%2FStocks%2FSTIM.md,World_Machine,Active,Stocks,"[""stock"",""mental-health"",""medtech""]",Entity;Company
world:company:STLD,2026-06-01,STLD,,step_a_company_stock_split,Entities,STLD,Company,,,,,,,,,[],Entity;Company
world:company:STOK,2026-06-01,STOK,,step_a_company_stock_split,Entities,STOK,Company,,,,,,,,,[],Entity;Company
world:company:STRA,2026-06-01,STRA,,step_a_company_stock_split,Entities,STRA,Company,,,,,,,,,[],Entity;Company
world:company:STRL,2026-06-01,STRL,[[USA]],step_a_company_stock_split,Entities,STRL,Company,[[Industrials]],Entities,C:\Users\CaveUser\Documents\Obsidian Vault\World_Machine\Entities\Stocks\STRL.md,Entities/Stocks/STRL.md,obsidian://open?vault=World_Machine&file=Entities%2FStocks%2FSTRL.md,World_Machine,Active,Stocks,"[""stock"",""industrials"",""data-centers"",""infrastructure"",""contractor""]",Entity;Company
world:company:STRO,2026-06-01,STRO,,step_a_company_stock_split,Entities,STRO,Company,,,,,,,,,[],Entity;Company
world:company:STRS,2026-06-01,STRS,,step_a_company_stock_split,Entities,STRS,Company,,,,,,,,,[],Entity;Company
world:company:STT,2026-06-01,STT,,step_a_company_stock_split,Entities,STT,Company,,,,,,,,,[],Entity;Company
world:company:STX,2026-06-01,STX,,step_a_company_stock_split,Entities,STX,Company,,,,,,,,,[],Entity;Company
world:company:ABNB,2026-06-01,ABNB,,step_a_company_stock_split,Entities,ABNB,Company,,,,,,,,,[],Entity;Company
world:company:STZ,2026-06-01,STZ,,step_a_company_stock_split,Entities,STZ,Company,,,,,,,,,[],Entity;Company
world:company:SUNS,2026-06-01,SUNS,,step_a_company_stock_split,Entities,SUNS,Company,,,,,,,,,[],Entity;Company
world:company:SUPN,2026-06-01,SUPN,[[USA]],step_a_company_stock_split,Entities,SUPN,Company,[[Healthcare]],Entities,C:\Users\CaveUser\Documents\Obsidian Vault\World_Machine\Entities\Stocks\SUPN.md,Entities/Stocks/SUPN.md,obsidian://open?vault=World_Machine&file=Entities%2FStocks%2FSUPN.md,World_Machine,Active,Stocks,"[""stock"",""biotech"",""mental-health""]",Entity;Company
world:company:SUUN,2026-06-01,SUUN,,step_a_company_stock_split,Entities,SUUN,Company,,,,,,,,,[],Entity;Company
world:company:SVC,2026-06-01,SVC,,step_a_company_stock_split,Entities,SVC,Company,,,,,,,,,[],Entity;Company
world:company:SW,2026-06-01,SW,,step_a_company_stock_split,Entities,SW,Company,,,,,,,,,[],Entity;Company
world:company:SWK,2026-06-01,SWK,,step_a_company_stock_split,Entities,SWK,Company,,,,,,,,,[],Entity;Company
world:company:SWKH,2026-06-01,SWKH,,step_a_company_stock_split,Entities,SWKH,Company,,,,,,,,,[],Entity;Company
world:company:SWKS,2026-06-01,SWKS,,step_a_company_stock_split,Entities,SWKS,Company,,,,,,,,,[],Entity;Company
world:company:SXT,2026-06-01,SXT,,step_a_company_stock_split,Entities,SXT,Company,,,,,,,,,[],Entity;Company
world:company:ABR,2026-06-01,ABR,,step_a_company_stock_split,Entities,ABR,Company,,,,,,,,,[],Entity;Company
world:company:SY,2026-06-01,SY,,step_a_company_stock_split,Entities,SY,Company,,,,,,,,,[],Entity;Company
world:company:SYF,2026-06-01,SYF,,step_a_company_stock_split,Entities,SYF,Company,,,,,,,,,[],Entity;Company
world:company:SYK,2026-06-01,SYK,,step_a_company_stock_split,Entities,SYK,Company,,,,,,,,,[],Entity;Company
world:company:SYM,2026-06-01,SYM,,step_a_company_stock_split,Entities,SYM,Company,,,,,,,,,[],Entity;Company
world:company:SYY,2026-06-01,SYY,,step_a_company_stock_split,Entities,SYY,Company,,,,,,,,,[],Entity;Company
world:company:T,2026-06-01,T,,step_a_company_stock_split,Entities,T,Company,,,,,,,,,[],Entity;Company
world:company:TALK,2026-06-01,TALK,,step_a_company_stock_split,Entities,TALK,Company,,,,,,,,,[],Entity;Company
world:company:TAP,2026-06-01,TAP,,step_a_company_stock_split,Entities,TAP,Company,,,,,,,,,[],Entity;Company
world:company:TAYD,2026-06-01,TAYD,,step_a_company_stock_split,Entities,TAYD,Company,,,,,,,,,[],Entity;Company
world:company:NFLX,2026-06-01,NFLX,[[USA]],step_a_company_stock_split,Entities,NFLX,Company,[[Communication Services]],Entities,C:\Users\CaveUser\Documents\Obsidian Vault\World_Machine\Entities\Stocks\NFLX.md,Entities/Stocks/NFLX.md,obsidian://open?vault=World_Machine&file=Entities%2FStocks%2FNFLX.md,World_Machine,Active,Stocks,"[""stock"",""communication-services"",""streaming"",""media""]",Entity;Company
world:company:TBCH,2026-06-01,TBCH,,step_a_company_stock_split,Entities,TBCH,Company,,,,,,,,,[],Entity;Company
world:company:TBLA,2026-06-01,TBLA,,step_a_company_stock_split,Entities,TBLA,Company,,,,,,,,,[],Entity;Company
world:company:TCI,2026-06-01,TCI,,step_a_company_stock_split,Entities,TCI,Company,,,,,,,,,[],Entity;Company
world:company:TDG,2026-06-01,TDG,,step_a_company_stock_split,Entities,TDG,Company,,,,,,,,,[],Entity;Company
world:company:TDY,2026-06-01,TDY,[[USA]],step_a_company_stock_split,Entities,TDY,Company,[[Aerospace & Defense]],Entities,C:\Users\CaveUser\Documents\Obsidian Vault\World_Machine\Entities\Stocks\TDY.md,Entities/Stocks/TDY.md,obsidian://open?vault=World_Machine&file=Entities%2FStocks%2FTDY.md,World_Machine,Active,Stocks,"[""stock"",""defense"",""drones"",""sensors"",""flir""]",Entity;Company
world:company:TEL,2026-06-01,TEL,,step_a_company_stock_split,Entities,TEL,Company,,,,,,,,,[],Entity;Company
world:company:TENB,2026-06-01,TENB,,step_a_company_stock_split,Entities,TENB,Company,,,,,,,,,[],Entity;Company
world:company:TENX,2026-06-01,TENX,,step_a_company_stock_split,Entities,TENX,Company,,,,,,,,,[],Entity;Company
world:company:TER,2026-06-01,TER,,step_a_company_stock_split,Entities,TER,Company,,,,,,,,,[],Entity;Company
world:company:TFC,2026-06-01,TFC,,step_a_company_stock_split,Entities,TFC,Company,,,,,,,,,[],Entity;Company
world:company:NVST,2026-06-01,NVST,,step_a_company_stock_split,Entities,NVST,Company,,,,,,,,,[],Entity;Company
world:company:TFIN,2026-06-01,TFIN,,step_a_company_stock_split,Entities,TFIN,Company,,,,,,,,,[],Entity;Company
world:company:TGT,2026-06-01,TGT,,step_a_company_stock_split,Entities,TGT,Company,,,,,,,,,[],Entity;Company
world:company:THAR,2026-06-01,THAR,,step_a_company_stock_split,Entities,THAR,Company,,,,,,,,,[],Entity;Company
world:company:THO,2026-06-01,THO,,step_a_company_stock_split,Entities,THO,Company,,,,,,,,,[],Entity;Company
world:company:THR,2026-06-01,THR,,step_a_company_stock_split,Entities,THR,Company,,,,,,,,,[],Entity;Company
world:company:THRY,2026-06-01,THRY,,step_a_company_stock_split,Entities,THRY,Company,,,,,,,,,[],Entity;Company
world:company:TITN,2026-06-01,TITN,,step_a_company_stock_split,Entities,TITN,Company,,,,,,,,,[],Entity;Company
world:company:TJX,2026-06-01,TJX,,step_a_company_stock_split,Entities,TJX,Company,,,,,,,,,[],Entity;Company
world:company:TK,2026-06-01,TK,,step_a_company_stock_split,Entities,TK,Company,,,,,,,,,[],Entity;Company
world:company:TKO,2026-06-01,TKO,,step_a_company_stock_split,Entities,TKO,Company,,,,,,,,,[],Entity;Company
world:company:HAL,2026-06-01,HAL,,step_a_company_stock_split,Entities,HAL,Company,,,,,,,,,[],Entity;Company
world:company:TLRY,2026-06-01,TLRY,,step_a_company_stock_split,Entities,TLRY,Company,,,,,,,,,[],Entity;Company
world:company:TLT,2026-06-01,TLT,,step_a_company_stock_split,Entities,TLT,Company,,,,,,,,,[],Entity;Company
world:company:TLYS,2026-06-01,TLYS,,step_a_company_stock_split,Entities,TLYS,Company,,,,,,,,,[],Entity;Company
world:company:TMDX,2026-06-01,TMDX,,step_a_company_stock_split,Entities,TMDX,Company,,,,,,,,,[],Entity;Company
world:company:TMHC,2026-06-01,TMHC,,step_a_company_stock_split,Entities,TMHC,Company,,,,,,,,,[],Entity;Company
world:company:TMO,2026-06-01,TMO,,step_a_company_stock_split,Entities,TMO,Company,,,,,,,,,[],Entity;Company
world:company:TNC,2026-06-01,TNC,[[USA]],step_a_company_stock_split,Entities,TNC,Company,[[Industrials]],Entities,C:\Users\CaveUser\Documents\Obsidian Vault\World_Machine\Entities\Stocks\TNC.md,Entities/Stocks/TNC.md,obsidian://open?vault=World_Machine&file=Entities%2FStocks%2FTNC.md,World_Machine,Active,Stocks,"[""stock"",""smallcap"",""industrials""]",Entity;Company
world:company:TNET,2026-06-01,TNET,,step_a_company_stock_split,Entities,TNET,Company,,,,,,,,,[],Entity;Company
world:company:ABT,2026-06-01,ABT,,step_a_company_stock_split,Entities,ABT,Company,,,,,,,,,[],Entity;Company
world:company:TOL,2026-06-01,TOL,,step_a_company_stock_split,Entities,TOL,Company,,,,,,,,,[],Entity;Company
world:company:TPB,2026-06-01,TPB,,step_a_company_stock_split,Entities,TPB,Company,,,,,,,,,[],Entity;Company
world:company:TPC,2026-06-01,TPC,,step_a_company_stock_split,Entities,TPC,Company,,,,,,,,,[],Entity;Company
world:company:TPL,2026-06-01,TPL,,step_a_company_stock_split,Entities,TPL,Company,,,,,,,,,[],Entity;Company
world:company:TPR,2026-06-01,TPR,,step_a_company_stock_split,Entities,TPR,Company,,,,,,,,,[],Entity;Company
world:company:TPVG,2026-06-01,TPVG,,step_a_company_stock_split,Entities,TPVG,Company,,,,,,,,,[],Entity;Company
world:company:TRGP,2026-06-01,TRGP,,step_a_company_stock_split,Entities,TRGP,Company,,,,,,,,,[],Entity;Company
world:company:TRIB,2026-06-01,TRIB,,step_a_company_stock_split,Entities,TRIB,Company,,,,,,,,,[],Entity;Company
world:company:TRIN,2026-06-01,TRIN,,step_a_company_stock_split,Entities,TRIN,Company,,,,,,,,,[],Entity;Company
world:company:PRTA,2026-06-01,PRTA,,step_a_company_stock_split,Entities,PRTA,Company,,,,,,,,,[],Entity;Company
world:company:TRIP,2026-06-01,TRIP,,step_a_company_stock_split,Entities,TRIP,Company,,,,,,,,,[],Entity;Company
world:company:TRMB,2026-06-01,TRMB,,step_a_company_stock_split,Entities,TRMB,Company,,,,,,,,,[],Entity;Company
world:company:SCHL,2026-06-01,SCHL,,step_a_company_stock_split,Entities,SCHL,Company,,,,,,,,,[],Entity;Company
world:company:TRON,2026-06-01,TRON,,step_a_company_stock_split,Entities,TRON,Company,,,,,,,,,[],Entity;Company
world:company:TROW,2026-06-01,TROW,,step_a_company_stock_split,Entities,TROW,Company,,,,,,,,,[],Entity;Company
world:company:TROX,2026-06-01,TROX,,step_a_company_stock_split,Entities,TROX,Company,,,,,,,,,[],Entity;Company
world:company:PKOH,2026-06-01,PKOH,,step_a_company_stock_split,Entities,PKOH,Company,,,,,,,,,[],Entity;Company
world:company:TRT,2026-06-01,TRT,,step_a_company_stock_split,Entities,TRT,Company,,,,,,,,,[],Entity;Company
world:company:TRUP,2026-06-01,TRUP,,step_a_company_stock_split,Entities,TRUP,Company,,,,,,,,,[],Entity;Company
world:company:SHO,2026-06-01,SHO,,step_a_company_stock_split,Entities,SHO,Company,,,,,,,,,[],Entity;Company
world:company:TRV,2026-06-01,TRV,,step_a_company_stock_split,Entities,TRV,Company,,,,,,,,,[],Entity;Company
world:company:TSCO,2026-06-01,TSCO,,step_a_company_stock_split,Entities,TSCO,Company,,,,,,,,,[],Entity;Company
world:company:TSLA,2026-06-01,TSLA,[[USA]],step_a_company_stock_split,Entities,TSLA,Company,[[Consumer Discretionary]],Entities,C:\Users\CaveUser\Documents\Obsidian Vault\World_Machine\Entities\Stocks\TSLA.md,Entities/Stocks/TSLA.md,obsidian://open?vault=World_Machine&file=Entities%2FStocks%2FTSLA.md,World_Machine,Active,Stocks,"[""stock""]",Entity;Company
world:company:TSLA.NE,2026-06-01,TSLA.NE,,step_a_company_stock_split,Entities,TSLA.NE,Company,,,,,,,,,[],Entity;Company
world:company:TSN,2026-06-01,TSN,,step_a_company_stock_split,Entities,TSN,Company,,,,,,,,,[],Entity;Company
world:company:TSLX,2026-06-01,TSLX,,step_a_company_stock_split,Entities,TSLX,Company,,,,,,,,,[],Entity;Company
world:company:TSQ,2026-06-01,TSQ,,step_a_company_stock_split,Entities,TSQ,Company,,,,,,,,,[],Entity;Company
world:company:ABUS,2026-06-01,ABUS,,step_a_company_stock_split,Entities,ABUS,Company,,,,,,,,,[],Entity;Company
world:company:TT,2026-06-01,TT,,step_a_company_stock_split,Entities,TT,Company,,,,,,,,,[],Entity;Company
world:company:TTD,2026-06-01,TTD,,step_a_company_stock_split,Entities,TTD,Company,,,,,,,,,[],Entity;Company
world:company:TTWO,2026-06-01,TTWO,,step_a_company_stock_split,Entities,TTWO,Company,,,,,,,,,[],Entity;Company
world:company:TW,2026-06-01,TW,,step_a_company_stock_split,Entities,TW,Company,,,,,,,,,[],Entity;Company
world:company:RS,2026-06-01,RS,,step_a_company_stock_split,Entities,RS,Company,,,,,,,,,[],Entity;Company
world:company:TWFG,2026-06-01,TWFG,,step_a_company_stock_split,Entities,TWFG,Company,,,,,,,,,[],Entity;Company
world:company:TWLO,2026-06-01,TWLO,,step_a_company_stock_split,Entities,TWLO,Company,,,,,,,,,[],Entity;Company
world:company:TWO,2026-06-01,TWO,,step_a_company_stock_split,Entities,TWO,Company,,,,,,,,,[],Entity;Company
world:company:ACAD,2026-06-01,ACAD,,step_a_company_stock_split,Entities,ACAD,Company,,,,,,,,,[],Entity;Company
world:company:TWST,2026-06-01,TWST,,step_a_company_stock_split,Entities,TWST,Company,,,,,,,,,[],Entity;Company
world:company:RWAY,2026-06-01,RWAY,,step_a_company_stock_split,Entities,RWAY,Company,,,,,,,,,[],Entity;Company
world:company:RF,2026-06-01,RF,,step_a_company_stock_split,Entities,RF,Company,,,,,,,,,[],Entity;Company
world:company:TXN,2026-06-01,TXN,,step_a_company_stock_split,Entities,TXN,Company,,,,,,,,,[],Entity;Company
world:company:TXT,2026-06-01,TXT,[[USA]],step_a_company_stock_split,Entities,TXT,Company,[[Aerospace & Defense]],Entities,C:\Users\CaveUser\Documents\Obsidian Vault\World_Machine\Entities\Stocks\TXT.md,Entities/Stocks/TXT.md,obsidian://open?vault=World_Machine&file=Entities%2FStocks%2FTXT.md,World_Machine,Active,Stocks,"[""stock"",""defense"",""drones"",""uas-platforms""]",Entity;Company
world:company:TYL,2026-06-01,TYL,,step_a_company_stock_split,Entities,TYL,Company,,,,,,,,,[],Entity;Company
world:company:TYRA,2026-06-01,TYRA,,step_a_company_stock_split,Entities,TYRA,Company,,,,,,,,,[],Entity;Company
world:company:RKLB,2026-06-01,RKLB,,step_a_company_stock_split,Entities,RKLB,Company,,,,,,,,,[],Entity;Company
world:company:ACGL,2026-06-01,ACGL,,step_a_company_stock_split,Entities,ACGL,Company,,,,,,,,,[],Entity;Company
world:company:TZOO,2026-06-01,TZOO,,step_a_company_stock_split,Entities,TZOO,Company,,,,,,,,,[],Entity;Company
world:company:UAL,2026-06-01,UAL,,step_a_company_stock_split,Entities,UAL,Company,,,,,,,,,[],Entity;Company
world:company:UAMY,2026-06-01,UAMY,,step_a_company_stock_split,Entities,UAMY,Company,,,,,,,,,[],Entity;Company
world:company:UBFO,2026-06-01,UBFO,,step_a_company_stock_split,Entities,UBFO,Company,,,,,,,,,[],Entity;Company
world:company:UBER,2026-06-01,UBER,,step_a_company_stock_split,Entities,UBER,Company,,,,,,,,,[],Entity;Company
world:company:SEVN,2026-06-01,SEVN,,step_a_company_stock_split,Entities,SEVN,Company,,,,,,,,,[],Entity;Company
world:company:UDR,2026-06-01,UDR,,step_a_company_stock_split,Entities,UDR,Company,,,,,,,,,[],Entity;Company
world:company:ACHR,2026-06-01,ACHR,[[USA]],step_a_company_stock_split,Entities,ACHR,Company,[[Industrials]],Entities,C:\Users\CaveUser\Documents\Obsidian Vault\World_Machine\Entities\Stocks\ACHR.md,Entities/Stocks/ACHR.md,obsidian://open?vault=World_Machine&file=Entities%2FStocks%2FACHR.md,World_Machine,Active,Stocks,"[""stock"",""evtol"",""drones"",""air-mobility""]",Entity;Company
world:company:UG,2026-06-01,UG,,step_a_company_stock_split,Entities,UG,Company,,,,,,,,,[],Entity;Company
world:company:UFPT,2026-06-01,UFPT,[[USA]],step_a_company_stock_split,Entities,UFPT,Company,[[Healthcare]],Entities,C:\Users\CaveUser\Documents\Obsidian Vault\World_Machine\Entities\Stocks\UFPT.md,Entities/Stocks/UFPT.md,obsidian://open?vault=World_Machine&file=Entities%2FStocks%2FUFPT.md,World_Machine,Active,Stocks,"[""stock"",""smallcap"",""healthcare"",""medtech"",""special-situations""]",Entity;Company
world:company:UK,2026-06-01,UK,,step_a_company_stock_split,Entities,UK,Company,,,,,,,,,[],Entity;Company
world:company:UHS,2026-06-01,UHS,,step_a_company_stock_split,Entities,UHS,Company,,,,,,,,,[],Entity;Company
world:company:ULTA,2026-06-01,ULTA,,step_a_company_stock_split,Entities,ULTA,Company,,,,,,,,,[],Entity;Company
world:company:UMAC,2026-06-01,UMAC,[[USA]],step_a_company_stock_split,Entities,UMAC,Company,[[Aerospace & Defense]],Entities,C:\Users\CaveUser\Documents\Obsidian Vault\World_Machine\Entities\Stocks\UMAC.md,Entities/Stocks/UMAC.md,obsidian://open?vault=World_Machine&file=Entities%2FStocks%2FUMAC.md,World_Machine,Active,Stocks,"[""stock"",""defense"",""drones"",""fpv"",""consumer""]",Entity;Company
world:company:UNB,2026-06-01,UNB,,step_a_company_stock_split,Entities,UNB,Company,,,,,,,,,[],Entity;Company
world:company:OCFC,2026-06-01,OCFC,,step_a_company_stock_split,Entities,OCFC,Company,,,,,,,,,[],Entity;Company
world:company:UNH,2026-06-01,UNH,,step_a_company_stock_split,Entities,UNH,Company,,,,,,,,,[],Entity;Company
world:company:UNP,2026-06-01,UNP,,step_a_company_stock_split,Entities,UNP,Company,,,,,,,,,[],Entity;Company
world:company:UNTY,2026-06-01,UNTY,,step_a_company_stock_split,Entities,UNTY,Company,,,,,,,,,[],Entity;Company
world:company:UPS,2026-06-01,UPS,,step_a_company_stock_split,Entities,UPS,Company,,,,,,,,,[],Entity;Company
world:company:UPXI,2026-06-01,UPXI,,step_a_company_stock_split,Entities,UPXI,Company,,,,,,,,,[],Entity;Company
world:company:URI,2026-06-01,URI,,step_a_company_stock_split,Entities,URI,Company,,,,,,,,,[],Entity;Company
world:company:USAR,2026-06-01,USAR,,step_a_company_stock_split,Entities,USAR,Company,,,,,,,,,[],Entity;Company
world:company:ACI,2026-06-01,ACI,,step_a_company_stock_split,Entities,ACI,Company,,,,,,,,,[],Entity;Company
world:company:USA,2026-06-01,USA,,step_a_company_stock_split,Entities,USA,Company,,,,,,,,,[],Entity;Company
world:company:REX,2026-06-01,REX,,step_a_company_stock_split,Entities,REX,Company,,,,,,,,,[],Entity;Company
world:company:USAU,2026-06-01,USAU,,step_a_company_stock_split,Entities,USAU,Company,,,,,,,,,[],Entity;Company
world:company:USEA,2026-06-01,USEA,,step_a_company_stock_split,Entities,USEA,Company,,,,,,,,,[],Entity;Company
world:company:USB,2026-06-01,USB,,step_a_company_stock_split,Entities,USB,Company,,,,,,,,,[],Entity;Company
world:company:USFD,2026-06-01,USFD,,step_a_company_stock_split,Entities,USFD,Company,,,,,,,,,[],Entity;Company
world:company:USPH,2026-06-01,USPH,,step_a_company_stock_split,Entities,USPH,Company,,,,,,,,,[],Entity;Company
world:company:UTL,2026-06-01,UTL,,step_a_company_stock_split,Entities,UTL,Company,,,,,,,,,[],Entity;Company
world:company:UVE,2026-06-01,UVE,,step_a_company_stock_split,Entities,UVE,Company,,,,,,,,,[],Entity;Company
world:company:ACN,2026-06-01,ACN,,step_a_company_stock_split,Entities,ACN,Company,,,,,,,,,[],Entity;Company
world:company:V,2026-06-01,V,[[USA]],step_a_company_stock_split,Entities,V,Company,[[Financials]],Entities,C:\Users\CaveUser\Documents\Obsidian Vault\World_Machine\Entities\Stocks\V.md,Entities/Stocks/V.md,obsidian://open?vault=World_Machine&file=Entities%2FStocks%2FV.md,World_Machine,Active,Stocks,"[""stock"",""financials"",""payments"",""networks""]",Entity;Company
world:company:VB,2026-06-01,VB,,step_a_company_stock_split,Entities,VB,Company,,,,,,,,,[],Entity;Company
world:company:VCEL,2026-06-01,VCEL,,step_a_company_stock_split,Entities,VCEL,Company,,,,,,,,,[],Entity;Company
world:company:VEA,2026-06-01,VEA,,step_a_company_stock_split,Entities,VEA,Company,,,,,,,,,[],Entity;Company
world:company:VEEV,2026-06-01,VEEV,,step_a_company_stock_split,Entities,VEEV,Company,,,,,,,,,[],Entity;Company
world:company:VELO,2026-06-01,VELO,,step_a_company_stock_split,Entities,VELO,Company,,,,,,,,,[],Entity;Company
world:company:VERX,2026-06-01,VERX,,step_a_company_stock_split,Entities,VERX,Company,,,,,,,,,[],Entity;Company
world:company:VENU,2026-06-01,VENU,,step_a_company_stock_split,Entities,VENU,Company,,,,,,,,,[],Entity;Company
world:company:ACNT,2026-06-01,ACNT,,step_a_company_stock_split,Entities,ACNT,Company,,,,,,,,,[],Entity;Company
world:company:VET,2026-06-01,VET,,step_a_company_stock_split,Entities,VET,Company,,,,,,,,,[],Entity;Company
world:company:VEU,2026-06-01,VEU,,step_a_company_stock_split,Entities,VEU,Company,,,,,,,,,[],Entity;Company
world:company:VG,2026-06-01,VG,,step_a_company_stock_split,Entities,VG,Company,,,,,,,,,[],Entity;Company
world:company:VGK,2026-06-01,VGK,,step_a_company_stock_split,Entities,VGK,Company,,,,,,,,,[],Entity;Company
world:company:QUIK,2026-06-01,QUIK,,step_a_company_stock_split,Entities,QUIK,Company,,,,,,,,,[],Entity;Company
world:company:VGT,2026-06-01,VGT,,step_a_company_stock_split,Entities,VGT,Company,,,,,,,,,[],Entity;Company
world:company:VGZ,2026-06-01,VGZ,,step_a_company_stock_split,Entities,VGZ,Company,,,,,,,,,[],Entity;Company
world:company:VICI,2026-06-01,VICI,,step_a_company_stock_split,Entities,VICI,Company,,,,,,,,,[],Entity;Company
world:company:NTST,2026-06-01,NTST,,step_a_company_stock_split,Entities,NTST,Company,,,,,,,,,[],Entity;Company
world:company:VIG,2026-06-01,VIG,,step_a_company_stock_split,Entities,VIG,Company,,,,,,,,,[],Entity;Company
world:company:VIR,2026-06-01,VIR,,step_a_company_stock_split,Entities,VIR,Company,,,,,,,,,[],Entity;Company
world:company:VIPS,2026-06-01,VIPS,,step_a_company_stock_split,Entities,VIPS,Company,,,,,,,,,[],Entity;Company
world:company:VIVS,2026-06-01,VIVS,,step_a_company_stock_split,Entities,VIVS,Company,,,,,,,,,[],Entity;Company
world:company:VITL,2026-06-01,VITL,,step_a_company_stock_split,Entities,VITL,Company,,,,,,,,,[],Entity;Company
world:company:VIX,2026-06-01,VIX,,step_a_company_stock_split,Entities,VIX,Company,,,,,,,,,[],Entity;Company
world:company:VIXEQ,2026-06-01,VIXEQ,,step_a_company_stock_split,Entities,VIXEQ,Company,,,,,,,,,[],Entity;Company
world:company:VKTX,2026-06-01,VKTX,,step_a_company_stock_split,Entities,VKTX,Company,,,,,,,,,[],Entity;Company
world:company:VLO,2026-06-01,VLO,,step_a_company_stock_split,Entities,VLO,Company,,,,,,,,,[],Entity;Company
world:company:ACRE,2026-06-01,ACRE,,step_a_company_stock_split,Entities,ACRE,Company,,,,,,,,,[],Entity;Company
world:company:SILO,2026-06-01,SILO,[[USA]],step_a_company_stock_split,Entities,SILO,Company,[[Healthcare]],Entities,C:\Users\CaveUser\Documents\Obsidian Vault\World_Machine\Entities\Stocks\SILO.md,Entities/Stocks/SILO.md,obsidian://open?vault=World_Machine&file=Entities%2FStocks%2FSILO.md,World_Machine,Watching,Stocks,"[""stock"",""biotech"",""psychedelics""]",Entity;Company
world:company:QTI,2026-06-01,QTI,,step_a_company_stock_split,Entities,QTI,Company,,,,,,,,,[],Entity;Company
world:company:VLTO,2026-06-01,VLTO,,step_a_company_stock_split,Entities,VLTO,Company,,,,,,,,,[],Entity;Company
world:company:VMC,2026-06-01,VMC,,step_a_company_stock_split,Entities,VMC,Company,,,,,,,,,[],Entity;Company
world:company:SBUX,2026-06-01,SBUX,,step_a_company_stock_split,Entities,SBUX,Company,,,,,,,,,[],Entity;Company
world:company:VNQ,2026-06-01,VNQ,,step_a_company_stock_split,Entities,VNQ,Company,,,,,,,,,[],Entity;Company
world:company:VONG,2026-06-01,VONG,,step_a_company_stock_split,Entities,VONG,Company,,,,,,,,,[],Entity;Company
world:company:VOO,2026-06-01,VOO,,step_a_company_stock_split,Entities,VOO,Company,,,,,,,,,[],Entity;Company
world:company:ACVA,2026-06-01,ACVA,,step_a_company_stock_split,Entities,ACVA,Company,,,,,,,,,[],Entity;Company
world:company:VOR,2026-06-01,VOR,,step_a_company_stock_split,Entities,VOR,Company,,,,,,,,,[],Entity;Company
world:company:REFI,2026-06-01,REFI,,step_a_company_stock_split,Entities,REFI,Company,,,,,,,,,[],Entity;Company
world:company:VPG,2026-06-01,VPG,,step_a_company_stock_split,Entities,VPG,Company,,,,,,,,,[],Entity;Company
world:company:VOYG,2026-06-01,VOYG,,step_a_company_stock_split,Entities,VOYG,Company,,,,,,,,,[],Entity;Company
world:company:VRDN,2026-06-01,VRDN,,step_a_company_stock_split,Entities,VRDN,Company,,,,,,,,,[],Entity;Company
world:company:VRE,2026-06-01,VRE,,step_a_company_stock_split,Entities,VRE,Company,,,,,,,,,[],Entity;Company
world:company:VRRM,2026-06-01,VRRM,,step_a_company_stock_split,Entities,VRRM,Company,,,,,,,,,[],Entity;Company
world:company:SBET,2026-06-01,SBET,,step_a_company_stock_split,Entities,SBET,Company,,,,,,,,,[],Entity;Company
world:company:VRSK,2026-06-01,VRSK,,step_a_company_stock_split,Entities,VRSK,Company,,,,,,,,,[],Entity;Company
world:company:ADAMI,2026-06-01,ADAMI,,step_a_company_stock_split,Entities,ADAMI,Company,,,,,,,,,[],Entity;Company
world:company:SBMT,2026-06-01,SBMT,,step_a_company_stock_split,Entities,SBMT,Company,,,,,,,,,[],Entity;Company
world:company:VRSN,2026-06-01,VRSN,,step_a_company_stock_split,Entities,VRSN,Company,,,,,,,,,[],Entity;Company
world:company:VRT,2026-06-01,VRT,,step_a_company_stock_split,Entities,VRT,Company,,,,,,,,,[],Entity;Company
world:company:ROOT,2026-06-01,ROOT,,step_a_company_stock_split,Entities,ROOT,Company,,,,,,,,,[],Entity;Company
world:company:VRTX,2026-06-01,VRTX,,step_a_company_stock_split,Entities,VRTX,Company,,,,,,,,,[],Entity;Company
world:company:VTGN,2026-06-01,VTGN,[[USA]],step_a_company_stock_split,Entities,VTGN,Company,[[Healthcare]],Entities,C:\Users\CaveUser\Documents\Obsidian Vault\World_Machine\Entities\Stocks\VTGN.md,Entities/Stocks/VTGN.md,obsidian://open?vault=World_Machine&file=Entities%2FStocks%2FVTGN.md,World_Machine,Watching,Stocks,"[""stock"",""biotech"",""mental-health""]",Entity;Company
world:company:VST,2026-06-01,VST,[[USA]],step_a_company_stock_split,Entities,VST,Company,[[Utilities]],Entities,C:\Users\CaveUser\Documents\Obsidian Vault\World_Machine\Entities\Stocks\VST.md,Entities/Stocks/VST.md,obsidian://open?vault=World_Machine&file=Entities%2FStocks%2FVST.md,World_Machine,Active,Stocks,"[""stock"",""utilities"",""power"",""ai-infrastructure""]",Entity;Company
world:company:ADAML,2026-06-01,ADAML,,step_a_company_stock_split,Entities,ADAML,Company,,,,,,,,,[],Entity;Company
world:company:RBLX,2026-06-01,RBLX,,step_a_company_stock_split,Entities,RBLX,Company,,,,,,,,,[],Entity;Company
world:company:VTOL,2026-06-01,VTOL,,step_a_company_stock_split,Entities,VTOL,Company,,,,,,,,,[],Entity;Company
world:company:VTR,2026-06-01,VTR,,step_a_company_stock_split,Entities,VTR,Company,,,,,,,,,[],Entity;Company
world:company:VTRS,2026-06-01,VTRS,,step_a_company_stock_split,Entities,VTRS,Company,,,,,,,,,[],Entity;Company
world:company:SAIC,2026-06-01,SAIC,,step_a_company_stock_split,Entities,SAIC,Company,,,,,,,,,[],Entity;Company
world:company:VTS,2026-06-01,VTS,,step_a_company_stock_split,Entities,VTS,Company,,,,,,,,,[],Entity;Company
world:company:VUG,2026-06-01,VUG,,step_a_company_stock_split,Entities,VUG,Company,,,,,,,,,[],Entity;Company
world:company:VTV,2026-06-01,VTV,,step_a_company_stock_split,Entities,VTV,Company,,,,,,,,,[],Entity;Company
world:company:VVOS,2026-06-01,VVOS,,step_a_company_stock_split,Entities,VVOS,Company,,,,,,,,,[],Entity;Company
world:company:OVX,2026-06-01,OVX,,step_a_company_stock_split,Entities,OVX,Company,,,,,,,,,[],Entity;Company
world:company:VVX,2026-06-01,VVX,,step_a_company_stock_split,Entities,VVX,Company,,,,,,,,,[],Entity;Company
world:company:VWAV,2026-06-01,VWAV,,step_a_company_stock_split,Entities,VWAV,Company,,,,,,,,,[],Entity;Company
world:company:VWO,2026-06-01,VWO,,step_a_company_stock_split,Entities,VWO,Company,,,,,,,,,[],Entity;Company
world:company:VXUS,2026-06-01,VXUS,,step_a_company_stock_split,Entities,VXUS,Company,,,,,,,,,[],Entity;Company
world:company:VZ,2026-06-01,VZ,,step_a_company_stock_split,Entities,VZ,Company,,,,,,,,,[],Entity;Company
world:company:WAB,2026-06-01,WAB,,step_a_company_stock_split,Entities,WAB,Company,,,,,,,,,[],Entity;Company
world:company:WAL,2026-06-01,WAL,,step_a_company_stock_split,Entities,WAL,Company,,,,,,,,,[],Entity;Company
world:company:WAT,2026-06-01,WAT,,step_a_company_stock_split,Entities,WAT,Company,,,,,,,,,[],Entity;Company
world:company:PRMB,2026-06-01,PRMB,,step_a_company_stock_split,Entities,PRMB,Company,,,,,,,,,[],Entity;Company
world:company:WBD,2026-06-01,WBD,,step_a_company_stock_split,Entities,WBD,Company,,,,,,,,,[],Entity;Company
world:company:WBI,2026-06-01,WBI,,step_a_company_stock_split,Entities,WBI,Company,,,,,,,,,[],Entity;Company
world:company:WCC,2026-06-01,WCC,[[USA]],step_a_company_stock_split,Entities,WCC,Company,[[Industrials]],Entities,C:\Users\CaveUser\Documents\Obsidian Vault\World_Machine\Entities\Stocks\WCC.md,Entities/Stocks/WCC.md,obsidian://open?vault=World_Machine&file=Entities%2FStocks%2FWCC.md,World_Machine,Active,Stocks,"[""stock"",""industrials"",""distribution"",""grid-equipment""]",Entity;Company
world:company:WD,2026-06-01,WD,,step_a_company_stock_split,Entities,WD,Company,,,,,,,,,[],Entity;Company
world:company:WDAY,2026-06-01,WDAY,,step_a_company_stock_split,Entities,WDAY,Company,,,,,,,,,[],Entity;Company
world:company:WDC,2026-06-01,WDC,,step_a_company_stock_split,Entities,WDC,Company,,,,,,,,,[],Entity;Company
world:company:WEC,2026-06-01,WEC,,step_a_company_stock_split,Entities,WEC,Company,,,,,,,,,[],Entity;Company
world:company:WELL,2026-06-01,WELL,[[USA]],step_a_company_stock_split,Entities,WELL,Company,[[Real Estate]],Entities,C:\Users\CaveUser\Documents\Obsidian Vault\World_Machine\Entities\Stocks\WELL.md,Entities/Stocks/WELL.md,obsidian://open?vault=World_Machine&file=Entities%2FStocks%2FWELL.md,World_Machine,Active,Stocks,"[""stock"",""real-estate"",""reit"",""healthcare""]",Entity;Company
world:company:WEN,2026-06-01,WEN,,step_a_company_stock_split,Entities,WEN,Company,,,,,,,,,[],Entity;Company
world:company:WERN,2026-06-01,WERN,,step_a_company_stock_split,Entities,WERN,Company,,,,,,,,,[],Entity;Company
world:company:ADAMZ,2026-06-01,ADAMZ,,step_a_company_stock_split,Entities,ADAMZ,Company,,,,,,,,,[],Entity;Company
world:company:RELY,2026-06-01,RELY,,step_a_company_stock_split,Entities,RELY,Company,,,,,,,,,[],Entity;Company
world:company:WFC,2026-06-01,WFC,,step_a_company_stock_split,Entities,WFC,Company,,,,,,,,,[],Entity;Company
world:company:WGO,2026-06-01,WGO,,step_a_company_stock_split,Entities,WGO,Company,,,,,,,,,[],Entity;Company
world:company:WGS,2026-06-01,WGS,,step_a_company_stock_split,Entities,WGS,Company,,,,,,,,,[],Entity;Company
world:company:WHF,2026-06-01,WHF,,step_a_company_stock_split,Entities,WHF,Company,,,,,,,,,[],Entity;Company
world:company:WHO,2026-06-01,WHO,,step_a_company_stock_split,Entities,WHO,Company,,,,,,,,,[],Entity;Company
world:company:WHR,2026-06-01,WHR,,step_a_company_stock_split,Entities,WHR,Company,,,,,,,,,[],Entity;Company
world:company:WHWK,2026-06-01,WHWK,,step_a_company_stock_split,Entities,WHWK,Company,,,,,,,,,[],Entity;Company
world:company:WKC,2026-06-01,WKC,,step_a_company_stock_split,Entities,WKC,Company,,,,,,,,,[],Entity;Company
world:company:WLDN,2026-06-01,WLDN,,step_a_company_stock_split,Entities,WLDN,Company,,,,,,,,,[],Entity;Company
world:company:ADC,2026-06-01,ADC,,step_a_company_stock_split,Entities,ADC,Company,,,,,,,,,[],Entity;Company
world:company:WLFC,2026-06-01,WLFC,,step_a_company_stock_split,Entities,WLFC,Company,,,,,,,,,[],Entity;Company
world:company:WM,2026-06-01,WM,,step_a_company_stock_split,Entities,WM,Company,,,,,,,,,[],Entity;Company
world:company:WMB,2026-06-01,WMB,,step_a_company_stock_split,Entities,WMB,Company,,,,,,,,,[],Entity;Company
world:company:WMG,2026-06-01,WMG,,step_a_company_stock_split,Entities,WMG,Company,,,,,,,,,[],Entity;Company
world:company:WMS,2026-06-01,WMS,,step_a_company_stock_split,Entities,WMS,Company,,,,,,,,,[],Entity;Company
world:company:WMT,2026-06-01,WMT,,step_a_company_stock_split,Entities,WMT,Company,,,,,,,,,[],Entity;Company
world:company:WNC,2026-06-01,WNC,,step_a_company_stock_split,Entities,WNC,Company,,,,,,,,,[],Entity;Company
world:company:ADBE,2026-06-01,ADBE,,step_a_company_stock_split,Entities,ADBE,Company,,,,,,,,,[],Entity;Company
world:company:WOLF,2026-06-01,WOLF,,step_a_company_stock_split,Entities,WOLF,Company,,,,,,,,,[],Entity;Company
world:company:WPM,2026-06-01,WPM,[[USA]],step_a_company_stock_split,Entities,WPM,Company,[[Materials]],Entities,C:\Users\CaveUser\Documents\Obsidian Vault\World_Machine\Entities\Stocks\WPM.md,Entities/Stocks/WPM.md,obsidian://open?vault=World_Machine&file=Entities%2FStocks%2FWPM.md,World_Machine,Active,Stocks,"[""stock"",""materials"",""gold"",""royalties""]",Entity;Company
world:company:WRB,2026-06-01,WRB,,step_a_company_stock_split,Entities,WRB,Company,,,,,,,,,[],Entity;Company
world:company:RCAT,2026-06-01,RCAT,[[USA]],step_a_company_stock_split,Entities,RCAT,Company,[[Aerospace & Defense]],Entities,C:\Users\CaveUser\Documents\Obsidian Vault\World_Machine\Entities\Stocks\RCAT.md,Entities/Stocks/RCAT.md,obsidian://open?vault=World_Machine&file=Entities%2FStocks%2FRCAT.md,World_Machine,Active,Stocks,"[""stock"",""defense"",""drones"",""military"",""fpv""]",Entity;Company
world:company:ROIV,2026-06-01,ROIV,,step_a_company_stock_split,Entities,ROIV,Company,,,,,,,,,[],Entity;Company
world:company:WSM,2026-06-01,WSM,,step_a_company_stock_split,Entities,WSM,Company,,,,,,,,,[],Entity;Company
world:company:PAYX,2026-06-01,PAYX,,step_a_company_stock_split,Entities,PAYX,Company,,,,,,,,,[],Entity;Company
world:company:WST,2026-06-01,WST,,step_a_company_stock_split,Entities,WST,Company,,,,,,,,,[],Entity;Company
world:company:WTI,2026-06-01,WTI,,step_a_company_stock_split,Entities,WTI,Company,,,,,,,,,[],Entity;Company
world:company:WTS,2026-06-01,WTS,,step_a_company_stock_split,Entities,WTS,Company,,,,,,,,,[],Entity;Company
world:company:WTTR,2026-06-01,WTTR,,step_a_company_stock_split,Entities,WTTR,Company,,,,,,,,,[],Entity;Company
world:company:SCHW,2026-06-01,SCHW,,step_a_company_stock_split,Entities,SCHW,Company,,,,,,,,,[],Entity;Company
world:company:WTW,2026-06-01,WTW,,step_a_company_stock_split,Entities,WTW,Company,,,,,,,,,[],Entity;Company
world:company:NTRA,2026-06-01,NTRA,,step_a_company_stock_split,Entities,NTRA,Company,,,,,,,,,[],Entity;Company
world:company:WY,2026-06-01,WY,,step_a_company_stock_split,Entities,WY,Company,,,,,,,,,[],Entity;Company
world:company:WWW,2026-06-01,WWW,,step_a_company_stock_split,Entities,WWW,Company,,,,,,,,,[],Entity;Company
world:company:WYNN,2026-06-01,WYNN,,step_a_company_stock_split,Entities,WYNN,Company,,,,,,,,,[],Entity;Company
world:company:X,2026-06-01,X,,step_a_company_stock_split,Entities,X,Company,,,,,,,,,[],Entity;Company
world:company:XE,2026-06-01,XE,,step_a_company_stock_split,Entities,XE,Company,,,,,,,,,[],Entity;Company
world:company:XEL,2026-06-01,XEL,,step_a_company_stock_split,Entities,XEL,Company,,,,,,,,,[],Entity;Company
world:company:XLV,2026-06-01,XLV,,step_a_company_stock_split,Entities,XLV,Company,,,,,,,,,[],Entity;Company
world:company:XOM,2026-06-01,XOM,[[USA]],step_a_company_stock_split,Entities,XOM,Company,[[Energy]],Entities,C:\Users\CaveUser\Documents\Obsidian Vault\World_Machine\Entities\Stocks\XOM.md,Entities/Stocks/XOM.md,obsidian://open?vault=World_Machine&file=Entities%2FStocks%2FXOM.md,World_Machine,Active,Stocks,"[""stock""]",Entity;Company
world:company:XHR,2026-06-01,XHR,,step_a_company_stock_split,Entities,XHR,Company,,,,,,,,,[],Entity;Company
world:company:ADI,2026-06-01,ADI,,step_a_company_stock_split,Entities,ADI,Company,,,,,,,,,[],Entity;Company
world:company:XOMA,2026-06-01,XOMA,,step_a_company_stock_split,Entities,XOMA,Company,,,,,,,,,[],Entity;Company
world:company:XPO,2026-06-01,XPO,,step_a_company_stock_split,Entities,XPO,Company,,,,,,,,,[],Entity;Company
world:company:REI,2026-06-01,REI,,step_a_company_stock_split,Entities,REI,Company,,,,,,,,,[],Entity;Company
world:company:XPOF,2026-06-01,XPOF,,step_a_company_stock_split,Entities,XPOF,Company,,,,,,,,,[],Entity;Company
world:company:RMAX,2026-06-01,RMAX,,step_a_company_stock_split,Entities,RMAX,Company,,,,,,,,,[],Entity;Company
world:company:XPRO,2026-06-01,XPRO,,step_a_company_stock_split,Entities,XPRO,Company,,,,,,,,,[],Entity;Company
world:company:XXI,2026-06-01,XXI,,step_a_company_stock_split,Entities,XXI,Company,,,,,,,,,[],Entity;Company
world:company:ADM,2026-06-01,ADM,,step_a_company_stock_split,Entities,ADM,Company,,,,,,,,,[],Entity;Company
world:company:XYL,2026-06-01,XYL,,step_a_company_stock_split,Entities,XYL,Company,,,,,,,,,[],Entity;Company
world:company:XYZ,2026-06-01,XYZ,,step_a_company_stock_split,Entities,XYZ,Company,,,,,,,,,[],Entity;Company
world:company:Y,2026-06-01,Y,,step_a_company_stock_split,Entities,Y,Company,,,,,,,,,[],Entity;Company
world:company:YI,2026-06-01,YI,,step_a_company_stock_split,Entities,YI,Company,,,,,,,,,[],Entity;Company
world:company:YELP,2026-06-01,YELP,,step_a_company_stock_split,Entities,YELP,Company,,,,,,,,,[],Entity;Company
world:company:YMM,2026-06-01,YMM,,step_a_company_stock_split,Entities,YMM,Company,,,,,,,,,[],Entity;Company
world:company:YORW,2026-06-01,YORW,,step_a_company_stock_split,Entities,YORW,Company,,,,,,,,,[],Entity;Company
world:company:ADMA,2026-06-01,ADMA,,step_a_company_stock_split,Entities,ADMA,Company,,,,,,,,,[],Entity;Company
world:company:RHLD,2026-06-01,RHLD,,step_a_company_stock_split,Entities,RHLD,Company,,,,,,,,,[],Entity;Company
world:company:YUM,2026-06-01,YUM,,step_a_company_stock_split,Entities,YUM,Company,,,,,,,,,[],Entity;Company
world:company:SGMT,2026-06-01,SGMT,,step_a_company_stock_split,Entities,SGMT,Company,,,,,,,,,[],Entity;Company
world:company:Z,2026-06-01,Z,,step_a_company_stock_split,Entities,Z,Company,,,,,,,,,[],Entity;Company
world:company:ZD,2026-06-01,ZD,,step_a_company_stock_split,Entities,ZD,Company,,,,,,,,,[],Entity;Company
world:company:ZBH,2026-06-01,ZBH,,step_a_company_stock_split,Entities,ZBH,Company,,,,,,,,,[],Entity;Company
world:company:ZBRA,2026-06-01,ZBRA,,step_a_company_stock_split,Entities,ZBRA,Company,,,,,,,,,[],Entity;Company
world:company:SCCO,2026-06-01,SCCO,,step_a_company_stock_split,Entities,SCCO,Company,,,,,,,,,[],Entity;Company
world:company:NEUP,2026-06-01,NEUP,[[USA]],step_a_company_stock_split,Entities,NEUP,Company,[[Healthcare]],Entities,C:\Users\CaveUser\Documents\Obsidian Vault\World_Machine\Entities\Stocks\NEUP.md,Entities/Stocks/NEUP.md,obsidian://open?vault=World_Machine&file=Entities%2FStocks%2FNEUP.md,World_Machine,Watching,Stocks,"[""stock"",""biotech"",""mental-health""]",Entity;Company
world:company:ZG,2026-06-01,ZG,,step_a_company_stock_split,Entities,ZG,Company,,,,,,,,,[],Entity;Company
world:company:ZM,2026-06-01,ZM,,step_a_company_stock_split,Entities,ZM,Company,,,,,,,,,[],Entity;Company
world:company:SILA,2026-06-01,SILA,,step_a_company_stock_split,Entities,SILA,Company,,,,,,,,,[],Entity;Company
world:company:ZKH,2026-06-01,ZKH,,step_a_company_stock_split,Entities,ZKH,Company,,,,,,,,,[],Entity;Company
world:company:ROST,2026-06-01,ROST,,step_a_company_stock_split,Entities,ROST,Company,,,,,,,,,[],Entity;Company
world:company:ZS,2026-06-01,ZS,,step_a_company_stock_split,Entities,ZS,Company,,,,,,,,,[],Entity;Company
world:company:ZTS,2026-06-01,ZTS,,step_a_company_stock_split,Entities,ZTS,Company,,,,,,,,,[],Entity;Company
world:company:ZVIA,2026-06-01,ZVIA,,step_a_company_stock_split,Entities,ZVIA,Company,,,,,,,,,[],Entity;Company
world:company:ADP,2026-06-01,ADP,,step_a_company_stock_split,Entities,ADP,Company,,,,,,,,,[],Entity;Company
world:company:ZVRA,2026-06-01,ZVRA,,step_a_company_stock_split,Entities,ZVRA,Company,,,,,,,,,[],Entity;Company
world:company:REGN,2026-06-01,REGN,,step_a_company_stock_split,Entities,REGN,Company,,,,,,,,,[],Entity;Company
world:company:PALI,2026-06-01,PALI,,step_a_company_stock_split,Entities,PALI,Company,,,,,,,,,[],Entity;Company
world:company:RJF,2026-06-01,RJF,,step_a_company_stock_split,Entities,RJF,Company,,,,,,,,,[],Entity;Company
world:company:ADSK,2026-06-01,ADSK,,step_a_company_stock_split,Entities,ADSK,Company,,,,,,,,,[],Entity;Company
world:company:RLMD,2026-06-01,RLMD,[[USA]],step_a_company_stock_split,Entities,RLMD,Company,[[Healthcare]],Entities,C:\Users\CaveUser\Documents\Obsidian Vault\World_Machine\Entities\Stocks\RLMD.md,Entities/Stocks/RLMD.md,obsidian://open?vault=World_Machine&file=Entities%2FStocks%2FRLMD.md,World_Machine,Watching,Stocks,"[""stock"",""biotech"",""mental-health""]",Entity;Company
world:company:ADTN,2026-06-01,ADTN,,step_a_company_stock_split,Entities,ADTN,Company,,,,,,,,,[],Entity;Company
world:company:ROL,2026-06-01,ROL,,step_a_company_stock_split,Entities,ROL,Company,,,,,,,,,[],Entity;Company
world:company:AEE,2026-06-01,AEE,,step_a_company_stock_split,Entities,AEE,Company,,,,,,,,,[],Entity;Company
world:company:RDW,2026-06-01,RDW,,step_a_company_stock_split,Entities,RDW,Company,,,,,,,,,[],Entity;Company
world:company:RPRX,2026-06-01,RPRX,,step_a_company_stock_split,Entities,RPRX,Company,,,,,,,,,[],Entity;Company
world:company:ROKU,2026-06-01,ROKU,,step_a_company_stock_split,Entities,ROKU,Company,,,,,,,,,[],Entity;Company
world:company:AEHR,2026-06-01,AEHR,,step_a_company_stock_split,Entities,AEHR,Company,,,,,,,,,[],Entity;Company
world:company:SCHA,2026-06-01,SCHA,,step_a_company_stock_split,Entities,SCHA,Company,,,,,,,,,[],Entity;Company
world:company:RLAY,2026-06-01,RLAY,,step_a_company_stock_split,Entities,RLAY,Company,,,,,,,,,[],Entity;Company
world:company:RIVN,2026-06-01,RIVN,,step_a_company_stock_split,Entities,RIVN,Company,,,,,,,,,[],Entity;Company
world:company:AEP,2026-06-01,AEP,,step_a_company_stock_split,Entities,AEP,Company,,,,,,,,,[],Entity;Company
world:company:REPX,2026-06-01,REPX,,step_a_company_stock_split,Entities,REPX,Company,,,,,,,,,[],Entity;Company
world:company:RTX,2026-06-01,RTX,[[USA]],step_a_company_stock_split,Entities,RTX,Company,[[Aerospace & Defense]],Entities,C:\Users\CaveUser\Documents\Obsidian Vault\World_Machine\Entities\Stocks\RTX.md,Entities/Stocks/RTX.md,obsidian://open?vault=World_Machine&file=Entities%2FStocks%2FRTX.md,World_Machine,Active,Stocks,"[""stock"",""defense"",""drones"",""counter-drone"",""large-cap""]",Entity;Company
world:company:SDGR,2026-06-01,SDGR,,step_a_company_stock_split,Entities,SDGR,Company,,,,,,,,,[],Entity;Company
world:company:AES,2026-06-01,AES,,step_a_company_stock_split,Entities,AES,Company,,,,,,,,,[],Entity;Company
world:company:RC,2026-06-01,RC,,step_a_company_stock_split,Entities,RC,Company,,,,,,,,,[],Entity;Company
world:company:RES,2026-06-01,RES,,step_a_company_stock_split,Entities,RES,Company,,,,,,,,,[],Entity;Company
world:company:AFBI,2026-06-01,AFBI,,step_a_company_stock_split,Entities,AFBI,Company,,,,,,,,,[],Entity;Company
world:company:SHG,2026-06-01,SHG,,step_a_company_stock_split,Entities,SHG,Company,,,,,,,,,[],Entity;Company
world:company:RILY,2026-06-01,RILY,,step_a_company_stock_split,Entities,RILY,Company,,,,,,,,,[],Entity;Company
world:company:AESI,2026-06-01,AESI,,step_a_company_stock_split,Entities,AESI,Company,,,,,,,,,[],Entity;Company
world:company:RLI,2026-06-01,RLI,,step_a_company_stock_split,Entities,RLI,Company,,,,,,,,,[],Entity;Company
world:company:TNL,2026-06-01,TNL,,step_a_company_stock_split,Entities,TNL,Company,,,,,,,,,[],Entity;Company
world:company:PNR,2026-06-01,PNR,,step_a_company_stock_split,Entities,PNR,Company,,,,,,,,,[],Entity;Company
world:company:QNTM,2026-06-01,QNTM,[[Canada]],step_a_company_stock_split,Entities,QNTM,Company,[[Healthcare]],Entities,C:\Users\CaveUser\Documents\Obsidian Vault\World_Machine\Entities\Stocks\QNTM.md,Entities/Stocks/QNTM.md,obsidian://open?vault=World_Machine&file=Entities%2FStocks%2FQNTM.md,World_Machine,Watching,Stocks,"[""stock"",""biotech"",""psychedelics""]",Entity;Company
world:company:RVLV,2026-06-01,RVLV,,step_a_company_stock_split,Entities,RVLV,Company,,,,,,,,,[],Entity;Company
world:company:REXR,2026-06-01,REXR,,step_a_company_stock_split,Entities,REXR,Company,,,,,,,,,[],Entity;Company
world:company:AFL,2026-06-01,AFL,,step_a_company_stock_split,Entities,AFL,Company,,,,,,,,,[],Entity;Company
world:company:SITC,2026-06-01,SITC,,step_a_company_stock_split,Entities,SITC,Company,,,,,,,,,[],Entity;Company
world:company:AFRM,2026-06-01,AFRM,,step_a_company_stock_split,Entities,AFRM,Company,,,,,,,,,[],Entity;Company
world:company:REG,2026-06-01,REG,,step_a_company_stock_split,Entities,REG,Company,,,,,,,,,[],Entity;Company
world:company:AGG,2026-06-01,AGG,,step_a_company_stock_split,Entities,AGG,Company,,,,,,,,,[],Entity;Company
world:company:OXLC,2026-06-01,OXLC,,step_a_company_stock_split,Entities,OXLC,Company,,,,,,,,,[],Entity;Company
world:company:AGH,2026-06-01,AGH,,step_a_company_stock_split,Entities,AGH,Company,,,,,,,,,[],Entity;Company
world:company:ROK,2026-06-01,ROK,,step_a_company_stock_split,Entities,ROK,Company,,,,,,,,,[],Entity;Company
world:company:RNTX,2026-06-01,RNTX,,step_a_company_stock_split,Entities,RNTX,Company,,,,,,,,,[],Entity;Company
world:company:PNW,2026-06-01,PNW,,step_a_company_stock_split,Entities,PNW,Company,,,,,,,,,[],Entity;Company
world:company:AGL,2026-06-01,AGL,,step_a_company_stock_split,Entities,AGL,Company,,,,,,,,,[],Entity;Company
world:company:AGM,2026-06-01,AGM,,step_a_company_stock_split,Entities,AGM,Company,,,,,,,,,[],Entity;Company
world:company:SEMR,2026-06-01,SEMR,,step_a_company_stock_split,Entities,SEMR,Company,,,,,,,,,[],Entity;Company
world:company:PRIM,2026-06-01,PRIM,,step_a_company_stock_split,Entities,PRIM,Company,,,,,,,,,[],Entity;Company
world:company:AGYS,2026-06-01,AGYS,,step_a_company_stock_split,Entities,AGYS,Company,,,,,,,,,[],Entity;Company
world:company:POWL,2026-06-01,POWL,[[USA]],step_a_company_stock_split,Entities,POWL,Company,[[Industrials]],Entities,C:\Users\CaveUser\Documents\Obsidian Vault\World_Machine\Entities\Stocks\POWL.md,Entities/Stocks/POWL.md,obsidian://open?vault=World_Machine&file=Entities%2FStocks%2FPOWL.md,World_Machine,Active,Stocks,"[""stock"",""industrials"",""electrification"",""grid-equipment"",""small-cap""]",Entity;Company
world:company:PCT,2026-06-01,PCT,,step_a_company_stock_split,Entities,PCT,Company,,,,,,,,,[],Entity;Company
world:company:RAMP,2026-06-01,RAMP,,step_a_company_stock_split,Entities,RAMP,Company,,,,,,,,,[],Entity;Company
world:company:PTAL.L,2026-06-01,PTAL.L,,step_a_company_stock_split,Entities,PTAL.L,Company,,,,,,,,,[],Entity;Company
world:company:AHR,2026-06-01,AHR,,step_a_company_stock_split,Entities,AHR,Company,,,,,,,,,[],Entity;Company
world:company:NL,2026-06-01,NL,,step_a_company_stock_split,Entities,NL,Company,,,,,,,,,[],Entity;Company
world:company:SION,2026-06-01,SION,,step_a_company_stock_split,Entities,SION,Company,,,,,,,,,[],Entity;Company
world:company:AI,2026-06-01,AI,,step_a_company_stock_split,Entities,AI,Company,,,,,,,,,[],Entity;Company
world:company:RELL,2026-06-01,RELL,,step_a_company_stock_split,Entities,RELL,Company,,,,,,,,,[],Entity;Company
world:company:RCL,2026-06-01,RCL,,step_a_company_stock_split,Entities,RCL,Company,,,,,,,,,[],Entity;Company
world:company:SATS,2026-06-01,SATS,,step_a_company_stock_split,Entities,SATS,Company,,,,,,,,,[],Entity;Company
world:company:PTC,2026-06-01,PTC,,step_a_company_stock_split,Entities,PTC,Company,,,,,,,,,[],Entity;Company
world:company:QQQM,2026-06-01,QQQM,,step_a_company_stock_split,Entities,QQQM,Company,,,,,,,,,[],Entity;Company
world:company:ORIC,2026-06-01,ORIC,,step_a_company_stock_split,Entities,ORIC,Company,,,,,,,,,[],Entity;Company
world:company:SCVL,2026-06-01,SCVL,,step_a_company_stock_split,Entities,SCVL,Company,,,,,,,,,[],Entity;Company
world:company:PTEN,2026-06-01,PTEN,,step_a_company_stock_split,Entities,PTEN,Company,,,,,,,,,[],Entity;Company
world:company:QQQ,2026-06-01,QQQ,,step_a_company_stock_split,Entities,QQQ,Company,,,,,,,,,[],Entity;Company
world:company:RL,2026-06-01,RL,,step_a_company_stock_split,Entities,RL,Company,,,,,,,,,[],Entity;Company
world:company:SHW,2026-06-01,SHW,,step_a_company_stock_split,Entities,SHW,Company,,,,,,,,,[],Entity;Company
world:company:AIG,2026-06-01,AIG,,step_a_company_stock_split,Entities,AIG,Company,,,,,,,,,[],Entity;Company
world:company:AIN,2026-06-01,AIN,,step_a_company_stock_split,Entities,AIN,Company,,,,,,,,,[],Entity;Company
world:company:AIOT,2026-06-01,AIOT,,step_a_company_stock_split,Entities,AIOT,Company,,,,,,,,,[],Entity;Company
world:company:RGTI,2026-06-01,RGTI,,step_a_company_stock_split,Entities,RGTI,Company,,,,,,,,,[],Entity;Company
world:company:PGR,2026-06-01,PGR,,step_a_company_stock_split,Entities,PGR,Company,,,,,,,,,[],Entity;Company
world:company:QTRX,2026-06-01,QTRX,,step_a_company_stock_split,Entities,QTRX,Company,,,,,,,,,[],Entity;Company
world:company:QUBT,2026-06-01,QUBT,,step_a_company_stock_split,Entities,QUBT,Company,,,,,,,,,[],Entity;Company
world:company:AIP,2026-06-01,AIP,,step_a_company_stock_split,Entities,AIP,Company,,,,,,,,,[],Entity;Company
world:company:RAPP,2026-06-01,RAPP,,step_a_company_stock_split,Entities,RAPP,Company,,,,,,,,,[],Entity;Company
world:company:RCKY,2026-06-01,RCKY,,step_a_company_stock_split,Entities,RCKY,Company,,,,,,,,,[],Entity;Company
world:company:AIRJ,2026-06-01,AIRJ,,step_a_company_stock_split,Entities,AIRJ,Company,,,,,,,,,[],Entity;Company
world:company:QGEN,2026-06-01,QGEN,,step_a_company_stock_split,Entities,QGEN,Company,,,,,,,,,[],Entity;Company
world:company:ROP,2026-06-01,ROP,,step_a_company_stock_split,Entities,ROP,Company,,,,,,,,,[],Entity;Company
world:company:AIRO,2026-06-01,AIRO,[[USA]],step_a_company_stock_split,Entities,AIRO,Company,[[Aerospace & Defense]],Entities,C:\Users\CaveUser\Documents\Obsidian Vault\World_Machine\Entities\Stocks\AIRO.md,Entities/Stocks/AIRO.md,obsidian://open?vault=World_Machine&file=Entities%2FStocks%2FAIRO.md,World_Machine,Active,Stocks,"[""stock"",""defense"",""drones"",""military""]",Entity;Company
world:company:AIZ,2026-06-01,AIZ,,step_a_company_stock_split,Entities,AIZ,Company,,,,,,,,,[],Entity;Company
world:company:TMUS,2026-06-01,TMUS,,step_a_company_stock_split,Entities,TMUS,Company,,,,,,,,,[],Entity;Company
world:company:AJG,2026-06-01,AJG,,step_a_company_stock_split,Entities,AJG,Company,,,,,,,,,[],Entity;Company
world:company:ROLR,2026-06-01,ROLR,,step_a_company_stock_split,Entities,ROLR,Company,,,,,,,,,[],Entity;Company
world:company:PX,2026-06-01,PX,,step_a_company_stock_split,Entities,PX,Company,,,,,,,,,[],Entity;Company
world:company:SAM,2026-06-01,SAM,,step_a_company_stock_split,Entities,SAM,Company,,,,,,,,,[],Entity;Company
world:company:SKE,2026-06-01,SKE,,step_a_company_stock_split,Entities,SKE,Company,,,,,,,,,[],Entity;Company
world:company:AKAM,2026-06-01,AKAM,,step_a_company_stock_split,Entities,AKAM,Company,,,,,,,,,[],Entity;Company
world:company:REYN,2026-06-01,REYN,,step_a_company_stock_split,Entities,REYN,Company,,,,,,,,,[],Entity;Company
world:company:SENEA,2026-06-01,SENEA,,step_a_company_stock_split,Entities,SENEA,Company,,,,,,,,,[],Entity;Company
world:company:RDDT,2026-06-01,RDDT,,step_a_company_stock_split,Entities,RDDT,Company,,,,,,,,,[],Entity;Company
world:company:NCNO,2026-06-01,NCNO,,step_a_company_stock_split,Entities,NCNO,Company,,,,,,,,,[],Entity;Company
world:company:SJM,2026-06-01,SJM,,step_a_company_stock_split,Entities,SJM,Company,,,,,,,,,[],Entity;Company
world:company:SIDU,2026-06-01,SIDU,,step_a_company_stock_split,Entities,SIDU,Company,,,,,,,,,[],Entity;Company
world:company:RSG,2026-06-01,RSG,,step_a_company_stock_split,Entities,RSG,Company,,,,,,,,,[],Entity;Company
world:company:NEXA,2026-06-01,NEXA,,step_a_company_stock_split,Entities,NEXA,Company,,,,,,,,,[],Entity;Company
world:company:RENX,2026-06-01,RENX,,step_a_company_stock_split,Entities,RENX,Company,,,,,,,,,[],Entity;Company
world:company:ALB,2026-06-01,ALB,,step_a_company_stock_split,Entities,ALB,Company,,,,,,,,,[],Entity;Company
world:company:NKE,2026-06-01,NKE,,step_a_company_stock_split,Entities,NKE,Company,,,,,,,,,[],Entity;Company
world:company:ALGN,2026-06-01,ALGN,,step_a_company_stock_split,Entities,ALGN,Company,,,,,,,,,[],Entity;Company
world:company:NEM,2026-06-01,NEM,[[USA]],step_a_company_stock_split,Entities,NEM,Company,[[Materials]],Entities,C:\Users\CaveUser\Documents\Obsidian Vault\World_Machine\Entities\Stocks\NEM.md,Entities/Stocks/NEM.md,obsidian://open?vault=World_Machine&file=Entities%2FStocks%2FNEM.md,World_Machine,Active,Stocks,"[""stock"",""materials"",""gold"",""miner""]",Entity;Company
world:company:ALGT,2026-06-01,ALGT,,step_a_company_stock_split,Entities,ALGT,Company,,,,,,,,,[],Entity;Company
world:company:P,2026-06-01,P,,step_a_company_stock_split,Entities,P,Company,,,,,,,,,[],Entity;Company
world:company:ALKS,2026-06-01,ALKS,[[USA]],step_a_company_stock_split,Entities,ALKS,Company,[[Healthcare]],Entities,C:\Users\CaveUser\Documents\Obsidian Vault\World_Machine\Entities\Stocks\ALKS.md,Entities/Stocks/ALKS.md,obsidian://open?vault=World_Machine&file=Entities%2FStocks%2FALKS.md,World_Machine,Active,Stocks,"[""stock"",""biotech"",""mental-health"",""addiction""]",Entity;Company
world:company:ALKT,2026-06-01,ALKT,,step_a_company_stock_split,Entities,ALKT,Company,,,,,,,,,[],Entity;Company
world:company:ALL,2026-06-01,ALL,,step_a_company_stock_split,Entities,ALL,Company,,,,,,,,,[],Entity;Company
world:company:ALLE,2026-06-01,ALLE,,step_a_company_stock_split,Entities,ALLE,Company,,,,,,,,,[],Entity;Company
world:company:ALMR,2026-06-01,ALMR,,step_a_company_stock_split,Entities,ALMR,Company,,,,,,,,,[],Entity;Company
world:company:ALMS,2026-06-01,ALMS,,step_a_company_stock_split,Entities,ALMS,Company,,,,,,,,,[],Entity;Company
world:company:ALMU,2026-06-01,ALMU,,step_a_company_stock_split,Entities,ALMU,Company,,,,,,,,,[],Entity;Company
world:company:ALTG,2026-06-01,ALTG,,step_a_company_stock_split,Entities,ALTG,Company,,,,,,,,,[],Entity;Company
world:company:ONTO,2026-06-01,ONTO,,step_a_company_stock_split,Entities,ONTO,Company,,,,,,,,,[],Entity;Company
world:company:ALVO,2026-06-01,ALVO,,step_a_company_stock_split,Entities,ALVO,Company,,,,,,,,,[],Entity;Company
world:company:RSI,2026-06-01,RSI,,step_a_company_stock_split,Entities,RSI,Company,,,,,,,,,[],Entity;Company
world:company:AMAT,2026-06-01,AMAT,,step_a_company_stock_split,Entities,AMAT,Company,,,,,,,,,[],Entity;Company
world:company:AMC,2026-06-01,AMC,,step_a_company_stock_split,Entities,AMC,Company,,,,,,,,,[],Entity;Company
world:company:AMCR,2026-06-01,AMCR,,step_a_company_stock_split,Entities,AMCR,Company,,,,,,,,,[],Entity;Company
world:company:AMD,2026-06-01,AMD,,step_a_company_stock_split,Entities,AMD,Company,,,,,,,,,[],Entity;Company
world:company:AMGN,2026-06-01,AMGN,,step_a_company_stock_split,Entities,AMGN,Company,,,,,,,,,[],Entity;Company
world:company:AMP,2026-06-01,AMP,,step_a_company_stock_split,Entities,AMP,Company,,,,,,,,,[],Entity;Company
world:company:ON,2026-06-01,ON,,step_a_company_stock_split,Entities,ON,Company,,,,,,,,,[],Entity;Company
world:company:AMPY,2026-06-01,AMPY,,step_a_company_stock_split,Entities,AMPY,Company,,,,,,,,,[],Entity;Company
world:company:PDFS,2026-06-01,PDFS,[[USA]],step_a_company_stock_split,Entities,PDFS,Company,[[Tech Sector]],Entities,C:\Users\CaveUser\Documents\Obsidian Vault\World_Machine\Entities\Stocks\PDFS.md,Entities/Stocks/PDFS.md,obsidian://open?vault=World_Machine&file=Entities%2FStocks%2FPDFS.md,World_Machine,Active,Stocks,"[""stock"",""smallcap"",""tech"",""special-situations""]",Entity;Company
world:company:AMRC,2026-06-01,AMRC,,step_a_company_stock_split,Entities,AMRC,Company,,,,,,,,,[],Entity;Company
world:company:AMSC,2026-06-01,AMSC,[[USA]],step_a_company_stock_split,Entities,AMSC,Company,[[Industrials]],Entities,C:\Users\CaveUser\Documents\Obsidian Vault\World_Machine\Entities\Stocks\AMSC.md,Entities/Stocks/AMSC.md,obsidian://open?vault=World_Machine&file=Entities%2FStocks%2FAMSC.md,World_Machine,Active,Stocks,"[""stock"",""industrials"",""grid"",""power-electronics"",""small-cap""]",Entity;Company
world:company:OC,2026-06-01,OC,,step_a_company_stock_split,Entities,OC,Company,,,,,,,,,[],Entity;Company
world:company:AMT,2026-06-01,AMT,,step_a_company_stock_split,Entities,AMT,Company,,,,,,,,,[],Entity;Company
world:company:AMTX,2026-06-01,AMTX,,step_a_company_stock_split,Entities,AMTX,Company,,,,,,,,,[],Entity;Company
world:company:ORLY,2026-06-01,ORLY,,step_a_company_stock_split,Entities,ORLY,Company,,,,,,,,,[],Entity;Company
world:company:AMZN,2026-06-01,AMZN,[[USA]],step_a_company_stock_split,Entities,AMZN,Company,[[Consumer Discretionary]],Entities,C:\Users\CaveUser\Documents\Obsidian Vault\World_Machine\Entities\Stocks\AMZN.md,Entities/Stocks/AMZN.md,obsidian://open?vault=World_Machine&file=Entities%2FStocks%2FAMZN.md,World_Machine,Active,Stocks,"[""stock"",""consumer-discretionary"",""ecommerce"",""cloud""]",Entity;Company
world:company:PEG,2026-06-01,PEG,,step_a_company_stock_split,Entities,PEG,Company,,,,,,,,,[],Entity;Company
world:company:ANAB,2026-06-01,ANAB,,step_a_company_stock_split,Entities,ANAB,Company,,,,,,,,,[],Entity;Company
world:company:ANET,2026-06-01,ANET,,step_a_company_stock_split,Entities,ANET,Company,,,,,,,,,[],Entity;Company
world:company:NEOG,2026-06-01,NEOG,,step_a_company_stock_split,Entities,NEOG,Company,,,,,,,,,[],Entity;Company
world:company:OR,2026-06-01,OR,,step_a_company_stock_split,Entities,OR,Company,,,,,,,,,[],Entity;Company
world:company:ANGI,2026-06-01,ANGI,,step_a_company_stock_split,Entities,ANGI,Company,,,,,,,,,[],Entity;Company
world:company:ANIP,2026-06-01,ANIP,,step_a_company_stock_split,Entities,ANIP,Company,,,,,,,,,[],Entity;Company
world:company:NKSH,2026-06-01,NKSH,,step_a_company_stock_split,Entities,NKSH,Company,,,,,,,,,[],Entity;Company
world:company:ANNA,2026-06-01,ANNA,,step_a_company_stock_split,Entities,ANNA,Company,,,,,,,,,[],Entity;Company
world:company:PENG,2026-06-01,PENG,,step_a_company_stock_split,Entities,PENG,Company,,,,,,,,,[],Entity;Company
world:company:ORA,2026-06-01,ORA,,step_a_company_stock_split,Entities,ORA,Company,,,,,,,,,[],Entity;Company
world:company:ANRO,2026-06-01,ANRO,[[USA]],step_a_company_stock_split,Entities,ANRO,Company,[[Healthcare]],Entities,C:\Users\CaveUser\Documents\Obsidian Vault\World_Machine\Entities\Stocks\ANRO.md,Entities/Stocks/ANRO.md,obsidian://open?vault=World_Machine&file=Entities%2FStocks%2FANRO.md,World_Machine,Active,Stocks,"[""stock"",""biotech"",""mental-health""]",Entity;Company
world:company:AON,2026-06-01,AON,,step_a_company_stock_split,Entities,AON,Company,,,,,,,,,[],Entity;Company
world:company:AOMR,2026-06-01,AOMR,,step_a_company_stock_split,Entities,AOMR,Company,,,,,,,,,[],Entity;Company
world:company:PDYN,2026-06-01,PDYN,,step_a_company_stock_split,Entities,PDYN,Company,,,,,,,,,[],Entity;Company
world:company:AOS,2026-06-01,AOS,,step_a_company_stock_split,Entities,AOS,Company,,,,,,,,,[],Entity;Company
world:company:AOSL,2026-06-01,AOSL,,step_a_company_stock_split,Entities,AOSL,Company,,,,,,,,,[],Entity;Company
world:company:NDRA,2026-06-01,NDRA,,step_a_company_stock_split,Entities,NDRA,Company,,,,,,,,,[],Entity;Company
world:company:AP,2026-06-01,AP,,step_a_company_stock_split,Entities,AP,Company,,,,,,,,,[],Entity;Company
world:company:NEOV,2026-06-01,NEOV,,step_a_company_stock_split,Entities,NEOV,Company,,,,,,,,,[],Entity;Company
world:company:APA,2026-06-01,APA,,step_a_company_stock_split,Entities,APA,Company,,,,,,,,,[],Entity;Company
world:company:APD,2026-06-01,APD,,step_a_company_stock_split,Entities,APD,Company,,,,,,,,,[],Entity;Company
world:company:APEI,2026-06-01,APEI,,step_a_company_stock_split,Entities,APEI,Company,,,,,,,,,[],Entity;Company
world:company:APH,2026-06-01,APH,,step_a_company_stock_split,Entities,APH,Company,,,,,,,,,[],Entity;Company
world:company:APLS,2026-06-01,APLS,,step_a_company_stock_split,Entities,APLS,Company,,,,,,,,,[],Entity;Company
world:company:APP,2026-06-01,APP,,step_a_company_stock_split,Entities,APP,Company,,,,,,,,,[],Entity;Company
world:company:APO,2026-06-01,APO,,step_a_company_stock_split,Entities,APO,Company,,,,,,,,,[],Entity;Company
world:company:NET,2026-06-01,NET,,step_a_company_stock_split,Entities,NET,Company,,,,,,,,,[],Entity;Company
world:company:APTV,2026-06-01,APTV,,step_a_company_stock_split,Entities,APTV,Company,,,,,,,,,[],Entity;Company
world:company:APPN,2026-06-01,APPN,,step_a_company_stock_split,Entities,APPN,Company,,,,,,,,,[],Entity;Company
world:company:MITT,2026-06-01,MITT,,step_a_company_stock_split,Entities,MITT,Company,,,,,,,,,[],Entity;Company
world:company:NTAP,2026-06-01,NTAP,,step_a_company_stock_split,Entities,NTAP,Company,,,,,,,,,[],Entity;Company
world:company:NEE,2026-06-01,NEE,,step_a_company_stock_split,Entities,NEE,Company,,,,,,,,,[],Entity;Company
world:company:ARE,2026-06-01,ARE,,step_a_company_stock_split,Entities,ARE,Company,,,,,,,,,[],Entity;Company
world:company:PLTR,2026-06-01,PLTR,[[USA]],step_a_company_stock_split,Entities,PLTR,Company,[[Tech Sector]],Entities,C:\Users\CaveUser\Documents\Obsidian Vault\World_Machine\Entities\Stocks\PLTR.md,Entities/Stocks/PLTR.md,obsidian://open?vault=World_Machine&file=Entities%2FStocks%2FPLTR.md,World_Machine,Active,Stocks,"[""stock"",""tech"",""defense"",""software""]",Entity;Company
world:company:OTLK,2026-06-01,OTLK,,step_a_company_stock_split,Entities,OTLK,Company,,,,,,,,,[],Entity;Company
world:company:AREC,2026-06-01,AREC,,step_a_company_stock_split,Entities,AREC,Company,,,,,,,,,[],Entity;Company
world:company:ARES,2026-06-01,ARES,,step_a_company_stock_split,Entities,ARES,Company,,,,,,,,,[],Entity;Company
world:company:ARKO,2026-06-01,ARKO,,step_a_company_stock_split,Entities,ARKO,Company,,,,,,,,,[],Entity;Company
world:company:ARI,2026-06-01,ARI,,step_a_company_stock_split,Entities,ARI,Company,,,,,,,,,[],Entity;Company
world:company:PHM,2026-06-01,PHM,,step_a_company_stock_split,Entities,PHM,Company,,,,,,,,,[],Entity;Company
world:company:PGNY,2026-06-01,PGNY,,step_a_company_stock_split,Entities,PGNY,Company,,,,,,,,,[],Entity;Company
world:company:ARM,2026-06-01,ARM,,step_a_company_stock_split,Entities,ARM,Company,,,,,,,,,[],Entity;Company
world:company:ARQ,2026-06-01,ARQ,,step_a_company_stock_split,Entities,ARQ,Company,,,,,,,,,[],Entity;Company
world:company:ARQQ,2026-06-01,ARQQ,,step_a_company_stock_split,Entities,ARQQ,Company,,,,,,,,,[],Entity;Company
world:company:ARQQW,2026-06-01,ARQQW,,step_a_company_stock_split,Entities,ARQQW,Company,,,,,,,,,[],Entity;Company
world:company:NWS,2026-06-01,NWS,,step_a_company_stock_split,Entities,NWS,Company,,,,,,,,,[],Entity;Company
world:company:ARQT,2026-06-01,ARQT,,step_a_company_stock_split,Entities,ARQT,Company,,,,,,,,,[],Entity;Company
world:company:ARXS,2026-06-01,ARXS,,step_a_company_stock_split,Entities,ARXS,Company,,,,,,,,,[],Entity;Company
world:company:ASCU.TO,2026-06-01,ASCU.TO,,step_a_company_stock_split,Entities,ASCU.TO,Company,,,,,,,,,[],Entity;Company
world:company:ASGN,2026-06-01,ASGN,,step_a_company_stock_split,Entities,ASGN,Company,,,,,,,,,[],Entity;Company
world:company:ASIC,2026-06-01,ASIC,,step_a_company_stock_split,Entities,ASIC,Company,,,,,,,,,[],Entity;Company
world:company:PL,2026-06-01,PL,,step_a_company_stock_split,Entities,PL,Company,,,,,,,,,[],Entity;Company
world:company:PLAY,2026-06-01,PLAY,,step_a_company_stock_split,Entities,PLAY,Company,,,,,,,,,[],Entity;Company
world:company:ASPN,2026-06-01,ASPN,,step_a_company_stock_split,Entities,ASPN,Company,,,,,,,,,[],Entity;Company
world:company:ASST,2026-06-01,ASST,,step_a_company_stock_split,Entities,ASST,Company,,,,,,,,,[],Entity;Company
world:company:ASRT,2026-06-01,ASRT,,step_a_company_stock_split,Entities,ASRT,Company,,,,,,,,,[],Entity;Company
world:company:NOV,2026-06-01,NOV,,step_a_company_stock_split,Entities,NOV,Company,,,,,,,,,[],Entity;Company
world:company:ASTH,2026-06-01,ASTH,,step_a_company_stock_split,Entities,ASTH,Company,,,,,,,,,[],Entity;Company
world:company:ASTS,2026-06-01,ASTS,,step_a_company_stock_split,Entities,ASTS,Company,,,,,,,,,[],Entity;Company
world:company:ATAI,2026-06-01,ATAI,[[USA]],step_a_company_stock_split,Entities,ATAI,Company,[[Healthcare]],Entities,C:\Users\CaveUser\Documents\Obsidian Vault\World_Machine\Entities\Stocks\ATAI.md,Entities/Stocks/ATAI.md,obsidian://open?vault=World_Machine&file=Entities%2FStocks%2FATAI.md,World_Machine,Active,Stocks,"[""stock"",""biotech"",""psychedelics"",""mental-health""]",Entity;Company
world:company:ATEN,2026-06-01,ATEN,,step_a_company_stock_split,Entities,ATEN,Company,,,,,,,,,[],Entity;Company
world:company:ATEX,2026-06-01,ATEX,,step_a_company_stock_split,Entities,ATEX,Company,,,,,,,,,[],Entity;Company
world:company:PEP,2026-06-01,PEP,,step_a_company_stock_split,Entities,PEP,Company,,,,,,,,,[],Entity;Company
world:company:NB,2026-06-01,NB,,step_a_company_stock_split,Entities,NB,Company,,,,,,,,,[],Entity;Company
world:company:ATO,2026-06-01,ATO,,step_a_company_stock_split,Entities,ATO,Company,,,,,,,,,[],Entity;Company
world:company:ATLO,2026-06-01,ATLO,,step_a_company_stock_split,Entities,ATLO,Company,,,,,,,,,[],Entity;Company
world:company:ATLX,2026-06-01,ATLX,,step_a_company_stock_split,Entities,ATLX,Company,,,,,,,,,[],Entity;Company
world:company:ATRA,2026-06-01,ATRA,,step_a_company_stock_split,Entities,ATRA,Company,,,,,,,,,[],Entity;Company
world:company:ODFL,2026-06-01,ODFL,,step_a_company_stock_split,Entities,ODFL,Company,,,,,,,,,[],Entity;Company
world:company:AVAV,2026-06-01,AVAV,[[USA]],step_a_company_stock_split,Entities,AVAV,Company,[[Aerospace & Defense]],Entities,C:\Users\CaveUser\Documents\Obsidian Vault\World_Machine\Entities\Stocks\AVAV.md,Entities/Stocks/AVAV.md,obsidian://open?vault=World_Machine&file=Entities%2FStocks%2FAVAV.md,World_Machine,Active,Stocks,"[""stock"",""defense"",""drones"",""military"",""loitering-munitions""]",Entity;Company
world:company:AVB,2026-06-01,AVB,,step_a_company_stock_split,Entities,AVB,Company,,,,,,,,,[],Entity;Company
world:company:AVBH,2026-06-01,AVBH,,step_a_company_stock_split,Entities,AVBH,Company,,,,,,,,,[],Entity;Company
world:company:AVEX,2026-06-01,AVEX,,step_a_company_stock_split,Entities,AVEX,Company,,,,,,,,,[],Entity;Company
world:company:AVGO,2026-06-01,AVGO,,step_a_company_stock_split,Entities,AVGO,Company,,,,,,,,,[],Entity;Company
world:company:AVNS,2026-06-01,AVNS,,step_a_company_stock_split,Entities,AVNS,Company,,,,,,,,,[],Entity;Company
world:company:AVNW,2026-06-01,AVNW,,step_a_company_stock_split,Entities,AVNW,Company,,,,,,,,,[],Entity;Company
world:company:AVTX,2026-06-01,AVTX,,step_a_company_stock_split,Entities,AVTX,Company,,,,,,,,,[],Entity;Company
world:company:AVY,2026-06-01,AVY,,step_a_company_stock_split,Entities,AVY,Company,,,,,,,,,[],Entity;Company
world:company:PESI,2026-06-01,PESI,,step_a_company_stock_split,Entities,PESI,Company,,,,,,,,,[],Entity;Company
world:company:AWK,2026-06-01,AWK,,step_a_company_stock_split,Entities,AWK,Company,,,,,,,,,[],Entity;Company
world:company:AXIL,2026-06-01,AXIL,,step_a_company_stock_split,Entities,AXIL,Company,,,,,,,,,[],Entity;Company
world:company:AXON,2026-06-01,AXON,,step_a_company_stock_split,Entities,AXON,Company,,,,,,,,,[],Entity;Company
world:company:AXP,2026-06-01,AXP,[[USA]],step_a_company_stock_split,Entities,AXP,Company,[[Financials]],Entities,C:\Users\CaveUser\Documents\Obsidian Vault\World_Machine\Entities\Stocks\AXP.md,Entities/Stocks/AXP.md,obsidian://open?vault=World_Machine&file=Entities%2FStocks%2FAXP.md,World_Machine,Active,Stocks,"[""stock"",""financials"",""payments"",""quality""]",Entity;Company
world:company:AXR,2026-06-01,AXR,,step_a_company_stock_split,Entities,AXR,Company,,,,,,,,,[],Entity;Company
world:company:OUST,2026-06-01,OUST,,step_a_company_stock_split,Entities,OUST,Company,,,,,,,,,[],Entity;Company
world:company:AZO,2026-06-01,AZO,,step_a_company_stock_split,Entities,AZO,Company,,,,,,,,,[],Entity;Company
world:company:AXTI,2026-06-01,AXTI,,step_a_company_stock_split,Entities,AXTI,Company,,,,,,,,,[],Entity;Company
world:company:NTRS,2026-06-01,NTRS,,step_a_company_stock_split,Entities,NTRS,Company,,,,,,,,,[],Entity;Company
world:company:AZTA,2026-06-01,AZTA,,step_a_company_stock_split,Entities,AZTA,Company,,,,,,,,,[],Entity;Company
world:company:BA,2026-06-01,BA,,step_a_company_stock_split,Entities,BA,Company,,,,,,,,,[],Entity;Company
world:company:NKTR,2026-06-01,NKTR,[[USA]],step_a_company_stock_split,Entities,NKTR,Company,[[Healthcare]],Entities,C:\Users\CaveUser\Documents\Obsidian Vault\World_Machine\Entities\Stocks\NKTR.md,Entities/Stocks/NKTR.md,obsidian://open?vault=World_Machine&file=Entities%2FStocks%2FNKTR.md,World_Machine,Active,Stocks,"[""stock"",""smallcap"",""healthcare"",""biotech"",""special-situations""]",Entity;Company
world:company:BAC,2026-06-01,BAC,,step_a_company_stock_split,Entities,BAC,Company,,,,,,,,,[],Entity;Company
world:company:BAER,2026-06-01,BAER,,step_a_company_stock_split,Entities,BAER,Company,,,,,,,,,[],Entity;Company
world:company:BAH,2026-06-01,BAH,,step_a_company_stock_split,Entities,BAH,Company,,,,,,,,,[],Entity;Company
world:company:BALL,2026-06-01,BALL,,step_a_company_stock_split,Entities,BALL,Company,,,,,,,,,[],Entity;Company
world:company:PODD,2026-06-01,PODD,,step_a_company_stock_split,Entities,PODD,Company,,,,,,,,,[],Entity;Company
world:company:BAND,2026-06-01,BAND,,step_a_company_stock_split,Entities,BAND,Company,,,,,,,,,[],Entity;Company
world:company:BARDA,2026-06-01,BARDA,,step_a_company_stock_split,Entities,BARDA,Company,,,,,,,,,[],Entity;Company
world:company:BATL,2026-06-01,BATL,,step_a_company_stock_split,Entities,BATL,Company,,,,,,,,,[],Entity;Company
world:company:BBAI,2026-06-01,BBAI,,step_a_company_stock_split,Entities,BBAI,Company,,,,,,,,,[],Entity;Company
world:company:BAX,2026-06-01,BAX,,step_a_company_stock_split,Entities,BAX,Company,,,,,,,,,[],Entity;Company
world:company:PPL,2026-06-01,PPL,,step_a_company_stock_split,Entities,PPL,Company,,,,,,,,,[],Entity;Company
world:company:BBBY,2026-06-01,BBBY,,step_a_company_stock_split,Entities,BBBY,Company,,,,,,,,,[],Entity;Company
world:company:BBY,2026-06-01,BBY,,step_a_company_stock_split,Entities,BBY,Company,,,,,,,,,[],Entity;Company
world:company:NWL,2026-06-01,NWL,,step_a_company_stock_split,Entities,NWL,Company,,,,,,,,,[],Entity;Company
world:company:BBJP,2026-06-01,BBJP,,step_a_company_stock_split,Entities,BBJP,Company,,,,,,,,,[],Entity;Company
world:company:PPIH,2026-06-01,PPIH,[[USA]],step_a_company_stock_split,Entities,PPIH,Company,[[Industrials]],Entities,C:\Users\CaveUser\Documents\Obsidian Vault\World_Machine\Entities\Stocks\PPIH.md,Entities/Stocks/PPIH.md,obsidian://open?vault=World_Machine&file=Entities%2FStocks%2FPPIH.md,World_Machine,Active,Stocks,"[""stock"",""microcap"",""industrials"",""special-situations""]",Entity;Company
world:company:PSTL,2026-06-01,PSTL,,step_a_company_stock_split,Entities,PSTL,Company,,,,,,,,,[],Entity;Company
world:company:BCRX,2026-06-01,BCRX,,step_a_company_stock_split,Entities,BCRX,Company,,,,,,,,,[],Entity;Company
world:company:BDX,2026-06-01,BDX,,step_a_company_stock_split,Entities,BDX,Company,,,,,,,,,[],Entity;Company
world:company:BEAM,2026-06-01,BEAM,,step_a_company_stock_split,Entities,BEAM,Company,,,,,,,,,[],Entity;Company
world:company:OMC,2026-06-01,OMC,,step_a_company_stock_split,Entities,OMC,Company,,,,,,,,,[],Entity;Company
world:company:BEN,2026-06-01,BEN,,step_a_company_stock_split,Entities,BEN,Company,,,,,,,,,[],Entity;Company
world:company:BETR,2026-06-01,BETR,,step_a_company_stock_split,Entities,BETR,Company,,,,,,,,,[],Entity;Company
world:company:BF-B,2026-06-01,BF-B,,step_a_company_stock_split,Entities,BF-B,Company,,,,,,,,,[],Entity;Company
world:company:BFC,2026-06-01,BFC,,step_a_company_stock_split,Entities,BFC,Company,,,,,,,,,[],Entity;Company
world:company:BG,2026-06-01,BG,,step_a_company_stock_split,Entities,BG,Company,,,,,,,,,[],Entity;Company
world:company:NUAI,2026-06-01,NUAI,,step_a_company_stock_split,Entities,NUAI,Company,,,,,,,,,[],Entity;Company
world:company:BGS,2026-06-01,BGS,,step_a_company_stock_split,Entities,BGS,Company,,,,,,,,,[],Entity;Company
world:company:PIPR,2026-06-01,PIPR,,step_a_company_stock_split,Entities,PIPR,Company,,,,,,,,,[],Entity;Company
world:company:BH,2026-06-01,BH,,step_a_company_stock_split,Entities,BH,Company,,,,,,,,,[],Entity;Company
world:company:BIIB,2026-06-01,BIIB,,step_a_company_stock_split,Entities,BIIB,Company,,,,,,,,,[],Entity;Company
world:company:KR,2026-06-01,KR,,step_a_company_stock_split,Entities,KR,Company,,,,,,,,,[],Entity;Company
world:company:BJ,2026-06-01,BJ,,step_a_company_stock_split,Entities,BJ,Company,,,,,,,,,[],Entity;Company
world:company:BK,2026-06-01,BK,,step_a_company_stock_split,Entities,BK,Company,,,,,,,,,[],Entity;Company
world:company:BKH,2026-06-01,BKH,,step_a_company_stock_split,Entities,BKH,Company,,,,,,,,,[],Entity;Company
world:company:PWP,2026-06-01,PWP,,step_a_company_stock_split,Entities,PWP,Company,,,,,,,,,[],Entity;Company
world:company:BKKT,2026-06-01,BKKT,,step_a_company_stock_split,Entities,BKKT,Company,,,,,,,,,[],Entity;Company
world:company:BKNG,2026-06-01,BKNG,,step_a_company_stock_split,Entities,BKNG,Company,,,,,,,,,[],Entity;Company
world:company:BKR,2026-06-01,BKR,,step_a_company_stock_split,Entities,BKR,Company,,,,,,,,,[],Entity;Company
world:company:BKSY,2026-06-01,BKSY,,step_a_company_stock_split,Entities,BKSY,Company,,,,,,,,,[],Entity;Company
world:company:PINE,2026-06-01,PINE,,step_a_company_stock_split,Entities,PINE,Company,,,,,,,,,[],Entity;Company
world:company:OMDA,2026-06-01,OMDA,,step_a_company_stock_split,Entities,OMDA,Company,,,,,,,,,[],Entity;Company
world:company:BL,2026-06-01,BL,,step_a_company_stock_split,Entities,BL,Company,,,,,,,,,[],Entity;Company
world:company:BLBD,2026-06-01,BLBD,,step_a_company_stock_split,Entities,BLBD,Company,,,,,,,,,[],Entity;Company
world:company:BLFY,2026-06-01,BLFY,,step_a_company_stock_split,Entities,BLFY,Company,,,,,,,,,[],Entity;Company
world:company:BLDR,2026-06-01,BLDR,,step_a_company_stock_split,Entities,BLDR,Company,,,,,,,,,[],Entity;Company
world:company:ORC,2026-06-01,ORC,,step_a_company_stock_split,Entities,ORC,Company,,,,,,,,,[],Entity;Company
world:company:BLK,2026-06-01,BLK,,step_a_company_stock_split,Entities,BLK,Company,,,,,,,,,[],Entity;Company
world:company:BLKB,2026-06-01,BLKB,,step_a_company_stock_split,Entities,BLKB,Company,,,,,,,,,[],Entity;Company
world:company:BMY,2026-06-01,BMY,,step_a_company_stock_split,Entities,BMY,Company,,,,,,,,,[],Entity;Company
world:company:BLMN,2026-06-01,BLMN,[[USA]],step_a_company_stock_split,Entities,BLMN,Company,[[Consumer Discretionary]],Entities,C:\Users\CaveUser\Documents\Obsidian Vault\World_Machine\Entities\Stocks\BLMN.md,Entities/Stocks/BLMN.md,obsidian://open?vault=World_Machine&file=Entities%2FStocks%2FBLMN.md,World_Machine,Active,Stocks,"[""stock"",""consumer-discretionary"",""restaurants"",""turnaround"",""small-cap"",""casual-dining""]",Entity;Company
world:company:NYT,2026-06-01,NYT,,step_a_company_stock_split,Entities,NYT,Company,,,,,,,,,[],Entity;Company
world:company:BNAI,2026-06-01,BNAI,,step_a_company_stock_split,Entities,BNAI,Company,,,,,,,,,[],Entity;Company
world:company:BND,2026-06-01,BND,,step_a_company_stock_split,Entities,BND,Company,,,,,,,,,[],Entity;Company
world:company:BODI,2026-06-01,BODI,,step_a_company_stock_split,Entities,BODI,Company,,,,,,,,,[],Entity;Company
world:company:BOF,2026-06-01,BOF,,step_a_company_stock_split,Entities,BOF,Company,,,,,,,,,[],Entity;Company
world:company:BOOM,2026-06-01,BOOM,,step_a_company_stock_split,Entities,BOOM,Company,,,,,,,,,[],Entity;Company
world:company:BOOT,2026-06-01,BOOT,,step_a_company_stock_split,Entities,BOOT,Company,,,,,,,,,[],Entity;Company
world:company:BOW,2026-06-01,BOW,,step_a_company_stock_split,Entities,BOW,Company,,,,,,,,,[],Entity;Company
world:company:BR,2026-06-01,BR,,step_a_company_stock_split,Entities,BR,Company,,,,,,,,,[],Entity;Company
world:company:BRBR,2026-06-01,BRBR,[[USA]],step_a_company_stock_split,Entities,BRBR,Company,[[Consumer Staples]],Entities,C:\Users\CaveUser\Documents\Obsidian Vault\World_Machine\Entities\Stocks\BRBR.md,Entities/Stocks/BRBR.md,obsidian://open?vault=World_Machine&file=Entities%2FStocks%2FBRBR.md,World_Machine,Active,Stocks,"[""stock"",""smallcap"",""consumer-staples"",""special-situations""]",Entity;Company
world:company:OPY,2026-06-01,OPY,,step_a_company_stock_split,Entities,OPY,Company,,,,,,,,,[],Entity;Company
world:company:BRCB,2026-06-01,BRCB,,step_a_company_stock_split,Entities,BRCB,Company,,,,,,,,,[],Entity;Company
world:company:BRK_B,2026-06-01,BRK_B,[[USA]],step_a_company_stock_split,Entities,BRK_B,Company,[[Financials]],Entities,C:\Users\CaveUser\Documents\Obsidian Vault\World_Machine\Entities\Stocks\BRK_B.md,Entities/Stocks/BRK_B.md,obsidian://open?vault=World_Machine&file=Entities%2FStocks%2FBRK_B.md,World_Machine,Active,Stocks,"[""stock"",""financials"",""conglomerate"",""insurance""]",Entity;Company
world:company:BRO,2026-06-01,BRO,,step_a_company_stock_split,Entities,BRO,Company,,,,,,,,,[],Entity;Company
world:company:BROS,2026-06-01,BROS,,step_a_company_stock_split,Entities,BROS,Company,,,,,,,,,[],Entity;Company
world:company:BSX,2026-06-01,BSX,,step_a_company_stock_split,Entities,BSX,Company,,,,,,,,,[],Entity;Company
world:company:BTGO,2026-06-01,BTGO,,step_a_company_stock_split,Entities,BTGO,Company,,,,,,,,,[],Entity;Company
world:company:BTM,2026-06-01,BTM,,step_a_company_stock_split,Entities,BTM,Company,,,,,,,,,[],Entity;Company
world:company:BULL,2026-06-01,BULL,,step_a_company_stock_split,Entities,BULL,Company,,,,,,,,,[],Entity;Company
world:company:PANW,2026-06-01,PANW,,step_a_company_stock_split,Entities,PANW,Company,,,,,,,,,[],Entity;Company
world:company:BWA,2026-06-01,BWA,,step_a_company_stock_split,Entities,BWA,Company,,,,,,,,,[],Entity;Company
world:company:BWEN,2026-06-01,BWEN,,step_a_company_stock_split,Entities,BWEN,Company,,,,,,,,,[],Entity;Company
world:company:ORKA,2026-06-01,ORKA,,step_a_company_stock_split,Entities,ORKA,Company,,,,,,,,,[],Entity;Company
world:company:BWIN,2026-06-01,BWIN,,step_a_company_stock_split,Entities,BWIN,Company,,,,,,,,,[],Entity;Company
world:company:BX,2026-06-01,BX,,step_a_company_stock_split,Entities,BX,Company,,,,,,,,,[],Entity;Company
world:company:BXP,2026-06-01,BXP,,step_a_company_stock_split,Entities,BXP,Company,,,,,,,,,[],Entity;Company
world:company:BYND,2026-06-01,BYND,,step_a_company_stock_split,Entities,BYND,Company,,,,,,,,,[],Entity;Company
world:company:C,2026-06-01,C,,step_a_company_stock_split,Entities,C,Company,,,,,,,,,[],Entity;Company
world:company:PNC,2026-06-01,PNC,,step_a_company_stock_split,Entities,PNC,Company,,,,,,,,,[],Entity;Company
world:company:CACI,2026-06-01,CACI,,step_a_company_stock_split,Entities,CACI,Company,,,,,,,,,[],Entity;Company
world:company:PRA,2026-06-01,PRA,,step_a_company_stock_split,Entities,PRA,Company,,,,,,,,,[],Entity;Company
world:company:CABO,2026-06-01,CABO,,step_a_company_stock_split,Entities,CABO,Company,,,,,,,,,[],Entity;Company
world:company:CAE,2026-06-01,CAE,,step_a_company_stock_split,Entities,CAE,Company,,,,,,,,,[],Entity;Company
world:company:PFG,2026-06-01,PFG,,step_a_company_stock_split,Entities,PFG,Company,,,,,,,,,[],Entity;Company
world:company:CAG,2026-06-01,CAG,,step_a_company_stock_split,Entities,CAG,Company,,,,,,,,,[],Entity;Company
world:company:QCOM,2026-06-01,QCOM,,step_a_company_stock_split,Entities,QCOM,Company,,,,,,,,,[],Entity;Company
world:company:NCMI,2026-06-01,NCMI,,step_a_company_stock_split,Entities,NCMI,Company,,,,,,,,,[],Entity;Company
world:company:CAH,2026-06-01,CAH,,step_a_company_stock_split,Entities,CAH,Company,,,,,,,,,[],Entity;Company
world:company:BW,2026-06-01,BW,[[USA]],step_a_company_stock_split,Entities,BW,Company,[[Industrials]],Entities,C:\Users\CaveUser\Documents\Obsidian Vault\World_Machine\Entities\Stocks\BW.md,Entities/Stocks/BW.md,obsidian://open?vault=World_Machine&file=Entities%2FStocks%2FBW.md,World_Machine,Active,Stocks,"[""stock"",""smallcap"",""industrials"",""special-situations""]",Entity;Company
world:company:NTLA,2026-06-01,NTLA,,step_a_company_stock_split,Entities,NTLA,Company,,,,,,,,,[],Entity;Company
world:company:CAPR,2026-06-01,CAPR,,step_a_company_stock_split,Entities,CAPR,Company,,,,,,,,,[],Entity;Company
world:company:OXY,2026-06-01,OXY,[[USA]],step_a_company_stock_split,Entities,OXY,Company,[[Energy]],Entities,C:\Users\CaveUser\Documents\Obsidian Vault\World_Machine\Entities\Stocks\OXY.md,Entities/Stocks/OXY.md,obsidian://open?vault=World_Machine&file=Entities%2FStocks%2FOXY.md,World_Machine,Active,Stocks,"[""stock"",""energy"",""oil"",""shale""]",Entity;Company
world:company:CARR,2026-06-01,CARR,,step_a_company_stock_split,Entities,CARR,Company,,,,,,,,,[],Entity;Company
world:company:NE,2026-06-01,NE,,step_a_company_stock_split,Entities,NE,Company,,,,,,,,,[],Entity;Company
world:company:CASH,2026-06-01,CASH,,step_a_company_stock_split,Entities,CASH,Company,,,,,,,,,[],Entity;Company
world:company:NRGV,2026-06-01,NRGV,,step_a_company_stock_split,Entities,NRGV,Company,,,,,,,,,[],Entity;Company
world:company:CASY,2026-06-01,CASY,,step_a_company_stock_split,Entities,CASY,Company,,,,,,,,,[],Entity;Company
world:company:PPI,2026-06-01,PPI,,step_a_company_stock_split,Entities,PPI,Company,,,,,,,,,[],Entity;Company
world:company:CAT,2026-06-01,CAT,[[USA]],step_a_company_stock_split,Entities,CAT,Company,[[Industrials]],Entities,C:\Users\CaveUser\Documents\Obsidian Vault\World_Machine\Entities\Stocks\CAT.md,Entities/Stocks/CAT.md,obsidian://open?vault=World_Machine&file=Entities%2FStocks%2FCAT.md,World_Machine,Active,Stocks,"[""stock"",""industrials"",""machinery"",""cyclicals""]",Entity;Company
world:company:NUS,2026-06-01,NUS,,step_a_company_stock_split,Entities,NUS,Company,,,,,,,,,[],Entity;Company
world:company:CATO,2026-06-01,CATO,,step_a_company_stock_split,Entities,CATO,Company,,,,,,,,,[],Entity;Company
world:company:NTES,2026-06-01,NTES,,step_a_company_stock_split,Entities,NTES,Company,,,,,,,,,[],Entity;Company
world:company:CAVA,2026-06-01,CAVA,,step_a_company_stock_split,Entities,CAVA,Company,,,,,,,,,[],Entity;Company
world:company:CB,2026-06-01,CB,,step_a_company_stock_split,Entities,CB,Company,,,,,,,,,[],Entity;Company
world:company:PAA,2026-06-01,PAA,,step_a_company_stock_split,Entities,PAA,Company,,,,,,,,,[],Entity;Company
world:company:NPKI,2026-06-01,NPKI,,step_a_company_stock_split,Entities,NPKI,Company,,,,,,,,,[],Entity;Company
world:company:CBRE,2026-06-01,CBRE,,step_a_company_stock_split,Entities,CBRE,Company,,,,,,,,,[],Entity;Company
world:company:PZZA,2026-06-01,PZZA,,step_a_company_stock_split,Entities,PZZA,Company,,,,,,,,,[],Entity;Company
world:company:CBZ,2026-06-01,CBZ,,step_a_company_stock_split,Entities,CBZ,Company,,,,,,,,,[],Entity;Company
world:company:CCI,2026-06-01,CCI,,step_a_company_stock_split,Entities,CCI,Company,,,,,,,,,[],Entity;Company
world:company:NCLH,2026-06-01,NCLH,,step_a_company_stock_split,Entities,NCLH,Company,,,,,,,,,[],Entity;Company
world:company:CCJ,2026-06-01,CCJ,,step_a_company_stock_split,Entities,CCJ,Company,,,,,,,,,[],Entity;Company
world:company:CCL,2026-06-01,CCL,,step_a_company_stock_split,Entities,CCL,Company,,,,,,,,,[],Entity;Company
world:company:CCOI,2026-06-01,CCOI,,step_a_company_stock_split,Entities,CCOI,Company,,,,,,,,,[],Entity;Company
world:company:CCL.L,2026-06-01,CCL.L,,step_a_company_stock_split,Entities,CCL.L,Company,,,,,,,,,[],Entity;Company
world:company:CCO,2026-06-01,CCO,,step_a_company_stock_split,Entities,CCO,Company,,,,,,,,,[],Entity;Company
world:company:PVLA,2026-06-01,PVLA,,step_a_company_stock_split,Entities,PVLA,Company,,,,,,,,,[],Entity;Company
world:company:PVH,2026-06-01,PVH,,step_a_company_stock_split,Entities,PVH,Company,,,,,,,,,[],Entity;Company
world:company:PKG,2026-06-01,PKG,,step_a_company_stock_split,Entities,PKG,Company,,,,,,,,,[],Entity;Company
world:company:CDLX,2026-06-01,CDLX,,step_a_company_stock_split,Entities,CDLX,Company,,,,,,,,,[],Entity;Company
world:company:CDNS,2026-06-01,CDNS,,step_a_company_stock_split,Entities,CDNS,Company,,,,,,,,,[],Entity;Company
world:company:CDW,2026-06-01,CDW,,step_a_company_stock_split,Entities,CDW,Company,,,,,,,,,[],Entity;Company
world:company:CDZI,2026-06-01,CDZI,,step_a_company_stock_split,Entities,CDZI,Company,,,,,,,,,[],Entity;Company
world:company:OSS,2026-06-01,OSS,,step_a_company_stock_split,Entities,OSS,Company,,,,,,,,,[],Entity;Company
world:company:CEG,2026-06-01,CEG,[[USA]],step_a_company_stock_split,Entities,CEG,Company,[[Utilities]],Entities,C:\Users\CaveUser\Documents\Obsidian Vault\World_Machine\Entities\Stocks\CEG.md,Entities/Stocks/CEG.md,obsidian://open?vault=World_Machine&file=Entities%2FStocks%2FCEG.md,World_Machine,Active,Stocks,"[""stock"",""utilities"",""nuclear"",""power""]",Entity;Company
world:company:CELH,2026-06-01,CELH,,step_a_company_stock_split,Entities,CELH,Company,,,,,,,,,[],Entity;Company
world:company:NVO,2026-06-01,NVO,,step_a_company_stock_split,Entities,NVO,Company,,,,,,,,,[],Entity;Company
world:company:CENT,2026-06-01,CENT,,step_a_company_stock_split,Entities,CENT,Company,,,,,,,,,[],Entity;Company
world:company:NXT,2026-06-01,NXT,,step_a_company_stock_split,Entities,NXT,Company,,,,,,,,,[],Entity;Company
world:company:CF,2026-06-01,CF,,step_a_company_stock_split,Entities,CF,Company,,,,,,,,,[],Entity;Company
world:company:CFG,2026-06-01,CFG,,step_a_company_stock_split,Entities,CFG,Company,,,,,,,,,[],Entity;Company
world:company:CGEH,2026-06-01,CGEH,,step_a_company_stock_split,Entities,CGEH,Company,,,,,,,,,[],Entity;Company
world:company:PROP,2026-06-01,PROP,,step_a_company_stock_split,Entities,PROP,Company,,,,,,,,,[],Entity;Company
world:company:O,2026-06-01,O,,step_a_company_stock_split,Entities,O,Company,,,,,,,,,[],Entity;Company
world:company:CGNX,2026-06-01,CGNX,,step_a_company_stock_split,Entities,CGNX,Company,,,,,,,,,[],Entity;Company
world:company:CGTX,2026-06-01,CGTX,,step_a_company_stock_split,Entities,CGTX,Company,,,,,,,,,[],Entity;Company
world:company:CHD,2026-06-01,CHD,,step_a_company_stock_split,Entities,CHD,Company,,,,,,,,,[],Entity;Company
world:company:CHGG,2026-06-01,CHGG,,step_a_company_stock_split,Entities,CHGG,Company,,,,,,,,,[],Entity;Company
world:company:CHPT,2026-06-01,CHPT,,step_a_company_stock_split,Entities,CHPT,Company,,,,,,,,,[],Entity;Company
world:company:CHRD,2026-06-01,CHRD,,step_a_company_stock_split,Entities,CHRD,Company,,,,,,,,,[],Entity;Company
world:company:OCUL,2026-06-01,OCUL,,step_a_company_stock_split,Entities,OCUL,Company,,,,,,,,,[],Entity;Company
world:company:PZG,2026-06-01,PZG,,step_a_company_stock_split,Entities,PZG,Company,,,,,,,,,[],Entity;Company
world:company:CHRW,2026-06-01,CHRW,,step_a_company_stock_split,Entities,CHRW,Company,,,,,,,,,[],Entity;Company
world:company:CHTR,2026-06-01,CHTR,,step_a_company_stock_split,Entities,CHTR,Company,,,,,,,,,[],Entity;Company
world:company:CHWY,2026-06-01,CHWY,,step_a_company_stock_split,Entities,CHWY,Company,,,,,,,,,[],Entity;Company
world:company:CIEN,2026-06-01,CIEN,,step_a_company_stock_split,Entities,CIEN,Company,,,,,,,,,[],Entity;Company
world:company:CI,2026-06-01,CI,,step_a_company_stock_split,Entities,CI,Company,,,,,,,,,[],Entity;Company
world:company:NPK,2026-06-01,NPK,,step_a_company_stock_split,Entities,NPK,Company,,,,,,,,,[],Entity;Company
world:company:INSP,2026-06-01,INSP,,step_a_company_stock_split,Entities,INSP,Company,,,,,,,,,[],Entity;Company
world:company:CINF,2026-06-01,CINF,,step_a_company_stock_split,Entities,CINF,Company,,,,,,,,,[],Entity;Company
world:company:PRG,2026-06-01,PRG,,step_a_company_stock_split,Entities,PRG,Company,,,,,,,,,[],Entity;Company
world:company:NIO,2026-06-01,NIO,,step_a_company_stock_split,Entities,NIO,Company,,,,,,,,,[],Entity;Company
world:company:CL,2026-06-01,CL,,step_a_company_stock_split,Entities,CL,Company,,,,,,,,,[],Entity;Company
world:company:CLBK,2026-06-01,CLBK,,step_a_company_stock_split,Entities,CLBK,Company,,,,,,,,,[],Entity;Company
world:company:CLNN,2026-06-01,CLNN,,step_a_company_stock_split,Entities,CLNN,Company,,,,,,,,,[],Entity;Company
world:company:CLOV,2026-06-01,CLOV,,step_a_company_stock_split,Entities,CLOV,Company,,,,,,,,,[],Entity;Company
world:company:PEPG,2026-06-01,PEPG,,step_a_company_stock_split,Entities,PEPG,Company,,,,,,,,,[],Entity;Company
world:company:PRKS,2026-06-01,PRKS,[[USA]],step_a_company_stock_split,Entities,PRKS,Company,[[Consumer Discretionary]],Entities,C:\Users\CaveUser\Documents\Obsidian Vault\World_Machine\Entities\Stocks\PRKS.md,Entities/Stocks/PRKS.md,obsidian://open?vault=World_Machine&file=Entities%2FStocks%2FPRKS.md,World_Machine,Active,Stocks,"[""stock"",""smallcap"",""consumer-discretionary"",""special-situations""]",Entity;Company
world:company:CLPT,2026-06-01,CLPT,,step_a_company_stock_split,Entities,CLPT,Company,,,,,,,,,[],Entity;Company
world:company:NIPG,2026-06-01,NIPG,,step_a_company_stock_split,Entities,NIPG,Company,,,,,,,,,[],Entity;Company
world:company:CLW,2026-06-01,CLW,,step_a_company_stock_split,Entities,CLW,Company,,,,,,,,,[],Entity;Company
world:company:CMCSA,2026-06-01,CMCSA,,step_a_company_stock_split,Entities,CMCSA,Company,,,,,,,,,[],Entity;Company
world:company:CLX,2026-06-01,CLX,,step_a_company_stock_split,Entities,CLX,Company,,,,,,,,,[],Entity;Company
world:company:NRG,2026-06-01,NRG,[[USA]],step_a_company_stock_split,Entities,NRG,Company,[[Utilities]],Entities,C:\Users\CaveUser\Documents\Obsidian Vault\World_Machine\Entities\Stocks\NRG.md,Entities/Stocks/NRG.md,obsidian://open?vault=World_Machine&file=Entities%2FStocks%2FNRG.md,World_Machine,Active,Stocks,"[""stock"",""utilities"",""power"",""merchant-generation""]",Entity;Company
world:company:CME,2026-06-01,CME,,step_a_company_stock_split,Entities,CME,Company,,,,,,,,,[],Entity;Company
world:company:CMG,2026-06-01,CMG,,step_a_company_stock_split,Entities,CMG,Company,,,,,,,,,[],Entity;Company
world:company:PENN,2026-06-01,PENN,,step_a_company_stock_split,Entities,PENN,Company,,,,,,,,,[],Entity;Company
world:company:CMI,2026-06-01,CMI,,step_a_company_stock_split,Entities,CMI,Company,,,,,,,,,[],Entity;Company
world:company:CMND,2026-06-01,CMND,[[Canada]],step_a_company_stock_split,Entities,CMND,Company,[[Healthcare]],Entities,C:\Users\CaveUser\Documents\Obsidian Vault\World_Machine\Entities\Stocks\CMND.md,Entities/Stocks/CMND.md,obsidian://open?vault=World_Machine&file=Entities%2FStocks%2FCMND.md,World_Machine,Watching,Stocks,"[""stock"",""biotech"",""psychedelics""]",Entity;Company
world:company:CMP,2026-06-01,CMP,,step_a_company_stock_split,Entities,CMP,Company,,,,,,,,,[],Entity;Company
world:company:DRUG,2026-06-01,DRUG,[[USA]],step_a_company_stock_split,Entities,DRUG,Company,[[Healthcare]],Entities,C:\Users\CaveUser\Documents\Obsidian Vault\World_Machine\Entities\Stocks\DRUG.md,Entities/Stocks/DRUG.md,obsidian://open?vault=World_Machine&file=Entities%2FStocks%2FDRUG.md,World_Machine,Active,Stocks,"[""stock"",""biotech"",""psychedelics"",""mental-health""]",Entity;Company
world:company:CMPS,2026-06-01,CMPS,[[UK]],step_a_company_stock_split,Entities,CMPS,Company,[[Healthcare]],Entities,C:\Users\CaveUser\Documents\Obsidian Vault\World_Machine\Entities\Stocks\CMPS.md,Entities/Stocks/CMPS.md,obsidian://open?vault=World_Machine&file=Entities%2FStocks%2FCMPS.md,World_Machine,Active,Stocks,"[""stock"",""biotech"",""psychedelics"",""mental-health""]",Entity;Company
world:company:CMPX,2026-06-01,CMPX,,step_a_company_stock_split,Entities,CMPX,Company,,,,,,,,,[],Entity;Company
world:company:CMS,2026-06-01,CMS,,step_a_company_stock_split,Entities,CMS,Company,,,,,,,,,[],Entity;Company
world:company:CMTG,2026-06-01,CMTG,,step_a_company_stock_split,Entities,CMTG,Company,,,,,,,,,[],Entity;Company
world:company:CMTL,2026-06-01,CMTL,,step_a_company_stock_split,Entities,CMTL,Company,,,,,,,,,[],Entity;Company
world:company:CNC,2026-06-01,CNC,,step_a_company_stock_split,Entities,CNC,Company,,,,,,,,,[],Entity;Company
world:company:CNDT,2026-06-01,CNDT,,step_a_company_stock_split,Entities,CNDT,Company,,,,,,,,,[],Entity;Company
world:company:PLPC,2026-06-01,PLPC,,step_a_company_stock_split,Entities,PLPC,Company,,,,,,,,,[],Entity;Company
world:company:PHG,2026-06-01,PHG,,step_a_company_stock_split,Entities,PHG,Company,,,,,,,,,[],Entity;Company
world:company:PLMK,2026-06-01,PLMK,,step_a_company_stock_split,Entities,PLMK,Company,,,,,,,,,[],Entity;Company
world:company:CNP,2026-06-01,CNP,,step_a_company_stock_split,Entities,CNP,Company,,,,,,,,,[],Entity;Company
world:company:NDSN,2026-06-01,NDSN,,step_a_company_stock_split,Entities,NDSN,Company,,,,,,,,,[],Entity;Company
world:company:OPAL,2026-06-01,OPAL,,step_a_company_stock_split,Entities,OPAL,Company,,,,,,,,,[],Entity;Company
world:company:OKE,2026-06-01,OKE,,step_a_company_stock_split,Entities,OKE,Company,,,,,,,,,[],Entity;Company
world:company:CNX,2026-06-01,CNX,,step_a_company_stock_split,Entities,CNX,Company,,,,,,,,,[],Entity;Company
world:company:CNXC,2026-06-01,CNXC,,step_a_company_stock_split,Entities,CNXC,Company,,,,,,,,,[],Entity;Company
world:company:COCP,2026-06-01,COCP,,step_a_company_stock_split,Entities,COCP,Company,,,,,,,,,[],Entity;Company
world:company:NWBI,2026-06-01,NWBI,,step_a_company_stock_split,Entities,NWBI,Company,,,,,,,,,[],Entity;Company
world:company:PNNT,2026-06-01,PNNT,,step_a_company_stock_split,Entities,PNNT,Company,,,,,,,,,[],Entity;Company
world:company:NOW,2026-06-01,NOW,,step_a_company_stock_split,Entities,NOW,Company,,,,,,,,,[],Entity;Company
world:company:CODI-PB,2026-06-01,CODI-PB,,step_a_company_stock_split,Entities,CODI-PB,Company,,,,,,,,,[],Entity;Company
world:company:POOL,2026-06-01,POOL,,step_a_company_stock_split,Entities,POOL,Company,,,,,,,,,[],Entity;Company
world:company:COF,2026-06-01,COF,,step_a_company_stock_split,Entities,COF,Company,,,,,,,,,[],Entity;Company
world:company:NSC,2026-06-01,NSC,,step_a_company_stock_split,Entities,NSC,Company,,,,,,,,,[],Entity;Company
world:company:COHR,2026-06-01,COHR,,step_a_company_stock_split,Entities,COHR,Company,,,,,,,,,[],Entity;Company
world:company:PKST,2026-06-01,PKST,,step_a_company_stock_split,Entities,PKST,Company,,,,,,,,,[],Entity;Company
world:company:GWW,2026-06-01,GWW,,step_a_company_stock_split,Entities,GWW,Company,,,,,,,,,[],Entity;Company
world:company:COIN,2026-06-01,COIN,[[USA]],step_a_company_stock_split,Entities,COIN,Company,[[Financials]],Entities,C:\Users\CaveUser\Documents\Obsidian Vault\World_Machine\Entities\Stocks\COIN.md,Entities/Stocks/COIN.md,obsidian://open?vault=World_Machine&file=Entities%2FStocks%2FCOIN.md,World_Machine,Active,Stocks,"[""stock"",""financials"",""crypto"",""exchange""]",Entity;Company
world:company:COKE,2026-06-01,COKE,,step_a_company_stock_split,Entities,COKE,Company,,,,,,,,,[],Entity;Company
world:company:PSKY,2026-06-01,PSKY,,step_a_company_stock_split,Entities,PSKY,Company,,,,,,,,,[],Entity;Company
world:company:COO,2026-06-01,COO,,step_a_company_stock_split,Entities,COO,Company,,,,,,,,,[],Entity;Company
world:company:COP,2026-06-01,COP,,step_a_company_stock_split,Entities,COP,Company,,,,,,,,,[],Entity;Company
world:company:COR,2026-06-01,COR,,step_a_company_stock_split,Entities,COR,Company,,,,,,,,,[],Entity;Company
world:company:CORZ,2026-06-01,CORZ,,step_a_company_stock_split,Entities,CORZ,Company,,,,,,,,,[],Entity;Company
world:company:PAYS,2026-06-01,PAYS,,step_a_company_stock_split,Entities,PAYS,Company,,,,,,,,,[],Entity;Company
world:company:CPAY,2026-06-01,CPAY,,step_a_company_stock_split,Entities,CPAY,Company,,,,,,,,,[],Entity;Company
world:company:COST,2026-06-01,COST,[[USA]],step_a_company_stock_split,Entities,COST,Company,[[Consumer Staples]],Entities,C:\Users\CaveUser\Documents\Obsidian Vault\World_Machine\Entities\Stocks\COST.md,Entities/Stocks/COST.md,obsidian://open?vault=World_Machine&file=Entities%2FStocks%2FCOST.md,World_Machine,Active,Stocks,"[""stock"",""consumer-staples"",""retail"",""garp""]",Entity;Company
world:company:COTY,2026-06-01,COTY,,step_a_company_stock_split,Entities,COTY,Company,,,,,,,,,[],Entity;Company
world:company:CPI,2026-06-01,CPI,,step_a_company_stock_split,Entities,CPI,Company,,,,,,,,,[],Entity;Company
world:company:CPB,2026-06-01,CPB,,step_a_company_stock_split,Entities,CPB,Company,,,,,,,,,[],Entity;Company
world:company:PECEU,2026-06-01,PECEU,,step_a_company_stock_split,Entities,PECEU,Company,,,,,,,,,[],Entity;Company
world:company:CPRT,2026-06-01,CPRT,,step_a_company_stock_split,Entities,CPRT,Company,,,,,,,,,[],Entity;Company
world:company:CPRX,2026-06-01,CPRX,,step_a_company_stock_split,Entities,CPRX,Company,,,,,,,,,[],Entity;Company
world:company:CPT,2026-06-01,CPT,,step_a_company_stock_split,Entities,CPT,Company,,,,,,,,,[],Entity;Company
world:company:CRBG,2026-06-01,CRBG,,step_a_company_stock_split,Entities,CRBG,Company,,,,,,,,,[],Entity;Company
world:company:CRCL,2026-06-01,CRCL,,step_a_company_stock_split,Entities,CRCL,Company,,,,,,,,,[],Entity;Company
world:company:CRH,2026-06-01,CRH,,step_a_company_stock_split,Entities,CRH,Company,,,,,,,,,[],Entity;Company
world:company:CRI,2026-06-01,CRI,,step_a_company_stock_split,Entities,CRI,Company,,,,,,,,,[],Entity;Company
world:company:OFRM,2026-06-01,OFRM,,step_a_company_stock_split,Entities,OFRM,Company,,,,,,,,,[],Entity;Company
world:company:CRL,2026-06-01,CRL,,step_a_company_stock_split,Entities,CRL,Company,,,,,,,,,[],Entity;Company
world:company:PNRG,2026-06-01,PNRG,,step_a_company_stock_split,Entities,PNRG,Company,,,,,,,,,[],Entity;Company
world:company:CRM,2026-06-01,CRM,,step_a_company_stock_split,Entities,CRM,Company,,,,,,,,,[],Entity;Company
world:company:CRSP,2026-06-01,CRSP,,step_a_company_stock_split,Entities,CRSP,Company,,,,,,,,,[],Entity;Company
world:company:CRML,2026-06-01,CRML,,step_a_company_stock_split,Entities,CRML,Company,,,,,,,,,[],Entity;Company
world:company:PMI,2026-06-01,PMI,,step_a_company_stock_split,Entities,PMI,Company,,,,,,,,,[],Entity;Company
world:company:CRUS,2026-06-01,CRUS,,step_a_company_stock_split,Entities,CRUS,Company,,,,,,,,,[],Entity;Company
world:company:CRWD,2026-06-01,CRWD,,step_a_company_stock_split,Entities,CRWD,Company,,,,,,,,,[],Entity;Company
world:company:CSCO,2026-06-01,CSCO,,step_a_company_stock_split,Entities,CSCO,Company,,,,,,,,,[],Entity;Company
world:company:CSGP,2026-06-01,CSGP,,step_a_company_stock_split,Entities,CSGP,Company,,,,,,,,,[],Entity;Company
world:company:CSTE,2026-06-01,CSTE,,step_a_company_stock_split,Entities,CSTE,Company,,,,,,,,,[],Entity;Company
world:company:CSTL,2026-06-01,CSTL,,step_a_company_stock_split,Entities,CSTL,Company,,,,,,,,,[],Entity;Company
world:company:CSWC,2026-06-01,CSWC,,step_a_company_stock_split,Entities,CSWC,Company,,,,,,,,,[],Entity;Company
world:company:CSX,2026-06-01,CSX,,step_a_company_stock_split,Entities,CSX,Company,,,,,,,,,[],Entity;Company
world:company:CTAS,2026-06-01,CTAS,,step_a_company_stock_split,Entities,CTAS,Company,,,,,,,,,[],Entity;Company
world:company:CTEV,2026-06-01,CTEV,,step_a_company_stock_split,Entities,CTEV,Company,,,,,,,,,[],Entity;Company
world:company:NGVT,2026-06-01,NGVT,,step_a_company_stock_split,Entities,NGVT,Company,,,,,,,,,[],Entity;Company
world:company:CTGO,2026-06-01,CTGO,,step_a_company_stock_split,Entities,CTGO,Company,,,,,,,,,[],Entity;Company
world:company:CTRA,2026-06-01,CTRA,,step_a_company_stock_split,Entities,CTRA,Company,,,,,,,,,[],Entity;Company
world:company:PUMP,2026-06-01,PUMP,,step_a_company_stock_split,Entities,PUMP,Company,,,,,,,,,[],Entity;Company
world:company:CTRE,2026-06-01,CTRE,,step_a_company_stock_split,Entities,CTRE,Company,,,,,,,,,[],Entity;Company
world:company:CTSH,2026-06-01,CTSH,,step_a_company_stock_split,Entities,CTSH,Company,,,,,,,,,[],Entity;Company
world:company:CTVA,2026-06-01,CTVA,,step_a_company_stock_split,Entities,CTVA,Company,,,,,,,,,[],Entity;Company
world:company:CUE,2026-06-01,CUE,,step_a_company_stock_split,Entities,CUE,Company,,,,,,,,,[],Entity;Company
world:company:CUK,2026-06-01,CUK,,step_a_company_stock_split,Entities,CUK,Company,,,,,,,,,[],Entity;Company
world:company:CURLF,2026-06-01,CURLF,,step_a_company_stock_split,Entities,CURLF,Company,,,,,,,,,[],Entity;Company
world:company:CVCO,2026-06-01,CVCO,,step_a_company_stock_split,Entities,CVCO,Company,,,,,,,,,[],Entity;Company
world:company:CVGI,2026-06-01,CVGI,,step_a_company_stock_split,Entities,CVGI,Company,,,,,,,,,[],Entity;Company
world:company:CVNA,2026-06-01,CVNA,,step_a_company_stock_split,Entities,CVNA,Company,,,,,,,,,[],Entity;Company
world:company:CVS,2026-06-01,CVS,,step_a_company_stock_split,Entities,CVS,Company,,,,,,,,,[],Entity;Company
world:company:CVX,2026-06-01,CVX,[[USA]],step_a_company_stock_split,Entities,CVX,Company,[[Energy]],Entities,C:\Users\CaveUser\Documents\Obsidian Vault\World_Machine\Entities\Stocks\CVX.md,Entities/Stocks/CVX.md,obsidian://open?vault=World_Machine&file=Entities%2FStocks%2FCVX.md,World_Machine,Active,Stocks,"[""stock"",""energy"",""oil"",""integrated""]",Entity;Company
world:company:PPG,2026-06-01,PPG,,step_a_company_stock_split,Entities,PPG,Company,,,,,,,,,[],Entity;Company
world:company:CWEN,2026-06-01,CWEN,,step_a_company_stock_split,Entities,CWEN,Company,,,,,,,,,[],Entity;Company
world:company:OTIS,2026-06-01,OTIS,,step_a_company_stock_split,Entities,OTIS,Company,,,,,,,,,[],Entity;Company
world:company:CXDO,2026-06-01,CXDO,,step_a_company_stock_split,Entities,CXDO,Company,,,,,,,,,[],Entity;Company
world:company:CXW,2026-06-01,CXW,,step_a_company_stock_split,Entities,CXW,Company,,,,,,,,,[],Entity;Company
world:company:D,2026-06-01,D,,step_a_company_stock_split,Entities,D,Company,,,,,,,,,[],Entity;Company
world:company:NBIX,2026-06-01,NBIX,[[USA]],step_a_company_stock_split,Entities,NBIX,Company,[[Healthcare]],Entities,C:\Users\CaveUser\Documents\Obsidian Vault\World_Machine\Entities\Stocks\NBIX.md,Entities/Stocks/NBIX.md,obsidian://open?vault=World_Machine&file=Entities%2FStocks%2FNBIX.md,World_Machine,Active,Stocks,"[""stock"",""biotech"",""mental-health""]",Entity;Company
world:company:PAHC,2026-06-01,PAHC,,step_a_company_stock_split,Entities,PAHC,Company,,,,,,,,,[],Entity;Company
world:company:ONDS,2026-06-01,ONDS,[[USA]],step_a_company_stock_split,Entities,ONDS,Company,[[Industrials]],Entities,C:\Users\CaveUser\Documents\Obsidian Vault\World_Machine\Entities\Stocks\ONDS.md,Entities/Stocks/ONDS.md,obsidian://open?vault=World_Machine&file=Entities%2FStocks%2FONDS.md,World_Machine,Active,Stocks,"[""stock"",""drones"",""commercial"",""delivery"",""bvlos""]",Entity;Company
world:company:PH,2026-06-01,PH,,step_a_company_stock_split,Entities,PH,Company,,,,,,,,,[],Entity;Company
world:company:PCG,2026-06-01,PCG,,step_a_company_stock_split,Entities,PCG,Company,,,,,,,,,[],Entity;Company
world:company:DAKT,2026-06-01,DAKT,,step_a_company_stock_split,Entities,DAKT,Company,,,,,,,,,[],Entity;Company
world:company:DAL,2026-06-01,DAL,,step_a_company_stock_split,Entities,DAL,Company,,,,,,,,,[],Entity;Company
world:company:PTLO,2026-06-01,PTLO,,step_a_company_stock_split,Entities,PTLO,Company,,,,,,,,,[],Entity;Company
world:company:DAO,2026-06-01,DAO,,step_a_company_stock_split,Entities,DAO,Company,,,,,,,,,[],Entity;Company
world:company:DAR,2026-06-01,DAR,,step_a_company_stock_split,Entities,DAR,Company,,,,,,,,,[],Entity;Company
world:company:DASH,2026-06-01,DASH,,step_a_company_stock_split,Entities,DASH,Company,,,,,,,,,[],Entity;Company
world:company:DAVA,2026-06-01,DAVA,,step_a_company_stock_split,Entities,DAVA,Company,,,,,,,,,[],Entity;Company
world:company:DBI,2026-06-01,DBI,,step_a_company_stock_split,Entities,DBI,Company,,,,,,,,,[],Entity;Company
world:company:DCO,2026-06-01,DCO,,step_a_company_stock_split,Entities,DCO,Company,,,,,,,,,[],Entity;Company
world:company:ORGO,2026-06-01,ORGO,,step_a_company_stock_split,Entities,ORGO,Company,,,,,,,,,[],Entity;Company
world:company:DCOM,2026-06-01,DCOM,,step_a_company_stock_split,Entities,DCOM,Company,,,,,,,,,[],Entity;Company
world:company:DD,2026-06-01,DD,,step_a_company_stock_split,Entities,DD,Company,,,,,,,,,[],Entity;Company
world:company:PEB,2026-06-01,PEB,,step_a_company_stock_split,Entities,PEB,Company,,,,,,,,,[],Entity;Company
world:company:DDOG,2026-06-01,DDOG,,step_a_company_stock_split,Entities,DDOG,Company,,,,,,,,,[],Entity;Company
world:company:DE,2026-06-01,DE,,step_a_company_stock_split,Entities,DE,Company,,,,,,,,,[],Entity;Company
world:company:PHR,2026-06-01,PHR,,step_a_company_stock_split,Entities,PHR,Company,,,,,,,,,[],Entity;Company
world:company:DEC.L,2026-06-01,DEC.L,,step_a_company_stock_split,Entities,DEC.L,Company,,,,,,,,,[],Entity;Company
world:company:DECK,2026-06-01,DECK,,step_a_company_stock_split,Entities,DECK,Company,,,,,,,,,[],Entity;Company
world:company:DEI,2026-06-01,DEI,,step_a_company_stock_split,Entities,DEI,Company,,,,,,,,,[],Entity;Company
world:company:DELL,2026-06-01,DELL,,step_a_company_stock_split,Entities,DELL,Company,,,,,,,,,[],Entity;Company
world:company:DFIN,2026-06-01,DFIN,,step_a_company_stock_split,Entities,DFIN,Company,,,,,,,,,[],Entity;Company
world:company:DFSC,2026-06-01,DFSC,,step_a_company_stock_split,Entities,DFSC,Company,,,,,,,,,[],Entity;Company
world:company:DFTX,2026-06-01,DFTX,[[USA]],step_a_company_stock_split,Entities,DFTX,Company,[[Healthcare]],Entities,C:\Users\CaveUser\Documents\Obsidian Vault\World_Machine\Entities\Stocks\DFTX.md,Entities/Stocks/DFTX.md,obsidian://open?vault=World_Machine&file=Entities%2FStocks%2FDFTX.md,World_Machine,Active,Stocks,"[""stock"",""biotech"",""psychedelics"",""mental-health""]",Entity;Company
world:company:NHP,2026-06-01,NHP,,step_a_company_stock_split,Entities,NHP,Company,,,,,,,,,[],Entity;Company
world:company:DG,2026-06-01,DG,,step_a_company_stock_split,Entities,DG,Company,,,,,,,,,[],Entity;Company
world:company:NVDA,2026-06-01,NVDA,[[USA]],step_a_company_stock_split,Entities,NVDA,Company,[[Tech Sector]],Entities,C:\Users\CaveUser\Documents\Obsidian Vault\World_Machine\Entities\Stocks\NVDA.md,Entities/Stocks/NVDA.md,obsidian://open?vault=World_Machine&file=Entities%2FStocks%2FNVDA.md,World_Machine,Active,Stocks,"[""stock"",""tech"",""semis"",""ai""]",Entity;Company
world:company:NPB,2026-06-01,NPB,,step_a_company_stock_split,Entities,NPB,Company,,,,,,,,,[],Entity;Company
world:company:NRP,2026-06-01,NRP,,step_a_company_stock_split,Entities,NRP,Company,,,,,,,,,[],Entity;Company
world:company:DGX,2026-06-01,DGX,,step_a_company_stock_split,Entities,DGX,Company,,,,,,,,,[],Entity;Company
world:company:DGX.NE,2026-06-01,DGX.NE,,step_a_company_stock_split,Entities,DGX.NE,Company,,,,,,,,,[],Entity;Company
world:company:DHI,2026-06-01,DHI,[[USA]],step_a_company_stock_split,Entities,DHI,Company,[[Consumer Discretionary]],Entities,C:\Users\CaveUser\Documents\Obsidian Vault\World_Machine\Entities\Stocks\DHI.md,Entities/Stocks/DHI.md,obsidian://open?vault=World_Machine&file=Entities%2FStocks%2FDHI.md,World_Machine,Active,Stocks,"[""stock"",""consumer-discretionary"",""housing"",""homebuilders""]",Entity;Company
world:company:PYPL,2026-06-01,PYPL,,step_a_company_stock_split,Entities,PYPL,Company,,,,,,,,,[],Entity;Company
world:company:PTON,2026-06-01,PTON,,step_a_company_stock_split,Entities,PTON,Company,,,,,,,,,[],Entity;Company
world:company:DHR,2026-06-01,DHR,,step_a_company_stock_split,Entities,DHR,Company,,,,,,,,,[],Entity;Company
world:company:PG,2026-06-01,PG,[[USA]],step_a_company_stock_split,Entities,PG,Company,[[Consumer Staples]],Entities,C:\Users\CaveUser\Documents\Obsidian Vault\World_Machine\Entities\Stocks\PG.md,Entities/Stocks/PG.md,obsidian://open?vault=World_Machine&file=Entities%2FStocks%2FPG.md,World_Machine,Active,Stocks,"[""stock"",""consumer-staples"",""household"",""defensive""]",Entity;Company
world:company:DIA,2026-06-01,DIA,,step_a_company_stock_split,Entities,DIA,Company,,,,,,,,,[],Entity;Company
world:company:NUMI,2026-06-01,NUMI,[[Canada]],step_a_company_stock_split,Entities,NUMI,Company,[[Healthcare]],Entities,C:\Users\CaveUser\Documents\Obsidian Vault\World_Machine\Entities\Stocks\NUMI.md,Entities/Stocks/NUMI.md,obsidian://open?vault=World_Machine&file=Entities%2FStocks%2FNUMI.md,World_Machine,Watching,Stocks,"[""stock"",""biotech"",""psychedelics""]",Entity;Company
world:company:DIN,2026-06-01,DIN,,step_a_company_stock_split,Entities,DIN,Company,,,,,,,,,[],Entity;Company
world:company:DIS,2026-06-01,DIS,,step_a_company_stock_split,Entities,DIS,Company,,,,,,,,,[],Entity;Company
world:company:DLHC,2026-06-01,DLHC,,step_a_company_stock_split,Entities,DLHC,Company,,,,,,,,,[],Entity;Company
world:company:PMT,2026-06-01,PMT,,step_a_company_stock_split,Entities,PMT,Company,,,,,,,,,[],Entity;Company
world:company:DJCO,2026-06-01,DJCO,,step_a_company_stock_split,Entities,DJCO,Company,,,,,,,,,[],Entity;Company
world:company:DLR,2026-06-01,DLR,,step_a_company_stock_split,Entities,DLR,Company,,,,,,,,,[],Entity;Company
world:company:PRU,2026-06-01,PRU,,step_a_company_stock_split,Entities,PRU,Company,,,,,,,,,[],Entity;Company
world:company:DLTR,2026-06-01,DLTR,,step_a_company_stock_split,Entities,DLTR,Company,,,,,,,,,[],Entity;Company
world:company:NSSC,2026-06-01,NSSC,[[USA]],step_a_company_stock_split,Entities,NSSC,Company,[[Industrials]],Entities,C:\Users\CaveUser\Documents\Obsidian Vault\World_Machine\Entities\Stocks\NSSC.md,Entities/Stocks/NSSC.md,obsidian://open?vault=World_Machine&file=Entities%2FStocks%2FNSSC.md,World_Machine,Active,Stocks,"[""stock"",""industrials"",""security"",""recurring-revenue"",""small-cap"",""quality-compounder""]",Entity;Company
world:company:MRNA,2026-06-01,MRNA,,step_a_company_stock_split,Entities,MRNA,Company,,,,,,,,,[],Entity;Company
world:company:NNE,2026-06-01,NNE,,step_a_company_stock_split,Entities,NNE,Company,,,,,,,,,[],Entity;Company
world:company:NNVC,2026-06-01,NNVC,,step_a_company_stock_split,Entities,NNVC,Company,,,,,,,,,[],Entity;Company
world:company:DLX,2026-06-01,DLX,,step_a_company_stock_split,Entities,DLX,Company,,,,,,,,,[],Entity;Company
world:company:PRGS,2026-06-01,PRGS,,step_a_company_stock_split,Entities,PRGS,Company,,,,,,,,,[],Entity;Company
world:company:DNA,2026-06-01,DNA,,step_a_company_stock_split,Entities,DNA,Company,,,,,,,,,[],Entity;Company
world:company:DNLI,2026-06-01,DNLI,,step_a_company_stock_split,Entities,DNLI,Company,,,,,,,,,[],Entity;Company
world:company:PSIX,2026-06-01,PSIX,,step_a_company_stock_split,Entities,PSIX,Company,,,,,,,,,[],Entity;Company
world:company:DNOW,2026-06-01,DNOW,,step_a_company_stock_split,Entities,DNOW,Company,,,,,,,,,[],Entity;Company
world:company:DOC,2026-06-01,DOC,,step_a_company_stock_split,Entities,DOC,Company,,,,,,,,,[],Entity;Company
world:company:DOV,2026-06-01,DOV,,step_a_company_stock_split,Entities,DOV,Company,,,,,,,,,[],Entity;Company
world:company:DOW,2026-06-01,DOW,,step_a_company_stock_split,Entities,DOW,Company,,,,,,,,,[],Entity;Company
world:company:OSG,2026-06-01,OSG,,step_a_company_stock_split,Entities,OSG,Company,,,,,,,,,[],Entity;Company
world:company:DPRO,2026-06-01,DPRO,[[Canada]],step_a_company_stock_split,Entities,DPRO,Company,[[Industrials]],Entities,C:\Users\CaveUser\Documents\Obsidian Vault\World_Machine\Entities\Stocks\DPRO.md,Entities/Stocks/DPRO.md,obsidian://open?vault=World_Machine&file=Entities%2FStocks%2FDPRO.md,World_Machine,Active,Stocks,"[""stock"",""drones"",""commercial"",""canada""]",Entity;Company
world:company:PRPL,2026-06-01,PRPL,,step_a_company_stock_split,Entities,PRPL,Company,,,,,,,,,[],Entity;Company
world:company:DPZ,2026-06-01,DPZ,,step_a_company_stock_split,Entities,DPZ,Company,,,,,,,,,[],Entity;Company
world:company:NVR,2026-06-01,NVR,,step_a_company_stock_split,Entities,NVR,Company,,,,,,,,,[],Entity;Company
world:company:DRAM,2026-06-01,DRAM,,step_a_company_stock_split,Entities,DRAM,Company,,,,,,,,,[],Entity;Company
world:company:DRDB,2026-06-01,DRDB,,step_a_company_stock_split,Entities,DRDB,Company,,,,,,,,,[],Entity;Company
world:company:DRH,2026-06-01,DRH,,step_a_company_stock_split,Entities,DRH,Company,,,,,,,,,[],Entity;Company
world:company:DRI,2026-06-01,DRI,,step_a_company_stock_split,Entities,DRI,Company,,,,,,,,,[],Entity;Company
world:company:DRO_AX,2026-06-01,DRO_AX,[[Australia]],step_a_company_stock_split,Entities,DRO_AX,Company,[[Aerospace & Defense]],Entities,C:\Users\CaveUser\Documents\Obsidian Vault\World_Machine\Entities\Stocks\DRO_AX.md,Entities/Stocks/DRO_AX.md,obsidian://open?vault=World_Machine&file=Entities%2FStocks%2FDRO_AX.md,World_Machine,Active,Stocks,"[""stock"",""defense"",""drones"",""counter-drone"",""australia""]",Entity;Company
world:company:DTE,2026-06-01,DTE,,step_a_company_stock_split,Entities,DTE,Company,,,,,,,,,[],Entity;Company
world:company:NMM,2026-06-01,NMM,,step_a_company_stock_split,Entities,NMM,Company,,,,,,,,,[],Entity;Company
world:company:NI,2026-06-01,NI,,step_a_company_stock_split,Entities,NI,Company,,,,,,,,,[],Entity;Company
world:company:DTI,2026-06-01,DTI,,step_a_company_stock_split,Entities,DTI,Company,,,,,,,,,[],Entity;Company
world:company:DUK,2026-06-01,DUK,,step_a_company_stock_split,Entities,DUK,Company,,,,,,,,,[],Entity;Company
world:company:DUOT,2026-06-01,DUOT,,step_a_company_stock_split,Entities,DUOT,Company,,,,,,,,,[],Entity;Company
world:company:NEXT,2026-06-01,NEXT,,step_a_company_stock_split,Entities,NEXT,Company,,,,,,,,,[],Entity;Company
world:company:DVA,2026-06-01,DVA,,step_a_company_stock_split,Entities,DVA,Company,,,,,,,,,[],Entity;Company
world:company:ORCL,2026-06-01,ORCL,,step_a_company_stock_split,Entities,ORCL,Company,,,,,,,,,[],Entity;Company
world:company:DVN,2026-06-01,DVN,,step_a_company_stock_split,Entities,DVN,Company,,,,,,,,,[],Entity;Company
world:company:NOC,2026-06-01,NOC,[[USA]],step_a_company_stock_split,Entities,NOC,Company,[[Aerospace & Defense]],Entities,C:\Users\CaveUser\Documents\Obsidian Vault\World_Machine\Entities\Stocks\NOC.md,Entities/Stocks/NOC.md,obsidian://open?vault=World_Machine&file=Entities%2FStocks%2FNOC.md,World_Machine,Active,Stocks,"[""stock"",""aerospace-defense"",""space"",""defense""]",Entity;Company
world:company:PFLC,2026-06-01,PFLC,,step_a_company_stock_split,Entities,PFLC,Company,,,,,,,,,[],Entity;Company
world:company:MVO,2026-06-01,MVO,,step_a_company_stock_split,Entities,MVO,Company,,,,,,,,,[],Entity;Company
world:company:DX,2026-06-01,DX,,step_a_company_stock_split,Entities,DX,Company,,,,,,,,,[],Entity;Company
world:company:DXC,2026-06-01,DXC,,step_a_company_stock_split,Entities,DXC,Company,,,,,,,,,[],Entity;Company
world:company:DXCM,2026-06-01,DXCM,,step_a_company_stock_split,Entities,DXCM,Company,,,,,,,,,[],Entity;Company
world:company:DXY,2026-06-01,DXY,,step_a_company_stock_split,Entities,DXY,Company,,,,,,,,,[],Entity;Company
world:company:DXYZ,2026-06-01,DXYZ,,step_a_company_stock_split,Entities,DXYZ,Company,,,,,,,,,[],Entity;Company
world:company:EA,2026-06-01,EA,,step_a_company_stock_split,Entities,EA,Company,,,,,,,,,[],Entity;Company
world:company:DYN,2026-06-01,DYN,,step_a_company_stock_split,Entities,DYN,Company,,,,,,,,,[],Entity;Company
world:company:EAT,2026-06-01,EAT,,step_a_company_stock_split,Entities,EAT,Company,,,,,,,,,[],Entity;Company
world:company:OMCL,2026-06-01,OMCL,,step_a_company_stock_split,Entities,OMCL,Company,,,,,,,,,[],Entity;Company
world:company:EBAY,2026-06-01,EBAY,,step_a_company_stock_split,Entities,EBAY,Company,,,,,,,,,[],Entity;Company
world:company:ECL,2026-06-01,ECL,,step_a_company_stock_split,Entities,ECL,Company,,,,,,,,,[],Entity;Company
world:company:PCAR,2026-06-01,PCAR,,step_a_company_stock_split,Entities,PCAR,Company,,,,,,,,,[],Entity;Company
world:company:ECPG,2026-06-01,ECPG,[[USA]],step_a_company_stock_split,Entities,ECPG,Company,[[Financials]],Entities,C:\Users\CaveUser\Documents\Obsidian Vault\World_Machine\Entities\Stocks\ECPG.md,Entities/Stocks/ECPG.md,obsidian://open?vault=World_Machine&file=Entities%2FStocks%2FECPG.md,World_Machine,Active,Stocks,"[""stock"",""smallcap"",""financials"",""special-situations""]",Entity;Company
world:company:ECVT,2026-06-01,ECVT,,step_a_company_stock_split,Entities,ECVT,Company,,,,,,,,,[],Entity;Company
world:company:ED,2026-06-01,ED,,step_a_company_stock_split,Entities,ED,Company,,,,,,,,,[],Entity;Company
world:company:EDIT,2026-06-01,EDIT,,step_a_company_stock_split,Entities,EDIT,Company,,,,,,,,,[],Entity;Company
world:company:EE,2026-06-01,EE,,step_a_company_stock_split,Entities,EE,Company,,,,,,,,,[],Entity;Company
world:company:EFC,2026-06-01,EFC,,step_a_company_stock_split,Entities,EFC,Company,,,,,,,,,[],Entity;Company
world:company:EFX,2026-06-01,EFX,,step_a_company_stock_split,Entities,EFX,Company,,,,,,,,,[],Entity;Company
world:company:EG,2026-06-01,EG,,step_a_company_stock_split,Entities,EG,Company,,,,,,,,,[],Entity;Company
world:company:EH,2026-06-01,EH,[[China]],step_a_company_stock_split,Entities,EH,Company,[[Industrials]],Entities,C:\Users\CaveUser\Documents\Obsidian Vault\World_Machine\Entities\Stocks\EH.md,Entities/Stocks/EH.md,obsidian://open?vault=World_Machine&file=Entities%2FStocks%2FEH.md,World_Machine,Active,Stocks,"[""stock"",""evtol"",""drones"",""air-mobility"",""china""]",Entity;Company
world:company:EIG,2026-06-01,EIG,,step_a_company_stock_split,Entities,EIG,Company,,,,,,,,,[],Entity;Company
world:company:EIX,2026-06-01,EIX,,step_a_company_stock_split,Entities,EIX,Company,,,,,,,,,[],Entity;Company
world:company:EL,2026-06-01,EL,,step_a_company_stock_split,Entities,EL,Company,,,,,,,,,[],Entity;Company
world:company:ELMD,2026-06-01,ELMD,,step_a_company_stock_split,Entities,ELMD,Company,,,,,,,,,[],Entity;Company
world:company:ELME,2026-06-01,ELME,,step_a_company_stock_split,Entities,ELME,Company,,,,,,,,,[],Entity;Company
world:company:ELV,2026-06-01,ELV,,step_a_company_stock_split,Entities,ELV,Company,,,,,,,,,[],Entity;Company
world:company:ELVN,2026-06-01,ELVN,,step_a_company_stock_split,Entities,ELVN,Company,,,,,,,,,[],Entity;Company
world:company:EMBC,2026-06-01,EMBC,,step_a_company_stock_split,Entities,EMBC,Company,,,,,,,,,[],Entity;Company
world:company:EME,2026-06-01,EME,,step_a_company_stock_split,Entities,EME,Company,,,,,,,,,[],Entity;Company
world:company:EMPD,2026-06-01,EMPD,,step_a_company_stock_split,Entities,EMPD,Company,,,,,,,,,[],Entity;Company
world:company:EMR,2026-06-01,EMR,,step_a_company_stock_split,Entities,EMR,Company,,,,,,,,,[],Entity;Company
world:company:EMXC,2026-06-01,EMXC,,step_a_company_stock_split,Entities,EMXC,Company,,,,,,,,,[],Entity;Company
world:company:ENOV,2026-06-01,ENOV,,step_a_company_stock_split,Entities,ENOV,Company,,,,,,,,,[],Entity;Company
world:company:ENPH,2026-06-01,ENPH,,step_a_company_stock_split,Entities,ENPH,Company,,,,,,,,,[],Entity;Company
world:company:ENVB,2026-06-01,ENVB,[[USA]],step_a_company_stock_split,Entities,ENVB,Company,[[Healthcare]],Entities,C:\Users\CaveUser\Documents\Obsidian Vault\World_Machine\Entities\Stocks\ENVB.md,Entities/Stocks/ENVB.md,obsidian://open?vault=World_Machine&file=Entities%2FStocks%2FENVB.md,World_Machine,Watching,Stocks,"[""stock"",""biotech"",""psychedelics""]",Entity;Company
world:company:ENVX,2026-06-01,ENVX,,step_a_company_stock_split,Entities,ENVX,Company,,,,,,,,,[],Entity;Company
world:company:EOD,2026-06-01,EOD,,step_a_company_stock_split,Entities,EOD,Company,,,,,,,,,[],Entity;Company
world:company:EOG,2026-06-01,EOG,,step_a_company_stock_split,Entities,EOG,Company,,,,,,,,,[],Entity;Company
world:company:EPAM,2026-06-01,EPAM,,step_a_company_stock_split,Entities,EPAM,Company,,,,,,,,,[],Entity;Company
world:company:MYRG,2026-06-01,MYRG,[[USA]],step_a_company_stock_split,Entities,MYRG,Company,[[Industrials]],Entities,C:\Users\CaveUser\Documents\Obsidian Vault\World_Machine\Entities\Stocks\MYRG.md,Entities/Stocks/MYRG.md,obsidian://open?vault=World_Machine&file=Entities%2FStocks%2FMYRG.md,World_Machine,Active,Stocks,"[""stock"",""industrials"",""grid"",""contractor"",""small-cap""]",Entity;Company
world:company:EPC,2026-06-01,EPC,,step_a_company_stock_split,Entities,EPC,Company,,,,,,,,,[],Entity;Company
world:company:EPD,2026-06-01,EPD,,step_a_company_stock_split,Entities,EPD,Company,,,,,,,,,[],Entity;Company
world:company:EQT,2026-06-01,EQT,,step_a_company_stock_split,Entities,EQT,Company,,,,,,,,,[],Entity;Company
world:company:EQIX,2026-06-01,EQIX,[[USA]],step_a_company_stock_split,Entities,EQIX,Company,[[Real Estate]],Entities,C:\Users\CaveUser\Documents\Obsidian Vault\World_Machine\Entities\Stocks\EQIX.md,Entities/Stocks/EQIX.md,obsidian://open?vault=World_Machine&file=Entities%2FStocks%2FEQIX.md,World_Machine,Active,Stocks,"[""stock"",""real-estate"",""reit"",""datacenter""]",Entity;Company
world:company:EQR,2026-06-01,EQR,,step_a_company_stock_split,Entities,EQR,Company,,,,,,,,,[],Entity;Company
world:company:ERIE,2026-06-01,ERIE,,step_a_company_stock_split,Entities,ERIE,Company,,,,,,,,,[],Entity;Company
world:company:OTF,2026-06-01,OTF,,step_a_company_stock_split,Entities,OTF,Company,,,,,,,,,[],Entity;Company
world:company:ES,2026-06-01,ES,,step_a_company_stock_split,Entities,ES,Company,,,,,,,,,[],Entity;Company
world:company:ESCA,2026-06-01,ESCA,,step_a_company_stock_split,Entities,ESCA,Company,,,,,,,,,[],Entity;Company
world:company:NUE,2026-06-01,NUE,,step_a_company_stock_split,Entities,NUE,Company,,,,,,,,,[],Entity;Company
world:company:NLOP,2026-06-01,NLOP,,step_a_company_stock_split,Entities,NLOP,Company,,,,,,,,,[],Entity;Company
world:company:ESI,2026-06-01,ESI,,step_a_company_stock_split,Entities,ESI,Company,,,,,,,,,[],Entity;Company
world:company:ESLT,2026-06-01,ESLT,[[Israel]],step_a_company_stock_split,Entities,ESLT,Company,[[Aerospace & Defense]],Entities,C:\Users\CaveUser\Documents\Obsidian Vault\World_Machine\Entities\Stocks\ESLT.md,Entities/Stocks/ESLT.md,obsidian://open?vault=World_Machine&file=Entities%2FStocks%2FESLT.md,World_Machine,Active,Stocks,"[""stock"",""defense"",""drones"",""military"",""israel""]",Entity;Company
world:company:ESOA,2026-06-01,ESOA,,step_a_company_stock_split,Entities,ESOA,Company,,,,,,,,,[],Entity;Company
world:company:ESS,2026-06-01,ESS,,step_a_company_stock_split,Entities,ESS,Company,,,,,,,,,[],Entity;Company
world:company:NATO,2026-06-01,NATO,,step_a_company_stock_split,Entities,NATO,Company,,,,,,,,,[],Entity;Company
world:company:ETN,2026-06-01,ETN,[[USA]],step_a_company_stock_split,Entities,ETN,Company,[[Industrials]],Entities,C:\Users\CaveUser\Documents\Obsidian Vault\World_Machine\Entities\Stocks\ETN.md,Entities/Stocks/ETN.md,obsidian://open?vault=World_Machine&file=Entities%2FStocks%2FETN.md,World_Machine,Active,Stocks,"[""stock"",""industrials"",""electrification"",""power""]",Entity;Company
world:company:ETR,2026-06-01,ETR,,step_a_company_stock_split,Entities,ETR,Company,,,,,,,,,[],Entity;Company
world:company:EVC,2026-06-01,EVC,,step_a_company_stock_split,Entities,EVC,Company,,,,,,,,,[],Entity;Company
world:company:EVO,2026-06-01,EVO,,step_a_company_stock_split,Entities,EVO,Company,,,,,,,,,[],Entity;Company
world:company:EVRG,2026-06-01,EVRG,,step_a_company_stock_split,Entities,EVRG,Company,,,,,,,,,[],Entity;Company
world:company:EVTL,2026-06-01,EVTL,[[UK]],step_a_company_stock_split,Entities,EVTL,Company,[[Industrials]],Entities,C:\Users\CaveUser\Documents\Obsidian Vault\World_Machine\Entities\Stocks\EVTL.md,Entities/Stocks/EVTL.md,obsidian://open?vault=World_Machine&file=Entities%2FStocks%2FEVTL.md,World_Machine,Active,Stocks,"[""stock"",""evtol"",""drones"",""air-mobility"",""uk""]",Entity;Company
world:company:EW,2026-06-01,EW,,step_a_company_stock_split,Entities,EW,Company,,,,,,,,,[],Entity;Company
world:company:EXC,2026-06-01,EXC,,step_a_company_stock_split,Entities,EXC,Company,,,,,,,,,[],Entity;Company
world:company:EXE,2026-06-01,EXE,,step_a_company_stock_split,Entities,EXE,Company,,,,,,,,,[],Entity;Company
world:company:EXPD,2026-06-01,EXPD,,step_a_company_stock_split,Entities,EXPD,Company,,,,,,,,,[],Entity;Company
world:company:EXPE,2026-06-01,EXPE,,step_a_company_stock_split,Entities,EXPE,Company,,,,,,,,,[],Entity;Company
world:company:EXR,2026-06-01,EXR,,step_a_company_stock_split,Entities,EXR,Company,,,,,,,,,[],Entity;Company
world:company:EYE,2026-06-01,EYE,,step_a_company_stock_split,Entities,EYE,Company,,,,,,,,,[],Entity;Company
world:company:PLOW,2026-06-01,PLOW,,step_a_company_stock_split,Entities,PLOW,Company,,,,,,,,,[],Entity;Company
world:company:EYPT,2026-06-01,EYPT,,step_a_company_stock_split,Entities,EYPT,Company,,,,,,,,,[],Entity;Company
world:company:EZPW,2026-06-01,EZPW,,step_a_company_stock_split,Entities,EZPW,Company,,,,,,,,,[],Entity;Company
world:company:F,2026-06-01,F,,step_a_company_stock_split,Entities,F,Company,,,,,,,,,[],Entity;Company
world:company:FANG,2026-06-01,FANG,,step_a_company_stock_split,Entities,FANG,Company,,,,,,,,,[],Entity;Company
world:company:FAST,2026-06-01,FAST,,step_a_company_stock_split,Entities,FAST,Company,,,,,,,,,[],Entity;Company
world:company:FBLA,2026-06-01,FBLA,,step_a_company_stock_split,Entities,FBLA,Company,,,,,,,,,[],Entity;Company
world:company:FBTC,2026-06-01,FBTC,,step_a_company_stock_split,Entities,FBTC,Company,,,,,,,,,[],Entity;Company
world:company:FC,2026-06-01,FC,,step_a_company_stock_split,Entities,FC,Company,,,,,,,,,[],Entity;Company
world:company:FCCO,2026-06-01,FCCO,,step_a_company_stock_split,Entities,FCCO,Company,,,,,,,,,[],Entity;Company
world:company:FCF,2026-06-01,FCF,,step_a_company_stock_split,Entities,FCF,Company,,,,,,,,,[],Entity;Company
world:company:FCFS,2026-06-01,FCFS,,step_a_company_stock_split,Entities,FCFS,Company,,,,,,,,,[],Entity;Company
world:company:FCX,2026-06-01,FCX,[[USA]],step_a_company_stock_split,Entities,FCX,Company,[[Materials]],Entities,C:\Users\CaveUser\Documents\Obsidian Vault\World_Machine\Entities\Stocks\FCX.md,Entities/Stocks/FCX.md,obsidian://open?vault=World_Machine&file=Entities%2FStocks%2FFCX.md,World_Machine,Active,Stocks,"[""stock"",""materials"",""copper"",""mining""]",Entity;Company
world:company:FDS,2026-06-01,FDS,,step_a_company_stock_split,Entities,FDS,Company,,,,,,,,,[],Entity;Company
world:company:FDX,2026-06-01,FDX,,step_a_company_stock_split,Entities,FDX,Company,,,,,,,,,[],Entity;Company
world:company:FE,2026-06-01,FE,,step_a_company_stock_split,Entities,FE,Company,,,,,,,,,[],Entity;Company
world:company:FF,2026-06-01,FF,,step_a_company_stock_split,Entities,FF,Company,,,,,,,,,[],Entity;Company
world:company:FFIV,2026-06-01,FFIV,,step_a_company_stock_split,Entities,FFIV,Company,,,,,,,,,[],Entity;Company
world:company:FICO,2026-06-01,FICO,,step_a_company_stock_split,Entities,FICO,Company,,,,,,,,,[],Entity;Company
world:company:FIGS,2026-06-01,FIGS,,step_a_company_stock_split,Entities,FIGS,Company,,,,,,,,,[],Entity;Company
world:company:FIS,2026-06-01,FIS,,step_a_company_stock_split,Entities,FIS,Company,,,,,,,,,[],Entity;Company
world:company:FISV,2026-06-01,FISV,,step_a_company_stock_split,Entities,FISV,Company,,,,,,,,,[],Entity;Company
world:company:FITB,2026-06-01,FITB,,step_a_company_stock_split,Entities,FITB,Company,,,,,,,,,[],Entity;Company
world:company:FIVN,2026-06-01,FIVN,,step_a_company_stock_split,Entities,FIVN,Company,,,,,,,,,[],Entity;Company
world:company:FIX,2026-06-01,FIX,,step_a_company_stock_split,Entities,FIX,Company,,,,,,,,,[],Entity;Company
world:company:FJET,2026-06-01,FJET,,step_a_company_stock_split,Entities,FJET,Company,,,,,,,,,[],Entity;Company
world:company:FLNC,2026-06-01,FLNC,,step_a_company_stock_split,Entities,FLNC,Company,,,,,,,,,[],Entity;Company
world:company:FLNT,2026-06-01,FLNT,,step_a_company_stock_split,Entities,FLNT,Company,,,,,,,,,[],Entity;Company
world:company:FLO,2026-06-01,FLO,,step_a_company_stock_split,Entities,FLO,Company,,,,,,,,,[],Entity;Company
world:company:FLOC,2026-06-01,FLOC,,step_a_company_stock_split,Entities,FLOC,Company,,,,,,,,,[],Entity;Company
world:company:FLWS,2026-06-01,FLWS,,step_a_company_stock_split,Entities,FLWS,Company,,,,,,,,,[],Entity;Company
world:company:FLX,2026-06-01,FLX,,step_a_company_stock_split,Entities,FLX,Company,,,,,,,,,[],Entity;Company
world:company:FLYW,2026-06-01,FLYW,,step_a_company_stock_split,Entities,FLYW,Company,,,,,,,,,[],Entity;Company
world:company:FMC,2026-06-01,FMC,,step_a_company_stock_split,Entities,FMC,Company,,,,,,,,,[],Entity;Company
world:company:FNDF,2026-06-01,FNDF,,step_a_company_stock_split,Entities,FNDF,Company,,,,,,,,,[],Entity;Company
world:company:FNKO,2026-06-01,FNKO,,step_a_company_stock_split,Entities,FNKO,Company,,,,,,,,,[],Entity;Company
world:company:FNWD,2026-06-01,FNWD,,step_a_company_stock_split,Entities,FNWD,Company,,,,,,,,,[],Entity;Company
world:company:FORM,2026-06-01,FORM,,step_a_company_stock_split,Entities,FORM,Company,,,,,,,,,[],Entity;Company
world:company:NAMM,2026-06-01,NAMM,,step_a_company_stock_split,Entities,NAMM,Company,,,,,,,,,[],Entity;Company
world:company:FOX,2026-06-01,FOX,,step_a_company_stock_split,Entities,FOX,Company,,,,,,,,,[],Entity;Company
world:company:FOXA,2026-06-01,FOXA,,step_a_company_stock_split,Entities,FOXA,Company,,,,,,,,,[],Entity;Company
world:company:FPDS,2026-06-01,FPDS,,step_a_company_stock_split,Entities,FPDS,Company,,,,,,,,,[],Entity;Company
world:company:FRD,2026-06-01,FRD,,step_a_company_stock_split,Entities,FRD,Company,,,,,,,,,[],Entity;Company
world:company:PCVX,2026-06-01,PCVX,,step_a_company_stock_split,Entities,PCVX,Company,,,,,,,,,[],Entity;Company
world:company:FRT,2026-06-01,FRT,,step_a_company_stock_split,Entities,FRT,Company,,,,,,,,,[],Entity;Company
world:company:FSLR,2026-06-01,FSLR,,step_a_company_stock_split,Entities,FSLR,Company,,,,,,,,,[],Entity;Company
world:company:FSLY,2026-06-01,FSLY,,step_a_company_stock_split,Entities,FSLY,Company,,,,,,,,,[],Entity;Company
world:company:FSUN,2026-06-01,FSUN,,step_a_company_stock_split,Entities,FSUN,Company,,,,,,,,,[],Entity;Company
world:company:FTAI,2026-06-01,FTAI,,step_a_company_stock_split,Entities,FTAI,Company,,,,,,,,,[],Entity;Company
world:company:FTNT,2026-06-01,FTNT,,step_a_company_stock_split,Entities,FTNT,Company,,,,,,,,,[],Entity;Company
world:company:FTV,2026-06-01,FTV,,step_a_company_stock_split,Entities,FTV,Company,,,,,,,,,[],Entity;Company
world:company:FUBO,2026-06-01,FUBO,,step_a_company_stock_split,Entities,FUBO,Company,,,,,,,,,[],Entity;Company
world:company:FUN,2026-06-01,FUN,,step_a_company_stock_split,Entities,FUN,Company,,,,,,,,,[],Entity;Company
world:company:FVCB,2026-06-01,FVCB,,step_a_company_stock_split,Entities,FVCB,Company,,,,,,,,,[],Entity;Company
world:company:GAIA,2026-06-01,GAIA,,step_a_company_stock_split,Entities,GAIA,Company,,,,,,,,,[],Entity;Company
world:company:GAIN,2026-06-01,GAIN,,step_a_company_stock_split,Entities,GAIN,Company,,,,,,,,,[],Entity;Company
world:company:GALT,2026-06-01,GALT,,step_a_company_stock_split,Entities,GALT,Company,,,,,,,,,[],Entity;Company
world:company:GBLI,2026-06-01,GBLI,,step_a_company_stock_split,Entities,GBLI,Company,,,,,,,,,[],Entity;Company
world:company:GBX,2026-06-01,GBX,,step_a_company_stock_split,Entities,GBX,Company,,,,,,,,,[],Entity;Company
world:company:GCMG,2026-06-01,GCMG,,step_a_company_stock_split,Entities,GCMG,Company,,,,,,,,,[],Entity;Company
world:company:GD,2026-06-01,GD,,step_a_company_stock_split,Entities,GD,Company,,,,,,,,,[],Entity;Company
world:company:GDDY,2026-06-01,GDDY,,step_a_company_stock_split,Entities,GDDY,Company,,,,,,,,,[],Entity;Company
world:company:GDP,2026-06-01,GDP,,step_a_company_stock_split,Entities,GDP,Company,,,,,,,,,[],Entity;Company
world:company:GE,2026-06-01,GE,,step_a_company_stock_split,Entities,GE,Company,,,,,,,,,[],Entity;Company
world:company:GEHC,2026-06-01,GEHC,,step_a_company_stock_split,Entities,GEHC,Company,,,,,,,,,[],Entity;Company
world:company:GEL,2026-06-01,GEL,,step_a_company_stock_split,Entities,GEL,Company,,,,,,,,,[],Entity;Company
world:company:GEN,2026-06-01,GEN,,step_a_company_stock_split,Entities,GEN,Company,,,,,,,,,[],Entity;Company
world:company:GEV,2026-06-01,GEV,[[USA]],step_a_company_stock_split,Entities,GEV,Company,[[Industrials]],Entities,C:\Users\CaveUser\Documents\Obsidian Vault\World_Machine\Entities\Stocks\GEV.md,Entities/Stocks/GEV.md,obsidian://open?vault=World_Machine&file=Entities%2FStocks%2FGEV.md,World_Machine,Active,Stocks,"[""stock"",""industrials"",""electrification"",""grid""]",Entity;Company
world:company:GFS,2026-06-01,GFS,,step_a_company_stock_split,Entities,GFS,Company,,,,,,,,,[],Entity;Company
world:company:GILD,2026-06-01,GILD,,step_a_company_stock_split,Entities,GILD,Company,,,,,,,,,[],Entity;Company
world:company:GGR,2026-06-01,GGR,,step_a_company_stock_split,Entities,GGR,Company,,,,,,,,,[],Entity;Company
world:company:GHRS,2026-06-01,GHRS,[[USA]],step_a_company_stock_split,Entities,GHRS,Company,[[Healthcare]],Entities,C:\Users\CaveUser\Documents\Obsidian Vault\World_Machine\Entities\Stocks\GHRS.md,Entities/Stocks/GHRS.md,obsidian://open?vault=World_Machine&file=Entities%2FStocks%2FGHRS.md,World_Machine,Active,Stocks,"[""stock"",""biotech"",""psychedelics"",""mental-health""]",Entity;Company
world:company:PSA,2026-06-01,PSA,,step_a_company_stock_split,Entities,PSA,Company,,,,,,,,,[],Entity;Company
world:company:GIS,2026-06-01,GIS,,step_a_company_stock_split,Entities,GIS,Company,,,,,,,,,[],Entity;Company
world:company:GL,2026-06-01,GL,,step_a_company_stock_split,Entities,GL,Company,,,,,,,,,[],Entity;Company
world:company:GLD,2026-06-01,GLD,,step_a_company_stock_split,Entities,GLD,Company,,,,,,,,,[],Entity;Company
world:company:GLDD,2026-06-01,GLDD,,step_a_company_stock_split,Entities,GLDD,Company,,,,,,,,,[],Entity;Company
world:company:GLND,2026-06-01,GLND,,step_a_company_stock_split,Entities,GLND,Company,,,,,,,,,[],Entity;Company
world:company:GLOB,2026-06-01,GLOB,,step_a_company_stock_split,Entities,GLOB,Company,,,,,,,,,[],Entity;Company
world:company:GLW,2026-06-01,GLW,,step_a_company_stock_split,Entities,GLW,Company,,,,,,,,,[],Entity;Company
world:company:GM,2026-06-01,GM,,step_a_company_stock_split,Entities,GM,Company,,,,,,,,,[],Entity;Company
world:company:GNE,2026-06-01,GNE,,step_a_company_stock_split,Entities,GNE,Company,,,,,,,,,[],Entity;Company
world:company:GNL,2026-06-01,GNL,,step_a_company_stock_split,Entities,GNL,Company,,,,,,,,,[],Entity;Company
world:company:GNRC,2026-06-01,GNRC,,step_a_company_stock_split,Entities,GNRC,Company,,,,,,,,,[],Entity;Company
world:company:GO,2026-06-01,GO,,step_a_company_stock_split,Entities,GO,Company,,,,,,,,,[],Entity;Company
world:company:GOGO,2026-06-01,GOGO,,step_a_company_stock_split,Entities,GOGO,Company,,,,,,,,,[],Entity;Company
world:company:GOLD,2026-06-01,GOLD,[[USA]],step_a_company_stock_split,Entities,GOLD,Company,[[Materials]],Entities,C:\Users\CaveUser\Documents\Obsidian Vault\World_Machine\Entities\Stocks\Barrick Gold (GOLD).md,Entities/Stocks/Barrick Gold (GOLD).md,obsidian://open?vault=World_Machine&file=Entities%2FStocks%2FBarrick%20Gold%20(GOLD).md,World_Machine,Active,Stocks,"[""stock"",""materials"",""gold"",""miner""]",Entity;Company
world:company:GOOG,2026-06-01,GOOG,,step_a_company_stock_split,Entities,GOOG,Company,,,,,,,,,[],Entity;Company
world:company:GOOGL,2026-06-01,GOOGL,[[USA]],step_a_company_stock_split,Entities,GOOGL,Company,[[Communication Services]],Entities,C:\Users\CaveUser\Documents\Obsidian Vault\World_Machine\Entities\Stocks\GOOGL.md,Entities/Stocks/GOOGL.md,obsidian://open?vault=World_Machine&file=Entities%2FStocks%2FGOOGL.md,World_Machine,Active,Stocks,"[""stock"",""communication-services"",""tech"",""ai""]",Entity;Company
world:company:NXPI,2026-06-01,NXPI,,step_a_company_stock_split,Entities,NXPI,Company,,,,,,,,,[],Entity;Company
world:company:GPC,2026-06-01,GPC,,step_a_company_stock_split,Entities,GPC,Company,,,,,,,,,[],Entity;Company
world:company:GPN,2026-06-01,GPN,,step_a_company_stock_split,Entities,GPN,Company,,,,,,,,,[],Entity;Company
world:company:GPRE,2026-06-01,GPRE,,step_a_company_stock_split,Entities,GPRE,Company,,,,,,,,,[],Entity;Company
world:company:GPRK,2026-06-01,GPRK,,step_a_company_stock_split,Entities,GPRK,Company,,,,,,,,,[],Entity;Company
world:company:GRAL,2026-06-01,GRAL,,step_a_company_stock_split,Entities,GRAL,Company,,,,,,,,,[],Entity;Company
world:company:PSH.L,2026-06-01,PSH.L,,step_a_company_stock_split,Entities,PSH.L,Company,,,,,,,,,[],Entity;Company
world:company:GRC,2026-06-01,GRC,,step_a_company_stock_split,Entities,GRC,Company,,,,,,,,,[],Entity;Company
world:company:GRDN,2026-06-01,GRDN,,step_a_company_stock_split,Entities,GRDN,Company,,,,,,,,,[],Entity;Company
world:company:GRMN,2026-06-01,GRMN,,step_a_company_stock_split,Entities,GRMN,Company,,,,,,,,,[],Entity;Company
world:company:GRO,2026-06-01,GRO,,step_a_company_stock_split,Entities,GRO,Company,,,,,,,,,[],Entity;Company
world:company:GROV,2026-06-01,GROV,,step_a_company_stock_split,Entities,GROV,Company,,,,,,,,,[],Entity;Company
world:company:GROY,2026-06-01,GROY,,step_a_company_stock_split,Entities,GROY,Company,,,,,,,,,[],Entity;Company
world:company:GRPN,2026-06-01,GRPN,,step_a_company_stock_split,Entities,GRPN,Company,,,,,,,,,[],Entity;Company
world:company:GS,2026-06-01,GS,[[USA]],step_a_company_stock_split,Entities,GS,Company,[[Financials]],Entities,C:\Users\CaveUser\Documents\Obsidian Vault\World_Machine\Entities\Stocks\GS.md,Entities/Stocks/GS.md,obsidian://open?vault=World_Machine&file=Entities%2FStocks%2FGS.md,World_Machine,Active,Stocks,"[""stock"",""financials"",""investment-banking"",""markets""]",Entity;Company
world:company:GSBD,2026-06-01,GSBD,,step_a_company_stock_split,Entities,GSBD,Company,,,,,,,,,[],Entity;Company
world:company:GSIT,2026-06-01,GSIT,,step_a_company_stock_split,Entities,GSIT,Company,,,,,,,,,[],Entity;Company
world:company:GSL,2026-06-01,GSL,,step_a_company_stock_split,Entities,GSL,Company,,,,,,,,,[],Entity;Company
world:company:GSRVU,2026-06-01,GSRVU,,step_a_company_stock_split,Entities,GSRVU,Company,,,,,,,,,[],Entity;Company
world:company:GT,2026-06-01,GT,,step_a_company_stock_split,Entities,GT,Company,,,,,,,,,[],Entity;Company
world:company:OKLO,2026-06-01,OKLO,,step_a_company_stock_split,Entities,OKLO,Company,,,,,,,,,[],Entity;Company
world:company:GTLS,2026-06-01,GTLS,,step_a_company_stock_split,Entities,GTLS,Company,,,,,,,,,[],Entity;Company
world:company:GUT,2026-06-01,GUT,,step_a_company_stock_split,Entities,GUT,Company,,,,,,,,,[],Entity;Company
world:company:GWRS,2026-06-01,GWRS,,step_a_company_stock_split,Entities,GWRS,Company,,,,,,,,,[],Entity;Company
world:company:NWSA,2026-06-01,NWSA,,step_a_company_stock_split,Entities,NWSA,Company,,,,,,,,,[],Entity;Company
world:company:GXAI,2026-06-01,GXAI,,step_a_company_stock_split,Entities,GXAI,Company,,,,,,,,,[],Entity;Company
world:company:PFE,2026-06-01,PFE,[[USA]],step_a_company_stock_split,Entities,PFE,Company,[[Healthcare]],Entities,C:\Users\CaveUser\Documents\Obsidian Vault\World_Machine\Entities\Stocks\PFE.md,Entities/Stocks/PFE.md,obsidian://open?vault=World_Machine&file=Entities%2FStocks%2FPFE.md,World_Machine,Active,Stocks,"[""stock"",""healthcare"",""pharma"",""value""]",Entity;Company
world:company:HAS,2026-06-01,HAS,,step_a_company_stock_split,Entities,HAS,Company,,,,,,,,,[],Entity;Company
world:company:HBAN,2026-06-01,HBAN,,step_a_company_stock_split,Entities,HBAN,Company,,,,,,,,,[],Entity;Company
world:company:HCA,2026-06-01,HCA,,step_a_company_stock_split,Entities,HCA,Company,,,,,,,,,[],Entity;Company
world:company:HCI,2026-06-01,HCI,,step_a_company_stock_split,Entities,HCI,Company,,,,,,,,,[],Entity;Company
world:company:HD,2026-06-01,HD,,step_a_company_stock_split,Entities,HD,Company,,,,,,,,,[],Entity;Company
world:company:HDSN,2026-06-01,HDSN,,step_a_company_stock_split,Entities,HDSN,Company,,,,,,,,,[],Entity;Company
world:company:HELE,2026-06-01,HELE,,step_a_company_stock_split,Entities,HELE,Company,,,,,,,,,[],Entity;Company
world:company:HELP,2026-06-01,HELP,[[USA]],step_a_company_stock_split,Entities,HELP,Company,[[Healthcare]],Entities,C:\Users\CaveUser\Documents\Obsidian Vault\World_Machine\Entities\Stocks\HELP.md,Entities/Stocks/HELP.md,obsidian://open?vault=World_Machine&file=Entities%2FStocks%2FHELP.md,World_Machine,Active,Stocks,"[""stock"",""biotech"",""psychedelics"",""mental-health""]",Entity;Company
world:company:HIG,2026-06-01,HIG,,step_a_company_stock_split,Entities,HIG,Company,,,,,,,,,[],Entity;Company
world:company:HII,2026-06-01,HII,,step_a_company_stock_split,Entities,HII,Company,,,,,,,,,[],Entity;Company
world:company:HIMS,2026-06-01,HIMS,,step_a_company_stock_split,Entities,HIMS,Company,,,,,,,,,[],Entity;Company
world:company:HLF,2026-06-01,HLF,,step_a_company_stock_split,Entities,HLF,Company,,,,,,,,,[],Entity;Company
world:company:HLT,2026-06-01,HLT,,step_a_company_stock_split,Entities,HLT,Company,,,,,,,,,[],Entity;Company
world:company:HLX,2026-06-01,HLX,,step_a_company_stock_split,Entities,HLX,Company,,,,,,,,,[],Entity;Company
world:company:HMN,2026-06-01,HMN,,step_a_company_stock_split,Entities,HMN,Company,,,,,,,,,[],Entity;Company
world:company:HNRG,2026-06-01,HNRG,,step_a_company_stock_split,Entities,HNRG,Company,,,,,,,,,[],Entity;Company
world:company:HON,2026-06-01,HON,,step_a_company_stock_split,Entities,HON,Company,,,,,,,,,[],Entity;Company
world:company:HOOD,2026-06-01,HOOD,,step_a_company_stock_split,Entities,HOOD,Company,,,,,,,,,[],Entity;Company
world:company:HOV,2026-06-01,HOV,,step_a_company_stock_split,Entities,HOV,Company,,,,,,,,,[],Entity;Company
world:company:HOVR,2026-06-01,HOVR,[[Canada]],step_a_company_stock_split,Entities,HOVR,Company,[[Industrials]],Entities,C:\Users\CaveUser\Documents\Obsidian Vault\World_Machine\Entities\Stocks\HOVR.md,Entities/Stocks/HOVR.md,obsidian://open?vault=World_Machine&file=Entities%2FStocks%2FHOVR.md,World_Machine,Active,Stocks,"[""stock"",""evtol"",""drones"",""air-mobility"",""canada""]",Entity;Company
world:company:HPE,2026-06-01,HPE,,step_a_company_stock_split,Entities,HPE,Company,,,,,,,,,[],Entity;Company
world:company:HPQ,2026-06-01,HPQ,,step_a_company_stock_split,Entities,HPQ,Company,,,,,,,,,[],Entity;Company
world:company:HRB,2026-06-01,HRB,,step_a_company_stock_split,Entities,HRB,Company,,,,,,,,,[],Entity;Company
world:company:HRL,2026-06-01,HRL,,step_a_company_stock_split,Entities,HRL,Company,,,,,,,,,[],Entity;Company
world:company:HRMY,2026-06-01,HRMY,,step_a_company_stock_split,Entities,HRMY,Company,,,,,,,,,[],Entity;Company
world:company:HRZN,2026-06-01,HRZN,,step_a_company_stock_split,Entities,HRZN,Company,,,,,,,,,[],Entity;Company
world:company:HSHP,2026-06-01,HSHP,,step_a_company_stock_split,Entities,HSHP,Company,,,,,,,,,[],Entity;Company
world:company:HSIC,2026-06-01,HSIC,,step_a_company_stock_split,Entities,HSIC,Company,,,,,,,,,[],Entity;Company
world:company:HST,2026-06-01,HST,,step_a_company_stock_split,Entities,HST,Company,,,,,,,,,[],Entity;Company
world:company:HSY,2026-06-01,HSY,,step_a_company_stock_split,Entities,HSY,Company,,,,,,,,,[],Entity;Company
world:company:HTO,2026-06-01,HTO,,step_a_company_stock_split,Entities,HTO,Company,,,,,,,,,[],Entity;Company
world:company:HUBB,2026-06-01,HUBB,[[USA]],step_a_company_stock_split,Entities,HUBB,Company,[[Industrials]],Entities,C:\Users\CaveUser\Documents\Obsidian Vault\World_Machine\Entities\Stocks\HUBB.md,Entities/Stocks/HUBB.md,obsidian://open?vault=World_Machine&file=Entities%2FStocks%2FHUBB.md,World_Machine,Active,Stocks,"[""stock"",""industrials"",""electrification"",""grid-equipment""]",Entity;Company
world:company:HUM,2026-06-01,HUM,,step_a_company_stock_split,Entities,HUM,Company,,,,,,,,,[],Entity;Company
world:company:HUT,2026-06-01,HUT,,step_a_company_stock_split,Entities,HUT,Company,,,,,,,,,[],Entity;Company
world:company:HWM,2026-06-01,HWM,,step_a_company_stock_split,Entities,HWM,Company,,,,,,,,,[],Entity;Company
world:company:IAU,2026-06-01,IAU,,step_a_company_stock_split,Entities,IAU,Company,,,,,,,,,[],Entity;Company
world:company:IAUX,2026-06-01,IAUX,,step_a_company_stock_split,Entities,IAUX,Company,,,,,,,,,[],Entity;Company
world:company:IBKR,2026-06-01,IBKR,,step_a_company_stock_split,Entities,IBKR,Company,,,,,,,,,[],Entity;Company
world:company:IBM,2026-06-01,IBM,,step_a_company_stock_split,Entities,IBM,Company,,,,,,,,,[],Entity;Company
world:company:IDN,2026-06-01,IDN,,step_a_company_stock_split,Entities,IDN,Company,,,,,,,,,[],Entity;Company
world:company:IDXX,2026-06-01,IDXX,,step_a_company_stock_split,Entities,IDXX,Company,,,,,,,,,[],Entity;Company
world:company:IDYA,2026-06-01,IDYA,,step_a_company_stock_split,Entities,IDYA,Company,,,,,,,,,[],Entity;Company
world:company:IEFA,2026-06-01,IEFA,,step_a_company_stock_split,Entities,IEFA,Company,,,,,,,,,[],Entity;Company
world:company:IEMG,2026-06-01,IEMG,,step_a_company_stock_split,Entities,IEMG,Company,,,,,,,,,[],Entity;Company
world:company:IEX,2026-06-01,IEX,,step_a_company_stock_split,Entities,IEX,Company,,,,,,,,,[],Entity;Company
world:company:IFF,2026-06-01,IFF,,step_a_company_stock_split,Entities,IFF,Company,,,,,,,,,[],Entity;Company
world:company:IHRT,2026-06-01,IHRT,,step_a_company_stock_split,Entities,IHRT,Company,,,,,,,,,[],Entity;Company
world:company:IIPR,2026-06-01,IIPR,[[USA]],step_a_company_stock_split,Entities,IIPR,Company,[[Real Estate]],Entities,C:\Users\CaveUser\Documents\Obsidian Vault\World_Machine\Entities\Stocks\IIPR.md,Entities/Stocks/IIPR.md,obsidian://open?vault=World_Machine&file=Entities%2FStocks%2FIIPR.md,World_Machine,Active,Stocks,"[""stock"",""smallcap"",""real-estate"",""special-situations""]",Entity;Company
world:company:ILMN,2026-06-01,ILMN,,step_a_company_stock_split,Entities,ILMN,Company,,,,,,,,,[],Entity;Company
world:company:IMKTA,2026-06-01,IMKTA,,step_a_company_stock_split,Entities,IMKTA,Company,,,,,,,,,[],Entity;Company
world:company:INBK,2026-06-01,INBK,,step_a_company_stock_split,Entities,INBK,Company,,,,,,,,,[],Entity;Company
world:company:INBX,2026-06-01,INBX,,step_a_company_stock_split,Entities,INBX,Company,,,,,,,,,[],Entity;Company
world:company:INCY,2026-06-01,INCY,,step_a_company_stock_split,Entities,INCY,Company,,,,,,,,,[],Entity;Company
world:company:INGM,2026-06-01,INGM,,step_a_company_stock_split,Entities,INGM,Company,,,,,,,,,[],Entity;Company
world:company:INNV,2026-06-01,INNV,,step_a_company_stock_split,Entities,INNV,Company,,,,,,,,,[],Entity;Company
world:company:INOD,2026-06-01,INOD,,step_a_company_stock_split,Entities,INOD,Company,,,,,,,,,[],Entity;Company
world:company:INR,2026-06-01,INR,,step_a_company_stock_split,Entities,INR,Company,,,,,,,,,[],Entity;Company
world:company:INSM,2026-06-01,INSM,,step_a_company_stock_split,Entities,INSM,Company,,,,,,,,,[],Entity;Company
world:company:INTC,2026-06-01,INTC,,step_a_company_stock_split,Entities,INTC,Company,,,,,,,,,[],Entity;Company
world:company:INTT,2026-06-01,INTT,,step_a_company_stock_split,Entities,INTT,Company,,,,,,,,,[],Entity;Company
world:company:INTU,2026-06-01,INTU,,step_a_company_stock_split,Entities,INTU,Company,,,,,,,,,[],Entity;Company
world:company:INVA,2026-06-01,INVA,,step_a_company_stock_split,Entities,INVA,Company,,,,,,,,,[],Entity;Company
world:company:INVE,2026-06-01,INVE,,step_a_company_stock_split,Entities,INVE,Company,,,,,,,,,[],Entity;Company
world:company:Q,2026-06-01,Q,,step_a_company_stock_split,Entities,Q,Company,,,,,,,,,[],Entity;Company
world:company:PWR,2026-06-01,PWR,[[USA]],step_a_company_stock_split,Entities,PWR,Company,[[Industrials]],Entities,C:\Users\CaveUser\Documents\Obsidian Vault\World_Machine\Entities\Stocks\PWR.md,Entities/Stocks/PWR.md,obsidian://open?vault=World_Machine&file=Entities%2FStocks%2FPWR.md,World_Machine,Active,Stocks,"[""stock"",""industrials"",""grid"",""infrastructure"",""contractor""]",Entity;Company
world:company:INVH,2026-06-01,INVH,,step_a_company_stock_split,Entities,INVH,Company,,,,,,,,,[],Entity;Company
world:company:INVX,2026-06-01,INVX,,step_a_company_stock_split,Entities,INVX,Company,,,,,,,,,[],Entity;Company
world:company:IONQ,2026-06-01,IONQ,,step_a_company_stock_split,Entities,IONQ,Company,,,,,,,,,[],Entity;Company
world:company:IOSP,2026-06-01,IOSP,,step_a_company_stock_split,Entities,IOSP,Company,,,,,,,,,[],Entity;Company
world:company:NDAQ,2026-06-01,NDAQ,,step_a_company_stock_split,Entities,NDAQ,Company,,,,,,,,,[],Entity;Company
world:company:IP,2026-06-01,IP,,step_a_company_stock_split,Entities,IP,Company,,,,,,,,,[],Entity;Company
world:company:IPI,2026-06-01,IPI,,step_a_company_stock_split,Entities,IPI,Company,,,,,,,,,[],Entity;Company
world:company:IPX,2026-06-01,IPX,,step_a_company_stock_split,Entities,IPX,Company,,,,,,,,,[],Entity;Company
world:company:IQV,2026-06-01,IQV,,step_a_company_stock_split,Entities,IQV,Company,,,,,,,,,[],Entity;Company
world:company:IR,2026-06-01,IR,,step_a_company_stock_split,Entities,IR,Company,,,,,,,,,[],Entity;Company
world:company:IRD,2026-06-01,IRD,,step_a_company_stock_split,Entities,IRD,Company,,,,,,,,,[],Entity;Company
world:company:IRM,2026-06-01,IRM,,step_a_company_stock_split,Entities,IRM,Company,,,,,,,,,[],Entity;Company
world:company:IRON,2026-06-01,IRON,,step_a_company_stock_split,Entities,IRON,Company,,,,,,,,,[],Entity;Company
world:company:IRS,2026-06-01,IRS,,step_a_company_stock_split,Entities,IRS,Company,,,,,,,,,[],Entity;Company
world:company:IRWD,2026-06-01,IRWD,,step_a_company_stock_split,Entities,IRWD,Company,,,,,,,,,[],Entity;Company
world:company:ISRG,2026-06-01,ISRG,,step_a_company_stock_split,Entities,ISRG,Company,,,,,,,,,[],Entity;Company
world:company:ISSC,2026-06-01,ISSC,,step_a_company_stock_split,Entities,ISSC,Company,,,,,,,,,[],Entity;Company
world:company:ISTR,2026-06-01,ISTR,,step_a_company_stock_split,Entities,ISTR,Company,,,,,,,,,[],Entity;Company
world:company:ITT,2026-06-01,ITT,,step_a_company_stock_split,Entities,ITT,Company,,,,,,,,,[],Entity;Company
world:company:IT,2026-06-01,IT,,step_a_company_stock_split,Entities,IT,Company,,,,,,,,,[],Entity;Company
world:company:NEO,2026-06-01,NEO,,step_a_company_stock_split,Entities,NEO,Company,,,,,,,,,[],Entity;Company
world:company:ITW,2026-06-01,ITW,,step_a_company_stock_split,Entities,ITW,Company,,,,,,,,,[],Entity;Company
world:company:IVR,2026-06-01,IVR,,step_a_company_stock_split,Entities,IVR,Company,,,,,,,,,[],Entity;Company
world:company:IVZ,2026-06-01,IVZ,,step_a_company_stock_split,Entities,IVZ,Company,,,,,,,,,[],Entity;Company
world:company:IVV,2026-06-01,IVV,,step_a_company_stock_split,Entities,IVV,Company,,,,,,,,,[],Entity;Company
world:company:NRXP,2026-06-01,NRXP,[[USA]],step_a_company_stock_split,Entities,NRXP,Company,[[Healthcare]],Entities,C:\Users\CaveUser\Documents\Obsidian Vault\World_Machine\Entities\Stocks\NRXP.md,Entities/Stocks/NRXP.md,obsidian://open?vault=World_Machine&file=Entities%2FStocks%2FNRXP.md,World_Machine,Active,Stocks,"[""stock"",""biotech"",""mental-health"",""ketamine""]",Entity;Company
world:company:IWD,2026-06-01,IWD,,step_a_company_stock_split,Entities,IWD,Company,,,,,,,,,[],Entity;Company
world:company:IWF,2026-06-01,IWF,,step_a_company_stock_split,Entities,IWF,Company,,,,,,,,,[],Entity;Company
world:company:IWR,2026-06-01,IWR,,step_a_company_stock_split,Entities,IWR,Company,,,,,,,,,[],Entity;Company
world:company:IXHL,2026-06-01,IXHL,[[USA]],step_a_company_stock_split,Entities,IXHL,Company,[[Healthcare]],Entities,C:\Users\CaveUser\Documents\Obsidian Vault\World_Machine\Entities\Stocks\IXHL.md,Entities/Stocks/IXHL.md,obsidian://open?vault=World_Machine&file=Entities%2FStocks%2FIXHL.md,World_Machine,Active,Stocks,"[""stock"",""biotech"",""psychedelics"",""mental-health""]",Entity;Company
world:company:IXUS,2026-06-01,IXUS,,step_a_company_stock_split,Entities,IXUS,Company,,,,,,,,,[],Entity;Company
world:company:J,2026-06-01,J,,step_a_company_stock_split,Entities,J,Company,,,,,,,,,[],Entity;Company
world:company:JACK,2026-06-01,JACK,,step_a_company_stock_split,Entities,JACK,Company,,,,,,,,,[],Entity;Company
world:company:JAKK,2026-06-01,JAKK,,step_a_company_stock_split,Entities,JAKK,Company,,,,,,,,,[],Entity;Company
world:company:JANX,2026-06-01,JANX,,step_a_company_stock_split,Entities,JANX,Company,,,,,,,,,[],Entity;Company
world:company:JBHT,2026-06-01,JBHT,,step_a_company_stock_split,Entities,JBHT,Company,,,,,,,,,[],Entity;Company
world:company:JBL,2026-06-01,JBL,,step_a_company_stock_split,Entities,JBL,Company,,,,,,,,,[],Entity;Company
world:company:JBLU,2026-06-01,JBLU,,step_a_company_stock_split,Entities,JBLU,Company,,,,,,,,,[],Entity;Company
world:company:JCAP,2026-06-01,JCAP,,step_a_company_stock_split,Entities,JCAP,Company,,,,,,,,,[],Entity;Company
world:company:JCI,2026-06-01,JCI,,step_a_company_stock_split,Entities,JCI,Company,,,,,,,,,[],Entity;Company
world:company:JELD,2026-06-01,JELD,,step_a_company_stock_split,Entities,JELD,Company,,,,,,,,,[],Entity;Company
world:company:JJSF,2026-06-01,JJSF,,step_a_company_stock_split,Entities,JJSF,Company,,,,,,,,,[],Entity;Company
world:company:JKHY,2026-06-01,JKHY,,step_a_company_stock_split,Entities,JKHY,Company,,,,,,,,,[],Entity;Company
world:company:JNJ,2026-06-01,JNJ,[[USA]],step_a_company_stock_split,Entities,JNJ,Company,[[Healthcare]],Entities,C:\Users\CaveUser\Documents\Obsidian Vault\World_Machine\Entities\Stocks\JNJ.md,Entities/Stocks/JNJ.md,obsidian://open?vault=World_Machine&file=Entities%2FStocks%2FJNJ.md,World_Machine,Active,Stocks,"[""stock"",""pharma"",""mental-health""]",Entity;Company
world:company:JOBY,2026-06-01,JOBY,[[USA]],step_a_company_stock_split,Entities,JOBY,Company,[[Industrials]],Entities,C:\Users\CaveUser\Documents\Obsidian Vault\World_Machine\Entities\Stocks\JOBY.md,Entities/Stocks/JOBY.md,obsidian://open?vault=World_Machine&file=Entities%2FStocks%2FJOBY.md,World_Machine,Active,Stocks,"[""stock"",""evtol"",""drones"",""air-mobility""]",Entity;Company
world:company:JPM,2026-06-01,JPM,[[USA]],step_a_company_stock_split,Entities,JPM,Company,[[Financials]],Entities,C:\Users\CaveUser\Documents\Obsidian Vault\World_Machine\Entities\Stocks\JPM.md,Entities/Stocks/JPM.md,obsidian://open?vault=World_Machine&file=Entities%2FStocks%2FJPM.md,World_Machine,Active,Stocks,"[""stock"",""financials"",""banking"",""money-center""]",Entity;Company
world:company:KALV,2026-06-01,KALV,,step_a_company_stock_split,Entities,KALV,Company,,,,,,,,,[],Entity;Company
world:company:KBDC,2026-06-01,KBDC,,step_a_company_stock_split,Entities,KBDC,Company,,,,,,,,,[],Entity;Company
world:company:KD,2026-06-01,KD,,step_a_company_stock_split,Entities,KD,Company,,,,,,,,,[],Entity;Company
world:company:KDP,2026-06-01,KDP,,step_a_company_stock_split,Entities,KDP,Company,,,,,,,,,[],Entity;Company
world:company:KEY,2026-06-01,KEY,,step_a_company_stock_split,Entities,KEY,Company,,,,,,,,,[],Entity;Company
world:company:KEYS,2026-06-01,KEYS,,step_a_company_stock_split,Entities,KEYS,Company,,,,,,,,,[],Entity;Company
world:company:KGEI,2026-06-01,KGEI,,step_a_company_stock_split,Entities,KGEI,Company,,,,,,,,,[],Entity;Company
world:company:KHC,2026-06-01,KHC,,step_a_company_stock_split,Entities,KHC,Company,,,,,,,,,[],Entity;Company
world:company:KIM,2026-06-01,KIM,,step_a_company_stock_split,Entities,KIM,Company,,,,,,,,,[],Entity;Company
world:company:KKR,2026-06-01,KKR,,step_a_company_stock_split,Entities,KKR,Company,,,,,,,,,[],Entity;Company
world:company:KLAC,2026-06-01,KLAC,,step_a_company_stock_split,Entities,KLAC,Company,,,,,,,,,[],Entity;Company
world:company:KMB,2026-06-01,KMB,,step_a_company_stock_split,Entities,KMB,Company,,,,,,,,,[],Entity;Company
world:company:KMI,2026-06-01,KMI,,step_a_company_stock_split,Entities,KMI,Company,,,,,,,,,[],Entity;Company
world:company:KMPR,2026-06-01,KMPR,,step_a_company_stock_split,Entities,KMPR,Company,,,,,,,,,[],Entity;Company
world:company:KNTK,2026-06-01,KNTK,,step_a_company_stock_split,Entities,KNTK,Company,,,,,,,,,[],Entity;Company
world:company:NVDA.NE,2026-06-01,NVDA.NE,,step_a_company_stock_split,Entities,NVDA.NE,Company,,,,,,,,,[],Entity;Company
world:company:KNX,2026-06-01,KNX,,step_a_company_stock_split,Entities,KNX,Company,,,,,,,,,[],Entity;Company
world:company:KO,2026-06-01,KO,[[USA]],step_a_company_stock_split,Entities,KO,Company,[[Consumer Staples]],Entities,C:\Users\CaveUser\Documents\Obsidian Vault\World_Machine\Entities\Stocks\KO.md,Entities/Stocks/KO.md,obsidian://open?vault=World_Machine&file=Entities%2FStocks%2FKO.md,World_Machine,Active,Stocks,"[""stock"",""consumer-staples"",""beverages"",""defensive""]",Entity;Company
world:company:KOD,2026-06-01,KOD,,step_a_company_stock_split,Entities,KOD,Company,,,,,,,,,[],Entity;Company
world:company:KOS,2026-06-01,KOS,,step_a_company_stock_split,Entities,KOS,Company,,,,,,,,,[],Entity;Company
world:company:KOSS,2026-06-01,KOSS,,step_a_company_stock_split,Entities,KOSS,Company,,,,,,,,,[],Entity;Company
world:company:KRMD,2026-06-01,KRMD,,step_a_company_stock_split,Entities,KRMD,Company,,,,,,,,,[],Entity;Company
world:company:NFP,2026-06-01,NFP,,step_a_company_stock_split,Entities,NFP,Company,,,,,,,,,[],Entity;Company
world:company:KROS,2026-06-01,KROS,,step_a_company_stock_split,Entities,KROS,Company,,,,,,,,,[],Entity;Company
world:company:KSCP,2026-06-01,KSCP,,step_a_company_stock_split,Entities,KSCP,Company,,,,,,,,,[],Entity;Company
world:company:KSS,2026-06-01,KSS,,step_a_company_stock_split,Entities,KSS,Company,,,,,,,,,[],Entity;Company
world:company:KTOS,2026-06-01,KTOS,[[USA]],step_a_company_stock_split,Entities,KTOS,Company,[[Aerospace & Defense]],Entities,C:\Users\CaveUser\Documents\Obsidian Vault\World_Machine\Entities\Stocks\KTOS.md,Entities/Stocks/KTOS.md,obsidian://open?vault=World_Machine&file=Entities%2FStocks%2FKTOS.md,World_Machine,Active,Stocks,"[""stock"",""defense"",""drones"",""military""]",Entity;Company
world:company:KTTA,2026-06-01,KTTA,[[USA]],step_a_company_stock_split,Entities,KTTA,Company,[[Healthcare]],Entities,C:\Users\CaveUser\Documents\Obsidian Vault\World_Machine\Entities\Stocks\KTTA.md,Entities/Stocks/KTTA.md,obsidian://open?vault=World_Machine&file=Entities%2FStocks%2FKTTA.md,World_Machine,Watching,Stocks,"[""stock"",""biotech""]",Entity;Company
world:company:KURA,2026-06-01,KURA,,step_a_company_stock_split,Entities,KURA,Company,,,,,,,,,[],Entity;Company
world:company:KVUE,2026-06-01,KVUE,,step_a_company_stock_split,Entities,KVUE,Company,,,,,,,,,[],Entity;Company
world:company:KW,2026-06-01,KW,,step_a_company_stock_split,Entities,KW,Company,,,,,,,,,[],Entity;Company
world:company:L,2026-06-01,L,,step_a_company_stock_split,Entities,L,Company,,,,,,,,,[],Entity;Company
world:company:LB,2026-06-01,LB,,step_a_company_stock_split,Entities,LB,Company,,,,,,,,,[],Entity;Company
world:company:LBRDA,2026-06-01,LBRDA,,step_a_company_stock_split,Entities,LBRDA,Company,,,,,,,,,[],Entity;Company
world:company:LC,2026-06-01,LC,,step_a_company_stock_split,Entities,LC,Company,,,,,,,,,[],Entity;Company
world:company:LDOS,2026-06-01,LDOS,,step_a_company_stock_split,Entities,LDOS,Company,,,,,,,,,[],Entity;Company
world:company:LEG,2026-06-01,LEG,,step_a_company_stock_split,Entities,LEG,Company,,,,,,,,,[],Entity;Company
