id:ID,asOfDate,canonicalName,country,dataType,date,domain,exchange,label,name,nodeType,obsidianUrl,relativePath,sector,sourceFolder,sourcePath,sourceVault,source_folder,source_path,source_rel_path,source_url,source_vault,status,subdomain,symbol,tags,ticker,vault,:LABEL
world:commodity:copper,2026-06-01,Copper,,,,Entities,,Copper,Copper,commodity,obsidian://open?vault=World_Machine&file=Entities%2FCommodities%2FCopper.md,Entities/Commodities/Copper.md,,Entities,C:\Users\CaveUser\Documents\Obsidian Vault\World_Machine\Entities\Commodities\Copper.md,World_Machine,Entities,C:\Users\CaveUser\Documents\Obsidian Vault\World_Machine\Entities\Commodities\Copper.md,Entities/Commodities/Copper.md,obsidian://open?vault=World_Machine&file=Entities%2FCommodities%2FCopper.md,World_Machine,Active,Commodities,,"[""commodity"",""metal""]",,World_Machine,Commodity;Entity
world:commodity:crude-oil,2026-06-01,Crude Oil,,,,Entities,,Crude Oil,Crude Oil,commodity,,,,,,,,,,,,,,,[],,,Commodity;Entity
world:commodity:gold,2026-06-01,Gold,,,,Entities,,Gold,Gold,commodity,obsidian://open?vault=World_Machine&file=Entities%2FCommodities%2FGold.md,Entities/Commodities/Gold.md,,Entities,C:\Users\CaveUser\Documents\Obsidian Vault\World_Machine\Entities\Commodities\Gold.md,World_Machine,Entities,C:\Users\CaveUser\Documents\Obsidian Vault\World_Machine\Entities\Commodities\Gold.md,Entities/Commodities/Gold.md,obsidian://open?vault=World_Machine&file=Entities%2FCommodities%2FGold.md,World_Machine,Active,Commodities,,"[""commodity"",""precious""]",,World_Machine,Commodity;Entity
world:commodity:lithium,2026-06-01,Lithium,,,,Entities,,Lithium,Lithium,commodity,obsidian://open?vault=World_Machine&file=Entities%2FCommodities%2FLithium.md,Entities/Commodities/Lithium.md,,Entities,C:\Users\CaveUser\Documents\Obsidian Vault\World_Machine\Entities\Commodities\Lithium.md,World_Machine,Entities,C:\Users\CaveUser\Documents\Obsidian Vault\World_Machine\Entities\Commodities\Lithium.md,Entities/Commodities/Lithium.md,obsidian://open?vault=World_Machine&file=Entities%2FCommodities%2FLithium.md,World_Machine,Active,Commodities,,"[""commodity"",""metal""]",,World_Machine,Commodity;Entity
world:commodity:natural-gas,2026-06-01,Natural Gas,,,,Entities,,Natural Gas,Natural Gas,commodity,obsidian://open?vault=World_Machine&file=Entities%2FCommodities%2FNatural%20Gas.md,Entities/Commodities/Natural Gas.md,,Entities,C:\Users\CaveUser\Documents\Obsidian Vault\World_Machine\Entities\Commodities\Natural Gas.md,World_Machine,Entities,C:\Users\CaveUser\Documents\Obsidian Vault\World_Machine\Entities\Commodities\Natural Gas.md,Entities/Commodities/Natural Gas.md,obsidian://open?vault=World_Machine&file=Entities%2FCommodities%2FNatural%20Gas.md,World_Machine,Active,Commodities,,"[""commodity"",""energy""]",,World_Machine,Commodity;Entity
world:commodity:oil,2026-06-01,Oil,,,,Entities,,Oil,Oil,commodity,obsidian://open?vault=World_Machine&file=Entities%2FCommodities%2FOil.md,Entities/Commodities/Oil.md,,Entities,C:\Users\CaveUser\Documents\Obsidian Vault\World_Machine\Entities\Commodities\Oil.md,World_Machine,Entities,C:\Users\CaveUser\Documents\Obsidian Vault\World_Machine\Entities\Commodities\Oil.md,Entities/Commodities/Oil.md,obsidian://open?vault=World_Machine&file=Entities%2FCommodities%2FOil.md,World_Machine,Active,Commodities,,"[""commodity"",""energy""]",,World_Machine,Commodity;Entity
world:commodity:silver,2026-06-01,Silver,,,,Entities,,Silver,Silver,commodity,obsidian://open?vault=World_Machine&file=Entities%2FCommodities%2FSilver.md,Entities/Commodities/Silver.md,,Entities,C:\Users\CaveUser\Documents\Obsidian Vault\World_Machine\Entities\Commodities\Silver.md,World_Machine,Entities,C:\Users\CaveUser\Documents\Obsidian Vault\World_Machine\Entities\Commodities\Silver.md,Entities/Commodities/Silver.md,obsidian://open?vault=World_Machine&file=Entities%2FCommodities%2FSilver.md,World_Machine,Active,Commodities,,"[""commodity"",""precious""]",,World_Machine,Commodity;Entity
world:commodity:wheat,2026-06-01,Wheat,,,,Entities,,Wheat,Wheat,commodity,obsidian://open?vault=World_Machine&file=Entities%2FCommodities%2FWheat.md,Entities/Commodities/Wheat.md,,Entities,C:\Users\CaveUser\Documents\Obsidian Vault\World_Machine\Entities\Commodities\Wheat.md,World_Machine,Entities,C:\Users\CaveUser\Documents\Obsidian Vault\World_Machine\Entities\Commodities\Wheat.md,Entities/Commodities/Wheat.md,obsidian://open?vault=World_Machine&file=Entities%2FCommodities%2FWheat.md,World_Machine,Active,Commodities,,"[""commodity"",""agricultural""]",,World_Machine,Commodity;Entity
world:entity:0jt5-l,2026-06-01,0JT5.L,,,,Entities,,0JT5.L,0JT5.L,entity,,,,,,,,,,,,,,,[],,,Entity
world:entity:0q16-l,2026-06-01,0Q16.L,,,,Entities,,0Q16.L,0Q16.L,entity,,,,,,,,,,,,,,,[],,,Entity
world:entity:0q1f-l,2026-06-01,0Q1F.L,,,,Entities,,0Q1F.L,0Q1F.L,entity,,,,,,,,,,,,,,,[],,,Entity
world:entity:2026-03-24-fred-inflation,2026-06-01,2026-03-24_FRED_Inflation,,,,Entities,,2026-03-24_FRED_Inflation,2026-03-24_FRED_Inflation,entity,,,,,,,,,,,,,,,[],,,Entity
world:entity:2026-03-27-bea-gdp,2026-06-01,2026-03-27_BEA_GDP,,,,Entities,,2026-03-27_BEA_GDP,2026-03-27_BEA_GDP,entity,,,,,,,,,,,,,,,[],,,Entity
world:entity:2026-03-27-cboe-vix-term-structure,2026-06-01,2026-03-27_CBOE_VIX_Term_Structure,,,,Entities,,2026-03-27_CBOE_VIX_Term_Structure,2026-03-27_CBOE_VIX_Term_Structure,entity,,,,,,,,,,,,,,,[],,,Entity
world:entity:2026-04-02-catalyst-abbv,2026-06-01,2026-04-02_Catalyst_ABBV,,,,Entities,,2026-04-02_Catalyst_ABBV,2026-04-02_Catalyst_ABBV,entity,,,,,,,,,,,,,,,[],,,Entity
world:entity:2026-04-02-catalyst-acad,2026-06-01,2026-04-02_Catalyst_ACAD,,,,Entities,,2026-04-02_Catalyst_ACAD,2026-04-02_Catalyst_ACAD,entity,,,,,,,,,,,,,,,[],,,Entity
world:entity:2026-04-02-catalyst-achr,2026-06-01,2026-04-02_Catalyst_ACHR,,,,Entities,,2026-04-02_Catalyst_ACHR,2026-04-02_Catalyst_ACHR,entity,,,,,,,,,,,,,,,[],,,Entity
world:entity:2026-04-02-catalyst-airo,2026-06-01,2026-04-02_Catalyst_AIRO,,,,Entities,,2026-04-02_Catalyst_AIRO,2026-04-02_Catalyst_AIRO,entity,,,,,,,,,,,,,,,[],,,Entity
world:entity:2026-04-02-catalyst-alks,2026-06-01,2026-04-02_Catalyst_ALKS,,,,Entities,,2026-04-02_Catalyst_ALKS,2026-04-02_Catalyst_ALKS,entity,,,,,,,,,,,,,,,[],,,Entity
world:entity:2026-04-02-catalyst-alvo,2026-06-01,2026-04-02_Catalyst_ALVO,,,,Entities,,2026-04-02_Catalyst_ALVO,2026-04-02_Catalyst_ALVO,entity,,,,,,,,,,,,,,,[],,,Entity
world:entity:2026-04-02-catalyst-amat,2026-06-01,2026-04-02_Catalyst_AMAT,,,,Entities,,2026-04-02_Catalyst_AMAT,2026-04-02_Catalyst_AMAT,entity,,,,,,,,,,,,,,,[],,,Entity
world:entity:2026-04-02-catalyst-amgn,2026-06-01,2026-04-02_Catalyst_AMGN,,,,Entities,,2026-04-02_Catalyst_AMGN,2026-04-02_Catalyst_AMGN,entity,,,,,,,,,,,,,,,[],,,Entity
world:entity:2026-04-02-catalyst-amzn,2026-06-01,2026-04-02_Catalyst_AMZN,,,,Entities,,2026-04-02_Catalyst_AMZN,2026-04-02_Catalyst_AMZN,entity,,,,,,,,,,,,,,,[],,,Entity
world:entity:2026-04-02-catalyst-asts,2026-06-01,2026-04-02_Catalyst_ASTS,,,,Entities,,2026-04-02_Catalyst_ASTS,2026-04-02_Catalyst_ASTS,entity,,,,,,,,,,,,,,,[],,,Entity
world:entity:2026-04-02-catalyst-atai,2026-06-01,2026-04-02_Catalyst_ATAI,,,,Entities,,2026-04-02_Catalyst_ATAI,2026-04-02_Catalyst_ATAI,entity,,,,,,,,,,,,,,,[],,,Entity
world:entity:2026-04-02-catalyst-avav,2026-06-01,2026-04-02_Catalyst_AVAV,,,,Entities,,2026-04-02_Catalyst_AVAV,2026-04-02_Catalyst_AVAV,entity,,,,,,,,,,,,,,,[],,,Entity
world:entity:2026-04-02-catalyst-bah,2026-06-01,2026-04-02_Catalyst_BAH,,,,Entities,,2026-04-02_Catalyst_BAH,2026-04-02_Catalyst_BAH,entity,,,,,,,,,,,,,,,[],,,Entity
world:entity:2026-04-02-catalyst-bbai,2026-06-01,2026-04-02_Catalyst_BBAI,,,,Entities,,2026-04-02_Catalyst_BBAI,2026-04-02_Catalyst_BBAI,entity,,,,,,,,,,,,,,,[],,,Entity
world:entity:2026-04-02-catalyst-beam,2026-06-01,2026-04-02_Catalyst_BEAM,,,,Entities,,2026-04-02_Catalyst_BEAM,2026-04-02_Catalyst_BEAM,entity,,,,,,,,,,,,,,,[],,,Entity
world:entity:2026-04-02-catalyst-biib,2026-06-01,2026-04-02_Catalyst_BIIB,,,,Entities,,2026-04-02_Catalyst_BIIB,2026-04-02_Catalyst_BIIB,entity,,,,,,,,,,,,,,,[],,,Entity
world:entity:2026-04-02-catalyst-bksy,2026-06-01,2026-04-02_Catalyst_BKSY,,,,Entities,,2026-04-02_Catalyst_BKSY,2026-04-02_Catalyst_BKSY,entity,,,,,,,,,,,,,,,[],,,Entity
world:entity:2026-04-02-catalyst-caci,2026-06-01,2026-04-02_Catalyst_CACI,,,,Entities,,2026-04-02_Catalyst_CACI,2026-04-02_Catalyst_CACI,entity,,,,,,,,,,,,,,,[],,,Entity
world:entity:2026-04-02-catalyst-ccj,2026-06-01,2026-04-02_Catalyst_CCJ,,,,Entities,,2026-04-02_Catalyst_CCJ,2026-04-02_Catalyst_CCJ,entity,,,,,,,,,,,,,,,[],,,Entity
world:entity:2026-04-02-catalyst-ceg,2026-06-01,2026-04-02_Catalyst_CEG,,,,Entities,,2026-04-02_Catalyst_CEG,2026-04-02_Catalyst_CEG,entity,,,,,,,,,,,,,,,[],,,Entity
world:entity:2026-04-02-catalyst-cmps,2026-06-01,2026-04-02_Catalyst_CMPS,,,,Entities,,2026-04-02_Catalyst_CMPS,2026-04-02_Catalyst_CMPS,entity,,,,,,,,,,,,,,,[],,,Entity
world:entity:2026-04-02-catalyst-coin,2026-06-01,2026-04-02_Catalyst_COIN,,,,Entities,,2026-04-02_Catalyst_COIN,2026-04-02_Catalyst_COIN,entity,,,,,,,,,,,,,,,[],,,Entity
world:entity:2026-04-02-catalyst-crsp,2026-06-01,2026-04-02_Catalyst_CRSP,,,,Entities,,2026-04-02_Catalyst_CRSP,2026-04-02_Catalyst_CRSP,entity,,,,,,,,,,,,,,,[],,,Entity
world:entity:2026-04-02-catalyst-dftx,2026-06-01,2026-04-02_Catalyst_DFTX,,,,Entities,,2026-04-02_Catalyst_DFTX,2026-04-02_Catalyst_DFTX,entity,,,,,,,,,,,,,,,[],,,Entity
world:entity:2026-04-02-catalyst-dhi,2026-06-01,2026-04-02_Catalyst_DHI,,,,Entities,,2026-04-02_Catalyst_DHI,2026-04-02_Catalyst_DHI,entity,,,,,,,,,,,,,,,[],,,Entity
world:entity:2026-04-02-catalyst-dpro,2026-06-01,2026-04-02_Catalyst_DPRO,,,,Entities,,2026-04-02_Catalyst_DPRO,2026-04-02_Catalyst_DPRO,entity,,,,,,,,,,,,,,,[],,,Entity
world:entity:2026-04-02-catalyst-dro-ax,2026-06-01,2026-04-02_Catalyst_DRO_AX,,,,Entities,,2026-04-02_Catalyst_DRO_AX,2026-04-02_Catalyst_DRO_AX,entity,,,,,,,,,,,,,,,[],,,Entity
world:entity:2026-04-02-catalyst-edit,2026-06-01,2026-04-02_Catalyst_EDIT,,,,Entities,,2026-04-02_Catalyst_EDIT,2026-04-02_Catalyst_EDIT,entity,,,,,,,,,,,,,,,[],,,Entity
world:entity:2026-04-02-catalyst-eh,2026-06-01,2026-04-02_Catalyst_EH,,,,Entities,,2026-04-02_Catalyst_EH,2026-04-02_Catalyst_EH,entity,,,,,,,,,,,,,,,[],,,Entity
world:entity:2026-04-02-catalyst-envx,2026-06-01,2026-04-02_Catalyst_ENVX,,,,Entities,,2026-04-02_Catalyst_ENVX,2026-04-02_Catalyst_ENVX,entity,,,,,,,,,,,,,,,[],,,Entity
world:entity:2026-04-02-catalyst-eslt,2026-06-01,2026-04-02_Catalyst_ESLT,,,,Entities,,2026-04-02_Catalyst_ESLT,2026-04-02_Catalyst_ESLT,entity,,,,,,,,,,,,,,,[],,,Entity
world:entity:2026-04-02-catalyst-etn,2026-06-01,2026-04-02_Catalyst_ETN,,,,Entities,,2026-04-02_Catalyst_ETN,2026-04-02_Catalyst_ETN,entity,,,,,,,,,,,,,,,[],,,Entity
world:entity:2026-04-02-catalyst-evtl,2026-06-01,2026-04-02_Catalyst_EVTL,,,,Entities,,2026-04-02_Catalyst_EVTL,2026-04-02_Catalyst_EVTL,entity,,,,,,,,,,,,,,,[],,,Entity
world:entity:2026-04-02-catalyst-flnc,2026-06-01,2026-04-02_Catalyst_FLNC,,,,Entities,,2026-04-02_Catalyst_FLNC,2026-04-02_Catalyst_FLNC,entity,,,,,,,,,,,,,,,[],,,Entity
world:entity:2026-04-02-catalyst-gd,2026-06-01,2026-04-02_Catalyst_GD,,,,Entities,,2026-04-02_Catalyst_GD,2026-04-02_Catalyst_GD,entity,,,,,,,,,,,,,,,[],,,Entity
world:entity:2026-04-02-catalyst-gev,2026-06-01,2026-04-02_Catalyst_GEV,,,,Entities,,2026-04-02_Catalyst_GEV,2026-04-02_Catalyst_GEV,entity,,,,,,,,,,,,,,,[],,,Entity
world:entity:2026-04-02-catalyst-ghrs,2026-06-01,2026-04-02_Catalyst_GHRS,,,,Entities,,2026-04-02_Catalyst_GHRS,2026-04-02_Catalyst_GHRS,entity,,,,,,,,,,,,,,,[],,,Entity
world:entity:2026-04-02-catalyst-gold,2026-06-01,2026-04-02_Catalyst_GOLD,,,,Entities,,2026-04-02_Catalyst_GOLD,2026-04-02_Catalyst_GOLD,entity,,,,,,,,,,,,,,,[],,,Entity
world:entity:2026-04-02-catalyst-googl,2026-06-01,2026-04-02_Catalyst_GOOGL,,,,Entities,,2026-04-02_Catalyst_GOOGL,2026-04-02_Catalyst_GOOGL,entity,,,,,,,,,,,,,,,[],,,Entity
world:entity:2026-04-02-catalyst-help,2026-06-01,2026-04-02_Catalyst_HELP,,,,Entities,,2026-04-02_Catalyst_HELP,2026-04-02_Catalyst_HELP,entity,,,,,,,,,,,,,,,[],,,Entity
world:entity:2026-04-02-catalyst-hims,2026-06-01,2026-04-02_Catalyst_HIMS,,,,Entities,,2026-04-02_Catalyst_HIMS,2026-04-02_Catalyst_HIMS,entity,,,,,,,,,,,,,,,[],,,Entity
world:entity:2026-04-02-catalyst-hovr,2026-06-01,2026-04-02_Catalyst_HOVR,,,,Entities,,2026-04-02_Catalyst_HOVR,2026-04-02_Catalyst_HOVR,entity,,,,,,,,,,,,,,,[],,,Entity
world:entity:2026-04-02-catalyst-inva,2026-06-01,2026-04-02_Catalyst_INVA,,,,Entities,,2026-04-02_Catalyst_INVA,2026-04-02_Catalyst_INVA,entity,,,,,,,,,,,,,,,[],,,Entity
world:entity:2026-04-02-catalyst-ionq,2026-06-01,2026-04-02_Catalyst_IONQ,,,,Entities,,2026-04-02_Catalyst_IONQ,2026-04-02_Catalyst_IONQ,entity,,,,,,,,,,,,,,,[],,,Entity
world:entity:2026-04-02-catalyst-jnj,2026-06-01,2026-04-02_Catalyst_JNJ,,,,Entities,,2026-04-02_Catalyst_JNJ,2026-04-02_Catalyst_JNJ,entity,,,,,,,,,,,,,,,[],,,Entity
world:entity:2026-04-02-catalyst-joby,2026-06-01,2026-04-02_Catalyst_JOBY,,,,Entities,,2026-04-02_Catalyst_JOBY,2026-04-02_Catalyst_JOBY,entity,,,,,,,,,,,,,,,[],,,Entity
world:entity:2026-04-02-catalyst-klac,2026-06-01,2026-04-02_Catalyst_KLAC,,,,Entities,,2026-04-02_Catalyst_KLAC,2026-04-02_Catalyst_KLAC,entity,,,,,,,,,,,,,,,[],,,Entity
world:entity:2026-04-02-catalyst-ktos,2026-06-01,2026-04-02_Catalyst_KTOS,,,,Entities,,2026-04-02_Catalyst_KTOS,2026-04-02_Catalyst_KTOS,entity,,,,,,,,,,,,,,,[],,,Entity
world:entity:2026-04-02-catalyst-ldos,2026-06-01,2026-04-02_Catalyst_LDOS,,,,Entities,,2026-04-02_Catalyst_LDOS,2026-04-02_Catalyst_LDOS,entity,,,,,,,,,,,,,,,[],,,Entity
world:entity:2026-04-02-catalyst-len,2026-06-01,2026-04-02_Catalyst_LEN,,,,Entities,,2026-04-02_Catalyst_LEN,2026-04-02_Catalyst_LEN,entity,,,,,,,,,,,,,,,[],,,Entity
world:entity:2026-04-02-catalyst-lhx,2026-06-01,2026-04-02_Catalyst_LHX,,,,Entities,,2026-04-02_Catalyst_LHX,2026-04-02_Catalyst_LHX,entity,,,,,,,,,,,,,,,[],,,Entity
world:entity:2026-04-02-catalyst-lly,2026-06-01,2026-04-02_Catalyst_LLY,,,,Entities,,2026-04-02_Catalyst_LLY,2026-04-02_Catalyst_LLY,entity,,,,,,,,,,,,,,,[],,,Entity
world:entity:2026-04-02-catalyst-lmt,2026-06-01,2026-04-02_Catalyst_LMT,,,,Entities,,2026-04-02_Catalyst_LMT,2026-04-02_Catalyst_LMT,entity,,,,,,,,,,,,,,,[],,,Entity
world:entity:2026-04-02-catalyst-lrcx,2026-06-01,2026-04-02_Catalyst_LRCX,,,,Entities,,2026-04-02_Catalyst_LRCX,2026-04-02_Catalyst_LRCX,entity,,,,,,,,,,,,,,,[],,,Entity
world:entity:2026-04-02-catalyst-mnts,2026-06-01,2026-04-02_Catalyst_MNTS,,,,Entities,,2026-04-02_Catalyst_MNTS,2026-04-02_Catalyst_MNTS,entity,,,,,,,,,,,,,,,[],,,Entity
world:entity:2026-04-02-catalyst-mrk,2026-06-01,2026-04-02_Catalyst_MRK,,,,Entities,,2026-04-02_Catalyst_MRK,2026-04-02_Catalyst_MRK,entity,,,,,,,,,,,,,,,[],,,Entity
world:entity:2026-04-02-catalyst-msft,2026-06-01,2026-04-02_Catalyst_MSFT,,,,Entities,,2026-04-02_Catalyst_MSFT,2026-04-02_Catalyst_MSFT,entity,,,,,,,,,,,,,,,[],,,Entity
world:entity:2026-04-02-catalyst-mstr,2026-06-01,2026-04-02_Catalyst_MSTR,,,,Entities,,2026-04-02_Catalyst_MSTR,2026-04-02_Catalyst_MSTR,entity,,,,,,,,,,,,,,,[],,,Entity
world:entity:2026-04-02-catalyst-nbix,2026-06-01,2026-04-02_Catalyst_NBIX,,,,Entities,,2026-04-02_Catalyst_NBIX,2026-04-02_Catalyst_NBIX,entity,,,,,,,,,,,,,,,[],,,Entity
world:entity:2026-04-02-catalyst-nem,2026-06-01,2026-04-02_Catalyst_NEM,,,,Entities,,2026-04-02_Catalyst_NEM,2026-04-02_Catalyst_NEM,entity,,,,,,,,,,,,,,,[],,,Entity
world:entity:2026-04-02-catalyst-nne,2026-06-01,2026-04-02_Catalyst_NNE,,,,Entities,,2026-04-02_Catalyst_NNE,2026-04-02_Catalyst_NNE,entity,,,,,,,,,,,,,,,[],,,Entity
world:entity:2026-04-02-catalyst-noc,2026-06-01,2026-04-02_Catalyst_NOC,,,,Entities,,2026-04-02_Catalyst_NOC,2026-04-02_Catalyst_NOC,entity,,,,,,,,,,,,,,,[],,,Entity
world:entity:2026-04-02-catalyst-nrg,2026-06-01,2026-04-02_Catalyst_NRG,,,,Entities,,2026-04-02_Catalyst_NRG,2026-04-02_Catalyst_NRG,entity,,,,,,,,,,,,,,,[],,,Entity
world:entity:2026-04-02-catalyst-ntla,2026-06-01,2026-04-02_Catalyst_NTLA,,,,Entities,,2026-04-02_Catalyst_NTLA,2026-04-02_Catalyst_NTLA,entity,,,,,,,,,,,,,,,[],,,Entity
world:entity:2026-04-02-catalyst-nvda,2026-06-01,2026-04-02_Catalyst_NVDA,,,,Entities,,2026-04-02_Catalyst_NVDA,2026-04-02_Catalyst_NVDA,entity,,,,,,,,,,,,,,,[],,,Entity
world:entity:2026-04-02-catalyst-nvr,2026-06-01,2026-04-02_Catalyst_NVR,,,,Entities,,2026-04-02_Catalyst_NVR,2026-04-02_Catalyst_NVR,entity,,,,,,,,,,,,,,,[],,,Entity
world:entity:2026-04-02-catalyst-oklo,2026-06-01,2026-04-02_Catalyst_OKLO,,,,Entities,,2026-04-02_Catalyst_OKLO,2026-04-02_Catalyst_OKLO,entity,,,,,,,,,,,,,,,[],,,Entity
world:entity:2026-04-02-catalyst-on,2026-06-01,2026-04-02_Catalyst_ON,,,,Entities,,2026-04-02_Catalyst_ON,2026-04-02_Catalyst_ON,entity,,,,,,,,,,,,,,,[],,,Entity
world:entity:2026-04-02-catalyst-onds,2026-06-01,2026-04-02_Catalyst_ONDS,,,,Entities,,2026-04-02_Catalyst_ONDS,2026-04-02_Catalyst_ONDS,entity,,,,,,,,,,,,,,,[],,,Entity
world:entity:2026-04-02-catalyst-onto,2026-06-01,2026-04-02_Catalyst_ONTO,,,,Entities,,2026-04-02_Catalyst_ONTO,2026-04-02_Catalyst_ONTO,entity,,,,,,,,,,,,,,,[],,,Entity
world:entity:2026-04-02-catalyst-pfe,2026-06-01,2026-04-02_Catalyst_PFE,,,,Entities,,2026-04-02_Catalyst_PFE,2026-04-02_Catalyst_PFE,entity,,,,,,,,,,,,,,,[],,,Entity
world:entity:2026-04-02-catalyst-pl,2026-06-01,2026-04-02_Catalyst_PL,,,,Entities,,2026-04-02_Catalyst_PL,2026-04-02_Catalyst_PL,entity,,,,,,,,,,,,,,,[],,,Entity
world:entity:2026-04-02-catalyst-pltr,2026-06-01,2026-04-02_Catalyst_PLTR,,,,Entities,,2026-04-02_Catalyst_PLTR,2026-04-02_Catalyst_PLTR,entity,,,,,,,,,,,,,,,[],,,Entity
world:entity:2026-04-02-catalyst-prta,2026-06-01,2026-04-02_Catalyst_PRTA,,,,Entities,,2026-04-02_Catalyst_PRTA,2026-04-02_Catalyst_PRTA,entity,,,,,,,,,,,,,,,[],,,Entity
world:entity:2026-04-02-catalyst-psil,2026-06-01,2026-04-02_Catalyst_PSIL,,,,Entities,,2026-04-02_Catalyst_PSIL,2026-04-02_Catalyst_PSIL,entity,,,,,,,,,,,,,,,[],,,Entity
world:entity:2026-04-02-catalyst-qubt,2026-06-01,2026-04-02_Catalyst_QUBT,,,,Entities,,2026-04-02_Catalyst_QUBT,2026-04-02_Catalyst_QUBT,entity,,,,,,,,,,,,,,,[],,,Entity
world:entity:2026-04-02-catalyst-rcat,2026-06-01,2026-04-02_Catalyst_RCAT,,,,Entities,,2026-04-02_Catalyst_RCAT,2026-04-02_Catalyst_RCAT,entity,,,,,,,,,,,,,,,[],,,Entity
world:entity:2026-04-02-catalyst-rgti,2026-06-01,2026-04-02_Catalyst_RGTI,,,,Entities,,2026-04-02_Catalyst_RGTI,2026-04-02_Catalyst_RGTI,entity,,,,,,,,,,,,,,,[],,,Entity
world:entity:2026-04-02-catalyst-rklb,2026-06-01,2026-04-02_Catalyst_RKLB,,,,Entities,,2026-04-02_Catalyst_RKLB,2026-04-02_Catalyst_RKLB,entity,,,,,,,,,,,,,,,[],,,Entity
world:entity:2026-04-02-catalyst-rprx,2026-06-01,2026-04-02_Catalyst_RPRX,,,,Entities,,2026-04-02_Catalyst_RPRX,2026-04-02_Catalyst_RPRX,entity,,,,,,,,,,,,,,,[],,,Entity
world:entity:2026-04-02-catalyst-rtx,2026-06-01,2026-04-02_Catalyst_RTX,,,,Entities,,2026-04-02_Catalyst_RTX,2026-04-02_Catalyst_RTX,entity,,,,,,,,,,,,,,,[],,,Entity
world:entity:2026-04-02-catalyst-saic,2026-06-01,2026-04-02_Catalyst_SAIC,,,,Entities,,2026-04-02_Catalyst_SAIC,2026-04-02_Catalyst_SAIC,entity,,,,,,,,,,,,,,,[],,,Entity
world:entity:2026-04-02-catalyst-sky,2026-06-01,2026-04-02_Catalyst_SKY,,,,Entities,,2026-04-02_Catalyst_SKY,2026-04-02_Catalyst_SKY,entity,,,,,,,,,,,,,,,[],,,Entity
world:entity:2026-04-02-catalyst-smr,2026-06-01,2026-04-02_Catalyst_SMR,,,,Entities,,2026-04-02_Catalyst_SMR,2026-04-02_Catalyst_SMR,entity,,,,,,,,,,,,,,,[],,,Entity
world:entity:2026-04-02-catalyst-spir,2026-06-01,2026-04-02_Catalyst_SPIR,,,,Entities,,2026-04-02_Catalyst_SPIR,2026-04-02_Catalyst_SPIR,entity,,,,,,,,,,,,,,,[],,,Entity
world:entity:2026-04-02-catalyst-spro,2026-06-01,2026-04-02_Catalyst_SPRO,,,,Entities,,2026-04-02_Catalyst_SPRO,2026-04-02_Catalyst_SPRO,entity,,,,,,,,,,,,,,,[],,,Entity
world:entity:2026-04-02-catalyst-stem,2026-06-01,2026-04-02_Catalyst_STEM,,,,Entities,,2026-04-02_Catalyst_STEM,2026-04-02_Catalyst_STEM,entity,,,,,,,,,,,,,,,[],,,Entity
world:entity:2026-04-02-catalyst-strl,2026-06-01,2026-04-02_Catalyst_STRL,,,,Entities,,2026-04-02_Catalyst_STRL,2026-04-02_Catalyst_STRL,entity,,,,,,,,,,,,,,,[],,,Entity
world:entity:2026-04-02-catalyst-tdy,2026-06-01,2026-04-02_Catalyst_TDY,,,,Entities,,2026-04-02_Catalyst_TDY,2026-04-02_Catalyst_TDY,entity,,,,,,,,,,,,,,,[],,,Entity
world:entity:2026-04-02-catalyst-tmhc,2026-06-01,2026-04-02_Catalyst_TMHC,,,,Entities,,2026-04-02_Catalyst_TMHC,2026-04-02_Catalyst_TMHC,entity,,,,,,,,,,,,,,,[],,,Entity
world:entity:2026-04-02-catalyst-tol,2026-06-01,2026-04-02_Catalyst_TOL,,,,Entities,,2026-04-02_Catalyst_TOL,2026-04-02_Catalyst_TOL,entity,,,,,,,,,,,,,,,[],,,Entity
world:entity:2026-04-02-catalyst-tsla,2026-06-01,2026-04-02_Catalyst_TSLA,,,,Entities,,2026-04-02_Catalyst_TSLA,2026-04-02_Catalyst_TSLA,entity,,,,,,,,,,,,,,,[],,,Entity
world:entity:2026-04-02-catalyst-txt,2026-06-01,2026-04-02_Catalyst_TXT,,,,Entities,,2026-04-02_Catalyst_TXT,2026-04-02_Catalyst_TXT,entity,,,,,,,,,,,,,,,[],,,Entity
world:entity:2026-04-02-catalyst-umac,2026-06-01,2026-04-02_Catalyst_UMAC,,,,Entities,,2026-04-02_Catalyst_UMAC,2026-04-02_Catalyst_UMAC,entity,,,,,,,,,,,,,,,[],,,Entity
world:entity:2026-04-02-catalyst-unty,2026-06-01,2026-04-02_Catalyst_UNTY,,,,Entities,,2026-04-02_Catalyst_UNTY,2026-04-02_Catalyst_UNTY,entity,,,,,,,,,,,,,,,[],,,Entity
world:entity:2026-04-02-catalyst-vktx,2026-06-01,2026-04-02_Catalyst_VKTX,,,,Entities,,2026-04-02_Catalyst_VKTX,2026-04-02_Catalyst_VKTX,entity,,,,,,,,,,,,,,,[],,,Entity
world:entity:2026-04-02-catalyst-vst,2026-06-01,2026-04-02_Catalyst_VST,,,,Entities,,2026-04-02_Catalyst_VST,2026-04-02_Catalyst_VST,entity,,,,,,,,,,,,,,,[],,,Entity
world:entity:2026-04-02-catalyst-wolf,2026-06-01,2026-04-02_Catalyst_WOLF,,,,Entities,,2026-04-02_Catalyst_WOLF,2026-04-02_Catalyst_WOLF,entity,,,,,,,,,,,,,,,[],,,Entity
world:entity:2026-04-02-catalyst-wpm,2026-06-01,2026-04-02_Catalyst_WPM,,,,Entities,,2026-04-02_Catalyst_WPM,2026-04-02_Catalyst_WPM,entity,,,,,,,,,,,,,,,[],,,Entity
world:entity:2026-04-02-catalyst-xoma,2026-06-01,2026-04-02_Catalyst_XOMA,,,,Entities,,2026-04-02_Catalyst_XOMA,2026-04-02_Catalyst_XOMA,entity,,,,,,,,,,,,,,,[],,,Entity
world:entity:2026-04-02-faa-regulatory-progress,2026-06-01,2026-04-02_FAA_Regulatory_Progress,,,,Entities,,2026-04-02_FAA_Regulatory_Progress,2026-04-02_FAA_Regulatory_Progress,entity,,,,,,,,,,,,,,,[],,,Entity
world:entity:2026-04-02-fmp-earnings-calendar-thesis-watchlists,2026-06-01,2026-04-02_FMP_Earnings_Calendar_Thesis_Watchlists,,,,Entities,,2026-04-02_FMP_Earnings_Calendar_Thesis_Watchlists,2026-04-02_FMP_Earnings_Calendar_Thesis_Watchlists,entity,,,,,,,,,,,,,,,[],,,Entity
world:entity:2026-04-02-fmp-technicals-abbv-daily,2026-06-01,2026-04-02_FMP_Technicals_ABBV_daily,,,,Entities,,2026-04-02_FMP_Technicals_ABBV_daily,2026-04-02_FMP_Technicals_ABBV_daily,entity,,,,,,,,,,,,,,,[],,,Entity
world:entity:2026-04-02-fmp-technicals-acad-daily,2026-06-01,2026-04-02_FMP_Technicals_ACAD_daily,,,,Entities,,2026-04-02_FMP_Technicals_ACAD_daily,2026-04-02_FMP_Technicals_ACAD_daily,entity,,,,,,,,,,,,,,,[],,,Entity
world:entity:2026-04-02-fmp-technicals-achr-daily,2026-06-01,2026-04-02_FMP_Technicals_ACHR_daily,,,,Entities,,2026-04-02_FMP_Technicals_ACHR_daily,2026-04-02_FMP_Technicals_ACHR_daily,entity,,,,,,,,,,,,,,,[],,,Entity
world:entity:2026-04-02-fmp-technicals-airo-daily,2026-06-01,2026-04-02_FMP_Technicals_AIRO_daily,,,,Entities,,2026-04-02_FMP_Technicals_AIRO_daily,2026-04-02_FMP_Technicals_AIRO_daily,entity,,,,,,,,,,,,,,,[],,,Entity
world:entity:2026-04-02-fmp-technicals-alks-daily,2026-06-01,2026-04-02_FMP_Technicals_ALKS_daily,,,,Entities,,2026-04-02_FMP_Technicals_ALKS_daily,2026-04-02_FMP_Technicals_ALKS_daily,entity,,,,,,,,,,,,,,,[],,,Entity
world:entity:2026-04-02-fmp-technicals-alvo-daily,2026-06-01,2026-04-02_FMP_Technicals_ALVO_daily,,,,Entities,,2026-04-02_FMP_Technicals_ALVO_daily,2026-04-02_FMP_Technicals_ALVO_daily,entity,,,,,,,,,,,,,,,[],,,Entity
world:entity:2026-04-02-fmp-technicals-amat-daily,2026-06-01,2026-04-02_FMP_Technicals_AMAT_daily,,,,Entities,,2026-04-02_FMP_Technicals_AMAT_daily,2026-04-02_FMP_Technicals_AMAT_daily,entity,,,,,,,,,,,,,,,[],,,Entity
world:entity:2026-04-02-fmp-technicals-amgn-daily,2026-06-01,2026-04-02_FMP_Technicals_AMGN_daily,,,,Entities,,2026-04-02_FMP_Technicals_AMGN_daily,2026-04-02_FMP_Technicals_AMGN_daily,entity,,,,,,,,,,,,,,,[],,,Entity
world:entity:2026-04-02-fmp-technicals-amzn-daily,2026-06-01,2026-04-02_FMP_Technicals_AMZN_daily,,,,Entities,,2026-04-02_FMP_Technicals_AMZN_daily,2026-04-02_FMP_Technicals_AMZN_daily,entity,,,,,,,,,,,,,,,[],,,Entity
world:entity:2026-04-02-fmp-technicals-asts-daily,2026-06-01,2026-04-02_FMP_Technicals_ASTS_daily,,,,Entities,,2026-04-02_FMP_Technicals_ASTS_daily,2026-04-02_FMP_Technicals_ASTS_daily,entity,,,,,,,,,,,,,,,[],,,Entity
world:entity:2026-04-02-fmp-technicals-atai-daily,2026-06-01,2026-04-02_FMP_Technicals_ATAI_daily,,,,Entities,,2026-04-02_FMP_Technicals_ATAI_daily,2026-04-02_FMP_Technicals_ATAI_daily,entity,,,,,,,,,,,,,,,[],,,Entity
world:entity:2026-04-02-fmp-technicals-avav-daily,2026-06-01,2026-04-02_FMP_Technicals_AVAV_daily,,,,Entities,,2026-04-02_FMP_Technicals_AVAV_daily,2026-04-02_FMP_Technicals_AVAV_daily,entity,,,,,,,,,,,,,,,[],,,Entity
world:entity:2026-04-02-fmp-technicals-bah-daily,2026-06-01,2026-04-02_FMP_Technicals_BAH_daily,,,,Entities,,2026-04-02_FMP_Technicals_BAH_daily,2026-04-02_FMP_Technicals_BAH_daily,entity,,,,,,,,,,,,,,,[],,,Entity
world:entity:2026-04-02-fmp-technicals-bbai-daily,2026-06-01,2026-04-02_FMP_Technicals_BBAI_daily,,,,Entities,,2026-04-02_FMP_Technicals_BBAI_daily,2026-04-02_FMP_Technicals_BBAI_daily,entity,,,,,,,,,,,,,,,[],,,Entity
world:entity:2026-04-02-fmp-technicals-beam-daily,2026-06-01,2026-04-02_FMP_Technicals_BEAM_daily,,,,Entities,,2026-04-02_FMP_Technicals_BEAM_daily,2026-04-02_FMP_Technicals_BEAM_daily,entity,,,,,,,,,,,,,,,[],,,Entity
world:entity:2026-04-02-fmp-technicals-biib-daily,2026-06-01,2026-04-02_FMP_Technicals_BIIB_daily,,,,Entities,,2026-04-02_FMP_Technicals_BIIB_daily,2026-04-02_FMP_Technicals_BIIB_daily,entity,,,,,,,,,,,,,,,[],,,Entity
world:entity:2026-04-02-fmp-technicals-bksy-daily,2026-06-01,2026-04-02_FMP_Technicals_BKSY_daily,,,,Entities,,2026-04-02_FMP_Technicals_BKSY_daily,2026-04-02_FMP_Technicals_BKSY_daily,entity,,,,,,,,,,,,,,,[],,,Entity
world:entity:2026-04-02-fmp-technicals-caci-daily,2026-06-01,2026-04-02_FMP_Technicals_CACI_daily,,,,Entities,,2026-04-02_FMP_Technicals_CACI_daily,2026-04-02_FMP_Technicals_CACI_daily,entity,,,,,,,,,,,,,,,[],,,Entity
world:entity:2026-04-02-fmp-technicals-ccj-daily,2026-06-01,2026-04-02_FMP_Technicals_CCJ_daily,,,,Entities,,2026-04-02_FMP_Technicals_CCJ_daily,2026-04-02_FMP_Technicals_CCJ_daily,entity,,,,,,,,,,,,,,,[],,,Entity
world:entity:2026-04-02-fmp-technicals-ceg-daily,2026-06-01,2026-04-02_FMP_Technicals_CEG_daily,,,,Entities,,2026-04-02_FMP_Technicals_CEG_daily,2026-04-02_FMP_Technicals_CEG_daily,entity,,,,,,,,,,,,,,,[],,,Entity
world:entity:2026-04-02-fmp-technicals-cmps-daily,2026-06-01,2026-04-02_FMP_Technicals_CMPS_daily,,,,Entities,,2026-04-02_FMP_Technicals_CMPS_daily,2026-04-02_FMP_Technicals_CMPS_daily,entity,,,,,,,,,,,,,,,[],,,Entity
world:entity:2026-04-02-fmp-technicals-coin-daily,2026-06-01,2026-04-02_FMP_Technicals_COIN_daily,,,,Entities,,2026-04-02_FMP_Technicals_COIN_daily,2026-04-02_FMP_Technicals_COIN_daily,entity,,,,,,,,,,,,,,,[],,,Entity
world:entity:2026-04-02-fmp-technicals-crsp-daily,2026-06-01,2026-04-02_FMP_Technicals_CRSP_daily,,,,Entities,,2026-04-02_FMP_Technicals_CRSP_daily,2026-04-02_FMP_Technicals_CRSP_daily,entity,,,,,,,,,,,,,,,[],,,Entity
world:entity:2026-04-02-fmp-technicals-dftx-daily,2026-06-01,2026-04-02_FMP_Technicals_DFTX_daily,,,,Entities,,2026-04-02_FMP_Technicals_DFTX_daily,2026-04-02_FMP_Technicals_DFTX_daily,entity,,,,,,,,,,,,,,,[],,,Entity
world:entity:2026-04-02-fmp-technicals-dhi-daily,2026-06-01,2026-04-02_FMP_Technicals_DHI_daily,,,,Entities,,2026-04-02_FMP_Technicals_DHI_daily,2026-04-02_FMP_Technicals_DHI_daily,entity,,,,,,,,,,,,,,,[],,,Entity
world:entity:2026-04-02-fmp-technicals-dpro-daily,2026-06-01,2026-04-02_FMP_Technicals_DPRO_daily,,,,Entities,,2026-04-02_FMP_Technicals_DPRO_daily,2026-04-02_FMP_Technicals_DPRO_daily,entity,,,,,,,,,,,,,,,[],,,Entity
world:entity:2026-04-02-fmp-technicals-edit-daily,2026-06-01,2026-04-02_FMP_Technicals_EDIT_daily,,,,Entities,,2026-04-02_FMP_Technicals_EDIT_daily,2026-04-02_FMP_Technicals_EDIT_daily,entity,,,,,,,,,,,,,,,[],,,Entity
world:entity:2026-04-02-fmp-technicals-eh-daily,2026-06-01,2026-04-02_FMP_Technicals_EH_daily,,,,Entities,,2026-04-02_FMP_Technicals_EH_daily,2026-04-02_FMP_Technicals_EH_daily,entity,,,,,,,,,,,,,,,[],,,Entity
world:entity:2026-04-02-fmp-technicals-envx-daily,2026-06-01,2026-04-02_FMP_Technicals_ENVX_daily,,,,Entities,,2026-04-02_FMP_Technicals_ENVX_daily,2026-04-02_FMP_Technicals_ENVX_daily,entity,,,,,,,,,,,,,,,[],,,Entity
world:entity:2026-04-02-fmp-technicals-eslt-daily,2026-06-01,2026-04-02_FMP_Technicals_ESLT_daily,,,,Entities,,2026-04-02_FMP_Technicals_ESLT_daily,2026-04-02_FMP_Technicals_ESLT_daily,entity,,,,,,,,,,,,,,,[],,,Entity
world:entity:2026-04-02-fmp-technicals-etn-daily,2026-06-01,2026-04-02_FMP_Technicals_ETN_daily,,,,Entities,,2026-04-02_FMP_Technicals_ETN_daily,2026-04-02_FMP_Technicals_ETN_daily,entity,,,,,,,,,,,,,,,[],,,Entity
world:entity:2026-04-02-fmp-technicals-evtl-daily,2026-06-01,2026-04-02_FMP_Technicals_EVTL_daily,,,,Entities,,2026-04-02_FMP_Technicals_EVTL_daily,2026-04-02_FMP_Technicals_EVTL_daily,entity,,,,,,,,,,,,,,,[],,,Entity
world:entity:2026-04-02-fmp-technicals-flnc-daily,2026-06-01,2026-04-02_FMP_Technicals_FLNC_daily,,,,Entities,,2026-04-02_FMP_Technicals_FLNC_daily,2026-04-02_FMP_Technicals_FLNC_daily,entity,,,,,,,,,,,,,,,[],,,Entity
world:entity:2026-04-02-fmp-technicals-gd-daily,2026-06-01,2026-04-02_FMP_Technicals_GD_daily,,,,Entities,,2026-04-02_FMP_Technicals_GD_daily,2026-04-02_FMP_Technicals_GD_daily,entity,,,,,,,,,,,,,,,[],,,Entity
world:entity:2026-04-02-fmp-technicals-gev-daily,2026-06-01,2026-04-02_FMP_Technicals_GEV_daily,,,,Entities,,2026-04-02_FMP_Technicals_GEV_daily,2026-04-02_FMP_Technicals_GEV_daily,entity,,,,,,,,,,,,,,,[],,,Entity
world:entity:2026-04-02-fmp-technicals-ghrs-daily,2026-06-01,2026-04-02_FMP_Technicals_GHRS_daily,,,,Entities,,2026-04-02_FMP_Technicals_GHRS_daily,2026-04-02_FMP_Technicals_GHRS_daily,entity,,,,,,,,,,,,,,,[],,,Entity
world:entity:2026-04-02-fmp-technicals-gold-daily,2026-06-01,2026-04-02_FMP_Technicals_GOLD_daily,,,,Entities,,2026-04-02_FMP_Technicals_GOLD_daily,2026-04-02_FMP_Technicals_GOLD_daily,entity,,,,,,,,,,,,,,,[],,,Entity
world:entity:2026-04-02-fmp-technicals-googl-daily,2026-06-01,2026-04-02_FMP_Technicals_GOOGL_daily,,,,Entities,,2026-04-02_FMP_Technicals_GOOGL_daily,2026-04-02_FMP_Technicals_GOOGL_daily,entity,,,,,,,,,,,,,,,[],,,Entity
world:entity:2026-04-02-fmp-technicals-help-daily,2026-06-01,2026-04-02_FMP_Technicals_HELP_daily,,,,Entities,,2026-04-02_FMP_Technicals_HELP_daily,2026-04-02_FMP_Technicals_HELP_daily,entity,,,,,,,,,,,,,,,[],,,Entity
world:entity:2026-04-02-fmp-technicals-hims-daily,2026-06-01,2026-04-02_FMP_Technicals_HIMS_daily,,,,Entities,,2026-04-02_FMP_Technicals_HIMS_daily,2026-04-02_FMP_Technicals_HIMS_daily,entity,,,,,,,,,,,,,,,[],,,Entity
world:entity:2026-04-02-fmp-technicals-hovr-daily,2026-06-01,2026-04-02_FMP_Technicals_HOVR_daily,,,,Entities,,2026-04-02_FMP_Technicals_HOVR_daily,2026-04-02_FMP_Technicals_HOVR_daily,entity,,,,,,,,,,,,,,,[],,,Entity
world:entity:2026-04-02-fmp-technicals-inva-daily,2026-06-01,2026-04-02_FMP_Technicals_INVA_daily,,,,Entities,,2026-04-02_FMP_Technicals_INVA_daily,2026-04-02_FMP_Technicals_INVA_daily,entity,,,,,,,,,,,,,,,[],,,Entity
world:entity:2026-04-02-fmp-technicals-ionq-daily,2026-06-01,2026-04-02_FMP_Technicals_IONQ_daily,,,,Entities,,2026-04-02_FMP_Technicals_IONQ_daily,2026-04-02_FMP_Technicals_IONQ_daily,entity,,,,,,,,,,,,,,,[],,,Entity
world:entity:2026-04-02-fmp-technicals-jnj-daily,2026-06-01,2026-04-02_FMP_Technicals_JNJ_daily,,,,Entities,,2026-04-02_FMP_Technicals_JNJ_daily,2026-04-02_FMP_Technicals_JNJ_daily,entity,,,,,,,,,,,,,,,[],,,Entity
world:entity:2026-04-02-fmp-technicals-joby-daily,2026-06-01,2026-04-02_FMP_Technicals_JOBY_daily,,,,Entities,,2026-04-02_FMP_Technicals_JOBY_daily,2026-04-02_FMP_Technicals_JOBY_daily,entity,,,,,,,,,,,,,,,[],,,Entity
world:entity:2026-04-02-fmp-technicals-klac-daily,2026-06-01,2026-04-02_FMP_Technicals_KLAC_daily,,,,Entities,,2026-04-02_FMP_Technicals_KLAC_daily,2026-04-02_FMP_Technicals_KLAC_daily,entity,,,,,,,,,,,,,,,[],,,Entity
world:entity:2026-04-02-fmp-technicals-ktos-daily,2026-06-01,2026-04-02_FMP_Technicals_KTOS_daily,,,,Entities,,2026-04-02_FMP_Technicals_KTOS_daily,2026-04-02_FMP_Technicals_KTOS_daily,entity,,,,,,,,,,,,,,,[],,,Entity
world:entity:2026-04-02-fmp-technicals-ldos-daily,2026-06-01,2026-04-02_FMP_Technicals_LDOS_daily,,,,Entities,,2026-04-02_FMP_Technicals_LDOS_daily,2026-04-02_FMP_Technicals_LDOS_daily,entity,,,,,,,,,,,,,,,[],,,Entity
world:entity:2026-04-02-fmp-technicals-len-daily,2026-06-01,2026-04-02_FMP_Technicals_LEN_daily,,,,Entities,,2026-04-02_FMP_Technicals_LEN_daily,2026-04-02_FMP_Technicals_LEN_daily,entity,,,,,,,,,,,,,,,[],,,Entity
world:entity:2026-04-02-fmp-technicals-lhx-daily,2026-06-01,2026-04-02_FMP_Technicals_LHX_daily,,,,Entities,,2026-04-02_FMP_Technicals_LHX_daily,2026-04-02_FMP_Technicals_LHX_daily,entity,,,,,,,,,,,,,,,[],,,Entity
world:entity:2026-04-02-fmp-technicals-lly-daily,2026-06-01,2026-04-02_FMP_Technicals_LLY_daily,,,,Entities,,2026-04-02_FMP_Technicals_LLY_daily,2026-04-02_FMP_Technicals_LLY_daily,entity,,,,,,,,,,,,,,,[],,,Entity
world:entity:2026-04-02-fmp-technicals-lmt-daily,2026-06-01,2026-04-02_FMP_Technicals_LMT_daily,,,,Entities,,2026-04-02_FMP_Technicals_LMT_daily,2026-04-02_FMP_Technicals_LMT_daily,entity,,,,,,,,,,,,,,,[],,,Entity
world:entity:2026-04-02-fmp-technicals-lrcx-daily,2026-06-01,2026-04-02_FMP_Technicals_LRCX_daily,,,,Entities,,2026-04-02_FMP_Technicals_LRCX_daily,2026-04-02_FMP_Technicals_LRCX_daily,entity,,,,,,,,,,,,,,,[],,,Entity
world:entity:2026-04-02-fmp-technicals-mnts-daily,2026-06-01,2026-04-02_FMP_Technicals_MNTS_daily,,,,Entities,,2026-04-02_FMP_Technicals_MNTS_daily,2026-04-02_FMP_Technicals_MNTS_daily,entity,,,,,,,,,,,,,,,[],,,Entity
world:entity:2026-04-02-fmp-technicals-mrk-daily,2026-06-01,2026-04-02_FMP_Technicals_MRK_daily,,,,Entities,,2026-04-02_FMP_Technicals_MRK_daily,2026-04-02_FMP_Technicals_MRK_daily,entity,,,,,,,,,,,,,,,[],,,Entity
world:entity:2026-04-02-fmp-technicals-msft-daily,2026-06-01,2026-04-02_FMP_Technicals_MSFT_daily,,,,Entities,,2026-04-02_FMP_Technicals_MSFT_daily,2026-04-02_FMP_Technicals_MSFT_daily,entity,,,,,,,,,,,,,,,[],,,Entity
world:entity:2026-04-02-fmp-technicals-mstr-daily,2026-06-01,2026-04-02_FMP_Technicals_MSTR_daily,,,,Entities,,2026-04-02_FMP_Technicals_MSTR_daily,2026-04-02_FMP_Technicals_MSTR_daily,entity,,,,,,,,,,,,,,,[],,,Entity
world:entity:2026-04-02-fmp-technicals-nbix-daily,2026-06-01,2026-04-02_FMP_Technicals_NBIX_daily,,,,Entities,,2026-04-02_FMP_Technicals_NBIX_daily,2026-04-02_FMP_Technicals_NBIX_daily,entity,,,,,,,,,,,,,,,[],,,Entity
world:entity:2026-04-02-fmp-technicals-nem-daily,2026-06-01,2026-04-02_FMP_Technicals_NEM_daily,,,,Entities,,2026-04-02_FMP_Technicals_NEM_daily,2026-04-02_FMP_Technicals_NEM_daily,entity,,,,,,,,,,,,,,,[],,,Entity
world:entity:2026-04-02-fmp-technicals-nne-daily,2026-06-01,2026-04-02_FMP_Technicals_NNE_daily,,,,Entities,,2026-04-02_FMP_Technicals_NNE_daily,2026-04-02_FMP_Technicals_NNE_daily,entity,,,,,,,,,,,,,,,[],,,Entity
world:entity:2026-04-02-fmp-technicals-noc-daily,2026-06-01,2026-04-02_FMP_Technicals_NOC_daily,,,,Entities,,2026-04-02_FMP_Technicals_NOC_daily,2026-04-02_FMP_Technicals_NOC_daily,entity,,,,,,,,,,,,,,,[],,,Entity
world:entity:2026-04-02-fmp-technicals-nrg-daily,2026-06-01,2026-04-02_FMP_Technicals_NRG_daily,,,,Entities,,2026-04-02_FMP_Technicals_NRG_daily,2026-04-02_FMP_Technicals_NRG_daily,entity,,,,,,,,,,,,,,,[],,,Entity
world:entity:2026-04-02-fmp-technicals-ntla-daily,2026-06-01,2026-04-02_FMP_Technicals_NTLA_daily,,,,Entities,,2026-04-02_FMP_Technicals_NTLA_daily,2026-04-02_FMP_Technicals_NTLA_daily,entity,,,,,,,,,,,,,,,[],,,Entity
world:entity:2026-04-02-fmp-technicals-nvda-daily,2026-06-01,2026-04-02_FMP_Technicals_NVDA_daily,,,,Entities,,2026-04-02_FMP_Technicals_NVDA_daily,2026-04-02_FMP_Technicals_NVDA_daily,entity,,,,,,,,,,,,,,,[],,,Entity
world:entity:2026-04-02-fmp-technicals-nvr-daily,2026-06-01,2026-04-02_FMP_Technicals_NVR_daily,,,,Entities,,2026-04-02_FMP_Technicals_NVR_daily,2026-04-02_FMP_Technicals_NVR_daily,entity,,,,,,,,,,,,,,,[],,,Entity
world:entity:2026-04-02-fmp-technicals-oklo-daily,2026-06-01,2026-04-02_FMP_Technicals_OKLO_daily,,,,Entities,,2026-04-02_FMP_Technicals_OKLO_daily,2026-04-02_FMP_Technicals_OKLO_daily,entity,,,,,,,,,,,,,,,[],,,Entity
world:entity:2026-04-02-fmp-technicals-on-daily,2026-06-01,2026-04-02_FMP_Technicals_ON_daily,,,,Entities,,2026-04-02_FMP_Technicals_ON_daily,2026-04-02_FMP_Technicals_ON_daily,entity,,,,,,,,,,,,,,,[],,,Entity
world:entity:2026-04-02-fmp-technicals-onds-daily,2026-06-01,2026-04-02_FMP_Technicals_ONDS_daily,,,,Entities,,2026-04-02_FMP_Technicals_ONDS_daily,2026-04-02_FMP_Technicals_ONDS_daily,entity,,,,,,,,,,,,,,,[],,,Entity
world:entity:2026-04-02-fmp-technicals-onto-daily,2026-06-01,2026-04-02_FMP_Technicals_ONTO_daily,,,,Entities,,2026-04-02_FMP_Technicals_ONTO_daily,2026-04-02_FMP_Technicals_ONTO_daily,entity,,,,,,,,,,,,,,,[],,,Entity
world:entity:2026-04-02-fmp-technicals-pfe-daily,2026-06-01,2026-04-02_FMP_Technicals_PFE_daily,,,,Entities,,2026-04-02_FMP_Technicals_PFE_daily,2026-04-02_FMP_Technicals_PFE_daily,entity,,,,,,,,,,,,,,,[],,,Entity
world:entity:2026-04-02-fmp-technicals-pl-daily,2026-06-01,2026-04-02_FMP_Technicals_PL_daily,,,,Entities,,2026-04-02_FMP_Technicals_PL_daily,2026-04-02_FMP_Technicals_PL_daily,entity,,,,,,,,,,,,,,,[],,,Entity
world:entity:2026-04-02-fmp-technicals-pltr-daily,2026-06-01,2026-04-02_FMP_Technicals_PLTR_daily,,,,Entities,,2026-04-02_FMP_Technicals_PLTR_daily,2026-04-02_FMP_Technicals_PLTR_daily,entity,,,,,,,,,,,,,,,[],,,Entity
world:entity:2026-04-02-fmp-technicals-prta-daily,2026-06-01,2026-04-02_FMP_Technicals_PRTA_daily,,,,Entities,,2026-04-02_FMP_Technicals_PRTA_daily,2026-04-02_FMP_Technicals_PRTA_daily,entity,,,,,,,,,,,,,,,[],,,Entity
world:entity:2026-04-02-fmp-technicals-psil-daily,2026-06-01,2026-04-02_FMP_Technicals_PSIL_daily,,,,Entities,,2026-04-02_FMP_Technicals_PSIL_daily,2026-04-02_FMP_Technicals_PSIL_daily,entity,,,,,,,,,,,,,,,[],,,Entity
world:entity:2026-04-02-fmp-technicals-qubt-daily,2026-06-01,2026-04-02_FMP_Technicals_QUBT_daily,,,,Entities,,2026-04-02_FMP_Technicals_QUBT_daily,2026-04-02_FMP_Technicals_QUBT_daily,entity,,,,,,,,,,,,,,,[],,,Entity
world:entity:2026-04-02-fmp-technicals-rcat-daily,2026-06-01,2026-04-02_FMP_Technicals_RCAT_daily,,,,Entities,,2026-04-02_FMP_Technicals_RCAT_daily,2026-04-02_FMP_Technicals_RCAT_daily,entity,,,,,,,,,,,,,,,[],,,Entity
world:entity:2026-04-02-fmp-technicals-rgti-daily,2026-06-01,2026-04-02_FMP_Technicals_RGTI_daily,,,,Entities,,2026-04-02_FMP_Technicals_RGTI_daily,2026-04-02_FMP_Technicals_RGTI_daily,entity,,,,,,,,,,,,,,,[],,,Entity
world:entity:2026-04-02-fmp-technicals-rklb-daily,2026-06-01,2026-04-02_FMP_Technicals_RKLB_daily,,,,Entities,,2026-04-02_FMP_Technicals_RKLB_daily,2026-04-02_FMP_Technicals_RKLB_daily,entity,,,,,,,,,,,,,,,[],,,Entity
world:entity:2026-04-02-fmp-technicals-rprx-daily,2026-06-01,2026-04-02_FMP_Technicals_RPRX_daily,,,,Entities,,2026-04-02_FMP_Technicals_RPRX_daily,2026-04-02_FMP_Technicals_RPRX_daily,entity,,,,,,,,,,,,,,,[],,,Entity
world:entity:2026-04-02-fmp-technicals-rtx-daily,2026-06-01,2026-04-02_FMP_Technicals_RTX_daily,,,,Entities,,2026-04-02_FMP_Technicals_RTX_daily,2026-04-02_FMP_Technicals_RTX_daily,entity,,,,,,,,,,,,,,,[],,,Entity
world:entity:2026-04-02-fmp-technicals-saic-daily,2026-06-01,2026-04-02_FMP_Technicals_SAIC_daily,,,,Entities,,2026-04-02_FMP_Technicals_SAIC_daily,2026-04-02_FMP_Technicals_SAIC_daily,entity,,,,,,,,,,,,,,,[],,,Entity
world:entity:2026-04-02-fmp-technicals-sky-daily,2026-06-01,2026-04-02_FMP_Technicals_SKY_daily,,,,Entities,,2026-04-02_FMP_Technicals_SKY_daily,2026-04-02_FMP_Technicals_SKY_daily,entity,,,,,,,,,,,,,,,[],,,Entity
world:entity:2026-04-02-fmp-technicals-smr-daily,2026-06-01,2026-04-02_FMP_Technicals_SMR_daily,,,,Entities,,2026-04-02_FMP_Technicals_SMR_daily,2026-04-02_FMP_Technicals_SMR_daily,entity,,,,,,,,,,,,,,,[],,,Entity
world:entity:2026-04-02-fmp-technicals-spir-daily,2026-06-01,2026-04-02_FMP_Technicals_SPIR_daily,,,,Entities,,2026-04-02_FMP_Technicals_SPIR_daily,2026-04-02_FMP_Technicals_SPIR_daily,entity,,,,,,,,,,,,,,,[],,,Entity
world:entity:2026-04-02-fmp-technicals-spro-daily,2026-06-01,2026-04-02_FMP_Technicals_SPRO_daily,,,,Entities,,2026-04-02_FMP_Technicals_SPRO_daily,2026-04-02_FMP_Technicals_SPRO_daily,entity,,,,,,,,,,,,,,,[],,,Entity
world:entity:2026-04-02-fmp-technicals-stem-daily,2026-06-01,2026-04-02_FMP_Technicals_STEM_daily,,,,Entities,,2026-04-02_FMP_Technicals_STEM_daily,2026-04-02_FMP_Technicals_STEM_daily,entity,,,,,,,,,,,,,,,[],,,Entity
world:entity:2026-04-02-fmp-technicals-strl-daily,2026-06-01,2026-04-02_FMP_Technicals_STRL_daily,,,,Entities,,2026-04-02_FMP_Technicals_STRL_daily,2026-04-02_FMP_Technicals_STRL_daily,entity,,,,,,,,,,,,,,,[],,,Entity
world:entity:2026-04-02-fmp-technicals-tdy-daily,2026-06-01,2026-04-02_FMP_Technicals_TDY_daily,,,,Entities,,2026-04-02_FMP_Technicals_TDY_daily,2026-04-02_FMP_Technicals_TDY_daily,entity,,,,,,,,,,,,,,,[],,,Entity
world:entity:2026-04-02-fmp-technicals-tmhc-daily,2026-06-01,2026-04-02_FMP_Technicals_TMHC_daily,,,,Entities,,2026-04-02_FMP_Technicals_TMHC_daily,2026-04-02_FMP_Technicals_TMHC_daily,entity,,,,,,,,,,,,,,,[],,,Entity
world:entity:2026-04-02-fmp-technicals-tol-daily,2026-06-01,2026-04-02_FMP_Technicals_TOL_daily,,,,Entities,,2026-04-02_FMP_Technicals_TOL_daily,2026-04-02_FMP_Technicals_TOL_daily,entity,,,,,,,,,,,,,,,[],,,Entity
world:entity:2026-04-02-fmp-technicals-tsla-daily,2026-06-01,2026-04-02_FMP_Technicals_TSLA_daily,,,,Entities,,2026-04-02_FMP_Technicals_TSLA_daily,2026-04-02_FMP_Technicals_TSLA_daily,entity,,,,,,,,,,,,,,,[],,,Entity
world:entity:2026-04-02-fmp-technicals-txt-daily,2026-06-01,2026-04-02_FMP_Technicals_TXT_daily,,,,Entities,,2026-04-02_FMP_Technicals_TXT_daily,2026-04-02_FMP_Technicals_TXT_daily,entity,,,,,,,,,,,,,,,[],,,Entity
world:entity:2026-04-02-fmp-technicals-umac-daily,2026-06-01,2026-04-02_FMP_Technicals_UMAC_daily,,,,Entities,,2026-04-02_FMP_Technicals_UMAC_daily,2026-04-02_FMP_Technicals_UMAC_daily,entity,,,,,,,,,,,,,,,[],,,Entity
world:entity:2026-04-02-fmp-technicals-unty-daily,2026-06-01,2026-04-02_FMP_Technicals_UNTY_daily,,,,Entities,,2026-04-02_FMP_Technicals_UNTY_daily,2026-04-02_FMP_Technicals_UNTY_daily,entity,,,,,,,,,,,,,,,[],,,Entity
world:entity:2026-04-02-fmp-technicals-vktx-daily,2026-06-01,2026-04-02_FMP_Technicals_VKTX_daily,,,,Entities,,2026-04-02_FMP_Technicals_VKTX_daily,2026-04-02_FMP_Technicals_VKTX_daily,entity,,,,,,,,,,,,,,,[],,,Entity
world:entity:2026-04-02-fmp-technicals-vst-daily,2026-06-01,2026-04-02_FMP_Technicals_VST_daily,,,,Entities,,2026-04-02_FMP_Technicals_VST_daily,2026-04-02_FMP_Technicals_VST_daily,entity,,,,,,,,,,,,,,,[],,,Entity
world:entity:2026-04-02-fmp-technicals-wolf-daily,2026-06-01,2026-04-02_FMP_Technicals_WOLF_daily,,,,Entities,,2026-04-02_FMP_Technicals_WOLF_daily,2026-04-02_FMP_Technicals_WOLF_daily,entity,,,,,,,,,,,,,,,[],,,Entity
world:entity:2026-04-02-fmp-technicals-wpm-daily,2026-06-01,2026-04-02_FMP_Technicals_WPM_daily,,,,Entities,,2026-04-02_FMP_Technicals_WPM_daily,2026-04-02_FMP_Technicals_WPM_daily,entity,,,,,,,,,,,,,,,[],,,Entity
world:entity:2026-04-02-fmp-technicals-xoma-daily,2026-06-01,2026-04-02_FMP_Technicals_XOMA_daily,,,,Entities,,2026-04-02_FMP_Technicals_XOMA_daily,2026-04-02_FMP_Technicals_XOMA_daily,entity,,,,,,,,,,,,,,,[],,,Entity
world:entity:2026-04-02-fmp-thesis-watchlist-ai-power-defense-stack,2026-06-01,2026-04-02_FMP_Thesis_Watchlist_AI_Power_Defense_Stack,,,,Entities,,2026-04-02_FMP_Thesis_Watchlist_AI_Power_Defense_Stack,2026-04-02_FMP_Thesis_Watchlist_AI_Power_Defense_Stack,entity,,,,,,,,,,,,,,,[],,,Entity
world:entity:2026-04-02-fmp-thesis-watchlist-ai-power-infrastructure,2026-06-01,2026-04-02_FMP_Thesis_Watchlist_AI_Power_Infrastructure,,,,Entities,,2026-04-02_FMP_Thesis_Watchlist_AI_Power_Infrastructure,2026-04-02_FMP_Thesis_Watchlist_AI_Power_Infrastructure,entity,,,,,,,,,,,,,,,[],,,Entity
world:entity:2026-04-02-fmp-thesis-watchlist-alzheimer-s-disease-modification,2026-06-01,2026-04-02_FMP_Thesis_Watchlist_Alzheimer's_Disease_Modification,,,,Entities,,2026-04-02_FMP_Thesis_Watchlist_Alzheimer's_Disease_Modification,2026-04-02_FMP_Thesis_Watchlist_Alzheimer's_Disease_Modification,entity,,,,,,,,,,,,,,,[],,,Entity
world:entity:2026-04-02-fmp-thesis-watchlist-antimicrobial-resistance-pipeline,2026-06-01,2026-04-02_FMP_Thesis_Watchlist_Antimicrobial_Resistance_Pipeline,,,,Entities,,2026-04-02_FMP_Thesis_Watchlist_Antimicrobial_Resistance_Pipeline,2026-04-02_FMP_Thesis_Watchlist_Antimicrobial_Resistance_Pipeline,entity,,,,,,,,,,,,,,,[],,,Entity
world:entity:2026-04-02-fmp-thesis-watchlist-biosecurity-compute-convergence,2026-06-01,2026-04-02_FMP_Thesis_Watchlist_Biosecurity_Compute_Convergence,,,,Entities,,2026-04-02_FMP_Thesis_Watchlist_Biosecurity_Compute_Convergence,2026-04-02_FMP_Thesis_Watchlist_Biosecurity_Compute_Convergence,entity,,,,,,,,,,,,,,,[],,,Entity
world:entity:2026-04-02-fmp-thesis-watchlist-defense-ai-autonomous-warfare,2026-06-01,2026-04-02_FMP_Thesis_Watchlist_Defense_AI_&_Autonomous_Warfare,,,,Entities,,2026-04-02_FMP_Thesis_Watchlist_Defense_AI_&_Autonomous_Warfare,2026-04-02_FMP_Thesis_Watchlist_Defense_AI_&_Autonomous_Warfare,entity,,,,,,,,,,,,,,,[],,,Entity
world:entity:2026-04-02-fmp-thesis-watchlist-dollar-debasement-hard-money,2026-06-01,2026-04-02_FMP_Thesis_Watchlist_Dollar_Debasement_&_Hard_Money,,,,Entities,,2026-04-02_FMP_Thesis_Watchlist_Dollar_Debasement_&_Hard_Money,2026-04-02_FMP_Thesis_Watchlist_Dollar_Debasement_&_Hard_Money,entity,,,,,,,,,,,,,,,[],,,Entity
world:entity:2026-04-02-fmp-thesis-watchlist-drone-autonomous-systems-revolution,2026-06-01,2026-04-02_FMP_Thesis_Watchlist_Drone_&_Autonomous_Systems_Revolution,,,,Entities,,2026-04-02_FMP_Thesis_Watchlist_Drone_&_Autonomous_Systems_Revolution,2026-04-02_FMP_Thesis_Watchlist_Drone_&_Autonomous_Systems_Revolution,entity,,,,,,,,,,,,,,,[],,,Entity
world:entity:2026-04-02-fmp-thesis-watchlist-fiscal-scarcity-rearmament,2026-06-01,2026-04-02_FMP_Thesis_Watchlist_Fiscal_Scarcity_Rearmament,,,,Entities,,2026-04-02_FMP_Thesis_Watchlist_Fiscal_Scarcity_Rearmament,2026-04-02_FMP_Thesis_Watchlist_Fiscal_Scarcity_Rearmament,entity,,,,,,,,,,,,,,,[],,,Entity
world:entity:2026-04-02-fmp-thesis-watchlist-gene-editing-crispr-therapeutics,2026-06-01,2026-04-02_FMP_Thesis_Watchlist_Gene_Editing_&_CRISPR_Therapeutics,,,,Entities,,2026-04-02_FMP_Thesis_Watchlist_Gene_Editing_&_CRISPR_Therapeutics,2026-04-02_FMP_Thesis_Watchlist_Gene_Editing_&_CRISPR_Therapeutics,entity,,,,,,,,,,,,,,,[],,,Entity
world:entity:2026-04-02-fmp-thesis-watchlist-glp-1-metabolic-disease-revolution,2026-06-01,2026-04-02_FMP_Thesis_Watchlist_GLP-1_Metabolic_Disease_Revolution,,,,Entities,,2026-04-02_FMP_Thesis_Watchlist_GLP-1_Metabolic_Disease_Revolution,2026-04-02_FMP_Thesis_Watchlist_GLP-1_Metabolic_Disease_Revolution,entity,,,,,,,,,,,,,,,[],,,Entity
world:entity:2026-04-02-fmp-thesis-watchlist-grid-scale-battery-storage,2026-06-01,2026-04-02_FMP_Thesis_Watchlist_Grid-Scale_Battery_Storage,,,,Entities,,2026-04-02_FMP_Thesis_Watchlist_Grid-Scale_Battery_Storage,2026-04-02_FMP_Thesis_Watchlist_Grid-Scale_Battery_Storage,entity,,,,,,,,,,,,,,,[],,,Entity
world:entity:2026-04-02-fmp-thesis-watchlist-housing-supply-correction,2026-06-01,2026-04-02_FMP_Thesis_Watchlist_Housing_Supply_Correction,,,,Entities,,2026-04-02_FMP_Thesis_Watchlist_Housing_Supply_Correction,2026-04-02_FMP_Thesis_Watchlist_Housing_Supply_Correction,entity,,,,,,,,,,,,,,,[],,,Entity
world:entity:2026-04-02-fmp-thesis-watchlist-humanoid-robotics,2026-06-01,2026-04-02_FMP_Thesis_Watchlist_Humanoid_Robotics,,,,Entities,,2026-04-02_FMP_Thesis_Watchlist_Humanoid_Robotics,2026-04-02_FMP_Thesis_Watchlist_Humanoid_Robotics,entity,,,,,,,,,,,,,,,[],,,Entity
world:entity:2026-04-02-fmp-thesis-watchlist-hypersonic-weapons-advanced-defense-systems,2026-06-01,2026-04-02_FMP_Thesis_Watchlist_Hypersonic_Weapons_&_Advanced_Defense_Systems,,,,Entities,,2026-04-02_FMP_Thesis_Watchlist_Hypersonic_Weapons_&_Advanced_Defense_Systems,2026-04-02_FMP_Thesis_Watchlist_Hypersonic_Weapons_&_Advanced_Defense_Systems,entity,,,,,,,,,,,,,,,[],,,Entity
world:entity:2026-04-02-fmp-thesis-watchlist-longevity-aging-biology,2026-06-01,2026-04-02_FMP_Thesis_Watchlist_Longevity_&_Aging_Biology,,,,Entities,,2026-04-02_FMP_Thesis_Watchlist_Longevity_&_Aging_Biology,2026-04-02_FMP_Thesis_Watchlist_Longevity_&_Aging_Biology,entity,,,,,,,,,,,,,,,[],,,Entity
world:entity:2026-04-02-fmp-thesis-watchlist-nuclear-renaissance-small-modular-reactors,2026-06-01,2026-04-02_FMP_Thesis_Watchlist_Nuclear_Renaissance_&_Small_Modular_Reactors,,,,Entities,,2026-04-02_FMP_Thesis_Watchlist_Nuclear_Renaissance_&_Small_Modular_Reactors,2026-04-02_FMP_Thesis_Watchlist_Nuclear_Renaissance_&_Small_Modular_Reactors,entity,,,,,,,,,,,,,,,[],,,Entity
world:entity:2026-04-02-fmp-thesis-watchlist-psychedelic-mental-health-revolution,2026-06-01,2026-04-02_FMP_Thesis_Watchlist_Psychedelic_Mental_Health_Revolution,,,,Entities,,2026-04-02_FMP_Thesis_Watchlist_Psychedelic_Mental_Health_Revolution,2026-04-02_FMP_Thesis_Watchlist_Psychedelic_Mental_Health_Revolution,entity,,,,,,,,,,,,,,,[],,,Entity
world:entity:2026-04-02-fmp-thesis-watchlist-quantum-computing,2026-06-01,2026-04-02_FMP_Thesis_Watchlist_Quantum_Computing,,,,Entities,,2026-04-02_FMP_Thesis_Watchlist_Quantum_Computing,2026-04-02_FMP_Thesis_Watchlist_Quantum_Computing,entity,,,,,,,,,,,,,,,[],,,Entity
world:entity:2026-04-02-fmp-thesis-watchlist-semiconductor-sovereignty-chips-act,2026-06-01,2026-04-02_FMP_Thesis_Watchlist_Semiconductor_Sovereignty_&_CHIPS_Act,,,,Entities,,2026-04-02_FMP_Thesis_Watchlist_Semiconductor_Sovereignty_&_CHIPS_Act,2026-04-02_FMP_Thesis_Watchlist_Semiconductor_Sovereignty_&_CHIPS_Act,entity,,,,,,,,,,,,,,,[],,,Entity
world:entity:2026-04-02-fmp-thesis-watchlist-space-domain-awareness-commercial-space,2026-06-01,2026-04-02_FMP_Thesis_Watchlist_Space_Domain_Awareness_&_Commercial_Space,,,,Entities,,2026-04-02_FMP_Thesis_Watchlist_Space_Domain_Awareness_&_Commercial_Space,2026-04-02_FMP_Thesis_Watchlist_Space_Domain_Awareness_&_Commercial_Space,entity,,,,,,,,,,,,,,,[],,,Entity
world:entity:2026-04-02-fred-housing,2026-06-01,2026-04-02_FRED_Housing,,,,Entities,,2026-04-02_FRED_Housing,2026-04-02_FRED_Housing,entity,,,,,,,,,,,,,,,[],,,Entity
world:entity:2026-04-02-fred-interest-rates,2026-06-01,2026-04-02_FRED_Interest_Rates,,,,Entities,,2026-04-02_FRED_Interest_Rates,2026-04-02_FRED_Interest_Rates,entity,,,,,,,,,,,,,,,[],,,Entity
world:entity:2026-04-02-macro-bridge-indicators,2026-06-01,2026-04-02_Macro_Bridge_Indicators,,,,Entities,,2026-04-02_Macro_Bridge_Indicators,2026-04-02_Macro_Bridge_Indicators,entity,,,,,,,,,,,,,,,[],,,Entity
world:entity:2026-04-02-nahb-builder-confidence,2026-06-01,2026-04-02_NAHB_Builder_Confidence,,,,Entities,,2026-04-02_NAHB_Builder_Confidence,2026-04-02_NAHB_Builder_Confidence,entity,,,,,,,,,,,,,,,[],,,Entity
world:entity:2026-04-04-fmp-earnings-calendar-thesis-watchlists,2026-06-01,2026-04-04_FMP_Earnings_Calendar_Thesis_Watchlists,,,,Entities,,2026-04-04_FMP_Earnings_Calendar_Thesis_Watchlists,2026-04-04_FMP_Earnings_Calendar_Thesis_Watchlists,entity,,,,,,,,,,,,,,,[],,,Entity
world:entity:2026-04-04-fmp-technicals-abbv-daily,2026-06-01,2026-04-04_FMP_Technicals_ABBV_daily,,,,Entities,,2026-04-04_FMP_Technicals_ABBV_daily,2026-04-04_FMP_Technicals_ABBV_daily,entity,,,,,,,,,,,,,,,[],,,Entity
world:entity:2026-04-04-fmp-technicals-acad-daily,2026-06-01,2026-04-04_FMP_Technicals_ACAD_daily,,,,Entities,,2026-04-04_FMP_Technicals_ACAD_daily,2026-04-04_FMP_Technicals_ACAD_daily,entity,,,,,,,,,,,,,,,[],,,Entity
world:entity:2026-04-04-fmp-technicals-achr-daily,2026-06-01,2026-04-04_FMP_Technicals_ACHR_daily,,,,Entities,,2026-04-04_FMP_Technicals_ACHR_daily,2026-04-04_FMP_Technicals_ACHR_daily,entity,,,,,,,,,,,,,,,[],,,Entity
world:entity:2026-04-04-fmp-technicals-airo-daily,2026-06-01,2026-04-04_FMP_Technicals_AIRO_daily,,,,Entities,,2026-04-04_FMP_Technicals_AIRO_daily,2026-04-04_FMP_Technicals_AIRO_daily,entity,,,,,,,,,,,,,,,[],,,Entity
world:entity:2026-04-04-fmp-technicals-alks-daily,2026-06-01,2026-04-04_FMP_Technicals_ALKS_daily,,,,Entities,,2026-04-04_FMP_Technicals_ALKS_daily,2026-04-04_FMP_Technicals_ALKS_daily,entity,,,,,,,,,,,,,,,[],,,Entity
world:entity:2026-04-04-fmp-technicals-alvo-daily,2026-06-01,2026-04-04_FMP_Technicals_ALVO_daily,,,,Entities,,2026-04-04_FMP_Technicals_ALVO_daily,2026-04-04_FMP_Technicals_ALVO_daily,entity,,,,,,,,,,,,,,,[],,,Entity
world:entity:2026-04-04-fmp-technicals-amat-daily,2026-06-01,2026-04-04_FMP_Technicals_AMAT_daily,,,,Entities,,2026-04-04_FMP_Technicals_AMAT_daily,2026-04-04_FMP_Technicals_AMAT_daily,entity,,,,,,,,,,,,,,,[],,,Entity
world:entity:2026-04-04-fmp-technicals-amgn-daily,2026-06-01,2026-04-04_FMP_Technicals_AMGN_daily,,,,Entities,,2026-04-04_FMP_Technicals_AMGN_daily,2026-04-04_FMP_Technicals_AMGN_daily,entity,,,,,,,,,,,,,,,[],,,Entity
world:entity:2026-04-04-fmp-technicals-amzn-daily,2026-06-01,2026-04-04_FMP_Technicals_AMZN_daily,,,,Entities,,2026-04-04_FMP_Technicals_AMZN_daily,2026-04-04_FMP_Technicals_AMZN_daily,entity,,,,,,,,,,,,,,,[],,,Entity
world:entity:2026-04-04-fmp-technicals-asts-daily,2026-06-01,2026-04-04_FMP_Technicals_ASTS_daily,,,,Entities,,2026-04-04_FMP_Technicals_ASTS_daily,2026-04-04_FMP_Technicals_ASTS_daily,entity,,,,,,,,,,,,,,,[],,,Entity
world:entity:2026-04-04-fmp-technicals-atai-daily,2026-06-01,2026-04-04_FMP_Technicals_ATAI_daily,,,,Entities,,2026-04-04_FMP_Technicals_ATAI_daily,2026-04-04_FMP_Technicals_ATAI_daily,entity,,,,,,,,,,,,,,,[],,,Entity
world:entity:2026-04-04-fmp-technicals-avav-daily,2026-06-01,2026-04-04_FMP_Technicals_AVAV_daily,,,,Entities,,2026-04-04_FMP_Technicals_AVAV_daily,2026-04-04_FMP_Technicals_AVAV_daily,entity,,,,,,,,,,,,,,,[],,,Entity
world:entity:2026-04-04-fmp-technicals-bah-daily,2026-06-01,2026-04-04_FMP_Technicals_BAH_daily,,,,Entities,,2026-04-04_FMP_Technicals_BAH_daily,2026-04-04_FMP_Technicals_BAH_daily,entity,,,,,,,,,,,,,,,[],,,Entity
world:entity:2026-04-04-fmp-technicals-bbai-daily,2026-06-01,2026-04-04_FMP_Technicals_BBAI_daily,,,,Entities,,2026-04-04_FMP_Technicals_BBAI_daily,2026-04-04_FMP_Technicals_BBAI_daily,entity,,,,,,,,,,,,,,,[],,,Entity
world:entity:2026-04-04-fmp-technicals-beam-daily,2026-06-01,2026-04-04_FMP_Technicals_BEAM_daily,,,,Entities,,2026-04-04_FMP_Technicals_BEAM_daily,2026-04-04_FMP_Technicals_BEAM_daily,entity,,,,,,,,,,,,,,,[],,,Entity
world:entity:2026-04-04-fmp-technicals-biib-daily,2026-06-01,2026-04-04_FMP_Technicals_BIIB_daily,,,,Entities,,2026-04-04_FMP_Technicals_BIIB_daily,2026-04-04_FMP_Technicals_BIIB_daily,entity,,,,,,,,,,,,,,,[],,,Entity
world:entity:2026-04-04-fmp-technicals-bksy-daily,2026-06-01,2026-04-04_FMP_Technicals_BKSY_daily,,,,Entities,,2026-04-04_FMP_Technicals_BKSY_daily,2026-04-04_FMP_Technicals_BKSY_daily,entity,,,,,,,,,,,,,,,[],,,Entity
world:entity:2026-04-04-fmp-technicals-caci-daily,2026-06-01,2026-04-04_FMP_Technicals_CACI_daily,,,,Entities,,2026-04-04_FMP_Technicals_CACI_daily,2026-04-04_FMP_Technicals_CACI_daily,entity,,,,,,,,,,,,,,,[],,,Entity
world:entity:2026-04-04-fmp-technicals-ccj-daily,2026-06-01,2026-04-04_FMP_Technicals_CCJ_daily,,,,Entities,,2026-04-04_FMP_Technicals_CCJ_daily,2026-04-04_FMP_Technicals_CCJ_daily,entity,,,,,,,,,,,,,,,[],,,Entity
world:entity:2026-04-04-fmp-technicals-ceg-daily,2026-06-01,2026-04-04_FMP_Technicals_CEG_daily,,,,Entities,,2026-04-04_FMP_Technicals_CEG_daily,2026-04-04_FMP_Technicals_CEG_daily,entity,,,,,,,,,,,,,,,[],,,Entity
world:entity:2026-04-04-fmp-technicals-cmps-daily,2026-06-01,2026-04-04_FMP_Technicals_CMPS_daily,,,,Entities,,2026-04-04_FMP_Technicals_CMPS_daily,2026-04-04_FMP_Technicals_CMPS_daily,entity,,,,,,,,,,,,,,,[],,,Entity
world:entity:2026-04-04-fmp-technicals-coin-daily,2026-06-01,2026-04-04_FMP_Technicals_COIN_daily,,,,Entities,,2026-04-04_FMP_Technicals_COIN_daily,2026-04-04_FMP_Technicals_COIN_daily,entity,,,,,,,,,,,,,,,[],,,Entity
world:entity:2026-04-04-fmp-technicals-crsp-daily,2026-06-01,2026-04-04_FMP_Technicals_CRSP_daily,,,,Entities,,2026-04-04_FMP_Technicals_CRSP_daily,2026-04-04_FMP_Technicals_CRSP_daily,entity,,,,,,,,,,,,,,,[],,,Entity
world:entity:2026-04-04-fmp-technicals-dftx-daily,2026-06-01,2026-04-04_FMP_Technicals_DFTX_daily,,,,Entities,,2026-04-04_FMP_Technicals_DFTX_daily,2026-04-04_FMP_Technicals_DFTX_daily,entity,,,,,,,,,,,,,,,[],,,Entity
world:entity:2026-04-04-fmp-technicals-dhi-daily,2026-06-01,2026-04-04_FMP_Technicals_DHI_daily,,,,Entities,,2026-04-04_FMP_Technicals_DHI_daily,2026-04-04_FMP_Technicals_DHI_daily,entity,,,,,,,,,,,,,,,[],,,Entity
world:entity:2026-04-04-fmp-technicals-dpro-daily,2026-06-01,2026-04-04_FMP_Technicals_DPRO_daily,,,,Entities,,2026-04-04_FMP_Technicals_DPRO_daily,2026-04-04_FMP_Technicals_DPRO_daily,entity,,,,,,,,,,,,,,,[],,,Entity
world:entity:2026-04-04-fmp-technicals-edit-daily,2026-06-01,2026-04-04_FMP_Technicals_EDIT_daily,,,,Entities,,2026-04-04_FMP_Technicals_EDIT_daily,2026-04-04_FMP_Technicals_EDIT_daily,entity,,,,,,,,,,,,,,,[],,,Entity
world:entity:2026-04-04-fmp-technicals-eh-daily,2026-06-01,2026-04-04_FMP_Technicals_EH_daily,,,,Entities,,2026-04-04_FMP_Technicals_EH_daily,2026-04-04_FMP_Technicals_EH_daily,entity,,,,,,,,,,,,,,,[],,,Entity
world:entity:2026-04-04-fmp-technicals-envx-daily,2026-06-01,2026-04-04_FMP_Technicals_ENVX_daily,,,,Entities,,2026-04-04_FMP_Technicals_ENVX_daily,2026-04-04_FMP_Technicals_ENVX_daily,entity,,,,,,,,,,,,,,,[],,,Entity
world:entity:2026-04-04-fmp-technicals-eslt-daily,2026-06-01,2026-04-04_FMP_Technicals_ESLT_daily,,,,Entities,,2026-04-04_FMP_Technicals_ESLT_daily,2026-04-04_FMP_Technicals_ESLT_daily,entity,,,,,,,,,,,,,,,[],,,Entity
world:entity:2026-04-04-fmp-technicals-etn-daily,2026-06-01,2026-04-04_FMP_Technicals_ETN_daily,,,,Entities,,2026-04-04_FMP_Technicals_ETN_daily,2026-04-04_FMP_Technicals_ETN_daily,entity,,,,,,,,,,,,,,,[],,,Entity
world:entity:2026-04-04-fmp-technicals-evtl-daily,2026-06-01,2026-04-04_FMP_Technicals_EVTL_daily,,,,Entities,,2026-04-04_FMP_Technicals_EVTL_daily,2026-04-04_FMP_Technicals_EVTL_daily,entity,,,,,,,,,,,,,,,[],,,Entity
world:entity:2026-04-04-fmp-technicals-flnc-daily,2026-06-01,2026-04-04_FMP_Technicals_FLNC_daily,,,,Entities,,2026-04-04_FMP_Technicals_FLNC_daily,2026-04-04_FMP_Technicals_FLNC_daily,entity,,,,,,,,,,,,,,,[],,,Entity
world:entity:2026-04-04-fmp-technicals-gd-daily,2026-06-01,2026-04-04_FMP_Technicals_GD_daily,,,,Entities,,2026-04-04_FMP_Technicals_GD_daily,2026-04-04_FMP_Technicals_GD_daily,entity,,,,,,,,,,,,,,,[],,,Entity
world:entity:2026-04-04-fmp-technicals-gev-daily,2026-06-01,2026-04-04_FMP_Technicals_GEV_daily,,,,Entities,,2026-04-04_FMP_Technicals_GEV_daily,2026-04-04_FMP_Technicals_GEV_daily,entity,,,,,,,,,,,,,,,[],,,Entity
world:entity:2026-04-04-fmp-technicals-ghrs-daily,2026-06-01,2026-04-04_FMP_Technicals_GHRS_daily,,,,Entities,,2026-04-04_FMP_Technicals_GHRS_daily,2026-04-04_FMP_Technicals_GHRS_daily,entity,,,,,,,,,,,,,,,[],,,Entity
world:entity:2026-04-04-fmp-technicals-gold-daily,2026-06-01,2026-04-04_FMP_Technicals_GOLD_daily,,,,Entities,,2026-04-04_FMP_Technicals_GOLD_daily,2026-04-04_FMP_Technicals_GOLD_daily,entity,,,,,,,,,,,,,,,[],,,Entity
world:entity:2026-04-04-fmp-technicals-googl-daily,2026-06-01,2026-04-04_FMP_Technicals_GOOGL_daily,,,,Entities,,2026-04-04_FMP_Technicals_GOOGL_daily,2026-04-04_FMP_Technicals_GOOGL_daily,entity,,,,,,,,,,,,,,,[],,,Entity
world:entity:2026-04-04-fmp-technicals-help-daily,2026-06-01,2026-04-04_FMP_Technicals_HELP_daily,,,,Entities,,2026-04-04_FMP_Technicals_HELP_daily,2026-04-04_FMP_Technicals_HELP_daily,entity,,,,,,,,,,,,,,,[],,,Entity
world:entity:2026-04-04-fmp-technicals-hims-daily,2026-06-01,2026-04-04_FMP_Technicals_HIMS_daily,,,,Entities,,2026-04-04_FMP_Technicals_HIMS_daily,2026-04-04_FMP_Technicals_HIMS_daily,entity,,,,,,,,,,,,,,,[],,,Entity
world:entity:2026-04-04-fmp-technicals-hovr-daily,2026-06-01,2026-04-04_FMP_Technicals_HOVR_daily,,,,Entities,,2026-04-04_FMP_Technicals_HOVR_daily,2026-04-04_FMP_Technicals_HOVR_daily,entity,,,,,,,,,,,,,,,[],,,Entity
world:entity:2026-04-04-fmp-technicals-inva-daily,2026-06-01,2026-04-04_FMP_Technicals_INVA_daily,,,,Entities,,2026-04-04_FMP_Technicals_INVA_daily,2026-04-04_FMP_Technicals_INVA_daily,entity,,,,,,,,,,,,,,,[],,,Entity
world:entity:2026-04-04-fmp-technicals-ionq-daily,2026-06-01,2026-04-04_FMP_Technicals_IONQ_daily,,,,Entities,,2026-04-04_FMP_Technicals_IONQ_daily,2026-04-04_FMP_Technicals_IONQ_daily,entity,,,,,,,,,,,,,,,[],,,Entity
world:entity:2026-04-04-fmp-technicals-jnj-daily,2026-06-01,2026-04-04_FMP_Technicals_JNJ_daily,,,,Entities,,2026-04-04_FMP_Technicals_JNJ_daily,2026-04-04_FMP_Technicals_JNJ_daily,entity,,,,,,,,,,,,,,,[],,,Entity
world:entity:2026-04-04-fmp-technicals-joby-daily,2026-06-01,2026-04-04_FMP_Technicals_JOBY_daily,,,,Entities,,2026-04-04_FMP_Technicals_JOBY_daily,2026-04-04_FMP_Technicals_JOBY_daily,entity,,,,,,,,,,,,,,,[],,,Entity
world:entity:2026-04-04-fmp-technicals-klac-daily,2026-06-01,2026-04-04_FMP_Technicals_KLAC_daily,,,,Entities,,2026-04-04_FMP_Technicals_KLAC_daily,2026-04-04_FMP_Technicals_KLAC_daily,entity,,,,,,,,,,,,,,,[],,,Entity
world:entity:2026-04-04-fmp-technicals-ktos-daily,2026-06-01,2026-04-04_FMP_Technicals_KTOS_daily,,,,Entities,,2026-04-04_FMP_Technicals_KTOS_daily,2026-04-04_FMP_Technicals_KTOS_daily,entity,,,,,,,,,,,,,,,[],,,Entity
world:entity:2026-04-04-fmp-technicals-ldos-daily,2026-06-01,2026-04-04_FMP_Technicals_LDOS_daily,,,,Entities,,2026-04-04_FMP_Technicals_LDOS_daily,2026-04-04_FMP_Technicals_LDOS_daily,entity,,,,,,,,,,,,,,,[],,,Entity
world:entity:2026-04-04-fmp-technicals-len-daily,2026-06-01,2026-04-04_FMP_Technicals_LEN_daily,,,,Entities,,2026-04-04_FMP_Technicals_LEN_daily,2026-04-04_FMP_Technicals_LEN_daily,entity,,,,,,,,,,,,,,,[],,,Entity
world:entity:2026-04-04-fmp-technicals-lhx-daily,2026-06-01,2026-04-04_FMP_Technicals_LHX_daily,,,,Entities,,2026-04-04_FMP_Technicals_LHX_daily,2026-04-04_FMP_Technicals_LHX_daily,entity,,,,,,,,,,,,,,,[],,,Entity
world:entity:2026-04-04-fmp-technicals-lly-daily,2026-06-01,2026-04-04_FMP_Technicals_LLY_daily,,,,Entities,,2026-04-04_FMP_Technicals_LLY_daily,2026-04-04_FMP_Technicals_LLY_daily,entity,,,,,,,,,,,,,,,[],,,Entity
world:entity:2026-04-04-fmp-technicals-lmt-daily,2026-06-01,2026-04-04_FMP_Technicals_LMT_daily,,,,Entities,,2026-04-04_FMP_Technicals_LMT_daily,2026-04-04_FMP_Technicals_LMT_daily,entity,,,,,,,,,,,,,,,[],,,Entity
world:entity:2026-04-04-fmp-technicals-lrcx-daily,2026-06-01,2026-04-04_FMP_Technicals_LRCX_daily,,,,Entities,,2026-04-04_FMP_Technicals_LRCX_daily,2026-04-04_FMP_Technicals_LRCX_daily,entity,,,,,,,,,,,,,,,[],,,Entity
world:entity:2026-04-04-fmp-technicals-mnts-daily,2026-06-01,2026-04-04_FMP_Technicals_MNTS_daily,,,,Entities,,2026-04-04_FMP_Technicals_MNTS_daily,2026-04-04_FMP_Technicals_MNTS_daily,entity,,,,,,,,,,,,,,,[],,,Entity
world:entity:2026-04-04-fmp-technicals-mrk-daily,2026-06-01,2026-04-04_FMP_Technicals_MRK_daily,,,,Entities,,2026-04-04_FMP_Technicals_MRK_daily,2026-04-04_FMP_Technicals_MRK_daily,entity,,,,,,,,,,,,,,,[],,,Entity
world:entity:2026-04-04-fmp-technicals-msft-daily,2026-06-01,2026-04-04_FMP_Technicals_MSFT_daily,,,,Entities,,2026-04-04_FMP_Technicals_MSFT_daily,2026-04-04_FMP_Technicals_MSFT_daily,entity,,,,,,,,,,,,,,,[],,,Entity
world:entity:2026-04-04-fmp-technicals-mstr-daily,2026-06-01,2026-04-04_FMP_Technicals_MSTR_daily,,,,Entities,,2026-04-04_FMP_Technicals_MSTR_daily,2026-04-04_FMP_Technicals_MSTR_daily,entity,,,,,,,,,,,,,,,[],,,Entity
world:entity:2026-04-04-fmp-technicals-nbix-daily,2026-06-01,2026-04-04_FMP_Technicals_NBIX_daily,,,,Entities,,2026-04-04_FMP_Technicals_NBIX_daily,2026-04-04_FMP_Technicals_NBIX_daily,entity,,,,,,,,,,,,,,,[],,,Entity
world:entity:2026-04-04-fmp-technicals-nem-daily,2026-06-01,2026-04-04_FMP_Technicals_NEM_daily,,,,Entities,,2026-04-04_FMP_Technicals_NEM_daily,2026-04-04_FMP_Technicals_NEM_daily,entity,,,,,,,,,,,,,,,[],,,Entity
world:entity:2026-04-04-fmp-technicals-nne-daily,2026-06-01,2026-04-04_FMP_Technicals_NNE_daily,,,,Entities,,2026-04-04_FMP_Technicals_NNE_daily,2026-04-04_FMP_Technicals_NNE_daily,entity,,,,,,,,,,,,,,,[],,,Entity
world:entity:2026-04-04-fmp-technicals-noc-daily,2026-06-01,2026-04-04_FMP_Technicals_NOC_daily,,,,Entities,,2026-04-04_FMP_Technicals_NOC_daily,2026-04-04_FMP_Technicals_NOC_daily,entity,,,,,,,,,,,,,,,[],,,Entity
world:entity:2026-04-04-fmp-technicals-nrg-daily,2026-06-01,2026-04-04_FMP_Technicals_NRG_daily,,,,Entities,,2026-04-04_FMP_Technicals_NRG_daily,2026-04-04_FMP_Technicals_NRG_daily,entity,,,,,,,,,,,,,,,[],,,Entity
world:entity:2026-04-04-fmp-technicals-ntla-daily,2026-06-01,2026-04-04_FMP_Technicals_NTLA_daily,,,,Entities,,2026-04-04_FMP_Technicals_NTLA_daily,2026-04-04_FMP_Technicals_NTLA_daily,entity,,,,,,,,,,,,,,,[],,,Entity
world:entity:2026-04-04-fmp-technicals-nvda-daily,2026-06-01,2026-04-04_FMP_Technicals_NVDA_daily,,,,Entities,,2026-04-04_FMP_Technicals_NVDA_daily,2026-04-04_FMP_Technicals_NVDA_daily,entity,,,,,,,,,,,,,,,[],,,Entity
world:entity:2026-04-04-fmp-technicals-nvr-daily,2026-06-01,2026-04-04_FMP_Technicals_NVR_daily,,,,Entities,,2026-04-04_FMP_Technicals_NVR_daily,2026-04-04_FMP_Technicals_NVR_daily,entity,,,,,,,,,,,,,,,[],,,Entity
world:entity:2026-04-04-fmp-technicals-oklo-daily,2026-06-01,2026-04-04_FMP_Technicals_OKLO_daily,,,,Entities,,2026-04-04_FMP_Technicals_OKLO_daily,2026-04-04_FMP_Technicals_OKLO_daily,entity,,,,,,,,,,,,,,,[],,,Entity
world:entity:2026-04-04-fmp-technicals-on-daily,2026-06-01,2026-04-04_FMP_Technicals_ON_daily,,,,Entities,,2026-04-04_FMP_Technicals_ON_daily,2026-04-04_FMP_Technicals_ON_daily,entity,,,,,,,,,,,,,,,[],,,Entity
world:entity:2026-04-04-fmp-technicals-onds-daily,2026-06-01,2026-04-04_FMP_Technicals_ONDS_daily,,,,Entities,,2026-04-04_FMP_Technicals_ONDS_daily,2026-04-04_FMP_Technicals_ONDS_daily,entity,,,,,,,,,,,,,,,[],,,Entity
world:entity:2026-04-04-fmp-technicals-onto-daily,2026-06-01,2026-04-04_FMP_Technicals_ONTO_daily,,,,Entities,,2026-04-04_FMP_Technicals_ONTO_daily,2026-04-04_FMP_Technicals_ONTO_daily,entity,,,,,,,,,,,,,,,[],,,Entity
world:entity:2026-04-04-fmp-technicals-pfe-daily,2026-06-01,2026-04-04_FMP_Technicals_PFE_daily,,,,Entities,,2026-04-04_FMP_Technicals_PFE_daily,2026-04-04_FMP_Technicals_PFE_daily,entity,,,,,,,,,,,,,,,[],,,Entity
world:entity:2026-04-04-fmp-technicals-pl-daily,2026-06-01,2026-04-04_FMP_Technicals_PL_daily,,,,Entities,,2026-04-04_FMP_Technicals_PL_daily,2026-04-04_FMP_Technicals_PL_daily,entity,,,,,,,,,,,,,,,[],,,Entity
world:entity:2026-04-04-fmp-technicals-pltr-daily,2026-06-01,2026-04-04_FMP_Technicals_PLTR_daily,,,,Entities,,2026-04-04_FMP_Technicals_PLTR_daily,2026-04-04_FMP_Technicals_PLTR_daily,entity,,,,,,,,,,,,,,,[],,,Entity
world:entity:2026-04-04-fmp-technicals-prta-daily,2026-06-01,2026-04-04_FMP_Technicals_PRTA_daily,,,,Entities,,2026-04-04_FMP_Technicals_PRTA_daily,2026-04-04_FMP_Technicals_PRTA_daily,entity,,,,,,,,,,,,,,,[],,,Entity
world:entity:2026-04-04-fmp-technicals-psil-daily,2026-06-01,2026-04-04_FMP_Technicals_PSIL_daily,,,,Entities,,2026-04-04_FMP_Technicals_PSIL_daily,2026-04-04_FMP_Technicals_PSIL_daily,entity,,,,,,,,,,,,,,,[],,,Entity
world:entity:2026-04-04-fmp-technicals-qubt-daily,2026-06-01,2026-04-04_FMP_Technicals_QUBT_daily,,,,Entities,,2026-04-04_FMP_Technicals_QUBT_daily,2026-04-04_FMP_Technicals_QUBT_daily,entity,,,,,,,,,,,,,,,[],,,Entity
world:entity:2026-04-04-fmp-technicals-rcat-daily,2026-06-01,2026-04-04_FMP_Technicals_RCAT_daily,,,,Entities,,2026-04-04_FMP_Technicals_RCAT_daily,2026-04-04_FMP_Technicals_RCAT_daily,entity,,,,,,,,,,,,,,,[],,,Entity
world:entity:2026-04-04-fmp-technicals-rgti-daily,2026-06-01,2026-04-04_FMP_Technicals_RGTI_daily,,,,Entities,,2026-04-04_FMP_Technicals_RGTI_daily,2026-04-04_FMP_Technicals_RGTI_daily,entity,,,,,,,,,,,,,,,[],,,Entity
world:entity:2026-04-04-fmp-technicals-rklb-daily,2026-06-01,2026-04-04_FMP_Technicals_RKLB_daily,,,,Entities,,2026-04-04_FMP_Technicals_RKLB_daily,2026-04-04_FMP_Technicals_RKLB_daily,entity,,,,,,,,,,,,,,,[],,,Entity
world:entity:2026-04-04-fmp-technicals-rprx-daily,2026-06-01,2026-04-04_FMP_Technicals_RPRX_daily,,,,Entities,,2026-04-04_FMP_Technicals_RPRX_daily,2026-04-04_FMP_Technicals_RPRX_daily,entity,,,,,,,,,,,,,,,[],,,Entity
world:entity:2026-04-04-fmp-technicals-rtx-daily,2026-06-01,2026-04-04_FMP_Technicals_RTX_daily,,,,Entities,,2026-04-04_FMP_Technicals_RTX_daily,2026-04-04_FMP_Technicals_RTX_daily,entity,,,,,,,,,,,,,,,[],,,Entity
world:entity:2026-04-04-fmp-technicals-saic-daily,2026-06-01,2026-04-04_FMP_Technicals_SAIC_daily,,,,Entities,,2026-04-04_FMP_Technicals_SAIC_daily,2026-04-04_FMP_Technicals_SAIC_daily,entity,,,,,,,,,,,,,,,[],,,Entity
world:entity:2026-04-04-fmp-technicals-sky-daily,2026-06-01,2026-04-04_FMP_Technicals_SKY_daily,,,,Entities,,2026-04-04_FMP_Technicals_SKY_daily,2026-04-04_FMP_Technicals_SKY_daily,entity,,,,,,,,,,,,,,,[],,,Entity
world:entity:2026-04-04-fmp-technicals-smr-daily,2026-06-01,2026-04-04_FMP_Technicals_SMR_daily,,,,Entities,,2026-04-04_FMP_Technicals_SMR_daily,2026-04-04_FMP_Technicals_SMR_daily,entity,,,,,,,,,,,,,,,[],,,Entity
world:entity:2026-04-04-fmp-technicals-spir-daily,2026-06-01,2026-04-04_FMP_Technicals_SPIR_daily,,,,Entities,,2026-04-04_FMP_Technicals_SPIR_daily,2026-04-04_FMP_Technicals_SPIR_daily,entity,,,,,,,,,,,,,,,[],,,Entity
world:entity:2026-04-04-fmp-technicals-spro-daily,2026-06-01,2026-04-04_FMP_Technicals_SPRO_daily,,,,Entities,,2026-04-04_FMP_Technicals_SPRO_daily,2026-04-04_FMP_Technicals_SPRO_daily,entity,,,,,,,,,,,,,,,[],,,Entity
world:entity:2026-04-04-fmp-technicals-stem-daily,2026-06-01,2026-04-04_FMP_Technicals_STEM_daily,,,,Entities,,2026-04-04_FMP_Technicals_STEM_daily,2026-04-04_FMP_Technicals_STEM_daily,entity,,,,,,,,,,,,,,,[],,,Entity
world:entity:2026-04-04-fmp-technicals-strl-daily,2026-06-01,2026-04-04_FMP_Technicals_STRL_daily,,,,Entities,,2026-04-04_FMP_Technicals_STRL_daily,2026-04-04_FMP_Technicals_STRL_daily,entity,,,,,,,,,,,,,,,[],,,Entity
world:entity:2026-04-04-fmp-technicals-tdy-daily,2026-06-01,2026-04-04_FMP_Technicals_TDY_daily,,,,Entities,,2026-04-04_FMP_Technicals_TDY_daily,2026-04-04_FMP_Technicals_TDY_daily,entity,,,,,,,,,,,,,,,[],,,Entity
world:entity:2026-04-04-fmp-technicals-tmhc-daily,2026-06-01,2026-04-04_FMP_Technicals_TMHC_daily,,,,Entities,,2026-04-04_FMP_Technicals_TMHC_daily,2026-04-04_FMP_Technicals_TMHC_daily,entity,,,,,,,,,,,,,,,[],,,Entity
world:entity:2026-04-04-fmp-technicals-tol-daily,2026-06-01,2026-04-04_FMP_Technicals_TOL_daily,,,,Entities,,2026-04-04_FMP_Technicals_TOL_daily,2026-04-04_FMP_Technicals_TOL_daily,entity,,,,,,,,,,,,,,,[],,,Entity
world:entity:2026-04-04-fmp-technicals-tsla-daily,2026-06-01,2026-04-04_FMP_Technicals_TSLA_daily,,,,Entities,,2026-04-04_FMP_Technicals_TSLA_daily,2026-04-04_FMP_Technicals_TSLA_daily,entity,,,,,,,,,,,,,,,[],,,Entity
world:entity:2026-04-04-fmp-technicals-txt-daily,2026-06-01,2026-04-04_FMP_Technicals_TXT_daily,,,,Entities,,2026-04-04_FMP_Technicals_TXT_daily,2026-04-04_FMP_Technicals_TXT_daily,entity,,,,,,,,,,,,,,,[],,,Entity
world:entity:2026-04-04-fmp-technicals-umac-daily,2026-06-01,2026-04-04_FMP_Technicals_UMAC_daily,,,,Entities,,2026-04-04_FMP_Technicals_UMAC_daily,2026-04-04_FMP_Technicals_UMAC_daily,entity,,,,,,,,,,,,,,,[],,,Entity
world:entity:2026-04-04-fmp-technicals-unty-daily,2026-06-01,2026-04-04_FMP_Technicals_UNTY_daily,,,,Entities,,2026-04-04_FMP_Technicals_UNTY_daily,2026-04-04_FMP_Technicals_UNTY_daily,entity,,,,,,,,,,,,,,,[],,,Entity
world:entity:2026-04-04-fmp-technicals-vktx-daily,2026-06-01,2026-04-04_FMP_Technicals_VKTX_daily,,,,Entities,,2026-04-04_FMP_Technicals_VKTX_daily,2026-04-04_FMP_Technicals_VKTX_daily,entity,,,,,,,,,,,,,,,[],,,Entity
world:entity:2026-04-04-fmp-technicals-vst-daily,2026-06-01,2026-04-04_FMP_Technicals_VST_daily,,,,Entities,,2026-04-04_FMP_Technicals_VST_daily,2026-04-04_FMP_Technicals_VST_daily,entity,,,,,,,,,,,,,,,[],,,Entity
world:entity:2026-04-04-fmp-technicals-wolf-daily,2026-06-01,2026-04-04_FMP_Technicals_WOLF_daily,,,,Entities,,2026-04-04_FMP_Technicals_WOLF_daily,2026-04-04_FMP_Technicals_WOLF_daily,entity,,,,,,,,,,,,,,,[],,,Entity
world:entity:2026-04-04-fmp-technicals-wpm-daily,2026-06-01,2026-04-04_FMP_Technicals_WPM_daily,,,,Entities,,2026-04-04_FMP_Technicals_WPM_daily,2026-04-04_FMP_Technicals_WPM_daily,entity,,,,,,,,,,,,,,,[],,,Entity
world:entity:2026-04-04-fmp-technicals-xoma-daily,2026-06-01,2026-04-04_FMP_Technicals_XOMA_daily,,,,Entities,,2026-04-04_FMP_Technicals_XOMA_daily,2026-04-04_FMP_Technicals_XOMA_daily,entity,,,,,,,,,,,,,,,[],,,Entity
world:entity:2026-04-06-fmp-earnings-calendar-thesis-watchlists,2026-06-01,2026-04-06_FMP_Earnings_Calendar_Thesis_Watchlists,,,,Entities,,2026-04-06_FMP_Earnings_Calendar_Thesis_Watchlists,2026-04-06_FMP_Earnings_Calendar_Thesis_Watchlists,entity,,,,,,,,,,,,,,,[],,,Entity
world:entity:2026-04-06-fmp-technicals-abbv-daily,2026-06-01,2026-04-06_FMP_Technicals_ABBV_daily,,,,Entities,,2026-04-06_FMP_Technicals_ABBV_daily,2026-04-06_FMP_Technicals_ABBV_daily,entity,,,,,,,,,,,,,,,[],,,Entity
world:entity:2026-04-06-fmp-technicals-acad-daily,2026-06-01,2026-04-06_FMP_Technicals_ACAD_daily,,,,Entities,,2026-04-06_FMP_Technicals_ACAD_daily,2026-04-06_FMP_Technicals_ACAD_daily,entity,,,,,,,,,,,,,,,[],,,Entity
world:entity:2026-04-06-fmp-technicals-achr-daily,2026-06-01,2026-04-06_FMP_Technicals_ACHR_daily,,,,Entities,,2026-04-06_FMP_Technicals_ACHR_daily,2026-04-06_FMP_Technicals_ACHR_daily,entity,,,,,,,,,,,,,,,[],,,Entity
world:entity:2026-04-06-fmp-technicals-airo-daily,2026-06-01,2026-04-06_FMP_Technicals_AIRO_daily,,,,Entities,,2026-04-06_FMP_Technicals_AIRO_daily,2026-04-06_FMP_Technicals_AIRO_daily,entity,,,,,,,,,,,,,,,[],,,Entity
world:entity:2026-04-06-fmp-technicals-alks-daily,2026-06-01,2026-04-06_FMP_Technicals_ALKS_daily,,,,Entities,,2026-04-06_FMP_Technicals_ALKS_daily,2026-04-06_FMP_Technicals_ALKS_daily,entity,,,,,,,,,,,,,,,[],,,Entity
world:entity:2026-04-06-fmp-technicals-alvo-daily,2026-06-01,2026-04-06_FMP_Technicals_ALVO_daily,,,,Entities,,2026-04-06_FMP_Technicals_ALVO_daily,2026-04-06_FMP_Technicals_ALVO_daily,entity,,,,,,,,,,,,,,,[],,,Entity
world:entity:2026-04-06-fmp-technicals-amat-daily,2026-06-01,2026-04-06_FMP_Technicals_AMAT_daily,,,,Entities,,2026-04-06_FMP_Technicals_AMAT_daily,2026-04-06_FMP_Technicals_AMAT_daily,entity,,,,,,,,,,,,,,,[],,,Entity
world:entity:2026-04-06-fmp-technicals-amgn-daily,2026-06-01,2026-04-06_FMP_Technicals_AMGN_daily,,,,Entities,,2026-04-06_FMP_Technicals_AMGN_daily,2026-04-06_FMP_Technicals_AMGN_daily,entity,,,,,,,,,,,,,,,[],,,Entity
world:entity:2026-04-06-fmp-technicals-amzn-daily,2026-06-01,2026-04-06_FMP_Technicals_AMZN_daily,,,,Entities,,2026-04-06_FMP_Technicals_AMZN_daily,2026-04-06_FMP_Technicals_AMZN_daily,entity,,,,,,,,,,,,,,,[],,,Entity
world:entity:2026-04-06-fmp-technicals-asts-daily,2026-06-01,2026-04-06_FMP_Technicals_ASTS_daily,,,,Entities,,2026-04-06_FMP_Technicals_ASTS_daily,2026-04-06_FMP_Technicals_ASTS_daily,entity,,,,,,,,,,,,,,,[],,,Entity
world:entity:2026-04-06-fmp-technicals-atai-daily,2026-06-01,2026-04-06_FMP_Technicals_ATAI_daily,,,,Entities,,2026-04-06_FMP_Technicals_ATAI_daily,2026-04-06_FMP_Technicals_ATAI_daily,entity,,,,,,,,,,,,,,,[],,,Entity
world:entity:2026-04-06-fmp-technicals-avav-daily,2026-06-01,2026-04-06_FMP_Technicals_AVAV_daily,,,,Entities,,2026-04-06_FMP_Technicals_AVAV_daily,2026-04-06_FMP_Technicals_AVAV_daily,entity,,,,,,,,,,,,,,,[],,,Entity
world:entity:2026-04-06-fmp-technicals-bah-daily,2026-06-01,2026-04-06_FMP_Technicals_BAH_daily,,,,Entities,,2026-04-06_FMP_Technicals_BAH_daily,2026-04-06_FMP_Technicals_BAH_daily,entity,,,,,,,,,,,,,,,[],,,Entity
world:entity:2026-04-06-fmp-technicals-bbai-daily,2026-06-01,2026-04-06_FMP_Technicals_BBAI_daily,,,,Entities,,2026-04-06_FMP_Technicals_BBAI_daily,2026-04-06_FMP_Technicals_BBAI_daily,entity,,,,,,,,,,,,,,,[],,,Entity
world:entity:2026-04-06-fmp-technicals-beam-daily,2026-06-01,2026-04-06_FMP_Technicals_BEAM_daily,,,,Entities,,2026-04-06_FMP_Technicals_BEAM_daily,2026-04-06_FMP_Technicals_BEAM_daily,entity,,,,,,,,,,,,,,,[],,,Entity
world:entity:2026-04-06-fmp-technicals-biib-daily,2026-06-01,2026-04-06_FMP_Technicals_BIIB_daily,,,,Entities,,2026-04-06_FMP_Technicals_BIIB_daily,2026-04-06_FMP_Technicals_BIIB_daily,entity,,,,,,,,,,,,,,,[],,,Entity
world:entity:2026-04-06-fmp-technicals-bksy-daily,2026-06-01,2026-04-06_FMP_Technicals_BKSY_daily,,,,Entities,,2026-04-06_FMP_Technicals_BKSY_daily,2026-04-06_FMP_Technicals_BKSY_daily,entity,,,,,,,,,,,,,,,[],,,Entity
world:entity:2026-04-06-fmp-technicals-caci-daily,2026-06-01,2026-04-06_FMP_Technicals_CACI_daily,,,,Entities,,2026-04-06_FMP_Technicals_CACI_daily,2026-04-06_FMP_Technicals_CACI_daily,entity,,,,,,,,,,,,,,,[],,,Entity
world:entity:2026-04-06-fmp-technicals-ccj-daily,2026-06-01,2026-04-06_FMP_Technicals_CCJ_daily,,,,Entities,,2026-04-06_FMP_Technicals_CCJ_daily,2026-04-06_FMP_Technicals_CCJ_daily,entity,,,,,,,,,,,,,,,[],,,Entity
world:entity:2026-04-06-fmp-technicals-ceg-daily,2026-06-01,2026-04-06_FMP_Technicals_CEG_daily,,,,Entities,,2026-04-06_FMP_Technicals_CEG_daily,2026-04-06_FMP_Technicals_CEG_daily,entity,,,,,,,,,,,,,,,[],,,Entity
world:entity:2026-04-06-fmp-technicals-cmps-daily,2026-06-01,2026-04-06_FMP_Technicals_CMPS_daily,,,,Entities,,2026-04-06_FMP_Technicals_CMPS_daily,2026-04-06_FMP_Technicals_CMPS_daily,entity,,,,,,,,,,,,,,,[],,,Entity
world:entity:2026-04-06-fmp-technicals-coin-daily,2026-06-01,2026-04-06_FMP_Technicals_COIN_daily,,,,Entities,,2026-04-06_FMP_Technicals_COIN_daily,2026-04-06_FMP_Technicals_COIN_daily,entity,,,,,,,,,,,,,,,[],,,Entity
world:entity:2026-04-06-fmp-technicals-crsp-daily,2026-06-01,2026-04-06_FMP_Technicals_CRSP_daily,,,,Entities,,2026-04-06_FMP_Technicals_CRSP_daily,2026-04-06_FMP_Technicals_CRSP_daily,entity,,,,,,,,,,,,,,,[],,,Entity
world:entity:2026-04-06-fmp-technicals-dftx-daily,2026-06-01,2026-04-06_FMP_Technicals_DFTX_daily,,,,Entities,,2026-04-06_FMP_Technicals_DFTX_daily,2026-04-06_FMP_Technicals_DFTX_daily,entity,,,,,,,,,,,,,,,[],,,Entity
world:entity:2026-04-06-fmp-technicals-dhi-daily,2026-06-01,2026-04-06_FMP_Technicals_DHI_daily,,,,Entities,,2026-04-06_FMP_Technicals_DHI_daily,2026-04-06_FMP_Technicals_DHI_daily,entity,,,,,,,,,,,,,,,[],,,Entity
world:entity:2026-04-06-fmp-technicals-dpro-daily,2026-06-01,2026-04-06_FMP_Technicals_DPRO_daily,,,,Entities,,2026-04-06_FMP_Technicals_DPRO_daily,2026-04-06_FMP_Technicals_DPRO_daily,entity,,,,,,,,,,,,,,,[],,,Entity
world:entity:2026-04-06-fmp-technicals-edit-daily,2026-06-01,2026-04-06_FMP_Technicals_EDIT_daily,,,,Entities,,2026-04-06_FMP_Technicals_EDIT_daily,2026-04-06_FMP_Technicals_EDIT_daily,entity,,,,,,,,,,,,,,,[],,,Entity
world:entity:2026-04-06-fmp-technicals-eh-daily,2026-06-01,2026-04-06_FMP_Technicals_EH_daily,,,,Entities,,2026-04-06_FMP_Technicals_EH_daily,2026-04-06_FMP_Technicals_EH_daily,entity,,,,,,,,,,,,,,,[],,,Entity
world:entity:2026-04-06-fmp-technicals-envx-daily,2026-06-01,2026-04-06_FMP_Technicals_ENVX_daily,,,,Entities,,2026-04-06_FMP_Technicals_ENVX_daily,2026-04-06_FMP_Technicals_ENVX_daily,entity,,,,,,,,,,,,,,,[],,,Entity
world:entity:2026-04-06-fmp-technicals-eslt-daily,2026-06-01,2026-04-06_FMP_Technicals_ESLT_daily,,,,Entities,,2026-04-06_FMP_Technicals_ESLT_daily,2026-04-06_FMP_Technicals_ESLT_daily,entity,,,,,,,,,,,,,,,[],,,Entity
world:entity:2026-04-06-fmp-technicals-etn-daily,2026-06-01,2026-04-06_FMP_Technicals_ETN_daily,,,,Entities,,2026-04-06_FMP_Technicals_ETN_daily,2026-04-06_FMP_Technicals_ETN_daily,entity,,,,,,,,,,,,,,,[],,,Entity
world:entity:2026-04-06-fmp-technicals-evtl-daily,2026-06-01,2026-04-06_FMP_Technicals_EVTL_daily,,,,Entities,,2026-04-06_FMP_Technicals_EVTL_daily,2026-04-06_FMP_Technicals_EVTL_daily,entity,,,,,,,,,,,,,,,[],,,Entity
world:entity:2026-04-06-fmp-technicals-flnc-daily,2026-06-01,2026-04-06_FMP_Technicals_FLNC_daily,,,,Entities,,2026-04-06_FMP_Technicals_FLNC_daily,2026-04-06_FMP_Technicals_FLNC_daily,entity,,,,,,,,,,,,,,,[],,,Entity
world:entity:2026-04-06-fmp-technicals-gd-daily,2026-06-01,2026-04-06_FMP_Technicals_GD_daily,,,,Entities,,2026-04-06_FMP_Technicals_GD_daily,2026-04-06_FMP_Technicals_GD_daily,entity,,,,,,,,,,,,,,,[],,,Entity
world:entity:2026-04-06-fmp-technicals-gev-daily,2026-06-01,2026-04-06_FMP_Technicals_GEV_daily,,,,Entities,,2026-04-06_FMP_Technicals_GEV_daily,2026-04-06_FMP_Technicals_GEV_daily,entity,,,,,,,,,,,,,,,[],,,Entity
world:entity:2026-04-06-fmp-technicals-ghrs-daily,2026-06-01,2026-04-06_FMP_Technicals_GHRS_daily,,,,Entities,,2026-04-06_FMP_Technicals_GHRS_daily,2026-04-06_FMP_Technicals_GHRS_daily,entity,,,,,,,,,,,,,,,[],,,Entity
world:entity:2026-04-06-fmp-technicals-gold-daily,2026-06-01,2026-04-06_FMP_Technicals_GOLD_daily,,,,Entities,,2026-04-06_FMP_Technicals_GOLD_daily,2026-04-06_FMP_Technicals_GOLD_daily,entity,,,,,,,,,,,,,,,[],,,Entity
world:entity:2026-04-06-fmp-technicals-googl-daily,2026-06-01,2026-04-06_FMP_Technicals_GOOGL_daily,,,,Entities,,2026-04-06_FMP_Technicals_GOOGL_daily,2026-04-06_FMP_Technicals_GOOGL_daily,entity,,,,,,,,,,,,,,,[],,,Entity
world:entity:2026-04-06-fmp-technicals-help-daily,2026-06-01,2026-04-06_FMP_Technicals_HELP_daily,,,,Entities,,2026-04-06_FMP_Technicals_HELP_daily,2026-04-06_FMP_Technicals_HELP_daily,entity,,,,,,,,,,,,,,,[],,,Entity
world:entity:2026-04-06-fmp-technicals-hims-daily,2026-06-01,2026-04-06_FMP_Technicals_HIMS_daily,,,,Entities,,2026-04-06_FMP_Technicals_HIMS_daily,2026-04-06_FMP_Technicals_HIMS_daily,entity,,,,,,,,,,,,,,,[],,,Entity
world:entity:2026-04-06-fmp-technicals-hovr-daily,2026-06-01,2026-04-06_FMP_Technicals_HOVR_daily,,,,Entities,,2026-04-06_FMP_Technicals_HOVR_daily,2026-04-06_FMP_Technicals_HOVR_daily,entity,,,,,,,,,,,,,,,[],,,Entity
world:entity:2026-04-06-fmp-technicals-inva-daily,2026-06-01,2026-04-06_FMP_Technicals_INVA_daily,,,,Entities,,2026-04-06_FMP_Technicals_INVA_daily,2026-04-06_FMP_Technicals_INVA_daily,entity,,,,,,,,,,,,,,,[],,,Entity
world:entity:2026-04-06-fmp-technicals-ionq-daily,2026-06-01,2026-04-06_FMP_Technicals_IONQ_daily,,,,Entities,,2026-04-06_FMP_Technicals_IONQ_daily,2026-04-06_FMP_Technicals_IONQ_daily,entity,,,,,,,,,,,,,,,[],,,Entity
world:entity:2026-04-06-fmp-technicals-jnj-daily,2026-06-01,2026-04-06_FMP_Technicals_JNJ_daily,,,,Entities,,2026-04-06_FMP_Technicals_JNJ_daily,2026-04-06_FMP_Technicals_JNJ_daily,entity,,,,,,,,,,,,,,,[],,,Entity
world:entity:2026-04-06-fmp-technicals-joby-daily,2026-06-01,2026-04-06_FMP_Technicals_JOBY_daily,,,,Entities,,2026-04-06_FMP_Technicals_JOBY_daily,2026-04-06_FMP_Technicals_JOBY_daily,entity,,,,,,,,,,,,,,,[],,,Entity
world:entity:2026-04-06-fmp-technicals-klac-daily,2026-06-01,2026-04-06_FMP_Technicals_KLAC_daily,,,,Entities,,2026-04-06_FMP_Technicals_KLAC_daily,2026-04-06_FMP_Technicals_KLAC_daily,entity,,,,,,,,,,,,,,,[],,,Entity
world:entity:2026-04-06-fmp-technicals-ktos-daily,2026-06-01,2026-04-06_FMP_Technicals_KTOS_daily,,,,Entities,,2026-04-06_FMP_Technicals_KTOS_daily,2026-04-06_FMP_Technicals_KTOS_daily,entity,,,,,,,,,,,,,,,[],,,Entity
world:entity:2026-04-06-fmp-technicals-ldos-daily,2026-06-01,2026-04-06_FMP_Technicals_LDOS_daily,,,,Entities,,2026-04-06_FMP_Technicals_LDOS_daily,2026-04-06_FMP_Technicals_LDOS_daily,entity,,,,,,,,,,,,,,,[],,,Entity
world:entity:2026-04-06-fmp-technicals-len-daily,2026-06-01,2026-04-06_FMP_Technicals_LEN_daily,,,,Entities,,2026-04-06_FMP_Technicals_LEN_daily,2026-04-06_FMP_Technicals_LEN_daily,entity,,,,,,,,,,,,,,,[],,,Entity
world:entity:2026-04-06-fmp-technicals-lhx-daily,2026-06-01,2026-04-06_FMP_Technicals_LHX_daily,,,,Entities,,2026-04-06_FMP_Technicals_LHX_daily,2026-04-06_FMP_Technicals_LHX_daily,entity,,,,,,,,,,,,,,,[],,,Entity
world:entity:2026-04-06-fmp-technicals-lly-daily,2026-06-01,2026-04-06_FMP_Technicals_LLY_daily,,,,Entities,,2026-04-06_FMP_Technicals_LLY_daily,2026-04-06_FMP_Technicals_LLY_daily,entity,,,,,,,,,,,,,,,[],,,Entity
world:entity:2026-04-06-fmp-technicals-lmt-daily,2026-06-01,2026-04-06_FMP_Technicals_LMT_daily,,,,Entities,,2026-04-06_FMP_Technicals_LMT_daily,2026-04-06_FMP_Technicals_LMT_daily,entity,,,,,,,,,,,,,,,[],,,Entity
world:entity:2026-04-06-fmp-technicals-lrcx-daily,2026-06-01,2026-04-06_FMP_Technicals_LRCX_daily,,,,Entities,,2026-04-06_FMP_Technicals_LRCX_daily,2026-04-06_FMP_Technicals_LRCX_daily,entity,,,,,,,,,,,,,,,[],,,Entity
world:entity:2026-04-06-fmp-technicals-mnts-daily,2026-06-01,2026-04-06_FMP_Technicals_MNTS_daily,,,,Entities,,2026-04-06_FMP_Technicals_MNTS_daily,2026-04-06_FMP_Technicals_MNTS_daily,entity,,,,,,,,,,,,,,,[],,,Entity
world:entity:2026-04-06-fmp-technicals-mrk-daily,2026-06-01,2026-04-06_FMP_Technicals_MRK_daily,,,,Entities,,2026-04-06_FMP_Technicals_MRK_daily,2026-04-06_FMP_Technicals_MRK_daily,entity,,,,,,,,,,,,,,,[],,,Entity
world:entity:2026-04-06-fmp-technicals-msft-daily,2026-06-01,2026-04-06_FMP_Technicals_MSFT_daily,,,,Entities,,2026-04-06_FMP_Technicals_MSFT_daily,2026-04-06_FMP_Technicals_MSFT_daily,entity,,,,,,,,,,,,,,,[],,,Entity
world:entity:2026-04-06-fmp-technicals-mstr-daily,2026-06-01,2026-04-06_FMP_Technicals_MSTR_daily,,,,Entities,,2026-04-06_FMP_Technicals_MSTR_daily,2026-04-06_FMP_Technicals_MSTR_daily,entity,,,,,,,,,,,,,,,[],,,Entity
world:entity:2026-04-06-fmp-technicals-nbix-daily,2026-06-01,2026-04-06_FMP_Technicals_NBIX_daily,,,,Entities,,2026-04-06_FMP_Technicals_NBIX_daily,2026-04-06_FMP_Technicals_NBIX_daily,entity,,,,,,,,,,,,,,,[],,,Entity
world:entity:2026-04-06-fmp-technicals-nem-daily,2026-06-01,2026-04-06_FMP_Technicals_NEM_daily,,,,Entities,,2026-04-06_FMP_Technicals_NEM_daily,2026-04-06_FMP_Technicals_NEM_daily,entity,,,,,,,,,,,,,,,[],,,Entity
world:entity:2026-04-06-fmp-technicals-nne-daily,2026-06-01,2026-04-06_FMP_Technicals_NNE_daily,,,,Entities,,2026-04-06_FMP_Technicals_NNE_daily,2026-04-06_FMP_Technicals_NNE_daily,entity,,,,,,,,,,,,,,,[],,,Entity
world:entity:2026-04-06-fmp-technicals-noc-daily,2026-06-01,2026-04-06_FMP_Technicals_NOC_daily,,,,Entities,,2026-04-06_FMP_Technicals_NOC_daily,2026-04-06_FMP_Technicals_NOC_daily,entity,,,,,,,,,,,,,,,[],,,Entity
world:entity:2026-04-06-fmp-technicals-nrg-daily,2026-06-01,2026-04-06_FMP_Technicals_NRG_daily,,,,Entities,,2026-04-06_FMP_Technicals_NRG_daily,2026-04-06_FMP_Technicals_NRG_daily,entity,,,,,,,,,,,,,,,[],,,Entity
world:entity:2026-04-06-fmp-technicals-ntla-daily,2026-06-01,2026-04-06_FMP_Technicals_NTLA_daily,,,,Entities,,2026-04-06_FMP_Technicals_NTLA_daily,2026-04-06_FMP_Technicals_NTLA_daily,entity,,,,,,,,,,,,,,,[],,,Entity
world:entity:2026-04-06-fmp-technicals-nvda-daily,2026-06-01,2026-04-06_FMP_Technicals_NVDA_daily,,,,Entities,,2026-04-06_FMP_Technicals_NVDA_daily,2026-04-06_FMP_Technicals_NVDA_daily,entity,,,,,,,,,,,,,,,[],,,Entity
world:entity:2026-04-06-fmp-technicals-nvr-daily,2026-06-01,2026-04-06_FMP_Technicals_NVR_daily,,,,Entities,,2026-04-06_FMP_Technicals_NVR_daily,2026-04-06_FMP_Technicals_NVR_daily,entity,,,,,,,,,,,,,,,[],,,Entity
world:entity:2026-04-06-fmp-technicals-oklo-daily,2026-06-01,2026-04-06_FMP_Technicals_OKLO_daily,,,,Entities,,2026-04-06_FMP_Technicals_OKLO_daily,2026-04-06_FMP_Technicals_OKLO_daily,entity,,,,,,,,,,,,,,,[],,,Entity
world:entity:2026-04-06-fmp-technicals-on-daily,2026-06-01,2026-04-06_FMP_Technicals_ON_daily,,,,Entities,,2026-04-06_FMP_Technicals_ON_daily,2026-04-06_FMP_Technicals_ON_daily,entity,,,,,,,,,,,,,,,[],,,Entity
world:entity:2026-04-06-fmp-technicals-onds-daily,2026-06-01,2026-04-06_FMP_Technicals_ONDS_daily,,,,Entities,,2026-04-06_FMP_Technicals_ONDS_daily,2026-04-06_FMP_Technicals_ONDS_daily,entity,,,,,,,,,,,,,,,[],,,Entity
world:entity:2026-04-06-fmp-technicals-onto-daily,2026-06-01,2026-04-06_FMP_Technicals_ONTO_daily,,,,Entities,,2026-04-06_FMP_Technicals_ONTO_daily,2026-04-06_FMP_Technicals_ONTO_daily,entity,,,,,,,,,,,,,,,[],,,Entity
world:entity:2026-04-06-fmp-technicals-pfe-daily,2026-06-01,2026-04-06_FMP_Technicals_PFE_daily,,,,Entities,,2026-04-06_FMP_Technicals_PFE_daily,2026-04-06_FMP_Technicals_PFE_daily,entity,,,,,,,,,,,,,,,[],,,Entity
world:entity:2026-04-06-fmp-technicals-pl-daily,2026-06-01,2026-04-06_FMP_Technicals_PL_daily,,,,Entities,,2026-04-06_FMP_Technicals_PL_daily,2026-04-06_FMP_Technicals_PL_daily,entity,,,,,,,,,,,,,,,[],,,Entity
world:entity:2026-04-06-fmp-technicals-pltr-daily,2026-06-01,2026-04-06_FMP_Technicals_PLTR_daily,,,,Entities,,2026-04-06_FMP_Technicals_PLTR_daily,2026-04-06_FMP_Technicals_PLTR_daily,entity,,,,,,,,,,,,,,,[],,,Entity
world:entity:2026-04-06-fmp-technicals-prta-daily,2026-06-01,2026-04-06_FMP_Technicals_PRTA_daily,,,,Entities,,2026-04-06_FMP_Technicals_PRTA_daily,2026-04-06_FMP_Technicals_PRTA_daily,entity,,,,,,,,,,,,,,,[],,,Entity
world:entity:2026-04-06-fmp-technicals-psil-daily,2026-06-01,2026-04-06_FMP_Technicals_PSIL_daily,,,,Entities,,2026-04-06_FMP_Technicals_PSIL_daily,2026-04-06_FMP_Technicals_PSIL_daily,entity,,,,,,,,,,,,,,,[],,,Entity
world:entity:2026-04-06-fmp-technicals-qubt-daily,2026-06-01,2026-04-06_FMP_Technicals_QUBT_daily,,,,Entities,,2026-04-06_FMP_Technicals_QUBT_daily,2026-04-06_FMP_Technicals_QUBT_daily,entity,,,,,,,,,,,,,,,[],,,Entity
world:entity:2026-04-06-fmp-technicals-rcat-daily,2026-06-01,2026-04-06_FMP_Technicals_RCAT_daily,,,,Entities,,2026-04-06_FMP_Technicals_RCAT_daily,2026-04-06_FMP_Technicals_RCAT_daily,entity,,,,,,,,,,,,,,,[],,,Entity
world:entity:2026-04-06-fmp-technicals-rgti-daily,2026-06-01,2026-04-06_FMP_Technicals_RGTI_daily,,,,Entities,,2026-04-06_FMP_Technicals_RGTI_daily,2026-04-06_FMP_Technicals_RGTI_daily,entity,,,,,,,,,,,,,,,[],,,Entity
world:entity:2026-04-06-fmp-technicals-rklb-daily,2026-06-01,2026-04-06_FMP_Technicals_RKLB_daily,,,,Entities,,2026-04-06_FMP_Technicals_RKLB_daily,2026-04-06_FMP_Technicals_RKLB_daily,entity,,,,,,,,,,,,,,,[],,,Entity
world:entity:2026-04-06-fmp-technicals-rprx-daily,2026-06-01,2026-04-06_FMP_Technicals_RPRX_daily,,,,Entities,,2026-04-06_FMP_Technicals_RPRX_daily,2026-04-06_FMP_Technicals_RPRX_daily,entity,,,,,,,,,,,,,,,[],,,Entity
world:entity:2026-04-06-fmp-technicals-rtx-daily,2026-06-01,2026-04-06_FMP_Technicals_RTX_daily,,,,Entities,,2026-04-06_FMP_Technicals_RTX_daily,2026-04-06_FMP_Technicals_RTX_daily,entity,,,,,,,,,,,,,,,[],,,Entity
world:entity:2026-04-06-fmp-technicals-saic-daily,2026-06-01,2026-04-06_FMP_Technicals_SAIC_daily,,,,Entities,,2026-04-06_FMP_Technicals_SAIC_daily,2026-04-06_FMP_Technicals_SAIC_daily,entity,,,,,,,,,,,,,,,[],,,Entity
world:entity:2026-04-06-fmp-technicals-sky-daily,2026-06-01,2026-04-06_FMP_Technicals_SKY_daily,,,,Entities,,2026-04-06_FMP_Technicals_SKY_daily,2026-04-06_FMP_Technicals_SKY_daily,entity,,,,,,,,,,,,,,,[],,,Entity
world:entity:2026-04-06-fmp-technicals-smr-daily,2026-06-01,2026-04-06_FMP_Technicals_SMR_daily,,,,Entities,,2026-04-06_FMP_Technicals_SMR_daily,2026-04-06_FMP_Technicals_SMR_daily,entity,,,,,,,,,,,,,,,[],,,Entity
world:entity:2026-04-06-fmp-technicals-spir-daily,2026-06-01,2026-04-06_FMP_Technicals_SPIR_daily,,,,Entities,,2026-04-06_FMP_Technicals_SPIR_daily,2026-04-06_FMP_Technicals_SPIR_daily,entity,,,,,,,,,,,,,,,[],,,Entity
world:entity:2026-04-06-fmp-technicals-spro-daily,2026-06-01,2026-04-06_FMP_Technicals_SPRO_daily,,,,Entities,,2026-04-06_FMP_Technicals_SPRO_daily,2026-04-06_FMP_Technicals_SPRO_daily,entity,,,,,,,,,,,,,,,[],,,Entity
world:entity:2026-04-06-fmp-technicals-stem-daily,2026-06-01,2026-04-06_FMP_Technicals_STEM_daily,,,,Entities,,2026-04-06_FMP_Technicals_STEM_daily,2026-04-06_FMP_Technicals_STEM_daily,entity,,,,,,,,,,,,,,,[],,,Entity
world:entity:2026-04-06-fmp-technicals-strl-daily,2026-06-01,2026-04-06_FMP_Technicals_STRL_daily,,,,Entities,,2026-04-06_FMP_Technicals_STRL_daily,2026-04-06_FMP_Technicals_STRL_daily,entity,,,,,,,,,,,,,,,[],,,Entity
world:entity:2026-04-06-fmp-technicals-tdy-daily,2026-06-01,2026-04-06_FMP_Technicals_TDY_daily,,,,Entities,,2026-04-06_FMP_Technicals_TDY_daily,2026-04-06_FMP_Technicals_TDY_daily,entity,,,,,,,,,,,,,,,[],,,Entity
world:entity:2026-04-06-fmp-technicals-tmhc-daily,2026-06-01,2026-04-06_FMP_Technicals_TMHC_daily,,,,Entities,,2026-04-06_FMP_Technicals_TMHC_daily,2026-04-06_FMP_Technicals_TMHC_daily,entity,,,,,,,,,,,,,,,[],,,Entity
world:entity:2026-04-06-fmp-technicals-tol-daily,2026-06-01,2026-04-06_FMP_Technicals_TOL_daily,,,,Entities,,2026-04-06_FMP_Technicals_TOL_daily,2026-04-06_FMP_Technicals_TOL_daily,entity,,,,,,,,,,,,,,,[],,,Entity
world:entity:2026-04-06-fmp-technicals-tsla-daily,2026-06-01,2026-04-06_FMP_Technicals_TSLA_daily,,,,Entities,,2026-04-06_FMP_Technicals_TSLA_daily,2026-04-06_FMP_Technicals_TSLA_daily,entity,,,,,,,,,,,,,,,[],,,Entity
world:entity:2026-04-06-fmp-technicals-txt-daily,2026-06-01,2026-04-06_FMP_Technicals_TXT_daily,,,,Entities,,2026-04-06_FMP_Technicals_TXT_daily,2026-04-06_FMP_Technicals_TXT_daily,entity,,,,,,,,,,,,,,,[],,,Entity
world:entity:2026-04-06-fmp-technicals-umac-daily,2026-06-01,2026-04-06_FMP_Technicals_UMAC_daily,,,,Entities,,2026-04-06_FMP_Technicals_UMAC_daily,2026-04-06_FMP_Technicals_UMAC_daily,entity,,,,,,,,,,,,,,,[],,,Entity
world:entity:2026-04-06-fmp-technicals-unty-daily,2026-06-01,2026-04-06_FMP_Technicals_UNTY_daily,,,,Entities,,2026-04-06_FMP_Technicals_UNTY_daily,2026-04-06_FMP_Technicals_UNTY_daily,entity,,,,,,,,,,,,,,,[],,,Entity
world:entity:2026-04-06-fmp-technicals-vktx-daily,2026-06-01,2026-04-06_FMP_Technicals_VKTX_daily,,,,Entities,,2026-04-06_FMP_Technicals_VKTX_daily,2026-04-06_FMP_Technicals_VKTX_daily,entity,,,,,,,,,,,,,,,[],,,Entity
world:entity:2026-04-06-fmp-technicals-vst-daily,2026-06-01,2026-04-06_FMP_Technicals_VST_daily,,,,Entities,,2026-04-06_FMP_Technicals_VST_daily,2026-04-06_FMP_Technicals_VST_daily,entity,,,,,,,,,,,,,,,[],,,Entity
world:entity:2026-04-06-fmp-technicals-wolf-daily,2026-06-01,2026-04-06_FMP_Technicals_WOLF_daily,,,,Entities,,2026-04-06_FMP_Technicals_WOLF_daily,2026-04-06_FMP_Technicals_WOLF_daily,entity,,,,,,,,,,,,,,,[],,,Entity
world:entity:2026-04-06-fmp-technicals-wpm-daily,2026-06-01,2026-04-06_FMP_Technicals_WPM_daily,,,,Entities,,2026-04-06_FMP_Technicals_WPM_daily,2026-04-06_FMP_Technicals_WPM_daily,entity,,,,,,,,,,,,,,,[],,,Entity
world:entity:2026-04-06-fmp-technicals-xoma-daily,2026-06-01,2026-04-06_FMP_Technicals_XOMA_daily,,,,Entities,,2026-04-06_FMP_Technicals_XOMA_daily,2026-04-06_FMP_Technicals_XOMA_daily,entity,,,,,,,,,,,,,,,[],,,Entity
world:entity:2026-04-07-bea-gdp,2026-06-01,2026-04-07_BEA_GDP,,,,Entities,,2026-04-07_BEA_GDP,2026-04-07_BEA_GDP,entity,,,,,,,,,,,,,,,[],,,Entity
world:entity:2026-04-07-fmp-earnings-calendar-thesis-watchlists,2026-06-01,2026-04-07_FMP_Earnings_Calendar_Thesis_Watchlists,,,,Entities,,2026-04-07_FMP_Earnings_Calendar_Thesis_Watchlists,2026-04-07_FMP_Earnings_Calendar_Thesis_Watchlists,entity,,,,,,,,,,,,,,,[],,,Entity
world:entity:2026-04-07-fmp-technicals-abbv-daily,2026-06-01,2026-04-07_FMP_Technicals_ABBV_daily,,,,Entities,,2026-04-07_FMP_Technicals_ABBV_daily,2026-04-07_FMP_Technicals_ABBV_daily,entity,,,,,,,,,,,,,,,[],,,Entity
world:entity:2026-04-07-fmp-technicals-acad-daily,2026-06-01,2026-04-07_FMP_Technicals_ACAD_daily,,,,Entities,,2026-04-07_FMP_Technicals_ACAD_daily,2026-04-07_FMP_Technicals_ACAD_daily,entity,,,,,,,,,,,,,,,[],,,Entity
world:entity:2026-04-07-fmp-technicals-achr-daily,2026-06-01,2026-04-07_FMP_Technicals_ACHR_daily,,,,Entities,,2026-04-07_FMP_Technicals_ACHR_daily,2026-04-07_FMP_Technicals_ACHR_daily,entity,,,,,,,,,,,,,,,[],,,Entity
world:entity:2026-04-07-fmp-technicals-airo-daily,2026-06-01,2026-04-07_FMP_Technicals_AIRO_daily,,,,Entities,,2026-04-07_FMP_Technicals_AIRO_daily,2026-04-07_FMP_Technicals_AIRO_daily,entity,,,,,,,,,,,,,,,[],,,Entity
world:entity:2026-04-07-fmp-technicals-alks-daily,2026-06-01,2026-04-07_FMP_Technicals_ALKS_daily,,,,Entities,,2026-04-07_FMP_Technicals_ALKS_daily,2026-04-07_FMP_Technicals_ALKS_daily,entity,,,,,,,,,,,,,,,[],,,Entity
world:entity:2026-04-07-fmp-technicals-alvo-daily,2026-06-01,2026-04-07_FMP_Technicals_ALVO_daily,,,,Entities,,2026-04-07_FMP_Technicals_ALVO_daily,2026-04-07_FMP_Technicals_ALVO_daily,entity,,,,,,,,,,,,,,,[],,,Entity
world:entity:2026-04-07-fmp-technicals-amat-daily,2026-06-01,2026-04-07_FMP_Technicals_AMAT_daily,,,,Entities,,2026-04-07_FMP_Technicals_AMAT_daily,2026-04-07_FMP_Technicals_AMAT_daily,entity,,,,,,,,,,,,,,,[],,,Entity
world:entity:2026-04-07-fmp-technicals-amgn-daily,2026-06-01,2026-04-07_FMP_Technicals_AMGN_daily,,,,Entities,,2026-04-07_FMP_Technicals_AMGN_daily,2026-04-07_FMP_Technicals_AMGN_daily,entity,,,,,,,,,,,,,,,[],,,Entity
world:entity:2026-04-07-fmp-technicals-amzn-daily,2026-06-01,2026-04-07_FMP_Technicals_AMZN_daily,,,,Entities,,2026-04-07_FMP_Technicals_AMZN_daily,2026-04-07_FMP_Technicals_AMZN_daily,entity,,,,,,,,,,,,,,,[],,,Entity
world:entity:2026-04-07-fmp-technicals-asts-daily,2026-06-01,2026-04-07_FMP_Technicals_ASTS_daily,,,,Entities,,2026-04-07_FMP_Technicals_ASTS_daily,2026-04-07_FMP_Technicals_ASTS_daily,entity,,,,,,,,,,,,,,,[],,,Entity
world:entity:2026-04-07-fmp-technicals-atai-daily,2026-06-01,2026-04-07_FMP_Technicals_ATAI_daily,,,,Entities,,2026-04-07_FMP_Technicals_ATAI_daily,2026-04-07_FMP_Technicals_ATAI_daily,entity,,,,,,,,,,,,,,,[],,,Entity
world:entity:2026-04-07-fmp-technicals-avav-daily,2026-06-01,2026-04-07_FMP_Technicals_AVAV_daily,,,,Entities,,2026-04-07_FMP_Technicals_AVAV_daily,2026-04-07_FMP_Technicals_AVAV_daily,entity,,,,,,,,,,,,,,,[],,,Entity
world:entity:2026-04-07-fmp-technicals-bah-daily,2026-06-01,2026-04-07_FMP_Technicals_BAH_daily,,,,Entities,,2026-04-07_FMP_Technicals_BAH_daily,2026-04-07_FMP_Technicals_BAH_daily,entity,,,,,,,,,,,,,,,[],,,Entity
world:entity:2026-04-07-fmp-technicals-bbai-daily,2026-06-01,2026-04-07_FMP_Technicals_BBAI_daily,,,,Entities,,2026-04-07_FMP_Technicals_BBAI_daily,2026-04-07_FMP_Technicals_BBAI_daily,entity,,,,,,,,,,,,,,,[],,,Entity
world:entity:2026-04-07-fmp-technicals-beam-daily,2026-06-01,2026-04-07_FMP_Technicals_BEAM_daily,,,,Entities,,2026-04-07_FMP_Technicals_BEAM_daily,2026-04-07_FMP_Technicals_BEAM_daily,entity,,,,,,,,,,,,,,,[],,,Entity
world:entity:2026-04-07-fmp-technicals-biib-daily,2026-06-01,2026-04-07_FMP_Technicals_BIIB_daily,,,,Entities,,2026-04-07_FMP_Technicals_BIIB_daily,2026-04-07_FMP_Technicals_BIIB_daily,entity,,,,,,,,,,,,,,,[],,,Entity
world:entity:2026-04-07-fmp-technicals-bksy-daily,2026-06-01,2026-04-07_FMP_Technicals_BKSY_daily,,,,Entities,,2026-04-07_FMP_Technicals_BKSY_daily,2026-04-07_FMP_Technicals_BKSY_daily,entity,,,,,,,,,,,,,,,[],,,Entity
world:entity:2026-04-07-fmp-technicals-caci-daily,2026-06-01,2026-04-07_FMP_Technicals_CACI_daily,,,,Entities,,2026-04-07_FMP_Technicals_CACI_daily,2026-04-07_FMP_Technicals_CACI_daily,entity,,,,,,,,,,,,,,,[],,,Entity
world:entity:2026-04-07-fmp-technicals-ccj-daily,2026-06-01,2026-04-07_FMP_Technicals_CCJ_daily,,,,Entities,,2026-04-07_FMP_Technicals_CCJ_daily,2026-04-07_FMP_Technicals_CCJ_daily,entity,,,,,,,,,,,,,,,[],,,Entity
world:entity:2026-04-07-fmp-technicals-ceg-daily,2026-06-01,2026-04-07_FMP_Technicals_CEG_daily,,,,Entities,,2026-04-07_FMP_Technicals_CEG_daily,2026-04-07_FMP_Technicals_CEG_daily,entity,,,,,,,,,,,,,,,[],,,Entity
world:entity:2026-04-07-fmp-technicals-cmps-daily,2026-06-01,2026-04-07_FMP_Technicals_CMPS_daily,,,,Entities,,2026-04-07_FMP_Technicals_CMPS_daily,2026-04-07_FMP_Technicals_CMPS_daily,entity,,,,,,,,,,,,,,,[],,,Entity
world:entity:2026-04-07-fmp-technicals-coin-daily,2026-06-01,2026-04-07_FMP_Technicals_COIN_daily,,,,Entities,,2026-04-07_FMP_Technicals_COIN_daily,2026-04-07_FMP_Technicals_COIN_daily,entity,,,,,,,,,,,,,,,[],,,Entity
world:entity:2026-04-07-fmp-technicals-crsp-daily,2026-06-01,2026-04-07_FMP_Technicals_CRSP_daily,,,,Entities,,2026-04-07_FMP_Technicals_CRSP_daily,2026-04-07_FMP_Technicals_CRSP_daily,entity,,,,,,,,,,,,,,,[],,,Entity
world:entity:2026-04-07-fmp-technicals-dftx-daily,2026-06-01,2026-04-07_FMP_Technicals_DFTX_daily,,,,Entities,,2026-04-07_FMP_Technicals_DFTX_daily,2026-04-07_FMP_Technicals_DFTX_daily,entity,,,,,,,,,,,,,,,[],,,Entity
world:entity:2026-04-07-fmp-technicals-dhi-daily,2026-06-01,2026-04-07_FMP_Technicals_DHI_daily,,,,Entities,,2026-04-07_FMP_Technicals_DHI_daily,2026-04-07_FMP_Technicals_DHI_daily,entity,,,,,,,,,,,,,,,[],,,Entity
world:entity:2026-04-07-fmp-technicals-dpro-daily,2026-06-01,2026-04-07_FMP_Technicals_DPRO_daily,,,,Entities,,2026-04-07_FMP_Technicals_DPRO_daily,2026-04-07_FMP_Technicals_DPRO_daily,entity,,,,,,,,,,,,,,,[],,,Entity
world:entity:2026-04-07-fmp-technicals-edit-daily,2026-06-01,2026-04-07_FMP_Technicals_EDIT_daily,,,,Entities,,2026-04-07_FMP_Technicals_EDIT_daily,2026-04-07_FMP_Technicals_EDIT_daily,entity,,,,,,,,,,,,,,,[],,,Entity
world:entity:2026-04-07-fmp-technicals-eh-daily,2026-06-01,2026-04-07_FMP_Technicals_EH_daily,,,,Entities,,2026-04-07_FMP_Technicals_EH_daily,2026-04-07_FMP_Technicals_EH_daily,entity,,,,,,,,,,,,,,,[],,,Entity
world:entity:2026-04-07-fmp-technicals-envx-daily,2026-06-01,2026-04-07_FMP_Technicals_ENVX_daily,,,,Entities,,2026-04-07_FMP_Technicals_ENVX_daily,2026-04-07_FMP_Technicals_ENVX_daily,entity,,,,,,,,,,,,,,,[],,,Entity
world:entity:2026-04-07-fmp-technicals-eslt-daily,2026-06-01,2026-04-07_FMP_Technicals_ESLT_daily,,,,Entities,,2026-04-07_FMP_Technicals_ESLT_daily,2026-04-07_FMP_Technicals_ESLT_daily,entity,,,,,,,,,,,,,,,[],,,Entity
world:entity:2026-04-07-fmp-technicals-etn-daily,2026-06-01,2026-04-07_FMP_Technicals_ETN_daily,,,,Entities,,2026-04-07_FMP_Technicals_ETN_daily,2026-04-07_FMP_Technicals_ETN_daily,entity,,,,,,,,,,,,,,,[],,,Entity
world:entity:2026-04-07-fmp-technicals-evtl-daily,2026-06-01,2026-04-07_FMP_Technicals_EVTL_daily,,,,Entities,,2026-04-07_FMP_Technicals_EVTL_daily,2026-04-07_FMP_Technicals_EVTL_daily,entity,,,,,,,,,,,,,,,[],,,Entity
world:entity:2026-04-07-fmp-technicals-flnc-daily,2026-06-01,2026-04-07_FMP_Technicals_FLNC_daily,,,,Entities,,2026-04-07_FMP_Technicals_FLNC_daily,2026-04-07_FMP_Technicals_FLNC_daily,entity,,,,,,,,,,,,,,,[],,,Entity
world:entity:2026-04-07-fmp-technicals-gd-daily,2026-06-01,2026-04-07_FMP_Technicals_GD_daily,,,,Entities,,2026-04-07_FMP_Technicals_GD_daily,2026-04-07_FMP_Technicals_GD_daily,entity,,,,,,,,,,,,,,,[],,,Entity
world:entity:2026-04-07-fmp-technicals-gev-daily,2026-06-01,2026-04-07_FMP_Technicals_GEV_daily,,,,Entities,,2026-04-07_FMP_Technicals_GEV_daily,2026-04-07_FMP_Technicals_GEV_daily,entity,,,,,,,,,,,,,,,[],,,Entity
world:entity:2026-04-07-fmp-technicals-ghrs-daily,2026-06-01,2026-04-07_FMP_Technicals_GHRS_daily,,,,Entities,,2026-04-07_FMP_Technicals_GHRS_daily,2026-04-07_FMP_Technicals_GHRS_daily,entity,,,,,,,,,,,,,,,[],,,Entity
world:entity:2026-04-07-fmp-technicals-gold-daily,2026-06-01,2026-04-07_FMP_Technicals_GOLD_daily,,,,Entities,,2026-04-07_FMP_Technicals_GOLD_daily,2026-04-07_FMP_Technicals_GOLD_daily,entity,,,,,,,,,,,,,,,[],,,Entity
world:entity:2026-04-07-fmp-technicals-googl-daily,2026-06-01,2026-04-07_FMP_Technicals_GOOGL_daily,,,,Entities,,2026-04-07_FMP_Technicals_GOOGL_daily,2026-04-07_FMP_Technicals_GOOGL_daily,entity,,,,,,,,,,,,,,,[],,,Entity
world:entity:2026-04-07-fmp-technicals-help-daily,2026-06-01,2026-04-07_FMP_Technicals_HELP_daily,,,,Entities,,2026-04-07_FMP_Technicals_HELP_daily,2026-04-07_FMP_Technicals_HELP_daily,entity,,,,,,,,,,,,,,,[],,,Entity
world:entity:2026-04-07-fmp-technicals-hims-daily,2026-06-01,2026-04-07_FMP_Technicals_HIMS_daily,,,,Entities,,2026-04-07_FMP_Technicals_HIMS_daily,2026-04-07_FMP_Technicals_HIMS_daily,entity,,,,,,,,,,,,,,,[],,,Entity
world:entity:2026-04-07-fmp-technicals-hovr-daily,2026-06-01,2026-04-07_FMP_Technicals_HOVR_daily,,,,Entities,,2026-04-07_FMP_Technicals_HOVR_daily,2026-04-07_FMP_Technicals_HOVR_daily,entity,,,,,,,,,,,,,,,[],,,Entity
world:entity:2026-04-07-fmp-technicals-inva-daily,2026-06-01,2026-04-07_FMP_Technicals_INVA_daily,,,,Entities,,2026-04-07_FMP_Technicals_INVA_daily,2026-04-07_FMP_Technicals_INVA_daily,entity,,,,,,,,,,,,,,,[],,,Entity
world:entity:2026-04-07-fmp-technicals-ionq-daily,2026-06-01,2026-04-07_FMP_Technicals_IONQ_daily,,,,Entities,,2026-04-07_FMP_Technicals_IONQ_daily,2026-04-07_FMP_Technicals_IONQ_daily,entity,,,,,,,,,,,,,,,[],,,Entity
world:entity:2026-04-07-fmp-technicals-jnj-daily,2026-06-01,2026-04-07_FMP_Technicals_JNJ_daily,,,,Entities,,2026-04-07_FMP_Technicals_JNJ_daily,2026-04-07_FMP_Technicals_JNJ_daily,entity,,,,,,,,,,,,,,,[],,,Entity
world:entity:2026-04-07-fmp-technicals-joby-daily,2026-06-01,2026-04-07_FMP_Technicals_JOBY_daily,,,,Entities,,2026-04-07_FMP_Technicals_JOBY_daily,2026-04-07_FMP_Technicals_JOBY_daily,entity,,,,,,,,,,,,,,,[],,,Entity
world:entity:2026-04-07-fmp-technicals-klac-daily,2026-06-01,2026-04-07_FMP_Technicals_KLAC_daily,,,,Entities,,2026-04-07_FMP_Technicals_KLAC_daily,2026-04-07_FMP_Technicals_KLAC_daily,entity,,,,,,,,,,,,,,,[],,,Entity
world:entity:2026-04-07-fmp-technicals-ktos-daily,2026-06-01,2026-04-07_FMP_Technicals_KTOS_daily,,,,Entities,,2026-04-07_FMP_Technicals_KTOS_daily,2026-04-07_FMP_Technicals_KTOS_daily,entity,,,,,,,,,,,,,,,[],,,Entity
world:entity:2026-04-07-fmp-technicals-ldos-daily,2026-06-01,2026-04-07_FMP_Technicals_LDOS_daily,,,,Entities,,2026-04-07_FMP_Technicals_LDOS_daily,2026-04-07_FMP_Technicals_LDOS_daily,entity,,,,,,,,,,,,,,,[],,,Entity
world:entity:2026-04-07-fmp-technicals-len-daily,2026-06-01,2026-04-07_FMP_Technicals_LEN_daily,,,,Entities,,2026-04-07_FMP_Technicals_LEN_daily,2026-04-07_FMP_Technicals_LEN_daily,entity,,,,,,,,,,,,,,,[],,,Entity
world:entity:2026-04-07-fmp-technicals-lhx-daily,2026-06-01,2026-04-07_FMP_Technicals_LHX_daily,,,,Entities,,2026-04-07_FMP_Technicals_LHX_daily,2026-04-07_FMP_Technicals_LHX_daily,entity,,,,,,,,,,,,,,,[],,,Entity
world:entity:2026-04-07-fmp-technicals-lly-daily,2026-06-01,2026-04-07_FMP_Technicals_LLY_daily,,,,Entities,,2026-04-07_FMP_Technicals_LLY_daily,2026-04-07_FMP_Technicals_LLY_daily,entity,,,,,,,,,,,,,,,[],,,Entity
world:entity:2026-04-07-fmp-technicals-lmt-daily,2026-06-01,2026-04-07_FMP_Technicals_LMT_daily,,,,Entities,,2026-04-07_FMP_Technicals_LMT_daily,2026-04-07_FMP_Technicals_LMT_daily,entity,,,,,,,,,,,,,,,[],,,Entity
world:entity:2026-04-07-fmp-technicals-lrcx-daily,2026-06-01,2026-04-07_FMP_Technicals_LRCX_daily,,,,Entities,,2026-04-07_FMP_Technicals_LRCX_daily,2026-04-07_FMP_Technicals_LRCX_daily,entity,,,,,,,,,,,,,,,[],,,Entity
world:entity:2026-04-07-fmp-technicals-mnts-daily,2026-06-01,2026-04-07_FMP_Technicals_MNTS_daily,,,,Entities,,2026-04-07_FMP_Technicals_MNTS_daily,2026-04-07_FMP_Technicals_MNTS_daily,entity,,,,,,,,,,,,,,,[],,,Entity
world:entity:2026-04-07-fmp-technicals-mrk-daily,2026-06-01,2026-04-07_FMP_Technicals_MRK_daily,,,,Entities,,2026-04-07_FMP_Technicals_MRK_daily,2026-04-07_FMP_Technicals_MRK_daily,entity,,,,,,,,,,,,,,,[],,,Entity
world:entity:2026-04-07-fmp-technicals-msft-daily,2026-06-01,2026-04-07_FMP_Technicals_MSFT_daily,,,,Entities,,2026-04-07_FMP_Technicals_MSFT_daily,2026-04-07_FMP_Technicals_MSFT_daily,entity,,,,,,,,,,,,,,,[],,,Entity
world:entity:2026-04-07-fmp-technicals-mstr-daily,2026-06-01,2026-04-07_FMP_Technicals_MSTR_daily,,,,Entities,,2026-04-07_FMP_Technicals_MSTR_daily,2026-04-07_FMP_Technicals_MSTR_daily,entity,,,,,,,,,,,,,,,[],,,Entity
world:entity:2026-04-07-fmp-technicals-nbix-daily,2026-06-01,2026-04-07_FMP_Technicals_NBIX_daily,,,,Entities,,2026-04-07_FMP_Technicals_NBIX_daily,2026-04-07_FMP_Technicals_NBIX_daily,entity,,,,,,,,,,,,,,,[],,,Entity
world:entity:2026-04-07-fmp-technicals-nem-daily,2026-06-01,2026-04-07_FMP_Technicals_NEM_daily,,,,Entities,,2026-04-07_FMP_Technicals_NEM_daily,2026-04-07_FMP_Technicals_NEM_daily,entity,,,,,,,,,,,,,,,[],,,Entity
world:entity:2026-04-07-fmp-technicals-nne-daily,2026-06-01,2026-04-07_FMP_Technicals_NNE_daily,,,,Entities,,2026-04-07_FMP_Technicals_NNE_daily,2026-04-07_FMP_Technicals_NNE_daily,entity,,,,,,,,,,,,,,,[],,,Entity
world:entity:2026-04-07-fmp-technicals-noc-daily,2026-06-01,2026-04-07_FMP_Technicals_NOC_daily,,,,Entities,,2026-04-07_FMP_Technicals_NOC_daily,2026-04-07_FMP_Technicals_NOC_daily,entity,,,,,,,,,,,,,,,[],,,Entity
world:entity:2026-04-07-fmp-technicals-nrg-daily,2026-06-01,2026-04-07_FMP_Technicals_NRG_daily,,,,Entities,,2026-04-07_FMP_Technicals_NRG_daily,2026-04-07_FMP_Technicals_NRG_daily,entity,,,,,,,,,,,,,,,[],,,Entity
world:entity:2026-04-07-fmp-technicals-ntla-daily,2026-06-01,2026-04-07_FMP_Technicals_NTLA_daily,,,,Entities,,2026-04-07_FMP_Technicals_NTLA_daily,2026-04-07_FMP_Technicals_NTLA_daily,entity,,,,,,,,,,,,,,,[],,,Entity
world:entity:2026-04-07-fmp-technicals-nvda-daily,2026-06-01,2026-04-07_FMP_Technicals_NVDA_daily,,,,Entities,,2026-04-07_FMP_Technicals_NVDA_daily,2026-04-07_FMP_Technicals_NVDA_daily,entity,,,,,,,,,,,,,,,[],,,Entity
world:entity:2026-04-07-fmp-technicals-nvr-daily,2026-06-01,2026-04-07_FMP_Technicals_NVR_daily,,,,Entities,,2026-04-07_FMP_Technicals_NVR_daily,2026-04-07_FMP_Technicals_NVR_daily,entity,,,,,,,,,,,,,,,[],,,Entity
world:entity:2026-04-07-fmp-technicals-oklo-daily,2026-06-01,2026-04-07_FMP_Technicals_OKLO_daily,,,,Entities,,2026-04-07_FMP_Technicals_OKLO_daily,2026-04-07_FMP_Technicals_OKLO_daily,entity,,,,,,,,,,,,,,,[],,,Entity
world:entity:2026-04-07-fmp-technicals-on-daily,2026-06-01,2026-04-07_FMP_Technicals_ON_daily,,,,Entities,,2026-04-07_FMP_Technicals_ON_daily,2026-04-07_FMP_Technicals_ON_daily,entity,,,,,,,,,,,,,,,[],,,Entity
world:entity:2026-04-07-fmp-technicals-onds-daily,2026-06-01,2026-04-07_FMP_Technicals_ONDS_daily,,,,Entities,,2026-04-07_FMP_Technicals_ONDS_daily,2026-04-07_FMP_Technicals_ONDS_daily,entity,,,,,,,,,,,,,,,[],,,Entity
world:entity:2026-04-07-fmp-technicals-onto-daily,2026-06-01,2026-04-07_FMP_Technicals_ONTO_daily,,,,Entities,,2026-04-07_FMP_Technicals_ONTO_daily,2026-04-07_FMP_Technicals_ONTO_daily,entity,,,,,,,,,,,,,,,[],,,Entity
world:entity:2026-04-07-fmp-technicals-pfe-daily,2026-06-01,2026-04-07_FMP_Technicals_PFE_daily,,,,Entities,,2026-04-07_FMP_Technicals_PFE_daily,2026-04-07_FMP_Technicals_PFE_daily,entity,,,,,,,,,,,,,,,[],,,Entity
world:entity:2026-04-07-fmp-technicals-pl-daily,2026-06-01,2026-04-07_FMP_Technicals_PL_daily,,,,Entities,,2026-04-07_FMP_Technicals_PL_daily,2026-04-07_FMP_Technicals_PL_daily,entity,,,,,,,,,,,,,,,[],,,Entity
world:entity:2026-04-07-fmp-technicals-pltr-daily,2026-06-01,2026-04-07_FMP_Technicals_PLTR_daily,,,,Entities,,2026-04-07_FMP_Technicals_PLTR_daily,2026-04-07_FMP_Technicals_PLTR_daily,entity,,,,,,,,,,,,,,,[],,,Entity
world:entity:2026-04-07-fmp-technicals-prta-daily,2026-06-01,2026-04-07_FMP_Technicals_PRTA_daily,,,,Entities,,2026-04-07_FMP_Technicals_PRTA_daily,2026-04-07_FMP_Technicals_PRTA_daily,entity,,,,,,,,,,,,,,,[],,,Entity
world:entity:2026-04-07-fmp-technicals-psil-daily,2026-06-01,2026-04-07_FMP_Technicals_PSIL_daily,,,,Entities,,2026-04-07_FMP_Technicals_PSIL_daily,2026-04-07_FMP_Technicals_PSIL_daily,entity,,,,,,,,,,,,,,,[],,,Entity
world:entity:2026-04-07-fmp-technicals-qubt-daily,2026-06-01,2026-04-07_FMP_Technicals_QUBT_daily,,,,Entities,,2026-04-07_FMP_Technicals_QUBT_daily,2026-04-07_FMP_Technicals_QUBT_daily,entity,,,,,,,,,,,,,,,[],,,Entity
world:entity:2026-04-07-fmp-technicals-rcat-daily,2026-06-01,2026-04-07_FMP_Technicals_RCAT_daily,,,,Entities,,2026-04-07_FMP_Technicals_RCAT_daily,2026-04-07_FMP_Technicals_RCAT_daily,entity,,,,,,,,,,,,,,,[],,,Entity
world:entity:2026-04-07-fmp-technicals-rgti-daily,2026-06-01,2026-04-07_FMP_Technicals_RGTI_daily,,,,Entities,,2026-04-07_FMP_Technicals_RGTI_daily,2026-04-07_FMP_Technicals_RGTI_daily,entity,,,,,,,,,,,,,,,[],,,Entity
world:entity:2026-04-07-fmp-technicals-rklb-daily,2026-06-01,2026-04-07_FMP_Technicals_RKLB_daily,,,,Entities,,2026-04-07_FMP_Technicals_RKLB_daily,2026-04-07_FMP_Technicals_RKLB_daily,entity,,,,,,,,,,,,,,,[],,,Entity
world:entity:2026-04-07-fmp-technicals-rprx-daily,2026-06-01,2026-04-07_FMP_Technicals_RPRX_daily,,,,Entities,,2026-04-07_FMP_Technicals_RPRX_daily,2026-04-07_FMP_Technicals_RPRX_daily,entity,,,,,,,,,,,,,,,[],,,Entity
world:entity:2026-04-07-fmp-technicals-rtx-daily,2026-06-01,2026-04-07_FMP_Technicals_RTX_daily,,,,Entities,,2026-04-07_FMP_Technicals_RTX_daily,2026-04-07_FMP_Technicals_RTX_daily,entity,,,,,,,,,,,,,,,[],,,Entity
world:entity:2026-04-07-fmp-technicals-saic-daily,2026-06-01,2026-04-07_FMP_Technicals_SAIC_daily,,,,Entities,,2026-04-07_FMP_Technicals_SAIC_daily,2026-04-07_FMP_Technicals_SAIC_daily,entity,,,,,,,,,,,,,,,[],,,Entity
world:entity:2026-04-07-fmp-technicals-sky-daily,2026-06-01,2026-04-07_FMP_Technicals_SKY_daily,,,,Entities,,2026-04-07_FMP_Technicals_SKY_daily,2026-04-07_FMP_Technicals_SKY_daily,entity,,,,,,,,,,,,,,,[],,,Entity
world:entity:2026-04-07-fmp-technicals-smr-daily,2026-06-01,2026-04-07_FMP_Technicals_SMR_daily,,,,Entities,,2026-04-07_FMP_Technicals_SMR_daily,2026-04-07_FMP_Technicals_SMR_daily,entity,,,,,,,,,,,,,,,[],,,Entity
world:entity:2026-04-07-fmp-technicals-spir-daily,2026-06-01,2026-04-07_FMP_Technicals_SPIR_daily,,,,Entities,,2026-04-07_FMP_Technicals_SPIR_daily,2026-04-07_FMP_Technicals_SPIR_daily,entity,,,,,,,,,,,,,,,[],,,Entity
world:entity:2026-04-07-fmp-technicals-spro-daily,2026-06-01,2026-04-07_FMP_Technicals_SPRO_daily,,,,Entities,,2026-04-07_FMP_Technicals_SPRO_daily,2026-04-07_FMP_Technicals_SPRO_daily,entity,,,,,,,,,,,,,,,[],,,Entity
world:entity:2026-04-07-fmp-technicals-stem-daily,2026-06-01,2026-04-07_FMP_Technicals_STEM_daily,,,,Entities,,2026-04-07_FMP_Technicals_STEM_daily,2026-04-07_FMP_Technicals_STEM_daily,entity,,,,,,,,,,,,,,,[],,,Entity
world:entity:2026-04-07-fmp-technicals-strl-daily,2026-06-01,2026-04-07_FMP_Technicals_STRL_daily,,,,Entities,,2026-04-07_FMP_Technicals_STRL_daily,2026-04-07_FMP_Technicals_STRL_daily,entity,,,,,,,,,,,,,,,[],,,Entity
world:entity:2026-04-07-fmp-technicals-tdy-daily,2026-06-01,2026-04-07_FMP_Technicals_TDY_daily,,,,Entities,,2026-04-07_FMP_Technicals_TDY_daily,2026-04-07_FMP_Technicals_TDY_daily,entity,,,,,,,,,,,,,,,[],,,Entity
world:entity:2026-04-07-fmp-technicals-tmhc-daily,2026-06-01,2026-04-07_FMP_Technicals_TMHC_daily,,,,Entities,,2026-04-07_FMP_Technicals_TMHC_daily,2026-04-07_FMP_Technicals_TMHC_daily,entity,,,,,,,,,,,,,,,[],,,Entity
world:entity:2026-04-07-fmp-technicals-tol-daily,2026-06-01,2026-04-07_FMP_Technicals_TOL_daily,,,,Entities,,2026-04-07_FMP_Technicals_TOL_daily,2026-04-07_FMP_Technicals_TOL_daily,entity,,,,,,,,,,,,,,,[],,,Entity
world:entity:2026-04-07-fmp-technicals-tsla-daily,2026-06-01,2026-04-07_FMP_Technicals_TSLA_daily,,,,Entities,,2026-04-07_FMP_Technicals_TSLA_daily,2026-04-07_FMP_Technicals_TSLA_daily,entity,,,,,,,,,,,,,,,[],,,Entity
world:entity:2026-04-07-fmp-technicals-txt-daily,2026-06-01,2026-04-07_FMP_Technicals_TXT_daily,,,,Entities,,2026-04-07_FMP_Technicals_TXT_daily,2026-04-07_FMP_Technicals_TXT_daily,entity,,,,,,,,,,,,,,,[],,,Entity
world:entity:2026-04-07-fmp-technicals-umac-daily,2026-06-01,2026-04-07_FMP_Technicals_UMAC_daily,,,,Entities,,2026-04-07_FMP_Technicals_UMAC_daily,2026-04-07_FMP_Technicals_UMAC_daily,entity,,,,,,,,,,,,,,,[],,,Entity
world:entity:2026-04-07-fmp-technicals-unty-daily,2026-06-01,2026-04-07_FMP_Technicals_UNTY_daily,,,,Entities,,2026-04-07_FMP_Technicals_UNTY_daily,2026-04-07_FMP_Technicals_UNTY_daily,entity,,,,,,,,,,,,,,,[],,,Entity
world:entity:2026-04-07-fmp-technicals-vktx-daily,2026-06-01,2026-04-07_FMP_Technicals_VKTX_daily,,,,Entities,,2026-04-07_FMP_Technicals_VKTX_daily,2026-04-07_FMP_Technicals_VKTX_daily,entity,,,,,,,,,,,,,,,[],,,Entity
world:entity:2026-04-07-fmp-technicals-vst-daily,2026-06-01,2026-04-07_FMP_Technicals_VST_daily,,,,Entities,,2026-04-07_FMP_Technicals_VST_daily,2026-04-07_FMP_Technicals_VST_daily,entity,,,,,,,,,,,,,,,[],,,Entity
world:entity:2026-04-07-fmp-technicals-wolf-daily,2026-06-01,2026-04-07_FMP_Technicals_WOLF_daily,,,,Entities,,2026-04-07_FMP_Technicals_WOLF_daily,2026-04-07_FMP_Technicals_WOLF_daily,entity,,,,,,,,,,,,,,,[],,,Entity
world:entity:2026-04-07-fmp-technicals-wpm-daily,2026-06-01,2026-04-07_FMP_Technicals_WPM_daily,,,,Entities,,2026-04-07_FMP_Technicals_WPM_daily,2026-04-07_FMP_Technicals_WPM_daily,entity,,,,,,,,,,,,,,,[],,,Entity
world:entity:2026-04-07-fmp-technicals-xoma-daily,2026-06-01,2026-04-07_FMP_Technicals_XOMA_daily,,,,Entities,,2026-04-07_FMP_Technicals_XOMA_daily,2026-04-07_FMP_Technicals_XOMA_daily,entity,,,,,,,,,,,,,,,[],,,Entity
world:entity:2026-04-20-confirm-antimicrobial-resistance-pipeline,2026-06-01,2026-04-20_CONFIRM_ANTIMICROBIAL_RESISTANCE_PIPELINE,,,,Entities,,2026-04-20_CONFIRM_ANTIMICROBIAL_RESISTANCE_PIPELINE,2026-04-20_CONFIRM_ANTIMICROBIAL_RESISTANCE_PIPELINE,entity,,,,,,,,,,,,,,,[],,,Entity
world:entity:2026-04-20-fmp-earnings-calendar-thesis-watchlists,2026-06-01,2026-04-20_FMP_Earnings_Calendar_Thesis_Watchlists,,,,Entities,,2026-04-20_FMP_Earnings_Calendar_Thesis_Watchlists,2026-04-20_FMP_Earnings_Calendar_Thesis_Watchlists,entity,,,,,,,,,,,,,,,[],,,Entity
world:entity:2026-04-20-fmp-technicals-abbv-daily,2026-06-01,2026-04-20_FMP_Technicals_ABBV_daily,,,,Entities,,2026-04-20_FMP_Technicals_ABBV_daily,2026-04-20_FMP_Technicals_ABBV_daily,entity,,,,,,,,,,,,,,,[],,,Entity
world:entity:2026-04-20-fmp-technicals-acad-daily,2026-06-01,2026-04-20_FMP_Technicals_ACAD_daily,,,,Entities,,2026-04-20_FMP_Technicals_ACAD_daily,2026-04-20_FMP_Technicals_ACAD_daily,entity,,,,,,,,,,,,,,,[],,,Entity
world:entity:2026-04-20-fmp-technicals-achr-daily,2026-06-01,2026-04-20_FMP_Technicals_ACHR_daily,,,,Entities,,2026-04-20_FMP_Technicals_ACHR_daily,2026-04-20_FMP_Technicals_ACHR_daily,entity,,,,,,,,,,,,,,,[],,,Entity
world:entity:2026-04-20-fmp-technicals-airo-daily,2026-06-01,2026-04-20_FMP_Technicals_AIRO_daily,,,,Entities,,2026-04-20_FMP_Technicals_AIRO_daily,2026-04-20_FMP_Technicals_AIRO_daily,entity,,,,,,,,,,,,,,,[],,,Entity
world:entity:2026-04-20-fmp-technicals-alks-daily,2026-06-01,2026-04-20_FMP_Technicals_ALKS_daily,,,,Entities,,2026-04-20_FMP_Technicals_ALKS_daily,2026-04-20_FMP_Technicals_ALKS_daily,entity,,,,,,,,,,,,,,,[],,,Entity
world:entity:2026-04-20-fmp-technicals-alvo-daily,2026-06-01,2026-04-20_FMP_Technicals_ALVO_daily,,,,Entities,,2026-04-20_FMP_Technicals_ALVO_daily,2026-04-20_FMP_Technicals_ALVO_daily,entity,,,,,,,,,,,,,,,[],,,Entity
world:entity:2026-04-20-fmp-technicals-amat-daily,2026-06-01,2026-04-20_FMP_Technicals_AMAT_daily,,,,Entities,,2026-04-20_FMP_Technicals_AMAT_daily,2026-04-20_FMP_Technicals_AMAT_daily,entity,,,,,,,,,,,,,,,[],,,Entity
world:entity:2026-04-20-fmp-technicals-amgn-daily,2026-06-01,2026-04-20_FMP_Technicals_AMGN_daily,,,,Entities,,2026-04-20_FMP_Technicals_AMGN_daily,2026-04-20_FMP_Technicals_AMGN_daily,entity,,,,,,,,,,,,,,,[],,,Entity
world:entity:2026-04-20-fmp-technicals-amzn-daily,2026-06-01,2026-04-20_FMP_Technicals_AMZN_daily,,,,Entities,,2026-04-20_FMP_Technicals_AMZN_daily,2026-04-20_FMP_Technicals_AMZN_daily,entity,,,,,,,,,,,,,,,[],,,Entity
world:entity:2026-04-20-fmp-technicals-asts-daily,2026-06-01,2026-04-20_FMP_Technicals_ASTS_daily,,,,Entities,,2026-04-20_FMP_Technicals_ASTS_daily,2026-04-20_FMP_Technicals_ASTS_daily,entity,,,,,,,,,,,,,,,[],,,Entity
world:entity:2026-04-20-fmp-technicals-atai-daily,2026-06-01,2026-04-20_FMP_Technicals_ATAI_daily,,,,Entities,,2026-04-20_FMP_Technicals_ATAI_daily,2026-04-20_FMP_Technicals_ATAI_daily,entity,,,,,,,,,,,,,,,[],,,Entity
world:entity:2026-04-20-fmp-technicals-avav-daily,2026-06-01,2026-04-20_FMP_Technicals_AVAV_daily,,,,Entities,,2026-04-20_FMP_Technicals_AVAV_daily,2026-04-20_FMP_Technicals_AVAV_daily,entity,,,,,,,,,,,,,,,[],,,Entity
world:entity:2026-04-20-fmp-technicals-bah-daily,2026-06-01,2026-04-20_FMP_Technicals_BAH_daily,,,,Entities,,2026-04-20_FMP_Technicals_BAH_daily,2026-04-20_FMP_Technicals_BAH_daily,entity,,,,,,,,,,,,,,,[],,,Entity
world:entity:2026-04-20-fmp-technicals-bbai-daily,2026-06-01,2026-04-20_FMP_Technicals_BBAI_daily,,,,Entities,,2026-04-20_FMP_Technicals_BBAI_daily,2026-04-20_FMP_Technicals_BBAI_daily,entity,,,,,,,,,,,,,,,[],,,Entity
world:entity:2026-04-20-fmp-technicals-beam-daily,2026-06-01,2026-04-20_FMP_Technicals_BEAM_daily,,,,Entities,,2026-04-20_FMP_Technicals_BEAM_daily,2026-04-20_FMP_Technicals_BEAM_daily,entity,,,,,,,,,,,,,,,[],,,Entity
world:entity:2026-04-20-fmp-technicals-biib-daily,2026-06-01,2026-04-20_FMP_Technicals_BIIB_daily,,,,Entities,,2026-04-20_FMP_Technicals_BIIB_daily,2026-04-20_FMP_Technicals_BIIB_daily,entity,,,,,,,,,,,,,,,[],,,Entity
world:entity:2026-04-20-fmp-technicals-bksy-daily,2026-06-01,2026-04-20_FMP_Technicals_BKSY_daily,,,,Entities,,2026-04-20_FMP_Technicals_BKSY_daily,2026-04-20_FMP_Technicals_BKSY_daily,entity,,,,,,,,,,,,,,,[],,,Entity
world:entity:2026-04-20-fmp-technicals-caci-daily,2026-06-01,2026-04-20_FMP_Technicals_CACI_daily,,,,Entities,,2026-04-20_FMP_Technicals_CACI_daily,2026-04-20_FMP_Technicals_CACI_daily,entity,,,,,,,,,,,,,,,[],,,Entity
world:entity:2026-04-20-fmp-technicals-ccj-daily,2026-06-01,2026-04-20_FMP_Technicals_CCJ_daily,,,,Entities,,2026-04-20_FMP_Technicals_CCJ_daily,2026-04-20_FMP_Technicals_CCJ_daily,entity,,,,,,,,,,,,,,,[],,,Entity
world:entity:2026-04-20-fmp-technicals-ceg-daily,2026-06-01,2026-04-20_FMP_Technicals_CEG_daily,,,,Entities,,2026-04-20_FMP_Technicals_CEG_daily,2026-04-20_FMP_Technicals_CEG_daily,entity,,,,,,,,,,,,,,,[],,,Entity
world:entity:2026-04-20-fmp-technicals-cmps-daily,2026-06-01,2026-04-20_FMP_Technicals_CMPS_daily,,,,Entities,,2026-04-20_FMP_Technicals_CMPS_daily,2026-04-20_FMP_Technicals_CMPS_daily,entity,,,,,,,,,,,,,,,[],,,Entity
world:entity:2026-04-20-fmp-technicals-coin-daily,2026-06-01,2026-04-20_FMP_Technicals_COIN_daily,,,,Entities,,2026-04-20_FMP_Technicals_COIN_daily,2026-04-20_FMP_Technicals_COIN_daily,entity,,,,,,,,,,,,,,,[],,,Entity
world:entity:2026-04-20-fmp-technicals-crsp-daily,2026-06-01,2026-04-20_FMP_Technicals_CRSP_daily,,,,Entities,,2026-04-20_FMP_Technicals_CRSP_daily,2026-04-20_FMP_Technicals_CRSP_daily,entity,,,,,,,,,,,,,,,[],,,Entity
world:entity:2026-04-20-fmp-technicals-dftx-daily,2026-06-01,2026-04-20_FMP_Technicals_DFTX_daily,,,,Entities,,2026-04-20_FMP_Technicals_DFTX_daily,2026-04-20_FMP_Technicals_DFTX_daily,entity,,,,,,,,,,,,,,,[],,,Entity
world:entity:2026-04-20-fmp-technicals-dhi-daily,2026-06-01,2026-04-20_FMP_Technicals_DHI_daily,,,,Entities,,2026-04-20_FMP_Technicals_DHI_daily,2026-04-20_FMP_Technicals_DHI_daily,entity,,,,,,,,,,,,,,,[],,,Entity
world:entity:2026-04-20-fmp-technicals-dpro-daily,2026-06-01,2026-04-20_FMP_Technicals_DPRO_daily,,,,Entities,,2026-04-20_FMP_Technicals_DPRO_daily,2026-04-20_FMP_Technicals_DPRO_daily,entity,,,,,,,,,,,,,,,[],,,Entity
world:entity:2026-04-20-fmp-technicals-edit-daily,2026-06-01,2026-04-20_FMP_Technicals_EDIT_daily,,,,Entities,,2026-04-20_FMP_Technicals_EDIT_daily,2026-04-20_FMP_Technicals_EDIT_daily,entity,,,,,,,,,,,,,,,[],,,Entity
world:entity:2026-04-20-fmp-technicals-eh-daily,2026-06-01,2026-04-20_FMP_Technicals_EH_daily,,,,Entities,,2026-04-20_FMP_Technicals_EH_daily,2026-04-20_FMP_Technicals_EH_daily,entity,,,,,,,,,,,,,,,[],,,Entity
world:entity:2026-04-20-fmp-technicals-envx-daily,2026-06-01,2026-04-20_FMP_Technicals_ENVX_daily,,,,Entities,,2026-04-20_FMP_Technicals_ENVX_daily,2026-04-20_FMP_Technicals_ENVX_daily,entity,,,,,,,,,,,,,,,[],,,Entity
world:entity:2026-04-20-fmp-technicals-eslt-daily,2026-06-01,2026-04-20_FMP_Technicals_ESLT_daily,,,,Entities,,2026-04-20_FMP_Technicals_ESLT_daily,2026-04-20_FMP_Technicals_ESLT_daily,entity,,,,,,,,,,,,,,,[],,,Entity
world:entity:2026-04-20-fmp-technicals-etn-daily,2026-06-01,2026-04-20_FMP_Technicals_ETN_daily,,,,Entities,,2026-04-20_FMP_Technicals_ETN_daily,2026-04-20_FMP_Technicals_ETN_daily,entity,,,,,,,,,,,,,,,[],,,Entity
world:entity:2026-04-20-fmp-technicals-evtl-daily,2026-06-01,2026-04-20_FMP_Technicals_EVTL_daily,,,,Entities,,2026-04-20_FMP_Technicals_EVTL_daily,2026-04-20_FMP_Technicals_EVTL_daily,entity,,,,,,,,,,,,,,,[],,,Entity
world:entity:2026-04-20-fmp-technicals-flnc-daily,2026-06-01,2026-04-20_FMP_Technicals_FLNC_daily,,,,Entities,,2026-04-20_FMP_Technicals_FLNC_daily,2026-04-20_FMP_Technicals_FLNC_daily,entity,,,,,,,,,,,,,,,[],,,Entity
world:entity:2026-04-20-fmp-technicals-gd-daily,2026-06-01,2026-04-20_FMP_Technicals_GD_daily,,,,Entities,,2026-04-20_FMP_Technicals_GD_daily,2026-04-20_FMP_Technicals_GD_daily,entity,,,,,,,,,,,,,,,[],,,Entity
world:entity:2026-04-20-fmp-technicals-gev-daily,2026-06-01,2026-04-20_FMP_Technicals_GEV_daily,,,,Entities,,2026-04-20_FMP_Technicals_GEV_daily,2026-04-20_FMP_Technicals_GEV_daily,entity,,,,,,,,,,,,,,,[],,,Entity
world:entity:2026-04-20-fmp-technicals-ghrs-daily,2026-06-01,2026-04-20_FMP_Technicals_GHRS_daily,,,,Entities,,2026-04-20_FMP_Technicals_GHRS_daily,2026-04-20_FMP_Technicals_GHRS_daily,entity,,,,,,,,,,,,,,,[],,,Entity
world:entity:2026-04-20-fmp-technicals-gold-daily,2026-06-01,2026-04-20_FMP_Technicals_GOLD_daily,,,,Entities,,2026-04-20_FMP_Technicals_GOLD_daily,2026-04-20_FMP_Technicals_GOLD_daily,entity,,,,,,,,,,,,,,,[],,,Entity
world:entity:2026-04-20-fmp-technicals-googl-daily,2026-06-01,2026-04-20_FMP_Technicals_GOOGL_daily,,,,Entities,,2026-04-20_FMP_Technicals_GOOGL_daily,2026-04-20_FMP_Technicals_GOOGL_daily,entity,,,,,,,,,,,,,,,[],,,Entity
world:entity:2026-04-20-fmp-technicals-help-daily,2026-06-01,2026-04-20_FMP_Technicals_HELP_daily,,,,Entities,,2026-04-20_FMP_Technicals_HELP_daily,2026-04-20_FMP_Technicals_HELP_daily,entity,,,,,,,,,,,,,,,[],,,Entity
world:entity:2026-04-20-fmp-technicals-hims-daily,2026-06-01,2026-04-20_FMP_Technicals_HIMS_daily,,,,Entities,,2026-04-20_FMP_Technicals_HIMS_daily,2026-04-20_FMP_Technicals_HIMS_daily,entity,,,,,,,,,,,,,,,[],,,Entity
world:entity:2026-04-20-fmp-technicals-hovr-daily,2026-06-01,2026-04-20_FMP_Technicals_HOVR_daily,,,,Entities,,2026-04-20_FMP_Technicals_HOVR_daily,2026-04-20_FMP_Technicals_HOVR_daily,entity,,,,,,,,,,,,,,,[],,,Entity
world:entity:2026-04-20-fmp-technicals-inva-daily,2026-06-01,2026-04-20_FMP_Technicals_INVA_daily,,,,Entities,,2026-04-20_FMP_Technicals_INVA_daily,2026-04-20_FMP_Technicals_INVA_daily,entity,,,,,,,,,,,,,,,[],,,Entity
world:entity:2026-04-20-fmp-technicals-ionq-daily,2026-06-01,2026-04-20_FMP_Technicals_IONQ_daily,,,,Entities,,2026-04-20_FMP_Technicals_IONQ_daily,2026-04-20_FMP_Technicals_IONQ_daily,entity,,,,,,,,,,,,,,,[],,,Entity
world:entity:2026-04-20-fmp-technicals-jnj-daily,2026-06-01,2026-04-20_FMP_Technicals_JNJ_daily,,,,Entities,,2026-04-20_FMP_Technicals_JNJ_daily,2026-04-20_FMP_Technicals_JNJ_daily,entity,,,,,,,,,,,,,,,[],,,Entity
world:entity:2026-04-20-fmp-technicals-joby-daily,2026-06-01,2026-04-20_FMP_Technicals_JOBY_daily,,,,Entities,,2026-04-20_FMP_Technicals_JOBY_daily,2026-04-20_FMP_Technicals_JOBY_daily,entity,,,,,,,,,,,,,,,[],,,Entity
world:entity:2026-04-20-fmp-technicals-klac-daily,2026-06-01,2026-04-20_FMP_Technicals_KLAC_daily,,,,Entities,,2026-04-20_FMP_Technicals_KLAC_daily,2026-04-20_FMP_Technicals_KLAC_daily,entity,,,,,,,,,,,,,,,[],,,Entity
world:entity:2026-04-20-fmp-technicals-ktos-daily,2026-06-01,2026-04-20_FMP_Technicals_KTOS_daily,,,,Entities,,2026-04-20_FMP_Technicals_KTOS_daily,2026-04-20_FMP_Technicals_KTOS_daily,entity,,,,,,,,,,,,,,,[],,,Entity
world:entity:2026-04-20-fmp-technicals-ldos-daily,2026-06-01,2026-04-20_FMP_Technicals_LDOS_daily,,,,Entities,,2026-04-20_FMP_Technicals_LDOS_daily,2026-04-20_FMP_Technicals_LDOS_daily,entity,,,,,,,,,,,,,,,[],,,Entity
world:entity:2026-04-20-fmp-technicals-len-daily,2026-06-01,2026-04-20_FMP_Technicals_LEN_daily,,,,Entities,,2026-04-20_FMP_Technicals_LEN_daily,2026-04-20_FMP_Technicals_LEN_daily,entity,,,,,,,,,,,,,,,[],,,Entity
world:entity:2026-04-20-fmp-technicals-lhx-daily,2026-06-01,2026-04-20_FMP_Technicals_LHX_daily,,,,Entities,,2026-04-20_FMP_Technicals_LHX_daily,2026-04-20_FMP_Technicals_LHX_daily,entity,,,,,,,,,,,,,,,[],,,Entity
world:entity:2026-04-20-fmp-technicals-lly-daily,2026-06-01,2026-04-20_FMP_Technicals_LLY_daily,,,,Entities,,2026-04-20_FMP_Technicals_LLY_daily,2026-04-20_FMP_Technicals_LLY_daily,entity,,,,,,,,,,,,,,,[],,,Entity
world:entity:2026-04-20-fmp-technicals-lmt-daily,2026-06-01,2026-04-20_FMP_Technicals_LMT_daily,,,,Entities,,2026-04-20_FMP_Technicals_LMT_daily,2026-04-20_FMP_Technicals_LMT_daily,entity,,,,,,,,,,,,,,,[],,,Entity
world:entity:2026-04-20-fmp-technicals-lrcx-daily,2026-06-01,2026-04-20_FMP_Technicals_LRCX_daily,,,,Entities,,2026-04-20_FMP_Technicals_LRCX_daily,2026-04-20_FMP_Technicals_LRCX_daily,entity,,,,,,,,,,,,,,,[],,,Entity
world:entity:2026-04-20-fmp-technicals-mnts-daily,2026-06-01,2026-04-20_FMP_Technicals_MNTS_daily,,,,Entities,,2026-04-20_FMP_Technicals_MNTS_daily,2026-04-20_FMP_Technicals_MNTS_daily,entity,,,,,,,,,,,,,,,[],,,Entity
world:entity:2026-04-20-fmp-technicals-mrk-daily,2026-06-01,2026-04-20_FMP_Technicals_MRK_daily,,,,Entities,,2026-04-20_FMP_Technicals_MRK_daily,2026-04-20_FMP_Technicals_MRK_daily,entity,,,,,,,,,,,,,,,[],,,Entity
world:entity:2026-04-20-fmp-technicals-msft-daily,2026-06-01,2026-04-20_FMP_Technicals_MSFT_daily,,,,Entities,,2026-04-20_FMP_Technicals_MSFT_daily,2026-04-20_FMP_Technicals_MSFT_daily,entity,,,,,,,,,,,,,,,[],,,Entity
world:entity:2026-04-20-fmp-technicals-mstr-daily,2026-06-01,2026-04-20_FMP_Technicals_MSTR_daily,,,,Entities,,2026-04-20_FMP_Technicals_MSTR_daily,2026-04-20_FMP_Technicals_MSTR_daily,entity,,,,,,,,,,,,,,,[],,,Entity
world:entity:2026-04-20-fmp-technicals-nbix-daily,2026-06-01,2026-04-20_FMP_Technicals_NBIX_daily,,,,Entities,,2026-04-20_FMP_Technicals_NBIX_daily,2026-04-20_FMP_Technicals_NBIX_daily,entity,,,,,,,,,,,,,,,[],,,Entity
world:entity:2026-04-20-fmp-technicals-nem-daily,2026-06-01,2026-04-20_FMP_Technicals_NEM_daily,,,,Entities,,2026-04-20_FMP_Technicals_NEM_daily,2026-04-20_FMP_Technicals_NEM_daily,entity,,,,,,,,,,,,,,,[],,,Entity
world:entity:2026-04-20-fmp-technicals-nne-daily,2026-06-01,2026-04-20_FMP_Technicals_NNE_daily,,,,Entities,,2026-04-20_FMP_Technicals_NNE_daily,2026-04-20_FMP_Technicals_NNE_daily,entity,,,,,,,,,,,,,,,[],,,Entity
world:entity:2026-04-20-fmp-technicals-noc-daily,2026-06-01,2026-04-20_FMP_Technicals_NOC_daily,,,,Entities,,2026-04-20_FMP_Technicals_NOC_daily,2026-04-20_FMP_Technicals_NOC_daily,entity,,,,,,,,,,,,,,,[],,,Entity
world:entity:2026-04-20-fmp-technicals-nrg-daily,2026-06-01,2026-04-20_FMP_Technicals_NRG_daily,,,,Entities,,2026-04-20_FMP_Technicals_NRG_daily,2026-04-20_FMP_Technicals_NRG_daily,entity,,,,,,,,,,,,,,,[],,,Entity
world:entity:2026-04-20-fmp-technicals-ntla-daily,2026-06-01,2026-04-20_FMP_Technicals_NTLA_daily,,,,Entities,,2026-04-20_FMP_Technicals_NTLA_daily,2026-04-20_FMP_Technicals_NTLA_daily,entity,,,,,,,,,,,,,,,[],,,Entity
world:entity:2026-04-20-fmp-technicals-nvda-daily,2026-06-01,2026-04-20_FMP_Technicals_NVDA_daily,,,,Entities,,2026-04-20_FMP_Technicals_NVDA_daily,2026-04-20_FMP_Technicals_NVDA_daily,entity,,,,,,,,,,,,,,,[],,,Entity
world:entity:2026-04-20-fmp-technicals-nvr-daily,2026-06-01,2026-04-20_FMP_Technicals_NVR_daily,,,,Entities,,2026-04-20_FMP_Technicals_NVR_daily,2026-04-20_FMP_Technicals_NVR_daily,entity,,,,,,,,,,,,,,,[],,,Entity
world:entity:2026-04-20-fmp-technicals-oklo-daily,2026-06-01,2026-04-20_FMP_Technicals_OKLO_daily,,,,Entities,,2026-04-20_FMP_Technicals_OKLO_daily,2026-04-20_FMP_Technicals_OKLO_daily,entity,,,,,,,,,,,,,,,[],,,Entity
world:entity:2026-04-20-fmp-technicals-on-daily,2026-06-01,2026-04-20_FMP_Technicals_ON_daily,,,,Entities,,2026-04-20_FMP_Technicals_ON_daily,2026-04-20_FMP_Technicals_ON_daily,entity,,,,,,,,,,,,,,,[],,,Entity
world:entity:2026-04-20-fmp-technicals-onds-daily,2026-06-01,2026-04-20_FMP_Technicals_ONDS_daily,,,,Entities,,2026-04-20_FMP_Technicals_ONDS_daily,2026-04-20_FMP_Technicals_ONDS_daily,entity,,,,,,,,,,,,,,,[],,,Entity
world:entity:2026-04-20-fmp-technicals-onto-daily,2026-06-01,2026-04-20_FMP_Technicals_ONTO_daily,,,,Entities,,2026-04-20_FMP_Technicals_ONTO_daily,2026-04-20_FMP_Technicals_ONTO_daily,entity,,,,,,,,,,,,,,,[],,,Entity
world:entity:2026-04-20-fmp-technicals-pfe-daily,2026-06-01,2026-04-20_FMP_Technicals_PFE_daily,,,,Entities,,2026-04-20_FMP_Technicals_PFE_daily,2026-04-20_FMP_Technicals_PFE_daily,entity,,,,,,,,,,,,,,,[],,,Entity
world:entity:2026-04-20-fmp-technicals-pl-daily,2026-06-01,2026-04-20_FMP_Technicals_PL_daily,,,,Entities,,2026-04-20_FMP_Technicals_PL_daily,2026-04-20_FMP_Technicals_PL_daily,entity,,,,,,,,,,,,,,,[],,,Entity
world:entity:2026-04-20-fmp-technicals-pltr-daily,2026-06-01,2026-04-20_FMP_Technicals_PLTR_daily,,,,Entities,,2026-04-20_FMP_Technicals_PLTR_daily,2026-04-20_FMP_Technicals_PLTR_daily,entity,,,,,,,,,,,,,,,[],,,Entity
world:entity:2026-04-20-fmp-technicals-prta-daily,2026-06-01,2026-04-20_FMP_Technicals_PRTA_daily,,,,Entities,,2026-04-20_FMP_Technicals_PRTA_daily,2026-04-20_FMP_Technicals_PRTA_daily,entity,,,,,,,,,,,,,,,[],,,Entity
world:entity:2026-04-20-fmp-technicals-psil-daily,2026-06-01,2026-04-20_FMP_Technicals_PSIL_daily,,,,Entities,,2026-04-20_FMP_Technicals_PSIL_daily,2026-04-20_FMP_Technicals_PSIL_daily,entity,,,,,,,,,,,,,,,[],,,Entity
world:entity:2026-04-20-fmp-technicals-qubt-daily,2026-06-01,2026-04-20_FMP_Technicals_QUBT_daily,,,,Entities,,2026-04-20_FMP_Technicals_QUBT_daily,2026-04-20_FMP_Technicals_QUBT_daily,entity,,,,,,,,,,,,,,,[],,,Entity
world:entity:2026-04-20-fmp-technicals-rcat-daily,2026-06-01,2026-04-20_FMP_Technicals_RCAT_daily,,,,Entities,,2026-04-20_FMP_Technicals_RCAT_daily,2026-04-20_FMP_Technicals_RCAT_daily,entity,,,,,,,,,,,,,,,[],,,Entity
world:entity:2026-04-20-fmp-technicals-rgti-daily,2026-06-01,2026-04-20_FMP_Technicals_RGTI_daily,,,,Entities,,2026-04-20_FMP_Technicals_RGTI_daily,2026-04-20_FMP_Technicals_RGTI_daily,entity,,,,,,,,,,,,,,,[],,,Entity
world:entity:2026-04-20-fmp-technicals-rklb-daily,2026-06-01,2026-04-20_FMP_Technicals_RKLB_daily,,,,Entities,,2026-04-20_FMP_Technicals_RKLB_daily,2026-04-20_FMP_Technicals_RKLB_daily,entity,,,,,,,,,,,,,,,[],,,Entity
world:entity:2026-04-20-fmp-technicals-rprx-daily,2026-06-01,2026-04-20_FMP_Technicals_RPRX_daily,,,,Entities,,2026-04-20_FMP_Technicals_RPRX_daily,2026-04-20_FMP_Technicals_RPRX_daily,entity,,,,,,,,,,,,,,,[],,,Entity
world:entity:2026-04-20-fmp-technicals-rtx-daily,2026-06-01,2026-04-20_FMP_Technicals_RTX_daily,,,,Entities,,2026-04-20_FMP_Technicals_RTX_daily,2026-04-20_FMP_Technicals_RTX_daily,entity,,,,,,,,,,,,,,,[],,,Entity
world:entity:2026-04-20-fmp-technicals-saic-daily,2026-06-01,2026-04-20_FMP_Technicals_SAIC_daily,,,,Entities,,2026-04-20_FMP_Technicals_SAIC_daily,2026-04-20_FMP_Technicals_SAIC_daily,entity,,,,,,,,,,,,,,,[],,,Entity
world:entity:2026-04-20-fmp-technicals-sky-daily,2026-06-01,2026-04-20_FMP_Technicals_SKY_daily,,,,Entities,,2026-04-20_FMP_Technicals_SKY_daily,2026-04-20_FMP_Technicals_SKY_daily,entity,,,,,,,,,,,,,,,[],,,Entity
world:entity:2026-04-20-fmp-technicals-smr-daily,2026-06-01,2026-04-20_FMP_Technicals_SMR_daily,,,,Entities,,2026-04-20_FMP_Technicals_SMR_daily,2026-04-20_FMP_Technicals_SMR_daily,entity,,,,,,,,,,,,,,,[],,,Entity
world:entity:2026-04-20-fmp-technicals-spir-daily,2026-06-01,2026-04-20_FMP_Technicals_SPIR_daily,,,,Entities,,2026-04-20_FMP_Technicals_SPIR_daily,2026-04-20_FMP_Technicals_SPIR_daily,entity,,,,,,,,,,,,,,,[],,,Entity
world:entity:2026-04-20-fmp-technicals-spro-daily,2026-06-01,2026-04-20_FMP_Technicals_SPRO_daily,,,,Entities,,2026-04-20_FMP_Technicals_SPRO_daily,2026-04-20_FMP_Technicals_SPRO_daily,entity,,,,,,,,,,,,,,,[],,,Entity
world:entity:2026-04-20-fmp-technicals-stem-daily,2026-06-01,2026-04-20_FMP_Technicals_STEM_daily,,,,Entities,,2026-04-20_FMP_Technicals_STEM_daily,2026-04-20_FMP_Technicals_STEM_daily,entity,,,,,,,,,,,,,,,[],,,Entity
world:entity:2026-04-20-fmp-technicals-strl-daily,2026-06-01,2026-04-20_FMP_Technicals_STRL_daily,,,,Entities,,2026-04-20_FMP_Technicals_STRL_daily,2026-04-20_FMP_Technicals_STRL_daily,entity,,,,,,,,,,,,,,,[],,,Entity
world:entity:2026-04-20-fmp-technicals-tdy-daily,2026-06-01,2026-04-20_FMP_Technicals_TDY_daily,,,,Entities,,2026-04-20_FMP_Technicals_TDY_daily,2026-04-20_FMP_Technicals_TDY_daily,entity,,,,,,,,,,,,,,,[],,,Entity
world:entity:2026-04-20-fmp-technicals-tmhc-daily,2026-06-01,2026-04-20_FMP_Technicals_TMHC_daily,,,,Entities,,2026-04-20_FMP_Technicals_TMHC_daily,2026-04-20_FMP_Technicals_TMHC_daily,entity,,,,,,,,,,,,,,,[],,,Entity
world:entity:2026-04-20-fmp-technicals-tol-daily,2026-06-01,2026-04-20_FMP_Technicals_TOL_daily,,,,Entities,,2026-04-20_FMP_Technicals_TOL_daily,2026-04-20_FMP_Technicals_TOL_daily,entity,,,,,,,,,,,,,,,[],,,Entity
world:entity:2026-04-20-fmp-technicals-tsla-daily,2026-06-01,2026-04-20_FMP_Technicals_TSLA_daily,,,,Entities,,2026-04-20_FMP_Technicals_TSLA_daily,2026-04-20_FMP_Technicals_TSLA_daily,entity,,,,,,,,,,,,,,,[],,,Entity
world:entity:2026-04-20-fmp-technicals-txt-daily,2026-06-01,2026-04-20_FMP_Technicals_TXT_daily,,,,Entities,,2026-04-20_FMP_Technicals_TXT_daily,2026-04-20_FMP_Technicals_TXT_daily,entity,,,,,,,,,,,,,,,[],,,Entity
world:entity:2026-04-20-fmp-technicals-umac-daily,2026-06-01,2026-04-20_FMP_Technicals_UMAC_daily,,,,Entities,,2026-04-20_FMP_Technicals_UMAC_daily,2026-04-20_FMP_Technicals_UMAC_daily,entity,,,,,,,,,,,,,,,[],,,Entity
world:entity:2026-04-20-fmp-technicals-unty-daily,2026-06-01,2026-04-20_FMP_Technicals_UNTY_daily,,,,Entities,,2026-04-20_FMP_Technicals_UNTY_daily,2026-04-20_FMP_Technicals_UNTY_daily,entity,,,,,,,,,,,,,,,[],,,Entity
world:entity:2026-04-20-fmp-technicals-vktx-daily,2026-06-01,2026-04-20_FMP_Technicals_VKTX_daily,,,,Entities,,2026-04-20_FMP_Technicals_VKTX_daily,2026-04-20_FMP_Technicals_VKTX_daily,entity,,,,,,,,,,,,,,,[],,,Entity
world:entity:2026-04-20-fmp-technicals-vst-daily,2026-06-01,2026-04-20_FMP_Technicals_VST_daily,,,,Entities,,2026-04-20_FMP_Technicals_VST_daily,2026-04-20_FMP_Technicals_VST_daily,entity,,,,,,,,,,,,,,,[],,,Entity
world:entity:2026-04-20-fmp-technicals-wolf-daily,2026-06-01,2026-04-20_FMP_Technicals_WOLF_daily,,,,Entities,,2026-04-20_FMP_Technicals_WOLF_daily,2026-04-20_FMP_Technicals_WOLF_daily,entity,,,,,,,,,,,,,,,[],,,Entity
world:entity:2026-04-20-fmp-technicals-wpm-daily,2026-06-01,2026-04-20_FMP_Technicals_WPM_daily,,,,Entities,,2026-04-20_FMP_Technicals_WPM_daily,2026-04-20_FMP_Technicals_WPM_daily,entity,,,,,,,,,,,,,,,[],,,Entity
world:entity:2026-04-20-fmp-technicals-xoma-daily,2026-06-01,2026-04-20_FMP_Technicals_XOMA_daily,,,,Entities,,2026-04-20_FMP_Technicals_XOMA_daily,2026-04-20_FMP_Technicals_XOMA_daily,entity,,,,,,,,,,,,,,,[],,,Entity
world:entity:2026-04-23-aerospace-defense-sector,2026-06-01,2026-04-23_Aerospace_&_Defense_Sector,,,,Entities,,2026-04-23_Aerospace_&_Defense_Sector,2026-04-23_Aerospace_&_Defense_Sector,entity,,,,,,,,,,,,,,,[],,,Entity
world:entity:2026-04-23-catalyst-aapl,2026-06-01,2026-04-23_Catalyst_AAPL,,,,Entities,,2026-04-23_Catalyst_AAPL,2026-04-23_Catalyst_AAPL,entity,,,,,,,,,,,,,,,[],,,Entity
world:entity:2026-04-23-catalyst-abbv,2026-06-01,2026-04-23_Catalyst_ABBV,,,,Entities,,2026-04-23_Catalyst_ABBV,2026-04-23_Catalyst_ABBV,entity,,,,,,,,,,,,,,,[],,,Entity
world:entity:2026-04-23-catalyst-abt,2026-06-01,2026-04-23_Catalyst_ABT,,,,Entities,,2026-04-23_Catalyst_ABT,2026-04-23_Catalyst_ABT,entity,,,,,,,,,,,,,,,[],,,Entity
world:entity:2026-04-23-catalyst-acad,2026-06-01,2026-04-23_Catalyst_ACAD,,,,Entities,,2026-04-23_Catalyst_ACAD,2026-04-23_Catalyst_ACAD,entity,,,,,,,,,,,,,,,[],,,Entity
world:entity:2026-04-23-catalyst-achr,2026-06-01,2026-04-23_Catalyst_ACHR,,,,Entities,,2026-04-23_Catalyst_ACHR,2026-04-23_Catalyst_ACHR,entity,,,,,,,,,,,,,,,[],,,Entity
world:entity:2026-04-23-catalyst-adbe,2026-06-01,2026-04-23_Catalyst_ADBE,,,,Entities,,2026-04-23_Catalyst_ADBE,2026-04-23_Catalyst_ADBE,entity,,,,,,,,,,,,,,,[],,,Entity
world:entity:2026-04-23-catalyst-aep,2026-06-01,2026-04-23_Catalyst_AEP,,,,Entities,,2026-04-23_Catalyst_AEP,2026-04-23_Catalyst_AEP,entity,,,,,,,,,,,,,,,[],,,Entity
world:entity:2026-04-23-catalyst-airo,2026-06-01,2026-04-23_Catalyst_AIRO,,,,Entities,,2026-04-23_Catalyst_AIRO,2026-04-23_Catalyst_AIRO,entity,,,,,,,,,,,,,,,[],,,Entity
world:entity:2026-04-23-catalyst-alb,2026-06-01,2026-04-23_Catalyst_ALB,,,,Entities,,2026-04-23_Catalyst_ALB,2026-04-23_Catalyst_ALB,entity,,,,,,,,,,,,,,,[],,,Entity
world:entity:2026-04-23-catalyst-alks,2026-06-01,2026-04-23_Catalyst_ALKS,,,,Entities,,2026-04-23_Catalyst_ALKS,2026-04-23_Catalyst_ALKS,entity,,,,,,,,,,,,,,,[],,,Entity
world:entity:2026-04-23-catalyst-alvo,2026-06-01,2026-04-23_Catalyst_ALVO,,,,Entities,,2026-04-23_Catalyst_ALVO,2026-04-23_Catalyst_ALVO,entity,,,,,,,,,,,,,,,[],,,Entity
world:entity:2026-04-23-catalyst-amat,2026-06-01,2026-04-23_Catalyst_AMAT,,,,Entities,,2026-04-23_Catalyst_AMAT,2026-04-23_Catalyst_AMAT,entity,,,,,,,,,,,,,,,[],,,Entity
world:entity:2026-04-23-catalyst-amd,2026-06-01,2026-04-23_Catalyst_AMD,,,,Entities,,2026-04-23_Catalyst_AMD,2026-04-23_Catalyst_AMD,entity,,,,,,,,,,,,,,,[],,,Entity
world:entity:2026-04-23-catalyst-amgn,2026-06-01,2026-04-23_Catalyst_AMGN,,,,Entities,,2026-04-23_Catalyst_AMGN,2026-04-23_Catalyst_AMGN,entity,,,,,,,,,,,,,,,[],,,Entity
world:entity:2026-04-23-catalyst-amt,2026-06-01,2026-04-23_Catalyst_AMT,,,,Entities,,2026-04-23_Catalyst_AMT,2026-04-23_Catalyst_AMT,entity,,,,,,,,,,,,,,,[],,,Entity
world:entity:2026-04-23-catalyst-amzn,2026-06-01,2026-04-23_Catalyst_AMZN,,,,Entities,,2026-04-23_Catalyst_AMZN,2026-04-23_Catalyst_AMZN,entity,,,,,,,,,,,,,,,[],,,Entity
world:entity:2026-04-23-catalyst-apd,2026-06-01,2026-04-23_Catalyst_APD,,,,Entities,,2026-04-23_Catalyst_APD,2026-04-23_Catalyst_APD,entity,,,,,,,,,,,,,,,[],,,Entity
world:entity:2026-04-23-catalyst-atai,2026-06-01,2026-04-23_Catalyst_ATAI,,,,Entities,,2026-04-23_Catalyst_ATAI,2026-04-23_Catalyst_ATAI,entity,,,,,,,,,,,,,,,[],,,Entity
world:entity:2026-04-23-catalyst-avav,2026-06-01,2026-04-23_Catalyst_AVAV,,,,Entities,,2026-04-23_Catalyst_AVAV,2026-04-23_Catalyst_AVAV,entity,,,,,,,,,,,,,,,[],,,Entity
world:entity:2026-04-23-catalyst-avb,2026-06-01,2026-04-23_Catalyst_AVB,,,,Entities,,2026-04-23_Catalyst_AVB,2026-04-23_Catalyst_AVB,entity,,,,,,,,,,,,,,,[],,,Entity
world:entity:2026-04-23-catalyst-avgo,2026-06-01,2026-04-23_Catalyst_AVGO,,,,Entities,,2026-04-23_Catalyst_AVGO,2026-04-23_Catalyst_AVGO,entity,,,,,,,,,,,,,,,[],,,Entity
world:entity:2026-04-23-catalyst-axon,2026-06-01,2026-04-23_Catalyst_AXON,,,,Entities,,2026-04-23_Catalyst_AXON,2026-04-23_Catalyst_AXON,entity,,,,,,,,,,,,,,,[],,,Entity
world:entity:2026-04-23-catalyst-axp,2026-06-01,2026-04-23_Catalyst_AXP,,,,Entities,,2026-04-23_Catalyst_AXP,2026-04-23_Catalyst_AXP,entity,,,,,,,,,,,,,,,[],,,Entity
world:entity:2026-04-23-catalyst-bah,2026-06-01,2026-04-23_Catalyst_BAH,,,,Entities,,2026-04-23_Catalyst_BAH,2026-04-23_Catalyst_BAH,entity,,,,,,,,,,,,,,,[],,,Entity
world:entity:2026-04-23-catalyst-bbai,2026-06-01,2026-04-23_Catalyst_BBAI,,,,Entities,,2026-04-23_Catalyst_BBAI,2026-04-23_Catalyst_BBAI,entity,,,,,,,,,,,,,,,[],,,Entity
world:entity:2026-04-23-catalyst-beam,2026-06-01,2026-04-23_Catalyst_BEAM,,,,Entities,,2026-04-23_Catalyst_BEAM,2026-04-23_Catalyst_BEAM,entity,,,,,,,,,,,,,,,[],,,Entity
world:entity:2026-04-23-catalyst-biib,2026-06-01,2026-04-23_Catalyst_BIIB,,,,Entities,,2026-04-23_Catalyst_BIIB,2026-04-23_Catalyst_BIIB,entity,,,,,,,,,,,,,,,[],,,Entity
world:entity:2026-04-23-catalyst-bkng,2026-06-01,2026-04-23_Catalyst_BKNG,,,,Entities,,2026-04-23_Catalyst_BKNG,2026-04-23_Catalyst_BKNG,entity,,,,,,,,,,,,,,,[],,,Entity
world:entity:2026-04-23-catalyst-bksy,2026-06-01,2026-04-23_Catalyst_BKSY,,,,Entities,,2026-04-23_Catalyst_BKSY,2026-04-23_Catalyst_BKSY,entity,,,,,,,,,,,,,,,[],,,Entity
world:entity:2026-04-23-catalyst-blk,2026-06-01,2026-04-23_Catalyst_BLK,,,,Entities,,2026-04-23_Catalyst_BLK,2026-04-23_Catalyst_BLK,entity,,,,,,,,,,,,,,,[],,,Entity
world:entity:2026-04-23-catalyst-brk-b,2026-06-01,2026-04-23_Catalyst_BRK_B,,,,Entities,,2026-04-23_Catalyst_BRK_B,2026-04-23_Catalyst_BRK_B,entity,,,,,,,,,,,,,,,[],,,Entity
world:entity:2026-04-23-catalyst-caci,2026-06-01,2026-04-23_Catalyst_CACI,,,,Entities,,2026-04-23_Catalyst_CACI,2026-04-23_Catalyst_CACI,entity,,,,,,,,,,,,,,,[],,,Entity
world:entity:2026-04-23-catalyst-cat,2026-06-01,2026-04-23_Catalyst_CAT,,,,Entities,,2026-04-23_Catalyst_CAT,2026-04-23_Catalyst_CAT,entity,,,,,,,,,,,,,,,[],,,Entity
world:entity:2026-04-23-catalyst-cci,2026-06-01,2026-04-23_Catalyst_CCI,,,,Entities,,2026-04-23_Catalyst_CCI,2026-04-23_Catalyst_CCI,entity,,,,,,,,,,,,,,,[],,,Entity
world:entity:2026-04-23-catalyst-ccj,2026-06-01,2026-04-23_Catalyst_CCJ,,,,Entities,,2026-04-23_Catalyst_CCJ,2026-04-23_Catalyst_CCJ,entity,,,,,,,,,,,,,,,[],,,Entity
world:entity:2026-04-23-catalyst-ceg,2026-06-01,2026-04-23_Catalyst_CEG,,,,Entities,,2026-04-23_Catalyst_CEG,2026-04-23_Catalyst_CEG,entity,,,,,,,,,,,,,,,[],,,Entity
world:entity:2026-04-23-catalyst-chtr,2026-06-01,2026-04-23_Catalyst_CHTR,,,,Entities,,2026-04-23_Catalyst_CHTR,2026-04-23_Catalyst_CHTR,entity,,,,,,,,,,,,,,,[],,,Entity
world:entity:2026-04-23-catalyst-cl,2026-06-01,2026-04-23_Catalyst_CL,,,,Entities,,2026-04-23_Catalyst_CL,2026-04-23_Catalyst_CL,entity,,,,,,,,,,,,,,,[],,,Entity
world:entity:2026-04-23-catalyst-cmps,2026-06-01,2026-04-23_Catalyst_CMPS,,,,Entities,,2026-04-23_Catalyst_CMPS,2026-04-23_Catalyst_CMPS,entity,,,,,,,,,,,,,,,[],,,Entity
world:entity:2026-04-23-catalyst-coin,2026-06-01,2026-04-23_Catalyst_COIN,,,,Entities,,2026-04-23_Catalyst_COIN,2026-04-23_Catalyst_COIN,entity,,,,,,,,,,,,,,,[],,,Entity
world:entity:2026-04-23-catalyst-cop,2026-06-01,2026-04-23_Catalyst_COP,,,,Entities,,2026-04-23_Catalyst_COP,2026-04-23_Catalyst_COP,entity,,,,,,,,,,,,,,,[],,,Entity
world:entity:2026-04-23-catalyst-crm,2026-06-01,2026-04-23_Catalyst_CRM,,,,Entities,,2026-04-23_Catalyst_CRM,2026-04-23_Catalyst_CRM,entity,,,,,,,,,,,,,,,[],,,Entity
world:entity:2026-04-23-catalyst-crsp,2026-06-01,2026-04-23_Catalyst_CRSP,,,,Entities,,2026-04-23_Catalyst_CRSP,2026-04-23_Catalyst_CRSP,entity,,,,,,,,,,,,,,,[],,,Entity
world:entity:2026-04-23-catalyst-cvx,2026-06-01,2026-04-23_Catalyst_CVX,,,,Entities,,2026-04-23_Catalyst_CVX,2026-04-23_Catalyst_CVX,entity,,,,,,,,,,,,,,,[],,,Entity
world:entity:2026-04-23-catalyst-d,2026-06-01,2026-04-23_Catalyst_D,,,,Entities,,2026-04-23_Catalyst_D,2026-04-23_Catalyst_D,entity,,,,,,,,,,,,,,,[],,,Entity
world:entity:2026-04-23-catalyst-dftx,2026-06-01,2026-04-23_Catalyst_DFTX,,,,Entities,,2026-04-23_Catalyst_DFTX,2026-04-23_Catalyst_DFTX,entity,,,,,,,,,,,,,,,[],,,Entity
world:entity:2026-04-23-catalyst-dhi,2026-06-01,2026-04-23_Catalyst_DHI,,,,Entities,,2026-04-23_Catalyst_DHI,2026-04-23_Catalyst_DHI,entity,,,,,,,,,,,,,,,[],,,Entity
world:entity:2026-04-23-catalyst-dhr,2026-06-01,2026-04-23_Catalyst_DHR,,,,Entities,,2026-04-23_Catalyst_DHR,2026-04-23_Catalyst_DHR,entity,,,,,,,,,,,,,,,[],,,Entity
world:entity:2026-04-23-catalyst-dis,2026-06-01,2026-04-23_Catalyst_DIS,,,,Entities,,2026-04-23_Catalyst_DIS,2026-04-23_Catalyst_DIS,entity,,,,,,,,,,,,,,,[],,,Entity
world:entity:2026-04-23-catalyst-dlr,2026-06-01,2026-04-23_Catalyst_DLR,,,,Entities,,2026-04-23_Catalyst_DLR,2026-04-23_Catalyst_DLR,entity,,,,,,,,,,,,,,,[],,,Entity
world:entity:2026-04-23-catalyst-dpro,2026-06-01,2026-04-23_Catalyst_DPRO,,,,Entities,,2026-04-23_Catalyst_DPRO,2026-04-23_Catalyst_DPRO,entity,,,,,,,,,,,,,,,[],,,Entity
world:entity:2026-04-23-catalyst-duk,2026-06-01,2026-04-23_Catalyst_DUK,,,,Entities,,2026-04-23_Catalyst_DUK,2026-04-23_Catalyst_DUK,entity,,,,,,,,,,,,,,,[],,,Entity
world:entity:2026-04-23-catalyst-dvn,2026-06-01,2026-04-23_Catalyst_DVN,,,,Entities,,2026-04-23_Catalyst_DVN,2026-04-23_Catalyst_DVN,entity,,,,,,,,,,,,,,,[],,,Entity
world:entity:2026-04-23-catalyst-ea,2026-06-01,2026-04-23_Catalyst_EA,,,,Entities,,2026-04-23_Catalyst_EA,2026-04-23_Catalyst_EA,entity,,,,,,,,,,,,,,,[],,,Entity
world:entity:2026-04-23-catalyst-ecl,2026-06-01,2026-04-23_Catalyst_ECL,,,,Entities,,2026-04-23_Catalyst_ECL,2026-04-23_Catalyst_ECL,entity,,,,,,,,,,,,,,,[],,,Entity
world:entity:2026-04-23-catalyst-eh,2026-06-01,2026-04-23_Catalyst_EH,,,,Entities,,2026-04-23_Catalyst_EH,2026-04-23_Catalyst_EH,entity,,,,,,,,,,,,,,,[],,,Entity
world:entity:2026-04-23-catalyst-envx,2026-06-01,2026-04-23_Catalyst_ENVX,,,,Entities,,2026-04-23_Catalyst_ENVX,2026-04-23_Catalyst_ENVX,entity,,,,,,,,,,,,,,,[],,,Entity
world:entity:2026-04-23-catalyst-eog,2026-06-01,2026-04-23_Catalyst_EOG,,,,Entities,,2026-04-23_Catalyst_EOG,2026-04-23_Catalyst_EOG,entity,,,,,,,,,,,,,,,[],,,Entity
world:entity:2026-04-23-catalyst-eqix,2026-06-01,2026-04-23_Catalyst_EQIX,,,,Entities,,2026-04-23_Catalyst_EQIX,2026-04-23_Catalyst_EQIX,entity,,,,,,,,,,,,,,,[],,,Entity
world:entity:2026-04-23-catalyst-etn,2026-06-01,2026-04-23_Catalyst_ETN,,,,Entities,,2026-04-23_Catalyst_ETN,2026-04-23_Catalyst_ETN,entity,,,,,,,,,,,,,,,[],,,Entity
world:entity:2026-04-23-catalyst-evtl,2026-06-01,2026-04-23_Catalyst_EVTL,,,,Entities,,2026-04-23_Catalyst_EVTL,2026-04-23_Catalyst_EVTL,entity,,,,,,,,,,,,,,,[],,,Entity
world:entity:2026-04-23-catalyst-exc,2026-06-01,2026-04-23_Catalyst_EXC,,,,Entities,,2026-04-23_Catalyst_EXC,2026-04-23_Catalyst_EXC,entity,,,,,,,,,,,,,,,[],,,Entity
world:entity:2026-04-23-catalyst-flnc,2026-06-01,2026-04-23_Catalyst_FLNC,,,,Entities,,2026-04-23_Catalyst_FLNC,2026-04-23_Catalyst_FLNC,entity,,,,,,,,,,,,,,,[],,,Entity
world:entity:2026-04-23-catalyst-gd,2026-06-01,2026-04-23_Catalyst_GD,,,,Entities,,2026-04-23_Catalyst_GD,2026-04-23_Catalyst_GD,entity,,,,,,,,,,,,,,,[],,,Entity
world:entity:2026-04-23-catalyst-ge,2026-06-01,2026-04-23_Catalyst_GE,,,,Entities,,2026-04-23_Catalyst_GE,2026-04-23_Catalyst_GE,entity,,,,,,,,,,,,,,,[],,,Entity
world:entity:2026-04-23-catalyst-gev,2026-06-01,2026-04-23_Catalyst_GEV,,,,Entities,,2026-04-23_Catalyst_GEV,2026-04-23_Catalyst_GEV,entity,,,,,,,,,,,,,,,[],,,Entity
world:entity:2026-04-23-catalyst-ghrs,2026-06-01,2026-04-23_Catalyst_GHRS,,,,Entities,,2026-04-23_Catalyst_GHRS,2026-04-23_Catalyst_GHRS,entity,,,,,,,,,,,,,,,[],,,Entity
world:entity:2026-04-23-catalyst-gis,2026-06-01,2026-04-23_Catalyst_GIS,,,,Entities,,2026-04-23_Catalyst_GIS,2026-04-23_Catalyst_GIS,entity,,,,,,,,,,,,,,,[],,,Entity
world:entity:2026-04-23-catalyst-gold,2026-06-01,2026-04-23_Catalyst_GOLD,,,,Entities,,2026-04-23_Catalyst_GOLD,2026-04-23_Catalyst_GOLD,entity,,,,,,,,,,,,,,,[],,,Entity
world:entity:2026-04-23-catalyst-googl,2026-06-01,2026-04-23_Catalyst_GOOGL,,,,Entities,,2026-04-23_Catalyst_GOOGL,2026-04-23_Catalyst_GOOGL,entity,,,,,,,,,,,,,,,[],,,Entity
world:entity:2026-04-23-catalyst-hd,2026-06-01,2026-04-23_Catalyst_HD,,,,Entities,,2026-04-23_Catalyst_HD,2026-04-23_Catalyst_HD,entity,,,,,,,,,,,,,,,[],,,Entity
world:entity:2026-04-23-catalyst-hii,2026-06-01,2026-04-23_Catalyst_HII,,,,Entities,,2026-04-23_Catalyst_HII,2026-04-23_Catalyst_HII,entity,,,,,,,,,,,,,,,[],,,Entity
world:entity:2026-04-23-catalyst-hims,2026-06-01,2026-04-23_Catalyst_HIMS,,,,Entities,,2026-04-23_Catalyst_HIMS,2026-04-23_Catalyst_HIMS,entity,,,,,,,,,,,,,,,[],,,Entity
world:entity:2026-04-23-catalyst-hon,2026-06-01,2026-04-23_Catalyst_HON,,,,Entities,,2026-04-23_Catalyst_HON,2026-04-23_Catalyst_HON,entity,,,,,,,,,,,,,,,[],,,Entity
world:entity:2026-04-23-catalyst-hovr,2026-06-01,2026-04-23_Catalyst_HOVR,,,,Entities,,2026-04-23_Catalyst_HOVR,2026-04-23_Catalyst_HOVR,entity,,,,,,,,,,,,,,,[],,,Entity
world:entity:2026-04-23-catalyst-inva,2026-06-01,2026-04-23_Catalyst_INVA,,,,Entities,,2026-04-23_Catalyst_INVA,2026-04-23_Catalyst_INVA,entity,,,,,,,,,,,,,,,[],,,Entity
world:entity:2026-04-23-catalyst-ionq,2026-06-01,2026-04-23_Catalyst_IONQ,,,,Entities,,2026-04-23_Catalyst_IONQ,2026-04-23_Catalyst_IONQ,entity,,,,,,,,,,,,,,,[],,,Entity
world:entity:2026-04-23-catalyst-isrg,2026-06-01,2026-04-23_Catalyst_ISRG,,,,Entities,,2026-04-23_Catalyst_ISRG,2026-04-23_Catalyst_ISRG,entity,,,,,,,,,,,,,,,[],,,Entity
world:entity:2026-04-23-catalyst-jnj,2026-06-01,2026-04-23_Catalyst_JNJ,,,,Entities,,2026-04-23_Catalyst_JNJ,2026-04-23_Catalyst_JNJ,entity,,,,,,,,,,,,,,,[],,,Entity
world:entity:2026-04-23-catalyst-joby,2026-06-01,2026-04-23_Catalyst_JOBY,,,,Entities,,2026-04-23_Catalyst_JOBY,2026-04-23_Catalyst_JOBY,entity,,,,,,,,,,,,,,,[],,,Entity
world:entity:2026-04-23-catalyst-klac,2026-06-01,2026-04-23_Catalyst_KLAC,,,,Entities,,2026-04-23_Catalyst_KLAC,2026-04-23_Catalyst_KLAC,entity,,,,,,,,,,,,,,,[],,,Entity
world:entity:2026-04-23-catalyst-kmb,2026-06-01,2026-04-23_Catalyst_KMB,,,,Entities,,2026-04-23_Catalyst_KMB,2026-04-23_Catalyst_KMB,entity,,,,,,,,,,,,,,,[],,,Entity
world:entity:2026-04-23-catalyst-ktos,2026-06-01,2026-04-23_Catalyst_KTOS,,,,Entities,,2026-04-23_Catalyst_KTOS,2026-04-23_Catalyst_KTOS,entity,,,,,,,,,,,,,,,[],,,Entity
world:entity:2026-04-23-catalyst-ldos,2026-06-01,2026-04-23_Catalyst_LDOS,,,,Entities,,2026-04-23_Catalyst_LDOS,2026-04-23_Catalyst_LDOS,entity,,,,,,,,,,,,,,,[],,,Entity
world:entity:2026-04-23-catalyst-len,2026-06-01,2026-04-23_Catalyst_LEN,,,,Entities,,2026-04-23_Catalyst_LEN,2026-04-23_Catalyst_LEN,entity,,,,,,,,,,,,,,,[],,,Entity
world:entity:2026-04-23-catalyst-lhx,2026-06-01,2026-04-23_Catalyst_LHX,,,,Entities,,2026-04-23_Catalyst_LHX,2026-04-23_Catalyst_LHX,entity,,,,,,,,,,,,,,,[],,,Entity
world:entity:2026-04-23-catalyst-lin,2026-06-01,2026-04-23_Catalyst_LIN,,,,Entities,,2026-04-23_Catalyst_LIN,2026-04-23_Catalyst_LIN,entity,,,,,,,,,,,,,,,[],,,Entity
world:entity:2026-04-23-catalyst-lly,2026-06-01,2026-04-23_Catalyst_LLY,,,,Entities,,2026-04-23_Catalyst_LLY,2026-04-23_Catalyst_LLY,entity,,,,,,,,,,,,,,,[],,,Entity
world:entity:2026-04-23-catalyst-lmt,2026-06-01,2026-04-23_Catalyst_LMT,,,,Entities,,2026-04-23_Catalyst_LMT,2026-04-23_Catalyst_LMT,entity,,,,,,,,,,,,,,,[],,,Entity
world:entity:2026-04-23-catalyst-low,2026-06-01,2026-04-23_Catalyst_LOW,,,,Entities,,2026-04-23_Catalyst_LOW,2026-04-23_Catalyst_LOW,entity,,,,,,,,,,,,,,,[],,,Entity
world:entity:2026-04-23-catalyst-lrcx,2026-06-01,2026-04-23_Catalyst_LRCX,,,,Entities,,2026-04-23_Catalyst_LRCX,2026-04-23_Catalyst_LRCX,entity,,,,,,,,,,,,,,,[],,,Entity
world:entity:2026-04-23-catalyst-ma,2026-06-01,2026-04-23_Catalyst_MA,,,,Entities,,2026-04-23_Catalyst_MA,2026-04-23_Catalyst_MA,entity,,,,,,,,,,,,,,,[],,,Entity
world:entity:2026-04-23-catalyst-mcd,2026-06-01,2026-04-23_Catalyst_MCD,,,,Entities,,2026-04-23_Catalyst_MCD,2026-04-23_Catalyst_MCD,entity,,,,,,,,,,,,,,,[],,,Entity
world:entity:2026-04-23-catalyst-meta,2026-06-01,2026-04-23_Catalyst_META,,,,Entities,,2026-04-23_Catalyst_META,2026-04-23_Catalyst_META,entity,,,,,,,,,,,,,,,[],,,Entity
world:entity:2026-04-23-catalyst-mmm,2026-06-01,2026-04-23_Catalyst_MMM,,,,Entities,,2026-04-23_Catalyst_MMM,2026-04-23_Catalyst_MMM,entity,,,,,,,,,,,,,,,[],,,Entity
world:entity:2026-04-23-catalyst-mnts,2026-06-01,2026-04-23_Catalyst_MNTS,,,,Entities,,2026-04-23_Catalyst_MNTS,2026-04-23_Catalyst_MNTS,entity,,,,,,,,,,,,,,,[],,,Entity
world:entity:2026-04-23-catalyst-mo,2026-06-01,2026-04-23_Catalyst_MO,,,,Entities,,2026-04-23_Catalyst_MO,2026-04-23_Catalyst_MO,entity,,,,,,,,,,,,,,,[],,,Entity
world:entity:2026-04-23-catalyst-mos,2026-06-01,2026-04-23_Catalyst_MOS,,,,Entities,,2026-04-23_Catalyst_MOS,2026-04-23_Catalyst_MOS,entity,,,,,,,,,,,,,,,[],,,Entity
world:entity:2026-04-23-catalyst-mpc,2026-06-01,2026-04-23_Catalyst_MPC,,,,Entities,,2026-04-23_Catalyst_MPC,2026-04-23_Catalyst_MPC,entity,,,,,,,,,,,,,,,[],,,Entity
world:entity:2026-04-23-catalyst-mrk,2026-06-01,2026-04-23_Catalyst_MRK,,,,Entities,,2026-04-23_Catalyst_MRK,2026-04-23_Catalyst_MRK,entity,,,,,,,,,,,,,,,[],,,Entity
world:entity:2026-04-23-catalyst-msft,2026-06-01,2026-04-23_Catalyst_MSFT,,,,Entities,,2026-04-23_Catalyst_MSFT,2026-04-23_Catalyst_MSFT,entity,,,,,,,,,,,,,,,[],,,Entity
world:entity:2026-04-23-catalyst-mstr,2026-06-01,2026-04-23_Catalyst_MSTR,,,,Entities,,2026-04-23_Catalyst_MSTR,2026-04-23_Catalyst_MSTR,entity,,,,,,,,,,,,,,,[],,,Entity
world:entity:2026-04-23-catalyst-nbix,2026-06-01,2026-04-23_Catalyst_NBIX,,,,Entities,,2026-04-23_Catalyst_NBIX,2026-04-23_Catalyst_NBIX,entity,,,,,,,,,,,,,,,[],,,Entity
world:entity:2026-04-23-catalyst-nem,2026-06-01,2026-04-23_Catalyst_NEM,,,,Entities,,2026-04-23_Catalyst_NEM,2026-04-23_Catalyst_NEM,entity,,,,,,,,,,,,,,,[],,,Entity
world:entity:2026-04-23-catalyst-nflx,2026-06-01,2026-04-23_Catalyst_NFLX,,,,Entities,,2026-04-23_Catalyst_NFLX,2026-04-23_Catalyst_NFLX,entity,,,,,,,,,,,,,,,[],,,Entity
world:entity:2026-04-23-catalyst-nke,2026-06-01,2026-04-23_Catalyst_NKE,,,,Entities,,2026-04-23_Catalyst_NKE,2026-04-23_Catalyst_NKE,entity,,,,,,,,,,,,,,,[],,,Entity
world:entity:2026-04-23-catalyst-nne,2026-06-01,2026-04-23_Catalyst_NNE,,,,Entities,,2026-04-23_Catalyst_NNE,2026-04-23_Catalyst_NNE,entity,,,,,,,,,,,,,,,[],,,Entity
world:entity:2026-04-23-catalyst-noc,2026-06-01,2026-04-23_Catalyst_NOC,,,,Entities,,2026-04-23_Catalyst_NOC,2026-04-23_Catalyst_NOC,entity,,,,,,,,,,,,,,,[],,,Entity
world:entity:2026-04-23-catalyst-nrg,2026-06-01,2026-04-23_Catalyst_NRG,,,,Entities,,2026-04-23_Catalyst_NRG,2026-04-23_Catalyst_NRG,entity,,,,,,,,,,,,,,,[],,,Entity
world:entity:2026-04-23-catalyst-nue,2026-06-01,2026-04-23_Catalyst_NUE,,,,Entities,,2026-04-23_Catalyst_NUE,2026-04-23_Catalyst_NUE,entity,,,,,,,,,,,,,,,[],,,Entity
world:entity:2026-04-23-catalyst-nvr,2026-06-01,2026-04-23_Catalyst_NVR,,,,Entities,,2026-04-23_Catalyst_NVR,2026-04-23_Catalyst_NVR,entity,,,,,,,,,,,,,,,[],,,Entity
world:entity:2026-04-23-catalyst-o,2026-06-01,2026-04-23_Catalyst_O,,,,Entities,,2026-04-23_Catalyst_O,2026-04-23_Catalyst_O,entity,,,,,,,,,,,,,,,[],,,Entity
world:entity:2026-04-23-catalyst-oklo,2026-06-01,2026-04-23_Catalyst_OKLO,,,,Entities,,2026-04-23_Catalyst_OKLO,2026-04-23_Catalyst_OKLO,entity,,,,,,,,,,,,,,,[],,,Entity
world:entity:2026-04-23-catalyst-on,2026-06-01,2026-04-23_Catalyst_ON,,,,Entities,,2026-04-23_Catalyst_ON,2026-04-23_Catalyst_ON,entity,,,,,,,,,,,,,,,[],,,Entity
world:entity:2026-04-23-catalyst-onto,2026-06-01,2026-04-23_Catalyst_ONTO,,,,Entities,,2026-04-23_Catalyst_ONTO,2026-04-23_Catalyst_ONTO,entity,,,,,,,,,,,,,,,[],,,Entity
world:entity:2026-04-23-catalyst-orcl,2026-06-01,2026-04-23_Catalyst_ORCL,,,,Entities,,2026-04-23_Catalyst_ORCL,2026-04-23_Catalyst_ORCL,entity,,,,,,,,,,,,,,,[],,,Entity
world:entity:2026-04-23-catalyst-oxy,2026-06-01,2026-04-23_Catalyst_OXY,,,,Entities,,2026-04-23_Catalyst_OXY,2026-04-23_Catalyst_OXY,entity,,,,,,,,,,,,,,,[],,,Entity
world:entity:2026-04-23-catalyst-pfe,2026-06-01,2026-04-23_Catalyst_PFE,,,,Entities,,2026-04-23_Catalyst_PFE,2026-04-23_Catalyst_PFE,entity,,,,,,,,,,,,,,,[],,,Entity
world:entity:2026-04-23-catalyst-pg,2026-06-01,2026-04-23_Catalyst_PG,,,,Entities,,2026-04-23_Catalyst_PG,2026-04-23_Catalyst_PG,entity,,,,,,,,,,,,,,,[],,,Entity
world:entity:2026-04-23-catalyst-pltr,2026-06-01,2026-04-23_Catalyst_PLTR,,,,Entities,,2026-04-23_Catalyst_PLTR,2026-04-23_Catalyst_PLTR,entity,,,,,,,,,,,,,,,[],,,Entity
world:entity:2026-04-23-catalyst-qcom,2026-06-01,2026-04-23_Catalyst_QCOM,,,,Entities,,2026-04-23_Catalyst_QCOM,2026-04-23_Catalyst_QCOM,entity,,,,,,,,,,,,,,,[],,,Entity
world:entity:2026-04-23-catalyst-qubt,2026-06-01,2026-04-23_Catalyst_QUBT,,,,Entities,,2026-04-23_Catalyst_QUBT,2026-04-23_Catalyst_QUBT,entity,,,,,,,,,,,,,,,[],,,Entity
world:entity:2026-04-23-catalyst-rcat,2026-06-01,2026-04-23_Catalyst_RCAT,,,,Entities,,2026-04-23_Catalyst_RCAT,2026-04-23_Catalyst_RCAT,entity,,,,,,,,,,,,,,,[],,,Entity
world:entity:2026-04-23-catalyst-rgti,2026-06-01,2026-04-23_Catalyst_RGTI,,,,Entities,,2026-04-23_Catalyst_RGTI,2026-04-23_Catalyst_RGTI,entity,,,,,,,,,,,,,,,[],,,Entity
world:entity:2026-04-23-catalyst-rklb,2026-06-01,2026-04-23_Catalyst_RKLB,,,,Entities,,2026-04-23_Catalyst_RKLB,2026-04-23_Catalyst_RKLB,entity,,,,,,,,,,,,,,,[],,,Entity
world:entity:2026-04-23-catalyst-rprx,2026-06-01,2026-04-23_Catalyst_RPRX,,,,Entities,,2026-04-23_Catalyst_RPRX,2026-04-23_Catalyst_RPRX,entity,,,,,,,,,,,,,,,[],,,Entity
world:entity:2026-04-23-catalyst-rtx,2026-06-01,2026-04-23_Catalyst_RTX,,,,Entities,,2026-04-23_Catalyst_RTX,2026-04-23_Catalyst_RTX,entity,,,,,,,,,,,,,,,[],,,Entity
world:entity:2026-04-23-catalyst-saic,2026-06-01,2026-04-23_Catalyst_SAIC,,,,Entities,,2026-04-23_Catalyst_SAIC,2026-04-23_Catalyst_SAIC,entity,,,,,,,,,,,,,,,[],,,Entity
world:entity:2026-04-23-catalyst-shw,2026-06-01,2026-04-23_Catalyst_SHW,,,,Entities,,2026-04-23_Catalyst_SHW,2026-04-23_Catalyst_SHW,entity,,,,,,,,,,,,,,,[],,,Entity
world:entity:2026-04-23-catalyst-sky,2026-06-01,2026-04-23_Catalyst_SKY,,,,Entities,,2026-04-23_Catalyst_SKY,2026-04-23_Catalyst_SKY,entity,,,,,,,,,,,,,,,[],,,Entity
world:entity:2026-04-23-catalyst-smr,2026-06-01,2026-04-23_Catalyst_SMR,,,,Entities,,2026-04-23_Catalyst_SMR,2026-04-23_Catalyst_SMR,entity,,,,,,,,,,,,,,,[],,,Entity
world:entity:2026-04-23-catalyst-so,2026-06-01,2026-04-23_Catalyst_SO,,,,Entities,,2026-04-23_Catalyst_SO,2026-04-23_Catalyst_SO,entity,,,,,,,,,,,,,,,[],,,Entity
world:entity:2026-04-23-catalyst-sre,2026-06-01,2026-04-23_Catalyst_SRE,,,,Entities,,2026-04-23_Catalyst_SRE,2026-04-23_Catalyst_SRE,entity,,,,,,,,,,,,,,,[],,,Entity
world:entity:2026-04-23-catalyst-stem,2026-06-01,2026-04-23_Catalyst_STEM,,,,Entities,,2026-04-23_Catalyst_STEM,2026-04-23_Catalyst_STEM,entity,,,,,,,,,,,,,,,[],,,Entity
world:entity:2026-04-23-catalyst-strl,2026-06-01,2026-04-23_Catalyst_STRL,,,,Entities,,2026-04-23_Catalyst_STRL,2026-04-23_Catalyst_STRL,entity,,,,,,,,,,,,,,,[],,,Entity
world:entity:2026-04-23-catalyst-t,2026-06-01,2026-04-23_Catalyst_T,,,,Entities,,2026-04-23_Catalyst_T,2026-04-23_Catalyst_T,entity,,,,,,,,,,,,,,,[],,,Entity
world:entity:2026-04-23-catalyst-tdg,2026-06-01,2026-04-23_Catalyst_TDG,,,,Entities,,2026-04-23_Catalyst_TDG,2026-04-23_Catalyst_TDG,entity,,,,,,,,,,,,,,,[],,,Entity
world:entity:2026-04-23-catalyst-tmhc,2026-06-01,2026-04-23_Catalyst_TMHC,,,,Entities,,2026-04-23_Catalyst_TMHC,2026-04-23_Catalyst_TMHC,entity,,,,,,,,,,,,,,,[],,,Entity
world:entity:2026-04-23-catalyst-tmo,2026-06-01,2026-04-23_Catalyst_TMO,,,,Entities,,2026-04-23_Catalyst_TMO,2026-04-23_Catalyst_TMO,entity,,,,,,,,,,,,,,,[],,,Entity
world:entity:2026-04-23-catalyst-tol,2026-06-01,2026-04-23_Catalyst_TOL,,,,Entities,,2026-04-23_Catalyst_TOL,2026-04-23_Catalyst_TOL,entity,,,,,,,,,,,,,,,[],,,Entity
world:entity:2026-04-23-catalyst-tsla,2026-06-01,2026-04-23_Catalyst_TSLA,,,,Entities,,2026-04-23_Catalyst_TSLA,2026-04-23_Catalyst_TSLA,entity,,,,,,,,,,,,,,,[],,,Entity
world:entity:2026-04-23-catalyst-txt,2026-06-01,2026-04-23_Catalyst_TXT,,,,Entities,,2026-04-23_Catalyst_TXT,2026-04-23_Catalyst_TXT,entity,,,,,,,,,,,,,,,[],,,Entity
world:entity:2026-04-23-catalyst-unh,2026-06-01,2026-04-23_Catalyst_UNH,,,,Entities,,2026-04-23_Catalyst_UNH,2026-04-23_Catalyst_UNH,entity,,,,,,,,,,,,,,,[],,,Entity
world:entity:2026-04-23-catalyst-unp,2026-06-01,2026-04-23_Catalyst_UNP,,,,Entities,,2026-04-23_Catalyst_UNP,2026-04-23_Catalyst_UNP,entity,,,,,,,,,,,,,,,[],,,Entity
world:entity:2026-04-23-catalyst-unty,2026-06-01,2026-04-23_Catalyst_UNTY,,,,Entities,,2026-04-23_Catalyst_UNTY,2026-04-23_Catalyst_UNTY,entity,,,,,,,,,,,,,,,[],,,Entity
world:entity:2026-04-23-catalyst-v,2026-06-01,2026-04-23_Catalyst_V,,,,Entities,,2026-04-23_Catalyst_V,2026-04-23_Catalyst_V,entity,,,,,,,,,,,,,,,[],,,Entity
world:entity:2026-04-23-catalyst-vlo,2026-06-01,2026-04-23_Catalyst_VLO,,,,Entities,,2026-04-23_Catalyst_VLO,2026-04-23_Catalyst_VLO,entity,,,,,,,,,,,,,,,[],,,Entity
world:entity:2026-04-23-catalyst-vst,2026-06-01,2026-04-23_Catalyst_VST,,,,Entities,,2026-04-23_Catalyst_VST,2026-04-23_Catalyst_VST,entity,,,,,,,,,,,,,,,[],,,Entity
world:entity:2026-04-23-catalyst-wfc,2026-06-01,2026-04-23_Catalyst_WFC,,,,Entities,,2026-04-23_Catalyst_WFC,2026-04-23_Catalyst_WFC,entity,,,,,,,,,,,,,,,[],,,Entity
world:entity:2026-04-23-catalyst-wolf,2026-06-01,2026-04-23_Catalyst_WOLF,,,,Entities,,2026-04-23_Catalyst_WOLF,2026-04-23_Catalyst_WOLF,entity,,,,,,,,,,,,,,,[],,,Entity
world:entity:2026-04-23-catalyst-wpm,2026-06-01,2026-04-23_Catalyst_WPM,,,,Entities,,2026-04-23_Catalyst_WPM,2026-04-23_Catalyst_WPM,entity,,,,,,,,,,,,,,,[],,,Entity
world:entity:2026-04-23-catalyst-xom,2026-06-01,2026-04-23_Catalyst_XOM,,,,Entities,,2026-04-23_Catalyst_XOM,2026-04-23_Catalyst_XOM,entity,,,,,,,,,,,,,,,[],,,Entity
world:entity:2026-04-23-cboe-vix-term-structure,2026-06-01,2026-04-23_CBOE_VIX_Term_Structure,,,,Entities,,2026-04-23_CBOE_VIX_Term_Structure,2026-04-23_CBOE_VIX_Term_Structure,entity,,,,,,,,,,,,,,,[],,,Entity
world:entity:2026-04-23-communication-services-sector,2026-06-01,2026-04-23_Communication_Services_Sector,,,,Entities,,2026-04-23_Communication_Services_Sector,2026-04-23_Communication_Services_Sector,entity,,,,,,,,,,,,,,,[],,,Entity
world:entity:2026-04-23-consumer-discretionary-sector,2026-06-01,2026-04-23_Consumer_Discretionary_Sector,,,,Entities,,2026-04-23_Consumer_Discretionary_Sector,2026-04-23_Consumer_Discretionary_Sector,entity,,,,,,,,,,,,,,,[],,,Entity
world:entity:2026-04-23-consumer-staples-sector,2026-06-01,2026-04-23_Consumer_Staples_Sector,,,,Entities,,2026-04-23_Consumer_Staples_Sector,2026-04-23_Consumer_Staples_Sector,entity,,,,,,,,,,,,,,,[],,,Entity
world:entity:2026-04-23-detailed-aerospace-defense-sector-report,2026-06-01,2026-04-23_Detailed_aerospace-defense_Sector_Report,,,,Entities,,2026-04-23_Detailed_aerospace-defense_Sector_Report,2026-04-23_Detailed_aerospace-defense_Sector_Report,entity,,,,,,,,,,,,,,,[],,,Entity
world:entity:2026-04-23-detailed-communication-services-sector-report,2026-06-01,2026-04-23_Detailed_communication-services_Sector_Report,,,,Entities,,2026-04-23_Detailed_communication-services_Sector_Report,2026-04-23_Detailed_communication-services_Sector_Report,entity,,,,,,,,,,,,,,,[],,,Entity
world:entity:2026-04-23-detailed-consumer-discretionary-sector-report,2026-06-01,2026-04-23_Detailed_consumer-discretionary_Sector_Report,,,,Entities,,2026-04-23_Detailed_consumer-discretionary_Sector_Report,2026-04-23_Detailed_consumer-discretionary_Sector_Report,entity,,,,,,,,,,,,,,,[],,,Entity
world:entity:2026-04-23-detailed-consumer-staples-sector-report,2026-06-01,2026-04-23_Detailed_consumer-staples_Sector_Report,,,,Entities,,2026-04-23_Detailed_consumer-staples_Sector_Report,2026-04-23_Detailed_consumer-staples_Sector_Report,entity,,,,,,,,,,,,,,,[],,,Entity
world:entity:2026-04-23-detailed-energy-sector-report,2026-06-01,2026-04-23_Detailed_energy_Sector_Report,,,,Entities,,2026-04-23_Detailed_energy_Sector_Report,2026-04-23_Detailed_energy_Sector_Report,entity,,,,,,,,,,,,,,,[],,,Entity
world:entity:2026-04-23-detailed-financials-sector-report,2026-06-01,2026-04-23_Detailed_financials_Sector_Report,,,,Entities,,2026-04-23_Detailed_financials_Sector_Report,2026-04-23_Detailed_financials_Sector_Report,entity,,,,,,,,,,,,,,,[],,,Entity
world:entity:2026-04-23-detailed-healthcare-sector-report,2026-06-01,2026-04-23_Detailed_healthcare_Sector_Report,,,,Entities,,2026-04-23_Detailed_healthcare_Sector_Report,2026-04-23_Detailed_healthcare_Sector_Report,entity,,,,,,,,,,,,,,,[],,,Entity
world:entity:2026-04-23-detailed-industrials-sector-report,2026-06-01,2026-04-23_Detailed_industrials_Sector_Report,,,,Entities,,2026-04-23_Detailed_industrials_Sector_Report,2026-04-23_Detailed_industrials_Sector_Report,entity,,,,,,,,,,,,,,,[],,,Entity
world:entity:2026-04-23-detailed-materials-sector-report,2026-06-01,2026-04-23_Detailed_materials_Sector_Report,,,,Entities,,2026-04-23_Detailed_materials_Sector_Report,2026-04-23_Detailed_materials_Sector_Report,entity,,,,,,,,,,,,,,,[],,,Entity
world:entity:2026-04-23-detailed-real-estate-sector-report,2026-06-01,2026-04-23_Detailed_real-estate_Sector_Report,,,,Entities,,2026-04-23_Detailed_real-estate_Sector_Report,2026-04-23_Detailed_real-estate_Sector_Report,entity,,,,,,,,,,,,,,,[],,,Entity
world:entity:2026-04-23-detailed-tech-sector-report,2026-06-01,2026-04-23_Detailed_tech_Sector_Report,,,,Entities,,2026-04-23_Detailed_tech_Sector_Report,2026-04-23_Detailed_tech_Sector_Report,entity,,,,,,,,,,,,,,,[],,,Entity
world:entity:2026-04-23-detailed-utilities-sector-report,2026-06-01,2026-04-23_Detailed_utilities_Sector_Report,,,,Entities,,2026-04-23_Detailed_utilities_Sector_Report,2026-04-23_Detailed_utilities_Sector_Report,entity,,,,,,,,,,,,,,,[],,,Entity
world:entity:2026-04-23-dilution-mnts,2026-06-01,2026-04-23_DILUTION_MNTS,,,,Entities,,2026-04-23_DILUTION_MNTS,2026-04-23_DILUTION_MNTS,entity,,,,,,,,,,,,,,,[],,,Entity
world:entity:2026-04-23-dilution-rcat,2026-06-01,2026-04-23_DILUTION_RCAT,,,,Entities,,2026-04-23_DILUTION_RCAT,2026-04-23_DILUTION_RCAT,entity,,,,,,,,,,,,,,,[],,,Entity
world:entity:2026-04-23-energy-sector,2026-06-01,2026-04-23_Energy_Sector,,,,Entities,,2026-04-23_Energy_Sector,2026-04-23_Energy_Sector,entity,,,,,,,,,,,,,,,[],,,Entity
world:entity:2026-04-23-faa-regulatory-progress,2026-06-01,2026-04-23_FAA_Regulatory_Progress,,,,Entities,,2026-04-23_FAA_Regulatory_Progress,2026-04-23_FAA_Regulatory_Progress,entity,,,,,,,,,,,,,,,[],,,Entity
world:entity:2026-04-23-financials-sector,2026-06-01,2026-04-23_Financials_Sector,,,,Entities,,2026-04-23_Financials_Sector,2026-04-23_Financials_Sector,entity,,,,,,,,,,,,,,,[],,,Entity
world:entity:2026-04-23-fmp-basket-watchlist-aerospace-defense-sector-basket,2026-06-01,2026-04-23_FMP_Basket_Watchlist_Aerospace_&_Defense_Sector_Basket,,,,Entities,,2026-04-23_FMP_Basket_Watchlist_Aerospace_&_Defense_Sector_Basket,2026-04-23_FMP_Basket_Watchlist_Aerospace_&_Defense_Sector_Basket,entity,,,,,,,,,,,,,,,[],,,Entity
world:entity:2026-04-23-fmp-basket-watchlist-buffett-style-quality-compounders,2026-06-01,2026-04-23_FMP_Basket_Watchlist_Buffett_Style_Quality_Compounders,,,,Entities,,2026-04-23_FMP_Basket_Watchlist_Buffett_Style_Quality_Compounders,2026-04-23_FMP_Basket_Watchlist_Buffett_Style_Quality_Compounders,entity,,,,,,,,,,,,,,,[],,,Entity
world:entity:2026-04-23-fmp-basket-watchlist-communication-services-sector-basket,2026-06-01,2026-04-23_FMP_Basket_Watchlist_Communication_Services_Sector_Basket,,,,Entities,,2026-04-23_FMP_Basket_Watchlist_Communication_Services_Sector_Basket,2026-04-23_FMP_Basket_Watchlist_Communication_Services_Sector_Basket,entity,,,,,,,,,,,,,,,[],,,Entity
world:entity:2026-04-23-fmp-basket-watchlist-consumer-discretionary-sector-basket,2026-06-01,2026-04-23_FMP_Basket_Watchlist_Consumer_Discretionary_Sector_Basket,,,,Entities,,2026-04-23_FMP_Basket_Watchlist_Consumer_Discretionary_Sector_Basket,2026-04-23_FMP_Basket_Watchlist_Consumer_Discretionary_Sector_Basket,entity,,,,,,,,,,,,,,,[],,,Entity
world:entity:2026-04-23-fmp-basket-watchlist-consumer-staples-sector-basket,2026-06-01,2026-04-23_FMP_Basket_Watchlist_Consumer_Staples_Sector_Basket,,,,Entities,,2026-04-23_FMP_Basket_Watchlist_Consumer_Staples_Sector_Basket,2026-04-23_FMP_Basket_Watchlist_Consumer_Staples_Sector_Basket,entity,,,,,,,,,,,,,,,[],,,Entity
world:entity:2026-04-23-fmp-basket-watchlist-dalio-style-all-weather-hard-assets,2026-06-01,2026-04-23_FMP_Basket_Watchlist_Dalio_Style_All-Weather_Hard_Assets,,,,Entities,,2026-04-23_FMP_Basket_Watchlist_Dalio_Style_All-Weather_Hard_Assets,2026-04-23_FMP_Basket_Watchlist_Dalio_Style_All-Weather_Hard_Assets,entity,,,,,,,,,,,,,,,[],,,Entity
world:entity:2026-04-23-fmp-basket-watchlist-druckenmiller-style-secular-trend-leaders,2026-06-01,2026-04-23_FMP_Basket_Watchlist_Druckenmiller_Style_Secular_Trend_Leaders,,,,Entities,,2026-04-23_FMP_Basket_Watchlist_Druckenmiller_Style_Secular_Trend_Leaders,2026-04-23_FMP_Basket_Watchlist_Druckenmiller_Style_Secular_Trend_Leaders,entity,,,,,,,,,,,,,,,[],,,Entity
world:entity:2026-04-23-fmp-basket-watchlist-energy-sector-basket,2026-06-01,2026-04-23_FMP_Basket_Watchlist_Energy_Sector_Basket,,,,Entities,,2026-04-23_FMP_Basket_Watchlist_Energy_Sector_Basket,2026-04-23_FMP_Basket_Watchlist_Energy_Sector_Basket,entity,,,,,,,,,,,,,,,[],,,Entity
world:entity:2026-04-23-fmp-basket-watchlist-financials-sector-basket,2026-06-01,2026-04-23_FMP_Basket_Watchlist_Financials_Sector_Basket,,,,Entities,,2026-04-23_FMP_Basket_Watchlist_Financials_Sector_Basket,2026-04-23_FMP_Basket_Watchlist_Financials_Sector_Basket,entity,,,,,,,,,,,,,,,[],,,Entity
world:entity:2026-04-23-fmp-basket-watchlist-graham-style-deep-value-re-rating,2026-06-01,2026-04-23_FMP_Basket_Watchlist_Graham_Style_Deep_Value_Re-Rating,,,,Entities,,2026-04-23_FMP_Basket_Watchlist_Graham_Style_Deep_Value_Re-Rating,2026-04-23_FMP_Basket_Watchlist_Graham_Style_Deep_Value_Re-Rating,entity,,,,,,,,,,,,,,,[],,,Entity
world:entity:2026-04-23-fmp-basket-watchlist-healthcare-sector-basket,2026-06-01,2026-04-23_FMP_Basket_Watchlist_Healthcare_Sector_Basket,,,,Entities,,2026-04-23_FMP_Basket_Watchlist_Healthcare_Sector_Basket,2026-04-23_FMP_Basket_Watchlist_Healthcare_Sector_Basket,entity,,,,,,,,,,,,,,,[],,,Entity
world:entity:2026-04-23-fmp-basket-watchlist-industrials-sector-basket,2026-06-01,2026-04-23_FMP_Basket_Watchlist_Industrials_Sector_Basket,,,,Entities,,2026-04-23_FMP_Basket_Watchlist_Industrials_Sector_Basket,2026-04-23_FMP_Basket_Watchlist_Industrials_Sector_Basket,entity,,,,,,,,,,,,,,,[],,,Entity
world:entity:2026-04-23-fmp-basket-watchlist-lynch-style-garp-leaders,2026-06-01,2026-04-23_FMP_Basket_Watchlist_Lynch_Style_GARP_Leaders,,,,Entities,,2026-04-23_FMP_Basket_Watchlist_Lynch_Style_GARP_Leaders,2026-04-23_FMP_Basket_Watchlist_Lynch_Style_GARP_Leaders,entity,,,,,,,,,,,,,,,[],,,Entity
world:entity:2026-04-23-fmp-basket-watchlist-materials-sector-basket,2026-06-01,2026-04-23_FMP_Basket_Watchlist_Materials_Sector_Basket,,,,Entities,,2026-04-23_FMP_Basket_Watchlist_Materials_Sector_Basket,2026-04-23_FMP_Basket_Watchlist_Materials_Sector_Basket,entity,,,,,,,,,,,,,,,[],,,Entity
world:entity:2026-04-23-fmp-basket-watchlist-real-estate-sector-basket,2026-06-01,2026-04-23_FMP_Basket_Watchlist_Real_Estate_Sector_Basket,,,,Entities,,2026-04-23_FMP_Basket_Watchlist_Real_Estate_Sector_Basket,2026-04-23_FMP_Basket_Watchlist_Real_Estate_Sector_Basket,entity,,,,,,,,,,,,,,,[],,,Entity
world:entity:2026-04-23-fmp-basket-watchlist-simons-style-quant-momentum-breadth,2026-06-01,2026-04-23_FMP_Basket_Watchlist_Simons_Style_Quant_Momentum_Breadth,,,,Entities,,2026-04-23_FMP_Basket_Watchlist_Simons_Style_Quant_Momentum_Breadth,2026-04-23_FMP_Basket_Watchlist_Simons_Style_Quant_Momentum_Breadth,entity,,,,,,,,,,,,,,,[],,,Entity
world:entity:2026-04-23-fmp-basket-watchlist-tech-sector-basket,2026-06-01,2026-04-23_FMP_Basket_Watchlist_Tech_Sector_Basket,,,,Entities,,2026-04-23_FMP_Basket_Watchlist_Tech_Sector_Basket,2026-04-23_FMP_Basket_Watchlist_Tech_Sector_Basket,entity,,,,,,,,,,,,,,,[],,,Entity
world:entity:2026-04-23-fmp-basket-watchlist-utilities-sector-basket,2026-06-01,2026-04-23_FMP_Basket_Watchlist_Utilities_Sector_Basket,,,,Entities,,2026-04-23_FMP_Basket_Watchlist_Utilities_Sector_Basket,2026-04-23_FMP_Basket_Watchlist_Utilities_Sector_Basket,entity,,,,,,,,,,,,,,,[],,,Entity
world:entity:2026-04-23-fmp-communication-services-micro-small-cap-search,2026-06-01,2026-04-23_FMP_Communication_Services_Micro_Small_Cap_Search,,,,Entities,,2026-04-23_FMP_Communication_Services_Micro_Small_Cap_Search,2026-04-23_FMP_Communication_Services_Micro_Small_Cap_Search,entity,,,,,,,,,,,,,,,[],,,Entity
world:entity:2026-04-23-fmp-consumer-discretionary-micro-small-cap-search,2026-06-01,2026-04-23_FMP_Consumer_Discretionary_Micro_Small_Cap_Search,,,,Entities,,2026-04-23_FMP_Consumer_Discretionary_Micro_Small_Cap_Search,2026-04-23_FMP_Consumer_Discretionary_Micro_Small_Cap_Search,entity,,,,,,,,,,,,,,,[],,,Entity
world:entity:2026-04-23-fmp-consumer-staples-micro-small-cap-search,2026-06-01,2026-04-23_FMP_Consumer_Staples_Micro_Small_Cap_Search,,,,Entities,,2026-04-23_FMP_Consumer_Staples_Micro_Small_Cap_Search,2026-04-23_FMP_Consumer_Staples_Micro_Small_Cap_Search,entity,,,,,,,,,,,,,,,[],,,Entity
world:entity:2026-04-23-fmp-earnings-calendar-thesis-watchlists,2026-06-01,2026-04-23_FMP_Earnings_Calendar_Thesis_Watchlists,,,,Entities,,2026-04-23_FMP_Earnings_Calendar_Thesis_Watchlists,2026-04-23_FMP_Earnings_Calendar_Thesis_Watchlists,entity,,,,,,,,,,,,,,,[],,,Entity
world:entity:2026-04-23-fmp-energy-micro-small-cap-search,2026-06-01,2026-04-23_FMP_Energy_Micro_Small_Cap_Search,,,,Entities,,2026-04-23_FMP_Energy_Micro_Small_Cap_Search,2026-04-23_FMP_Energy_Micro_Small_Cap_Search,entity,,,,,,,,,,,,,,,[],,,Entity
world:entity:2026-04-23-fmp-financials-micro-small-cap-search,2026-06-01,2026-04-23_FMP_Financials_Micro_Small_Cap_Search,,,,Entities,,2026-04-23_FMP_Financials_Micro_Small_Cap_Search,2026-04-23_FMP_Financials_Micro_Small_Cap_Search,entity,,,,,,,,,,,,,,,[],,,Entity
world:entity:2026-04-23-fmp-healthcare-micro-small-cap-search,2026-06-01,2026-04-23_FMP_Healthcare_Micro_Small_Cap_Search,,,,Entities,,2026-04-23_FMP_Healthcare_Micro_Small_Cap_Search,2026-04-23_FMP_Healthcare_Micro_Small_Cap_Search,entity,,,,,,,,,,,,,,,[],,,Entity
world:entity:2026-04-23-fmp-industrials-micro-small-cap-search,2026-06-01,2026-04-23_FMP_Industrials_Micro_Small_Cap_Search,,,,Entities,,2026-04-23_FMP_Industrials_Micro_Small_Cap_Search,2026-04-23_FMP_Industrials_Micro_Small_Cap_Search,entity,,,,,,,,,,,,,,,[],,,Entity
world:entity:2026-04-23-fmp-materials-micro-small-cap-search,2026-06-01,2026-04-23_FMP_Materials_Micro_Small_Cap_Search,,,,Entities,,2026-04-23_FMP_Materials_Micro_Small_Cap_Search,2026-04-23_FMP_Materials_Micro_Small_Cap_Search,entity,,,,,,,,,,,,,,,[],,,Entity
world:entity:2026-04-23-fmp-real-estate-micro-small-cap-search,2026-06-01,2026-04-23_FMP_Real_Estate_Micro_Small_Cap_Search,,,,Entities,,2026-04-23_FMP_Real_Estate_Micro_Small_Cap_Search,2026-04-23_FMP_Real_Estate_Micro_Small_Cap_Search,entity,,,,,,,,,,,,,,,[],,,Entity
world:entity:2026-04-23-fmp-tech-sector-micro-small-cap-search,2026-06-01,2026-04-23_FMP_Tech_Sector_Micro_Small_Cap_Search,,,,Entities,,2026-04-23_FMP_Tech_Sector_Micro_Small_Cap_Search,2026-04-23_FMP_Tech_Sector_Micro_Small_Cap_Search,entity,,,,,,,,,,,,,,,[],,,Entity
world:entity:2026-04-23-fmp-technicals-aapl-daily,2026-06-01,2026-04-23_FMP_Technicals_AAPL_daily,,,,Entities,,2026-04-23_FMP_Technicals_AAPL_daily,2026-04-23_FMP_Technicals_AAPL_daily,entity,,,,,,,,,,,,,,,[],,,Entity
world:entity:2026-04-23-fmp-technicals-abbv-daily,2026-06-01,2026-04-23_FMP_Technicals_ABBV_daily,,,,Entities,,2026-04-23_FMP_Technicals_ABBV_daily,2026-04-23_FMP_Technicals_ABBV_daily,entity,,,,,,,,,,,,,,,[],,,Entity
world:entity:2026-04-23-fmp-technicals-abt-daily,2026-06-01,2026-04-23_FMP_Technicals_ABT_daily,,,,Entities,,2026-04-23_FMP_Technicals_ABT_daily,2026-04-23_FMP_Technicals_ABT_daily,entity,,,,,,,,,,,,,,,[],,,Entity
world:entity:2026-04-23-fmp-technicals-acad-daily,2026-06-01,2026-04-23_FMP_Technicals_ACAD_daily,,,,Entities,,2026-04-23_FMP_Technicals_ACAD_daily,2026-04-23_FMP_Technicals_ACAD_daily,entity,,,,,,,,,,,,,,,[],,,Entity
world:entity:2026-04-23-fmp-technicals-achr-daily,2026-06-01,2026-04-23_FMP_Technicals_ACHR_daily,,,,Entities,,2026-04-23_FMP_Technicals_ACHR_daily,2026-04-23_FMP_Technicals_ACHR_daily,entity,,,,,,,,,,,,,,,[],,,Entity
world:entity:2026-04-23-fmp-technicals-adbe-daily,2026-06-01,2026-04-23_FMP_Technicals_ADBE_daily,,,,Entities,,2026-04-23_FMP_Technicals_ADBE_daily,2026-04-23_FMP_Technicals_ADBE_daily,entity,,,,,,,,,,,,,,,[],,,Entity
world:entity:2026-04-23-fmp-technicals-aep-daily,2026-06-01,2026-04-23_FMP_Technicals_AEP_daily,,,,Entities,,2026-04-23_FMP_Technicals_AEP_daily,2026-04-23_FMP_Technicals_AEP_daily,entity,,,,,,,,,,,,,,,[],,,Entity
world:entity:2026-04-23-fmp-technicals-airo-daily,2026-06-01,2026-04-23_FMP_Technicals_AIRO_daily,,,,Entities,,2026-04-23_FMP_Technicals_AIRO_daily,2026-04-23_FMP_Technicals_AIRO_daily,entity,,,,,,,,,,,,,,,[],,,Entity
world:entity:2026-04-23-fmp-technicals-alb-daily,2026-06-01,2026-04-23_FMP_Technicals_ALB_daily,,,,Entities,,2026-04-23_FMP_Technicals_ALB_daily,2026-04-23_FMP_Technicals_ALB_daily,entity,,,,,,,,,,,,,,,[],,,Entity
world:entity:2026-04-23-fmp-technicals-alks-daily,2026-06-01,2026-04-23_FMP_Technicals_ALKS_daily,,,,Entities,,2026-04-23_FMP_Technicals_ALKS_daily,2026-04-23_FMP_Technicals_ALKS_daily,entity,,,,,,,,,,,,,,,[],,,Entity
world:entity:2026-04-23-fmp-technicals-alvo-daily,2026-06-01,2026-04-23_FMP_Technicals_ALVO_daily,,,,Entities,,2026-04-23_FMP_Technicals_ALVO_daily,2026-04-23_FMP_Technicals_ALVO_daily,entity,,,,,,,,,,,,,,,[],,,Entity
world:entity:2026-04-23-fmp-technicals-amat-daily,2026-06-01,2026-04-23_FMP_Technicals_AMAT_daily,,,,Entities,,2026-04-23_FMP_Technicals_AMAT_daily,2026-04-23_FMP_Technicals_AMAT_daily,entity,,,,,,,,,,,,,,,[],,,Entity
world:entity:2026-04-23-fmp-technicals-amd-daily,2026-06-01,2026-04-23_FMP_Technicals_AMD_daily,,,,Entities,,2026-04-23_FMP_Technicals_AMD_daily,2026-04-23_FMP_Technicals_AMD_daily,entity,,,,,,,,,,,,,,,[],,,Entity
world:entity:2026-04-23-fmp-technicals-amgn-daily,2026-06-01,2026-04-23_FMP_Technicals_AMGN_daily,,,,Entities,,2026-04-23_FMP_Technicals_AMGN_daily,2026-04-23_FMP_Technicals_AMGN_daily,entity,,,,,,,,,,,,,,,[],,,Entity
world:entity:2026-04-23-fmp-technicals-amt-daily,2026-06-01,2026-04-23_FMP_Technicals_AMT_daily,,,,Entities,,2026-04-23_FMP_Technicals_AMT_daily,2026-04-23_FMP_Technicals_AMT_daily,entity,,,,,,,,,,,,,,,[],,,Entity
world:entity:2026-04-23-fmp-technicals-amzn-daily,2026-06-01,2026-04-23_FMP_Technicals_AMZN_daily,,,,Entities,,2026-04-23_FMP_Technicals_AMZN_daily,2026-04-23_FMP_Technicals_AMZN_daily,entity,,,,,,,,,,,,,,,[],,,Entity
world:entity:2026-04-23-fmp-technicals-apd-daily,2026-06-01,2026-04-23_FMP_Technicals_APD_daily,,,,Entities,,2026-04-23_FMP_Technicals_APD_daily,2026-04-23_FMP_Technicals_APD_daily,entity,,,,,,,,,,,,,,,[],,,Entity
world:entity:2026-04-23-fmp-technicals-asts-daily,2026-06-01,2026-04-23_FMP_Technicals_ASTS_daily,,,,Entities,,2026-04-23_FMP_Technicals_ASTS_daily,2026-04-23_FMP_Technicals_ASTS_daily,entity,,,,,,,,,,,,,,,[],,,Entity
world:entity:2026-04-23-fmp-technicals-atai-daily,2026-06-01,2026-04-23_FMP_Technicals_ATAI_daily,,,,Entities,,2026-04-23_FMP_Technicals_ATAI_daily,2026-04-23_FMP_Technicals_ATAI_daily,entity,,,,,,,,,,,,,,,[],,,Entity
world:entity:2026-04-23-fmp-technicals-avav-daily,2026-06-01,2026-04-23_FMP_Technicals_AVAV_daily,,,,Entities,,2026-04-23_FMP_Technicals_AVAV_daily,2026-04-23_FMP_Technicals_AVAV_daily,entity,,,,,,,,,,,,,,,[],,,Entity
world:entity:2026-04-23-fmp-technicals-avb-daily,2026-06-01,2026-04-23_FMP_Technicals_AVB_daily,,,,Entities,,2026-04-23_FMP_Technicals_AVB_daily,2026-04-23_FMP_Technicals_AVB_daily,entity,,,,,,,,,,,,,,,[],,,Entity
world:entity:2026-04-23-fmp-technicals-avgo-daily,2026-06-01,2026-04-23_FMP_Technicals_AVGO_daily,,,,Entities,,2026-04-23_FMP_Technicals_AVGO_daily,2026-04-23_FMP_Technicals_AVGO_daily,entity,,,,,,,,,,,,,,,[],,,Entity
world:entity:2026-04-23-fmp-technicals-axon-daily,2026-06-01,2026-04-23_FMP_Technicals_AXON_daily,,,,Entities,,2026-04-23_FMP_Technicals_AXON_daily,2026-04-23_FMP_Technicals_AXON_daily,entity,,,,,,,,,,,,,,,[],,,Entity
world:entity:2026-04-23-fmp-technicals-axp-daily,2026-06-01,2026-04-23_FMP_Technicals_AXP_daily,,,,Entities,,2026-04-23_FMP_Technicals_AXP_daily,2026-04-23_FMP_Technicals_AXP_daily,entity,,,,,,,,,,,,,,,[],,,Entity
world:entity:2026-04-23-fmp-technicals-ba-daily,2026-06-01,2026-04-23_FMP_Technicals_BA_daily,,,,Entities,,2026-04-23_FMP_Technicals_BA_daily,2026-04-23_FMP_Technicals_BA_daily,entity,,,,,,,,,,,,,,,[],,,Entity
world:entity:2026-04-23-fmp-technicals-bac-daily,2026-06-01,2026-04-23_FMP_Technicals_BAC_daily,,,,Entities,,2026-04-23_FMP_Technicals_BAC_daily,2026-04-23_FMP_Technicals_BAC_daily,entity,,,,,,,,,,,,,,,[],,,Entity
world:entity:2026-04-23-fmp-technicals-bah-daily,2026-06-01,2026-04-23_FMP_Technicals_BAH_daily,,,,Entities,,2026-04-23_FMP_Technicals_BAH_daily,2026-04-23_FMP_Technicals_BAH_daily,entity,,,,,,,,,,,,,,,[],,,Entity
world:entity:2026-04-23-fmp-technicals-bbai-daily,2026-06-01,2026-04-23_FMP_Technicals_BBAI_daily,,,,Entities,,2026-04-23_FMP_Technicals_BBAI_daily,2026-04-23_FMP_Technicals_BBAI_daily,entity,,,,,,,,,,,,,,,[],,,Entity
world:entity:2026-04-23-fmp-technicals-beam-daily,2026-06-01,2026-04-23_FMP_Technicals_BEAM_daily,,,,Entities,,2026-04-23_FMP_Technicals_BEAM_daily,2026-04-23_FMP_Technicals_BEAM_daily,entity,,,,,,,,,,,,,,,[],,,Entity
world:entity:2026-04-23-fmp-technicals-biib-daily,2026-06-01,2026-04-23_FMP_Technicals_BIIB_daily,,,,Entities,,2026-04-23_FMP_Technicals_BIIB_daily,2026-04-23_FMP_Technicals_BIIB_daily,entity,,,,,,,,,,,,,,,[],,,Entity
world:entity:2026-04-23-fmp-technicals-bkng-daily,2026-06-01,2026-04-23_FMP_Technicals_BKNG_daily,,,,Entities,,2026-04-23_FMP_Technicals_BKNG_daily,2026-04-23_FMP_Technicals_BKNG_daily,entity,,,,,,,,,,,,,,,[],,,Entity
world:entity:2026-04-23-fmp-technicals-bksy-daily,2026-06-01,2026-04-23_FMP_Technicals_BKSY_daily,,,,Entities,,2026-04-23_FMP_Technicals_BKSY_daily,2026-04-23_FMP_Technicals_BKSY_daily,entity,,,,,,,,,,,,,,,[],,,Entity
world:entity:2026-04-23-fmp-technicals-blk-daily,2026-06-01,2026-04-23_FMP_Technicals_BLK_daily,,,,Entities,,2026-04-23_FMP_Technicals_BLK_daily,2026-04-23_FMP_Technicals_BLK_daily,entity,,,,,,,,,,,,,,,[],,,Entity
world:entity:2026-04-23-fmp-technicals-c-daily,2026-06-01,2026-04-23_FMP_Technicals_C_daily,,,,Entities,,2026-04-23_FMP_Technicals_C_daily,2026-04-23_FMP_Technicals_C_daily,entity,,,,,,,,,,,,,,,[],,,Entity
world:entity:2026-04-23-fmp-technicals-caci-daily,2026-06-01,2026-04-23_FMP_Technicals_CACI_daily,,,,Entities,,2026-04-23_FMP_Technicals_CACI_daily,2026-04-23_FMP_Technicals_CACI_daily,entity,,,,,,,,,,,,,,,[],,,Entity
world:entity:2026-04-23-fmp-technicals-cat-daily,2026-06-01,2026-04-23_FMP_Technicals_CAT_daily,,,,Entities,,2026-04-23_FMP_Technicals_CAT_daily,2026-04-23_FMP_Technicals_CAT_daily,entity,,,,,,,,,,,,,,,[],,,Entity
world:entity:2026-04-23-fmp-technicals-cci-daily,2026-06-01,2026-04-23_FMP_Technicals_CCI_daily,,,,Entities,,2026-04-23_FMP_Technicals_CCI_daily,2026-04-23_FMP_Technicals_CCI_daily,entity,,,,,,,,,,,,,,,[],,,Entity
world:entity:2026-04-23-fmp-technicals-ccj-daily,2026-06-01,2026-04-23_FMP_Technicals_CCJ_daily,,,,Entities,,2026-04-23_FMP_Technicals_CCJ_daily,2026-04-23_FMP_Technicals_CCJ_daily,entity,,,,,,,,,,,,,,,[],,,Entity
world:entity:2026-04-23-fmp-technicals-ceg-daily,2026-06-01,2026-04-23_FMP_Technicals_CEG_daily,,,,Entities,,2026-04-23_FMP_Technicals_CEG_daily,2026-04-23_FMP_Technicals_CEG_daily,entity,,,,,,,,,,,,,,,[],,,Entity
world:entity:2026-04-23-fmp-technicals-chtr-daily,2026-06-01,2026-04-23_FMP_Technicals_CHTR_daily,,,,Entities,,2026-04-23_FMP_Technicals_CHTR_daily,2026-04-23_FMP_Technicals_CHTR_daily,entity,,,,,,,,,,,,,,,[],,,Entity
world:entity:2026-04-23-fmp-technicals-cl-daily,2026-06-01,2026-04-23_FMP_Technicals_CL_daily,,,,Entities,,2026-04-23_FMP_Technicals_CL_daily,2026-04-23_FMP_Technicals_CL_daily,entity,,,,,,,,,,,,,,,[],,,Entity
world:entity:2026-04-23-fmp-technicals-cmcsa-daily,2026-06-01,2026-04-23_FMP_Technicals_CMCSA_daily,,,,Entities,,2026-04-23_FMP_Technicals_CMCSA_daily,2026-04-23_FMP_Technicals_CMCSA_daily,entity,,,,,,,,,,,,,,,[],,,Entity
world:entity:2026-04-23-fmp-technicals-cmps-daily,2026-06-01,2026-04-23_FMP_Technicals_CMPS_daily,,,,Entities,,2026-04-23_FMP_Technicals_CMPS_daily,2026-04-23_FMP_Technicals_CMPS_daily,entity,,,,,,,,,,,,,,,[],,,Entity
world:entity:2026-04-23-fmp-technicals-coin-daily,2026-06-01,2026-04-23_FMP_Technicals_COIN_daily,,,,Entities,,2026-04-23_FMP_Technicals_COIN_daily,2026-04-23_FMP_Technicals_COIN_daily,entity,,,,,,,,,,,,,,,[],,,Entity
world:entity:2026-04-23-fmp-technicals-cop-daily,2026-06-01,2026-04-23_FMP_Technicals_COP_daily,,,,Entities,,2026-04-23_FMP_Technicals_COP_daily,2026-04-23_FMP_Technicals_COP_daily,entity,,,,,,,,,,,,,,,[],,,Entity
world:entity:2026-04-23-fmp-technicals-cost-daily,2026-06-01,2026-04-23_FMP_Technicals_COST_daily,,,,Entities,,2026-04-23_FMP_Technicals_COST_daily,2026-04-23_FMP_Technicals_COST_daily,entity,,,,,,,,,,,,,,,[],,,Entity
world:entity:2026-04-23-fmp-technicals-crm-daily,2026-06-01,2026-04-23_FMP_Technicals_CRM_daily,,,,Entities,,2026-04-23_FMP_Technicals_CRM_daily,2026-04-23_FMP_Technicals_CRM_daily,entity,,,,,,,,,,,,,,,[],,,Entity
world:entity:2026-04-23-fmp-technicals-crsp-daily,2026-06-01,2026-04-23_FMP_Technicals_CRSP_daily,,,,Entities,,2026-04-23_FMP_Technicals_CRSP_daily,2026-04-23_FMP_Technicals_CRSP_daily,entity,,,,,,,,,,,,,,,[],,,Entity
world:entity:2026-04-23-fmp-technicals-cvx-daily,2026-06-01,2026-04-23_FMP_Technicals_CVX_daily,,,,Entities,,2026-04-23_FMP_Technicals_CVX_daily,2026-04-23_FMP_Technicals_CVX_daily,entity,,,,,,,,,,,,,,,[],,,Entity
world:entity:2026-04-23-fmp-technicals-d-daily,2026-06-01,2026-04-23_FMP_Technicals_D_daily,,,,Entities,,2026-04-23_FMP_Technicals_D_daily,2026-04-23_FMP_Technicals_D_daily,entity,,,,,,,,,,,,,,,[],,,Entity
world:entity:2026-04-23-fmp-technicals-de-daily,2026-06-01,2026-04-23_FMP_Technicals_DE_daily,,,,Entities,,2026-04-23_FMP_Technicals_DE_daily,2026-04-23_FMP_Technicals_DE_daily,entity,,,,,,,,,,,,,,,[],,,Entity
world:entity:2026-04-23-fmp-technicals-dftx-daily,2026-06-01,2026-04-23_FMP_Technicals_DFTX_daily,,,,Entities,,2026-04-23_FMP_Technicals_DFTX_daily,2026-04-23_FMP_Technicals_DFTX_daily,entity,,,,,,,,,,,,,,,[],,,Entity
world:entity:2026-04-23-fmp-technicals-dhi-daily,2026-06-01,2026-04-23_FMP_Technicals_DHI_daily,,,,Entities,,2026-04-23_FMP_Technicals_DHI_daily,2026-04-23_FMP_Technicals_DHI_daily,entity,,,,,,,,,,,,,,,[],,,Entity
world:entity:2026-04-23-fmp-technicals-dhr-daily,2026-06-01,2026-04-23_FMP_Technicals_DHR_daily,,,,Entities,,2026-04-23_FMP_Technicals_DHR_daily,2026-04-23_FMP_Technicals_DHR_daily,entity,,,,,,,,,,,,,,,[],,,Entity
world:entity:2026-04-23-fmp-technicals-dis-daily,2026-06-01,2026-04-23_FMP_Technicals_DIS_daily,,,,Entities,,2026-04-23_FMP_Technicals_DIS_daily,2026-04-23_FMP_Technicals_DIS_daily,entity,,,,,,,,,,,,,,,[],,,Entity
world:entity:2026-04-23-fmp-technicals-dlr-daily,2026-06-01,2026-04-23_FMP_Technicals_DLR_daily,,,,Entities,,2026-04-23_FMP_Technicals_DLR_daily,2026-04-23_FMP_Technicals_DLR_daily,entity,,,,,,,,,,,,,,,[],,,Entity
world:entity:2026-04-23-fmp-technicals-dpro-daily,2026-06-01,2026-04-23_FMP_Technicals_DPRO_daily,,,,Entities,,2026-04-23_FMP_Technicals_DPRO_daily,2026-04-23_FMP_Technicals_DPRO_daily,entity,,,,,,,,,,,,,,,[],,,Entity
world:entity:2026-04-23-fmp-technicals-duk-daily,2026-06-01,2026-04-23_FMP_Technicals_DUK_daily,,,,Entities,,2026-04-23_FMP_Technicals_DUK_daily,2026-04-23_FMP_Technicals_DUK_daily,entity,,,,,,,,,,,,,,,[],,,Entity
world:entity:2026-04-23-fmp-technicals-dvn-daily,2026-06-01,2026-04-23_FMP_Technicals_DVN_daily,,,,Entities,,2026-04-23_FMP_Technicals_DVN_daily,2026-04-23_FMP_Technicals_DVN_daily,entity,,,,,,,,,,,,,,,[],,,Entity
world:entity:2026-04-23-fmp-technicals-ea-daily,2026-06-01,2026-04-23_FMP_Technicals_EA_daily,,,,Entities,,2026-04-23_FMP_Technicals_EA_daily,2026-04-23_FMP_Technicals_EA_daily,entity,,,,,,,,,,,,,,,[],,,Entity
world:entity:2026-04-23-fmp-technicals-ecl-daily,2026-06-01,2026-04-23_FMP_Technicals_ECL_daily,,,,Entities,,2026-04-23_FMP_Technicals_ECL_daily,2026-04-23_FMP_Technicals_ECL_daily,entity,,,,,,,,,,,,,,,[],,,Entity
world:entity:2026-04-23-fmp-technicals-edit-daily,2026-06-01,2026-04-23_FMP_Technicals_EDIT_daily,,,,Entities,,2026-04-23_FMP_Technicals_EDIT_daily,2026-04-23_FMP_Technicals_EDIT_daily,entity,,,,,,,,,,,,,,,[],,,Entity
world:entity:2026-04-23-fmp-technicals-eh-daily,2026-06-01,2026-04-23_FMP_Technicals_EH_daily,,,,Entities,,2026-04-23_FMP_Technicals_EH_daily,2026-04-23_FMP_Technicals_EH_daily,entity,,,,,,,,,,,,,,,[],,,Entity
world:entity:2026-04-23-fmp-technicals-envx-daily,2026-06-01,2026-04-23_FMP_Technicals_ENVX_daily,,,,Entities,,2026-04-23_FMP_Technicals_ENVX_daily,2026-04-23_FMP_Technicals_ENVX_daily,entity,,,,,,,,,,,,,,,[],,,Entity
world:entity:2026-04-23-fmp-technicals-eog-daily,2026-06-01,2026-04-23_FMP_Technicals_EOG_daily,,,,Entities,,2026-04-23_FMP_Technicals_EOG_daily,2026-04-23_FMP_Technicals_EOG_daily,entity,,,,,,,,,,,,,,,[],,,Entity
world:entity:2026-04-23-fmp-technicals-eqix-daily,2026-06-01,2026-04-23_FMP_Technicals_EQIX_daily,,,,Entities,,2026-04-23_FMP_Technicals_EQIX_daily,2026-04-23_FMP_Technicals_EQIX_daily,entity,,,,,,,,,,,,,,,[],,,Entity
world:entity:2026-04-23-fmp-technicals-eslt-daily,2026-06-01,2026-04-23_FMP_Technicals_ESLT_daily,,,,Entities,,2026-04-23_FMP_Technicals_ESLT_daily,2026-04-23_FMP_Technicals_ESLT_daily,entity,,,,,,,,,,,,,,,[],,,Entity
world:entity:2026-04-23-fmp-technicals-etn-daily,2026-06-01,2026-04-23_FMP_Technicals_ETN_daily,,,,Entities,,2026-04-23_FMP_Technicals_ETN_daily,2026-04-23_FMP_Technicals_ETN_daily,entity,,,,,,,,,,,,,,,[],,,Entity
world:entity:2026-04-23-fmp-technicals-evtl-daily,2026-06-01,2026-04-23_FMP_Technicals_EVTL_daily,,,,Entities,,2026-04-23_FMP_Technicals_EVTL_daily,2026-04-23_FMP_Technicals_EVTL_daily,entity,,,,,,,,,,,,,,,[],,,Entity
world:entity:2026-04-23-fmp-technicals-exc-daily,2026-06-01,2026-04-23_FMP_Technicals_EXC_daily,,,,Entities,,2026-04-23_FMP_Technicals_EXC_daily,2026-04-23_FMP_Technicals_EXC_daily,entity,,,,,,,,,,,,,,,[],,,Entity
world:entity:2026-04-23-fmp-technicals-fcx-daily,2026-06-01,2026-04-23_FMP_Technicals_FCX_daily,,,,Entities,,2026-04-23_FMP_Technicals_FCX_daily,2026-04-23_FMP_Technicals_FCX_daily,entity,,,,,,,,,,,,,,,[],,,Entity
world:entity:2026-04-23-fmp-technicals-flnc-daily,2026-06-01,2026-04-23_FMP_Technicals_FLNC_daily,,,,Entities,,2026-04-23_FMP_Technicals_FLNC_daily,2026-04-23_FMP_Technicals_FLNC_daily,entity,,,,,,,,,,,,,,,[],,,Entity
world:entity:2026-04-23-fmp-technicals-gd-daily,2026-06-01,2026-04-23_FMP_Technicals_GD_daily,,,,Entities,,2026-04-23_FMP_Technicals_GD_daily,2026-04-23_FMP_Technicals_GD_daily,entity,,,,,,,,,,,,,,,[],,,Entity
world:entity:2026-04-23-fmp-technicals-ge-daily,2026-06-01,2026-04-23_FMP_Technicals_GE_daily,,,,Entities,,2026-04-23_FMP_Technicals_GE_daily,2026-04-23_FMP_Technicals_GE_daily,entity,,,,,,,,,,,,,,,[],,,Entity
world:entity:2026-04-23-fmp-technicals-gev-daily,2026-06-01,2026-04-23_FMP_Technicals_GEV_daily,,,,Entities,,2026-04-23_FMP_Technicals_GEV_daily,2026-04-23_FMP_Technicals_GEV_daily,entity,,,,,,,,,,,,,,,[],,,Entity
world:entity:2026-04-23-fmp-technicals-ghrs-daily,2026-06-01,2026-04-23_FMP_Technicals_GHRS_daily,,,,Entities,,2026-04-23_FMP_Technicals_GHRS_daily,2026-04-23_FMP_Technicals_GHRS_daily,entity,,,,,,,,,,,,,,,[],,,Entity
world:entity:2026-04-23-fmp-technicals-gis-daily,2026-06-01,2026-04-23_FMP_Technicals_GIS_daily,,,,Entities,,2026-04-23_FMP_Technicals_GIS_daily,2026-04-23_FMP_Technicals_GIS_daily,entity,,,,,,,,,,,,,,,[],,,Entity
world:entity:2026-04-23-fmp-technicals-gold-daily,2026-06-01,2026-04-23_FMP_Technicals_GOLD_daily,,,,Entities,,2026-04-23_FMP_Technicals_GOLD_daily,2026-04-23_FMP_Technicals_GOLD_daily,entity,,,,,,,,,,,,,,,[],,,Entity
world:entity:2026-04-23-fmp-technicals-googl-daily,2026-06-01,2026-04-23_FMP_Technicals_GOOGL_daily,,,,Entities,,2026-04-23_FMP_Technicals_GOOGL_daily,2026-04-23_FMP_Technicals_GOOGL_daily,entity,,,,,,,,,,,,,,,[],,,Entity
world:entity:2026-04-23-fmp-technicals-gs-daily,2026-06-01,2026-04-23_FMP_Technicals_GS_daily,,,,Entities,,2026-04-23_FMP_Technicals_GS_daily,2026-04-23_FMP_Technicals_GS_daily,entity,,,,,,,,,,,,,,,[],,,Entity
world:entity:2026-04-23-fmp-technicals-hal-daily,2026-06-01,2026-04-23_FMP_Technicals_HAL_daily,,,,Entities,,2026-04-23_FMP_Technicals_HAL_daily,2026-04-23_FMP_Technicals_HAL_daily,entity,,,,,,,,,,,,,,,[],,,Entity
world:entity:2026-04-23-fmp-technicals-hd-daily,2026-06-01,2026-04-23_FMP_Technicals_HD_daily,,,,Entities,,2026-04-23_FMP_Technicals_HD_daily,2026-04-23_FMP_Technicals_HD_daily,entity,,,,,,,,,,,,,,,[],,,Entity
world:entity:2026-04-23-fmp-technicals-help-daily,2026-06-01,2026-04-23_FMP_Technicals_HELP_daily,,,,Entities,,2026-04-23_FMP_Technicals_HELP_daily,2026-04-23_FMP_Technicals_HELP_daily,entity,,,,,,,,,,,,,,,[],,,Entity
world:entity:2026-04-23-fmp-technicals-hii-daily,2026-06-01,2026-04-23_FMP_Technicals_HII_daily,,,,Entities,,2026-04-23_FMP_Technicals_HII_daily,2026-04-23_FMP_Technicals_HII_daily,entity,,,,,,,,,,,,,,,[],,,Entity
world:entity:2026-04-23-fmp-technicals-hims-daily,2026-06-01,2026-04-23_FMP_Technicals_HIMS_daily,,,,Entities,,2026-04-23_FMP_Technicals_HIMS_daily,2026-04-23_FMP_Technicals_HIMS_daily,entity,,,,,,,,,,,,,,,[],,,Entity
world:entity:2026-04-23-fmp-technicals-hon-daily,2026-06-01,2026-04-23_FMP_Technicals_HON_daily,,,,Entities,,2026-04-23_FMP_Technicals_HON_daily,2026-04-23_FMP_Technicals_HON_daily,entity,,,,,,,,,,,,,,,[],,,Entity
world:entity:2026-04-23-fmp-technicals-hovr-daily,2026-06-01,2026-04-23_FMP_Technicals_HOVR_daily,,,,Entities,,2026-04-23_FMP_Technicals_HOVR_daily,2026-04-23_FMP_Technicals_HOVR_daily,entity,,,,,,,,,,,,,,,[],,,Entity
world:entity:2026-04-23-fmp-technicals-inva-daily,2026-06-01,2026-04-23_FMP_Technicals_INVA_daily,,,,Entities,,2026-04-23_FMP_Technicals_INVA_daily,2026-04-23_FMP_Technicals_INVA_daily,entity,,,,,,,,,,,,,,,[],,,Entity
world:entity:2026-04-23-fmp-technicals-ionq-daily,2026-06-01,2026-04-23_FMP_Technicals_IONQ_daily,,,,Entities,,2026-04-23_FMP_Technicals_IONQ_daily,2026-04-23_FMP_Technicals_IONQ_daily,entity,,,,,,,,,,,,,,,[],,,Entity
world:entity:2026-04-23-fmp-technicals-isrg-daily,2026-06-01,2026-04-23_FMP_Technicals_ISRG_daily,,,,Entities,,2026-04-23_FMP_Technicals_ISRG_daily,2026-04-23_FMP_Technicals_ISRG_daily,entity,,,,,,,,,,,,,,,[],,,Entity
world:entity:2026-04-23-fmp-technicals-jnj-daily,2026-06-01,2026-04-23_FMP_Technicals_JNJ_daily,,,,Entities,,2026-04-23_FMP_Technicals_JNJ_daily,2026-04-23_FMP_Technicals_JNJ_daily,entity,,,,,,,,,,,,,,,[],,,Entity
world:entity:2026-04-23-fmp-technicals-joby-daily,2026-06-01,2026-04-23_FMP_Technicals_JOBY_daily,,,,Entities,,2026-04-23_FMP_Technicals_JOBY_daily,2026-04-23_FMP_Technicals_JOBY_daily,entity,,,,,,,,,,,,,,,[],,,Entity
world:entity:2026-04-23-fmp-technicals-jpm-daily,2026-06-01,2026-04-23_FMP_Technicals_JPM_daily,,,,Entities,,2026-04-23_FMP_Technicals_JPM_daily,2026-04-23_FMP_Technicals_JPM_daily,entity,,,,,,,,,,,,,,,[],,,Entity
world:entity:2026-04-23-fmp-technicals-klac-daily,2026-06-01,2026-04-23_FMP_Technicals_KLAC_daily,,,,Entities,,2026-04-23_FMP_Technicals_KLAC_daily,2026-04-23_FMP_Technicals_KLAC_daily,entity,,,,,,,,,,,,,,,[],,,Entity
world:entity:2026-04-23-fmp-technicals-kmb-daily,2026-06-01,2026-04-23_FMP_Technicals_KMB_daily,,,,Entities,,2026-04-23_FMP_Technicals_KMB_daily,2026-04-23_FMP_Technicals_KMB_daily,entity,,,,,,,,,,,,,,,[],,,Entity
world:entity:2026-04-23-fmp-technicals-ko-daily,2026-06-01,2026-04-23_FMP_Technicals_KO_daily,,,,Entities,,2026-04-23_FMP_Technicals_KO_daily,2026-04-23_FMP_Technicals_KO_daily,entity,,,,,,,,,,,,,,,[],,,Entity
world:entity:2026-04-23-fmp-technicals-ktos-daily,2026-06-01,2026-04-23_FMP_Technicals_KTOS_daily,,,,Entities,,2026-04-23_FMP_Technicals_KTOS_daily,2026-04-23_FMP_Technicals_KTOS_daily,entity,,,,,,,,,,,,,,,[],,,Entity
world:entity:2026-04-23-fmp-technicals-ldos-daily,2026-06-01,2026-04-23_FMP_Technicals_LDOS_daily,,,,Entities,,2026-04-23_FMP_Technicals_LDOS_daily,2026-04-23_FMP_Technicals_LDOS_daily,entity,,,,,,,,,,,,,,,[],,,Entity
world:entity:2026-04-23-fmp-technicals-len-daily,2026-06-01,2026-04-23_FMP_Technicals_LEN_daily,,,,Entities,,2026-04-23_FMP_Technicals_LEN_daily,2026-04-23_FMP_Technicals_LEN_daily,entity,,,,,,,,,,,,,,,[],,,Entity
world:entity:2026-04-23-fmp-technicals-lhx-daily,2026-06-01,2026-04-23_FMP_Technicals_LHX_daily,,,,Entities,,2026-04-23_FMP_Technicals_LHX_daily,2026-04-23_FMP_Technicals_LHX_daily,entity,,,,,,,,,,,,,,,[],,,Entity
world:entity:2026-04-23-fmp-technicals-lin-daily,2026-06-01,2026-04-23_FMP_Technicals_LIN_daily,,,,Entities,,2026-04-23_FMP_Technicals_LIN_daily,2026-04-23_FMP_Technicals_LIN_daily,entity,,,,,,,,,,,,,,,[],,,Entity
world:entity:2026-04-23-fmp-technicals-lly-daily,2026-06-01,2026-04-23_FMP_Technicals_LLY_daily,,,,Entities,,2026-04-23_FMP_Technicals_LLY_daily,2026-04-23_FMP_Technicals_LLY_daily,entity,,,,,,,,,,,,,,,[],,,Entity
world:entity:2026-04-23-fmp-technicals-lmt-daily,2026-06-01,2026-04-23_FMP_Technicals_LMT_daily,,,,Entities,,2026-04-23_FMP_Technicals_LMT_daily,2026-04-23_FMP_Technicals_LMT_daily,entity,,,,,,,,,,,,,,,[],,,Entity
world:entity:2026-04-23-fmp-technicals-low-daily,2026-06-01,2026-04-23_FMP_Technicals_LOW_daily,,,,Entities,,2026-04-23_FMP_Technicals_LOW_daily,2026-04-23_FMP_Technicals_LOW_daily,entity,,,,,,,,,,,,,,,[],,,Entity
world:entity:2026-04-23-fmp-technicals-lrcx-daily,2026-06-01,2026-04-23_FMP_Technicals_LRCX_daily,,,,Entities,,2026-04-23_FMP_Technicals_LRCX_daily,2026-04-23_FMP_Technicals_LRCX_daily,entity,,,,,,,,,,,,,,,[],,,Entity
world:entity:2026-04-23-fmp-technicals-ma-daily,2026-06-01,2026-04-23_FMP_Technicals_MA_daily,,,,Entities,,2026-04-23_FMP_Technicals_MA_daily,2026-04-23_FMP_Technicals_MA_daily,entity,,,,,,,,,,,,,,,[],,,Entity
world:entity:2026-04-23-fmp-technicals-mcd-daily,2026-06-01,2026-04-23_FMP_Technicals_MCD_daily,,,,Entities,,2026-04-23_FMP_Technicals_MCD_daily,2026-04-23_FMP_Technicals_MCD_daily,entity,,,,,,,,,,,,,,,[],,,Entity
world:entity:2026-04-23-fmp-technicals-meta-daily,2026-06-01,2026-04-23_FMP_Technicals_META_daily,,,,Entities,,2026-04-23_FMP_Technicals_META_daily,2026-04-23_FMP_Technicals_META_daily,entity,,,,,,,,,,,,,,,[],,,Entity
world:entity:2026-04-23-fmp-technicals-mmm-daily,2026-06-01,2026-04-23_FMP_Technicals_MMM_daily,,,,Entities,,2026-04-23_FMP_Technicals_MMM_daily,2026-04-23_FMP_Technicals_MMM_daily,entity,,,,,,,,,,,,,,,[],,,Entity
world:entity:2026-04-23-fmp-technicals-mnts-daily,2026-06-01,2026-04-23_FMP_Technicals_MNTS_daily,,,,Entities,,2026-04-23_FMP_Technicals_MNTS_daily,2026-04-23_FMP_Technicals_MNTS_daily,entity,,,,,,,,,,,,,,,[],,,Entity
world:entity:2026-04-23-fmp-technicals-mo-daily,2026-06-01,2026-04-23_FMP_Technicals_MO_daily,,,,Entities,,2026-04-23_FMP_Technicals_MO_daily,2026-04-23_FMP_Technicals_MO_daily,entity,,,,,,,,,,,,,,,[],,,Entity
world:entity:2026-04-23-fmp-technicals-mos-daily,2026-06-01,2026-04-23_FMP_Technicals_MOS_daily,,,,Entities,,2026-04-23_FMP_Technicals_MOS_daily,2026-04-23_FMP_Technicals_MOS_daily,entity,,,,,,,,,,,,,,,[],,,Entity
world:entity:2026-04-23-fmp-technicals-mpc-daily,2026-06-01,2026-04-23_FMP_Technicals_MPC_daily,,,,Entities,,2026-04-23_FMP_Technicals_MPC_daily,2026-04-23_FMP_Technicals_MPC_daily,entity,,,,,,,,,,,,,,,[],,,Entity
world:entity:2026-04-23-fmp-technicals-mrk-daily,2026-06-01,2026-04-23_FMP_Technicals_MRK_daily,,,,Entities,,2026-04-23_FMP_Technicals_MRK_daily,2026-04-23_FMP_Technicals_MRK_daily,entity,,,,,,,,,,,,,,,[],,,Entity
world:entity:2026-04-23-fmp-technicals-ms-daily,2026-06-01,2026-04-23_FMP_Technicals_MS_daily,,,,Entities,,2026-04-23_FMP_Technicals_MS_daily,2026-04-23_FMP_Technicals_MS_daily,entity,,,,,,,,,,,,,,,[],,,Entity
world:entity:2026-04-23-fmp-technicals-msft-daily,2026-06-01,2026-04-23_FMP_Technicals_MSFT_daily,,,,Entities,,2026-04-23_FMP_Technicals_MSFT_daily,2026-04-23_FMP_Technicals_MSFT_daily,entity,,,,,,,,,,,,,,,[],,,Entity
world:entity:2026-04-23-fmp-technicals-mstr-daily,2026-06-01,2026-04-23_FMP_Technicals_MSTR_daily,,,,Entities,,2026-04-23_FMP_Technicals_MSTR_daily,2026-04-23_FMP_Technicals_MSTR_daily,entity,,,,,,,,,,,,,,,[],,,Entity
world:entity:2026-04-23-fmp-technicals-nbix-daily,2026-06-01,2026-04-23_FMP_Technicals_NBIX_daily,,,,Entities,,2026-04-23_FMP_Technicals_NBIX_daily,2026-04-23_FMP_Technicals_NBIX_daily,entity,,,,,,,,,,,,,,,[],,,Entity
world:entity:2026-04-23-fmp-technicals-nee-daily,2026-06-01,2026-04-23_FMP_Technicals_NEE_daily,,,,Entities,,2026-04-23_FMP_Technicals_NEE_daily,2026-04-23_FMP_Technicals_NEE_daily,entity,,,,,,,,,,,,,,,[],,,Entity
world:entity:2026-04-23-fmp-technicals-nem-daily,2026-06-01,2026-04-23_FMP_Technicals_NEM_daily,,,,Entities,,2026-04-23_FMP_Technicals_NEM_daily,2026-04-23_FMP_Technicals_NEM_daily,entity,,,,,,,,,,,,,,,[],,,Entity
world:entity:2026-04-23-fmp-technicals-nflx-daily,2026-06-01,2026-04-23_FMP_Technicals_NFLX_daily,,,,Entities,,2026-04-23_FMP_Technicals_NFLX_daily,2026-04-23_FMP_Technicals_NFLX_daily,entity,,,,,,,,,,,,,,,[],,,Entity
world:entity:2026-04-23-fmp-technicals-nke-daily,2026-06-01,2026-04-23_FMP_Technicals_NKE_daily,,,,Entities,,2026-04-23_FMP_Technicals_NKE_daily,2026-04-23_FMP_Technicals_NKE_daily,entity,,,,,,,,,,,,,,,[],,,Entity
world:entity:2026-04-23-fmp-technicals-nne-daily,2026-06-01,2026-04-23_FMP_Technicals_NNE_daily,,,,Entities,,2026-04-23_FMP_Technicals_NNE_daily,2026-04-23_FMP_Technicals_NNE_daily,entity,,,,,,,,,,,,,,,[],,,Entity
world:entity:2026-04-23-fmp-technicals-noc-daily,2026-06-01,2026-04-23_FMP_Technicals_NOC_daily,,,,Entities,,2026-04-23_FMP_Technicals_NOC_daily,2026-04-23_FMP_Technicals_NOC_daily,entity,,,,,,,,,,,,,,,[],,,Entity
world:entity:2026-04-23-fmp-technicals-nrg-daily,2026-06-01,2026-04-23_FMP_Technicals_NRG_daily,,,,Entities,,2026-04-23_FMP_Technicals_NRG_daily,2026-04-23_FMP_Technicals_NRG_daily,entity,,,,,,,,,,,,,,,[],,,Entity
world:entity:2026-04-23-fmp-technicals-ntla-daily,2026-06-01,2026-04-23_FMP_Technicals_NTLA_daily,,,,Entities,,2026-04-23_FMP_Technicals_NTLA_daily,2026-04-23_FMP_Technicals_NTLA_daily,entity,,,,,,,,,,,,,,,[],,,Entity
world:entity:2026-04-23-fmp-technicals-nue-daily,2026-06-01,2026-04-23_FMP_Technicals_NUE_daily,,,,Entities,,2026-04-23_FMP_Technicals_NUE_daily,2026-04-23_FMP_Technicals_NUE_daily,entity,,,,,,,,,,,,,,,[],,,Entity
world:entity:2026-04-23-fmp-technicals-nvda-daily,2026-06-01,2026-04-23_FMP_Technicals_NVDA_daily,,,,Entities,,2026-04-23_FMP_Technicals_NVDA_daily,2026-04-23_FMP_Technicals_NVDA_daily,entity,,,,,,,,,,,,,,,[],,,Entity
world:entity:2026-04-23-fmp-technicals-nvr-daily,2026-06-01,2026-04-23_FMP_Technicals_NVR_daily,,,,Entities,,2026-04-23_FMP_Technicals_NVR_daily,2026-04-23_FMP_Technicals_NVR_daily,entity,,,,,,,,,,,,,,,[],,,Entity
world:entity:2026-04-23-fmp-technicals-o-daily,2026-06-01,2026-04-23_FMP_Technicals_O_daily,,,,Entities,,2026-04-23_FMP_Technicals_O_daily,2026-04-23_FMP_Technicals_O_daily,entity,,,,,,,,,,,,,,,[],,,Entity
world:entity:2026-04-23-fmp-technicals-oklo-daily,2026-06-01,2026-04-23_FMP_Technicals_OKLO_daily,,,,Entities,,2026-04-23_FMP_Technicals_OKLO_daily,2026-04-23_FMP_Technicals_OKLO_daily,entity,,,,,,,,,,,,,,,[],,,Entity
world:entity:2026-04-23-fmp-technicals-on-daily,2026-06-01,2026-04-23_FMP_Technicals_ON_daily,,,,Entities,,2026-04-23_FMP_Technicals_ON_daily,2026-04-23_FMP_Technicals_ON_daily,entity,,,,,,,,,,,,,,,[],,,Entity
world:entity:2026-04-23-fmp-technicals-onds-daily,2026-06-01,2026-04-23_FMP_Technicals_ONDS_daily,,,,Entities,,2026-04-23_FMP_Technicals_ONDS_daily,2026-04-23_FMP_Technicals_ONDS_daily,entity,,,,,,,,,,,,,,,[],,,Entity
world:entity:2026-04-23-fmp-technicals-onto-daily,2026-06-01,2026-04-23_FMP_Technicals_ONTO_daily,,,,Entities,,2026-04-23_FMP_Technicals_ONTO_daily,2026-04-23_FMP_Technicals_ONTO_daily,entity,,,,,,,,,,,,,,,[],,,Entity
world:entity:2026-04-23-fmp-technicals-orcl-daily,2026-06-01,2026-04-23_FMP_Technicals_ORCL_daily,,,,Entities,,2026-04-23_FMP_Technicals_ORCL_daily,2026-04-23_FMP_Technicals_ORCL_daily,entity,,,,,,,,,,,,,,,[],,,Entity
world:entity:2026-04-23-fmp-technicals-oxy-daily,2026-06-01,2026-04-23_FMP_Technicals_OXY_daily,,,,Entities,,2026-04-23_FMP_Technicals_OXY_daily,2026-04-23_FMP_Technicals_OXY_daily,entity,,,,,,,,,,,,,,,[],,,Entity
world:entity:2026-04-23-fmp-technicals-pep-daily,2026-06-01,2026-04-23_FMP_Technicals_PEP_daily,,,,Entities,,2026-04-23_FMP_Technicals_PEP_daily,2026-04-23_FMP_Technicals_PEP_daily,entity,,,,,,,,,,,,,,,[],,,Entity
world:entity:2026-04-23-fmp-technicals-pfe-daily,2026-06-01,2026-04-23_FMP_Technicals_PFE_daily,,,,Entities,,2026-04-23_FMP_Technicals_PFE_daily,2026-04-23_FMP_Technicals_PFE_daily,entity,,,,,,,,,,,,,,,[],,,Entity
world:entity:2026-04-23-fmp-technicals-pg-daily,2026-06-01,2026-04-23_FMP_Technicals_PG_daily,,,,Entities,,2026-04-23_FMP_Technicals_PG_daily,2026-04-23_FMP_Technicals_PG_daily,entity,,,,,,,,,,,,,,,[],,,Entity
world:entity:2026-04-23-fmp-technicals-pl-daily,2026-06-01,2026-04-23_FMP_Technicals_PL_daily,,,,Entities,,2026-04-23_FMP_Technicals_PL_daily,2026-04-23_FMP_Technicals_PL_daily,entity,,,,,,,,,,,,,,,[],,,Entity
world:entity:2026-04-23-fmp-technicals-pld-daily,2026-06-01,2026-04-23_FMP_Technicals_PLD_daily,,,,Entities,,2026-04-23_FMP_Technicals_PLD_daily,2026-04-23_FMP_Technicals_PLD_daily,entity,,,,,,,,,,,,,,,[],,,Entity
world:entity:2026-04-23-fmp-technicals-pltr-daily,2026-06-01,2026-04-23_FMP_Technicals_PLTR_daily,,,,Entities,,2026-04-23_FMP_Technicals_PLTR_daily,2026-04-23_FMP_Technicals_PLTR_daily,entity,,,,,,,,,,,,,,,[],,,Entity
world:entity:2026-04-23-fmp-technicals-pm-daily,2026-06-01,2026-04-23_FMP_Technicals_PM_daily,,,,Entities,,2026-04-23_FMP_Technicals_PM_daily,2026-04-23_FMP_Technicals_PM_daily,entity,,,,,,,,,,,,,,,[],,,Entity
world:entity:2026-04-23-fmp-technicals-ppg-daily,2026-06-01,2026-04-23_FMP_Technicals_PPG_daily,,,,Entities,,2026-04-23_FMP_Technicals_PPG_daily,2026-04-23_FMP_Technicals_PPG_daily,entity,,,,,,,,,,,,,,,[],,,Entity
world:entity:2026-04-23-fmp-technicals-prta-daily,2026-06-01,2026-04-23_FMP_Technicals_PRTA_daily,,,,Entities,,2026-04-23_FMP_Technicals_PRTA_daily,2026-04-23_FMP_Technicals_PRTA_daily,entity,,,,,,,,,,,,,,,[],,,Entity
world:entity:2026-04-23-fmp-technicals-psa-daily,2026-06-01,2026-04-23_FMP_Technicals_PSA_daily,,,,Entities,,2026-04-23_FMP_Technicals_PSA_daily,2026-04-23_FMP_Technicals_PSA_daily,entity,,,,,,,,,,,,,,,[],,,Entity
world:entity:2026-04-23-fmp-technicals-psil-daily,2026-06-01,2026-04-23_FMP_Technicals_PSIL_daily,,,,Entities,,2026-04-23_FMP_Technicals_PSIL_daily,2026-04-23_FMP_Technicals_PSIL_daily,entity,,,,,,,,,,,,,,,[],,,Entity
world:entity:2026-04-23-fmp-technicals-psx-daily,2026-06-01,2026-04-23_FMP_Technicals_PSX_daily,,,,Entities,,2026-04-23_FMP_Technicals_PSX_daily,2026-04-23_FMP_Technicals_PSX_daily,entity,,,,,,,,,,,,,,,[],,,Entity
world:entity:2026-04-23-fmp-technicals-qcom-daily,2026-06-01,2026-04-23_FMP_Technicals_QCOM_daily,,,,Entities,,2026-04-23_FMP_Technicals_QCOM_daily,2026-04-23_FMP_Technicals_QCOM_daily,entity,,,,,,,,,,,,,,,[],,,Entity
world:entity:2026-04-23-fmp-technicals-qubt-daily,2026-06-01,2026-04-23_FMP_Technicals_QUBT_daily,,,,Entities,,2026-04-23_FMP_Technicals_QUBT_daily,2026-04-23_FMP_Technicals_QUBT_daily,entity,,,,,,,,,,,,,,,[],,,Entity
world:entity:2026-04-23-fmp-technicals-rcat-daily,2026-06-01,2026-04-23_FMP_Technicals_RCAT_daily,,,,Entities,,2026-04-23_FMP_Technicals_RCAT_daily,2026-04-23_FMP_Technicals_RCAT_daily,entity,,,,,,,,,,,,,,,[],,,Entity
world:entity:2026-04-23-fmp-technicals-rgti-daily,2026-06-01,2026-04-23_FMP_Technicals_RGTI_daily,,,,Entities,,2026-04-23_FMP_Technicals_RGTI_daily,2026-04-23_FMP_Technicals_RGTI_daily,entity,,,,,,,,,,,,,,,[],,,Entity
world:entity:2026-04-23-fmp-technicals-rklb-daily,2026-06-01,2026-04-23_FMP_Technicals_RKLB_daily,,,,Entities,,2026-04-23_FMP_Technicals_RKLB_daily,2026-04-23_FMP_Technicals_RKLB_daily,entity,,,,,,,,,,,,,,,[],,,Entity
world:entity:2026-04-23-fmp-technicals-rprx-daily,2026-06-01,2026-04-23_FMP_Technicals_RPRX_daily,,,,Entities,,2026-04-23_FMP_Technicals_RPRX_daily,2026-04-23_FMP_Technicals_RPRX_daily,entity,,,,,,,,,,,,,,,[],,,Entity
world:entity:2026-04-23-fmp-technicals-rtx-daily,2026-06-01,2026-04-23_FMP_Technicals_RTX_daily,,,,Entities,,2026-04-23_FMP_Technicals_RTX_daily,2026-04-23_FMP_Technicals_RTX_daily,entity,,,,,,,,,,,,,,,[],,,Entity
world:entity:2026-04-23-fmp-technicals-saic-daily,2026-06-01,2026-04-23_FMP_Technicals_SAIC_daily,,,,Entities,,2026-04-23_FMP_Technicals_SAIC_daily,2026-04-23_FMP_Technicals_SAIC_daily,entity,,,,,,,,,,,,,,,[],,,Entity
world:entity:2026-04-23-fmp-technicals-sbux-daily,2026-06-01,2026-04-23_FMP_Technicals_SBUX_daily,,,,Entities,,2026-04-23_FMP_Technicals_SBUX_daily,2026-04-23_FMP_Technicals_SBUX_daily,entity,,,,,,,,,,,,,,,[],,,Entity
world:entity:2026-04-23-fmp-technicals-shw-daily,2026-06-01,2026-04-23_FMP_Technicals_SHW_daily,,,,Entities,,2026-04-23_FMP_Technicals_SHW_daily,2026-04-23_FMP_Technicals_SHW_daily,entity,,,,,,,,,,,,,,,[],,,Entity
world:entity:2026-04-23-fmp-technicals-sky-daily,2026-06-01,2026-04-23_FMP_Technicals_SKY_daily,,,,Entities,,2026-04-23_FMP_Technicals_SKY_daily,2026-04-23_FMP_Technicals_SKY_daily,entity,,,,,,,,,,,,,,,[],,,Entity
world:entity:2026-04-23-fmp-technicals-slb-daily,2026-06-01,2026-04-23_FMP_Technicals_SLB_daily,,,,Entities,,2026-04-23_FMP_Technicals_SLB_daily,2026-04-23_FMP_Technicals_SLB_daily,entity,,,,,,,,,,,,,,,[],,,Entity
world:entity:2026-04-23-fmp-technicals-smr-daily,2026-06-01,2026-04-23_FMP_Technicals_SMR_daily,,,,Entities,,2026-04-23_FMP_Technicals_SMR_daily,2026-04-23_FMP_Technicals_SMR_daily,entity,,,,,,,,,,,,,,,[],,,Entity
world:entity:2026-04-23-fmp-technicals-so-daily,2026-06-01,2026-04-23_FMP_Technicals_SO_daily,,,,Entities,,2026-04-23_FMP_Technicals_SO_daily,2026-04-23_FMP_Technicals_SO_daily,entity,,,,,,,,,,,,,,,[],,,Entity
world:entity:2026-04-23-fmp-technicals-spg-daily,2026-06-01,2026-04-23_FMP_Technicals_SPG_daily,,,,Entities,,2026-04-23_FMP_Technicals_SPG_daily,2026-04-23_FMP_Technicals_SPG_daily,entity,,,,,,,,,,,,,,,[],,,Entity
world:entity:2026-04-23-fmp-technicals-spir-daily,2026-06-01,2026-04-23_FMP_Technicals_SPIR_daily,,,,Entities,,2026-04-23_FMP_Technicals_SPIR_daily,2026-04-23_FMP_Technicals_SPIR_daily,entity,,,,,,,,,,,,,,,[],,,Entity
world:entity:2026-04-23-fmp-technicals-spro-daily,2026-06-01,2026-04-23_FMP_Technicals_SPRO_daily,,,,Entities,,2026-04-23_FMP_Technicals_SPRO_daily,2026-04-23_FMP_Technicals_SPRO_daily,entity,,,,,,,,,,,,,,,[],,,Entity
world:entity:2026-04-23-fmp-technicals-sre-daily,2026-06-01,2026-04-23_FMP_Technicals_SRE_daily,,,,Entities,,2026-04-23_FMP_Technicals_SRE_daily,2026-04-23_FMP_Technicals_SRE_daily,entity,,,,,,,,,,,,,,,[],,,Entity
world:entity:2026-04-23-fmp-technicals-stem-daily,2026-06-01,2026-04-23_FMP_Technicals_STEM_daily,,,,Entities,,2026-04-23_FMP_Technicals_STEM_daily,2026-04-23_FMP_Technicals_STEM_daily,entity,,,,,,,,,,,,,,,[],,,Entity
world:entity:2026-04-23-fmp-technicals-strl-daily,2026-06-01,2026-04-23_FMP_Technicals_STRL_daily,,,,Entities,,2026-04-23_FMP_Technicals_STRL_daily,2026-04-23_FMP_Technicals_STRL_daily,entity,,,,,,,,,,,,,,,[],,,Entity
world:entity:2026-04-23-fmp-technicals-t-daily,2026-06-01,2026-04-23_FMP_Technicals_T_daily,,,,Entities,,2026-04-23_FMP_Technicals_T_daily,2026-04-23_FMP_Technicals_T_daily,entity,,,,,,,,,,,,,,,[],,,Entity
world:entity:2026-04-23-fmp-technicals-tdg-daily,2026-06-01,2026-04-23_FMP_Technicals_TDG_daily,,,,Entities,,2026-04-23_FMP_Technicals_TDG_daily,2026-04-23_FMP_Technicals_TDG_daily,entity,,,,,,,,,,,,,,,[],,,Entity
world:entity:2026-04-23-fmp-technicals-tdy-daily,2026-06-01,2026-04-23_FMP_Technicals_TDY_daily,,,,Entities,,2026-04-23_FMP_Technicals_TDY_daily,2026-04-23_FMP_Technicals_TDY_daily,entity,,,,,,,,,,,,,,,[],,,Entity
world:entity:2026-04-23-fmp-technicals-tjx-daily,2026-06-01,2026-04-23_FMP_Technicals_TJX_daily,,,,Entities,,2026-04-23_FMP_Technicals_TJX_daily,2026-04-23_FMP_Technicals_TJX_daily,entity,,,,,,,,,,,,,,,[],,,Entity
world:entity:2026-04-23-fmp-technicals-tmhc-daily,2026-06-01,2026-04-23_FMP_Technicals_TMHC_daily,,,,Entities,,2026-04-23_FMP_Technicals_TMHC_daily,2026-04-23_FMP_Technicals_TMHC_daily,entity,,,,,,,,,,,,,,,[],,,Entity
world:entity:2026-04-23-fmp-technicals-tmo-daily,2026-06-01,2026-04-23_FMP_Technicals_TMO_daily,,,,Entities,,2026-04-23_FMP_Technicals_TMO_daily,2026-04-23_FMP_Technicals_TMO_daily,entity,,,,,,,,,,,,,,,[],,,Entity
world:entity:2026-04-23-fmp-technicals-tol-daily,2026-06-01,2026-04-23_FMP_Technicals_TOL_daily,,,,Entities,,2026-04-23_FMP_Technicals_TOL_daily,2026-04-23_FMP_Technicals_TOL_daily,entity,,,,,,,,,,,,,,,[],,,Entity
world:entity:2026-04-23-fmp-technicals-tsla-daily,2026-06-01,2026-04-23_FMP_Technicals_TSLA_daily,,,,Entities,,2026-04-23_FMP_Technicals_TSLA_daily,2026-04-23_FMP_Technicals_TSLA_daily,entity,,,,,,,,,,,,,,,[],,,Entity
world:entity:2026-04-23-fmp-technicals-txt-daily,2026-06-01,2026-04-23_FMP_Technicals_TXT_daily,,,,Entities,,2026-04-23_FMP_Technicals_TXT_daily,2026-04-23_FMP_Technicals_TXT_daily,entity,,,,,,,,,,,,,,,[],,,Entity
world:entity:2026-04-23-fmp-technicals-umac-daily,2026-06-01,2026-04-23_FMP_Technicals_UMAC_daily,,,,Entities,,2026-04-23_FMP_Technicals_UMAC_daily,2026-04-23_FMP_Technicals_UMAC_daily,entity,,,,,,,,,,,,,,,[],,,Entity
world:entity:2026-04-23-fmp-technicals-unh-daily,2026-06-01,2026-04-23_FMP_Technicals_UNH_daily,,,,Entities,,2026-04-23_FMP_Technicals_UNH_daily,2026-04-23_FMP_Technicals_UNH_daily,entity,,,,,,,,,,,,,,,[],,,Entity
world:entity:2026-04-23-fmp-technicals-unp-daily,2026-06-01,2026-04-23_FMP_Technicals_UNP_daily,,,,Entities,,2026-04-23_FMP_Technicals_UNP_daily,2026-04-23_FMP_Technicals_UNP_daily,entity,,,,,,,,,,,,,,,[],,,Entity
world:entity:2026-04-23-fmp-technicals-unty-daily,2026-06-01,2026-04-23_FMP_Technicals_UNTY_daily,,,,Entities,,2026-04-23_FMP_Technicals_UNTY_daily,2026-04-23_FMP_Technicals_UNTY_daily,entity,,,,,,,,,,,,,,,[],,,Entity
world:entity:2026-04-23-fmp-technicals-v-daily,2026-06-01,2026-04-23_FMP_Technicals_V_daily,,,,Entities,,2026-04-23_FMP_Technicals_V_daily,2026-04-23_FMP_Technicals_V_daily,entity,,,,,,,,,,,,,,,[],,,Entity
world:entity:2026-04-23-fmp-technicals-vktx-daily,2026-06-01,2026-04-23_FMP_Technicals_VKTX_daily,,,,Entities,,2026-04-23_FMP_Technicals_VKTX_daily,2026-04-23_FMP_Technicals_VKTX_daily,entity,,,,,,,,,,,,,,,[],,,Entity
world:entity:2026-04-23-fmp-technicals-vlo-daily,2026-06-01,2026-04-23_FMP_Technicals_VLO_daily,,,,Entities,,2026-04-23_FMP_Technicals_VLO_daily,2026-04-23_FMP_Technicals_VLO_daily,entity,,,,,,,,,,,,,,,[],,,Entity
world:entity:2026-04-23-fmp-technicals-vst-daily,2026-06-01,2026-04-23_FMP_Technicals_VST_daily,,,,Entities,,2026-04-23_FMP_Technicals_VST_daily,2026-04-23_FMP_Technicals_VST_daily,entity,,,,,,,,,,,,,,,[],,,Entity
world:entity:2026-04-23-fmp-technicals-vz-daily,2026-06-01,2026-04-23_FMP_Technicals_VZ_daily,,,,Entities,,2026-04-23_FMP_Technicals_VZ_daily,2026-04-23_FMP_Technicals_VZ_daily,entity,,,,,,,,,,,,,,,[],,,Entity
world:entity:2026-04-23-fmp-technicals-well-daily,2026-06-01,2026-04-23_FMP_Technicals_WELL_daily,,,,Entities,,2026-04-23_FMP_Technicals_WELL_daily,2026-04-23_FMP_Technicals_WELL_daily,entity,,,,,,,,,,,,,,,[],,,Entity
world:entity:2026-04-23-fmp-technicals-wfc-daily,2026-06-01,2026-04-23_FMP_Technicals_WFC_daily,,,,Entities,,2026-04-23_FMP_Technicals_WFC_daily,2026-04-23_FMP_Technicals_WFC_daily,entity,,,,,,,,,,,,,,,[],,,Entity
world:entity:2026-04-23-fmp-technicals-wm-daily,2026-06-01,2026-04-23_FMP_Technicals_WM_daily,,,,Entities,,2026-04-23_FMP_Technicals_WM_daily,2026-04-23_FMP_Technicals_WM_daily,entity,,,,,,,,,,,,,,,[],,,Entity
world:entity:2026-04-23-fmp-technicals-wmt-daily,2026-06-01,2026-04-23_FMP_Technicals_WMT_daily,,,,Entities,,2026-04-23_FMP_Technicals_WMT_daily,2026-04-23_FMP_Technicals_WMT_daily,entity,,,,,,,,,,,,,,,[],,,Entity
world:entity:2026-04-23-fmp-technicals-wolf-daily,2026-06-01,2026-04-23_FMP_Technicals_WOLF_daily,,,,Entities,,2026-04-23_FMP_Technicals_WOLF_daily,2026-04-23_FMP_Technicals_WOLF_daily,entity,,,,,,,,,,,,,,,[],,,Entity
world:entity:2026-04-23-fmp-technicals-wpm-daily,2026-06-01,2026-04-23_FMP_Technicals_WPM_daily,,,,Entities,,2026-04-23_FMP_Technicals_WPM_daily,2026-04-23_FMP_Technicals_WPM_daily,entity,,,,,,,,,,,,,,,[],,,Entity
world:entity:2026-04-23-fmp-technicals-xel-daily,2026-06-01,2026-04-23_FMP_Technicals_XEL_daily,,,,Entities,,2026-04-23_FMP_Technicals_XEL_daily,2026-04-23_FMP_Technicals_XEL_daily,entity,,,,,,,,,,,,,,,[],,,Entity
world:entity:2026-04-23-fmp-technicals-xom-daily,2026-06-01,2026-04-23_FMP_Technicals_XOM_daily,,,,Entities,,2026-04-23_FMP_Technicals_XOM_daily,2026-04-23_FMP_Technicals_XOM_daily,entity,,,,,,,,,,,,,,,[],,,Entity
world:entity:2026-04-23-fmp-technicals-xoma-daily,2026-06-01,2026-04-23_FMP_Technicals_XOMA_daily,,,,Entities,,2026-04-23_FMP_Technicals_XOMA_daily,2026-04-23_FMP_Technicals_XOMA_daily,entity,,,,,,,,,,,,,,,[],,,Entity
world:entity:2026-04-23-fmp-thesis-watchlist-ai-power-defense-stack,2026-06-01,2026-04-23_FMP_Thesis_Watchlist_AI_Power_Defense_Stack,,,,Entities,,2026-04-23_FMP_Thesis_Watchlist_AI_Power_Defense_Stack,2026-04-23_FMP_Thesis_Watchlist_AI_Power_Defense_Stack,entity,,,,,,,,,,,,,,,[],,,Entity
world:entity:2026-04-23-fmp-thesis-watchlist-ai-power-infrastructure,2026-06-01,2026-04-23_FMP_Thesis_Watchlist_AI_Power_Infrastructure,,,,Entities,,2026-04-23_FMP_Thesis_Watchlist_AI_Power_Infrastructure,2026-04-23_FMP_Thesis_Watchlist_AI_Power_Infrastructure,entity,,,,,,,,,,,,,,,[],,,Entity
world:entity:2026-04-23-fmp-thesis-watchlist-alzheimer-s-disease-modification,2026-06-01,2026-04-23_FMP_Thesis_Watchlist_Alzheimer's_Disease_Modification,,,,Entities,,2026-04-23_FMP_Thesis_Watchlist_Alzheimer's_Disease_Modification,2026-04-23_FMP_Thesis_Watchlist_Alzheimer's_Disease_Modification,entity,,,,,,,,,,,,,,,[],,,Entity
world:entity:2026-04-23-fmp-thesis-watchlist-antimicrobial-resistance-pipeline,2026-06-01,2026-04-23_FMP_Thesis_Watchlist_Antimicrobial_Resistance_Pipeline,,,,Entities,,2026-04-23_FMP_Thesis_Watchlist_Antimicrobial_Resistance_Pipeline,2026-04-23_FMP_Thesis_Watchlist_Antimicrobial_Resistance_Pipeline,entity,,,,,,,,,,,,,,,[],,,Entity
world:entity:2026-04-23-fmp-thesis-watchlist-biosecurity-compute-convergence,2026-06-01,2026-04-23_FMP_Thesis_Watchlist_Biosecurity_Compute_Convergence,,,,Entities,,2026-04-23_FMP_Thesis_Watchlist_Biosecurity_Compute_Convergence,2026-04-23_FMP_Thesis_Watchlist_Biosecurity_Compute_Convergence,entity,,,,,,,,,,,,,,,[],,,Entity
world:entity:2026-04-23-fmp-thesis-watchlist-defense-ai-autonomous-warfare,2026-06-01,2026-04-23_FMP_Thesis_Watchlist_Defense_AI_&_Autonomous_Warfare,,,,Entities,,2026-04-23_FMP_Thesis_Watchlist_Defense_AI_&_Autonomous_Warfare,2026-04-23_FMP_Thesis_Watchlist_Defense_AI_&_Autonomous_Warfare,entity,,,,,,,,,,,,,,,[],,,Entity
world:entity:2026-04-23-fmp-thesis-watchlist-dollar-debasement-hard-money,2026-06-01,2026-04-23_FMP_Thesis_Watchlist_Dollar_Debasement_&_Hard_Money,,,,Entities,,2026-04-23_FMP_Thesis_Watchlist_Dollar_Debasement_&_Hard_Money,2026-04-23_FMP_Thesis_Watchlist_Dollar_Debasement_&_Hard_Money,entity,,,,,,,,,,,,,,,[],,,Entity
world:entity:2026-04-23-fmp-thesis-watchlist-drone-autonomous-systems-revolution,2026-06-01,2026-04-23_FMP_Thesis_Watchlist_Drone_&_Autonomous_Systems_Revolution,,,,Entities,,2026-04-23_FMP_Thesis_Watchlist_Drone_&_Autonomous_Systems_Revolution,2026-04-23_FMP_Thesis_Watchlist_Drone_&_Autonomous_Systems_Revolution,entity,,,,,,,,,,,,,,,[],,,Entity
world:entity:2026-04-23-fmp-thesis-watchlist-fiscal-scarcity-rearmament,2026-06-01,2026-04-23_FMP_Thesis_Watchlist_Fiscal_Scarcity_Rearmament,,,,Entities,,2026-04-23_FMP_Thesis_Watchlist_Fiscal_Scarcity_Rearmament,2026-04-23_FMP_Thesis_Watchlist_Fiscal_Scarcity_Rearmament,entity,,,,,,,,,,,,,,,[],,,Entity
world:entity:2026-04-23-fmp-thesis-watchlist-gene-editing-crispr-therapeutics,2026-06-01,2026-04-23_FMP_Thesis_Watchlist_Gene_Editing_&_CRISPR_Therapeutics,,,,Entities,,2026-04-23_FMP_Thesis_Watchlist_Gene_Editing_&_CRISPR_Therapeutics,2026-04-23_FMP_Thesis_Watchlist_Gene_Editing_&_CRISPR_Therapeutics,entity,,,,,,,,,,,,,,,[],,,Entity
world:entity:2026-04-23-fmp-thesis-watchlist-glp-1-metabolic-disease-revolution,2026-06-01,2026-04-23_FMP_Thesis_Watchlist_GLP-1_Metabolic_Disease_Revolution,,,,Entities,,2026-04-23_FMP_Thesis_Watchlist_GLP-1_Metabolic_Disease_Revolution,2026-04-23_FMP_Thesis_Watchlist_GLP-1_Metabolic_Disease_Revolution,entity,,,,,,,,,,,,,,,[],,,Entity
world:entity:2026-04-23-fmp-thesis-watchlist-grid-scale-battery-storage,2026-06-01,2026-04-23_FMP_Thesis_Watchlist_Grid-Scale_Battery_Storage,,,,Entities,,2026-04-23_FMP_Thesis_Watchlist_Grid-Scale_Battery_Storage,2026-04-23_FMP_Thesis_Watchlist_Grid-Scale_Battery_Storage,entity,,,,,,,,,,,,,,,[],,,Entity
world:entity:2026-04-23-fmp-thesis-watchlist-housing-supply-correction,2026-06-01,2026-04-23_FMP_Thesis_Watchlist_Housing_Supply_Correction,,,,Entities,,2026-04-23_FMP_Thesis_Watchlist_Housing_Supply_Correction,2026-04-23_FMP_Thesis_Watchlist_Housing_Supply_Correction,entity,,,,,,,,,,,,,,,[],,,Entity
world:entity:2026-04-23-fmp-thesis-watchlist-humanoid-robotics,2026-06-01,2026-04-23_FMP_Thesis_Watchlist_Humanoid_Robotics,,,,Entities,,2026-04-23_FMP_Thesis_Watchlist_Humanoid_Robotics,2026-04-23_FMP_Thesis_Watchlist_Humanoid_Robotics,entity,,,,,,,,,,,,,,,[],,,Entity
world:entity:2026-04-23-fmp-thesis-watchlist-hypersonic-weapons-advanced-defense-systems,2026-06-01,2026-04-23_FMP_Thesis_Watchlist_Hypersonic_Weapons_&_Advanced_Defense_Systems,,,,Entities,,2026-04-23_FMP_Thesis_Watchlist_Hypersonic_Weapons_&_Advanced_Defense_Systems,2026-04-23_FMP_Thesis_Watchlist_Hypersonic_Weapons_&_Advanced_Defense_Systems,entity,,,,,,,,,,,,,,,[],,,Entity
world:entity:2026-04-23-fmp-thesis-watchlist-longevity-aging-biology,2026-06-01,2026-04-23_FMP_Thesis_Watchlist_Longevity_&_Aging_Biology,,,,Entities,,2026-04-23_FMP_Thesis_Watchlist_Longevity_&_Aging_Biology,2026-04-23_FMP_Thesis_Watchlist_Longevity_&_Aging_Biology,entity,,,,,,,,,,,,,,,[],,,Entity
world:entity:2026-04-23-fmp-thesis-watchlist-nuclear-renaissance-small-modular-reactors,2026-06-01,2026-04-23_FMP_Thesis_Watchlist_Nuclear_Renaissance_&_Small_Modular_Reactors,,,,Entities,,2026-04-23_FMP_Thesis_Watchlist_Nuclear_Renaissance_&_Small_Modular_Reactors,2026-04-23_FMP_Thesis_Watchlist_Nuclear_Renaissance_&_Small_Modular_Reactors,entity,,,,,,,,,,,,,,,[],,,Entity
world:entity:2026-04-23-fmp-thesis-watchlist-psychedelic-mental-health-revolution,2026-06-01,2026-04-23_FMP_Thesis_Watchlist_Psychedelic_Mental_Health_Revolution,,,,Entities,,2026-04-23_FMP_Thesis_Watchlist_Psychedelic_Mental_Health_Revolution,2026-04-23_FMP_Thesis_Watchlist_Psychedelic_Mental_Health_Revolution,entity,,,,,,,,,,,,,,,[],,,Entity
world:entity:2026-04-23-fmp-thesis-watchlist-quantum-computing,2026-06-01,2026-04-23_FMP_Thesis_Watchlist_Quantum_Computing,,,,Entities,,2026-04-23_FMP_Thesis_Watchlist_Quantum_Computing,2026-04-23_FMP_Thesis_Watchlist_Quantum_Computing,entity,,,,,,,,,,,,,,,[],,,Entity
world:entity:2026-04-23-fmp-thesis-watchlist-semiconductor-sovereignty-chips-act,2026-06-01,2026-04-23_FMP_Thesis_Watchlist_Semiconductor_Sovereignty_&_CHIPS_Act,,,,Entities,,2026-04-23_FMP_Thesis_Watchlist_Semiconductor_Sovereignty_&_CHIPS_Act,2026-04-23_FMP_Thesis_Watchlist_Semiconductor_Sovereignty_&_CHIPS_Act,entity,,,,,,,,,,,,,,,[],,,Entity
world:entity:2026-04-23-fmp-thesis-watchlist-space-domain-awareness-commercial-space,2026-06-01,2026-04-23_FMP_Thesis_Watchlist_Space_Domain_Awareness_&_Commercial_Space,,,,Entities,,2026-04-23_FMP_Thesis_Watchlist_Space_Domain_Awareness_&_Commercial_Space,2026-04-23_FMP_Thesis_Watchlist_Space_Domain_Awareness_&_Commercial_Space,entity,,,,,,,,,,,,,,,[],,,Entity
world:entity:2026-04-23-fmp-utilities-micro-small-cap-search,2026-06-01,2026-04-23_FMP_Utilities_Micro_Small_Cap_Search,,,,Entities,,2026-04-23_FMP_Utilities_Micro_Small_Cap_Search,2026-04-23_FMP_Utilities_Micro_Small_Cap_Search,entity,,,,,,,,,,,,,,,[],,,Entity
world:entity:2026-04-23-fred-housing,2026-06-01,2026-04-23_FRED_Housing,,,,Entities,,2026-04-23_FRED_Housing,2026-04-23_FRED_Housing,entity,,,,,,,,,,,,,,,[],,,Entity
world:entity:2026-04-23-fred-interest-rates,2026-06-01,2026-04-23_FRED_Interest_Rates,,,,Entities,,2026-04-23_FRED_Interest_Rates,2026-04-23_FRED_Interest_Rates,entity,,,,,,,,,,,,,,,[],,,Entity
world:entity:2026-04-23-fred-labor-market,2026-06-01,2026-04-23_FRED_Labor_Market,,,,Entities,,2026-04-23_FRED_Labor_Market,2026-04-23_FRED_Labor_Market,entity,,,,,,,,,,,,,,,[],,,Entity
world:entity:2026-04-23-healthcare-sector,2026-06-01,2026-04-23_Healthcare_Sector,,,,Entities,,2026-04-23_Healthcare_Sector,2026-04-23_Healthcare_Sector,entity,,,,,,,,,,,,,,,[],,,Entity
world:entity:2026-04-23-industrials-sector,2026-06-01,2026-04-23_Industrials_Sector,,,,Entities,,2026-04-23_Industrials_Sector,2026-04-23_Industrials_Sector,entity,,,,,,,,,,,,,,,[],,,Entity
world:entity:2026-04-23-macro-bridge-indicators,2026-06-01,2026-04-23_Macro_Bridge_Indicators,,,,Entities,,2026-04-23_Macro_Bridge_Indicators,2026-04-23_Macro_Bridge_Indicators,entity,,,,,,,,,,,,,,,[],,,Entity
world:entity:2026-04-23-materials-sector,2026-06-01,2026-04-23_Materials_Sector,,,,Entities,,2026-04-23_Materials_Sector,2026-04-23_Materials_Sector,entity,,,,,,,,,,,,,,,[],,,Entity
world:entity:2026-04-23-nahb-builder-confidence,2026-06-01,2026-04-23_NAHB_Builder_Confidence,,,,Entities,,2026-04-23_NAHB_Builder_Confidence,2026-04-23_NAHB_Builder_Confidence,entity,,,,,,,,,,,,,,,[],,,Entity
world:entity:2026-04-23-news-commodities,2026-06-01,2026-04-23_News_commodities,,,,Entities,,2026-04-23_News_commodities,2026-04-23_News_commodities,entity,,,,,,,,,,,,,,,[],,,Entity
world:entity:2026-04-23-news-consumer,2026-06-01,2026-04-23_News_consumer,,,,Entities,,2026-04-23_News_consumer,2026-04-23_News_consumer,entity,,,,,,,,,,,,,,,[],,,Entity
world:entity:2026-04-23-news-defense,2026-06-01,2026-04-23_News_defense,,,,Entities,,2026-04-23_News_defense,2026-04-23_News_defense,entity,,,,,,,,,,,,,,,[],,,Entity
world:entity:2026-04-23-news-energy,2026-06-01,2026-04-23_News_energy,,,,Entities,,2026-04-23_News_energy,2026-04-23_News_energy,entity,,,,,,,,,,,,,,,[],,,Entity
world:entity:2026-04-23-news-finance,2026-06-01,2026-04-23_News_finance,,,,Entities,,2026-04-23_News_finance,2026-04-23_News_finance,entity,,,,,,,,,,,,,,,[],,,Entity
world:entity:2026-04-23-news-health,2026-06-01,2026-04-23_News_health,,,,Entities,,2026-04-23_News_health,2026-04-23_News_health,entity,,,,,,,,,,,,,,,[],,,Entity
world:entity:2026-04-23-news-housing,2026-06-01,2026-04-23_News_housing,,,,Entities,,2026-04-23_News_housing,2026-04-23_News_housing,entity,,,,,,,,,,,,,,,[],,,Entity
world:entity:2026-04-23-news-manufacturing,2026-06-01,2026-04-23_News_manufacturing,,,,Entities,,2026-04-23_News_manufacturing,2026-04-23_News_manufacturing,entity,,,,,,,,,,,,,,,[],,,Entity
world:entity:2026-04-23-news-technology,2026-06-01,2026-04-23_News_technology,,,,Entities,,2026-04-23_News_technology,2026-04-23_News_technology,entity,,,,,,,,,,,,,,,[],,,Entity
world:entity:2026-04-23-real-estate-sector,2026-06-01,2026-04-23_Real_Estate_Sector,,,,Entities,,2026-04-23_Real_Estate_Sector,2026-04-23_Real_Estate_Sector,entity,,,,,,,,,,,,,,,[],,,Entity
world:entity:2026-04-23-sec-aerospace-defense-overview,2026-06-01,2026-04-23_SEC_aerospace-defense_Overview,,,,Entities,,2026-04-23_SEC_aerospace-defense_Overview,2026-04-23_SEC_aerospace-defense_Overview,entity,,,,,,,,,,,,,,,[],,,Entity
world:entity:2026-04-23-sec-communication-services-overview,2026-06-01,2026-04-23_SEC_communication-services_Overview,,,,Entities,,2026-04-23_SEC_communication-services_Overview,2026-04-23_SEC_communication-services_Overview,entity,,,,,,,,,,,,,,,[],,,Entity
world:entity:2026-04-23-sec-consumer-discretionary-overview,2026-06-01,2026-04-23_SEC_consumer-discretionary_Overview,,,,Entities,,2026-04-23_SEC_consumer-discretionary_Overview,2026-04-23_SEC_consumer-discretionary_Overview,entity,,,,,,,,,,,,,,,[],,,Entity
world:entity:2026-04-23-sec-consumer-staples-overview,2026-06-01,2026-04-23_SEC_consumer-staples_Overview,,,,Entities,,2026-04-23_SEC_consumer-staples_Overview,2026-04-23_SEC_consumer-staples_Overview,entity,,,,,,,,,,,,,,,[],,,Entity
world:entity:2026-04-23-sec-energy-overview,2026-06-01,2026-04-23_SEC_energy_Overview,,,,Entities,,2026-04-23_SEC_energy_Overview,2026-04-23_SEC_energy_Overview,entity,,,,,,,,,,,,,,,[],,,Entity
world:entity:2026-04-23-sec-financials-overview,2026-06-01,2026-04-23_SEC_financials_Overview,,,,Entities,,2026-04-23_SEC_financials_Overview,2026-04-23_SEC_financials_Overview,entity,,,,,,,,,,,,,,,[],,,Entity
world:entity:2026-04-23-sec-healthcare-overview,2026-06-01,2026-04-23_SEC_healthcare_Overview,,,,Entities,,2026-04-23_SEC_healthcare_Overview,2026-04-23_SEC_healthcare_Overview,entity,,,,,,,,,,,,,,,[],,,Entity
world:entity:2026-04-23-sec-industrials-overview,2026-06-01,2026-04-23_SEC_industrials_Overview,,,,Entities,,2026-04-23_SEC_industrials_Overview,2026-04-23_SEC_industrials_Overview,entity,,,,,,,,,,,,,,,[],,,Entity
world:entity:2026-04-23-sec-materials-overview,2026-06-01,2026-04-23_SEC_materials_Overview,,,,Entities,,2026-04-23_SEC_materials_Overview,2026-04-23_SEC_materials_Overview,entity,,,,,,,,,,,,,,,[],,,Entity
world:entity:2026-04-23-sec-real-estate-overview,2026-06-01,2026-04-23_SEC_real-estate_Overview,,,,Entities,,2026-04-23_SEC_real-estate_Overview,2026-04-23_SEC_real-estate_Overview,entity,,,,,,,,,,,,,,,[],,,Entity
world:entity:2026-04-23-sec-tech-overview,2026-06-01,2026-04-23_SEC_tech_Overview,,,,Entities,,2026-04-23_SEC_tech_Overview,2026-04-23_SEC_tech_Overview,entity,,,,,,,,,,,,,,,[],,,Entity
world:entity:2026-04-23-sec-utilities-overview,2026-06-01,2026-04-23_SEC_utilities_Overview,,,,Entities,,2026-04-23_SEC_utilities_Overview,2026-04-23_SEC_utilities_Overview,entity,,,,,,,,,,,,,,,[],,,Entity
world:entity:2026-04-23-tech-sector,2026-06-01,2026-04-23_Tech_Sector,,,,Entities,,2026-04-23_Tech_Sector,2026-04-23_Tech_Sector,entity,,,,,,,,,,,,,,,[],,,Entity
world:entity:2026-04-23-thesis-full-picture-aerospace-defense-sector-basket,2026-06-01,2026-04-23_Thesis_Full_Picture_Aerospace_&_Defense_Sector_Basket,,,,Entities,,2026-04-23_Thesis_Full_Picture_Aerospace_&_Defense_Sector_Basket,2026-04-23_Thesis_Full_Picture_Aerospace_&_Defense_Sector_Basket,entity,,,,,,,,,,,,,,,[],,,Entity
world:entity:2026-04-23-thesis-full-picture-communication-services-sector-basket,2026-06-01,2026-04-23_Thesis_Full_Picture_Communication_Services_Sector_Basket,,,,Entities,,2026-04-23_Thesis_Full_Picture_Communication_Services_Sector_Basket,2026-04-23_Thesis_Full_Picture_Communication_Services_Sector_Basket,entity,,,,,,,,,,,,,,,[],,,Entity
world:entity:2026-04-23-thesis-full-picture-consumer-discretionary-sector-basket,2026-06-01,2026-04-23_Thesis_Full_Picture_Consumer_Discretionary_Sector_Basket,,,,Entities,,2026-04-23_Thesis_Full_Picture_Consumer_Discretionary_Sector_Basket,2026-04-23_Thesis_Full_Picture_Consumer_Discretionary_Sector_Basket,entity,,,,,,,,,,,,,,,[],,,Entity
world:entity:2026-04-23-thesis-full-picture-consumer-staples-sector-basket,2026-06-01,2026-04-23_Thesis_Full_Picture_Consumer_Staples_Sector_Basket,,,,Entities,,2026-04-23_Thesis_Full_Picture_Consumer_Staples_Sector_Basket,2026-04-23_Thesis_Full_Picture_Consumer_Staples_Sector_Basket,entity,,,,,,,,,,,,,,,[],,,Entity
world:entity:2026-04-23-thesis-full-picture-energy-sector-basket,2026-06-01,2026-04-23_Thesis_Full_Picture_Energy_Sector_Basket,,,,Entities,,2026-04-23_Thesis_Full_Picture_Energy_Sector_Basket,2026-04-23_Thesis_Full_Picture_Energy_Sector_Basket,entity,,,,,,,,,,,,,,,[],,,Entity
world:entity:2026-04-23-thesis-full-picture-financials-sector-basket,2026-06-01,2026-04-23_Thesis_Full_Picture_Financials_Sector_Basket,,,,Entities,,2026-04-23_Thesis_Full_Picture_Financials_Sector_Basket,2026-04-23_Thesis_Full_Picture_Financials_Sector_Basket,entity,,,,,,,,,,,,,,,[],,,Entity
world:entity:2026-04-23-thesis-full-picture-healthcare-sector-basket,2026-06-01,2026-04-23_Thesis_Full_Picture_Healthcare_Sector_Basket,,,,Entities,,2026-04-23_Thesis_Full_Picture_Healthcare_Sector_Basket,2026-04-23_Thesis_Full_Picture_Healthcare_Sector_Basket,entity,,,,,,,,,,,,,,,[],,,Entity
world:entity:2026-04-23-thesis-full-picture-industrials-sector-basket,2026-06-01,2026-04-23_Thesis_Full_Picture_Industrials_Sector_Basket,,,,Entities,,2026-04-23_Thesis_Full_Picture_Industrials_Sector_Basket,2026-04-23_Thesis_Full_Picture_Industrials_Sector_Basket,entity,,,,,,,,,,,,,,,[],,,Entity
world:entity:2026-04-23-thesis-full-picture-materials-sector-basket,2026-06-01,2026-04-23_Thesis_Full_Picture_Materials_Sector_Basket,,,,Entities,,2026-04-23_Thesis_Full_Picture_Materials_Sector_Basket,2026-04-23_Thesis_Full_Picture_Materials_Sector_Basket,entity,,,,,,,,,,,,,,,[],,,Entity
world:entity:2026-04-23-thesis-full-picture-real-estate-sector-basket,2026-06-01,2026-04-23_Thesis_Full_Picture_Real_Estate_Sector_Basket,,,,Entities,,2026-04-23_Thesis_Full_Picture_Real_Estate_Sector_Basket,2026-04-23_Thesis_Full_Picture_Real_Estate_Sector_Basket,entity,,,,,,,,,,,,,,,[],,,Entity
world:entity:2026-04-23-thesis-full-picture-tech-sector-basket,2026-06-01,2026-04-23_Thesis_Full_Picture_Tech_Sector_Basket,,,,Entities,,2026-04-23_Thesis_Full_Picture_Tech_Sector_Basket,2026-04-23_Thesis_Full_Picture_Tech_Sector_Basket,entity,,,,,,,,,,,,,,,[],,,Entity
world:entity:2026-04-23-thesis-full-picture-utilities-sector-basket,2026-06-01,2026-04-23_Thesis_Full_Picture_Utilities_Sector_Basket,,,,Entities,,2026-04-23_Thesis_Full_Picture_Utilities_Sector_Basket,2026-04-23_Thesis_Full_Picture_Utilities_Sector_Basket,entity,,,,,,,,,,,,,,,[],,,Entity
world:entity:2026-04-23-utilities-sector,2026-06-01,2026-04-23_Utilities_Sector,,,,Entities,,2026-04-23_Utilities_Sector,2026-04-23_Utilities_Sector,entity,,,,,,,,,,,,,,,[],,,Entity
world:entity:2026-04-24-aerospace-defense-sector,2026-06-01,2026-04-24_Aerospace_&_Defense_Sector,,,,Entities,,2026-04-24_Aerospace_&_Defense_Sector,2026-04-24_Aerospace_&_Defense_Sector,entity,,,,,,,,,,,,,,,[],,,Entity
world:entity:2026-04-24-capital-raise,2026-06-01,2026-04-24_Capital_Raise,,,,Entities,,2026-04-24_Capital_Raise,2026-04-24_Capital_Raise,entity,,,,,,,,,,,,,,,[],,,Entity
world:entity:2026-04-24-catalyst-aapl,2026-06-01,2026-04-24_Catalyst_AAPL,,,,Entities,,2026-04-24_Catalyst_AAPL,2026-04-24_Catalyst_AAPL,entity,,,,,,,,,,,,,,,[],,,Entity
world:entity:2026-04-24-catalyst-abbv,2026-06-01,2026-04-24_Catalyst_ABBV,,,,Entities,,2026-04-24_Catalyst_ABBV,2026-04-24_Catalyst_ABBV,entity,,,,,,,,,,,,,,,[],,,Entity
world:entity:2026-04-24-catalyst-abt,2026-06-01,2026-04-24_Catalyst_ABT,,,,Entities,,2026-04-24_Catalyst_ABT,2026-04-24_Catalyst_ABT,entity,,,,,,,,,,,,,,,[],,,Entity
world:entity:2026-04-24-catalyst-acad,2026-06-01,2026-04-24_Catalyst_ACAD,,,,Entities,,2026-04-24_Catalyst_ACAD,2026-04-24_Catalyst_ACAD,entity,,,,,,,,,,,,,,,[],,,Entity
world:entity:2026-04-24-catalyst-achr,2026-06-01,2026-04-24_Catalyst_ACHR,,,,Entities,,2026-04-24_Catalyst_ACHR,2026-04-24_Catalyst_ACHR,entity,,,,,,,,,,,,,,,[],,,Entity
world:entity:2026-04-24-catalyst-adbe,2026-06-01,2026-04-24_Catalyst_ADBE,,,,Entities,,2026-04-24_Catalyst_ADBE,2026-04-24_Catalyst_ADBE,entity,,,,,,,,,,,,,,,[],,,Entity
world:entity:2026-04-24-catalyst-aep,2026-06-01,2026-04-24_Catalyst_AEP,,,,Entities,,2026-04-24_Catalyst_AEP,2026-04-24_Catalyst_AEP,entity,,,,,,,,,,,,,,,[],,,Entity
world:entity:2026-04-24-catalyst-airo,2026-06-01,2026-04-24_Catalyst_AIRO,,,,Entities,,2026-04-24_Catalyst_AIRO,2026-04-24_Catalyst_AIRO,entity,,,,,,,,,,,,,,,[],,,Entity
world:entity:2026-04-24-catalyst-alb,2026-06-01,2026-04-24_Catalyst_ALB,,,,Entities,,2026-04-24_Catalyst_ALB,2026-04-24_Catalyst_ALB,entity,,,,,,,,,,,,,,,[],,,Entity
world:entity:2026-04-24-catalyst-alks,2026-06-01,2026-04-24_Catalyst_ALKS,,,,Entities,,2026-04-24_Catalyst_ALKS,2026-04-24_Catalyst_ALKS,entity,,,,,,,,,,,,,,,[],,,Entity
world:entity:2026-04-24-catalyst-alvo,2026-06-01,2026-04-24_Catalyst_ALVO,,,,Entities,,2026-04-24_Catalyst_ALVO,2026-04-24_Catalyst_ALVO,entity,,,,,,,,,,,,,,,[],,,Entity
world:entity:2026-04-24-catalyst-amat,2026-06-01,2026-04-24_Catalyst_AMAT,,,,Entities,,2026-04-24_Catalyst_AMAT,2026-04-24_Catalyst_AMAT,entity,,,,,,,,,,,,,,,[],,,Entity
world:entity:2026-04-24-catalyst-amd,2026-06-01,2026-04-24_Catalyst_AMD,,,,Entities,,2026-04-24_Catalyst_AMD,2026-04-24_Catalyst_AMD,entity,,,,,,,,,,,,,,,[],,,Entity
world:entity:2026-04-24-catalyst-amgn,2026-06-01,2026-04-24_Catalyst_AMGN,,,,Entities,,2026-04-24_Catalyst_AMGN,2026-04-24_Catalyst_AMGN,entity,,,,,,,,,,,,,,,[],,,Entity
world:entity:2026-04-24-catalyst-amt,2026-06-01,2026-04-24_Catalyst_AMT,,,,Entities,,2026-04-24_Catalyst_AMT,2026-04-24_Catalyst_AMT,entity,,,,,,,,,,,,,,,[],,,Entity
world:entity:2026-04-24-catalyst-amzn,2026-06-01,2026-04-24_Catalyst_AMZN,,,,Entities,,2026-04-24_Catalyst_AMZN,2026-04-24_Catalyst_AMZN,entity,,,,,,,,,,,,,,,[],,,Entity
world:entity:2026-04-24-catalyst-apd,2026-06-01,2026-04-24_Catalyst_APD,,,,Entities,,2026-04-24_Catalyst_APD,2026-04-24_Catalyst_APD,entity,,,,,,,,,,,,,,,[],,,Entity
world:entity:2026-04-24-catalyst-avav,2026-06-01,2026-04-24_Catalyst_AVAV,,,,Entities,,2026-04-24_Catalyst_AVAV,2026-04-24_Catalyst_AVAV,entity,,,,,,,,,,,,,,,[],,,Entity
world:entity:2026-04-24-catalyst-avb,2026-06-01,2026-04-24_Catalyst_AVB,,,,Entities,,2026-04-24_Catalyst_AVB,2026-04-24_Catalyst_AVB,entity,,,,,,,,,,,,,,,[],,,Entity
world:entity:2026-04-24-catalyst-avgo,2026-06-01,2026-04-24_Catalyst_AVGO,,,,Entities,,2026-04-24_Catalyst_AVGO,2026-04-24_Catalyst_AVGO,entity,,,,,,,,,,,,,,,[],,,Entity
world:entity:2026-04-24-catalyst-axon,2026-06-01,2026-04-24_Catalyst_AXON,,,,Entities,,2026-04-24_Catalyst_AXON,2026-04-24_Catalyst_AXON,entity,,,,,,,,,,,,,,,[],,,Entity
world:entity:2026-04-24-catalyst-axp,2026-06-01,2026-04-24_Catalyst_AXP,,,,Entities,,2026-04-24_Catalyst_AXP,2026-04-24_Catalyst_AXP,entity,,,,,,,,,,,,,,,[],,,Entity
world:entity:2026-04-24-catalyst-bah,2026-06-01,2026-04-24_Catalyst_BAH,,,,Entities,,2026-04-24_Catalyst_BAH,2026-04-24_Catalyst_BAH,entity,,,,,,,,,,,,,,,[],,,Entity
world:entity:2026-04-24-catalyst-bbai,2026-06-01,2026-04-24_Catalyst_BBAI,,,,Entities,,2026-04-24_Catalyst_BBAI,2026-04-24_Catalyst_BBAI,entity,,,,,,,,,,,,,,,[],,,Entity
world:entity:2026-04-24-catalyst-beam,2026-06-01,2026-04-24_Catalyst_BEAM,,,,Entities,,2026-04-24_Catalyst_BEAM,2026-04-24_Catalyst_BEAM,entity,,,,,,,,,,,,,,,[],,,Entity
world:entity:2026-04-24-catalyst-biib,2026-06-01,2026-04-24_Catalyst_BIIB,,,,Entities,,2026-04-24_Catalyst_BIIB,2026-04-24_Catalyst_BIIB,entity,,,,,,,,,,,,,,,[],,,Entity
world:entity:2026-04-24-catalyst-bkng,2026-06-01,2026-04-24_Catalyst_BKNG,,,,Entities,,2026-04-24_Catalyst_BKNG,2026-04-24_Catalyst_BKNG,entity,,,,,,,,,,,,,,,[],,,Entity
world:entity:2026-04-24-catalyst-bksy,2026-06-01,2026-04-24_Catalyst_BKSY,,,,Entities,,2026-04-24_Catalyst_BKSY,2026-04-24_Catalyst_BKSY,entity,,,,,,,,,,,,,,,[],,,Entity
world:entity:2026-04-24-catalyst-blk,2026-06-01,2026-04-24_Catalyst_BLK,,,,Entities,,2026-04-24_Catalyst_BLK,2026-04-24_Catalyst_BLK,entity,,,,,,,,,,,,,,,[],,,Entity
world:entity:2026-04-24-catalyst-brk-b,2026-06-01,2026-04-24_Catalyst_BRK_B,,,,Entities,,2026-04-24_Catalyst_BRK_B,2026-04-24_Catalyst_BRK_B,entity,,,,,,,,,,,,,,,[],,,Entity
world:entity:2026-04-24-catalyst-caci,2026-06-01,2026-04-24_Catalyst_CACI,,,,Entities,,2026-04-24_Catalyst_CACI,2026-04-24_Catalyst_CACI,entity,,,,,,,,,,,,,,,[],,,Entity
world:entity:2026-04-24-catalyst-cat,2026-06-01,2026-04-24_Catalyst_CAT,,,,Entities,,2026-04-24_Catalyst_CAT,2026-04-24_Catalyst_CAT,entity,,,,,,,,,,,,,,,[],,,Entity
world:entity:2026-04-24-catalyst-cci,2026-06-01,2026-04-24_Catalyst_CCI,,,,Entities,,2026-04-24_Catalyst_CCI,2026-04-24_Catalyst_CCI,entity,,,,,,,,,,,,,,,[],,,Entity
world:entity:2026-04-24-catalyst-ccj,2026-06-01,2026-04-24_Catalyst_CCJ,,,,Entities,,2026-04-24_Catalyst_CCJ,2026-04-24_Catalyst_CCJ,entity,,,,,,,,,,,,,,,[],,,Entity
world:entity:2026-04-24-catalyst-ceg,2026-06-01,2026-04-24_Catalyst_CEG,,,,Entities,,2026-04-24_Catalyst_CEG,2026-04-24_Catalyst_CEG,entity,,,,,,,,,,,,,,,[],,,Entity
world:entity:2026-04-24-catalyst-chtr,2026-06-01,2026-04-24_Catalyst_CHTR,,,,Entities,,2026-04-24_Catalyst_CHTR,2026-04-24_Catalyst_CHTR,entity,,,,,,,,,,,,,,,[],,,Entity
world:entity:2026-04-24-catalyst-cl,2026-06-01,2026-04-24_Catalyst_CL,,,,Entities,,2026-04-24_Catalyst_CL,2026-04-24_Catalyst_CL,entity,,,,,,,,,,,,,,,[],,,Entity
world:entity:2026-04-24-catalyst-cmcsa,2026-06-01,2026-04-24_Catalyst_CMCSA,,,,Entities,,2026-04-24_Catalyst_CMCSA,2026-04-24_Catalyst_CMCSA,entity,,,,,,,,,,,,,,,[],,,Entity
world:entity:2026-04-24-catalyst-cmps,2026-06-01,2026-04-24_Catalyst_CMPS,,,,Entities,,2026-04-24_Catalyst_CMPS,2026-04-24_Catalyst_CMPS,entity,,,,,,,,,,,,,,,[],,,Entity
world:entity:2026-04-24-catalyst-coin,2026-06-01,2026-04-24_Catalyst_COIN,,,,Entities,,2026-04-24_Catalyst_COIN,2026-04-24_Catalyst_COIN,entity,,,,,,,,,,,,,,,[],,,Entity
world:entity:2026-04-24-catalyst-cop,2026-06-01,2026-04-24_Catalyst_COP,,,,Entities,,2026-04-24_Catalyst_COP,2026-04-24_Catalyst_COP,entity,,,,,,,,,,,,,,,[],,,Entity
world:entity:2026-04-24-catalyst-crm,2026-06-01,2026-04-24_Catalyst_CRM,,,,Entities,,2026-04-24_Catalyst_CRM,2026-04-24_Catalyst_CRM,entity,,,,,,,,,,,,,,,[],,,Entity
world:entity:2026-04-24-catalyst-crsp,2026-06-01,2026-04-24_Catalyst_CRSP,,,,Entities,,2026-04-24_Catalyst_CRSP,2026-04-24_Catalyst_CRSP,entity,,,,,,,,,,,,,,,[],,,Entity
world:entity:2026-04-24-catalyst-cvx,2026-06-01,2026-04-24_Catalyst_CVX,,,,Entities,,2026-04-24_Catalyst_CVX,2026-04-24_Catalyst_CVX,entity,,,,,,,,,,,,,,,[],,,Entity
world:entity:2026-04-24-catalyst-d,2026-06-01,2026-04-24_Catalyst_D,,,,Entities,,2026-04-24_Catalyst_D,2026-04-24_Catalyst_D,entity,,,,,,,,,,,,,,,[],,,Entity
world:entity:2026-04-24-catalyst-dftx,2026-06-01,2026-04-24_Catalyst_DFTX,,,,Entities,,2026-04-24_Catalyst_DFTX,2026-04-24_Catalyst_DFTX,entity,,,,,,,,,,,,,,,[],,,Entity
world:entity:2026-04-24-catalyst-dhi,2026-06-01,2026-04-24_Catalyst_DHI,,,,Entities,,2026-04-24_Catalyst_DHI,2026-04-24_Catalyst_DHI,entity,,,,,,,,,,,,,,,[],,,Entity
world:entity:2026-04-24-catalyst-dhr,2026-06-01,2026-04-24_Catalyst_DHR,,,,Entities,,2026-04-24_Catalyst_DHR,2026-04-24_Catalyst_DHR,entity,,,,,,,,,,,,,,,[],,,Entity
world:entity:2026-04-24-catalyst-dis,2026-06-01,2026-04-24_Catalyst_DIS,,,,Entities,,2026-04-24_Catalyst_DIS,2026-04-24_Catalyst_DIS,entity,,,,,,,,,,,,,,,[],,,Entity
world:entity:2026-04-24-catalyst-dlr,2026-06-01,2026-04-24_Catalyst_DLR,,,,Entities,,2026-04-24_Catalyst_DLR,2026-04-24_Catalyst_DLR,entity,,,,,,,,,,,,,,,[],,,Entity
world:entity:2026-04-24-catalyst-dpro,2026-06-01,2026-04-24_Catalyst_DPRO,,,,Entities,,2026-04-24_Catalyst_DPRO,2026-04-24_Catalyst_DPRO,entity,,,,,,,,,,,,,,,[],,,Entity
world:entity:2026-04-24-catalyst-duk,2026-06-01,2026-04-24_Catalyst_DUK,,,,Entities,,2026-04-24_Catalyst_DUK,2026-04-24_Catalyst_DUK,entity,,,,,,,,,,,,,,,[],,,Entity
world:entity:2026-04-24-catalyst-dvn,2026-06-01,2026-04-24_Catalyst_DVN,,,,Entities,,2026-04-24_Catalyst_DVN,2026-04-24_Catalyst_DVN,entity,,,,,,,,,,,,,,,[],,,Entity
world:entity:2026-04-24-catalyst-ea,2026-06-01,2026-04-24_Catalyst_EA,,,,Entities,,2026-04-24_Catalyst_EA,2026-04-24_Catalyst_EA,entity,,,,,,,,,,,,,,,[],,,Entity
world:entity:2026-04-24-catalyst-ecl,2026-06-01,2026-04-24_Catalyst_ECL,,,,Entities,,2026-04-24_Catalyst_ECL,2026-04-24_Catalyst_ECL,entity,,,,,,,,,,,,,,,[],,,Entity
world:entity:2026-04-24-catalyst-eh,2026-06-01,2026-04-24_Catalyst_EH,,,,Entities,,2026-04-24_Catalyst_EH,2026-04-24_Catalyst_EH,entity,,,,,,,,,,,,,,,[],,,Entity
world:entity:2026-04-24-catalyst-envx,2026-06-01,2026-04-24_Catalyst_ENVX,,,,Entities,,2026-04-24_Catalyst_ENVX,2026-04-24_Catalyst_ENVX,entity,,,,,,,,,,,,,,,[],,,Entity
world:entity:2026-04-24-catalyst-eog,2026-06-01,2026-04-24_Catalyst_EOG,,,,Entities,,2026-04-24_Catalyst_EOG,2026-04-24_Catalyst_EOG,entity,,,,,,,,,,,,,,,[],,,Entity
world:entity:2026-04-24-catalyst-eqix,2026-06-01,2026-04-24_Catalyst_EQIX,,,,Entities,,2026-04-24_Catalyst_EQIX,2026-04-24_Catalyst_EQIX,entity,,,,,,,,,,,,,,,[],,,Entity
world:entity:2026-04-24-catalyst-etn,2026-06-01,2026-04-24_Catalyst_ETN,,,,Entities,,2026-04-24_Catalyst_ETN,2026-04-24_Catalyst_ETN,entity,,,,,,,,,,,,,,,[],,,Entity
world:entity:2026-04-24-catalyst-evtl,2026-06-01,2026-04-24_Catalyst_EVTL,,,,Entities,,2026-04-24_Catalyst_EVTL,2026-04-24_Catalyst_EVTL,entity,,,,,,,,,,,,,,,[],,,Entity
world:entity:2026-04-24-catalyst-exc,2026-06-01,2026-04-24_Catalyst_EXC,,,,Entities,,2026-04-24_Catalyst_EXC,2026-04-24_Catalyst_EXC,entity,,,,,,,,,,,,,,,[],,,Entity
world:entity:2026-04-24-catalyst-flnc,2026-06-01,2026-04-24_Catalyst_FLNC,,,,Entities,,2026-04-24_Catalyst_FLNC,2026-04-24_Catalyst_FLNC,entity,,,,,,,,,,,,,,,[],,,Entity
world:entity:2026-04-24-catalyst-gd,2026-06-01,2026-04-24_Catalyst_GD,,,,Entities,,2026-04-24_Catalyst_GD,2026-04-24_Catalyst_GD,entity,,,,,,,,,,,,,,,[],,,Entity
world:entity:2026-04-24-catalyst-ge,2026-06-01,2026-04-24_Catalyst_GE,,,,Entities,,2026-04-24_Catalyst_GE,2026-04-24_Catalyst_GE,entity,,,,,,,,,,,,,,,[],,,Entity
world:entity:2026-04-24-catalyst-gev,2026-06-01,2026-04-24_Catalyst_GEV,,,,Entities,,2026-04-24_Catalyst_GEV,2026-04-24_Catalyst_GEV,entity,,,,,,,,,,,,,,,[],,,Entity
world:entity:2026-04-24-catalyst-ghrs,2026-06-01,2026-04-24_Catalyst_GHRS,,,,Entities,,2026-04-24_Catalyst_GHRS,2026-04-24_Catalyst_GHRS,entity,,,,,,,,,,,,,,,[],,,Entity
world:entity:2026-04-24-catalyst-gis,2026-06-01,2026-04-24_Catalyst_GIS,,,,Entities,,2026-04-24_Catalyst_GIS,2026-04-24_Catalyst_GIS,entity,,,,,,,,,,,,,,,[],,,Entity
world:entity:2026-04-24-catalyst-gold,2026-06-01,2026-04-24_Catalyst_GOLD,,,,Entities,,2026-04-24_Catalyst_GOLD,2026-04-24_Catalyst_GOLD,entity,,,,,,,,,,,,,,,[],,,Entity
world:entity:2026-04-24-catalyst-googl,2026-06-01,2026-04-24_Catalyst_GOOGL,,,,Entities,,2026-04-24_Catalyst_GOOGL,2026-04-24_Catalyst_GOOGL,entity,,,,,,,,,,,,,,,[],,,Entity
world:entity:2026-04-24-catalyst-hd,2026-06-01,2026-04-24_Catalyst_HD,,,,Entities,,2026-04-24_Catalyst_HD,2026-04-24_Catalyst_HD,entity,,,,,,,,,,,,,,,[],,,Entity
world:entity:2026-04-24-catalyst-hii,2026-06-01,2026-04-24_Catalyst_HII,,,,Entities,,2026-04-24_Catalyst_HII,2026-04-24_Catalyst_HII,entity,,,,,,,,,,,,,,,[],,,Entity
world:entity:2026-04-24-catalyst-hims,2026-06-01,2026-04-24_Catalyst_HIMS,,,,Entities,,2026-04-24_Catalyst_HIMS,2026-04-24_Catalyst_HIMS,entity,,,,,,,,,,,,,,,[],,,Entity
world:entity:2026-04-24-catalyst-hon,2026-06-01,2026-04-24_Catalyst_HON,,,,Entities,,2026-04-24_Catalyst_HON,2026-04-24_Catalyst_HON,entity,,,,,,,,,,,,,,,[],,,Entity
world:entity:2026-04-24-catalyst-hovr,2026-06-01,2026-04-24_Catalyst_HOVR,,,,Entities,,2026-04-24_Catalyst_HOVR,2026-04-24_Catalyst_HOVR,entity,,,,,,,,,,,,,,,[],,,Entity
world:entity:2026-04-24-catalyst-inva,2026-06-01,2026-04-24_Catalyst_INVA,,,,Entities,,2026-04-24_Catalyst_INVA,2026-04-24_Catalyst_INVA,entity,,,,,,,,,,,,,,,[],,,Entity
world:entity:2026-04-24-catalyst-ionq,2026-06-01,2026-04-24_Catalyst_IONQ,,,,Entities,,2026-04-24_Catalyst_IONQ,2026-04-24_Catalyst_IONQ,entity,,,,,,,,,,,,,,,[],,,Entity
world:entity:2026-04-24-catalyst-isrg,2026-06-01,2026-04-24_Catalyst_ISRG,,,,Entities,,2026-04-24_Catalyst_ISRG,2026-04-24_Catalyst_ISRG,entity,,,,,,,,,,,,,,,[],,,Entity
world:entity:2026-04-24-catalyst-jnj,2026-06-01,2026-04-24_Catalyst_JNJ,,,,Entities,,2026-04-24_Catalyst_JNJ,2026-04-24_Catalyst_JNJ,entity,,,,,,,,,,,,,,,[],,,Entity
world:entity:2026-04-24-catalyst-joby,2026-06-01,2026-04-24_Catalyst_JOBY,,,,Entities,,2026-04-24_Catalyst_JOBY,2026-04-24_Catalyst_JOBY,entity,,,,,,,,,,,,,,,[],,,Entity
world:entity:2026-04-24-catalyst-klac,2026-06-01,2026-04-24_Catalyst_KLAC,,,,Entities,,2026-04-24_Catalyst_KLAC,2026-04-24_Catalyst_KLAC,entity,,,,,,,,,,,,,,,[],,,Entity
world:entity:2026-04-24-catalyst-kmb,2026-06-01,2026-04-24_Catalyst_KMB,,,,Entities,,2026-04-24_Catalyst_KMB,2026-04-24_Catalyst_KMB,entity,,,,,,,,,,,,,,,[],,,Entity
world:entity:2026-04-24-catalyst-ktos,2026-06-01,2026-04-24_Catalyst_KTOS,,,,Entities,,2026-04-24_Catalyst_KTOS,2026-04-24_Catalyst_KTOS,entity,,,,,,,,,,,,,,,[],,,Entity
world:entity:2026-04-24-catalyst-ldos,2026-06-01,2026-04-24_Catalyst_LDOS,,,,Entities,,2026-04-24_Catalyst_LDOS,2026-04-24_Catalyst_LDOS,entity,,,,,,,,,,,,,,,[],,,Entity
world:entity:2026-04-24-catalyst-len,2026-06-01,2026-04-24_Catalyst_LEN,,,,Entities,,2026-04-24_Catalyst_LEN,2026-04-24_Catalyst_LEN,entity,,,,,,,,,,,,,,,[],,,Entity
world:entity:2026-04-24-catalyst-lhx,2026-06-01,2026-04-24_Catalyst_LHX,,,,Entities,,2026-04-24_Catalyst_LHX,2026-04-24_Catalyst_LHX,entity,,,,,,,,,,,,,,,[],,,Entity
world:entity:2026-04-24-catalyst-lin,2026-06-01,2026-04-24_Catalyst_LIN,,,,Entities,,2026-04-24_Catalyst_LIN,2026-04-24_Catalyst_LIN,entity,,,,,,,,,,,,,,,[],,,Entity
world:entity:2026-04-24-catalyst-lly,2026-06-01,2026-04-24_Catalyst_LLY,,,,Entities,,2026-04-24_Catalyst_LLY,2026-04-24_Catalyst_LLY,entity,,,,,,,,,,,,,,,[],,,Entity
world:entity:2026-04-24-catalyst-lmt,2026-06-01,2026-04-24_Catalyst_LMT,,,,Entities,,2026-04-24_Catalyst_LMT,2026-04-24_Catalyst_LMT,entity,,,,,,,,,,,,,,,[],,,Entity
world:entity:2026-04-24-catalyst-low,2026-06-01,2026-04-24_Catalyst_LOW,,,,Entities,,2026-04-24_Catalyst_LOW,2026-04-24_Catalyst_LOW,entity,,,,,,,,,,,,,,,[],,,Entity
world:entity:2026-04-24-catalyst-lrcx,2026-06-01,2026-04-24_Catalyst_LRCX,,,,Entities,,2026-04-24_Catalyst_LRCX,2026-04-24_Catalyst_LRCX,entity,,,,,,,,,,,,,,,[],,,Entity
world:entity:2026-04-24-catalyst-ma,2026-06-01,2026-04-24_Catalyst_MA,,,,Entities,,2026-04-24_Catalyst_MA,2026-04-24_Catalyst_MA,entity,,,,,,,,,,,,,,,[],,,Entity
world:entity:2026-04-24-catalyst-mcd,2026-06-01,2026-04-24_Catalyst_MCD,,,,Entities,,2026-04-24_Catalyst_MCD,2026-04-24_Catalyst_MCD,entity,,,,,,,,,,,,,,,[],,,Entity
world:entity:2026-04-24-catalyst-meta,2026-06-01,2026-04-24_Catalyst_META,,,,Entities,,2026-04-24_Catalyst_META,2026-04-24_Catalyst_META,entity,,,,,,,,,,,,,,,[],,,Entity
world:entity:2026-04-24-catalyst-mmm,2026-06-01,2026-04-24_Catalyst_MMM,,,,Entities,,2026-04-24_Catalyst_MMM,2026-04-24_Catalyst_MMM,entity,,,,,,,,,,,,,,,[],,,Entity
world:entity:2026-04-24-catalyst-mnts,2026-06-01,2026-04-24_Catalyst_MNTS,,,,Entities,,2026-04-24_Catalyst_MNTS,2026-04-24_Catalyst_MNTS,entity,,,,,,,,,,,,,,,[],,,Entity
world:entity:2026-04-24-catalyst-mo,2026-06-01,2026-04-24_Catalyst_MO,,,,Entities,,2026-04-24_Catalyst_MO,2026-04-24_Catalyst_MO,entity,,,,,,,,,,,,,,,[],,,Entity
world:entity:2026-04-24-catalyst-mos,2026-06-01,2026-04-24_Catalyst_MOS,,,,Entities,,2026-04-24_Catalyst_MOS,2026-04-24_Catalyst_MOS,entity,,,,,,,,,,,,,,,[],,,Entity
world:entity:2026-04-24-catalyst-mpc,2026-06-01,2026-04-24_Catalyst_MPC,,,,Entities,,2026-04-24_Catalyst_MPC,2026-04-24_Catalyst_MPC,entity,,,,,,,,,,,,,,,[],,,Entity
world:entity:2026-04-24-catalyst-mrk,2026-06-01,2026-04-24_Catalyst_MRK,,,,Entities,,2026-04-24_Catalyst_MRK,2026-04-24_Catalyst_MRK,entity,,,,,,,,,,,,,,,[],,,Entity
world:entity:2026-04-24-catalyst-msft,2026-06-01,2026-04-24_Catalyst_MSFT,,,,Entities,,2026-04-24_Catalyst_MSFT,2026-04-24_Catalyst_MSFT,entity,,,,,,,,,,,,,,,[],,,Entity
world:entity:2026-04-24-catalyst-mstr,2026-06-01,2026-04-24_Catalyst_MSTR,,,,Entities,,2026-04-24_Catalyst_MSTR,2026-04-24_Catalyst_MSTR,entity,,,,,,,,,,,,,,,[],,,Entity
world:entity:2026-04-24-catalyst-nbix,2026-06-01,2026-04-24_Catalyst_NBIX,,,,Entities,,2026-04-24_Catalyst_NBIX,2026-04-24_Catalyst_NBIX,entity,,,,,,,,,,,,,,,[],,,Entity
world:entity:2026-04-24-catalyst-nem,2026-06-01,2026-04-24_Catalyst_NEM,,,,Entities,,2026-04-24_Catalyst_NEM,2026-04-24_Catalyst_NEM,entity,,,,,,,,,,,,,,,[],,,Entity
world:entity:2026-04-24-catalyst-nflx,2026-06-01,2026-04-24_Catalyst_NFLX,,,,Entities,,2026-04-24_Catalyst_NFLX,2026-04-24_Catalyst_NFLX,entity,,,,,,,,,,,,,,,[],,,Entity
world:entity:2026-04-24-catalyst-nke,2026-06-01,2026-04-24_Catalyst_NKE,,,,Entities,,2026-04-24_Catalyst_NKE,2026-04-24_Catalyst_NKE,entity,,,,,,,,,,,,,,,[],,,Entity
world:entity:2026-04-24-catalyst-nne,2026-06-01,2026-04-24_Catalyst_NNE,,,,Entities,,2026-04-24_Catalyst_NNE,2026-04-24_Catalyst_NNE,entity,,,,,,,,,,,,,,,[],,,Entity
world:entity:2026-04-24-catalyst-noc,2026-06-01,2026-04-24_Catalyst_NOC,,,,Entities,,2026-04-24_Catalyst_NOC,2026-04-24_Catalyst_NOC,entity,,,,,,,,,,,,,,,[],,,Entity
world:entity:2026-04-24-catalyst-nrg,2026-06-01,2026-04-24_Catalyst_NRG,,,,Entities,,2026-04-24_Catalyst_NRG,2026-04-24_Catalyst_NRG,entity,,,,,,,,,,,,,,,[],,,Entity
world:entity:2026-04-24-catalyst-nue,2026-06-01,2026-04-24_Catalyst_NUE,,,,Entities,,2026-04-24_Catalyst_NUE,2026-04-24_Catalyst_NUE,entity,,,,,,,,,,,,,,,[],,,Entity
world:entity:2026-04-24-catalyst-nvda,2026-06-01,2026-04-24_Catalyst_NVDA,,,,Entities,,2026-04-24_Catalyst_NVDA,2026-04-24_Catalyst_NVDA,entity,,,,,,,,,,,,,,,[],,,Entity
world:entity:2026-04-24-catalyst-nvr,2026-06-01,2026-04-24_Catalyst_NVR,,,,Entities,,2026-04-24_Catalyst_NVR,2026-04-24_Catalyst_NVR,entity,,,,,,,,,,,,,,,[],,,Entity
world:entity:2026-04-24-catalyst-o,2026-06-01,2026-04-24_Catalyst_O,,,,Entities,,2026-04-24_Catalyst_O,2026-04-24_Catalyst_O,entity,,,,,,,,,,,,,,,[],,,Entity
world:entity:2026-04-24-catalyst-oklo,2026-06-01,2026-04-24_Catalyst_OKLO,,,,Entities,,2026-04-24_Catalyst_OKLO,2026-04-24_Catalyst_OKLO,entity,,,,,,,,,,,,,,,[],,,Entity
world:entity:2026-04-24-catalyst-on,2026-06-01,2026-04-24_Catalyst_ON,,,,Entities,,2026-04-24_Catalyst_ON,2026-04-24_Catalyst_ON,entity,,,,,,,,,,,,,,,[],,,Entity
world:entity:2026-04-24-catalyst-onto,2026-06-01,2026-04-24_Catalyst_ONTO,,,,Entities,,2026-04-24_Catalyst_ONTO,2026-04-24_Catalyst_ONTO,entity,,,,,,,,,,,,,,,[],,,Entity
world:entity:2026-04-24-catalyst-orcl,2026-06-01,2026-04-24_Catalyst_ORCL,,,,Entities,,2026-04-24_Catalyst_ORCL,2026-04-24_Catalyst_ORCL,entity,,,,,,,,,,,,,,,[],,,Entity
world:entity:2026-04-24-catalyst-oxy,2026-06-01,2026-04-24_Catalyst_OXY,,,,Entities,,2026-04-24_Catalyst_OXY,2026-04-24_Catalyst_OXY,entity,,,,,,,,,,,,,,,[],,,Entity
world:entity:2026-04-24-catalyst-pfe,2026-06-01,2026-04-24_Catalyst_PFE,,,,Entities,,2026-04-24_Catalyst_PFE,2026-04-24_Catalyst_PFE,entity,,,,,,,,,,,,,,,[],,,Entity
world:entity:2026-04-24-catalyst-pg,2026-06-01,2026-04-24_Catalyst_PG,,,,Entities,,2026-04-24_Catalyst_PG,2026-04-24_Catalyst_PG,entity,,,,,,,,,,,,,,,[],,,Entity
world:entity:2026-04-24-catalyst-pltr,2026-06-01,2026-04-24_Catalyst_PLTR,,,,Entities,,2026-04-24_Catalyst_PLTR,2026-04-24_Catalyst_PLTR,entity,,,,,,,,,,,,,,,[],,,Entity
world:entity:2026-04-24-catalyst-pm,2026-06-01,2026-04-24_Catalyst_PM,,,,Entities,,2026-04-24_Catalyst_PM,2026-04-24_Catalyst_PM,entity,,,,,,,,,,,,,,,[],,,Entity
world:entity:2026-04-24-catalyst-qcom,2026-06-01,2026-04-24_Catalyst_QCOM,,,,Entities,,2026-04-24_Catalyst_QCOM,2026-04-24_Catalyst_QCOM,entity,,,,,,,,,,,,,,,[],,,Entity
world:entity:2026-04-24-catalyst-qubt,2026-06-01,2026-04-24_Catalyst_QUBT,,,,Entities,,2026-04-24_Catalyst_QUBT,2026-04-24_Catalyst_QUBT,entity,,,,,,,,,,,,,,,[],,,Entity
world:entity:2026-04-24-catalyst-rcat,2026-06-01,2026-04-24_Catalyst_RCAT,,,,Entities,,2026-04-24_Catalyst_RCAT,2026-04-24_Catalyst_RCAT,entity,,,,,,,,,,,,,,,[],,,Entity
world:entity:2026-04-24-catalyst-rgti,2026-06-01,2026-04-24_Catalyst_RGTI,,,,Entities,,2026-04-24_Catalyst_RGTI,2026-04-24_Catalyst_RGTI,entity,,,,,,,,,,,,,,,[],,,Entity
world:entity:2026-04-24-catalyst-rklb,2026-06-01,2026-04-24_Catalyst_RKLB,,,,Entities,,2026-04-24_Catalyst_RKLB,2026-04-24_Catalyst_RKLB,entity,,,,,,,,,,,,,,,[],,,Entity
world:entity:2026-04-24-catalyst-rprx,2026-06-01,2026-04-24_Catalyst_RPRX,,,,Entities,,2026-04-24_Catalyst_RPRX,2026-04-24_Catalyst_RPRX,entity,,,,,,,,,,,,,,,[],,,Entity
world:entity:2026-04-24-catalyst-rtx,2026-06-01,2026-04-24_Catalyst_RTX,,,,Entities,,2026-04-24_Catalyst_RTX,2026-04-24_Catalyst_RTX,entity,,,,,,,,,,,,,,,[],,,Entity
world:entity:2026-04-24-catalyst-saic,2026-06-01,2026-04-24_Catalyst_SAIC,,,,Entities,,2026-04-24_Catalyst_SAIC,2026-04-24_Catalyst_SAIC,entity,,,,,,,,,,,,,,,[],,,Entity
world:entity:2026-04-24-catalyst-shw,2026-06-01,2026-04-24_Catalyst_SHW,,,,Entities,,2026-04-24_Catalyst_SHW,2026-04-24_Catalyst_SHW,entity,,,,,,,,,,,,,,,[],,,Entity
world:entity:2026-04-24-catalyst-sky,2026-06-01,2026-04-24_Catalyst_SKY,,,,Entities,,2026-04-24_Catalyst_SKY,2026-04-24_Catalyst_SKY,entity,,,,,,,,,,,,,,,[],,,Entity
world:entity:2026-04-24-catalyst-smr,2026-06-01,2026-04-24_Catalyst_SMR,,,,Entities,,2026-04-24_Catalyst_SMR,2026-04-24_Catalyst_SMR,entity,,,,,,,,,,,,,,,[],,,Entity
world:entity:2026-04-24-catalyst-so,2026-06-01,2026-04-24_Catalyst_SO,,,,Entities,,2026-04-24_Catalyst_SO,2026-04-24_Catalyst_SO,entity,,,,,,,,,,,,,,,[],,,Entity
world:entity:2026-04-24-catalyst-sre,2026-06-01,2026-04-24_Catalyst_SRE,,,,Entities,,2026-04-24_Catalyst_SRE,2026-04-24_Catalyst_SRE,entity,,,,,,,,,,,,,,,[],,,Entity
world:entity:2026-04-24-catalyst-stem,2026-06-01,2026-04-24_Catalyst_STEM,,,,Entities,,2026-04-24_Catalyst_STEM,2026-04-24_Catalyst_STEM,entity,,,,,,,,,,,,,,,[],,,Entity
world:entity:2026-04-24-catalyst-strl,2026-06-01,2026-04-24_Catalyst_STRL,,,,Entities,,2026-04-24_Catalyst_STRL,2026-04-24_Catalyst_STRL,entity,,,,,,,,,,,,,,,[],,,Entity
world:entity:2026-04-24-catalyst-t,2026-06-01,2026-04-24_Catalyst_T,,,,Entities,,2026-04-24_Catalyst_T,2026-04-24_Catalyst_T,entity,,,,,,,,,,,,,,,[],,,Entity
world:entity:2026-04-24-catalyst-tdg,2026-06-01,2026-04-24_Catalyst_TDG,,,,Entities,,2026-04-24_Catalyst_TDG,2026-04-24_Catalyst_TDG,entity,,,,,,,,,,,,,,,[],,,Entity
world:entity:2026-04-24-catalyst-tmhc,2026-06-01,2026-04-24_Catalyst_TMHC,,,,Entities,,2026-04-24_Catalyst_TMHC,2026-04-24_Catalyst_TMHC,entity,,,,,,,,,,,,,,,[],,,Entity
world:entity:2026-04-24-catalyst-tmo,2026-06-01,2026-04-24_Catalyst_TMO,,,,Entities,,2026-04-24_Catalyst_TMO,2026-04-24_Catalyst_TMO,entity,,,,,,,,,,,,,,,[],,,Entity
world:entity:2026-04-24-catalyst-tol,2026-06-01,2026-04-24_Catalyst_TOL,,,,Entities,,2026-04-24_Catalyst_TOL,2026-04-24_Catalyst_TOL,entity,,,,,,,,,,,,,,,[],,,Entity
world:entity:2026-04-24-catalyst-tsla,2026-06-01,2026-04-24_Catalyst_TSLA,,,,Entities,,2026-04-24_Catalyst_TSLA,2026-04-24_Catalyst_TSLA,entity,,,,,,,,,,,,,,,[],,,Entity
world:entity:2026-04-24-catalyst-txt,2026-06-01,2026-04-24_Catalyst_TXT,,,,Entities,,2026-04-24_Catalyst_TXT,2026-04-24_Catalyst_TXT,entity,,,,,,,,,,,,,,,[],,,Entity
world:entity:2026-04-24-catalyst-unh,2026-06-01,2026-04-24_Catalyst_UNH,,,,Entities,,2026-04-24_Catalyst_UNH,2026-04-24_Catalyst_UNH,entity,,,,,,,,,,,,,,,[],,,Entity
world:entity:2026-04-24-catalyst-unp,2026-06-01,2026-04-24_Catalyst_UNP,,,,Entities,,2026-04-24_Catalyst_UNP,2026-04-24_Catalyst_UNP,entity,,,,,,,,,,,,,,,[],,,Entity
world:entity:2026-04-24-catalyst-unty,2026-06-01,2026-04-24_Catalyst_UNTY,,,,Entities,,2026-04-24_Catalyst_UNTY,2026-04-24_Catalyst_UNTY,entity,,,,,,,,,,,,,,,[],,,Entity
world:entity:2026-04-24-catalyst-v,2026-06-01,2026-04-24_Catalyst_V,,,,Entities,,2026-04-24_Catalyst_V,2026-04-24_Catalyst_V,entity,,,,,,,,,,,,,,,[],,,Entity
world:entity:2026-04-24-catalyst-vktx,2026-06-01,2026-04-24_Catalyst_VKTX,,,,Entities,,2026-04-24_Catalyst_VKTX,2026-04-24_Catalyst_VKTX,entity,,,,,,,,,,,,,,,[],,,Entity
world:entity:2026-04-24-catalyst-vlo,2026-06-01,2026-04-24_Catalyst_VLO,,,,Entities,,2026-04-24_Catalyst_VLO,2026-04-24_Catalyst_VLO,entity,,,,,,,,,,,,,,,[],,,Entity
world:entity:2026-04-24-catalyst-vst,2026-06-01,2026-04-24_Catalyst_VST,,,,Entities,,2026-04-24_Catalyst_VST,2026-04-24_Catalyst_VST,entity,,,,,,,,,,,,,,,[],,,Entity
world:entity:2026-04-24-catalyst-wfc,2026-06-01,2026-04-24_Catalyst_WFC,,,,Entities,,2026-04-24_Catalyst_WFC,2026-04-24_Catalyst_WFC,entity,,,,,,,,,,,,,,,[],,,Entity
world:entity:2026-04-24-catalyst-wolf,2026-06-01,2026-04-24_Catalyst_WOLF,,,,Entities,,2026-04-24_Catalyst_WOLF,2026-04-24_Catalyst_WOLF,entity,,,,,,,,,,,,,,,[],,,Entity
world:entity:2026-04-24-catalyst-wpm,2026-06-01,2026-04-24_Catalyst_WPM,,,,Entities,,2026-04-24_Catalyst_WPM,2026-04-24_Catalyst_WPM,entity,,,,,,,,,,,,,,,[],,,Entity
world:entity:2026-04-24-catalyst-xel,2026-06-01,2026-04-24_Catalyst_XEL,,,,Entities,,2026-04-24_Catalyst_XEL,2026-04-24_Catalyst_XEL,entity,,,,,,,,,,,,,,,[],,,Entity
world:entity:2026-04-24-catalyst-xom,2026-06-01,2026-04-24_Catalyst_XOM,,,,Entities,,2026-04-24_Catalyst_XOM,2026-04-24_Catalyst_XOM,entity,,,,,,,,,,,,,,,[],,,Entity
world:entity:2026-04-24-cboe-vix-term-structure,2026-06-01,2026-04-24_CBOE_VIX_Term_Structure,,,,Entities,,2026-04-24_CBOE_VIX_Term_Structure,2026-04-24_CBOE_VIX_Term_Structure,entity,,,,,,,,,,,,,,,[],,,Entity
world:entity:2026-04-24-communication-services-sector,2026-06-01,2026-04-24_Communication_Services_Sector,,,,Entities,,2026-04-24_Communication_Services_Sector,2026-04-24_Communication_Services_Sector,entity,,,,,,,,,,,,,,,[],,,Entity
world:entity:2026-04-24-confirm-psychedelic-mental-health-revolution,2026-06-01,2026-04-24_CONFIRM_PSYCHEDELIC_MENTAL_HEALTH_REVOLUTION,,,,Entities,,2026-04-24_CONFIRM_PSYCHEDELIC_MENTAL_HEALTH_REVOLUTION,2026-04-24_CONFIRM_PSYCHEDELIC_MENTAL_HEALTH_REVOLUTION,entity,,,,,,,,,,,,,,,[],,,Entity
world:entity:2026-04-24-consumer-discretionary-sector,2026-06-01,2026-04-24_Consumer_Discretionary_Sector,,,,Entities,,2026-04-24_Consumer_Discretionary_Sector,2026-04-24_Consumer_Discretionary_Sector,entity,,,,,,,,,,,,,,,[],,,Entity
world:entity:2026-04-24-consumer-staples-sector,2026-06-01,2026-04-24_Consumer_Staples_Sector,,,,Entities,,2026-04-24_Consumer_Staples_Sector,2026-04-24_Consumer_Staples_Sector,entity,,,,,,,,,,,,,,,[],,,Entity
world:entity:2026-04-24-conviction-delta,2026-06-01,2026-04-24_Conviction_Delta,,,,Entities,,2026-04-24_Conviction_Delta,2026-04-24_Conviction_Delta,entity,,,,,,,,,,,,,,,[],,,Entity
world:entity:2026-04-24-detailed-aerospace-defense-sector-report,2026-06-01,2026-04-24_Detailed_aerospace-defense_Sector_Report,,,,Entities,,2026-04-24_Detailed_aerospace-defense_Sector_Report,2026-04-24_Detailed_aerospace-defense_Sector_Report,entity,,,,,,,,,,,,,,,[],,,Entity
world:entity:2026-04-24-detailed-communication-services-sector-report,2026-06-01,2026-04-24_Detailed_communication-services_Sector_Report,,,,Entities,,2026-04-24_Detailed_communication-services_Sector_Report,2026-04-24_Detailed_communication-services_Sector_Report,entity,,,,,,,,,,,,,,,[],,,Entity
world:entity:2026-04-24-detailed-consumer-discretionary-sector-report,2026-06-01,2026-04-24_Detailed_consumer-discretionary_Sector_Report,,,,Entities,,2026-04-24_Detailed_consumer-discretionary_Sector_Report,2026-04-24_Detailed_consumer-discretionary_Sector_Report,entity,,,,,,,,,,,,,,,[],,,Entity
world:entity:2026-04-24-detailed-consumer-staples-sector-report,2026-06-01,2026-04-24_Detailed_consumer-staples_Sector_Report,,,,Entities,,2026-04-24_Detailed_consumer-staples_Sector_Report,2026-04-24_Detailed_consumer-staples_Sector_Report,entity,,,,,,,,,,,,,,,[],,,Entity
world:entity:2026-04-24-detailed-energy-sector-report,2026-06-01,2026-04-24_Detailed_energy_Sector_Report,,,,Entities,,2026-04-24_Detailed_energy_Sector_Report,2026-04-24_Detailed_energy_Sector_Report,entity,,,,,,,,,,,,,,,[],,,Entity
world:entity:2026-04-24-detailed-financials-sector-report,2026-06-01,2026-04-24_Detailed_financials_Sector_Report,,,,Entities,,2026-04-24_Detailed_financials_Sector_Report,2026-04-24_Detailed_financials_Sector_Report,entity,,,,,,,,,,,,,,,[],,,Entity
world:entity:2026-04-24-detailed-healthcare-sector-report,2026-06-01,2026-04-24_Detailed_healthcare_Sector_Report,,,,Entities,,2026-04-24_Detailed_healthcare_Sector_Report,2026-04-24_Detailed_healthcare_Sector_Report,entity,,,,,,,,,,,,,,,[],,,Entity
world:entity:2026-04-24-detailed-industrials-sector-report,2026-06-01,2026-04-24_Detailed_industrials_Sector_Report,,,,Entities,,2026-04-24_Detailed_industrials_Sector_Report,2026-04-24_Detailed_industrials_Sector_Report,entity,,,,,,,,,,,,,,,[],,,Entity
world:entity:2026-04-24-detailed-materials-sector-report,2026-06-01,2026-04-24_Detailed_materials_Sector_Report,,,,Entities,,2026-04-24_Detailed_materials_Sector_Report,2026-04-24_Detailed_materials_Sector_Report,entity,,,,,,,,,,,,,,,[],,,Entity
world:entity:2026-04-24-detailed-real-estate-sector-report,2026-06-01,2026-04-24_Detailed_real-estate_Sector_Report,,,,Entities,,2026-04-24_Detailed_real-estate_Sector_Report,2026-04-24_Detailed_real-estate_Sector_Report,entity,,,,,,,,,,,,,,,[],,,Entity
world:entity:2026-04-24-detailed-sector-report-index,2026-06-01,2026-04-24_Detailed_Sector_Report_Index,,,,Entities,,2026-04-24_Detailed_Sector_Report_Index,2026-04-24_Detailed_Sector_Report_Index,entity,,,,,,,,,,,,,,,[],,,Entity
world:entity:2026-04-24-detailed-tech-sector-report,2026-06-01,2026-04-24_Detailed_tech_Sector_Report,,,,Entities,,2026-04-24_Detailed_tech_Sector_Report,2026-04-24_Detailed_tech_Sector_Report,entity,,,,,,,,,,,,,,,[],,,Entity
world:entity:2026-04-24-detailed-utilities-sector-report,2026-06-01,2026-04-24_Detailed_utilities_Sector_Report,,,,Entities,,2026-04-24_Detailed_utilities_Sector_Report,2026-04-24_Detailed_utilities_Sector_Report,entity,,,,,,,,,,,,,,,[],,,Entity
world:entity:2026-04-24-dilution-monitor,2026-06-01,2026-04-24_Dilution_Monitor,,,,Entities,,2026-04-24_Dilution_Monitor,2026-04-24_Dilution_Monitor,entity,,,,,,,,,,,,,,,[],,,Entity
world:entity:2026-04-24-disclosure-reality-check,2026-06-01,2026-04-24_Disclosure_Reality_Check,,,,Entities,,2026-04-24_Disclosure_Reality_Check,2026-04-24_Disclosure_Reality_Check,entity,,,,,,,,,,,,,,,[],,,Entity
world:entity:2026-04-24-energy-sector,2026-06-01,2026-04-24_Energy_Sector,,,,Entities,,2026-04-24_Energy_Sector,2026-04-24_Energy_Sector,entity,,,,,,,,,,,,,,,[],,,Entity
world:entity:2026-04-24-faa-regulatory-progress,2026-06-01,2026-04-24_FAA_Regulatory_Progress,,,,Entities,,2026-04-24_FAA_Regulatory_Progress,2026-04-24_FAA_Regulatory_Progress,entity,,,,,,,,,,,,,,,[],,,Entity
world:entity:2026-04-24-financials-sector,2026-06-01,2026-04-24_Financials_Sector,,,,Entities,,2026-04-24_Financials_Sector,2026-04-24_Financials_Sector,entity,,,,,,,,,,,,,,,[],,,Entity
world:entity:2026-04-24-fmp-basket-watchlist-aerospace-defense-sector-basket,2026-06-01,2026-04-24_FMP_Basket_Watchlist_Aerospace_&_Defense_Sector_Basket,,,,Entities,,2026-04-24_FMP_Basket_Watchlist_Aerospace_&_Defense_Sector_Basket,2026-04-24_FMP_Basket_Watchlist_Aerospace_&_Defense_Sector_Basket,entity,,,,,,,,,,,,,,,[],,,Entity
world:entity:2026-04-24-fmp-basket-watchlist-buffett-style-quality-compounders,2026-06-01,2026-04-24_FMP_Basket_Watchlist_Buffett_Style_Quality_Compounders,,,,Entities,,2026-04-24_FMP_Basket_Watchlist_Buffett_Style_Quality_Compounders,2026-04-24_FMP_Basket_Watchlist_Buffett_Style_Quality_Compounders,entity,,,,,,,,,,,,,,,[],,,Entity
world:entity:2026-04-24-fmp-basket-watchlist-communication-services-sector-basket,2026-06-01,2026-04-24_FMP_Basket_Watchlist_Communication_Services_Sector_Basket,,,,Entities,,2026-04-24_FMP_Basket_Watchlist_Communication_Services_Sector_Basket,2026-04-24_FMP_Basket_Watchlist_Communication_Services_Sector_Basket,entity,,,,,,,,,,,,,,,[],,,Entity
world:entity:2026-04-24-fmp-basket-watchlist-consumer-discretionary-sector-basket,2026-06-01,2026-04-24_FMP_Basket_Watchlist_Consumer_Discretionary_Sector_Basket,,,,Entities,,2026-04-24_FMP_Basket_Watchlist_Consumer_Discretionary_Sector_Basket,2026-04-24_FMP_Basket_Watchlist_Consumer_Discretionary_Sector_Basket,entity,,,,,,,,,,,,,,,[],,,Entity
world:entity:2026-04-24-fmp-basket-watchlist-consumer-staples-sector-basket,2026-06-01,2026-04-24_FMP_Basket_Watchlist_Consumer_Staples_Sector_Basket,,,,Entities,,2026-04-24_FMP_Basket_Watchlist_Consumer_Staples_Sector_Basket,2026-04-24_FMP_Basket_Watchlist_Consumer_Staples_Sector_Basket,entity,,,,,,,,,,,,,,,[],,,Entity
world:entity:2026-04-24-fmp-basket-watchlist-dalio-style-all-weather-hard-assets,2026-06-01,2026-04-24_FMP_Basket_Watchlist_Dalio_Style_All-Weather_Hard_Assets,,,,Entities,,2026-04-24_FMP_Basket_Watchlist_Dalio_Style_All-Weather_Hard_Assets,2026-04-24_FMP_Basket_Watchlist_Dalio_Style_All-Weather_Hard_Assets,entity,,,,,,,,,,,,,,,[],,,Entity
world:entity:2026-04-24-fmp-basket-watchlist-druckenmiller-style-secular-trend-leaders,2026-06-01,2026-04-24_FMP_Basket_Watchlist_Druckenmiller_Style_Secular_Trend_Leaders,,,,Entities,,2026-04-24_FMP_Basket_Watchlist_Druckenmiller_Style_Secular_Trend_Leaders,2026-04-24_FMP_Basket_Watchlist_Druckenmiller_Style_Secular_Trend_Leaders,entity,,,,,,,,,,,,,,,[],,,Entity
world:entity:2026-04-24-fmp-basket-watchlist-energy-sector-basket,2026-06-01,2026-04-24_FMP_Basket_Watchlist_Energy_Sector_Basket,,,,Entities,,2026-04-24_FMP_Basket_Watchlist_Energy_Sector_Basket,2026-04-24_FMP_Basket_Watchlist_Energy_Sector_Basket,entity,,,,,,,,,,,,,,,[],,,Entity
world:entity:2026-04-24-fmp-basket-watchlist-financials-sector-basket,2026-06-01,2026-04-24_FMP_Basket_Watchlist_Financials_Sector_Basket,,,,Entities,,2026-04-24_FMP_Basket_Watchlist_Financials_Sector_Basket,2026-04-24_FMP_Basket_Watchlist_Financials_Sector_Basket,entity,,,,,,,,,,,,,,,[],,,Entity
world:entity:2026-04-24-fmp-basket-watchlist-graham-style-deep-value-re-rating,2026-06-01,2026-04-24_FMP_Basket_Watchlist_Graham_Style_Deep_Value_Re-Rating,,,,Entities,,2026-04-24_FMP_Basket_Watchlist_Graham_Style_Deep_Value_Re-Rating,2026-04-24_FMP_Basket_Watchlist_Graham_Style_Deep_Value_Re-Rating,entity,,,,,,,,,,,,,,,[],,,Entity
world:entity:2026-04-24-fmp-basket-watchlist-healthcare-sector-basket,2026-06-01,2026-04-24_FMP_Basket_Watchlist_Healthcare_Sector_Basket,,,,Entities,,2026-04-24_FMP_Basket_Watchlist_Healthcare_Sector_Basket,2026-04-24_FMP_Basket_Watchlist_Healthcare_Sector_Basket,entity,,,,,,,,,,,,,,,[],,,Entity
world:entity:2026-04-24-fmp-basket-watchlist-industrials-sector-basket,2026-06-01,2026-04-24_FMP_Basket_Watchlist_Industrials_Sector_Basket,,,,Entities,,2026-04-24_FMP_Basket_Watchlist_Industrials_Sector_Basket,2026-04-24_FMP_Basket_Watchlist_Industrials_Sector_Basket,entity,,,,,,,,,,,,,,,[],,,Entity
world:entity:2026-04-24-fmp-basket-watchlist-lynch-style-garp-leaders,2026-06-01,2026-04-24_FMP_Basket_Watchlist_Lynch_Style_GARP_Leaders,,,,Entities,,2026-04-24_FMP_Basket_Watchlist_Lynch_Style_GARP_Leaders,2026-04-24_FMP_Basket_Watchlist_Lynch_Style_GARP_Leaders,entity,,,,,,,,,,,,,,,[],,,Entity
world:entity:2026-04-24-fmp-basket-watchlist-materials-sector-basket,2026-06-01,2026-04-24_FMP_Basket_Watchlist_Materials_Sector_Basket,,,,Entities,,2026-04-24_FMP_Basket_Watchlist_Materials_Sector_Basket,2026-04-24_FMP_Basket_Watchlist_Materials_Sector_Basket,entity,,,,,,,,,,,,,,,[],,,Entity
world:entity:2026-04-24-fmp-basket-watchlist-real-estate-sector-basket,2026-06-01,2026-04-24_FMP_Basket_Watchlist_Real_Estate_Sector_Basket,,,,Entities,,2026-04-24_FMP_Basket_Watchlist_Real_Estate_Sector_Basket,2026-04-24_FMP_Basket_Watchlist_Real_Estate_Sector_Basket,entity,,,,,,,,,,,,,,,[],,,Entity
world:entity:2026-04-24-fmp-basket-watchlist-simons-style-quant-momentum-breadth,2026-06-01,2026-04-24_FMP_Basket_Watchlist_Simons_Style_Quant_Momentum_Breadth,,,,Entities,,2026-04-24_FMP_Basket_Watchlist_Simons_Style_Quant_Momentum_Breadth,2026-04-24_FMP_Basket_Watchlist_Simons_Style_Quant_Momentum_Breadth,entity,,,,,,,,,,,,,,,[],,,Entity
world:entity:2026-04-24-fmp-basket-watchlist-tech-sector-basket,2026-06-01,2026-04-24_FMP_Basket_Watchlist_Tech_Sector_Basket,,,,Entities,,2026-04-24_FMP_Basket_Watchlist_Tech_Sector_Basket,2026-04-24_FMP_Basket_Watchlist_Tech_Sector_Basket,entity,,,,,,,,,,,,,,,[],,,Entity
world:entity:2026-04-24-fmp-basket-watchlist-utilities-sector-basket,2026-06-01,2026-04-24_FMP_Basket_Watchlist_Utilities_Sector_Basket,,,,Entities,,2026-04-24_FMP_Basket_Watchlist_Utilities_Sector_Basket,2026-04-24_FMP_Basket_Watchlist_Utilities_Sector_Basket,entity,,,,,,,,,,,,,,,[],,,Entity
world:entity:2026-04-24-fmp-communication-services-micro-small-cap-search,2026-06-01,2026-04-24_FMP_Communication_Services_Micro_Small_Cap_Search,,,,Entities,,2026-04-24_FMP_Communication_Services_Micro_Small_Cap_Search,2026-04-24_FMP_Communication_Services_Micro_Small_Cap_Search,entity,,,,,,,,,,,,,,,[],,,Entity
world:entity:2026-04-24-fmp-consumer-discretionary-micro-small-cap-search,2026-06-01,2026-04-24_FMP_Consumer_Discretionary_Micro_Small_Cap_Search,,,,Entities,,2026-04-24_FMP_Consumer_Discretionary_Micro_Small_Cap_Search,2026-04-24_FMP_Consumer_Discretionary_Micro_Small_Cap_Search,entity,,,,,,,,,,,,,,,[],,,Entity
world:entity:2026-04-24-fmp-consumer-staples-micro-small-cap-search,2026-06-01,2026-04-24_FMP_Consumer_Staples_Micro_Small_Cap_Search,,,,Entities,,2026-04-24_FMP_Consumer_Staples_Micro_Small_Cap_Search,2026-04-24_FMP_Consumer_Staples_Micro_Small_Cap_Search,entity,,,,,,,,,,,,,,,[],,,Entity
world:entity:2026-04-24-fmp-earnings-calendar-thesis-watchlists,2026-06-01,2026-04-24_FMP_Earnings_Calendar_Thesis_Watchlists,,,,Entities,,2026-04-24_FMP_Earnings_Calendar_Thesis_Watchlists,2026-04-24_FMP_Earnings_Calendar_Thesis_Watchlists,entity,,,,,,,,,,,,,,,[],,,Entity
world:entity:2026-04-24-fmp-energy-micro-small-cap-search,2026-06-01,2026-04-24_FMP_Energy_Micro_Small_Cap_Search,,,,Entities,,2026-04-24_FMP_Energy_Micro_Small_Cap_Search,2026-04-24_FMP_Energy_Micro_Small_Cap_Search,entity,,,,,,,,,,,,,,,[],,,Entity
world:entity:2026-04-24-fmp-financials-micro-small-cap-search,2026-06-01,2026-04-24_FMP_Financials_Micro_Small_Cap_Search,,,,Entities,,2026-04-24_FMP_Financials_Micro_Small_Cap_Search,2026-04-24_FMP_Financials_Micro_Small_Cap_Search,entity,,,,,,,,,,,,,,,[],,,Entity
world:entity:2026-04-24-fmp-healthcare-micro-small-cap-search,2026-06-01,2026-04-24_FMP_Healthcare_Micro_Small_Cap_Search,,,,Entities,,2026-04-24_FMP_Healthcare_Micro_Small_Cap_Search,2026-04-24_FMP_Healthcare_Micro_Small_Cap_Search,entity,,,,,,,,,,,,,,,[],,,Entity
world:entity:2026-04-24-fmp-industrials-micro-small-cap-search,2026-06-01,2026-04-24_FMP_Industrials_Micro_Small_Cap_Search,,,,Entities,,2026-04-24_FMP_Industrials_Micro_Small_Cap_Search,2026-04-24_FMP_Industrials_Micro_Small_Cap_Search,entity,,,,,,,,,,,,,,,[],,,Entity
world:entity:2026-04-24-fmp-materials-micro-small-cap-search,2026-06-01,2026-04-24_FMP_Materials_Micro_Small_Cap_Search,,,,Entities,,2026-04-24_FMP_Materials_Micro_Small_Cap_Search,2026-04-24_FMP_Materials_Micro_Small_Cap_Search,entity,,,,,,,,,,,,,,,[],,,Entity
world:entity:2026-04-24-fmp-real-estate-micro-small-cap-search,2026-06-01,2026-04-24_FMP_Real_Estate_Micro_Small_Cap_Search,,,,Entities,,2026-04-24_FMP_Real_Estate_Micro_Small_Cap_Search,2026-04-24_FMP_Real_Estate_Micro_Small_Cap_Search,entity,,,,,,,,,,,,,,,[],,,Entity
world:entity:2026-04-24-fmp-tech-sector-micro-small-cap-search,2026-06-01,2026-04-24_FMP_Tech_Sector_Micro_Small_Cap_Search,,,,Entities,,2026-04-24_FMP_Tech_Sector_Micro_Small_Cap_Search,2026-04-24_FMP_Tech_Sector_Micro_Small_Cap_Search,entity,,,,,,,,,,,,,,,[],,,Entity
world:entity:2026-04-24-fmp-technicals-aapl-daily,2026-06-01,2026-04-24_FMP_Technicals_AAPL_daily,,,,Entities,,2026-04-24_FMP_Technicals_AAPL_daily,2026-04-24_FMP_Technicals_AAPL_daily,entity,,,,,,,,,,,,,,,[],,,Entity
world:entity:2026-04-24-fmp-technicals-abbv-daily,2026-06-01,2026-04-24_FMP_Technicals_ABBV_daily,,,,Entities,,2026-04-24_FMP_Technicals_ABBV_daily,2026-04-24_FMP_Technicals_ABBV_daily,entity,,,,,,,,,,,,,,,[],,,Entity
world:entity:2026-04-24-fmp-technicals-abt-daily,2026-06-01,2026-04-24_FMP_Technicals_ABT_daily,,,,Entities,,2026-04-24_FMP_Technicals_ABT_daily,2026-04-24_FMP_Technicals_ABT_daily,entity,,,,,,,,,,,,,,,[],,,Entity
world:entity:2026-04-24-fmp-technicals-acad-daily,2026-06-01,2026-04-24_FMP_Technicals_ACAD_daily,,,,Entities,,2026-04-24_FMP_Technicals_ACAD_daily,2026-04-24_FMP_Technicals_ACAD_daily,entity,,,,,,,,,,,,,,,[],,,Entity
world:entity:2026-04-24-fmp-technicals-achr-daily,2026-06-01,2026-04-24_FMP_Technicals_ACHR_daily,,,,Entities,,2026-04-24_FMP_Technicals_ACHR_daily,2026-04-24_FMP_Technicals_ACHR_daily,entity,,,,,,,,,,,,,,,[],,,Entity
world:entity:2026-04-24-fmp-technicals-adbe-daily,2026-06-01,2026-04-24_FMP_Technicals_ADBE_daily,,,,Entities,,2026-04-24_FMP_Technicals_ADBE_daily,2026-04-24_FMP_Technicals_ADBE_daily,entity,,,,,,,,,,,,,,,[],,,Entity
world:entity:2026-04-24-fmp-technicals-aep-daily,2026-06-01,2026-04-24_FMP_Technicals_AEP_daily,,,,Entities,,2026-04-24_FMP_Technicals_AEP_daily,2026-04-24_FMP_Technicals_AEP_daily,entity,,,,,,,,,,,,,,,[],,,Entity
world:entity:2026-04-24-fmp-technicals-airo-daily,2026-06-01,2026-04-24_FMP_Technicals_AIRO_daily,,,,Entities,,2026-04-24_FMP_Technicals_AIRO_daily,2026-04-24_FMP_Technicals_AIRO_daily,entity,,,,,,,,,,,,,,,[],,,Entity
world:entity:2026-04-24-fmp-technicals-alb-daily,2026-06-01,2026-04-24_FMP_Technicals_ALB_daily,,,,Entities,,2026-04-24_FMP_Technicals_ALB_daily,2026-04-24_FMP_Technicals_ALB_daily,entity,,,,,,,,,,,,,,,[],,,Entity
world:entity:2026-04-24-fmp-technicals-alks-daily,2026-06-01,2026-04-24_FMP_Technicals_ALKS_daily,,,,Entities,,2026-04-24_FMP_Technicals_ALKS_daily,2026-04-24_FMP_Technicals_ALKS_daily,entity,,,,,,,,,,,,,,,[],,,Entity
world:entity:2026-04-24-fmp-technicals-alvo-daily,2026-06-01,2026-04-24_FMP_Technicals_ALVO_daily,,,,Entities,,2026-04-24_FMP_Technicals_ALVO_daily,2026-04-24_FMP_Technicals_ALVO_daily,entity,,,,,,,,,,,,,,,[],,,Entity
world:entity:2026-04-24-fmp-technicals-amat-daily,2026-06-01,2026-04-24_FMP_Technicals_AMAT_daily,,,,Entities,,2026-04-24_FMP_Technicals_AMAT_daily,2026-04-24_FMP_Technicals_AMAT_daily,entity,,,,,,,,,,,,,,,[],,,Entity
world:entity:2026-04-24-fmp-technicals-amd-daily,2026-06-01,2026-04-24_FMP_Technicals_AMD_daily,,,,Entities,,2026-04-24_FMP_Technicals_AMD_daily,2026-04-24_FMP_Technicals_AMD_daily,entity,,,,,,,,,,,,,,,[],,,Entity
world:entity:2026-04-24-fmp-technicals-amgn-daily,2026-06-01,2026-04-24_FMP_Technicals_AMGN_daily,,,,Entities,,2026-04-24_FMP_Technicals_AMGN_daily,2026-04-24_FMP_Technicals_AMGN_daily,entity,,,,,,,,,,,,,,,[],,,Entity
world:entity:2026-04-24-fmp-technicals-amt-daily,2026-06-01,2026-04-24_FMP_Technicals_AMT_daily,,,,Entities,,2026-04-24_FMP_Technicals_AMT_daily,2026-04-24_FMP_Technicals_AMT_daily,entity,,,,,,,,,,,,,,,[],,,Entity
world:entity:2026-04-24-fmp-technicals-amzn-daily,2026-06-01,2026-04-24_FMP_Technicals_AMZN_daily,,,,Entities,,2026-04-24_FMP_Technicals_AMZN_daily,2026-04-24_FMP_Technicals_AMZN_daily,entity,,,,,,,,,,,,,,,[],,,Entity
world:entity:2026-04-24-fmp-technicals-apd-daily,2026-06-01,2026-04-24_FMP_Technicals_APD_daily,,,,Entities,,2026-04-24_FMP_Technicals_APD_daily,2026-04-24_FMP_Technicals_APD_daily,entity,,,,,,,,,,,,,,,[],,,Entity
world:entity:2026-04-24-fmp-technicals-asts-daily,2026-06-01,2026-04-24_FMP_Technicals_ASTS_daily,,,,Entities,,2026-04-24_FMP_Technicals_ASTS_daily,2026-04-24_FMP_Technicals_ASTS_daily,entity,,,,,,,,,,,,,,,[],,,Entity
world:entity:2026-04-24-fmp-technicals-atai-daily,2026-06-01,2026-04-24_FMP_Technicals_ATAI_daily,,,,Entities,,2026-04-24_FMP_Technicals_ATAI_daily,2026-04-24_FMP_Technicals_ATAI_daily,entity,,,,,,,,,,,,,,,[],,,Entity
world:entity:2026-04-24-fmp-technicals-avav-daily,2026-06-01,2026-04-24_FMP_Technicals_AVAV_daily,,,,Entities,,2026-04-24_FMP_Technicals_AVAV_daily,2026-04-24_FMP_Technicals_AVAV_daily,entity,,,,,,,,,,,,,,,[],,,Entity
world:entity:2026-04-24-fmp-technicals-avb-daily,2026-06-01,2026-04-24_FMP_Technicals_AVB_daily,,,,Entities,,2026-04-24_FMP_Technicals_AVB_daily,2026-04-24_FMP_Technicals_AVB_daily,entity,,,,,,,,,,,,,,,[],,,Entity
world:entity:2026-04-24-fmp-technicals-avgo-daily,2026-06-01,2026-04-24_FMP_Technicals_AVGO_daily,,,,Entities,,2026-04-24_FMP_Technicals_AVGO_daily,2026-04-24_FMP_Technicals_AVGO_daily,entity,,,,,,,,,,,,,,,[],,,Entity
world:entity:2026-04-24-fmp-technicals-axon-daily,2026-06-01,2026-04-24_FMP_Technicals_AXON_daily,,,,Entities,,2026-04-24_FMP_Technicals_AXON_daily,2026-04-24_FMP_Technicals_AXON_daily,entity,,,,,,,,,,,,,,,[],,,Entity
world:entity:2026-04-24-fmp-technicals-axp-daily,2026-06-01,2026-04-24_FMP_Technicals_AXP_daily,,,,Entities,,2026-04-24_FMP_Technicals_AXP_daily,2026-04-24_FMP_Technicals_AXP_daily,entity,,,,,,,,,,,,,,,[],,,Entity
world:entity:2026-04-24-fmp-technicals-ba-daily,2026-06-01,2026-04-24_FMP_Technicals_BA_daily,,,,Entities,,2026-04-24_FMP_Technicals_BA_daily,2026-04-24_FMP_Technicals_BA_daily,entity,,,,,,,,,,,,,,,[],,,Entity
world:entity:2026-04-24-fmp-technicals-bac-daily,2026-06-01,2026-04-24_FMP_Technicals_BAC_daily,,,,Entities,,2026-04-24_FMP_Technicals_BAC_daily,2026-04-24_FMP_Technicals_BAC_daily,entity,,,,,,,,,,,,,,,[],,,Entity
world:entity:2026-04-24-fmp-technicals-bah-daily,2026-06-01,2026-04-24_FMP_Technicals_BAH_daily,,,,Entities,,2026-04-24_FMP_Technicals_BAH_daily,2026-04-24_FMP_Technicals_BAH_daily,entity,,,,,,,,,,,,,,,[],,,Entity
world:entity:2026-04-24-fmp-technicals-bbai-daily,2026-06-01,2026-04-24_FMP_Technicals_BBAI_daily,,,,Entities,,2026-04-24_FMP_Technicals_BBAI_daily,2026-04-24_FMP_Technicals_BBAI_daily,entity,,,,,,,,,,,,,,,[],,,Entity
world:entity:2026-04-24-fmp-technicals-beam-daily,2026-06-01,2026-04-24_FMP_Technicals_BEAM_daily,,,,Entities,,2026-04-24_FMP_Technicals_BEAM_daily,2026-04-24_FMP_Technicals_BEAM_daily,entity,,,,,,,,,,,,,,,[],,,Entity
world:entity:2026-04-24-fmp-technicals-biib-daily,2026-06-01,2026-04-24_FMP_Technicals_BIIB_daily,,,,Entities,,2026-04-24_FMP_Technicals_BIIB_daily,2026-04-24_FMP_Technicals_BIIB_daily,entity,,,,,,,,,,,,,,,[],,,Entity
world:entity:2026-04-24-fmp-technicals-bkng-daily,2026-06-01,2026-04-24_FMP_Technicals_BKNG_daily,,,,Entities,,2026-04-24_FMP_Technicals_BKNG_daily,2026-04-24_FMP_Technicals_BKNG_daily,entity,,,,,,,,,,,,,,,[],,,Entity
world:entity:2026-04-24-fmp-technicals-bksy-daily,2026-06-01,2026-04-24_FMP_Technicals_BKSY_daily,,,,Entities,,2026-04-24_FMP_Technicals_BKSY_daily,2026-04-24_FMP_Technicals_BKSY_daily,entity,,,,,,,,,,,,,,,[],,,Entity
world:entity:2026-04-24-fmp-technicals-blk-daily,2026-06-01,2026-04-24_FMP_Technicals_BLK_daily,,,,Entities,,2026-04-24_FMP_Technicals_BLK_daily,2026-04-24_FMP_Technicals_BLK_daily,entity,,,,,,,,,,,,,,,[],,,Entity
world:entity:2026-04-24-fmp-technicals-c-daily,2026-06-01,2026-04-24_FMP_Technicals_C_daily,,,,Entities,,2026-04-24_FMP_Technicals_C_daily,2026-04-24_FMP_Technicals_C_daily,entity,,,,,,,,,,,,,,,[],,,Entity
world:entity:2026-04-24-fmp-technicals-caci-daily,2026-06-01,2026-04-24_FMP_Technicals_CACI_daily,,,,Entities,,2026-04-24_FMP_Technicals_CACI_daily,2026-04-24_FMP_Technicals_CACI_daily,entity,,,,,,,,,,,,,,,[],,,Entity
world:entity:2026-04-24-fmp-technicals-cat-daily,2026-06-01,2026-04-24_FMP_Technicals_CAT_daily,,,,Entities,,2026-04-24_FMP_Technicals_CAT_daily,2026-04-24_FMP_Technicals_CAT_daily,entity,,,,,,,,,,,,,,,[],,,Entity
world:entity:2026-04-24-fmp-technicals-cci-daily,2026-06-01,2026-04-24_FMP_Technicals_CCI_daily,,,,Entities,,2026-04-24_FMP_Technicals_CCI_daily,2026-04-24_FMP_Technicals_CCI_daily,entity,,,,,,,,,,,,,,,[],,,Entity
world:entity:2026-04-24-fmp-technicals-ccj-daily,2026-06-01,2026-04-24_FMP_Technicals_CCJ_daily,,,,Entities,,2026-04-24_FMP_Technicals_CCJ_daily,2026-04-24_FMP_Technicals_CCJ_daily,entity,,,,,,,,,,,,,,,[],,,Entity
world:entity:2026-04-24-fmp-technicals-ceg-daily,2026-06-01,2026-04-24_FMP_Technicals_CEG_daily,,,,Entities,,2026-04-24_FMP_Technicals_CEG_daily,2026-04-24_FMP_Technicals_CEG_daily,entity,,,,,,,,,,,,,,,[],,,Entity
world:entity:2026-04-24-fmp-technicals-chtr-daily,2026-06-01,2026-04-24_FMP_Technicals_CHTR_daily,,,,Entities,,2026-04-24_FMP_Technicals_CHTR_daily,2026-04-24_FMP_Technicals_CHTR_daily,entity,,,,,,,,,,,,,,,[],,,Entity
world:entity:2026-04-24-fmp-technicals-cl-daily,2026-06-01,2026-04-24_FMP_Technicals_CL_daily,,,,Entities,,2026-04-24_FMP_Technicals_CL_daily,2026-04-24_FMP_Technicals_CL_daily,entity,,,,,,,,,,,,,,,[],,,Entity
world:entity:2026-04-24-fmp-technicals-cmcsa-daily,2026-06-01,2026-04-24_FMP_Technicals_CMCSA_daily,,,,Entities,,2026-04-24_FMP_Technicals_CMCSA_daily,2026-04-24_FMP_Technicals_CMCSA_daily,entity,,,,,,,,,,,,,,,[],,,Entity
world:entity:2026-04-24-fmp-technicals-cmps-daily,2026-06-01,2026-04-24_FMP_Technicals_CMPS_daily,,,,Entities,,2026-04-24_FMP_Technicals_CMPS_daily,2026-04-24_FMP_Technicals_CMPS_daily,entity,,,,,,,,,,,,,,,[],,,Entity
world:entity:2026-04-24-fmp-technicals-coin-daily,2026-06-01,2026-04-24_FMP_Technicals_COIN_daily,,,,Entities,,2026-04-24_FMP_Technicals_COIN_daily,2026-04-24_FMP_Technicals_COIN_daily,entity,,,,,,,,,,,,,,,[],,,Entity
world:entity:2026-04-24-fmp-technicals-cop-daily,2026-06-01,2026-04-24_FMP_Technicals_COP_daily,,,,Entities,,2026-04-24_FMP_Technicals_COP_daily,2026-04-24_FMP_Technicals_COP_daily,entity,,,,,,,,,,,,,,,[],,,Entity
world:entity:2026-04-24-fmp-technicals-cost-daily,2026-06-01,2026-04-24_FMP_Technicals_COST_daily,,,,Entities,,2026-04-24_FMP_Technicals_COST_daily,2026-04-24_FMP_Technicals_COST_daily,entity,,,,,,,,,,,,,,,[],,,Entity
world:entity:2026-04-24-fmp-technicals-crm-daily,2026-06-01,2026-04-24_FMP_Technicals_CRM_daily,,,,Entities,,2026-04-24_FMP_Technicals_CRM_daily,2026-04-24_FMP_Technicals_CRM_daily,entity,,,,,,,,,,,,,,,[],,,Entity
world:entity:2026-04-24-fmp-technicals-crsp-daily,2026-06-01,2026-04-24_FMP_Technicals_CRSP_daily,,,,Entities,,2026-04-24_FMP_Technicals_CRSP_daily,2026-04-24_FMP_Technicals_CRSP_daily,entity,,,,,,,,,,,,,,,[],,,Entity
world:entity:2026-04-24-fmp-technicals-cvx-daily,2026-06-01,2026-04-24_FMP_Technicals_CVX_daily,,,,Entities,,2026-04-24_FMP_Technicals_CVX_daily,2026-04-24_FMP_Technicals_CVX_daily,entity,,,,,,,,,,,,,,,[],,,Entity
world:entity:2026-04-24-fmp-technicals-d-daily,2026-06-01,2026-04-24_FMP_Technicals_D_daily,,,,Entities,,2026-04-24_FMP_Technicals_D_daily,2026-04-24_FMP_Technicals_D_daily,entity,,,,,,,,,,,,,,,[],,,Entity
world:entity:2026-04-24-fmp-technicals-de-daily,2026-06-01,2026-04-24_FMP_Technicals_DE_daily,,,,Entities,,2026-04-24_FMP_Technicals_DE_daily,2026-04-24_FMP_Technicals_DE_daily,entity,,,,,,,,,,,,,,,[],,,Entity
world:entity:2026-04-24-fmp-technicals-dftx-daily,2026-06-01,2026-04-24_FMP_Technicals_DFTX_daily,,,,Entities,,2026-04-24_FMP_Technicals_DFTX_daily,2026-04-24_FMP_Technicals_DFTX_daily,entity,,,,,,,,,,,,,,,[],,,Entity
world:entity:2026-04-24-fmp-technicals-dhi-daily,2026-06-01,2026-04-24_FMP_Technicals_DHI_daily,,,,Entities,,2026-04-24_FMP_Technicals_DHI_daily,2026-04-24_FMP_Technicals_DHI_daily,entity,,,,,,,,,,,,,,,[],,,Entity
world:entity:2026-04-24-fmp-technicals-dhr-daily,2026-06-01,2026-04-24_FMP_Technicals_DHR_daily,,,,Entities,,2026-04-24_FMP_Technicals_DHR_daily,2026-04-24_FMP_Technicals_DHR_daily,entity,,,,,,,,,,,,,,,[],,,Entity
world:entity:2026-04-24-fmp-technicals-dis-daily,2026-06-01,2026-04-24_FMP_Technicals_DIS_daily,,,,Entities,,2026-04-24_FMP_Technicals_DIS_daily,2026-04-24_FMP_Technicals_DIS_daily,entity,,,,,,,,,,,,,,,[],,,Entity
world:entity:2026-04-24-fmp-technicals-dlr-daily,2026-06-01,2026-04-24_FMP_Technicals_DLR_daily,,,,Entities,,2026-04-24_FMP_Technicals_DLR_daily,2026-04-24_FMP_Technicals_DLR_daily,entity,,,,,,,,,,,,,,,[],,,Entity
world:entity:2026-04-24-fmp-technicals-dpro-daily,2026-06-01,2026-04-24_FMP_Technicals_DPRO_daily,,,,Entities,,2026-04-24_FMP_Technicals_DPRO_daily,2026-04-24_FMP_Technicals_DPRO_daily,entity,,,,,,,,,,,,,,,[],,,Entity
world:entity:2026-04-24-fmp-technicals-duk-daily,2026-06-01,2026-04-24_FMP_Technicals_DUK_daily,,,,Entities,,2026-04-24_FMP_Technicals_DUK_daily,2026-04-24_FMP_Technicals_DUK_daily,entity,,,,,,,,,,,,,,,[],,,Entity
world:entity:2026-04-24-fmp-technicals-dvn-daily,2026-06-01,2026-04-24_FMP_Technicals_DVN_daily,,,,Entities,,2026-04-24_FMP_Technicals_DVN_daily,2026-04-24_FMP_Technicals_DVN_daily,entity,,,,,,,,,,,,,,,[],,,Entity
world:entity:2026-04-24-fmp-technicals-ea-daily,2026-06-01,2026-04-24_FMP_Technicals_EA_daily,,,,Entities,,2026-04-24_FMP_Technicals_EA_daily,2026-04-24_FMP_Technicals_EA_daily,entity,,,,,,,,,,,,,,,[],,,Entity
world:entity:2026-04-24-fmp-technicals-ecl-daily,2026-06-01,2026-04-24_FMP_Technicals_ECL_daily,,,,Entities,,2026-04-24_FMP_Technicals_ECL_daily,2026-04-24_FMP_Technicals_ECL_daily,entity,,,,,,,,,,,,,,,[],,,Entity
world:entity:2026-04-24-fmp-technicals-edit-daily,2026-06-01,2026-04-24_FMP_Technicals_EDIT_daily,,,,Entities,,2026-04-24_FMP_Technicals_EDIT_daily,2026-04-24_FMP_Technicals_EDIT_daily,entity,,,,,,,,,,,,,,,[],,,Entity
world:entity:2026-04-24-fmp-technicals-eh-daily,2026-06-01,2026-04-24_FMP_Technicals_EH_daily,,,,Entities,,2026-04-24_FMP_Technicals_EH_daily,2026-04-24_FMP_Technicals_EH_daily,entity,,,,,,,,,,,,,,,[],,,Entity
world:entity:2026-04-24-fmp-technicals-envx-daily,2026-06-01,2026-04-24_FMP_Technicals_ENVX_daily,,,,Entities,,2026-04-24_FMP_Technicals_ENVX_daily,2026-04-24_FMP_Technicals_ENVX_daily,entity,,,,,,,,,,,,,,,[],,,Entity
world:entity:2026-04-24-fmp-technicals-eog-daily,2026-06-01,2026-04-24_FMP_Technicals_EOG_daily,,,,Entities,,2026-04-24_FMP_Technicals_EOG_daily,2026-04-24_FMP_Technicals_EOG_daily,entity,,,,,,,,,,,,,,,[],,,Entity
world:entity:2026-04-24-fmp-technicals-eqix-daily,2026-06-01,2026-04-24_FMP_Technicals_EQIX_daily,,,,Entities,,2026-04-24_FMP_Technicals_EQIX_daily,2026-04-24_FMP_Technicals_EQIX_daily,entity,,,,,,,,,,,,,,,[],,,Entity
world:entity:2026-04-24-fmp-technicals-eslt-daily,2026-06-01,2026-04-24_FMP_Technicals_ESLT_daily,,,,Entities,,2026-04-24_FMP_Technicals_ESLT_daily,2026-04-24_FMP_Technicals_ESLT_daily,entity,,,,,,,,,,,,,,,[],,,Entity
world:entity:2026-04-24-fmp-technicals-etn-daily,2026-06-01,2026-04-24_FMP_Technicals_ETN_daily,,,,Entities,,2026-04-24_FMP_Technicals_ETN_daily,2026-04-24_FMP_Technicals_ETN_daily,entity,,,,,,,,,,,,,,,[],,,Entity
world:entity:2026-04-24-fmp-technicals-evtl-daily,2026-06-01,2026-04-24_FMP_Technicals_EVTL_daily,,,,Entities,,2026-04-24_FMP_Technicals_EVTL_daily,2026-04-24_FMP_Technicals_EVTL_daily,entity,,,,,,,,,,,,,,,[],,,Entity
world:entity:2026-04-24-fmp-technicals-exc-daily,2026-06-01,2026-04-24_FMP_Technicals_EXC_daily,,,,Entities,,2026-04-24_FMP_Technicals_EXC_daily,2026-04-24_FMP_Technicals_EXC_daily,entity,,,,,,,,,,,,,,,[],,,Entity
world:entity:2026-04-24-fmp-technicals-fcx-daily,2026-06-01,2026-04-24_FMP_Technicals_FCX_daily,,,,Entities,,2026-04-24_FMP_Technicals_FCX_daily,2026-04-24_FMP_Technicals_FCX_daily,entity,,,,,,,,,,,,,,,[],,,Entity
world:entity:2026-04-24-fmp-technicals-flnc-daily,2026-06-01,2026-04-24_FMP_Technicals_FLNC_daily,,,,Entities,,2026-04-24_FMP_Technicals_FLNC_daily,2026-04-24_FMP_Technicals_FLNC_daily,entity,,,,,,,,,,,,,,,[],,,Entity
world:entity:2026-04-24-fmp-technicals-gd-daily,2026-06-01,2026-04-24_FMP_Technicals_GD_daily,,,,Entities,,2026-04-24_FMP_Technicals_GD_daily,2026-04-24_FMP_Technicals_GD_daily,entity,,,,,,,,,,,,,,,[],,,Entity
world:entity:2026-04-24-fmp-technicals-ge-daily,2026-06-01,2026-04-24_FMP_Technicals_GE_daily,,,,Entities,,2026-04-24_FMP_Technicals_GE_daily,2026-04-24_FMP_Technicals_GE_daily,entity,,,,,,,,,,,,,,,[],,,Entity
world:entity:2026-04-24-fmp-technicals-gev-daily,2026-06-01,2026-04-24_FMP_Technicals_GEV_daily,,,,Entities,,2026-04-24_FMP_Technicals_GEV_daily,2026-04-24_FMP_Technicals_GEV_daily,entity,,,,,,,,,,,,,,,[],,,Entity
world:entity:2026-04-24-fmp-technicals-ghrs-daily,2026-06-01,2026-04-24_FMP_Technicals_GHRS_daily,,,,Entities,,2026-04-24_FMP_Technicals_GHRS_daily,2026-04-24_FMP_Technicals_GHRS_daily,entity,,,,,,,,,,,,,,,[],,,Entity
world:entity:2026-04-24-fmp-technicals-gis-daily,2026-06-01,2026-04-24_FMP_Technicals_GIS_daily,,,,Entities,,2026-04-24_FMP_Technicals_GIS_daily,2026-04-24_FMP_Technicals_GIS_daily,entity,,,,,,,,,,,,,,,[],,,Entity
world:entity:2026-04-24-fmp-technicals-gold-daily,2026-06-01,2026-04-24_FMP_Technicals_GOLD_daily,,,,Entities,,2026-04-24_FMP_Technicals_GOLD_daily,2026-04-24_FMP_Technicals_GOLD_daily,entity,,,,,,,,,,,,,,,[],,,Entity
world:entity:2026-04-24-fmp-technicals-googl-daily,2026-06-01,2026-04-24_FMP_Technicals_GOOGL_daily,,,,Entities,,2026-04-24_FMP_Technicals_GOOGL_daily,2026-04-24_FMP_Technicals_GOOGL_daily,entity,,,,,,,,,,,,,,,[],,,Entity
world:entity:2026-04-24-fmp-technicals-gs-daily,2026-06-01,2026-04-24_FMP_Technicals_GS_daily,,,,Entities,,2026-04-24_FMP_Technicals_GS_daily,2026-04-24_FMP_Technicals_GS_daily,entity,,,,,,,,,,,,,,,[],,,Entity
world:entity:2026-04-24-fmp-technicals-hal-daily,2026-06-01,2026-04-24_FMP_Technicals_HAL_daily,,,,Entities,,2026-04-24_FMP_Technicals_HAL_daily,2026-04-24_FMP_Technicals_HAL_daily,entity,,,,,,,,,,,,,,,[],,,Entity
world:entity:2026-04-24-fmp-technicals-hd-daily,2026-06-01,2026-04-24_FMP_Technicals_HD_daily,,,,Entities,,2026-04-24_FMP_Technicals_HD_daily,2026-04-24_FMP_Technicals_HD_daily,entity,,,,,,,,,,,,,,,[],,,Entity
world:entity:2026-04-24-fmp-technicals-help-daily,2026-06-01,2026-04-24_FMP_Technicals_HELP_daily,,,,Entities,,2026-04-24_FMP_Technicals_HELP_daily,2026-04-24_FMP_Technicals_HELP_daily,entity,,,,,,,,,,,,,,,[],,,Entity
world:entity:2026-04-24-fmp-technicals-hii-daily,2026-06-01,2026-04-24_FMP_Technicals_HII_daily,,,,Entities,,2026-04-24_FMP_Technicals_HII_daily,2026-04-24_FMP_Technicals_HII_daily,entity,,,,,,,,,,,,,,,[],,,Entity
world:entity:2026-04-24-fmp-technicals-hims-daily,2026-06-01,2026-04-24_FMP_Technicals_HIMS_daily,,,,Entities,,2026-04-24_FMP_Technicals_HIMS_daily,2026-04-24_FMP_Technicals_HIMS_daily,entity,,,,,,,,,,,,,,,[],,,Entity
world:entity:2026-04-24-fmp-technicals-hon-daily,2026-06-01,2026-04-24_FMP_Technicals_HON_daily,,,,Entities,,2026-04-24_FMP_Technicals_HON_daily,2026-04-24_FMP_Technicals_HON_daily,entity,,,,,,,,,,,,,,,[],,,Entity
world:entity:2026-04-24-fmp-technicals-hovr-daily,2026-06-01,2026-04-24_FMP_Technicals_HOVR_daily,,,,Entities,,2026-04-24_FMP_Technicals_HOVR_daily,2026-04-24_FMP_Technicals_HOVR_daily,entity,,,,,,,,,,,,,,,[],,,Entity
world:entity:2026-04-24-fmp-technicals-inva-daily,2026-06-01,2026-04-24_FMP_Technicals_INVA_daily,,,,Entities,,2026-04-24_FMP_Technicals_INVA_daily,2026-04-24_FMP_Technicals_INVA_daily,entity,,,,,,,,,,,,,,,[],,,Entity
world:entity:2026-04-24-fmp-technicals-ionq-daily,2026-06-01,2026-04-24_FMP_Technicals_IONQ_daily,,,,Entities,,2026-04-24_FMP_Technicals_IONQ_daily,2026-04-24_FMP_Technicals_IONQ_daily,entity,,,,,,,,,,,,,,,[],,,Entity
world:entity:2026-04-24-fmp-technicals-isrg-daily,2026-06-01,2026-04-24_FMP_Technicals_ISRG_daily,,,,Entities,,2026-04-24_FMP_Technicals_ISRG_daily,2026-04-24_FMP_Technicals_ISRG_daily,entity,,,,,,,,,,,,,,,[],,,Entity
world:entity:2026-04-24-fmp-technicals-jnj-daily,2026-06-01,2026-04-24_FMP_Technicals_JNJ_daily,,,,Entities,,2026-04-24_FMP_Technicals_JNJ_daily,2026-04-24_FMP_Technicals_JNJ_daily,entity,,,,,,,,,,,,,,,[],,,Entity
world:entity:2026-04-24-fmp-technicals-joby-daily,2026-06-01,2026-04-24_FMP_Technicals_JOBY_daily,,,,Entities,,2026-04-24_FMP_Technicals_JOBY_daily,2026-04-24_FMP_Technicals_JOBY_daily,entity,,,,,,,,,,,,,,,[],,,Entity
world:entity:2026-04-24-fmp-technicals-jpm-daily,2026-06-01,2026-04-24_FMP_Technicals_JPM_daily,,,,Entities,,2026-04-24_FMP_Technicals_JPM_daily,2026-04-24_FMP_Technicals_JPM_daily,entity,,,,,,,,,,,,,,,[],,,Entity
world:entity:2026-04-24-fmp-technicals-klac-daily,2026-06-01,2026-04-24_FMP_Technicals_KLAC_daily,,,,Entities,,2026-04-24_FMP_Technicals_KLAC_daily,2026-04-24_FMP_Technicals_KLAC_daily,entity,,,,,,,,,,,,,,,[],,,Entity
world:entity:2026-04-24-fmp-technicals-kmb-daily,2026-06-01,2026-04-24_FMP_Technicals_KMB_daily,,,,Entities,,2026-04-24_FMP_Technicals_KMB_daily,2026-04-24_FMP_Technicals_KMB_daily,entity,,,,,,,,,,,,,,,[],,,Entity
world:entity:2026-04-24-fmp-technicals-ko-daily,2026-06-01,2026-04-24_FMP_Technicals_KO_daily,,,,Entities,,2026-04-24_FMP_Technicals_KO_daily,2026-04-24_FMP_Technicals_KO_daily,entity,,,,,,,,,,,,,,,[],,,Entity
world:entity:2026-04-24-fmp-technicals-ktos-daily,2026-06-01,2026-04-24_FMP_Technicals_KTOS_daily,,,,Entities,,2026-04-24_FMP_Technicals_KTOS_daily,2026-04-24_FMP_Technicals_KTOS_daily,entity,,,,,,,,,,,,,,,[],,,Entity
world:entity:2026-04-24-fmp-technicals-ldos-daily,2026-06-01,2026-04-24_FMP_Technicals_LDOS_daily,,,,Entities,,2026-04-24_FMP_Technicals_LDOS_daily,2026-04-24_FMP_Technicals_LDOS_daily,entity,,,,,,,,,,,,,,,[],,,Entity
world:entity:2026-04-24-fmp-technicals-len-daily,2026-06-01,2026-04-24_FMP_Technicals_LEN_daily,,,,Entities,,2026-04-24_FMP_Technicals_LEN_daily,2026-04-24_FMP_Technicals_LEN_daily,entity,,,,,,,,,,,,,,,[],,,Entity
world:entity:2026-04-24-fmp-technicals-lhx-daily,2026-06-01,2026-04-24_FMP_Technicals_LHX_daily,,,,Entities,,2026-04-24_FMP_Technicals_LHX_daily,2026-04-24_FMP_Technicals_LHX_daily,entity,,,,,,,,,,,,,,,[],,,Entity
world:entity:2026-04-24-fmp-technicals-lin-daily,2026-06-01,2026-04-24_FMP_Technicals_LIN_daily,,,,Entities,,2026-04-24_FMP_Technicals_LIN_daily,2026-04-24_FMP_Technicals_LIN_daily,entity,,,,,,,,,,,,,,,[],,,Entity
world:entity:2026-04-24-fmp-technicals-lly-daily,2026-06-01,2026-04-24_FMP_Technicals_LLY_daily,,,,Entities,,2026-04-24_FMP_Technicals_LLY_daily,2026-04-24_FMP_Technicals_LLY_daily,entity,,,,,,,,,,,,,,,[],,,Entity
world:entity:2026-04-24-fmp-technicals-lmt-daily,2026-06-01,2026-04-24_FMP_Technicals_LMT_daily,,,,Entities,,2026-04-24_FMP_Technicals_LMT_daily,2026-04-24_FMP_Technicals_LMT_daily,entity,,,,,,,,,,,,,,,[],,,Entity
world:entity:2026-04-24-fmp-technicals-low-daily,2026-06-01,2026-04-24_FMP_Technicals_LOW_daily,,,,Entities,,2026-04-24_FMP_Technicals_LOW_daily,2026-04-24_FMP_Technicals_LOW_daily,entity,,,,,,,,,,,,,,,[],,,Entity
world:entity:2026-04-24-fmp-technicals-lrcx-daily,2026-06-01,2026-04-24_FMP_Technicals_LRCX_daily,,,,Entities,,2026-04-24_FMP_Technicals_LRCX_daily,2026-04-24_FMP_Technicals_LRCX_daily,entity,,,,,,,,,,,,,,,[],,,Entity
world:entity:2026-04-24-fmp-technicals-ma-daily,2026-06-01,2026-04-24_FMP_Technicals_MA_daily,,,,Entities,,2026-04-24_FMP_Technicals_MA_daily,2026-04-24_FMP_Technicals_MA_daily,entity,,,,,,,,,,,,,,,[],,,Entity
world:entity:2026-04-24-fmp-technicals-mcd-daily,2026-06-01,2026-04-24_FMP_Technicals_MCD_daily,,,,Entities,,2026-04-24_FMP_Technicals_MCD_daily,2026-04-24_FMP_Technicals_MCD_daily,entity,,,,,,,,,,,,,,,[],,,Entity
world:entity:2026-04-24-fmp-technicals-meta-daily,2026-06-01,2026-04-24_FMP_Technicals_META_daily,,,,Entities,,2026-04-24_FMP_Technicals_META_daily,2026-04-24_FMP_Technicals_META_daily,entity,,,,,,,,,,,,,,,[],,,Entity
world:entity:2026-04-24-fmp-technicals-mmm-daily,2026-06-01,2026-04-24_FMP_Technicals_MMM_daily,,,,Entities,,2026-04-24_FMP_Technicals_MMM_daily,2026-04-24_FMP_Technicals_MMM_daily,entity,,,,,,,,,,,,,,,[],,,Entity
world:entity:2026-04-24-fmp-technicals-mnts-daily,2026-06-01,2026-04-24_FMP_Technicals_MNTS_daily,,,,Entities,,2026-04-24_FMP_Technicals_MNTS_daily,2026-04-24_FMP_Technicals_MNTS_daily,entity,,,,,,,,,,,,,,,[],,,Entity
world:entity:2026-04-24-fmp-technicals-mo-daily,2026-06-01,2026-04-24_FMP_Technicals_MO_daily,,,,Entities,,2026-04-24_FMP_Technicals_MO_daily,2026-04-24_FMP_Technicals_MO_daily,entity,,,,,,,,,,,,,,,[],,,Entity
world:entity:2026-04-24-fmp-technicals-mos-daily,2026-06-01,2026-04-24_FMP_Technicals_MOS_daily,,,,Entities,,2026-04-24_FMP_Technicals_MOS_daily,2026-04-24_FMP_Technicals_MOS_daily,entity,,,,,,,,,,,,,,,[],,,Entity
world:entity:2026-04-24-fmp-technicals-mpc-daily,2026-06-01,2026-04-24_FMP_Technicals_MPC_daily,,,,Entities,,2026-04-24_FMP_Technicals_MPC_daily,2026-04-24_FMP_Technicals_MPC_daily,entity,,,,,,,,,,,,,,,[],,,Entity
world:entity:2026-04-24-fmp-technicals-mrk-daily,2026-06-01,2026-04-24_FMP_Technicals_MRK_daily,,,,Entities,,2026-04-24_FMP_Technicals_MRK_daily,2026-04-24_FMP_Technicals_MRK_daily,entity,,,,,,,,,,,,,,,[],,,Entity
world:entity:2026-04-24-fmp-technicals-ms-daily,2026-06-01,2026-04-24_FMP_Technicals_MS_daily,,,,Entities,,2026-04-24_FMP_Technicals_MS_daily,2026-04-24_FMP_Technicals_MS_daily,entity,,,,,,,,,,,,,,,[],,,Entity
world:entity:2026-04-24-fmp-technicals-msft-daily,2026-06-01,2026-04-24_FMP_Technicals_MSFT_daily,,,,Entities,,2026-04-24_FMP_Technicals_MSFT_daily,2026-04-24_FMP_Technicals_MSFT_daily,entity,,,,,,,,,,,,,,,[],,,Entity
world:entity:2026-04-24-fmp-technicals-mstr-daily,2026-06-01,2026-04-24_FMP_Technicals_MSTR_daily,,,,Entities,,2026-04-24_FMP_Technicals_MSTR_daily,2026-04-24_FMP_Technicals_MSTR_daily,entity,,,,,,,,,,,,,,,[],,,Entity
world:entity:2026-04-24-fmp-technicals-nbix-daily,2026-06-01,2026-04-24_FMP_Technicals_NBIX_daily,,,,Entities,,2026-04-24_FMP_Technicals_NBIX_daily,2026-04-24_FMP_Technicals_NBIX_daily,entity,,,,,,,,,,,,,,,[],,,Entity
world:entity:2026-04-24-fmp-technicals-nee-daily,2026-06-01,2026-04-24_FMP_Technicals_NEE_daily,,,,Entities,,2026-04-24_FMP_Technicals_NEE_daily,2026-04-24_FMP_Technicals_NEE_daily,entity,,,,,,,,,,,,,,,[],,,Entity
world:entity:2026-04-24-fmp-technicals-nem-daily,2026-06-01,2026-04-24_FMP_Technicals_NEM_daily,,,,Entities,,2026-04-24_FMP_Technicals_NEM_daily,2026-04-24_FMP_Technicals_NEM_daily,entity,,,,,,,,,,,,,,,[],,,Entity
world:entity:2026-04-24-fmp-technicals-nflx-daily,2026-06-01,2026-04-24_FMP_Technicals_NFLX_daily,,,,Entities,,2026-04-24_FMP_Technicals_NFLX_daily,2026-04-24_FMP_Technicals_NFLX_daily,entity,,,,,,,,,,,,,,,[],,,Entity
world:entity:2026-04-24-fmp-technicals-nke-daily,2026-06-01,2026-04-24_FMP_Technicals_NKE_daily,,,,Entities,,2026-04-24_FMP_Technicals_NKE_daily,2026-04-24_FMP_Technicals_NKE_daily,entity,,,,,,,,,,,,,,,[],,,Entity
world:entity:2026-04-24-fmp-technicals-nne-daily,2026-06-01,2026-04-24_FMP_Technicals_NNE_daily,,,,Entities,,2026-04-24_FMP_Technicals_NNE_daily,2026-04-24_FMP_Technicals_NNE_daily,entity,,,,,,,,,,,,,,,[],,,Entity
world:entity:2026-04-24-fmp-technicals-noc-daily,2026-06-01,2026-04-24_FMP_Technicals_NOC_daily,,,,Entities,,2026-04-24_FMP_Technicals_NOC_daily,2026-04-24_FMP_Technicals_NOC_daily,entity,,,,,,,,,,,,,,,[],,,Entity
world:entity:2026-04-24-fmp-technicals-nrg-daily,2026-06-01,2026-04-24_FMP_Technicals_NRG_daily,,,,Entities,,2026-04-24_FMP_Technicals_NRG_daily,2026-04-24_FMP_Technicals_NRG_daily,entity,,,,,,,,,,,,,,,[],,,Entity
world:entity:2026-04-24-fmp-technicals-ntla-daily,2026-06-01,2026-04-24_FMP_Technicals_NTLA_daily,,,,Entities,,2026-04-24_FMP_Technicals_NTLA_daily,2026-04-24_FMP_Technicals_NTLA_daily,entity,,,,,,,,,,,,,,,[],,,Entity
world:entity:2026-04-24-fmp-technicals-nue-daily,2026-06-01,2026-04-24_FMP_Technicals_NUE_daily,,,,Entities,,2026-04-24_FMP_Technicals_NUE_daily,2026-04-24_FMP_Technicals_NUE_daily,entity,,,,,,,,,,,,,,,[],,,Entity
world:entity:2026-04-24-fmp-technicals-nvda-daily,2026-06-01,2026-04-24_FMP_Technicals_NVDA_daily,,,,Entities,,2026-04-24_FMP_Technicals_NVDA_daily,2026-04-24_FMP_Technicals_NVDA_daily,entity,,,,,,,,,,,,,,,[],,,Entity
world:entity:2026-04-24-fmp-technicals-nvr-daily,2026-06-01,2026-04-24_FMP_Technicals_NVR_daily,,,,Entities,,2026-04-24_FMP_Technicals_NVR_daily,2026-04-24_FMP_Technicals_NVR_daily,entity,,,,,,,,,,,,,,,[],,,Entity
world:entity:2026-04-24-fmp-technicals-o-daily,2026-06-01,2026-04-24_FMP_Technicals_O_daily,,,,Entities,,2026-04-24_FMP_Technicals_O_daily,2026-04-24_FMP_Technicals_O_daily,entity,,,,,,,,,,,,,,,[],,,Entity
world:entity:2026-04-24-fmp-technicals-oklo-daily,2026-06-01,2026-04-24_FMP_Technicals_OKLO_daily,,,,Entities,,2026-04-24_FMP_Technicals_OKLO_daily,2026-04-24_FMP_Technicals_OKLO_daily,entity,,,,,,,,,,,,,,,[],,,Entity
world:entity:2026-04-24-fmp-technicals-on-daily,2026-06-01,2026-04-24_FMP_Technicals_ON_daily,,,,Entities,,2026-04-24_FMP_Technicals_ON_daily,2026-04-24_FMP_Technicals_ON_daily,entity,,,,,,,,,,,,,,,[],,,Entity
world:entity:2026-04-24-fmp-technicals-onds-daily,2026-06-01,2026-04-24_FMP_Technicals_ONDS_daily,,,,Entities,,2026-04-24_FMP_Technicals_ONDS_daily,2026-04-24_FMP_Technicals_ONDS_daily,entity,,,,,,,,,,,,,,,[],,,Entity
world:entity:2026-04-24-fmp-technicals-onto-daily,2026-06-01,2026-04-24_FMP_Technicals_ONTO_daily,,,,Entities,,2026-04-24_FMP_Technicals_ONTO_daily,2026-04-24_FMP_Technicals_ONTO_daily,entity,,,,,,,,,,,,,,,[],,,Entity
world:entity:2026-04-24-fmp-technicals-orcl-daily,2026-06-01,2026-04-24_FMP_Technicals_ORCL_daily,,,,Entities,,2026-04-24_FMP_Technicals_ORCL_daily,2026-04-24_FMP_Technicals_ORCL_daily,entity,,,,,,,,,,,,,,,[],,,Entity
world:entity:2026-04-24-fmp-technicals-oxy-daily,2026-06-01,2026-04-24_FMP_Technicals_OXY_daily,,,,Entities,,2026-04-24_FMP_Technicals_OXY_daily,2026-04-24_FMP_Technicals_OXY_daily,entity,,,,,,,,,,,,,,,[],,,Entity
world:entity:2026-04-24-fmp-technicals-pep-daily,2026-06-01,2026-04-24_FMP_Technicals_PEP_daily,,,,Entities,,2026-04-24_FMP_Technicals_PEP_daily,2026-04-24_FMP_Technicals_PEP_daily,entity,,,,,,,,,,,,,,,[],,,Entity
world:entity:2026-04-24-fmp-technicals-pfe-daily,2026-06-01,2026-04-24_FMP_Technicals_PFE_daily,,,,Entities,,2026-04-24_FMP_Technicals_PFE_daily,2026-04-24_FMP_Technicals_PFE_daily,entity,,,,,,,,,,,,,,,[],,,Entity
world:entity:2026-04-24-fmp-technicals-pg-daily,2026-06-01,2026-04-24_FMP_Technicals_PG_daily,,,,Entities,,2026-04-24_FMP_Technicals_PG_daily,2026-04-24_FMP_Technicals_PG_daily,entity,,,,,,,,,,,,,,,[],,,Entity
world:entity:2026-04-24-fmp-technicals-pl-daily,2026-06-01,2026-04-24_FMP_Technicals_PL_daily,,,,Entities,,2026-04-24_FMP_Technicals_PL_daily,2026-04-24_FMP_Technicals_PL_daily,entity,,,,,,,,,,,,,,,[],,,Entity
world:entity:2026-04-24-fmp-technicals-pld-daily,2026-06-01,2026-04-24_FMP_Technicals_PLD_daily,,,,Entities,,2026-04-24_FMP_Technicals_PLD_daily,2026-04-24_FMP_Technicals_PLD_daily,entity,,,,,,,,,,,,,,,[],,,Entity
world:entity:2026-04-24-fmp-technicals-pltr-daily,2026-06-01,2026-04-24_FMP_Technicals_PLTR_daily,,,,Entities,,2026-04-24_FMP_Technicals_PLTR_daily,2026-04-24_FMP_Technicals_PLTR_daily,entity,,,,,,,,,,,,,,,[],,,Entity
world:entity:2026-04-24-fmp-technicals-pm-daily,2026-06-01,2026-04-24_FMP_Technicals_PM_daily,,,,Entities,,2026-04-24_FMP_Technicals_PM_daily,2026-04-24_FMP_Technicals_PM_daily,entity,,,,,,,,,,,,,,,[],,,Entity
world:entity:2026-04-24-fmp-technicals-ppg-daily,2026-06-01,2026-04-24_FMP_Technicals_PPG_daily,,,,Entities,,2026-04-24_FMP_Technicals_PPG_daily,2026-04-24_FMP_Technicals_PPG_daily,entity,,,,,,,,,,,,,,,[],,,Entity
world:entity:2026-04-24-fmp-technicals-prta-daily,2026-06-01,2026-04-24_FMP_Technicals_PRTA_daily,,,,Entities,,2026-04-24_FMP_Technicals_PRTA_daily,2026-04-24_FMP_Technicals_PRTA_daily,entity,,,,,,,,,,,,,,,[],,,Entity
world:entity:2026-04-24-fmp-technicals-psa-daily,2026-06-01,2026-04-24_FMP_Technicals_PSA_daily,,,,Entities,,2026-04-24_FMP_Technicals_PSA_daily,2026-04-24_FMP_Technicals_PSA_daily,entity,,,,,,,,,,,,,,,[],,,Entity
world:entity:2026-04-24-fmp-technicals-psil-daily,2026-06-01,2026-04-24_FMP_Technicals_PSIL_daily,,,,Entities,,2026-04-24_FMP_Technicals_PSIL_daily,2026-04-24_FMP_Technicals_PSIL_daily,entity,,,,,,,,,,,,,,,[],,,Entity
world:entity:2026-04-24-fmp-technicals-psx-daily,2026-06-01,2026-04-24_FMP_Technicals_PSX_daily,,,,Entities,,2026-04-24_FMP_Technicals_PSX_daily,2026-04-24_FMP_Technicals_PSX_daily,entity,,,,,,,,,,,,,,,[],,,Entity
world:entity:2026-04-24-fmp-technicals-qcom-daily,2026-06-01,2026-04-24_FMP_Technicals_QCOM_daily,,,,Entities,,2026-04-24_FMP_Technicals_QCOM_daily,2026-04-24_FMP_Technicals_QCOM_daily,entity,,,,,,,,,,,,,,,[],,,Entity
world:entity:2026-04-24-fmp-technicals-qubt-daily,2026-06-01,2026-04-24_FMP_Technicals_QUBT_daily,,,,Entities,,2026-04-24_FMP_Technicals_QUBT_daily,2026-04-24_FMP_Technicals_QUBT_daily,entity,,,,,,,,,,,,,,,[],,,Entity
world:entity:2026-04-24-fmp-technicals-rcat-daily,2026-06-01,2026-04-24_FMP_Technicals_RCAT_daily,,,,Entities,,2026-04-24_FMP_Technicals_RCAT_daily,2026-04-24_FMP_Technicals_RCAT_daily,entity,,,,,,,,,,,,,,,[],,,Entity
world:entity:2026-04-24-fmp-technicals-rgti-daily,2026-06-01,2026-04-24_FMP_Technicals_RGTI_daily,,,,Entities,,2026-04-24_FMP_Technicals_RGTI_daily,2026-04-24_FMP_Technicals_RGTI_daily,entity,,,,,,,,,,,,,,,[],,,Entity
world:entity:2026-04-24-fmp-technicals-rklb-daily,2026-06-01,2026-04-24_FMP_Technicals_RKLB_daily,,,,Entities,,2026-04-24_FMP_Technicals_RKLB_daily,2026-04-24_FMP_Technicals_RKLB_daily,entity,,,,,,,,,,,,,,,[],,,Entity
world:entity:2026-04-24-fmp-technicals-rprx-daily,2026-06-01,2026-04-24_FMP_Technicals_RPRX_daily,,,,Entities,,2026-04-24_FMP_Technicals_RPRX_daily,2026-04-24_FMP_Technicals_RPRX_daily,entity,,,,,,,,,,,,,,,[],,,Entity
world:entity:2026-04-24-fmp-technicals-rtx-daily,2026-06-01,2026-04-24_FMP_Technicals_RTX_daily,,,,Entities,,2026-04-24_FMP_Technicals_RTX_daily,2026-04-24_FMP_Technicals_RTX_daily,entity,,,,,,,,,,,,,,,[],,,Entity
world:entity:2026-04-24-fmp-technicals-saic-daily,2026-06-01,2026-04-24_FMP_Technicals_SAIC_daily,,,,Entities,,2026-04-24_FMP_Technicals_SAIC_daily,2026-04-24_FMP_Technicals_SAIC_daily,entity,,,,,,,,,,,,,,,[],,,Entity
world:entity:2026-04-24-fmp-technicals-sbux-daily,2026-06-01,2026-04-24_FMP_Technicals_SBUX_daily,,,,Entities,,2026-04-24_FMP_Technicals_SBUX_daily,2026-04-24_FMP_Technicals_SBUX_daily,entity,,,,,,,,,,,,,,,[],,,Entity
world:entity:2026-04-24-fmp-technicals-shw-daily,2026-06-01,2026-04-24_FMP_Technicals_SHW_daily,,,,Entities,,2026-04-24_FMP_Technicals_SHW_daily,2026-04-24_FMP_Technicals_SHW_daily,entity,,,,,,,,,,,,,,,[],,,Entity
world:entity:2026-04-24-fmp-technicals-sky-daily,2026-06-01,2026-04-24_FMP_Technicals_SKY_daily,,,,Entities,,2026-04-24_FMP_Technicals_SKY_daily,2026-04-24_FMP_Technicals_SKY_daily,entity,,,,,,,,,,,,,,,[],,,Entity
world:entity:2026-04-24-fmp-technicals-slb-daily,2026-06-01,2026-04-24_FMP_Technicals_SLB_daily,,,,Entities,,2026-04-24_FMP_Technicals_SLB_daily,2026-04-24_FMP_Technicals_SLB_daily,entity,,,,,,,,,,,,,,,[],,,Entity
world:entity:2026-04-24-fmp-technicals-smr-daily,2026-06-01,2026-04-24_FMP_Technicals_SMR_daily,,,,Entities,,2026-04-24_FMP_Technicals_SMR_daily,2026-04-24_FMP_Technicals_SMR_daily,entity,,,,,,,,,,,,,,,[],,,Entity
world:entity:2026-04-24-fmp-technicals-so-daily,2026-06-01,2026-04-24_FMP_Technicals_SO_daily,,,,Entities,,2026-04-24_FMP_Technicals_SO_daily,2026-04-24_FMP_Technicals_SO_daily,entity,,,,,,,,,,,,,,,[],,,Entity
world:entity:2026-04-24-fmp-technicals-spg-daily,2026-06-01,2026-04-24_FMP_Technicals_SPG_daily,,,,Entities,,2026-04-24_FMP_Technicals_SPG_daily,2026-04-24_FMP_Technicals_SPG_daily,entity,,,,,,,,,,,,,,,[],,,Entity
world:entity:2026-04-24-fmp-technicals-spir-daily,2026-06-01,2026-04-24_FMP_Technicals_SPIR_daily,,,,Entities,,2026-04-24_FMP_Technicals_SPIR_daily,2026-04-24_FMP_Technicals_SPIR_daily,entity,,,,,,,,,,,,,,,[],,,Entity
world:entity:2026-04-24-fmp-technicals-spro-daily,2026-06-01,2026-04-24_FMP_Technicals_SPRO_daily,,,,Entities,,2026-04-24_FMP_Technicals_SPRO_daily,2026-04-24_FMP_Technicals_SPRO_daily,entity,,,,,,,,,,,,,,,[],,,Entity
world:entity:2026-04-24-fmp-technicals-sre-daily,2026-06-01,2026-04-24_FMP_Technicals_SRE_daily,,,,Entities,,2026-04-24_FMP_Technicals_SRE_daily,2026-04-24_FMP_Technicals_SRE_daily,entity,,,,,,,,,,,,,,,[],,,Entity
world:entity:2026-04-24-fmp-technicals-stem-daily,2026-06-01,2026-04-24_FMP_Technicals_STEM_daily,,,,Entities,,2026-04-24_FMP_Technicals_STEM_daily,2026-04-24_FMP_Technicals_STEM_daily,entity,,,,,,,,,,,,,,,[],,,Entity
world:entity:2026-04-24-fmp-technicals-strl-daily,2026-06-01,2026-04-24_FMP_Technicals_STRL_daily,,,,Entities,,2026-04-24_FMP_Technicals_STRL_daily,2026-04-24_FMP_Technicals_STRL_daily,entity,,,,,,,,,,,,,,,[],,,Entity
world:entity:2026-04-24-fmp-technicals-t-daily,2026-06-01,2026-04-24_FMP_Technicals_T_daily,,,,Entities,,2026-04-24_FMP_Technicals_T_daily,2026-04-24_FMP_Technicals_T_daily,entity,,,,,,,,,,,,,,,[],,,Entity
world:entity:2026-04-24-fmp-technicals-tdg-daily,2026-06-01,2026-04-24_FMP_Technicals_TDG_daily,,,,Entities,,2026-04-24_FMP_Technicals_TDG_daily,2026-04-24_FMP_Technicals_TDG_daily,entity,,,,,,,,,,,,,,,[],,,Entity
world:entity:2026-04-24-fmp-technicals-tdy-daily,2026-06-01,2026-04-24_FMP_Technicals_TDY_daily,,,,Entities,,2026-04-24_FMP_Technicals_TDY_daily,2026-04-24_FMP_Technicals_TDY_daily,entity,,,,,,,,,,,,,,,[],,,Entity
world:entity:2026-04-24-fmp-technicals-tjx-daily,2026-06-01,2026-04-24_FMP_Technicals_TJX_daily,,,,Entities,,2026-04-24_FMP_Technicals_TJX_daily,2026-04-24_FMP_Technicals_TJX_daily,entity,,,,,,,,,,,,,,,[],,,Entity
world:entity:2026-04-24-fmp-technicals-tmhc-daily,2026-06-01,2026-04-24_FMP_Technicals_TMHC_daily,,,,Entities,,2026-04-24_FMP_Technicals_TMHC_daily,2026-04-24_FMP_Technicals_TMHC_daily,entity,,,,,,,,,,,,,,,[],,,Entity
world:entity:2026-04-24-fmp-technicals-tmo-daily,2026-06-01,2026-04-24_FMP_Technicals_TMO_daily,,,,Entities,,2026-04-24_FMP_Technicals_TMO_daily,2026-04-24_FMP_Technicals_TMO_daily,entity,,,,,,,,,,,,,,,[],,,Entity
world:entity:2026-04-24-fmp-technicals-tol-daily,2026-06-01,2026-04-24_FMP_Technicals_TOL_daily,,,,Entities,,2026-04-24_FMP_Technicals_TOL_daily,2026-04-24_FMP_Technicals_TOL_daily,entity,,,,,,,,,,,,,,,[],,,Entity
world:entity:2026-04-24-fmp-technicals-tsla-daily,2026-06-01,2026-04-24_FMP_Technicals_TSLA_daily,,,,Entities,,2026-04-24_FMP_Technicals_TSLA_daily,2026-04-24_FMP_Technicals_TSLA_daily,entity,,,,,,,,,,,,,,,[],,,Entity
world:entity:2026-04-24-fmp-technicals-txt-daily,2026-06-01,2026-04-24_FMP_Technicals_TXT_daily,,,,Entities,,2026-04-24_FMP_Technicals_TXT_daily,2026-04-24_FMP_Technicals_TXT_daily,entity,,,,,,,,,,,,,,,[],,,Entity
world:entity:2026-04-24-fmp-technicals-umac-daily,2026-06-01,2026-04-24_FMP_Technicals_UMAC_daily,,,,Entities,,2026-04-24_FMP_Technicals_UMAC_daily,2026-04-24_FMP_Technicals_UMAC_daily,entity,,,,,,,,,,,,,,,[],,,Entity
world:entity:2026-04-24-fmp-technicals-unh-daily,2026-06-01,2026-04-24_FMP_Technicals_UNH_daily,,,,Entities,,2026-04-24_FMP_Technicals_UNH_daily,2026-04-24_FMP_Technicals_UNH_daily,entity,,,,,,,,,,,,,,,[],,,Entity
world:entity:2026-04-24-fmp-technicals-unp-daily,2026-06-01,2026-04-24_FMP_Technicals_UNP_daily,,,,Entities,,2026-04-24_FMP_Technicals_UNP_daily,2026-04-24_FMP_Technicals_UNP_daily,entity,,,,,,,,,,,,,,,[],,,Entity
world:entity:2026-04-24-fmp-technicals-unty-daily,2026-06-01,2026-04-24_FMP_Technicals_UNTY_daily,,,,Entities,,2026-04-24_FMP_Technicals_UNTY_daily,2026-04-24_FMP_Technicals_UNTY_daily,entity,,,,,,,,,,,,,,,[],,,Entity
world:entity:2026-04-24-fmp-technicals-v-daily,2026-06-01,2026-04-24_FMP_Technicals_V_daily,,,,Entities,,2026-04-24_FMP_Technicals_V_daily,2026-04-24_FMP_Technicals_V_daily,entity,,,,,,,,,,,,,,,[],,,Entity
world:entity:2026-04-24-fmp-technicals-vktx-daily,2026-06-01,2026-04-24_FMP_Technicals_VKTX_daily,,,,Entities,,2026-04-24_FMP_Technicals_VKTX_daily,2026-04-24_FMP_Technicals_VKTX_daily,entity,,,,,,,,,,,,,,,[],,,Entity
world:entity:2026-04-24-fmp-technicals-vlo-daily,2026-06-01,2026-04-24_FMP_Technicals_VLO_daily,,,,Entities,,2026-04-24_FMP_Technicals_VLO_daily,2026-04-24_FMP_Technicals_VLO_daily,entity,,,,,,,,,,,,,,,[],,,Entity
world:entity:2026-04-24-fmp-technicals-vst-daily,2026-06-01,2026-04-24_FMP_Technicals_VST_daily,,,,Entities,,2026-04-24_FMP_Technicals_VST_daily,2026-04-24_FMP_Technicals_VST_daily,entity,,,,,,,,,,,,,,,[],,,Entity
world:entity:2026-04-24-fmp-technicals-vz-daily,2026-06-01,2026-04-24_FMP_Technicals_VZ_daily,,,,Entities,,2026-04-24_FMP_Technicals_VZ_daily,2026-04-24_FMP_Technicals_VZ_daily,entity,,,,,,,,,,,,,,,[],,,Entity
world:entity:2026-04-24-fmp-technicals-well-daily,2026-06-01,2026-04-24_FMP_Technicals_WELL_daily,,,,Entities,,2026-04-24_FMP_Technicals_WELL_daily,2026-04-24_FMP_Technicals_WELL_daily,entity,,,,,,,,,,,,,,,[],,,Entity
world:entity:2026-04-24-fmp-technicals-wfc-daily,2026-06-01,2026-04-24_FMP_Technicals_WFC_daily,,,,Entities,,2026-04-24_FMP_Technicals_WFC_daily,2026-04-24_FMP_Technicals_WFC_daily,entity,,,,,,,,,,,,,,,[],,,Entity
world:entity:2026-04-24-fmp-technicals-wm-daily,2026-06-01,2026-04-24_FMP_Technicals_WM_daily,,,,Entities,,2026-04-24_FMP_Technicals_WM_daily,2026-04-24_FMP_Technicals_WM_daily,entity,,,,,,,,,,,,,,,[],,,Entity
world:entity:2026-04-24-fmp-technicals-wmt-daily,2026-06-01,2026-04-24_FMP_Technicals_WMT_daily,,,,Entities,,2026-04-24_FMP_Technicals_WMT_daily,2026-04-24_FMP_Technicals_WMT_daily,entity,,,,,,,,,,,,,,,[],,,Entity
world:entity:2026-04-24-fmp-technicals-wolf-daily,2026-06-01,2026-04-24_FMP_Technicals_WOLF_daily,,,,Entities,,2026-04-24_FMP_Technicals_WOLF_daily,2026-04-24_FMP_Technicals_WOLF_daily,entity,,,,,,,,,,,,,,,[],,,Entity
world:entity:2026-04-24-fmp-technicals-wpm-daily,2026-06-01,2026-04-24_FMP_Technicals_WPM_daily,,,,Entities,,2026-04-24_FMP_Technicals_WPM_daily,2026-04-24_FMP_Technicals_WPM_daily,entity,,,,,,,,,,,,,,,[],,,Entity
world:entity:2026-04-24-fmp-technicals-xel-daily,2026-06-01,2026-04-24_FMP_Technicals_XEL_daily,,,,Entities,,2026-04-24_FMP_Technicals_XEL_daily,2026-04-24_FMP_Technicals_XEL_daily,entity,,,,,,,,,,,,,,,[],,,Entity
world:entity:2026-04-24-fmp-technicals-xom-daily,2026-06-01,2026-04-24_FMP_Technicals_XOM_daily,,,,Entities,,2026-04-24_FMP_Technicals_XOM_daily,2026-04-24_FMP_Technicals_XOM_daily,entity,,,,,,,,,,,,,,,[],,,Entity
world:entity:2026-04-24-fmp-technicals-xoma-daily,2026-06-01,2026-04-24_FMP_Technicals_XOMA_daily,,,,Entities,,2026-04-24_FMP_Technicals_XOMA_daily,2026-04-24_FMP_Technicals_XOMA_daily,entity,,,,,,,,,,,,,,,[],,,Entity
world:entity:2026-04-24-fmp-thesis-watchlist-ai-power-defense-stack,2026-06-01,2026-04-24_FMP_Thesis_Watchlist_AI_Power_Defense_Stack,,,,Entities,,2026-04-24_FMP_Thesis_Watchlist_AI_Power_Defense_Stack,2026-04-24_FMP_Thesis_Watchlist_AI_Power_Defense_Stack,entity,,,,,,,,,,,,,,,[],,,Entity
world:entity:2026-04-24-fmp-thesis-watchlist-ai-power-infrastructure,2026-06-01,2026-04-24_FMP_Thesis_Watchlist_AI_Power_Infrastructure,,,,Entities,,2026-04-24_FMP_Thesis_Watchlist_AI_Power_Infrastructure,2026-04-24_FMP_Thesis_Watchlist_AI_Power_Infrastructure,entity,,,,,,,,,,,,,,,[],,,Entity
world:entity:2026-04-24-fmp-thesis-watchlist-alzheimer-s-disease-modification,2026-06-01,2026-04-24_FMP_Thesis_Watchlist_Alzheimer's_Disease_Modification,,,,Entities,,2026-04-24_FMP_Thesis_Watchlist_Alzheimer's_Disease_Modification,2026-04-24_FMP_Thesis_Watchlist_Alzheimer's_Disease_Modification,entity,,,,,,,,,,,,,,,[],,,Entity
world:entity:2026-04-24-fmp-thesis-watchlist-antimicrobial-resistance-pipeline,2026-06-01,2026-04-24_FMP_Thesis_Watchlist_Antimicrobial_Resistance_Pipeline,,,,Entities,,2026-04-24_FMP_Thesis_Watchlist_Antimicrobial_Resistance_Pipeline,2026-04-24_FMP_Thesis_Watchlist_Antimicrobial_Resistance_Pipeline,entity,,,,,,,,,,,,,,,[],,,Entity
world:entity:2026-04-24-fmp-thesis-watchlist-biosecurity-compute-convergence,2026-06-01,2026-04-24_FMP_Thesis_Watchlist_Biosecurity_Compute_Convergence,,,,Entities,,2026-04-24_FMP_Thesis_Watchlist_Biosecurity_Compute_Convergence,2026-04-24_FMP_Thesis_Watchlist_Biosecurity_Compute_Convergence,entity,,,,,,,,,,,,,,,[],,,Entity
world:entity:2026-04-24-fmp-thesis-watchlist-defense-ai-autonomous-warfare,2026-06-01,2026-04-24_FMP_Thesis_Watchlist_Defense_AI_&_Autonomous_Warfare,,,,Entities,,2026-04-24_FMP_Thesis_Watchlist_Defense_AI_&_Autonomous_Warfare,2026-04-24_FMP_Thesis_Watchlist_Defense_AI_&_Autonomous_Warfare,entity,,,,,,,,,,,,,,,[],,,Entity
world:entity:2026-04-24-fmp-thesis-watchlist-dollar-debasement-hard-money,2026-06-01,2026-04-24_FMP_Thesis_Watchlist_Dollar_Debasement_&_Hard_Money,,,,Entities,,2026-04-24_FMP_Thesis_Watchlist_Dollar_Debasement_&_Hard_Money,2026-04-24_FMP_Thesis_Watchlist_Dollar_Debasement_&_Hard_Money,entity,,,,,,,,,,,,,,,[],,,Entity
world:entity:2026-04-24-fmp-thesis-watchlist-drone-autonomous-systems-revolution,2026-06-01,2026-04-24_FMP_Thesis_Watchlist_Drone_&_Autonomous_Systems_Revolution,,,,Entities,,2026-04-24_FMP_Thesis_Watchlist_Drone_&_Autonomous_Systems_Revolution,2026-04-24_FMP_Thesis_Watchlist_Drone_&_Autonomous_Systems_Revolution,entity,,,,,,,,,,,,,,,[],,,Entity
world:entity:2026-04-24-fmp-thesis-watchlist-fiscal-scarcity-rearmament,2026-06-01,2026-04-24_FMP_Thesis_Watchlist_Fiscal_Scarcity_Rearmament,,,,Entities,,2026-04-24_FMP_Thesis_Watchlist_Fiscal_Scarcity_Rearmament,2026-04-24_FMP_Thesis_Watchlist_Fiscal_Scarcity_Rearmament,entity,,,,,,,,,,,,,,,[],,,Entity
world:entity:2026-04-24-fmp-thesis-watchlist-gene-editing-crispr-therapeutics,2026-06-01,2026-04-24_FMP_Thesis_Watchlist_Gene_Editing_&_CRISPR_Therapeutics,,,,Entities,,2026-04-24_FMP_Thesis_Watchlist_Gene_Editing_&_CRISPR_Therapeutics,2026-04-24_FMP_Thesis_Watchlist_Gene_Editing_&_CRISPR_Therapeutics,entity,,,,,,,,,,,,,,,[],,,Entity
world:entity:2026-04-24-fmp-thesis-watchlist-glp-1-metabolic-disease-revolution,2026-06-01,2026-04-24_FMP_Thesis_Watchlist_GLP-1_Metabolic_Disease_Revolution,,,,Entities,,2026-04-24_FMP_Thesis_Watchlist_GLP-1_Metabolic_Disease_Revolution,2026-04-24_FMP_Thesis_Watchlist_GLP-1_Metabolic_Disease_Revolution,entity,,,,,,,,,,,,,,,[],,,Entity
world:entity:2026-04-24-fmp-thesis-watchlist-grid-scale-battery-storage,2026-06-01,2026-04-24_FMP_Thesis_Watchlist_Grid-Scale_Battery_Storage,,,,Entities,,2026-04-24_FMP_Thesis_Watchlist_Grid-Scale_Battery_Storage,2026-04-24_FMP_Thesis_Watchlist_Grid-Scale_Battery_Storage,entity,,,,,,,,,,,,,,,[],,,Entity
world:entity:2026-04-24-fmp-thesis-watchlist-housing-supply-correction,2026-06-01,2026-04-24_FMP_Thesis_Watchlist_Housing_Supply_Correction,,,,Entities,,2026-04-24_FMP_Thesis_Watchlist_Housing_Supply_Correction,2026-04-24_FMP_Thesis_Watchlist_Housing_Supply_Correction,entity,,,,,,,,,,,,,,,[],,,Entity
world:entity:2026-04-24-fmp-thesis-watchlist-humanoid-robotics,2026-06-01,2026-04-24_FMP_Thesis_Watchlist_Humanoid_Robotics,,,,Entities,,2026-04-24_FMP_Thesis_Watchlist_Humanoid_Robotics,2026-04-24_FMP_Thesis_Watchlist_Humanoid_Robotics,entity,,,,,,,,,,,,,,,[],,,Entity
world:entity:2026-04-24-fmp-thesis-watchlist-hypersonic-weapons-advanced-defense-systems,2026-06-01,2026-04-24_FMP_Thesis_Watchlist_Hypersonic_Weapons_&_Advanced_Defense_Systems,,,,Entities,,2026-04-24_FMP_Thesis_Watchlist_Hypersonic_Weapons_&_Advanced_Defense_Systems,2026-04-24_FMP_Thesis_Watchlist_Hypersonic_Weapons_&_Advanced_Defense_Systems,entity,,,,,,,,,,,,,,,[],,,Entity
world:entity:2026-04-24-fmp-thesis-watchlist-longevity-aging-biology,2026-06-01,2026-04-24_FMP_Thesis_Watchlist_Longevity_&_Aging_Biology,,,,Entities,,2026-04-24_FMP_Thesis_Watchlist_Longevity_&_Aging_Biology,2026-04-24_FMP_Thesis_Watchlist_Longevity_&_Aging_Biology,entity,,,,,,,,,,,,,,,[],,,Entity
world:entity:2026-04-24-fmp-thesis-watchlist-nuclear-renaissance-small-modular-reactors,2026-06-01,2026-04-24_FMP_Thesis_Watchlist_Nuclear_Renaissance_&_Small_Modular_Reactors,,,,Entities,,2026-04-24_FMP_Thesis_Watchlist_Nuclear_Renaissance_&_Small_Modular_Reactors,2026-04-24_FMP_Thesis_Watchlist_Nuclear_Renaissance_&_Small_Modular_Reactors,entity,,,,,,,,,,,,,,,[],,,Entity
world:entity:2026-04-24-fmp-thesis-watchlist-psychedelic-mental-health-revolution,2026-06-01,2026-04-24_FMP_Thesis_Watchlist_Psychedelic_Mental_Health_Revolution,,,,Entities,,2026-04-24_FMP_Thesis_Watchlist_Psychedelic_Mental_Health_Revolution,2026-04-24_FMP_Thesis_Watchlist_Psychedelic_Mental_Health_Revolution,entity,,,,,,,,,,,,,,,[],,,Entity
world:entity:2026-04-24-fmp-thesis-watchlist-quantum-computing,2026-06-01,2026-04-24_FMP_Thesis_Watchlist_Quantum_Computing,,,,Entities,,2026-04-24_FMP_Thesis_Watchlist_Quantum_Computing,2026-04-24_FMP_Thesis_Watchlist_Quantum_Computing,entity,,,,,,,,,,,,,,,[],,,Entity
world:entity:2026-04-24-fmp-thesis-watchlist-semiconductor-sovereignty-chips-act,2026-06-01,2026-04-24_FMP_Thesis_Watchlist_Semiconductor_Sovereignty_&_CHIPS_Act,,,,Entities,,2026-04-24_FMP_Thesis_Watchlist_Semiconductor_Sovereignty_&_CHIPS_Act,2026-04-24_FMP_Thesis_Watchlist_Semiconductor_Sovereignty_&_CHIPS_Act,entity,,,,,,,,,,,,,,,[],,,Entity
world:entity:2026-04-24-fmp-thesis-watchlist-space-domain-awareness-commercial-space,2026-06-01,2026-04-24_FMP_Thesis_Watchlist_Space_Domain_Awareness_&_Commercial_Space,,,,Entities,,2026-04-24_FMP_Thesis_Watchlist_Space_Domain_Awareness_&_Commercial_Space,2026-04-24_FMP_Thesis_Watchlist_Space_Domain_Awareness_&_Commercial_Space,entity,,,,,,,,,,,,,,,[],,,Entity
world:entity:2026-04-24-fmp-utilities-micro-small-cap-search,2026-06-01,2026-04-24_FMP_Utilities_Micro_Small_Cap_Search,,,,Entities,,2026-04-24_FMP_Utilities_Micro_Small_Cap_Search,2026-04-24_FMP_Utilities_Micro_Small_Cap_Search,entity,,,,,,,,,,,,,,,[],,,Entity
world:entity:2026-04-24-fred-housing,2026-06-01,2026-04-24_FRED_Housing,,,,Entities,,2026-04-24_FRED_Housing,2026-04-24_FRED_Housing,entity,,,,,,,,,,,,,,,[],,,Entity
world:entity:2026-04-24-fred-interest-rates,2026-06-01,2026-04-24_FRED_Interest_Rates,,,,Entities,,2026-04-24_FRED_Interest_Rates,2026-04-24_FRED_Interest_Rates,entity,,,,,,,,,,,,,,,[],,,Entity
world:entity:2026-04-24-fred-labor-market,2026-06-01,2026-04-24_FRED_Labor_Market,,,,Entities,,2026-04-24_FRED_Labor_Market,2026-04-24_FRED_Labor_Market,entity,,,,,,,,,,,,,,,[],,,Entity
world:entity:2026-04-24-healthcare-sector,2026-06-01,2026-04-24_Healthcare_Sector,,,,Entities,,2026-04-24_Healthcare_Sector,2026-04-24_Healthcare_Sector,entity,,,,,,,,,,,,,,,[],,,Entity
world:entity:2026-04-24-industrials-sector,2026-06-01,2026-04-24_Industrials_Sector,,,,Entities,,2026-04-24_Industrials_Sector,2026-04-24_Industrials_Sector,entity,,,,,,,,,,,,,,,[],,,Entity
world:entity:2026-04-24-macro-bridge-indicators,2026-06-01,2026-04-24_Macro_Bridge_Indicators,,,,Entities,,2026-04-24_Macro_Bridge_Indicators,2026-04-24_Macro_Bridge_Indicators,entity,,,,,,,,,,,,,,,[],,,Entity
world:entity:2026-04-24-materials-sector,2026-06-01,2026-04-24_Materials_Sector,,,,Entities,,2026-04-24_Materials_Sector,2026-04-24_Materials_Sector,entity,,,,,,,,,,,,,,,[],,,Entity
world:entity:2026-04-24-nahb-builder-confidence,2026-06-01,2026-04-24_NAHB_Builder_Confidence,,,,Entities,,2026-04-24_NAHB_Builder_Confidence,2026-04-24_NAHB_Builder_Confidence,entity,,,,,,,,,,,,,,,[],,,Entity
world:entity:2026-04-24-news-commodities,2026-06-01,2026-04-24_News_commodities,,,,Entities,,2026-04-24_News_commodities,2026-04-24_News_commodities,entity,,,,,,,,,,,,,,,[],,,Entity
world:entity:2026-04-24-news-consumer,2026-06-01,2026-04-24_News_consumer,,,,Entities,,2026-04-24_News_consumer,2026-04-24_News_consumer,entity,,,,,,,,,,,,,,,[],,,Entity
world:entity:2026-04-24-news-defense,2026-06-01,2026-04-24_News_defense,,,,Entities,,2026-04-24_News_defense,2026-04-24_News_defense,entity,,,,,,,,,,,,,,,[],,,Entity
world:entity:2026-04-24-news-energy,2026-06-01,2026-04-24_News_energy,,,,Entities,,2026-04-24_News_energy,2026-04-24_News_energy,entity,,,,,,,,,,,,,,,[],,,Entity
world:entity:2026-04-24-news-finance,2026-06-01,2026-04-24_News_finance,,,,Entities,,2026-04-24_News_finance,2026-04-24_News_finance,entity,,,,,,,,,,,,,,,[],,,Entity
world:entity:2026-04-24-news-health,2026-06-01,2026-04-24_News_health,,,,Entities,,2026-04-24_News_health,2026-04-24_News_health,entity,,,,,,,,,,,,,,,[],,,Entity
world:entity:2026-04-24-news-housing,2026-06-01,2026-04-24_News_housing,,,,Entities,,2026-04-24_News_housing,2026-04-24_News_housing,entity,,,,,,,,,,,,,,,[],,,Entity
world:entity:2026-04-24-news-manufacturing,2026-06-01,2026-04-24_News_manufacturing,,,,Entities,,2026-04-24_News_manufacturing,2026-04-24_News_manufacturing,entity,,,,,,,,,,,,,,,[],,,Entity
world:entity:2026-04-24-news-technology,2026-06-01,2026-04-24_News_technology,,,,Entities,,2026-04-24_News_technology,2026-04-24_News_technology,entity,,,,,,,,,,,,,,,[],,,Entity
world:entity:2026-04-24-real-estate-sector,2026-06-01,2026-04-24_Real_Estate_Sector,,,,Entities,,2026-04-24_Real_Estate_Sector,2026-04-24_Real_Estate_Sector,entity,,,,,,,,,,,,,,,[],,,Entity
world:entity:2026-04-24-sec-aerospace-defense-overview,2026-06-01,2026-04-24_SEC_aerospace-defense_Overview,,,,Entities,,2026-04-24_SEC_aerospace-defense_Overview,2026-04-24_SEC_aerospace-defense_Overview,entity,,,,,,,,,,,,,,,[],,,Entity
world:entity:2026-04-24-sec-communication-services-overview,2026-06-01,2026-04-24_SEC_communication-services_Overview,,,,Entities,,2026-04-24_SEC_communication-services_Overview,2026-04-24_SEC_communication-services_Overview,entity,,,,,,,,,,,,,,,[],,,Entity
world:entity:2026-04-24-sec-consumer-discretionary-overview,2026-06-01,2026-04-24_SEC_consumer-discretionary_Overview,,,,Entities,,2026-04-24_SEC_consumer-discretionary_Overview,2026-04-24_SEC_consumer-discretionary_Overview,entity,,,,,,,,,,,,,,,[],,,Entity
world:entity:2026-04-24-sec-consumer-staples-overview,2026-06-01,2026-04-24_SEC_consumer-staples_Overview,,,,Entities,,2026-04-24_SEC_consumer-staples_Overview,2026-04-24_SEC_consumer-staples_Overview,entity,,,,,,,,,,,,,,,[],,,Entity
world:entity:2026-04-24-sec-energy-overview,2026-06-01,2026-04-24_SEC_energy_Overview,,,,Entities,,2026-04-24_SEC_energy_Overview,2026-04-24_SEC_energy_Overview,entity,,,,,,,,,,,,,,,[],,,Entity
world:entity:2026-04-24-sec-financials-overview,2026-06-01,2026-04-24_SEC_financials_Overview,,,,Entities,,2026-04-24_SEC_financials_Overview,2026-04-24_SEC_financials_Overview,entity,,,,,,,,,,,,,,,[],,,Entity
world:entity:2026-04-24-sec-healthcare-overview,2026-06-01,2026-04-24_SEC_healthcare_Overview,,,,Entities,,2026-04-24_SEC_healthcare_Overview,2026-04-24_SEC_healthcare_Overview,entity,,,,,,,,,,,,,,,[],,,Entity
world:entity:2026-04-24-sec-industrials-overview,2026-06-01,2026-04-24_SEC_industrials_Overview,,,,Entities,,2026-04-24_SEC_industrials_Overview,2026-04-24_SEC_industrials_Overview,entity,,,,,,,,,,,,,,,[],,,Entity
world:entity:2026-04-24-sec-materials-overview,2026-06-01,2026-04-24_SEC_materials_Overview,,,,Entities,,2026-04-24_SEC_materials_Overview,2026-04-24_SEC_materials_Overview,entity,,,,,,,,,,,,,,,[],,,Entity
world:entity:2026-04-24-sec-real-estate-overview,2026-06-01,2026-04-24_SEC_real-estate_Overview,,,,Entities,,2026-04-24_SEC_real-estate_Overview,2026-04-24_SEC_real-estate_Overview,entity,,,,,,,,,,,,,,,[],,,Entity
world:entity:2026-04-24-sec-tech-overview,2026-06-01,2026-04-24_SEC_tech_Overview,,,,Entities,,2026-04-24_SEC_tech_Overview,2026-04-24_SEC_tech_Overview,entity,,,,,,,,,,,,,,,[],,,Entity
world:entity:2026-04-24-sec-utilities-overview,2026-06-01,2026-04-24_SEC_utilities_Overview,,,,Entities,,2026-04-24_SEC_utilities_Overview,2026-04-24_SEC_utilities_Overview,entity,,,,,,,,,,,,,,,[],,,Entity
world:entity:2026-04-24-tech-sector,2026-06-01,2026-04-24_Tech_Sector,,,,Entities,,2026-04-24_Tech_Sector,2026-04-24_Tech_Sector,entity,,,,,,,,,,,,,,,[],,,Entity
world:entity:2026-04-24-thesis-full-picture-aerospace-defense-sector-basket,2026-06-01,2026-04-24_Thesis_Full_Picture_Aerospace_&_Defense_Sector_Basket,,,,Entities,,2026-04-24_Thesis_Full_Picture_Aerospace_&_Defense_Sector_Basket,2026-04-24_Thesis_Full_Picture_Aerospace_&_Defense_Sector_Basket,entity,,,,,,,,,,,,,,,[],,,Entity
world:entity:2026-04-24-thesis-full-picture-ai-power-defense-stack,2026-06-01,2026-04-24_Thesis_Full_Picture_AI_Power_Defense_Stack,,,,Entities,,2026-04-24_Thesis_Full_Picture_AI_Power_Defense_Stack,2026-04-24_Thesis_Full_Picture_AI_Power_Defense_Stack,entity,,,,,,,,,,,,,,,[],,,Entity
world:entity:2026-04-24-thesis-full-picture-ai-power-infrastructure,2026-06-01,2026-04-24_Thesis_Full_Picture_AI_Power_Infrastructure,,,,Entities,,2026-04-24_Thesis_Full_Picture_AI_Power_Infrastructure,2026-04-24_Thesis_Full_Picture_AI_Power_Infrastructure,entity,,,,,,,,,,,,,,,[],,,Entity
world:entity:2026-04-24-thesis-full-picture-alzheimer-s-disease-modification,2026-06-01,2026-04-24_Thesis_Full_Picture_Alzheimer's_Disease_Modification,,,,Entities,,2026-04-24_Thesis_Full_Picture_Alzheimer's_Disease_Modification,2026-04-24_Thesis_Full_Picture_Alzheimer's_Disease_Modification,entity,,,,,,,,,,,,,,,[],,,Entity
world:entity:2026-04-24-thesis-full-picture-antimicrobial-resistance-pipeline,2026-06-01,2026-04-24_Thesis_Full_Picture_Antimicrobial_Resistance_Pipeline,,,,Entities,,2026-04-24_Thesis_Full_Picture_Antimicrobial_Resistance_Pipeline,2026-04-24_Thesis_Full_Picture_Antimicrobial_Resistance_Pipeline,entity,,,,,,,,,,,,,,,[],,,Entity
world:entity:2026-04-24-thesis-full-picture-biosecurity-compute-convergence,2026-06-01,2026-04-24_Thesis_Full_Picture_Biosecurity_Compute_Convergence,,,,Entities,,2026-04-24_Thesis_Full_Picture_Biosecurity_Compute_Convergence,2026-04-24_Thesis_Full_Picture_Biosecurity_Compute_Convergence,entity,,,,,,,,,,,,,,,[],,,Entity
world:entity:2026-04-24-thesis-full-picture-buffett-style-quality-compounders,2026-06-01,2026-04-24_Thesis_Full_Picture_Buffett_Style_Quality_Compounders,,,,Entities,,2026-04-24_Thesis_Full_Picture_Buffett_Style_Quality_Compounders,2026-04-24_Thesis_Full_Picture_Buffett_Style_Quality_Compounders,entity,,,,,,,,,,,,,,,[],,,Entity
world:entity:2026-04-24-thesis-full-picture-communication-services-sector-basket,2026-06-01,2026-04-24_Thesis_Full_Picture_Communication_Services_Sector_Basket,,,,Entities,,2026-04-24_Thesis_Full_Picture_Communication_Services_Sector_Basket,2026-04-24_Thesis_Full_Picture_Communication_Services_Sector_Basket,entity,,,,,,,,,,,,,,,[],,,Entity
world:entity:2026-04-24-thesis-full-picture-consumer-discretionary-sector-basket,2026-06-01,2026-04-24_Thesis_Full_Picture_Consumer_Discretionary_Sector_Basket,,,,Entities,,2026-04-24_Thesis_Full_Picture_Consumer_Discretionary_Sector_Basket,2026-04-24_Thesis_Full_Picture_Consumer_Discretionary_Sector_Basket,entity,,,,,,,,,,,,,,,[],,,Entity
world:entity:2026-04-24-thesis-full-picture-consumer-staples-sector-basket,2026-06-01,2026-04-24_Thesis_Full_Picture_Consumer_Staples_Sector_Basket,,,,Entities,,2026-04-24_Thesis_Full_Picture_Consumer_Staples_Sector_Basket,2026-04-24_Thesis_Full_Picture_Consumer_Staples_Sector_Basket,entity,,,,,,,,,,,,,,,[],,,Entity
world:entity:2026-04-24-thesis-full-picture-dalio-style-all-weather-hard-assets,2026-06-01,2026-04-24_Thesis_Full_Picture_Dalio_Style_All-Weather_Hard_Assets,,,,Entities,,2026-04-24_Thesis_Full_Picture_Dalio_Style_All-Weather_Hard_Assets,2026-04-24_Thesis_Full_Picture_Dalio_Style_All-Weather_Hard_Assets,entity,,,,,,,,,,,,,,,[],,,Entity
world:entity:2026-04-24-thesis-full-picture-defense-ai-autonomous-warfare,2026-06-01,2026-04-24_Thesis_Full_Picture_Defense_AI_&_Autonomous_Warfare,,,,Entities,,2026-04-24_Thesis_Full_Picture_Defense_AI_&_Autonomous_Warfare,2026-04-24_Thesis_Full_Picture_Defense_AI_&_Autonomous_Warfare,entity,,,,,,,,,,,,,,,[],,,Entity
world:entity:2026-04-24-thesis-full-picture-dollar-debasement-hard-money,2026-06-01,2026-04-24_Thesis_Full_Picture_Dollar_Debasement_&_Hard_Money,,,,Entities,,2026-04-24_Thesis_Full_Picture_Dollar_Debasement_&_Hard_Money,2026-04-24_Thesis_Full_Picture_Dollar_Debasement_&_Hard_Money,entity,,,,,,,,,,,,,,,[],,,Entity
world:entity:2026-04-24-thesis-full-picture-drone-autonomous-systems-revolution,2026-06-01,2026-04-24_Thesis_Full_Picture_Drone_&_Autonomous_Systems_Revolution,,,,Entities,,2026-04-24_Thesis_Full_Picture_Drone_&_Autonomous_Systems_Revolution,2026-04-24_Thesis_Full_Picture_Drone_&_Autonomous_Systems_Revolution,entity,,,,,,,,,,,,,,,[],,,Entity
world:entity:2026-04-24-thesis-full-picture-energy-sector-basket,2026-06-01,2026-04-24_Thesis_Full_Picture_Energy_Sector_Basket,,,,Entities,,2026-04-24_Thesis_Full_Picture_Energy_Sector_Basket,2026-04-24_Thesis_Full_Picture_Energy_Sector_Basket,entity,,,,,,,,,,,,,,,[],,,Entity
world:entity:2026-04-24-thesis-full-picture-financials-sector-basket,2026-06-01,2026-04-24_Thesis_Full_Picture_Financials_Sector_Basket,,,,Entities,,2026-04-24_Thesis_Full_Picture_Financials_Sector_Basket,2026-04-24_Thesis_Full_Picture_Financials_Sector_Basket,entity,,,,,,,,,,,,,,,[],,,Entity
world:entity:2026-04-24-thesis-full-picture-healthcare-sector-basket,2026-06-01,2026-04-24_Thesis_Full_Picture_Healthcare_Sector_Basket,,,,Entities,,2026-04-24_Thesis_Full_Picture_Healthcare_Sector_Basket,2026-04-24_Thesis_Full_Picture_Healthcare_Sector_Basket,entity,,,,,,,,,,,,,,,[],,,Entity
world:entity:2026-04-24-thesis-full-picture-industrials-sector-basket,2026-06-01,2026-04-24_Thesis_Full_Picture_Industrials_Sector_Basket,,,,Entities,,2026-04-24_Thesis_Full_Picture_Industrials_Sector_Basket,2026-04-24_Thesis_Full_Picture_Industrials_Sector_Basket,entity,,,,,,,,,,,,,,,[],,,Entity
world:entity:2026-04-24-thesis-full-picture-materials-sector-basket,2026-06-01,2026-04-24_Thesis_Full_Picture_Materials_Sector_Basket,,,,Entities,,2026-04-24_Thesis_Full_Picture_Materials_Sector_Basket,2026-04-24_Thesis_Full_Picture_Materials_Sector_Basket,entity,,,,,,,,,,,,,,,[],,,Entity
world:entity:2026-04-24-thesis-full-picture-psychedelic-mental-health-revolution,2026-06-01,2026-04-24_Thesis_Full_Picture_Psychedelic_Mental_Health_Revolution,,,,Entities,,2026-04-24_Thesis_Full_Picture_Psychedelic_Mental_Health_Revolution,2026-04-24_Thesis_Full_Picture_Psychedelic_Mental_Health_Revolution,entity,,,,,,,,,,,,,,,[],,,Entity
world:entity:2026-04-24-thesis-full-picture-real-estate-sector-basket,2026-06-01,2026-04-24_Thesis_Full_Picture_Real_Estate_Sector_Basket,,,,Entities,,2026-04-24_Thesis_Full_Picture_Real_Estate_Sector_Basket,2026-04-24_Thesis_Full_Picture_Real_Estate_Sector_Basket,entity,,,,,,,,,,,,,,,[],,,Entity
world:entity:2026-04-24-thesis-full-picture-semiconductor-sovereignty-chips-act,2026-06-01,2026-04-24_Thesis_Full_Picture_Semiconductor_Sovereignty_&_CHIPS_Act,,,,Entities,,2026-04-24_Thesis_Full_Picture_Semiconductor_Sovereignty_&_CHIPS_Act,2026-04-24_Thesis_Full_Picture_Semiconductor_Sovereignty_&_CHIPS_Act,entity,,,,,,,,,,,,,,,[],,,Entity
world:entity:2026-04-24-thesis-full-picture-tech-sector-basket,2026-06-01,2026-04-24_Thesis_Full_Picture_Tech_Sector_Basket,,,,Entities,,2026-04-24_Thesis_Full_Picture_Tech_Sector_Basket,2026-04-24_Thesis_Full_Picture_Tech_Sector_Basket,entity,,,,,,,,,,,,,,,[],,,Entity
world:entity:2026-04-24-thesis-full-picture-utilities-sector-basket,2026-06-01,2026-04-24_Thesis_Full_Picture_Utilities_Sector_Basket,,,,Entities,,2026-04-24_Thesis_Full_Picture_Utilities_Sector_Basket,2026-04-24_Thesis_Full_Picture_Utilities_Sector_Basket,entity,,,,,,,,,,,,,,,[],,,Entity
world:entity:2026-04-24-utilities-sector,2026-06-01,2026-04-24_Utilities_Sector,,,,Entities,,2026-04-24_Utilities_Sector,2026-04-24_Utilities_Sector,entity,,,,,,,,,,,,,,,[],,,Entity
world:entity:2026-04-25-catalyst-amsc,2026-06-01,2026-04-25_Catalyst_AMSC,,,,Entities,,2026-04-25_Catalyst_AMSC,2026-04-25_Catalyst_AMSC,entity,,,,,,,,,,,,,,,[],,,Entity
world:entity:2026-04-25-catalyst-brbr,2026-06-01,2026-04-25_Catalyst_BRBR,,,,Entities,,2026-04-25_Catalyst_BRBR,2026-04-25_Catalyst_BRBR,entity,,,,,,,,,,,,,,,[],,,Entity
world:entity:2026-04-25-catalyst-bw,2026-06-01,2026-04-25_Catalyst_BW,,,,Entities,,2026-04-25_Catalyst_BW,2026-04-25_Catalyst_BW,entity,,,,,,,,,,,,,,,[],,,Entity
world:entity:2026-04-25-catalyst-ecpg,2026-06-01,2026-04-25_Catalyst_ECPG,,,,Entities,,2026-04-25_Catalyst_ECPG,2026-04-25_Catalyst_ECPG,entity,,,,,,,,,,,,,,,[],,,Entity
world:entity:2026-04-25-catalyst-etn,2026-06-01,2026-04-25_Catalyst_ETN,,,,Entities,,2026-04-25_Catalyst_ETN,2026-04-25_Catalyst_ETN,entity,,,,,,,,,,,,,,,[],,,Entity
world:entity:2026-04-25-catalyst-gev,2026-06-01,2026-04-25_Catalyst_GEV,,,,Entities,,2026-04-25_Catalyst_GEV,2026-04-25_Catalyst_GEV,entity,,,,,,,,,,,,,,,[],,,Entity
world:entity:2026-04-25-catalyst-hubb,2026-06-01,2026-04-25_Catalyst_HUBB,,,,Entities,,2026-04-25_Catalyst_HUBB,2026-04-25_Catalyst_HUBB,entity,,,,,,,,,,,,,,,[],,,Entity
world:entity:2026-04-25-catalyst-iipr,2026-06-01,2026-04-25_Catalyst_IIPR,,,,Entities,,2026-04-25_Catalyst_IIPR,2026-04-25_Catalyst_IIPR,entity,,,,,,,,,,,,,,,[],,,Entity
world:entity:2026-04-25-catalyst-mtz,2026-06-01,2026-04-25_Catalyst_MTZ,,,,Entities,,2026-04-25_Catalyst_MTZ,2026-04-25_Catalyst_MTZ,entity,,,,,,,,,,,,,,,[],,,Entity
world:entity:2026-04-25-catalyst-myrg,2026-06-01,2026-04-25_Catalyst_MYRG,,,,Entities,,2026-04-25_Catalyst_MYRG,2026-04-25_Catalyst_MYRG,entity,,,,,,,,,,,,,,,[],,,Entity
world:entity:2026-04-25-catalyst-nktr,2026-06-01,2026-04-25_Catalyst_NKTR,,,,Entities,,2026-04-25_Catalyst_NKTR,2026-04-25_Catalyst_NKTR,entity,,,,,,,,,,,,,,,[],,,Entity
world:entity:2026-04-25-catalyst-pdfs,2026-06-01,2026-04-25_Catalyst_PDFS,,,,Entities,,2026-04-25_Catalyst_PDFS,2026-04-25_Catalyst_PDFS,entity,,,,,,,,,,,,,,,[],,,Entity
world:entity:2026-04-25-catalyst-powl,2026-06-01,2026-04-25_Catalyst_POWL,,,,Entities,,2026-04-25_Catalyst_POWL,2026-04-25_Catalyst_POWL,entity,,,,,,,,,,,,,,,[],,,Entity
world:entity:2026-04-25-catalyst-ppih,2026-06-01,2026-04-25_Catalyst_PPIH,,,,Entities,,2026-04-25_Catalyst_PPIH,2026-04-25_Catalyst_PPIH,entity,,,,,,,,,,,,,,,[],,,Entity
world:entity:2026-04-25-catalyst-prks,2026-06-01,2026-04-25_Catalyst_PRKS,,,,Entities,,2026-04-25_Catalyst_PRKS,2026-04-25_Catalyst_PRKS,entity,,,,,,,,,,,,,,,[],,,Entity
world:entity:2026-04-25-catalyst-pwr,2026-06-01,2026-04-25_Catalyst_PWR,,,,Entities,,2026-04-25_Catalyst_PWR,2026-04-25_Catalyst_PWR,entity,,,,,,,,,,,,,,,[],,,Entity
world:entity:2026-04-25-catalyst-strl,2026-06-01,2026-04-25_Catalyst_STRL,,,,Entities,,2026-04-25_Catalyst_STRL,2026-04-25_Catalyst_STRL,entity,,,,,,,,,,,,,,,[],,,Entity
world:entity:2026-04-25-catalyst-tnc,2026-06-01,2026-04-25_Catalyst_TNC,,,,Entities,,2026-04-25_Catalyst_TNC,2026-04-25_Catalyst_TNC,entity,,,,,,,,,,,,,,,[],,,Entity
world:entity:2026-04-25-catalyst-ufpt,2026-06-01,2026-04-25_Catalyst_UFPT,,,,Entities,,2026-04-25_Catalyst_UFPT,2026-04-25_Catalyst_UFPT,entity,,,,,,,,,,,,,,,[],,,Entity
world:entity:2026-04-25-catalyst-wcc,2026-06-01,2026-04-25_Catalyst_WCC,,,,Entities,,2026-04-25_Catalyst_WCC,2026-04-25_Catalyst_WCC,entity,,,,,,,,,,,,,,,[],,,Entity
world:entity:2026-04-25-conviction-delta,2026-06-01,2026-04-25_Conviction_Delta,,,,Entities,,2026-04-25_Conviction_Delta,2026-04-25_Conviction_Delta,entity,,,,,,,,,,,,,,,[],,,Entity
world:entity:2026-04-25-dilution-gev,2026-06-01,2026-04-25_DILUTION_GEV,,,,Entities,,2026-04-25_DILUTION_GEV,2026-04-25_DILUTION_GEV,entity,,,,,,,,,,,,,,,[],,,Entity
world:entity:2026-04-25-dilution-monitor,2026-06-01,2026-04-25_Dilution_Monitor,,,,Entities,,2026-04-25_Dilution_Monitor,2026-04-25_Dilution_Monitor,entity,,,,,,,,,,,,,,,[],,,Entity
world:entity:2026-04-25-disclosure-reality-check,2026-06-01,2026-04-25_Disclosure_Reality_Check,,,,Entities,,2026-04-25_Disclosure_Reality_Check,2026-04-25_Disclosure_Reality_Check,entity,,,,,,,,,,,,,,,[],,,Entity
world:entity:2026-04-25-fmp-earnings-calendar-thesis-watchlists,2026-06-01,2026-04-25_FMP_Earnings_Calendar_Thesis_Watchlists,,,,Entities,,2026-04-25_FMP_Earnings_Calendar_Thesis_Watchlists,2026-04-25_FMP_Earnings_Calendar_Thesis_Watchlists,entity,,,,,,,,,,,,,,,[],,,Entity
world:entity:2026-04-25-fmp-technicals-abbv-daily,2026-06-01,2026-04-25_FMP_Technicals_ABBV_daily,,,,Entities,,2026-04-25_FMP_Technicals_ABBV_daily,2026-04-25_FMP_Technicals_ABBV_daily,entity,,,,,,,,,,,,,,,[],,,Entity
world:entity:2026-04-25-fmp-technicals-acad-daily,2026-06-01,2026-04-25_FMP_Technicals_ACAD_daily,,,,Entities,,2026-04-25_FMP_Technicals_ACAD_daily,2026-04-25_FMP_Technicals_ACAD_daily,entity,,,,,,,,,,,,,,,[],,,Entity
world:entity:2026-04-25-fmp-technicals-achr-daily,2026-06-01,2026-04-25_FMP_Technicals_ACHR_daily,,,,Entities,,2026-04-25_FMP_Technicals_ACHR_daily,2026-04-25_FMP_Technicals_ACHR_daily,entity,,,,,,,,,,,,,,,[],,,Entity
world:entity:2026-04-25-fmp-technicals-adm-daily,2026-06-01,2026-04-25_FMP_Technicals_ADM_daily,,,,Entities,,2026-04-25_FMP_Technicals_ADM_daily,2026-04-25_FMP_Technicals_ADM_daily,entity,,,,,,,,,,,,,,,[],,,Entity
world:entity:2026-04-25-fmp-technicals-airo-daily,2026-06-01,2026-04-25_FMP_Technicals_AIRO_daily,,,,Entities,,2026-04-25_FMP_Technicals_AIRO_daily,2026-04-25_FMP_Technicals_AIRO_daily,entity,,,,,,,,,,,,,,,[],,,Entity
world:entity:2026-04-25-fmp-technicals-alks-daily,2026-06-01,2026-04-25_FMP_Technicals_ALKS_daily,,,,Entities,,2026-04-25_FMP_Technicals_ALKS_daily,2026-04-25_FMP_Technicals_ALKS_daily,entity,,,,,,,,,,,,,,,[],,,Entity
world:entity:2026-04-25-fmp-technicals-alvo-daily,2026-06-01,2026-04-25_FMP_Technicals_ALVO_daily,,,,Entities,,2026-04-25_FMP_Technicals_ALVO_daily,2026-04-25_FMP_Technicals_ALVO_daily,entity,,,,,,,,,,,,,,,[],,,Entity
world:entity:2026-04-25-fmp-technicals-amat-daily,2026-06-01,2026-04-25_FMP_Technicals_AMAT_daily,,,,Entities,,2026-04-25_FMP_Technicals_AMAT_daily,2026-04-25_FMP_Technicals_AMAT_daily,entity,,,,,,,,,,,,,,,[],,,Entity
world:entity:2026-04-25-fmp-technicals-amgn-daily,2026-06-01,2026-04-25_FMP_Technicals_AMGN_daily,,,,Entities,,2026-04-25_FMP_Technicals_AMGN_daily,2026-04-25_FMP_Technicals_AMGN_daily,entity,,,,,,,,,,,,,,,[],,,Entity
world:entity:2026-04-25-fmp-technicals-amsc-daily,2026-06-01,2026-04-25_FMP_Technicals_AMSC_daily,,,,Entities,,2026-04-25_FMP_Technicals_AMSC_daily,2026-04-25_FMP_Technicals_AMSC_daily,entity,,,,,,,,,,,,,,,[],,,Entity
world:entity:2026-04-25-fmp-technicals-amzn-daily,2026-06-01,2026-04-25_FMP_Technicals_AMZN_daily,,,,Entities,,2026-04-25_FMP_Technicals_AMZN_daily,2026-04-25_FMP_Technicals_AMZN_daily,entity,,,,,,,,,,,,,,,[],,,Entity
world:entity:2026-04-25-fmp-technicals-asts-daily,2026-06-01,2026-04-25_FMP_Technicals_ASTS_daily,,,,Entities,,2026-04-25_FMP_Technicals_ASTS_daily,2026-04-25_FMP_Technicals_ASTS_daily,entity,,,,,,,,,,,,,,,[],,,Entity
world:entity:2026-04-25-fmp-technicals-atai-daily,2026-06-01,2026-04-25_FMP_Technicals_ATAI_daily,,,,Entities,,2026-04-25_FMP_Technicals_ATAI_daily,2026-04-25_FMP_Technicals_ATAI_daily,entity,,,,,,,,,,,,,,,[],,,Entity
world:entity:2026-04-25-fmp-technicals-avav-daily,2026-06-01,2026-04-25_FMP_Technicals_AVAV_daily,,,,Entities,,2026-04-25_FMP_Technicals_AVAV_daily,2026-04-25_FMP_Technicals_AVAV_daily,entity,,,,,,,,,,,,,,,[],,,Entity
world:entity:2026-04-25-fmp-technicals-bah-daily,2026-06-01,2026-04-25_FMP_Technicals_BAH_daily,,,,Entities,,2026-04-25_FMP_Technicals_BAH_daily,2026-04-25_FMP_Technicals_BAH_daily,entity,,,,,,,,,,,,,,,[],,,Entity
world:entity:2026-04-25-fmp-technicals-bbai-daily,2026-06-01,2026-04-25_FMP_Technicals_BBAI_daily,,,,Entities,,2026-04-25_FMP_Technicals_BBAI_daily,2026-04-25_FMP_Technicals_BBAI_daily,entity,,,,,,,,,,,,,,,[],,,Entity
world:entity:2026-04-25-fmp-technicals-beam-daily,2026-06-01,2026-04-25_FMP_Technicals_BEAM_daily,,,,Entities,,2026-04-25_FMP_Technicals_BEAM_daily,2026-04-25_FMP_Technicals_BEAM_daily,entity,,,,,,,,,,,,,,,[],,,Entity
world:entity:2026-04-25-fmp-technicals-bg-daily,2026-06-01,2026-04-25_FMP_Technicals_BG_daily,,,,Entities,,2026-04-25_FMP_Technicals_BG_daily,2026-04-25_FMP_Technicals_BG_daily,entity,,,,,,,,,,,,,,,[],,,Entity
world:entity:2026-04-25-fmp-technicals-biib-daily,2026-06-01,2026-04-25_FMP_Technicals_BIIB_daily,,,,Entities,,2026-04-25_FMP_Technicals_BIIB_daily,2026-04-25_FMP_Technicals_BIIB_daily,entity,,,,,,,,,,,,,,,[],,,Entity
world:entity:2026-04-25-fmp-technicals-bksy-daily,2026-06-01,2026-04-25_FMP_Technicals_BKSY_daily,,,,Entities,,2026-04-25_FMP_Technicals_BKSY_daily,2026-04-25_FMP_Technicals_BKSY_daily,entity,,,,,,,,,,,,,,,[],,,Entity
world:entity:2026-04-25-fmp-technicals-brbr-daily,2026-06-01,2026-04-25_FMP_Technicals_BRBR_daily,,,,Entities,,2026-04-25_FMP_Technicals_BRBR_daily,2026-04-25_FMP_Technicals_BRBR_daily,entity,,,,,,,,,,,,,,,[],,,Entity
world:entity:2026-04-25-fmp-technicals-bw-daily,2026-06-01,2026-04-25_FMP_Technicals_BW_daily,,,,Entities,,2026-04-25_FMP_Technicals_BW_daily,2026-04-25_FMP_Technicals_BW_daily,entity,,,,,,,,,,,,,,,[],,,Entity
world:entity:2026-04-25-fmp-technicals-bynd-daily,2026-06-01,2026-04-25_FMP_Technicals_BYND_daily,,,,Entities,,2026-04-25_FMP_Technicals_BYND_daily,2026-04-25_FMP_Technicals_BYND_daily,entity,,,,,,,,,,,,,,,[],,,Entity
world:entity:2026-04-25-fmp-technicals-caci-daily,2026-06-01,2026-04-25_FMP_Technicals_CACI_daily,,,,Entities,,2026-04-25_FMP_Technicals_CACI_daily,2026-04-25_FMP_Technicals_CACI_daily,entity,,,,,,,,,,,,,,,[],,,Entity
world:entity:2026-04-25-fmp-technicals-ccj-daily,2026-06-01,2026-04-25_FMP_Technicals_CCJ_daily,,,,Entities,,2026-04-25_FMP_Technicals_CCJ_daily,2026-04-25_FMP_Technicals_CCJ_daily,entity,,,,,,,,,,,,,,,[],,,Entity
world:entity:2026-04-25-fmp-technicals-ceg-daily,2026-06-01,2026-04-25_FMP_Technicals_CEG_daily,,,,Entities,,2026-04-25_FMP_Technicals_CEG_daily,2026-04-25_FMP_Technicals_CEG_daily,entity,,,,,,,,,,,,,,,[],,,Entity
world:entity:2026-04-25-fmp-technicals-cmps-daily,2026-06-01,2026-04-25_FMP_Technicals_CMPS_daily,,,,Entities,,2026-04-25_FMP_Technicals_CMPS_daily,2026-04-25_FMP_Technicals_CMPS_daily,entity,,,,,,,,,,,,,,,[],,,Entity
world:entity:2026-04-25-fmp-technicals-coin-daily,2026-06-01,2026-04-25_FMP_Technicals_COIN_daily,,,,Entities,,2026-04-25_FMP_Technicals_COIN_daily,2026-04-25_FMP_Technicals_COIN_daily,entity,,,,,,,,,,,,,,,[],,,Entity
world:entity:2026-04-25-fmp-technicals-crsp-daily,2026-06-01,2026-04-25_FMP_Technicals_CRSP_daily,,,,Entities,,2026-04-25_FMP_Technicals_CRSP_daily,2026-04-25_FMP_Technicals_CRSP_daily,entity,,,,,,,,,,,,,,,[],,,Entity
world:entity:2026-04-25-fmp-technicals-ctva-daily,2026-06-01,2026-04-25_FMP_Technicals_CTVA_daily,,,,Entities,,2026-04-25_FMP_Technicals_CTVA_daily,2026-04-25_FMP_Technicals_CTVA_daily,entity,,,,,,,,,,,,,,,[],,,Entity
world:entity:2026-04-25-fmp-technicals-dftx-daily,2026-06-01,2026-04-25_FMP_Technicals_DFTX_daily,,,,Entities,,2026-04-25_FMP_Technicals_DFTX_daily,2026-04-25_FMP_Technicals_DFTX_daily,entity,,,,,,,,,,,,,,,[],,,Entity
world:entity:2026-04-25-fmp-technicals-dhi-daily,2026-06-01,2026-04-25_FMP_Technicals_DHI_daily,,,,Entities,,2026-04-25_FMP_Technicals_DHI_daily,2026-04-25_FMP_Technicals_DHI_daily,entity,,,,,,,,,,,,,,,[],,,Entity
world:entity:2026-04-25-fmp-technicals-dna-daily,2026-06-01,2026-04-25_FMP_Technicals_DNA_daily,,,,Entities,,2026-04-25_FMP_Technicals_DNA_daily,2026-04-25_FMP_Technicals_DNA_daily,entity,,,,,,,,,,,,,,,[],,,Entity
world:entity:2026-04-25-fmp-technicals-dpro-daily,2026-06-01,2026-04-25_FMP_Technicals_DPRO_daily,,,,Entities,,2026-04-25_FMP_Technicals_DPRO_daily,2026-04-25_FMP_Technicals_DPRO_daily,entity,,,,,,,,,,,,,,,[],,,Entity
world:entity:2026-04-25-fmp-technicals-ecpg-daily,2026-06-01,2026-04-25_FMP_Technicals_ECPG_daily,,,,Entities,,2026-04-25_FMP_Technicals_ECPG_daily,2026-04-25_FMP_Technicals_ECPG_daily,entity,,,,,,,,,,,,,,,[],,,Entity
world:entity:2026-04-25-fmp-technicals-edit-daily,2026-06-01,2026-04-25_FMP_Technicals_EDIT_daily,,,,Entities,,2026-04-25_FMP_Technicals_EDIT_daily,2026-04-25_FMP_Technicals_EDIT_daily,entity,,,,,,,,,,,,,,,[],,,Entity
world:entity:2026-04-25-fmp-technicals-eh-daily,2026-06-01,2026-04-25_FMP_Technicals_EH_daily,,,,Entities,,2026-04-25_FMP_Technicals_EH_daily,2026-04-25_FMP_Technicals_EH_daily,entity,,,,,,,,,,,,,,,[],,,Entity
world:entity:2026-04-25-fmp-technicals-envx-daily,2026-06-01,2026-04-25_FMP_Technicals_ENVX_daily,,,,Entities,,2026-04-25_FMP_Technicals_ENVX_daily,2026-04-25_FMP_Technicals_ENVX_daily,entity,,,,,,,,,,,,,,,[],,,Entity
world:entity:2026-04-25-fmp-technicals-eslt-daily,2026-06-01,2026-04-25_FMP_Technicals_ESLT_daily,,,,Entities,,2026-04-25_FMP_Technicals_ESLT_daily,2026-04-25_FMP_Technicals_ESLT_daily,entity,,,,,,,,,,,,,,,[],,,Entity
world:entity:2026-04-25-fmp-technicals-etn-daily,2026-06-01,2026-04-25_FMP_Technicals_ETN_daily,,,,Entities,,2026-04-25_FMP_Technicals_ETN_daily,2026-04-25_FMP_Technicals_ETN_daily,entity,,,,,,,,,,,,,,,[],,,Entity
world:entity:2026-04-25-fmp-technicals-evtl-daily,2026-06-01,2026-04-25_FMP_Technicals_EVTL_daily,,,,Entities,,2026-04-25_FMP_Technicals_EVTL_daily,2026-04-25_FMP_Technicals_EVTL_daily,entity,,,,,,,,,,,,,,,[],,,Entity
world:entity:2026-04-25-fmp-technicals-flnc-daily,2026-06-01,2026-04-25_FMP_Technicals_FLNC_daily,,,,Entities,,2026-04-25_FMP_Technicals_FLNC_daily,2026-04-25_FMP_Technicals_FLNC_daily,entity,,,,,,,,,,,,,,,[],,,Entity
world:entity:2026-04-25-fmp-technicals-fmc-daily,2026-06-01,2026-04-25_FMP_Technicals_FMC_daily,,,,Entities,,2026-04-25_FMP_Technicals_FMC_daily,2026-04-25_FMP_Technicals_FMC_daily,entity,,,,,,,,,,,,,,,[],,,Entity
world:entity:2026-04-25-fmp-technicals-gd-daily,2026-06-01,2026-04-25_FMP_Technicals_GD_daily,,,,Entities,,2026-04-25_FMP_Technicals_GD_daily,2026-04-25_FMP_Technicals_GD_daily,entity,,,,,,,,,,,,,,,[],,,Entity
world:entity:2026-04-25-fmp-technicals-gev-daily,2026-06-01,2026-04-25_FMP_Technicals_GEV_daily,,,,Entities,,2026-04-25_FMP_Technicals_GEV_daily,2026-04-25_FMP_Technicals_GEV_daily,entity,,,,,,,,,,,,,,,[],,,Entity
world:entity:2026-04-25-fmp-technicals-ghrs-daily,2026-06-01,2026-04-25_FMP_Technicals_GHRS_daily,,,,Entities,,2026-04-25_FMP_Technicals_GHRS_daily,2026-04-25_FMP_Technicals_GHRS_daily,entity,,,,,,,,,,,,,,,[],,,Entity
world:entity:2026-04-25-fmp-technicals-gold-daily,2026-06-01,2026-04-25_FMP_Technicals_GOLD_daily,,,,Entities,,2026-04-25_FMP_Technicals_GOLD_daily,2026-04-25_FMP_Technicals_GOLD_daily,entity,,,,,,,,,,,,,,,[],,,Entity
world:entity:2026-04-25-fmp-technicals-googl-daily,2026-06-01,2026-04-25_FMP_Technicals_GOOGL_daily,,,,Entities,,2026-04-25_FMP_Technicals_GOOGL_daily,2026-04-25_FMP_Technicals_GOOGL_daily,entity,,,,,,,,,,,,,,,[],,,Entity
world:entity:2026-04-25-fmp-technicals-help-daily,2026-06-01,2026-04-25_FMP_Technicals_HELP_daily,,,,Entities,,2026-04-25_FMP_Technicals_HELP_daily,2026-04-25_FMP_Technicals_HELP_daily,entity,,,,,,,,,,,,,,,[],,,Entity
world:entity:2026-04-25-fmp-technicals-hims-daily,2026-06-01,2026-04-25_FMP_Technicals_HIMS_daily,,,,Entities,,2026-04-25_FMP_Technicals_HIMS_daily,2026-04-25_FMP_Technicals_HIMS_daily,entity,,,,,,,,,,,,,,,[],,,Entity
world:entity:2026-04-25-fmp-technicals-hovr-daily,2026-06-01,2026-04-25_FMP_Technicals_HOVR_daily,,,,Entities,,2026-04-25_FMP_Technicals_HOVR_daily,2026-04-25_FMP_Technicals_HOVR_daily,entity,,,,,,,,,,,,,,,[],,,Entity
world:entity:2026-04-25-fmp-technicals-hubb-daily,2026-06-01,2026-04-25_FMP_Technicals_HUBB_daily,,,,Entities,,2026-04-25_FMP_Technicals_HUBB_daily,2026-04-25_FMP_Technicals_HUBB_daily,entity,,,,,,,,,,,,,,,[],,,Entity
world:entity:2026-04-25-fmp-technicals-iff-daily,2026-06-01,2026-04-25_FMP_Technicals_IFF_daily,,,,Entities,,2026-04-25_FMP_Technicals_IFF_daily,2026-04-25_FMP_Technicals_IFF_daily,entity,,,,,,,,,,,,,,,[],,,Entity
world:entity:2026-04-25-fmp-technicals-iipr-daily,2026-06-01,2026-04-25_FMP_Technicals_IIPR_daily,,,,Entities,,2026-04-25_FMP_Technicals_IIPR_daily,2026-04-25_FMP_Technicals_IIPR_daily,entity,,,,,,,,,,,,,,,[],,,Entity
world:entity:2026-04-25-fmp-technicals-inva-daily,2026-06-01,2026-04-25_FMP_Technicals_INVA_daily,,,,Entities,,2026-04-25_FMP_Technicals_INVA_daily,2026-04-25_FMP_Technicals_INVA_daily,entity,,,,,,,,,,,,,,,[],,,Entity
world:entity:2026-04-25-fmp-technicals-ionq-daily,2026-06-01,2026-04-25_FMP_Technicals_IONQ_daily,,,,Entities,,2026-04-25_FMP_Technicals_IONQ_daily,2026-04-25_FMP_Technicals_IONQ_daily,entity,,,,,,,,,,,,,,,[],,,Entity
world:entity:2026-04-25-fmp-technicals-jnj-daily,2026-06-01,2026-04-25_FMP_Technicals_JNJ_daily,,,,Entities,,2026-04-25_FMP_Technicals_JNJ_daily,2026-04-25_FMP_Technicals_JNJ_daily,entity,,,,,,,,,,,,,,,[],,,Entity
world:entity:2026-04-25-fmp-technicals-joby-daily,2026-06-01,2026-04-25_FMP_Technicals_JOBY_daily,,,,Entities,,2026-04-25_FMP_Technicals_JOBY_daily,2026-04-25_FMP_Technicals_JOBY_daily,entity,,,,,,,,,,,,,,,[],,,Entity
world:entity:2026-04-25-fmp-technicals-klac-daily,2026-06-01,2026-04-25_FMP_Technicals_KLAC_daily,,,,Entities,,2026-04-25_FMP_Technicals_KLAC_daily,2026-04-25_FMP_Technicals_KLAC_daily,entity,,,,,,,,,,,,,,,[],,,Entity
world:entity:2026-04-25-fmp-technicals-ktos-daily,2026-06-01,2026-04-25_FMP_Technicals_KTOS_daily,,,,Entities,,2026-04-25_FMP_Technicals_KTOS_daily,2026-04-25_FMP_Technicals_KTOS_daily,entity,,,,,,,,,,,,,,,[],,,Entity
world:entity:2026-04-25-fmp-technicals-ldos-daily,2026-06-01,2026-04-25_FMP_Technicals_LDOS_daily,,,,Entities,,2026-04-25_FMP_Technicals_LDOS_daily,2026-04-25_FMP_Technicals_LDOS_daily,entity,,,,,,,,,,,,,,,[],,,Entity
world:entity:2026-04-25-fmp-technicals-len-daily,2026-06-01,2026-04-25_FMP_Technicals_LEN_daily,,,,Entities,,2026-04-25_FMP_Technicals_LEN_daily,2026-04-25_FMP_Technicals_LEN_daily,entity,,,,,,,,,,,,,,,[],,,Entity
world:entity:2026-04-25-fmp-technicals-lhx-daily,2026-06-01,2026-04-25_FMP_Technicals_LHX_daily,,,,Entities,,2026-04-25_FMP_Technicals_LHX_daily,2026-04-25_FMP_Technicals_LHX_daily,entity,,,,,,,,,,,,,,,[],,,Entity
world:entity:2026-04-25-fmp-technicals-lly-daily,2026-06-01,2026-04-25_FMP_Technicals_LLY_daily,,,,Entities,,2026-04-25_FMP_Technicals_LLY_daily,2026-04-25_FMP_Technicals_LLY_daily,entity,,,,,,,,,,,,,,,[],,,Entity
world:entity:2026-04-25-fmp-technicals-lmt-daily,2026-06-01,2026-04-25_FMP_Technicals_LMT_daily,,,,Entities,,2026-04-25_FMP_Technicals_LMT_daily,2026-04-25_FMP_Technicals_LMT_daily,entity,,,,,,,,,,,,,,,[],,,Entity
world:entity:2026-04-25-fmp-technicals-lrcx-daily,2026-06-01,2026-04-25_FMP_Technicals_LRCX_daily,,,,Entities,,2026-04-25_FMP_Technicals_LRCX_daily,2026-04-25_FMP_Technicals_LRCX_daily,entity,,,,,,,,,,,,,,,[],,,Entity
world:entity:2026-04-25-fmp-technicals-mnts-daily,2026-06-01,2026-04-25_FMP_Technicals_MNTS_daily,,,,Entities,,2026-04-25_FMP_Technicals_MNTS_daily,2026-04-25_FMP_Technicals_MNTS_daily,entity,,,,,,,,,,,,,,,[],,,Entity
world:entity:2026-04-25-fmp-technicals-mrk-daily,2026-06-01,2026-04-25_FMP_Technicals_MRK_daily,,,,Entities,,2026-04-25_FMP_Technicals_MRK_daily,2026-04-25_FMP_Technicals_MRK_daily,entity,,,,,,,,,,,,,,,[],,,Entity
world:entity:2026-04-25-fmp-technicals-msft-daily,2026-06-01,2026-04-25_FMP_Technicals_MSFT_daily,,,,Entities,,2026-04-25_FMP_Technicals_MSFT_daily,2026-04-25_FMP_Technicals_MSFT_daily,entity,,,,,,,,,,,,,,,[],,,Entity
world:entity:2026-04-25-fmp-technicals-mstr-daily,2026-06-01,2026-04-25_FMP_Technicals_MSTR_daily,,,,Entities,,2026-04-25_FMP_Technicals_MSTR_daily,2026-04-25_FMP_Technicals_MSTR_daily,entity,,,,,,,,,,,,,,,[],,,Entity
world:entity:2026-04-25-fmp-technicals-mtz-daily,2026-06-01,2026-04-25_FMP_Technicals_MTZ_daily,,,,Entities,,2026-04-25_FMP_Technicals_MTZ_daily,2026-04-25_FMP_Technicals_MTZ_daily,entity,,,,,,,,,,,,,,,[],,,Entity
world:entity:2026-04-25-fmp-technicals-myrg-daily,2026-06-01,2026-04-25_FMP_Technicals_MYRG_daily,,,,Entities,,2026-04-25_FMP_Technicals_MYRG_daily,2026-04-25_FMP_Technicals_MYRG_daily,entity,,,,,,,,,,,,,,,[],,,Entity
world:entity:2026-04-25-fmp-technicals-nbix-daily,2026-06-01,2026-04-25_FMP_Technicals_NBIX_daily,,,,Entities,,2026-04-25_FMP_Technicals_NBIX_daily,2026-04-25_FMP_Technicals_NBIX_daily,entity,,,,,,,,,,,,,,,[],,,Entity
world:entity:2026-04-25-fmp-technicals-nem-daily,2026-06-01,2026-04-25_FMP_Technicals_NEM_daily,,,,Entities,,2026-04-25_FMP_Technicals_NEM_daily,2026-04-25_FMP_Technicals_NEM_daily,entity,,,,,,,,,,,,,,,[],,,Entity
world:entity:2026-04-25-fmp-technicals-nktr-daily,2026-06-01,2026-04-25_FMP_Technicals_NKTR_daily,,,,Entities,,2026-04-25_FMP_Technicals_NKTR_daily,2026-04-25_FMP_Technicals_NKTR_daily,entity,,,,,,,,,,,,,,,[],,,Entity
world:entity:2026-04-25-fmp-technicals-nne-daily,2026-06-01,2026-04-25_FMP_Technicals_NNE_daily,,,,Entities,,2026-04-25_FMP_Technicals_NNE_daily,2026-04-25_FMP_Technicals_NNE_daily,entity,,,,,,,,,,,,,,,[],,,Entity
world:entity:2026-04-25-fmp-technicals-noc-daily,2026-06-01,2026-04-25_FMP_Technicals_NOC_daily,,,,Entities,,2026-04-25_FMP_Technicals_NOC_daily,2026-04-25_FMP_Technicals_NOC_daily,entity,,,,,,,,,,,,,,,[],,,Entity
world:entity:2026-04-25-fmp-technicals-nrg-daily,2026-06-01,2026-04-25_FMP_Technicals_NRG_daily,,,,Entities,,2026-04-25_FMP_Technicals_NRG_daily,2026-04-25_FMP_Technicals_NRG_daily,entity,,,,,,,,,,,,,,,[],,,Entity
world:entity:2026-04-25-fmp-technicals-ntla-daily,2026-06-01,2026-04-25_FMP_Technicals_NTLA_daily,,,,Entities,,2026-04-25_FMP_Technicals_NTLA_daily,2026-04-25_FMP_Technicals_NTLA_daily,entity,,,,,,,,,,,,,,,[],,,Entity
world:entity:2026-04-25-fmp-technicals-nvda-daily,2026-06-01,2026-04-25_FMP_Technicals_NVDA_daily,,,,Entities,,2026-04-25_FMP_Technicals_NVDA_daily,2026-04-25_FMP_Technicals_NVDA_daily,entity,,,,,,,,,,,,,,,[],,,Entity
world:entity:2026-04-25-fmp-technicals-nvr-daily,2026-06-01,2026-04-25_FMP_Technicals_NVR_daily,,,,Entities,,2026-04-25_FMP_Technicals_NVR_daily,2026-04-25_FMP_Technicals_NVR_daily,entity,,,,,,,,,,,,,,,[],,,Entity
world:entity:2026-04-25-fmp-technicals-oklo-daily,2026-06-01,2026-04-25_FMP_Technicals_OKLO_daily,,,,Entities,,2026-04-25_FMP_Technicals_OKLO_daily,2026-04-25_FMP_Technicals_OKLO_daily,entity,,,,,,,,,,,,,,,[],,,Entity
world:entity:2026-04-25-fmp-technicals-on-daily,2026-06-01,2026-04-25_FMP_Technicals_ON_daily,,,,Entities,,2026-04-25_FMP_Technicals_ON_daily,2026-04-25_FMP_Technicals_ON_daily,entity,,,,,,,,,,,,,,,[],,,Entity
world:entity:2026-04-25-fmp-technicals-onds-daily,2026-06-01,2026-04-25_FMP_Technicals_ONDS_daily,,,,Entities,,2026-04-25_FMP_Technicals_ONDS_daily,2026-04-25_FMP_Technicals_ONDS_daily,entity,,,,,,,,,,,,,,,[],,,Entity
world:entity:2026-04-25-fmp-technicals-onto-daily,2026-06-01,2026-04-25_FMP_Technicals_ONTO_daily,,,,Entities,,2026-04-25_FMP_Technicals_ONTO_daily,2026-04-25_FMP_Technicals_ONTO_daily,entity,,,,,,,,,,,,,,,[],,,Entity
world:entity:2026-04-25-fmp-technicals-pdfs-daily,2026-06-01,2026-04-25_FMP_Technicals_PDFS_daily,,,,Entities,,2026-04-25_FMP_Technicals_PDFS_daily,2026-04-25_FMP_Technicals_PDFS_daily,entity,,,,,,,,,,,,,,,[],,,Entity
world:entity:2026-04-25-fmp-technicals-pfe-daily,2026-06-01,2026-04-25_FMP_Technicals_PFE_daily,,,,Entities,,2026-04-25_FMP_Technicals_PFE_daily,2026-04-25_FMP_Technicals_PFE_daily,entity,,,,,,,,,,,,,,,[],,,Entity
world:entity:2026-04-25-fmp-technicals-pl-daily,2026-06-01,2026-04-25_FMP_Technicals_PL_daily,,,,Entities,,2026-04-25_FMP_Technicals_PL_daily,2026-04-25_FMP_Technicals_PL_daily,entity,,,,,,,,,,,,,,,[],,,Entity
world:entity:2026-04-25-fmp-technicals-pltr-daily,2026-06-01,2026-04-25_FMP_Technicals_PLTR_daily,,,,Entities,,2026-04-25_FMP_Technicals_PLTR_daily,2026-04-25_FMP_Technicals_PLTR_daily,entity,,,,,,,,,,,,,,,[],,,Entity
world:entity:2026-04-25-fmp-technicals-powl-daily,2026-06-01,2026-04-25_FMP_Technicals_POWL_daily,,,,Entities,,2026-04-25_FMP_Technicals_POWL_daily,2026-04-25_FMP_Technicals_POWL_daily,entity,,,,,,,,,,,,,,,[],,,Entity
world:entity:2026-04-25-fmp-technicals-ppih-daily,2026-06-01,2026-04-25_FMP_Technicals_PPIH_daily,,,,Entities,,2026-04-25_FMP_Technicals_PPIH_daily,2026-04-25_FMP_Technicals_PPIH_daily,entity,,,,,,,,,,,,,,,[],,,Entity
world:entity:2026-04-25-fmp-technicals-prks-daily,2026-06-01,2026-04-25_FMP_Technicals_PRKS_daily,,,,Entities,,2026-04-25_FMP_Technicals_PRKS_daily,2026-04-25_FMP_Technicals_PRKS_daily,entity,,,,,,,,,,,,,,,[],,,Entity
world:entity:2026-04-25-fmp-technicals-prta-daily,2026-06-01,2026-04-25_FMP_Technicals_PRTA_daily,,,,Entities,,2026-04-25_FMP_Technicals_PRTA_daily,2026-04-25_FMP_Technicals_PRTA_daily,entity,,,,,,,,,,,,,,,[],,,Entity
world:entity:2026-04-25-fmp-technicals-psil-daily,2026-06-01,2026-04-25_FMP_Technicals_PSIL_daily,,,,Entities,,2026-04-25_FMP_Technicals_PSIL_daily,2026-04-25_FMP_Technicals_PSIL_daily,entity,,,,,,,,,,,,,,,[],,,Entity
world:entity:2026-04-25-fmp-technicals-pwr-daily,2026-06-01,2026-04-25_FMP_Technicals_PWR_daily,,,,Entities,,2026-04-25_FMP_Technicals_PWR_daily,2026-04-25_FMP_Technicals_PWR_daily,entity,,,,,,,,,,,,,,,[],,,Entity
world:entity:2026-04-25-fmp-technicals-qubt-daily,2026-06-01,2026-04-25_FMP_Technicals_QUBT_daily,,,,Entities,,2026-04-25_FMP_Technicals_QUBT_daily,2026-04-25_FMP_Technicals_QUBT_daily,entity,,,,,,,,,,,,,,,[],,,Entity
world:entity:2026-04-25-fmp-technicals-rcat-daily,2026-06-01,2026-04-25_FMP_Technicals_RCAT_daily,,,,Entities,,2026-04-25_FMP_Technicals_RCAT_daily,2026-04-25_FMP_Technicals_RCAT_daily,entity,,,,,,,,,,,,,,,[],,,Entity
world:entity:2026-04-25-fmp-technicals-rgti-daily,2026-06-01,2026-04-25_FMP_Technicals_RGTI_daily,,,,Entities,,2026-04-25_FMP_Technicals_RGTI_daily,2026-04-25_FMP_Technicals_RGTI_daily,entity,,,,,,,,,,,,,,,[],,,Entity
world:entity:2026-04-25-fmp-technicals-rklb-daily,2026-06-01,2026-04-25_FMP_Technicals_RKLB_daily,,,,Entities,,2026-04-25_FMP_Technicals_RKLB_daily,2026-04-25_FMP_Technicals_RKLB_daily,entity,,,,,,,,,,,,,,,[],,,Entity
world:entity:2026-04-25-fmp-technicals-rprx-daily,2026-06-01,2026-04-25_FMP_Technicals_RPRX_daily,,,,Entities,,2026-04-25_FMP_Technicals_RPRX_daily,2026-04-25_FMP_Technicals_RPRX_daily,entity,,,,,,,,,,,,,,,[],,,Entity
world:entity:2026-04-25-fmp-technicals-rtx-daily,2026-06-01,2026-04-25_FMP_Technicals_RTX_daily,,,,Entities,,2026-04-25_FMP_Technicals_RTX_daily,2026-04-25_FMP_Technicals_RTX_daily,entity,,,,,,,,,,,,,,,[],,,Entity
world:entity:2026-04-25-fmp-technicals-saic-daily,2026-06-01,2026-04-25_FMP_Technicals_SAIC_daily,,,,Entities,,2026-04-25_FMP_Technicals_SAIC_daily,2026-04-25_FMP_Technicals_SAIC_daily,entity,,,,,,,,,,,,,,,[],,,Entity
world:entity:2026-04-25-fmp-technicals-sky-daily,2026-06-01,2026-04-25_FMP_Technicals_SKY_daily,,,,Entities,,2026-04-25_FMP_Technicals_SKY_daily,2026-04-25_FMP_Technicals_SKY_daily,entity,,,,,,,,,,,,,,,[],,,Entity
world:entity:2026-04-25-fmp-technicals-smr-daily,2026-06-01,2026-04-25_FMP_Technicals_SMR_daily,,,,Entities,,2026-04-25_FMP_Technicals_SMR_daily,2026-04-25_FMP_Technicals_SMR_daily,entity,,,,,,,,,,,,,,,[],,,Entity
world:entity:2026-04-25-fmp-technicals-spir-daily,2026-06-01,2026-04-25_FMP_Technicals_SPIR_daily,,,,Entities,,2026-04-25_FMP_Technicals_SPIR_daily,2026-04-25_FMP_Technicals_SPIR_daily,entity,,,,,,,,,,,,,,,[],,,Entity
world:entity:2026-04-25-fmp-technicals-spro-daily,2026-06-01,2026-04-25_FMP_Technicals_SPRO_daily,,,,Entities,,2026-04-25_FMP_Technicals_SPRO_daily,2026-04-25_FMP_Technicals_SPRO_daily,entity,,,,,,,,,,,,,,,[],,,Entity
world:entity:2026-04-25-fmp-technicals-stem-daily,2026-06-01,2026-04-25_FMP_Technicals_STEM_daily,,,,Entities,,2026-04-25_FMP_Technicals_STEM_daily,2026-04-25_FMP_Technicals_STEM_daily,entity,,,,,,,,,,,,,,,[],,,Entity
world:entity:2026-04-25-fmp-technicals-strl-daily,2026-06-01,2026-04-25_FMP_Technicals_STRL_daily,,,,Entities,,2026-04-25_FMP_Technicals_STRL_daily,2026-04-25_FMP_Technicals_STRL_daily,entity,,,,,,,,,,,,,,,[],,,Entity
world:entity:2026-04-25-fmp-technicals-tdy-daily,2026-06-01,2026-04-25_FMP_Technicals_TDY_daily,,,,Entities,,2026-04-25_FMP_Technicals_TDY_daily,2026-04-25_FMP_Technicals_TDY_daily,entity,,,,,,,,,,,,,,,[],,,Entity
world:entity:2026-04-25-fmp-technicals-tmhc-daily,2026-06-01,2026-04-25_FMP_Technicals_TMHC_daily,,,,Entities,,2026-04-25_FMP_Technicals_TMHC_daily,2026-04-25_FMP_Technicals_TMHC_daily,entity,,,,,,,,,,,,,,,[],,,Entity
world:entity:2026-04-25-fmp-technicals-tmo-daily,2026-06-01,2026-04-25_FMP_Technicals_TMO_daily,,,,Entities,,2026-04-25_FMP_Technicals_TMO_daily,2026-04-25_FMP_Technicals_TMO_daily,entity,,,,,,,,,,,,,,,[],,,Entity
world:entity:2026-04-25-fmp-technicals-tnc-daily,2026-06-01,2026-04-25_FMP_Technicals_TNC_daily,,,,Entities,,2026-04-25_FMP_Technicals_TNC_daily,2026-04-25_FMP_Technicals_TNC_daily,entity,,,,,,,,,,,,,,,[],,,Entity
world:entity:2026-04-25-fmp-technicals-tol-daily,2026-06-01,2026-04-25_FMP_Technicals_TOL_daily,,,,Entities,,2026-04-25_FMP_Technicals_TOL_daily,2026-04-25_FMP_Technicals_TOL_daily,entity,,,,,,,,,,,,,,,[],,,Entity
world:entity:2026-04-25-fmp-technicals-tsla-daily,2026-06-01,2026-04-25_FMP_Technicals_TSLA_daily,,,,Entities,,2026-04-25_FMP_Technicals_TSLA_daily,2026-04-25_FMP_Technicals_TSLA_daily,entity,,,,,,,,,,,,,,,[],,,Entity
world:entity:2026-04-25-fmp-technicals-tsn-daily,2026-06-01,2026-04-25_FMP_Technicals_TSN_daily,,,,Entities,,2026-04-25_FMP_Technicals_TSN_daily,2026-04-25_FMP_Technicals_TSN_daily,entity,,,,,,,,,,,,,,,[],,,Entity
world:entity:2026-04-25-fmp-technicals-twst-daily,2026-06-01,2026-04-25_FMP_Technicals_TWST_daily,,,,Entities,,2026-04-25_FMP_Technicals_TWST_daily,2026-04-25_FMP_Technicals_TWST_daily,entity,,,,,,,,,,,,,,,[],,,Entity
world:entity:2026-04-25-fmp-technicals-txt-daily,2026-06-01,2026-04-25_FMP_Technicals_TXT_daily,,,,Entities,,2026-04-25_FMP_Technicals_TXT_daily,2026-04-25_FMP_Technicals_TXT_daily,entity,,,,,,,,,,,,,,,[],,,Entity
world:entity:2026-04-25-fmp-technicals-ufpt-daily,2026-06-01,2026-04-25_FMP_Technicals_UFPT_daily,,,,Entities,,2026-04-25_FMP_Technicals_UFPT_daily,2026-04-25_FMP_Technicals_UFPT_daily,entity,,,,,,,,,,,,,,,[],,,Entity
world:entity:2026-04-25-fmp-technicals-umac-daily,2026-06-01,2026-04-25_FMP_Technicals_UMAC_daily,,,,Entities,,2026-04-25_FMP_Technicals_UMAC_daily,2026-04-25_FMP_Technicals_UMAC_daily,entity,,,,,,,,,,,,,,,[],,,Entity
world:entity:2026-04-25-fmp-technicals-unty-daily,2026-06-01,2026-04-25_FMP_Technicals_UNTY_daily,,,,Entities,,2026-04-25_FMP_Technicals_UNTY_daily,2026-04-25_FMP_Technicals_UNTY_daily,entity,,,,,,,,,,,,,,,[],,,Entity
world:entity:2026-04-25-fmp-technicals-vktx-daily,2026-06-01,2026-04-25_FMP_Technicals_VKTX_daily,,,,Entities,,2026-04-25_FMP_Technicals_VKTX_daily,2026-04-25_FMP_Technicals_VKTX_daily,entity,,,,,,,,,,,,,,,[],,,Entity
world:entity:2026-04-25-fmp-technicals-vst-daily,2026-06-01,2026-04-25_FMP_Technicals_VST_daily,,,,Entities,,2026-04-25_FMP_Technicals_VST_daily,2026-04-25_FMP_Technicals_VST_daily,entity,,,,,,,,,,,,,,,[],,,Entity
world:entity:2026-04-25-fmp-technicals-wcc-daily,2026-06-01,2026-04-25_FMP_Technicals_WCC_daily,,,,Entities,,2026-04-25_FMP_Technicals_WCC_daily,2026-04-25_FMP_Technicals_WCC_daily,entity,,,,,,,,,,,,,,,[],,,Entity
world:entity:2026-04-25-fmp-technicals-wolf-daily,2026-06-01,2026-04-25_FMP_Technicals_WOLF_daily,,,,Entities,,2026-04-25_FMP_Technicals_WOLF_daily,2026-04-25_FMP_Technicals_WOLF_daily,entity,,,,,,,,,,,,,,,[],,,Entity
world:entity:2026-04-25-fmp-technicals-wpm-daily,2026-06-01,2026-04-25_FMP_Technicals_WPM_daily,,,,Entities,,2026-04-25_FMP_Technicals_WPM_daily,2026-04-25_FMP_Technicals_WPM_daily,entity,,,,,,,,,,,,,,,[],,,Entity
world:entity:2026-04-25-fmp-technicals-xoma-daily,2026-06-01,2026-04-25_FMP_Technicals_XOMA_daily,,,,Entities,,2026-04-25_FMP_Technicals_XOMA_daily,2026-04-25_FMP_Technicals_XOMA_daily,entity,,,,,,,,,,,,,,,[],,,Entity
world:entity:2026-04-25-fmp-thesis-watchlist-ai-power-defense-stack,2026-06-01,2026-04-25_FMP_Thesis_Watchlist_AI_Power_Defense_Stack,,,,Entities,,2026-04-25_FMP_Thesis_Watchlist_AI_Power_Defense_Stack,2026-04-25_FMP_Thesis_Watchlist_AI_Power_Defense_Stack,entity,,,,,,,,,,,,,,,[],,,Entity
world:entity:2026-04-25-fmp-thesis-watchlist-ai-power-infrastructure,2026-06-01,2026-04-25_FMP_Thesis_Watchlist_AI_Power_Infrastructure,,,,Entities,,2026-04-25_FMP_Thesis_Watchlist_AI_Power_Infrastructure,2026-04-25_FMP_Thesis_Watchlist_AI_Power_Infrastructure,entity,,,,,,,,,,,,,,,[],,,Entity
world:entity:2026-04-25-fmp-thesis-watchlist-alzheimer-s-disease-modification,2026-06-01,2026-04-25_FMP_Thesis_Watchlist_Alzheimer's_Disease_Modification,,,,Entities,,2026-04-25_FMP_Thesis_Watchlist_Alzheimer's_Disease_Modification,2026-04-25_FMP_Thesis_Watchlist_Alzheimer's_Disease_Modification,entity,,,,,,,,,,,,,,,[],,,Entity
world:entity:2026-04-25-fmp-thesis-watchlist-antimicrobial-resistance-pipeline,2026-06-01,2026-04-25_FMP_Thesis_Watchlist_Antimicrobial_Resistance_Pipeline,,,,Entities,,2026-04-25_FMP_Thesis_Watchlist_Antimicrobial_Resistance_Pipeline,2026-04-25_FMP_Thesis_Watchlist_Antimicrobial_Resistance_Pipeline,entity,,,,,,,,,,,,,,,[],,,Entity
world:entity:2026-04-25-fmp-thesis-watchlist-bioengineered-food-systems,2026-06-01,2026-04-25_FMP_Thesis_Watchlist_Bioengineered_Food_Systems,,,,Entities,,2026-04-25_FMP_Thesis_Watchlist_Bioengineered_Food_Systems,2026-04-25_FMP_Thesis_Watchlist_Bioengineered_Food_Systems,entity,,,,,,,,,,,,,,,[],,,Entity
world:entity:2026-04-25-fmp-thesis-watchlist-biosecurity-compute-convergence,2026-06-01,2026-04-25_FMP_Thesis_Watchlist_Biosecurity_Compute_Convergence,,,,Entities,,2026-04-25_FMP_Thesis_Watchlist_Biosecurity_Compute_Convergence,2026-04-25_FMP_Thesis_Watchlist_Biosecurity_Compute_Convergence,entity,,,,,,,,,,,,,,,[],,,Entity
world:entity:2026-04-25-fmp-thesis-watchlist-capital-raise-survivors-small-cap-inflection-basket,2026-06-01,2026-04-25_FMP_Thesis_Watchlist_Capital_Raise_Survivors_Small-Cap_Inflection_Basket,,,,Entities,,2026-04-25_FMP_Thesis_Watchlist_Capital_Raise_Survivors_Small-Cap_Inflection_Basket,2026-04-25_FMP_Thesis_Watchlist_Capital_Raise_Survivors_Small-Cap_Inflection_Basket,entity,,,,,,,,,,,,,,,[],,,Entity
world:entity:2026-04-25-fmp-thesis-watchlist-defense-ai-autonomous-warfare,2026-06-01,2026-04-25_FMP_Thesis_Watchlist_Defense_AI_&_Autonomous_Warfare,,,,Entities,,2026-04-25_FMP_Thesis_Watchlist_Defense_AI_&_Autonomous_Warfare,2026-04-25_FMP_Thesis_Watchlist_Defense_AI_&_Autonomous_Warfare,entity,,,,,,,,,,,,,,,[],,,Entity
world:entity:2026-04-25-fmp-thesis-watchlist-dollar-debasement-hard-money,2026-06-01,2026-04-25_FMP_Thesis_Watchlist_Dollar_Debasement_&_Hard_Money,,,,Entities,,2026-04-25_FMP_Thesis_Watchlist_Dollar_Debasement_&_Hard_Money,2026-04-25_FMP_Thesis_Watchlist_Dollar_Debasement_&_Hard_Money,entity,,,,,,,,,,,,,,,[],,,Entity
world:entity:2026-04-25-fmp-thesis-watchlist-drone-autonomous-systems-revolution,2026-06-01,2026-04-25_FMP_Thesis_Watchlist_Drone_&_Autonomous_Systems_Revolution,,,,Entities,,2026-04-25_FMP_Thesis_Watchlist_Drone_&_Autonomous_Systems_Revolution,2026-04-25_FMP_Thesis_Watchlist_Drone_&_Autonomous_Systems_Revolution,entity,,,,,,,,,,,,,,,[],,,Entity
world:entity:2026-04-25-fmp-thesis-watchlist-fiscal-scarcity-rearmament,2026-06-01,2026-04-25_FMP_Thesis_Watchlist_Fiscal_Scarcity_Rearmament,,,,Entities,,2026-04-25_FMP_Thesis_Watchlist_Fiscal_Scarcity_Rearmament,2026-04-25_FMP_Thesis_Watchlist_Fiscal_Scarcity_Rearmament,entity,,,,,,,,,,,,,,,[],,,Entity
world:entity:2026-04-25-fmp-thesis-watchlist-gene-editing-crispr-therapeutics,2026-06-01,2026-04-25_FMP_Thesis_Watchlist_Gene_Editing_&_CRISPR_Therapeutics,,,,Entities,,2026-04-25_FMP_Thesis_Watchlist_Gene_Editing_&_CRISPR_Therapeutics,2026-04-25_FMP_Thesis_Watchlist_Gene_Editing_&_CRISPR_Therapeutics,entity,,,,,,,,,,,,,,,[],,,Entity
world:entity:2026-04-25-fmp-thesis-watchlist-glp-1-metabolic-disease-revolution,2026-06-01,2026-04-25_FMP_Thesis_Watchlist_GLP-1_Metabolic_Disease_Revolution,,,,Entities,,2026-04-25_FMP_Thesis_Watchlist_GLP-1_Metabolic_Disease_Revolution,2026-04-25_FMP_Thesis_Watchlist_GLP-1_Metabolic_Disease_Revolution,entity,,,,,,,,,,,,,,,[],,,Entity
world:entity:2026-04-25-fmp-thesis-watchlist-grid-equipment-bottleneck,2026-06-01,2026-04-25_FMP_Thesis_Watchlist_Grid_Equipment_Bottleneck,,,,Entities,,2026-04-25_FMP_Thesis_Watchlist_Grid_Equipment_Bottleneck,2026-04-25_FMP_Thesis_Watchlist_Grid_Equipment_Bottleneck,entity,,,,,,,,,,,,,,,[],,,Entity
world:entity:2026-04-25-fmp-thesis-watchlist-grid-scale-battery-storage,2026-06-01,2026-04-25_FMP_Thesis_Watchlist_Grid-Scale_Battery_Storage,,,,Entities,,2026-04-25_FMP_Thesis_Watchlist_Grid-Scale_Battery_Storage,2026-04-25_FMP_Thesis_Watchlist_Grid-Scale_Battery_Storage,entity,,,,,,,,,,,,,,,[],,,Entity
world:entity:2026-04-25-fmp-thesis-watchlist-housing-supply-correction,2026-06-01,2026-04-25_FMP_Thesis_Watchlist_Housing_Supply_Correction,,,,Entities,,2026-04-25_FMP_Thesis_Watchlist_Housing_Supply_Correction,2026-04-25_FMP_Thesis_Watchlist_Housing_Supply_Correction,entity,,,,,,,,,,,,,,,[],,,Entity
world:entity:2026-04-25-fmp-thesis-watchlist-humanoid-robotics,2026-06-01,2026-04-25_FMP_Thesis_Watchlist_Humanoid_Robotics,,,,Entities,,2026-04-25_FMP_Thesis_Watchlist_Humanoid_Robotics,2026-04-25_FMP_Thesis_Watchlist_Humanoid_Robotics,entity,,,,,,,,,,,,,,,[],,,Entity
world:entity:2026-04-25-fmp-thesis-watchlist-hypersonic-weapons-advanced-defense-systems,2026-06-01,2026-04-25_FMP_Thesis_Watchlist_Hypersonic_Weapons_&_Advanced_Defense_Systems,,,,Entities,,2026-04-25_FMP_Thesis_Watchlist_Hypersonic_Weapons_&_Advanced_Defense_Systems,2026-04-25_FMP_Thesis_Watchlist_Hypersonic_Weapons_&_Advanced_Defense_Systems,entity,,,,,,,,,,,,,,,[],,,Entity
world:entity:2026-04-25-fmp-thesis-watchlist-longevity-aging-biology,2026-06-01,2026-04-25_FMP_Thesis_Watchlist_Longevity_&_Aging_Biology,,,,Entities,,2026-04-25_FMP_Thesis_Watchlist_Longevity_&_Aging_Biology,2026-04-25_FMP_Thesis_Watchlist_Longevity_&_Aging_Biology,entity,,,,,,,,,,,,,,,[],,,Entity
world:entity:2026-04-25-fmp-thesis-watchlist-nuclear-renaissance-small-modular-reactors,2026-06-01,2026-04-25_FMP_Thesis_Watchlist_Nuclear_Renaissance_&_Small_Modular_Reactors,,,,Entities,,2026-04-25_FMP_Thesis_Watchlist_Nuclear_Renaissance_&_Small_Modular_Reactors,2026-04-25_FMP_Thesis_Watchlist_Nuclear_Renaissance_&_Small_Modular_Reactors,entity,,,,,,,,,,,,,,,[],,,Entity
world:entity:2026-04-25-fmp-thesis-watchlist-psychedelic-mental-health-revolution,2026-06-01,2026-04-25_FMP_Thesis_Watchlist_Psychedelic_Mental_Health_Revolution,,,,Entities,,2026-04-25_FMP_Thesis_Watchlist_Psychedelic_Mental_Health_Revolution,2026-04-25_FMP_Thesis_Watchlist_Psychedelic_Mental_Health_Revolution,entity,,,,,,,,,,,,,,,[],,,Entity
world:entity:2026-04-25-fmp-thesis-watchlist-quantum-computing,2026-06-01,2026-04-25_FMP_Thesis_Watchlist_Quantum_Computing,,,,Entities,,2026-04-25_FMP_Thesis_Watchlist_Quantum_Computing,2026-04-25_FMP_Thesis_Watchlist_Quantum_Computing,entity,,,,,,,,,,,,,,,[],,,Entity
world:entity:2026-04-25-fmp-thesis-watchlist-semiconductor-sovereignty-chips-act,2026-06-01,2026-04-25_FMP_Thesis_Watchlist_Semiconductor_Sovereignty_&_CHIPS_Act,,,,Entities,,2026-04-25_FMP_Thesis_Watchlist_Semiconductor_Sovereignty_&_CHIPS_Act,2026-04-25_FMP_Thesis_Watchlist_Semiconductor_Sovereignty_&_CHIPS_Act,entity,,,,,,,,,,,,,,,[],,,Entity
world:entity:2026-04-25-fmp-thesis-watchlist-space-domain-awareness-commercial-space,2026-06-01,2026-04-25_FMP_Thesis_Watchlist_Space_Domain_Awareness_&_Commercial_Space,,,,Entities,,2026-04-25_FMP_Thesis_Watchlist_Space_Domain_Awareness_&_Commercial_Space,2026-04-25_FMP_Thesis_Watchlist_Space_Domain_Awareness_&_Commercial_Space,entity,,,,,,,,,,,,,,,[],,,Entity
world:entity:2026-04-27-fmp-earnings-calendar-thesis-watchlists,2026-06-01,2026-04-27_FMP_Earnings_Calendar_Thesis_Watchlists,,,,Entities,,2026-04-27_FMP_Earnings_Calendar_Thesis_Watchlists,2026-04-27_FMP_Earnings_Calendar_Thesis_Watchlists,entity,,,,,,,,,,,,,,,[],,,Entity
world:entity:2026-04-27-fmp-technicals-abbv-daily,2026-06-01,2026-04-27_FMP_Technicals_ABBV_daily,,,,Entities,,2026-04-27_FMP_Technicals_ABBV_daily,2026-04-27_FMP_Technicals_ABBV_daily,entity,,,,,,,,,,,,,,,[],,,Entity
world:entity:2026-04-27-fmp-technicals-acad-daily,2026-06-01,2026-04-27_FMP_Technicals_ACAD_daily,,,,Entities,,2026-04-27_FMP_Technicals_ACAD_daily,2026-04-27_FMP_Technicals_ACAD_daily,entity,,,,,,,,,,,,,,,[],,,Entity
world:entity:2026-04-27-fmp-technicals-achr-daily,2026-06-01,2026-04-27_FMP_Technicals_ACHR_daily,,,,Entities,,2026-04-27_FMP_Technicals_ACHR_daily,2026-04-27_FMP_Technicals_ACHR_daily,entity,,,,,,,,,,,,,,,[],,,Entity
world:entity:2026-04-27-fmp-technicals-adm-daily,2026-06-01,2026-04-27_FMP_Technicals_ADM_daily,,,,Entities,,2026-04-27_FMP_Technicals_ADM_daily,2026-04-27_FMP_Technicals_ADM_daily,entity,,,,,,,,,,,,,,,[],,,Entity
world:entity:2026-04-27-fmp-technicals-airo-daily,2026-06-01,2026-04-27_FMP_Technicals_AIRO_daily,,,,Entities,,2026-04-27_FMP_Technicals_AIRO_daily,2026-04-27_FMP_Technicals_AIRO_daily,entity,,,,,,,,,,,,,,,[],,,Entity
world:entity:2026-04-27-fmp-technicals-alks-daily,2026-06-01,2026-04-27_FMP_Technicals_ALKS_daily,,,,Entities,,2026-04-27_FMP_Technicals_ALKS_daily,2026-04-27_FMP_Technicals_ALKS_daily,entity,,,,,,,,,,,,,,,[],,,Entity
world:entity:2026-04-27-fmp-technicals-alvo-daily,2026-06-01,2026-04-27_FMP_Technicals_ALVO_daily,,,,Entities,,2026-04-27_FMP_Technicals_ALVO_daily,2026-04-27_FMP_Technicals_ALVO_daily,entity,,,,,,,,,,,,,,,[],,,Entity
world:entity:2026-04-27-fmp-technicals-amat-daily,2026-06-01,2026-04-27_FMP_Technicals_AMAT_daily,,,,Entities,,2026-04-27_FMP_Technicals_AMAT_daily,2026-04-27_FMP_Technicals_AMAT_daily,entity,,,,,,,,,,,,,,,[],,,Entity
world:entity:2026-04-27-fmp-technicals-amgn-daily,2026-06-01,2026-04-27_FMP_Technicals_AMGN_daily,,,,Entities,,2026-04-27_FMP_Technicals_AMGN_daily,2026-04-27_FMP_Technicals_AMGN_daily,entity,,,,,,,,,,,,,,,[],,,Entity
world:entity:2026-04-27-fmp-technicals-amsc-daily,2026-06-01,2026-04-27_FMP_Technicals_AMSC_daily,,,,Entities,,2026-04-27_FMP_Technicals_AMSC_daily,2026-04-27_FMP_Technicals_AMSC_daily,entity,,,,,,,,,,,,,,,[],,,Entity
world:entity:2026-04-27-fmp-technicals-amzn-daily,2026-06-01,2026-04-27_FMP_Technicals_AMZN_daily,,,,Entities,,2026-04-27_FMP_Technicals_AMZN_daily,2026-04-27_FMP_Technicals_AMZN_daily,entity,,,,,,,,,,,,,,,[],,,Entity
world:entity:2026-04-27-fmp-technicals-asts-daily,2026-06-01,2026-04-27_FMP_Technicals_ASTS_daily,,,,Entities,,2026-04-27_FMP_Technicals_ASTS_daily,2026-04-27_FMP_Technicals_ASTS_daily,entity,,,,,,,,,,,,,,,[],,,Entity
world:entity:2026-04-27-fmp-technicals-atai-daily,2026-06-01,2026-04-27_FMP_Technicals_ATAI_daily,,,,Entities,,2026-04-27_FMP_Technicals_ATAI_daily,2026-04-27_FMP_Technicals_ATAI_daily,entity,,,,,,,,,,,,,,,[],,,Entity
world:entity:2026-04-27-fmp-technicals-avav-daily,2026-06-01,2026-04-27_FMP_Technicals_AVAV_daily,,,,Entities,,2026-04-27_FMP_Technicals_AVAV_daily,2026-04-27_FMP_Technicals_AVAV_daily,entity,,,,,,,,,,,,,,,[],,,Entity
world:entity:2026-04-27-fmp-technicals-bah-daily,2026-06-01,2026-04-27_FMP_Technicals_BAH_daily,,,,Entities,,2026-04-27_FMP_Technicals_BAH_daily,2026-04-27_FMP_Technicals_BAH_daily,entity,,,,,,,,,,,,,,,[],,,Entity
world:entity:2026-04-27-fmp-technicals-bbai-daily,2026-06-01,2026-04-27_FMP_Technicals_BBAI_daily,,,,Entities,,2026-04-27_FMP_Technicals_BBAI_daily,2026-04-27_FMP_Technicals_BBAI_daily,entity,,,,,,,,,,,,,,,[],,,Entity
world:entity:2026-04-27-fmp-technicals-beam-daily,2026-06-01,2026-04-27_FMP_Technicals_BEAM_daily,,,,Entities,,2026-04-27_FMP_Technicals_BEAM_daily,2026-04-27_FMP_Technicals_BEAM_daily,entity,,,,,,,,,,,,,,,[],,,Entity
world:entity:2026-04-27-fmp-technicals-bg-daily,2026-06-01,2026-04-27_FMP_Technicals_BG_daily,,,,Entities,,2026-04-27_FMP_Technicals_BG_daily,2026-04-27_FMP_Technicals_BG_daily,entity,,,,,,,,,,,,,,,[],,,Entity
world:entity:2026-04-27-fmp-technicals-biib-daily,2026-06-01,2026-04-27_FMP_Technicals_BIIB_daily,,,,Entities,,2026-04-27_FMP_Technicals_BIIB_daily,2026-04-27_FMP_Technicals_BIIB_daily,entity,,,,,,,,,,,,,,,[],,,Entity
world:entity:2026-04-27-fmp-technicals-bksy-daily,2026-06-01,2026-04-27_FMP_Technicals_BKSY_daily,,,,Entities,,2026-04-27_FMP_Technicals_BKSY_daily,2026-04-27_FMP_Technicals_BKSY_daily,entity,,,,,,,,,,,,,,,[],,,Entity
world:entity:2026-04-27-fmp-technicals-brbr-daily,2026-06-01,2026-04-27_FMP_Technicals_BRBR_daily,,,,Entities,,2026-04-27_FMP_Technicals_BRBR_daily,2026-04-27_FMP_Technicals_BRBR_daily,entity,,,,,,,,,,,,,,,[],,,Entity
world:entity:2026-04-27-fmp-technicals-bw-daily,2026-06-01,2026-04-27_FMP_Technicals_BW_daily,,,,Entities,,2026-04-27_FMP_Technicals_BW_daily,2026-04-27_FMP_Technicals_BW_daily,entity,,,,,,,,,,,,,,,[],,,Entity
world:entity:2026-04-27-fmp-technicals-bynd-daily,2026-06-01,2026-04-27_FMP_Technicals_BYND_daily,,,,Entities,,2026-04-27_FMP_Technicals_BYND_daily,2026-04-27_FMP_Technicals_BYND_daily,entity,,,,,,,,,,,,,,,[],,,Entity
world:entity:2026-04-27-fmp-technicals-caci-daily,2026-06-01,2026-04-27_FMP_Technicals_CACI_daily,,,,Entities,,2026-04-27_FMP_Technicals_CACI_daily,2026-04-27_FMP_Technicals_CACI_daily,entity,,,,,,,,,,,,,,,[],,,Entity
world:entity:2026-04-27-fmp-technicals-ccj-daily,2026-06-01,2026-04-27_FMP_Technicals_CCJ_daily,,,,Entities,,2026-04-27_FMP_Technicals_CCJ_daily,2026-04-27_FMP_Technicals_CCJ_daily,entity,,,,,,,,,,,,,,,[],,,Entity
world:entity:2026-04-27-fmp-technicals-ceg-daily,2026-06-01,2026-04-27_FMP_Technicals_CEG_daily,,,,Entities,,2026-04-27_FMP_Technicals_CEG_daily,2026-04-27_FMP_Technicals_CEG_daily,entity,,,,,,,,,,,,,,,[],,,Entity
world:entity:2026-04-27-fmp-technicals-cmps-daily,2026-06-01,2026-04-27_FMP_Technicals_CMPS_daily,,,,Entities,,2026-04-27_FMP_Technicals_CMPS_daily,2026-04-27_FMP_Technicals_CMPS_daily,entity,,,,,,,,,,,,,,,[],,,Entity
world:entity:2026-04-27-fmp-technicals-coin-daily,2026-06-01,2026-04-27_FMP_Technicals_COIN_daily,,,,Entities,,2026-04-27_FMP_Technicals_COIN_daily,2026-04-27_FMP_Technicals_COIN_daily,entity,,,,,,,,,,,,,,,[],,,Entity
world:entity:2026-04-27-fmp-technicals-crsp-daily,2026-06-01,2026-04-27_FMP_Technicals_CRSP_daily,,,,Entities,,2026-04-27_FMP_Technicals_CRSP_daily,2026-04-27_FMP_Technicals_CRSP_daily,entity,,,,,,,,,,,,,,,[],,,Entity
world:entity:2026-04-27-fmp-technicals-ctva-daily,2026-06-01,2026-04-27_FMP_Technicals_CTVA_daily,,,,Entities,,2026-04-27_FMP_Technicals_CTVA_daily,2026-04-27_FMP_Technicals_CTVA_daily,entity,,,,,,,,,,,,,,,[],,,Entity
world:entity:2026-04-27-fmp-technicals-dftx-daily,2026-06-01,2026-04-27_FMP_Technicals_DFTX_daily,,,,Entities,,2026-04-27_FMP_Technicals_DFTX_daily,2026-04-27_FMP_Technicals_DFTX_daily,entity,,,,,,,,,,,,,,,[],,,Entity
world:entity:2026-04-27-fmp-technicals-dhi-daily,2026-06-01,2026-04-27_FMP_Technicals_DHI_daily,,,,Entities,,2026-04-27_FMP_Technicals_DHI_daily,2026-04-27_FMP_Technicals_DHI_daily,entity,,,,,,,,,,,,,,,[],,,Entity
world:entity:2026-04-27-fmp-technicals-dna-daily,2026-06-01,2026-04-27_FMP_Technicals_DNA_daily,,,,Entities,,2026-04-27_FMP_Technicals_DNA_daily,2026-04-27_FMP_Technicals_DNA_daily,entity,,,,,,,,,,,,,,,[],,,Entity
world:entity:2026-04-27-fmp-technicals-dpro-daily,2026-06-01,2026-04-27_FMP_Technicals_DPRO_daily,,,,Entities,,2026-04-27_FMP_Technicals_DPRO_daily,2026-04-27_FMP_Technicals_DPRO_daily,entity,,,,,,,,,,,,,,,[],,,Entity
world:entity:2026-04-27-fmp-technicals-ecpg-daily,2026-06-01,2026-04-27_FMP_Technicals_ECPG_daily,,,,Entities,,2026-04-27_FMP_Technicals_ECPG_daily,2026-04-27_FMP_Technicals_ECPG_daily,entity,,,,,,,,,,,,,,,[],,,Entity
world:entity:2026-04-27-fmp-technicals-edit-daily,2026-06-01,2026-04-27_FMP_Technicals_EDIT_daily,,,,Entities,,2026-04-27_FMP_Technicals_EDIT_daily,2026-04-27_FMP_Technicals_EDIT_daily,entity,,,,,,,,,,,,,,,[],,,Entity
world:entity:2026-04-27-fmp-technicals-eh-daily,2026-06-01,2026-04-27_FMP_Technicals_EH_daily,,,,Entities,,2026-04-27_FMP_Technicals_EH_daily,2026-04-27_FMP_Technicals_EH_daily,entity,,,,,,,,,,,,,,,[],,,Entity
world:entity:2026-04-27-fmp-technicals-envx-daily,2026-06-01,2026-04-27_FMP_Technicals_ENVX_daily,,,,Entities,,2026-04-27_FMP_Technicals_ENVX_daily,2026-04-27_FMP_Technicals_ENVX_daily,entity,,,,,,,,,,,,,,,[],,,Entity
world:entity:2026-04-27-fmp-technicals-eslt-daily,2026-06-01,2026-04-27_FMP_Technicals_ESLT_daily,,,,Entities,,2026-04-27_FMP_Technicals_ESLT_daily,2026-04-27_FMP_Technicals_ESLT_daily,entity,,,,,,,,,,,,,,,[],,,Entity
world:entity:2026-04-27-fmp-technicals-etn-daily,2026-06-01,2026-04-27_FMP_Technicals_ETN_daily,,,,Entities,,2026-04-27_FMP_Technicals_ETN_daily,2026-04-27_FMP_Technicals_ETN_daily,entity,,,,,,,,,,,,,,,[],,,Entity
world:entity:2026-04-27-fmp-technicals-evtl-daily,2026-06-01,2026-04-27_FMP_Technicals_EVTL_daily,,,,Entities,,2026-04-27_FMP_Technicals_EVTL_daily,2026-04-27_FMP_Technicals_EVTL_daily,entity,,,,,,,,,,,,,,,[],,,Entity
world:entity:2026-04-27-fmp-technicals-flnc-daily,2026-06-01,2026-04-27_FMP_Technicals_FLNC_daily,,,,Entities,,2026-04-27_FMP_Technicals_FLNC_daily,2026-04-27_FMP_Technicals_FLNC_daily,entity,,,,,,,,,,,,,,,[],,,Entity
world:entity:2026-04-27-fmp-technicals-fmc-daily,2026-06-01,2026-04-27_FMP_Technicals_FMC_daily,,,,Entities,,2026-04-27_FMP_Technicals_FMC_daily,2026-04-27_FMP_Technicals_FMC_daily,entity,,,,,,,,,,,,,,,[],,,Entity
world:entity:2026-04-27-fmp-technicals-gd-daily,2026-06-01,2026-04-27_FMP_Technicals_GD_daily,,,,Entities,,2026-04-27_FMP_Technicals_GD_daily,2026-04-27_FMP_Technicals_GD_daily,entity,,,,,,,,,,,,,,,[],,,Entity
world:entity:2026-04-27-fmp-technicals-gev-daily,2026-06-01,2026-04-27_FMP_Technicals_GEV_daily,,,,Entities,,2026-04-27_FMP_Technicals_GEV_daily,2026-04-27_FMP_Technicals_GEV_daily,entity,,,,,,,,,,,,,,,[],,,Entity
world:entity:2026-04-27-fmp-technicals-ghrs-daily,2026-06-01,2026-04-27_FMP_Technicals_GHRS_daily,,,,Entities,,2026-04-27_FMP_Technicals_GHRS_daily,2026-04-27_FMP_Technicals_GHRS_daily,entity,,,,,,,,,,,,,,,[],,,Entity
world:entity:2026-04-27-fmp-technicals-gold-daily,2026-06-01,2026-04-27_FMP_Technicals_GOLD_daily,,,,Entities,,2026-04-27_FMP_Technicals_GOLD_daily,2026-04-27_FMP_Technicals_GOLD_daily,entity,,,,,,,,,,,,,,,[],,,Entity
world:entity:2026-04-27-fmp-technicals-googl-daily,2026-06-01,2026-04-27_FMP_Technicals_GOOGL_daily,,,,Entities,,2026-04-27_FMP_Technicals_GOOGL_daily,2026-04-27_FMP_Technicals_GOOGL_daily,entity,,,,,,,,,,,,,,,[],,,Entity
world:entity:2026-04-27-fmp-technicals-help-daily,2026-06-01,2026-04-27_FMP_Technicals_HELP_daily,,,,Entities,,2026-04-27_FMP_Technicals_HELP_daily,2026-04-27_FMP_Technicals_HELP_daily,entity,,,,,,,,,,,,,,,[],,,Entity
world:entity:2026-04-27-fmp-technicals-hims-daily,2026-06-01,2026-04-27_FMP_Technicals_HIMS_daily,,,,Entities,,2026-04-27_FMP_Technicals_HIMS_daily,2026-04-27_FMP_Technicals_HIMS_daily,entity,,,,,,,,,,,,,,,[],,,Entity
world:entity:2026-04-27-fmp-technicals-hovr-daily,2026-06-01,2026-04-27_FMP_Technicals_HOVR_daily,,,,Entities,,2026-04-27_FMP_Technicals_HOVR_daily,2026-04-27_FMP_Technicals_HOVR_daily,entity,,,,,,,,,,,,,,,[],,,Entity
world:entity:2026-04-27-fmp-technicals-hubb-daily,2026-06-01,2026-04-27_FMP_Technicals_HUBB_daily,,,,Entities,,2026-04-27_FMP_Technicals_HUBB_daily,2026-04-27_FMP_Technicals_HUBB_daily,entity,,,,,,,,,,,,,,,[],,,Entity
world:entity:2026-04-27-fmp-technicals-iff-daily,2026-06-01,2026-04-27_FMP_Technicals_IFF_daily,,,,Entities,,2026-04-27_FMP_Technicals_IFF_daily,2026-04-27_FMP_Technicals_IFF_daily,entity,,,,,,,,,,,,,,,[],,,Entity
world:entity:2026-04-27-fmp-technicals-iipr-daily,2026-06-01,2026-04-27_FMP_Technicals_IIPR_daily,,,,Entities,,2026-04-27_FMP_Technicals_IIPR_daily,2026-04-27_FMP_Technicals_IIPR_daily,entity,,,,,,,,,,,,,,,[],,,Entity
world:entity:2026-04-27-fmp-technicals-inva-daily,2026-06-01,2026-04-27_FMP_Technicals_INVA_daily,,,,Entities,,2026-04-27_FMP_Technicals_INVA_daily,2026-04-27_FMP_Technicals_INVA_daily,entity,,,,,,,,,,,,,,,[],,,Entity
world:entity:2026-04-27-fmp-technicals-ionq-daily,2026-06-01,2026-04-27_FMP_Technicals_IONQ_daily,,,,Entities,,2026-04-27_FMP_Technicals_IONQ_daily,2026-04-27_FMP_Technicals_IONQ_daily,entity,,,,,,,,,,,,,,,[],,,Entity
world:entity:2026-04-27-fmp-technicals-jnj-daily,2026-06-01,2026-04-27_FMP_Technicals_JNJ_daily,,,,Entities,,2026-04-27_FMP_Technicals_JNJ_daily,2026-04-27_FMP_Technicals_JNJ_daily,entity,,,,,,,,,,,,,,,[],,,Entity
world:entity:2026-04-27-fmp-technicals-joby-daily,2026-06-01,2026-04-27_FMP_Technicals_JOBY_daily,,,,Entities,,2026-04-27_FMP_Technicals_JOBY_daily,2026-04-27_FMP_Technicals_JOBY_daily,entity,,,,,,,,,,,,,,,[],,,Entity
world:entity:2026-04-27-fmp-technicals-klac-daily,2026-06-01,2026-04-27_FMP_Technicals_KLAC_daily,,,,Entities,,2026-04-27_FMP_Technicals_KLAC_daily,2026-04-27_FMP_Technicals_KLAC_daily,entity,,,,,,,,,,,,,,,[],,,Entity
world:entity:2026-04-27-fmp-technicals-ktos-daily,2026-06-01,2026-04-27_FMP_Technicals_KTOS_daily,,,,Entities,,2026-04-27_FMP_Technicals_KTOS_daily,2026-04-27_FMP_Technicals_KTOS_daily,entity,,,,,,,,,,,,,,,[],,,Entity
world:entity:2026-04-27-fmp-technicals-ldos-daily,2026-06-01,2026-04-27_FMP_Technicals_LDOS_daily,,,,Entities,,2026-04-27_FMP_Technicals_LDOS_daily,2026-04-27_FMP_Technicals_LDOS_daily,entity,,,,,,,,,,,,,,,[],,,Entity
world:entity:2026-04-27-fmp-technicals-len-daily,2026-06-01,2026-04-27_FMP_Technicals_LEN_daily,,,,Entities,,2026-04-27_FMP_Technicals_LEN_daily,2026-04-27_FMP_Technicals_LEN_daily,entity,,,,,,,,,,,,,,,[],,,Entity
world:entity:2026-04-27-fmp-technicals-lhx-daily,2026-06-01,2026-04-27_FMP_Technicals_LHX_daily,,,,Entities,,2026-04-27_FMP_Technicals_LHX_daily,2026-04-27_FMP_Technicals_LHX_daily,entity,,,,,,,,,,,,,,,[],,,Entity
world:entity:2026-04-27-fmp-technicals-lly-daily,2026-06-01,2026-04-27_FMP_Technicals_LLY_daily,,,,Entities,,2026-04-27_FMP_Technicals_LLY_daily,2026-04-27_FMP_Technicals_LLY_daily,entity,,,,,,,,,,,,,,,[],,,Entity
world:entity:2026-04-27-fmp-technicals-lmt-daily,2026-06-01,2026-04-27_FMP_Technicals_LMT_daily,,,,Entities,,2026-04-27_FMP_Technicals_LMT_daily,2026-04-27_FMP_Technicals_LMT_daily,entity,,,,,,,,,,,,,,,[],,,Entity
world:entity:2026-04-27-fmp-technicals-lrcx-daily,2026-06-01,2026-04-27_FMP_Technicals_LRCX_daily,,,,Entities,,2026-04-27_FMP_Technicals_LRCX_daily,2026-04-27_FMP_Technicals_LRCX_daily,entity,,,,,,,,,,,,,,,[],,,Entity
world:entity:2026-04-27-fmp-technicals-mnts-daily,2026-06-01,2026-04-27_FMP_Technicals_MNTS_daily,,,,Entities,,2026-04-27_FMP_Technicals_MNTS_daily,2026-04-27_FMP_Technicals_MNTS_daily,entity,,,,,,,,,,,,,,,[],,,Entity
world:entity:2026-04-27-fmp-technicals-mrk-daily,2026-06-01,2026-04-27_FMP_Technicals_MRK_daily,,,,Entities,,2026-04-27_FMP_Technicals_MRK_daily,2026-04-27_FMP_Technicals_MRK_daily,entity,,,,,,,,,,,,,,,[],,,Entity
world:entity:2026-04-27-fmp-technicals-msft-daily,2026-06-01,2026-04-27_FMP_Technicals_MSFT_daily,,,,Entities,,2026-04-27_FMP_Technicals_MSFT_daily,2026-04-27_FMP_Technicals_MSFT_daily,entity,,,,,,,,,,,,,,,[],,,Entity
world:entity:2026-04-27-fmp-technicals-mstr-daily,2026-06-01,2026-04-27_FMP_Technicals_MSTR_daily,,,,Entities,,2026-04-27_FMP_Technicals_MSTR_daily,2026-04-27_FMP_Technicals_MSTR_daily,entity,,,,,,,,,,,,,,,[],,,Entity
world:entity:2026-04-27-fmp-technicals-mtz-daily,2026-06-01,2026-04-27_FMP_Technicals_MTZ_daily,,,,Entities,,2026-04-27_FMP_Technicals_MTZ_daily,2026-04-27_FMP_Technicals_MTZ_daily,entity,,,,,,,,,,,,,,,[],,,Entity
world:entity:2026-04-27-fmp-technicals-myrg-daily,2026-06-01,2026-04-27_FMP_Technicals_MYRG_daily,,,,Entities,,2026-04-27_FMP_Technicals_MYRG_daily,2026-04-27_FMP_Technicals_MYRG_daily,entity,,,,,,,,,,,,,,,[],,,Entity
world:entity:2026-04-27-fmp-technicals-nbix-daily,2026-06-01,2026-04-27_FMP_Technicals_NBIX_daily,,,,Entities,,2026-04-27_FMP_Technicals_NBIX_daily,2026-04-27_FMP_Technicals_NBIX_daily,entity,,,,,,,,,,,,,,,[],,,Entity
world:entity:2026-04-27-fmp-technicals-nem-daily,2026-06-01,2026-04-27_FMP_Technicals_NEM_daily,,,,Entities,,2026-04-27_FMP_Technicals_NEM_daily,2026-04-27_FMP_Technicals_NEM_daily,entity,,,,,,,,,,,,,,,[],,,Entity
world:entity:2026-04-27-fmp-technicals-nktr-daily,2026-06-01,2026-04-27_FMP_Technicals_NKTR_daily,,,,Entities,,2026-04-27_FMP_Technicals_NKTR_daily,2026-04-27_FMP_Technicals_NKTR_daily,entity,,,,,,,,,,,,,,,[],,,Entity
world:entity:2026-04-27-fmp-technicals-nne-daily,2026-06-01,2026-04-27_FMP_Technicals_NNE_daily,,,,Entities,,2026-04-27_FMP_Technicals_NNE_daily,2026-04-27_FMP_Technicals_NNE_daily,entity,,,,,,,,,,,,,,,[],,,Entity
world:entity:2026-04-27-fmp-technicals-noc-daily,2026-06-01,2026-04-27_FMP_Technicals_NOC_daily,,,,Entities,,2026-04-27_FMP_Technicals_NOC_daily,2026-04-27_FMP_Technicals_NOC_daily,entity,,,,,,,,,,,,,,,[],,,Entity
world:entity:2026-04-27-fmp-technicals-nrg-daily,2026-06-01,2026-04-27_FMP_Technicals_NRG_daily,,,,Entities,,2026-04-27_FMP_Technicals_NRG_daily,2026-04-27_FMP_Technicals_NRG_daily,entity,,,,,,,,,,,,,,,[],,,Entity
world:entity:2026-04-27-fmp-technicals-ntla-daily,2026-06-01,2026-04-27_FMP_Technicals_NTLA_daily,,,,Entities,,2026-04-27_FMP_Technicals_NTLA_daily,2026-04-27_FMP_Technicals_NTLA_daily,entity,,,,,,,,,,,,,,,[],,,Entity
world:entity:2026-04-27-fmp-technicals-nvda-daily,2026-06-01,2026-04-27_FMP_Technicals_NVDA_daily,,,,Entities,,2026-04-27_FMP_Technicals_NVDA_daily,2026-04-27_FMP_Technicals_NVDA_daily,entity,,,,,,,,,,,,,,,[],,,Entity
world:entity:2026-04-27-fmp-technicals-nvr-daily,2026-06-01,2026-04-27_FMP_Technicals_NVR_daily,,,,Entities,,2026-04-27_FMP_Technicals_NVR_daily,2026-04-27_FMP_Technicals_NVR_daily,entity,,,,,,,,,,,,,,,[],,,Entity
world:entity:2026-04-27-fmp-technicals-oklo-daily,2026-06-01,2026-04-27_FMP_Technicals_OKLO_daily,,,,Entities,,2026-04-27_FMP_Technicals_OKLO_daily,2026-04-27_FMP_Technicals_OKLO_daily,entity,,,,,,,,,,,,,,,[],,,Entity
world:entity:2026-04-27-fmp-technicals-on-daily,2026-06-01,2026-04-27_FMP_Technicals_ON_daily,,,,Entities,,2026-04-27_FMP_Technicals_ON_daily,2026-04-27_FMP_Technicals_ON_daily,entity,,,,,,,,,,,,,,,[],,,Entity
world:entity:2026-04-27-fmp-technicals-onds-daily,2026-06-01,2026-04-27_FMP_Technicals_ONDS_daily,,,,Entities,,2026-04-27_FMP_Technicals_ONDS_daily,2026-04-27_FMP_Technicals_ONDS_daily,entity,,,,,,,,,,,,,,,[],,,Entity
world:entity:2026-04-27-fmp-technicals-onto-daily,2026-06-01,2026-04-27_FMP_Technicals_ONTO_daily,,,,Entities,,2026-04-27_FMP_Technicals_ONTO_daily,2026-04-27_FMP_Technicals_ONTO_daily,entity,,,,,,,,,,,,,,,[],,,Entity
world:entity:2026-04-27-fmp-technicals-pdfs-daily,2026-06-01,2026-04-27_FMP_Technicals_PDFS_daily,,,,Entities,,2026-04-27_FMP_Technicals_PDFS_daily,2026-04-27_FMP_Technicals_PDFS_daily,entity,,,,,,,,,,,,,,,[],,,Entity
world:entity:2026-04-27-fmp-technicals-pfe-daily,2026-06-01,2026-04-27_FMP_Technicals_PFE_daily,,,,Entities,,2026-04-27_FMP_Technicals_PFE_daily,2026-04-27_FMP_Technicals_PFE_daily,entity,,,,,,,,,,,,,,,[],,,Entity
world:entity:2026-04-27-fmp-technicals-pl-daily,2026-06-01,2026-04-27_FMP_Technicals_PL_daily,,,,Entities,,2026-04-27_FMP_Technicals_PL_daily,2026-04-27_FMP_Technicals_PL_daily,entity,,,,,,,,,,,,,,,[],,,Entity
world:entity:2026-04-27-fmp-technicals-pltr-daily,2026-06-01,2026-04-27_FMP_Technicals_PLTR_daily,,,,Entities,,2026-04-27_FMP_Technicals_PLTR_daily,2026-04-27_FMP_Technicals_PLTR_daily,entity,,,,,,,,,,,,,,,[],,,Entity
world:entity:2026-04-27-fmp-technicals-powl-daily,2026-06-01,2026-04-27_FMP_Technicals_POWL_daily,,,,Entities,,2026-04-27_FMP_Technicals_POWL_daily,2026-04-27_FMP_Technicals_POWL_daily,entity,,,,,,,,,,,,,,,[],,,Entity
world:entity:2026-04-27-fmp-technicals-ppih-daily,2026-06-01,2026-04-27_FMP_Technicals_PPIH_daily,,,,Entities,,2026-04-27_FMP_Technicals_PPIH_daily,2026-04-27_FMP_Technicals_PPIH_daily,entity,,,,,,,,,,,,,,,[],,,Entity
world:entity:2026-04-27-fmp-technicals-prks-daily,2026-06-01,2026-04-27_FMP_Technicals_PRKS_daily,,,,Entities,,2026-04-27_FMP_Technicals_PRKS_daily,2026-04-27_FMP_Technicals_PRKS_daily,entity,,,,,,,,,,,,,,,[],,,Entity
world:entity:2026-04-27-fmp-technicals-prta-daily,2026-06-01,2026-04-27_FMP_Technicals_PRTA_daily,,,,Entities,,2026-04-27_FMP_Technicals_PRTA_daily,2026-04-27_FMP_Technicals_PRTA_daily,entity,,,,,,,,,,,,,,,[],,,Entity
world:entity:2026-04-27-fmp-technicals-psil-daily,2026-06-01,2026-04-27_FMP_Technicals_PSIL_daily,,,,Entities,,2026-04-27_FMP_Technicals_PSIL_daily,2026-04-27_FMP_Technicals_PSIL_daily,entity,,,,,,,,,,,,,,,[],,,Entity
world:entity:2026-04-27-fmp-technicals-pwr-daily,2026-06-01,2026-04-27_FMP_Technicals_PWR_daily,,,,Entities,,2026-04-27_FMP_Technicals_PWR_daily,2026-04-27_FMP_Technicals_PWR_daily,entity,,,,,,,,,,,,,,,[],,,Entity
world:entity:2026-04-27-fmp-technicals-qubt-daily,2026-06-01,2026-04-27_FMP_Technicals_QUBT_daily,,,,Entities,,2026-04-27_FMP_Technicals_QUBT_daily,2026-04-27_FMP_Technicals_QUBT_daily,entity,,,,,,,,,,,,,,,[],,,Entity
world:entity:2026-04-27-fmp-technicals-rcat-daily,2026-06-01,2026-04-27_FMP_Technicals_RCAT_daily,,,,Entities,,2026-04-27_FMP_Technicals_RCAT_daily,2026-04-27_FMP_Technicals_RCAT_daily,entity,,,,,,,,,,,,,,,[],,,Entity
world:entity:2026-04-27-fmp-technicals-rgti-daily,2026-06-01,2026-04-27_FMP_Technicals_RGTI_daily,,,,Entities,,2026-04-27_FMP_Technicals_RGTI_daily,2026-04-27_FMP_Technicals_RGTI_daily,entity,,,,,,,,,,,,,,,[],,,Entity
world:entity:2026-04-27-fmp-technicals-rklb-daily,2026-06-01,2026-04-27_FMP_Technicals_RKLB_daily,,,,Entities,,2026-04-27_FMP_Technicals_RKLB_daily,2026-04-27_FMP_Technicals_RKLB_daily,entity,,,,,,,,,,,,,,,[],,,Entity
world:entity:2026-04-27-fmp-technicals-rprx-daily,2026-06-01,2026-04-27_FMP_Technicals_RPRX_daily,,,,Entities,,2026-04-27_FMP_Technicals_RPRX_daily,2026-04-27_FMP_Technicals_RPRX_daily,entity,,,,,,,,,,,,,,,[],,,Entity
world:entity:2026-04-27-fmp-technicals-rtx-daily,2026-06-01,2026-04-27_FMP_Technicals_RTX_daily,,,,Entities,,2026-04-27_FMP_Technicals_RTX_daily,2026-04-27_FMP_Technicals_RTX_daily,entity,,,,,,,,,,,,,,,[],,,Entity
world:entity:2026-04-27-fmp-technicals-saic-daily,2026-06-01,2026-04-27_FMP_Technicals_SAIC_daily,,,,Entities,,2026-04-27_FMP_Technicals_SAIC_daily,2026-04-27_FMP_Technicals_SAIC_daily,entity,,,,,,,,,,,,,,,[],,,Entity
world:entity:2026-04-27-fmp-technicals-sky-daily,2026-06-01,2026-04-27_FMP_Technicals_SKY_daily,,,,Entities,,2026-04-27_FMP_Technicals_SKY_daily,2026-04-27_FMP_Technicals_SKY_daily,entity,,,,,,,,,,,,,,,[],,,Entity
world:entity:2026-04-27-fmp-technicals-smr-daily,2026-06-01,2026-04-27_FMP_Technicals_SMR_daily,,,,Entities,,2026-04-27_FMP_Technicals_SMR_daily,2026-04-27_FMP_Technicals_SMR_daily,entity,,,,,,,,,,,,,,,[],,,Entity
world:entity:2026-04-27-fmp-technicals-spir-daily,2026-06-01,2026-04-27_FMP_Technicals_SPIR_daily,,,,Entities,,2026-04-27_FMP_Technicals_SPIR_daily,2026-04-27_FMP_Technicals_SPIR_daily,entity,,,,,,,,,,,,,,,[],,,Entity
world:entity:2026-04-27-fmp-technicals-spro-daily,2026-06-01,2026-04-27_FMP_Technicals_SPRO_daily,,,,Entities,,2026-04-27_FMP_Technicals_SPRO_daily,2026-04-27_FMP_Technicals_SPRO_daily,entity,,,,,,,,,,,,,,,[],,,Entity
world:entity:2026-04-27-fmp-technicals-stem-daily,2026-06-01,2026-04-27_FMP_Technicals_STEM_daily,,,,Entities,,2026-04-27_FMP_Technicals_STEM_daily,2026-04-27_FMP_Technicals_STEM_daily,entity,,,,,,,,,,,,,,,[],,,Entity
world:entity:2026-04-27-fmp-technicals-strl-daily,2026-06-01,2026-04-27_FMP_Technicals_STRL_daily,,,,Entities,,2026-04-27_FMP_Technicals_STRL_daily,2026-04-27_FMP_Technicals_STRL_daily,entity,,,,,,,,,,,,,,,[],,,Entity
world:entity:2026-04-27-fmp-technicals-tdy-daily,2026-06-01,2026-04-27_FMP_Technicals_TDY_daily,,,,Entities,,2026-04-27_FMP_Technicals_TDY_daily,2026-04-27_FMP_Technicals_TDY_daily,entity,,,,,,,,,,,,,,,[],,,Entity
world:entity:2026-04-27-fmp-technicals-tmhc-daily,2026-06-01,2026-04-27_FMP_Technicals_TMHC_daily,,,,Entities,,2026-04-27_FMP_Technicals_TMHC_daily,2026-04-27_FMP_Technicals_TMHC_daily,entity,,,,,,,,,,,,,,,[],,,Entity
world:entity:2026-04-27-fmp-technicals-tmo-daily,2026-06-01,2026-04-27_FMP_Technicals_TMO_daily,,,,Entities,,2026-04-27_FMP_Technicals_TMO_daily,2026-04-27_FMP_Technicals_TMO_daily,entity,,,,,,,,,,,,,,,[],,,Entity
world:entity:2026-04-27-fmp-technicals-tnc-daily,2026-06-01,2026-04-27_FMP_Technicals_TNC_daily,,,,Entities,,2026-04-27_FMP_Technicals_TNC_daily,2026-04-27_FMP_Technicals_TNC_daily,entity,,,,,,,,,,,,,,,[],,,Entity
world:entity:2026-04-27-fmp-technicals-tol-daily,2026-06-01,2026-04-27_FMP_Technicals_TOL_daily,,,,Entities,,2026-04-27_FMP_Technicals_TOL_daily,2026-04-27_FMP_Technicals_TOL_daily,entity,,,,,,,,,,,,,,,[],,,Entity
world:entity:2026-04-27-fmp-technicals-tsla-daily,2026-06-01,2026-04-27_FMP_Technicals_TSLA_daily,,,,Entities,,2026-04-27_FMP_Technicals_TSLA_daily,2026-04-27_FMP_Technicals_TSLA_daily,entity,,,,,,,,,,,,,,,[],,,Entity
world:entity:2026-04-27-fmp-technicals-tsn-daily,2026-06-01,2026-04-27_FMP_Technicals_TSN_daily,,,,Entities,,2026-04-27_FMP_Technicals_TSN_daily,2026-04-27_FMP_Technicals_TSN_daily,entity,,,,,,,,,,,,,,,[],,,Entity
world:entity:2026-04-27-fmp-technicals-twst-daily,2026-06-01,2026-04-27_FMP_Technicals_TWST_daily,,,,Entities,,2026-04-27_FMP_Technicals_TWST_daily,2026-04-27_FMP_Technicals_TWST_daily,entity,,,,,,,,,,,,,,,[],,,Entity
world:entity:2026-04-27-fmp-technicals-txt-daily,2026-06-01,2026-04-27_FMP_Technicals_TXT_daily,,,,Entities,,2026-04-27_FMP_Technicals_TXT_daily,2026-04-27_FMP_Technicals_TXT_daily,entity,,,,,,,,,,,,,,,[],,,Entity
world:entity:2026-04-27-fmp-technicals-ufpt-daily,2026-06-01,2026-04-27_FMP_Technicals_UFPT_daily,,,,Entities,,2026-04-27_FMP_Technicals_UFPT_daily,2026-04-27_FMP_Technicals_UFPT_daily,entity,,,,,,,,,,,,,,,[],,,Entity
world:entity:2026-04-27-fmp-technicals-umac-daily,2026-06-01,2026-04-27_FMP_Technicals_UMAC_daily,,,,Entities,,2026-04-27_FMP_Technicals_UMAC_daily,2026-04-27_FMP_Technicals_UMAC_daily,entity,,,,,,,,,,,,,,,[],,,Entity
world:entity:2026-04-27-fmp-technicals-unty-daily,2026-06-01,2026-04-27_FMP_Technicals_UNTY_daily,,,,Entities,,2026-04-27_FMP_Technicals_UNTY_daily,2026-04-27_FMP_Technicals_UNTY_daily,entity,,,,,,,,,,,,,,,[],,,Entity
world:entity:2026-04-27-fmp-technicals-vktx-daily,2026-06-01,2026-04-27_FMP_Technicals_VKTX_daily,,,,Entities,,2026-04-27_FMP_Technicals_VKTX_daily,2026-04-27_FMP_Technicals_VKTX_daily,entity,,,,,,,,,,,,,,,[],,,Entity
world:entity:2026-04-27-fmp-technicals-vst-daily,2026-06-01,2026-04-27_FMP_Technicals_VST_daily,,,,Entities,,2026-04-27_FMP_Technicals_VST_daily,2026-04-27_FMP_Technicals_VST_daily,entity,,,,,,,,,,,,,,,[],,,Entity
world:entity:2026-04-27-fmp-technicals-wcc-daily,2026-06-01,2026-04-27_FMP_Technicals_WCC_daily,,,,Entities,,2026-04-27_FMP_Technicals_WCC_daily,2026-04-27_FMP_Technicals_WCC_daily,entity,,,,,,,,,,,,,,,[],,,Entity
world:entity:2026-04-27-fmp-technicals-wolf-daily,2026-06-01,2026-04-27_FMP_Technicals_WOLF_daily,,,,Entities,,2026-04-27_FMP_Technicals_WOLF_daily,2026-04-27_FMP_Technicals_WOLF_daily,entity,,,,,,,,,,,,,,,[],,,Entity
world:entity:2026-04-27-fmp-technicals-wpm-daily,2026-06-01,2026-04-27_FMP_Technicals_WPM_daily,,,,Entities,,2026-04-27_FMP_Technicals_WPM_daily,2026-04-27_FMP_Technicals_WPM_daily,entity,,,,,,,,,,,,,,,[],,,Entity
world:entity:2026-04-27-fmp-technicals-xoma-daily,2026-06-01,2026-04-27_FMP_Technicals_XOMA_daily,,,,Entities,,2026-04-27_FMP_Technicals_XOMA_daily,2026-04-27_FMP_Technicals_XOMA_daily,entity,,,,,,,,,,,,,,,[],,,Entity
world:entity:2026-04-28-agent-analysis-amzn,2026-06-01,2026-04-28_Agent_Analysis_AMZN,,,,Entities,,2026-04-28_Agent_Analysis_AMZN,2026-04-28_Agent_Analysis_AMZN,entity,,,,,,,,,,,,,,,[],,,Entity
world:entity:2026-04-28-agent-analysis-etn,2026-06-01,2026-04-28_Agent_Analysis_ETN,,,,Entities,,2026-04-28_Agent_Analysis_ETN,2026-04-28_Agent_Analysis_ETN,entity,,,,,,,,,,,,,,,[],,,Entity
world:entity:2026-04-28-agent-analysis-gev,2026-06-01,2026-04-28_Agent_Analysis_GEV,,,,Entities,,2026-04-28_Agent_Analysis_GEV,2026-04-28_Agent_Analysis_GEV,entity,,,,,,,,,,,,,,,[],,,Entity
world:entity:2026-04-28-agent-analysis-msft,2026-06-01,2026-04-28_Agent_Analysis_MSFT,,,,Entities,,2026-04-28_Agent_Analysis_MSFT,2026-04-28_Agent_Analysis_MSFT,entity,,,,,,,,,,,,,,,[],,,Entity
world:entity:2026-04-28-agent-analysis-nrg,2026-06-01,2026-04-28_Agent_Analysis_NRG,,,,Entities,,2026-04-28_Agent_Analysis_NRG,2026-04-28_Agent_Analysis_NRG,entity,,,,,,,,,,,,,,,[],,,Entity
world:entity:2026-04-28-agent-analysis-pltr,2026-06-01,2026-04-28_Agent_Analysis_PLTR,,,,Entities,,2026-04-28_Agent_Analysis_PLTR,2026-04-28_Agent_Analysis_PLTR,entity,,,,,,,,,,,,,,,[],,,Entity
world:entity:2026-04-28-agent-analysis-strl,2026-06-01,2026-04-28_Agent_Analysis_STRL,,,,Entities,,2026-04-28_Agent_Analysis_STRL,2026-04-28_Agent_Analysis_STRL,entity,,,,,,,,,,,,,,,[],,,Entity
world:entity:2026-04-28-agent-analysis-vst,2026-06-01,2026-04-28_Agent_Analysis_VST,,,,Entities,,2026-04-28_Agent_Analysis_VST,2026-04-28_Agent_Analysis_VST,entity,,,,,,,,,,,,,,,[],,,Entity
world:entity:2026-04-28-fmp-earnings-calendar-thesis-watchlists,2026-06-01,2026-04-28_FMP_Earnings_Calendar_Thesis_Watchlists,,,,Entities,,2026-04-28_FMP_Earnings_Calendar_Thesis_Watchlists,2026-04-28_FMP_Earnings_Calendar_Thesis_Watchlists,entity,,,,,,,,,,,,,,,[],,,Entity
world:entity:2026-04-28-fmp-technicals-aapl-daily,2026-06-01,2026-04-28_FMP_Technicals_AAPL_daily,,,,Entities,,2026-04-28_FMP_Technicals_AAPL_daily,2026-04-28_FMP_Technicals_AAPL_daily,entity,,,,,,,,,,,,,,,[],,,Entity
world:entity:2026-04-28-fmp-technicals-abbv-daily,2026-06-01,2026-04-28_FMP_Technicals_ABBV_daily,,,,Entities,,2026-04-28_FMP_Technicals_ABBV_daily,2026-04-28_FMP_Technicals_ABBV_daily,entity,,,,,,,,,,,,,,,[],,,Entity
world:entity:2026-04-28-fmp-technicals-abt-daily,2026-06-01,2026-04-28_FMP_Technicals_ABT_daily,,,,Entities,,2026-04-28_FMP_Technicals_ABT_daily,2026-04-28_FMP_Technicals_ABT_daily,entity,,,,,,,,,,,,,,,[],,,Entity
world:entity:2026-04-28-fmp-technicals-acad-daily,2026-06-01,2026-04-28_FMP_Technicals_ACAD_daily,,,,Entities,,2026-04-28_FMP_Technicals_ACAD_daily,2026-04-28_FMP_Technicals_ACAD_daily,entity,,,,,,,,,,,,,,,[],,,Entity
world:entity:2026-04-28-fmp-technicals-achr-daily,2026-06-01,2026-04-28_FMP_Technicals_ACHR_daily,,,,Entities,,2026-04-28_FMP_Technicals_ACHR_daily,2026-04-28_FMP_Technicals_ACHR_daily,entity,,,,,,,,,,,,,,,[],,,Entity
world:entity:2026-04-28-fmp-technicals-adbe-daily,2026-06-01,2026-04-28_FMP_Technicals_ADBE_daily,,,,Entities,,2026-04-28_FMP_Technicals_ADBE_daily,2026-04-28_FMP_Technicals_ADBE_daily,entity,,,,,,,,,,,,,,,[],,,Entity
world:entity:2026-04-28-fmp-technicals-adm-daily,2026-06-01,2026-04-28_FMP_Technicals_ADM_daily,,,,Entities,,2026-04-28_FMP_Technicals_ADM_daily,2026-04-28_FMP_Technicals_ADM_daily,entity,,,,,,,,,,,,,,,[],,,Entity
world:entity:2026-04-28-fmp-technicals-aep-daily,2026-06-01,2026-04-28_FMP_Technicals_AEP_daily,,,,Entities,,2026-04-28_FMP_Technicals_AEP_daily,2026-04-28_FMP_Technicals_AEP_daily,entity,,,,,,,,,,,,,,,[],,,Entity
world:entity:2026-04-28-fmp-technicals-airo-daily,2026-06-01,2026-04-28_FMP_Technicals_AIRO_daily,,,,Entities,,2026-04-28_FMP_Technicals_AIRO_daily,2026-04-28_FMP_Technicals_AIRO_daily,entity,,,,,,,,,,,,,,,[],,,Entity
world:entity:2026-04-28-fmp-technicals-alb-daily,2026-06-01,2026-04-28_FMP_Technicals_ALB_daily,,,,Entities,,2026-04-28_FMP_Technicals_ALB_daily,2026-04-28_FMP_Technicals_ALB_daily,entity,,,,,,,,,,,,,,,[],,,Entity
world:entity:2026-04-28-fmp-technicals-alks-daily,2026-06-01,2026-04-28_FMP_Technicals_ALKS_daily,,,,Entities,,2026-04-28_FMP_Technicals_ALKS_daily,2026-04-28_FMP_Technicals_ALKS_daily,entity,,,,,,,,,,,,,,,[],,,Entity
world:entity:2026-04-28-fmp-technicals-alvo-daily,2026-06-01,2026-04-28_FMP_Technicals_ALVO_daily,,,,Entities,,2026-04-28_FMP_Technicals_ALVO_daily,2026-04-28_FMP_Technicals_ALVO_daily,entity,,,,,,,,,,,,,,,[],,,Entity
world:entity:2026-04-28-fmp-technicals-amat-daily,2026-06-01,2026-04-28_FMP_Technicals_AMAT_daily,,,,Entities,,2026-04-28_FMP_Technicals_AMAT_daily,2026-04-28_FMP_Technicals_AMAT_daily,entity,,,,,,,,,,,,,,,[],,,Entity
world:entity:2026-04-28-fmp-technicals-amd-daily,2026-06-01,2026-04-28_FMP_Technicals_AMD_daily,,,,Entities,,2026-04-28_FMP_Technicals_AMD_daily,2026-04-28_FMP_Technicals_AMD_daily,entity,,,,,,,,,,,,,,,[],,,Entity
world:entity:2026-04-28-fmp-technicals-amgn-daily,2026-06-01,2026-04-28_FMP_Technicals_AMGN_daily,,,,Entities,,2026-04-28_FMP_Technicals_AMGN_daily,2026-04-28_FMP_Technicals_AMGN_daily,entity,,,,,,,,,,,,,,,[],,,Entity
world:entity:2026-04-28-fmp-technicals-amsc-daily,2026-06-01,2026-04-28_FMP_Technicals_AMSC_daily,,,,Entities,,2026-04-28_FMP_Technicals_AMSC_daily,2026-04-28_FMP_Technicals_AMSC_daily,entity,,,,,,,,,,,,,,,[],,,Entity
world:entity:2026-04-28-fmp-technicals-amt-daily,2026-06-01,2026-04-28_FMP_Technicals_AMT_daily,,,,Entities,,2026-04-28_FMP_Technicals_AMT_daily,2026-04-28_FMP_Technicals_AMT_daily,entity,,,,,,,,,,,,,,,[],,,Entity
world:entity:2026-04-28-fmp-technicals-amzn-daily,2026-06-01,2026-04-28_FMP_Technicals_AMZN_daily,,,,Entities,,2026-04-28_FMP_Technicals_AMZN_daily,2026-04-28_FMP_Technicals_AMZN_daily,entity,,,,,,,,,,,,,,,[],,,Entity
world:entity:2026-04-28-fmp-technicals-apd-daily,2026-06-01,2026-04-28_FMP_Technicals_APD_daily,,,,Entities,,2026-04-28_FMP_Technicals_APD_daily,2026-04-28_FMP_Technicals_APD_daily,entity,,,,,,,,,,,,,,,[],,,Entity
world:entity:2026-04-28-fmp-technicals-asts-daily,2026-06-01,2026-04-28_FMP_Technicals_ASTS_daily,,,,Entities,,2026-04-28_FMP_Technicals_ASTS_daily,2026-04-28_FMP_Technicals_ASTS_daily,entity,,,,,,,,,,,,,,,[],,,Entity
world:entity:2026-04-28-fmp-technicals-atai-daily,2026-06-01,2026-04-28_FMP_Technicals_ATAI_daily,,,,Entities,,2026-04-28_FMP_Technicals_ATAI_daily,2026-04-28_FMP_Technicals_ATAI_daily,entity,,,,,,,,,,,,,,,[],,,Entity
world:entity:2026-04-28-fmp-technicals-avav-daily,2026-06-01,2026-04-28_FMP_Technicals_AVAV_daily,,,,Entities,,2026-04-28_FMP_Technicals_AVAV_daily,2026-04-28_FMP_Technicals_AVAV_daily,entity,,,,,,,,,,,,,,,[],,,Entity
world:entity:2026-04-28-fmp-technicals-avb-daily,2026-06-01,2026-04-28_FMP_Technicals_AVB_daily,,,,Entities,,2026-04-28_FMP_Technicals_AVB_daily,2026-04-28_FMP_Technicals_AVB_daily,entity,,,,,,,,,,,,,,,[],,,Entity
world:entity:2026-04-28-fmp-technicals-avgo-daily,2026-06-01,2026-04-28_FMP_Technicals_AVGO_daily,,,,Entities,,2026-04-28_FMP_Technicals_AVGO_daily,2026-04-28_FMP_Technicals_AVGO_daily,entity,,,,,,,,,,,,,,,[],,,Entity
world:entity:2026-04-28-fmp-technicals-axon-daily,2026-06-01,2026-04-28_FMP_Technicals_AXON_daily,,,,Entities,,2026-04-28_FMP_Technicals_AXON_daily,2026-04-28_FMP_Technicals_AXON_daily,entity,,,,,,,,,,,,,,,[],,,Entity
world:entity:2026-04-28-fmp-technicals-axp-daily,2026-06-01,2026-04-28_FMP_Technicals_AXP_daily,,,,Entities,,2026-04-28_FMP_Technicals_AXP_daily,2026-04-28_FMP_Technicals_AXP_daily,entity,,,,,,,,,,,,,,,[],,,Entity
world:entity:2026-04-28-fmp-technicals-ba-daily,2026-06-01,2026-04-28_FMP_Technicals_BA_daily,,,,Entities,,2026-04-28_FMP_Technicals_BA_daily,2026-04-28_FMP_Technicals_BA_daily,entity,,,,,,,,,,,,,,,[],,,Entity
world:entity:2026-04-28-fmp-technicals-bac-daily,2026-06-01,2026-04-28_FMP_Technicals_BAC_daily,,,,Entities,,2026-04-28_FMP_Technicals_BAC_daily,2026-04-28_FMP_Technicals_BAC_daily,entity,,,,,,,,,,,,,,,[],,,Entity
world:entity:2026-04-28-fmp-technicals-bah-daily,2026-06-01,2026-04-28_FMP_Technicals_BAH_daily,,,,Entities,,2026-04-28_FMP_Technicals_BAH_daily,2026-04-28_FMP_Technicals_BAH_daily,entity,,,,,,,,,,,,,,,[],,,Entity
world:entity:2026-04-28-fmp-technicals-bbai-daily,2026-06-01,2026-04-28_FMP_Technicals_BBAI_daily,,,,Entities,,2026-04-28_FMP_Technicals_BBAI_daily,2026-04-28_FMP_Technicals_BBAI_daily,entity,,,,,,,,,,,,,,,[],,,Entity
world:entity:2026-04-28-fmp-technicals-beam-daily,2026-06-01,2026-04-28_FMP_Technicals_BEAM_daily,,,,Entities,,2026-04-28_FMP_Technicals_BEAM_daily,2026-04-28_FMP_Technicals_BEAM_daily,entity,,,,,,,,,,,,,,,[],,,Entity
world:entity:2026-04-28-fmp-technicals-bg-daily,2026-06-01,2026-04-28_FMP_Technicals_BG_daily,,,,Entities,,2026-04-28_FMP_Technicals_BG_daily,2026-04-28_FMP_Technicals_BG_daily,entity,,,,,,,,,,,,,,,[],,,Entity
world:entity:2026-04-28-fmp-technicals-biib-daily,2026-06-01,2026-04-28_FMP_Technicals_BIIB_daily,,,,Entities,,2026-04-28_FMP_Technicals_BIIB_daily,2026-04-28_FMP_Technicals_BIIB_daily,entity,,,,,,,,,,,,,,,[],,,Entity
world:entity:2026-04-28-fmp-technicals-bkng-daily,2026-06-01,2026-04-28_FMP_Technicals_BKNG_daily,,,,Entities,,2026-04-28_FMP_Technicals_BKNG_daily,2026-04-28_FMP_Technicals_BKNG_daily,entity,,,,,,,,,,,,,,,[],,,Entity
world:entity:2026-04-28-fmp-technicals-bksy-daily,2026-06-01,2026-04-28_FMP_Technicals_BKSY_daily,,,,Entities,,2026-04-28_FMP_Technicals_BKSY_daily,2026-04-28_FMP_Technicals_BKSY_daily,entity,,,,,,,,,,,,,,,[],,,Entity
world:entity:2026-04-28-fmp-technicals-blk-daily,2026-06-01,2026-04-28_FMP_Technicals_BLK_daily,,,,Entities,,2026-04-28_FMP_Technicals_BLK_daily,2026-04-28_FMP_Technicals_BLK_daily,entity,,,,,,,,,,,,,,,[],,,Entity
world:entity:2026-04-28-fmp-technicals-brbr-daily,2026-06-01,2026-04-28_FMP_Technicals_BRBR_daily,,,,Entities,,2026-04-28_FMP_Technicals_BRBR_daily,2026-04-28_FMP_Technicals_BRBR_daily,entity,,,,,,,,,,,,,,,[],,,Entity
world:entity:2026-04-28-fmp-technicals-bw-daily,2026-06-01,2026-04-28_FMP_Technicals_BW_daily,,,,Entities,,2026-04-28_FMP_Technicals_BW_daily,2026-04-28_FMP_Technicals_BW_daily,entity,,,,,,,,,,,,,,,[],,,Entity
world:entity:2026-04-28-fmp-technicals-bynd-daily,2026-06-01,2026-04-28_FMP_Technicals_BYND_daily,,,,Entities,,2026-04-28_FMP_Technicals_BYND_daily,2026-04-28_FMP_Technicals_BYND_daily,entity,,,,,,,,,,,,,,,[],,,Entity
world:entity:2026-04-28-fmp-technicals-c-daily,2026-06-01,2026-04-28_FMP_Technicals_C_daily,,,,Entities,,2026-04-28_FMP_Technicals_C_daily,2026-04-28_FMP_Technicals_C_daily,entity,,,,,,,,,,,,,,,[],,,Entity
world:entity:2026-04-28-fmp-technicals-caci-daily,2026-06-01,2026-04-28_FMP_Technicals_CACI_daily,,,,Entities,,2026-04-28_FMP_Technicals_CACI_daily,2026-04-28_FMP_Technicals_CACI_daily,entity,,,,,,,,,,,,,,,[],,,Entity
world:entity:2026-04-28-fmp-technicals-cat-daily,2026-06-01,2026-04-28_FMP_Technicals_CAT_daily,,,,Entities,,2026-04-28_FMP_Technicals_CAT_daily,2026-04-28_FMP_Technicals_CAT_daily,entity,,,,,,,,,,,,,,,[],,,Entity
world:entity:2026-04-28-fmp-technicals-cci-daily,2026-06-01,2026-04-28_FMP_Technicals_CCI_daily,,,,Entities,,2026-04-28_FMP_Technicals_CCI_daily,2026-04-28_FMP_Technicals_CCI_daily,entity,,,,,,,,,,,,,,,[],,,Entity
world:entity:2026-04-28-fmp-technicals-ccj-daily,2026-06-01,2026-04-28_FMP_Technicals_CCJ_daily,,,,Entities,,2026-04-28_FMP_Technicals_CCJ_daily,2026-04-28_FMP_Technicals_CCJ_daily,entity,,,,,,,,,,,,,,,[],,,Entity
world:entity:2026-04-28-fmp-technicals-ceg-daily,2026-06-01,2026-04-28_FMP_Technicals_CEG_daily,,,,Entities,,2026-04-28_FMP_Technicals_CEG_daily,2026-04-28_FMP_Technicals_CEG_daily,entity,,,,,,,,,,,,,,,[],,,Entity
world:entity:2026-04-28-fmp-technicals-chtr-daily,2026-06-01,2026-04-28_FMP_Technicals_CHTR_daily,,,,Entities,,2026-04-28_FMP_Technicals_CHTR_daily,2026-04-28_FMP_Technicals_CHTR_daily,entity,,,,,,,,,,,,,,,[],,,Entity
world:entity:2026-04-28-fmp-technicals-cl-daily,2026-06-01,2026-04-28_FMP_Technicals_CL_daily,,,,Entities,,2026-04-28_FMP_Technicals_CL_daily,2026-04-28_FMP_Technicals_CL_daily,entity,,,,,,,,,,,,,,,[],,,Entity
world:entity:2026-04-28-fmp-technicals-cmcsa-daily,2026-06-01,2026-04-28_FMP_Technicals_CMCSA_daily,,,,Entities,,2026-04-28_FMP_Technicals_CMCSA_daily,2026-04-28_FMP_Technicals_CMCSA_daily,entity,,,,,,,,,,,,,,,[],,,Entity
world:entity:2026-04-28-fmp-technicals-cmps-daily,2026-06-01,2026-04-28_FMP_Technicals_CMPS_daily,,,,Entities,,2026-04-28_FMP_Technicals_CMPS_daily,2026-04-28_FMP_Technicals_CMPS_daily,entity,,,,,,,,,,,,,,,[],,,Entity
world:entity:2026-04-28-fmp-technicals-coin-daily,2026-06-01,2026-04-28_FMP_Technicals_COIN_daily,,,,Entities,,2026-04-28_FMP_Technicals_COIN_daily,2026-04-28_FMP_Technicals_COIN_daily,entity,,,,,,,,,,,,,,,[],,,Entity
world:entity:2026-04-28-fmp-technicals-cop-daily,2026-06-01,2026-04-28_FMP_Technicals_COP_daily,,,,Entities,,2026-04-28_FMP_Technicals_COP_daily,2026-04-28_FMP_Technicals_COP_daily,entity,,,,,,,,,,,,,,,[],,,Entity
world:entity:2026-04-28-fmp-technicals-cost-daily,2026-06-01,2026-04-28_FMP_Technicals_COST_daily,,,,Entities,,2026-04-28_FMP_Technicals_COST_daily,2026-04-28_FMP_Technicals_COST_daily,entity,,,,,,,,,,,,,,,[],,,Entity
world:entity:2026-04-28-fmp-technicals-crm-daily,2026-06-01,2026-04-28_FMP_Technicals_CRM_daily,,,,Entities,,2026-04-28_FMP_Technicals_CRM_daily,2026-04-28_FMP_Technicals_CRM_daily,entity,,,,,,,,,,,,,,,[],,,Entity
world:entity:2026-04-28-fmp-technicals-crsp-daily,2026-06-01,2026-04-28_FMP_Technicals_CRSP_daily,,,,Entities,,2026-04-28_FMP_Technicals_CRSP_daily,2026-04-28_FMP_Technicals_CRSP_daily,entity,,,,,,,,,,,,,,,[],,,Entity
world:entity:2026-04-28-fmp-technicals-ctva-daily,2026-06-01,2026-04-28_FMP_Technicals_CTVA_daily,,,,Entities,,2026-04-28_FMP_Technicals_CTVA_daily,2026-04-28_FMP_Technicals_CTVA_daily,entity,,,,,,,,,,,,,,,[],,,Entity
world:entity:2026-04-28-fmp-technicals-cvx-daily,2026-06-01,2026-04-28_FMP_Technicals_CVX_daily,,,,Entities,,2026-04-28_FMP_Technicals_CVX_daily,2026-04-28_FMP_Technicals_CVX_daily,entity,,,,,,,,,,,,,,,[],,,Entity
world:entity:2026-04-28-fmp-technicals-d-daily,2026-06-01,2026-04-28_FMP_Technicals_D_daily,,,,Entities,,2026-04-28_FMP_Technicals_D_daily,2026-04-28_FMP_Technicals_D_daily,entity,,,,,,,,,,,,,,,[],,,Entity
world:entity:2026-04-28-fmp-technicals-de-daily,2026-06-01,2026-04-28_FMP_Technicals_DE_daily,,,,Entities,,2026-04-28_FMP_Technicals_DE_daily,2026-04-28_FMP_Technicals_DE_daily,entity,,,,,,,,,,,,,,,[],,,Entity
world:entity:2026-04-28-fmp-technicals-dftx-daily,2026-06-01,2026-04-28_FMP_Technicals_DFTX_daily,,,,Entities,,2026-04-28_FMP_Technicals_DFTX_daily,2026-04-28_FMP_Technicals_DFTX_daily,entity,,,,,,,,,,,,,,,[],,,Entity
world:entity:2026-04-28-fmp-technicals-dhi-daily,2026-06-01,2026-04-28_FMP_Technicals_DHI_daily,,,,Entities,,2026-04-28_FMP_Technicals_DHI_daily,2026-04-28_FMP_Technicals_DHI_daily,entity,,,,,,,,,,,,,,,[],,,Entity
world:entity:2026-04-28-fmp-technicals-dhr-daily,2026-06-01,2026-04-28_FMP_Technicals_DHR_daily,,,,Entities,,2026-04-28_FMP_Technicals_DHR_daily,2026-04-28_FMP_Technicals_DHR_daily,entity,,,,,,,,,,,,,,,[],,,Entity
world:entity:2026-04-28-fmp-technicals-dis-daily,2026-06-01,2026-04-28_FMP_Technicals_DIS_daily,,,,Entities,,2026-04-28_FMP_Technicals_DIS_daily,2026-04-28_FMP_Technicals_DIS_daily,entity,,,,,,,,,,,,,,,[],,,Entity
world:entity:2026-04-28-fmp-technicals-dlr-daily,2026-06-01,2026-04-28_FMP_Technicals_DLR_daily,,,,Entities,,2026-04-28_FMP_Technicals_DLR_daily,2026-04-28_FMP_Technicals_DLR_daily,entity,,,,,,,,,,,,,,,[],,,Entity
world:entity:2026-04-28-fmp-technicals-dna-daily,2026-06-01,2026-04-28_FMP_Technicals_DNA_daily,,,,Entities,,2026-04-28_FMP_Technicals_DNA_daily,2026-04-28_FMP_Technicals_DNA_daily,entity,,,,,,,,,,,,,,,[],,,Entity
world:entity:2026-04-28-fmp-technicals-dpro-daily,2026-06-01,2026-04-28_FMP_Technicals_DPRO_daily,,,,Entities,,2026-04-28_FMP_Technicals_DPRO_daily,2026-04-28_FMP_Technicals_DPRO_daily,entity,,,,,,,,,,,,,,,[],,,Entity
world:entity:2026-04-28-fmp-technicals-duk-daily,2026-06-01,2026-04-28_FMP_Technicals_DUK_daily,,,,Entities,,2026-04-28_FMP_Technicals_DUK_daily,2026-04-28_FMP_Technicals_DUK_daily,entity,,,,,,,,,,,,,,,[],,,Entity
world:entity:2026-04-28-fmp-technicals-dvn-daily,2026-06-01,2026-04-28_FMP_Technicals_DVN_daily,,,,Entities,,2026-04-28_FMP_Technicals_DVN_daily,2026-04-28_FMP_Technicals_DVN_daily,entity,,,,,,,,,,,,,,,[],,,Entity
world:entity:2026-04-28-fmp-technicals-ea-daily,2026-06-01,2026-04-28_FMP_Technicals_EA_daily,,,,Entities,,2026-04-28_FMP_Technicals_EA_daily,2026-04-28_FMP_Technicals_EA_daily,entity,,,,,,,,,,,,,,,[],,,Entity
world:entity:2026-04-28-fmp-technicals-ecl-daily,2026-06-01,2026-04-28_FMP_Technicals_ECL_daily,,,,Entities,,2026-04-28_FMP_Technicals_ECL_daily,2026-04-28_FMP_Technicals_ECL_daily,entity,,,,,,,,,,,,,,,[],,,Entity
world:entity:2026-04-28-fmp-technicals-ecpg-daily,2026-06-01,2026-04-28_FMP_Technicals_ECPG_daily,,,,Entities,,2026-04-28_FMP_Technicals_ECPG_daily,2026-04-28_FMP_Technicals_ECPG_daily,entity,,,,,,,,,,,,,,,[],,,Entity
world:entity:2026-04-28-fmp-technicals-edit-daily,2026-06-01,2026-04-28_FMP_Technicals_EDIT_daily,,,,Entities,,2026-04-28_FMP_Technicals_EDIT_daily,2026-04-28_FMP_Technicals_EDIT_daily,entity,,,,,,,,,,,,,,,[],,,Entity
world:entity:2026-04-28-fmp-technicals-eh-daily,2026-06-01,2026-04-28_FMP_Technicals_EH_daily,,,,Entities,,2026-04-28_FMP_Technicals_EH_daily,2026-04-28_FMP_Technicals_EH_daily,entity,,,,,,,,,,,,,,,[],,,Entity
world:entity:2026-04-28-fmp-technicals-envx-daily,2026-06-01,2026-04-28_FMP_Technicals_ENVX_daily,,,,Entities,,2026-04-28_FMP_Technicals_ENVX_daily,2026-04-28_FMP_Technicals_ENVX_daily,entity,,,,,,,,,,,,,,,[],,,Entity
world:entity:2026-04-28-fmp-technicals-eog-daily,2026-06-01,2026-04-28_FMP_Technicals_EOG_daily,,,,Entities,,2026-04-28_FMP_Technicals_EOG_daily,2026-04-28_FMP_Technicals_EOG_daily,entity,,,,,,,,,,,,,,,[],,,Entity
world:entity:2026-04-28-fmp-technicals-eqix-daily,2026-06-01,2026-04-28_FMP_Technicals_EQIX_daily,,,,Entities,,2026-04-28_FMP_Technicals_EQIX_daily,2026-04-28_FMP_Technicals_EQIX_daily,entity,,,,,,,,,,,,,,,[],,,Entity
world:entity:2026-04-28-fmp-technicals-eslt-daily,2026-06-01,2026-04-28_FMP_Technicals_ESLT_daily,,,,Entities,,2026-04-28_FMP_Technicals_ESLT_daily,2026-04-28_FMP_Technicals_ESLT_daily,entity,,,,,,,,,,,,,,,[],,,Entity
world:entity:2026-04-28-fmp-technicals-etn-daily,2026-06-01,2026-04-28_FMP_Technicals_ETN_daily,,,,Entities,,2026-04-28_FMP_Technicals_ETN_daily,2026-04-28_FMP_Technicals_ETN_daily,entity,,,,,,,,,,,,,,,[],,,Entity
world:entity:2026-04-28-fmp-technicals-evtl-daily,2026-06-01,2026-04-28_FMP_Technicals_EVTL_daily,,,,Entities,,2026-04-28_FMP_Technicals_EVTL_daily,2026-04-28_FMP_Technicals_EVTL_daily,entity,,,,,,,,,,,,,,,[],,,Entity
world:entity:2026-04-28-fmp-technicals-exc-daily,2026-06-01,2026-04-28_FMP_Technicals_EXC_daily,,,,Entities,,2026-04-28_FMP_Technicals_EXC_daily,2026-04-28_FMP_Technicals_EXC_daily,entity,,,,,,,,,,,,,,,[],,,Entity
world:entity:2026-04-28-fmp-technicals-fcx-daily,2026-06-01,2026-04-28_FMP_Technicals_FCX_daily,,,,Entities,,2026-04-28_FMP_Technicals_FCX_daily,2026-04-28_FMP_Technicals_FCX_daily,entity,,,,,,,,,,,,,,,[],,,Entity
world:entity:2026-04-28-fmp-technicals-flnc-daily,2026-06-01,2026-04-28_FMP_Technicals_FLNC_daily,,,,Entities,,2026-04-28_FMP_Technicals_FLNC_daily,2026-04-28_FMP_Technicals_FLNC_daily,entity,,,,,,,,,,,,,,,[],,,Entity
world:entity:2026-04-28-fmp-technicals-fmc-daily,2026-06-01,2026-04-28_FMP_Technicals_FMC_daily,,,,Entities,,2026-04-28_FMP_Technicals_FMC_daily,2026-04-28_FMP_Technicals_FMC_daily,entity,,,,,,,,,,,,,,,[],,,Entity
world:entity:2026-04-28-fmp-technicals-gd-daily,2026-06-01,2026-04-28_FMP_Technicals_GD_daily,,,,Entities,,2026-04-28_FMP_Technicals_GD_daily,2026-04-28_FMP_Technicals_GD_daily,entity,,,,,,,,,,,,,,,[],,,Entity
world:entity:2026-04-28-fmp-technicals-ge-daily,2026-06-01,2026-04-28_FMP_Technicals_GE_daily,,,,Entities,,2026-04-28_FMP_Technicals_GE_daily,2026-04-28_FMP_Technicals_GE_daily,entity,,,,,,,,,,,,,,,[],,,Entity
world:entity:2026-04-28-fmp-technicals-gev-daily,2026-06-01,2026-04-28_FMP_Technicals_GEV_daily,,,,Entities,,2026-04-28_FMP_Technicals_GEV_daily,2026-04-28_FMP_Technicals_GEV_daily,entity,,,,,,,,,,,,,,,[],,,Entity
world:entity:2026-04-28-fmp-technicals-ghrs-daily,2026-06-01,2026-04-28_FMP_Technicals_GHRS_daily,,,,Entities,,2026-04-28_FMP_Technicals_GHRS_daily,2026-04-28_FMP_Technicals_GHRS_daily,entity,,,,,,,,,,,,,,,[],,,Entity
world:entity:2026-04-28-fmp-technicals-gis-daily,2026-06-01,2026-04-28_FMP_Technicals_GIS_daily,,,,Entities,,2026-04-28_FMP_Technicals_GIS_daily,2026-04-28_FMP_Technicals_GIS_daily,entity,,,,,,,,,,,,,,,[],,,Entity
world:entity:2026-04-28-fmp-technicals-gold-daily,2026-06-01,2026-04-28_FMP_Technicals_GOLD_daily,,,,Entities,,2026-04-28_FMP_Technicals_GOLD_daily,2026-04-28_FMP_Technicals_GOLD_daily,entity,,,,,,,,,,,,,,,[],,,Entity
world:entity:2026-04-28-fmp-technicals-googl-daily,2026-06-01,2026-04-28_FMP_Technicals_GOOGL_daily,,,,Entities,,2026-04-28_FMP_Technicals_GOOGL_daily,2026-04-28_FMP_Technicals_GOOGL_daily,entity,,,,,,,,,,,,,,,[],,,Entity
world:entity:2026-04-28-fmp-technicals-gs-daily,2026-06-01,2026-04-28_FMP_Technicals_GS_daily,,,,Entities,,2026-04-28_FMP_Technicals_GS_daily,2026-04-28_FMP_Technicals_GS_daily,entity,,,,,,,,,,,,,,,[],,,Entity
world:entity:2026-04-28-fmp-technicals-hal-daily,2026-06-01,2026-04-28_FMP_Technicals_HAL_daily,,,,Entities,,2026-04-28_FMP_Technicals_HAL_daily,2026-04-28_FMP_Technicals_HAL_daily,entity,,,,,,,,,,,,,,,[],,,Entity
world:entity:2026-04-28-fmp-technicals-hd-daily,2026-06-01,2026-04-28_FMP_Technicals_HD_daily,,,,Entities,,2026-04-28_FMP_Technicals_HD_daily,2026-04-28_FMP_Technicals_HD_daily,entity,,,,,,,,,,,,,,,[],,,Entity
world:entity:2026-04-28-fmp-technicals-help-daily,2026-06-01,2026-04-28_FMP_Technicals_HELP_daily,,,,Entities,,2026-04-28_FMP_Technicals_HELP_daily,2026-04-28_FMP_Technicals_HELP_daily,entity,,,,,,,,,,,,,,,[],,,Entity
world:entity:2026-04-28-fmp-technicals-hii-daily,2026-06-01,2026-04-28_FMP_Technicals_HII_daily,,,,Entities,,2026-04-28_FMP_Technicals_HII_daily,2026-04-28_FMP_Technicals_HII_daily,entity,,,,,,,,,,,,,,,[],,,Entity
world:entity:2026-04-28-fmp-technicals-hims-daily,2026-06-01,2026-04-28_FMP_Technicals_HIMS_daily,,,,Entities,,2026-04-28_FMP_Technicals_HIMS_daily,2026-04-28_FMP_Technicals_HIMS_daily,entity,,,,,,,,,,,,,,,[],,,Entity
world:entity:2026-04-28-fmp-technicals-hon-daily,2026-06-01,2026-04-28_FMP_Technicals_HON_daily,,,,Entities,,2026-04-28_FMP_Technicals_HON_daily,2026-04-28_FMP_Technicals_HON_daily,entity,,,,,,,,,,,,,,,[],,,Entity
world:entity:2026-04-28-fmp-technicals-hovr-daily,2026-06-01,2026-04-28_FMP_Technicals_HOVR_daily,,,,Entities,,2026-04-28_FMP_Technicals_HOVR_daily,2026-04-28_FMP_Technicals_HOVR_daily,entity,,,,,,,,,,,,,,,[],,,Entity
world:entity:2026-04-28-fmp-technicals-hubb-daily,2026-06-01,2026-04-28_FMP_Technicals_HUBB_daily,,,,Entities,,2026-04-28_FMP_Technicals_HUBB_daily,2026-04-28_FMP_Technicals_HUBB_daily,entity,,,,,,,,,,,,,,,[],,,Entity
world:entity:2026-04-28-fmp-technicals-iff-daily,2026-06-01,2026-04-28_FMP_Technicals_IFF_daily,,,,Entities,,2026-04-28_FMP_Technicals_IFF_daily,2026-04-28_FMP_Technicals_IFF_daily,entity,,,,,,,,,,,,,,,[],,,Entity
world:entity:2026-04-28-fmp-technicals-iipr-daily,2026-06-01,2026-04-28_FMP_Technicals_IIPR_daily,,,,Entities,,2026-04-28_FMP_Technicals_IIPR_daily,2026-04-28_FMP_Technicals_IIPR_daily,entity,,,,,,,,,,,,,,,[],,,Entity
world:entity:2026-04-28-fmp-technicals-inva-daily,2026-06-01,2026-04-28_FMP_Technicals_INVA_daily,,,,Entities,,2026-04-28_FMP_Technicals_INVA_daily,2026-04-28_FMP_Technicals_INVA_daily,entity,,,,,,,,,,,,,,,[],,,Entity
world:entity:2026-04-28-fmp-technicals-ionq-daily,2026-06-01,2026-04-28_FMP_Technicals_IONQ_daily,,,,Entities,,2026-04-28_FMP_Technicals_IONQ_daily,2026-04-28_FMP_Technicals_IONQ_daily,entity,,,,,,,,,,,,,,,[],,,Entity
world:entity:2026-04-28-fmp-technicals-isrg-daily,2026-06-01,2026-04-28_FMP_Technicals_ISRG_daily,,,,Entities,,2026-04-28_FMP_Technicals_ISRG_daily,2026-04-28_FMP_Technicals_ISRG_daily,entity,,,,,,,,,,,,,,,[],,,Entity
world:entity:2026-04-28-fmp-technicals-jnj-daily,2026-06-01,2026-04-28_FMP_Technicals_JNJ_daily,,,,Entities,,2026-04-28_FMP_Technicals_JNJ_daily,2026-04-28_FMP_Technicals_JNJ_daily,entity,,,,,,,,,,,,,,,[],,,Entity
world:entity:2026-04-28-fmp-technicals-joby-daily,2026-06-01,2026-04-28_FMP_Technicals_JOBY_daily,,,,Entities,,2026-04-28_FMP_Technicals_JOBY_daily,2026-04-28_FMP_Technicals_JOBY_daily,entity,,,,,,,,,,,,,,,[],,,Entity
world:entity:2026-04-28-fmp-technicals-jpm-daily,2026-06-01,2026-04-28_FMP_Technicals_JPM_daily,,,,Entities,,2026-04-28_FMP_Technicals_JPM_daily,2026-04-28_FMP_Technicals_JPM_daily,entity,,,,,,,,,,,,,,,[],,,Entity
world:entity:2026-04-28-fmp-technicals-klac-daily,2026-06-01,2026-04-28_FMP_Technicals_KLAC_daily,,,,Entities,,2026-04-28_FMP_Technicals_KLAC_daily,2026-04-28_FMP_Technicals_KLAC_daily,entity,,,,,,,,,,,,,,,[],,,Entity
world:entity:2026-04-28-fmp-technicals-kmb-daily,2026-06-01,2026-04-28_FMP_Technicals_KMB_daily,,,,Entities,,2026-04-28_FMP_Technicals_KMB_daily,2026-04-28_FMP_Technicals_KMB_daily,entity,,,,,,,,,,,,,,,[],,,Entity
world:entity:2026-04-28-fmp-technicals-ko-daily,2026-06-01,2026-04-28_FMP_Technicals_KO_daily,,,,Entities,,2026-04-28_FMP_Technicals_KO_daily,2026-04-28_FMP_Technicals_KO_daily,entity,,,,,,,,,,,,,,,[],,,Entity
world:entity:2026-04-28-fmp-technicals-ktos-daily,2026-06-01,2026-04-28_FMP_Technicals_KTOS_daily,,,,Entities,,2026-04-28_FMP_Technicals_KTOS_daily,2026-04-28_FMP_Technicals_KTOS_daily,entity,,,,,,,,,,,,,,,[],,,Entity
world:entity:2026-04-28-fmp-technicals-ldos-daily,2026-06-01,2026-04-28_FMP_Technicals_LDOS_daily,,,,Entities,,2026-04-28_FMP_Technicals_LDOS_daily,2026-04-28_FMP_Technicals_LDOS_daily,entity,,,,,,,,,,,,,,,[],,,Entity
world:entity:2026-04-28-fmp-technicals-len-daily,2026-06-01,2026-04-28_FMP_Technicals_LEN_daily,,,,Entities,,2026-04-28_FMP_Technicals_LEN_daily,2026-04-28_FMP_Technicals_LEN_daily,entity,,,,,,,,,,,,,,,[],,,Entity
world:entity:2026-04-28-fmp-technicals-lhx-daily,2026-06-01,2026-04-28_FMP_Technicals_LHX_daily,,,,Entities,,2026-04-28_FMP_Technicals_LHX_daily,2026-04-28_FMP_Technicals_LHX_daily,entity,,,,,,,,,,,,,,,[],,,Entity
world:entity:2026-04-28-fmp-technicals-lin-daily,2026-06-01,2026-04-28_FMP_Technicals_LIN_daily,,,,Entities,,2026-04-28_FMP_Technicals_LIN_daily,2026-04-28_FMP_Technicals_LIN_daily,entity,,,,,,,,,,,,,,,[],,,Entity
world:entity:2026-04-28-fmp-technicals-lly-daily,2026-06-01,2026-04-28_FMP_Technicals_LLY_daily,,,,Entities,,2026-04-28_FMP_Technicals_LLY_daily,2026-04-28_FMP_Technicals_LLY_daily,entity,,,,,,,,,,,,,,,[],,,Entity
world:entity:2026-04-28-fmp-technicals-lmt-daily,2026-06-01,2026-04-28_FMP_Technicals_LMT_daily,,,,Entities,,2026-04-28_FMP_Technicals_LMT_daily,2026-04-28_FMP_Technicals_LMT_daily,entity,,,,,,,,,,,,,,,[],,,Entity
world:entity:2026-04-28-fmp-technicals-low-daily,2026-06-01,2026-04-28_FMP_Technicals_LOW_daily,,,,Entities,,2026-04-28_FMP_Technicals_LOW_daily,2026-04-28_FMP_Technicals_LOW_daily,entity,,,,,,,,,,,,,,,[],,,Entity
world:entity:2026-04-28-fmp-technicals-lrcx-daily,2026-06-01,2026-04-28_FMP_Technicals_LRCX_daily,,,,Entities,,2026-04-28_FMP_Technicals_LRCX_daily,2026-04-28_FMP_Technicals_LRCX_daily,entity,,,,,,,,,,,,,,,[],,,Entity
world:entity:2026-04-28-fmp-technicals-ma-daily,2026-06-01,2026-04-28_FMP_Technicals_MA_daily,,,,Entities,,2026-04-28_FMP_Technicals_MA_daily,2026-04-28_FMP_Technicals_MA_daily,entity,,,,,,,,,,,,,,,[],,,Entity
world:entity:2026-04-28-fmp-technicals-mcd-daily,2026-06-01,2026-04-28_FMP_Technicals_MCD_daily,,,,Entities,,2026-04-28_FMP_Technicals_MCD_daily,2026-04-28_FMP_Technicals_MCD_daily,entity,,,,,,,,,,,,,,,[],,,Entity
world:entity:2026-04-28-fmp-technicals-meta-daily,2026-06-01,2026-04-28_FMP_Technicals_META_daily,,,,Entities,,2026-04-28_FMP_Technicals_META_daily,2026-04-28_FMP_Technicals_META_daily,entity,,,,,,,,,,,,,,,[],,,Entity
world:entity:2026-04-28-fmp-technicals-mmm-daily,2026-06-01,2026-04-28_FMP_Technicals_MMM_daily,,,,Entities,,2026-04-28_FMP_Technicals_MMM_daily,2026-04-28_FMP_Technicals_MMM_daily,entity,,,,,,,,,,,,,,,[],,,Entity
world:entity:2026-04-28-fmp-technicals-mnts-daily,2026-06-01,2026-04-28_FMP_Technicals_MNTS_daily,,,,Entities,,2026-04-28_FMP_Technicals_MNTS_daily,2026-04-28_FMP_Technicals_MNTS_daily,entity,,,,,,,,,,,,,,,[],,,Entity
world:entity:2026-04-28-fmp-technicals-mo-daily,2026-06-01,2026-04-28_FMP_Technicals_MO_daily,,,,Entities,,2026-04-28_FMP_Technicals_MO_daily,2026-04-28_FMP_Technicals_MO_daily,entity,,,,,,,,,,,,,,,[],,,Entity
world:entity:2026-04-28-fmp-technicals-mos-daily,2026-06-01,2026-04-28_FMP_Technicals_MOS_daily,,,,Entities,,2026-04-28_FMP_Technicals_MOS_daily,2026-04-28_FMP_Technicals_MOS_daily,entity,,,,,,,,,,,,,,,[],,,Entity
world:entity:2026-04-28-fmp-technicals-mpc-daily,2026-06-01,2026-04-28_FMP_Technicals_MPC_daily,,,,Entities,,2026-04-28_FMP_Technicals_MPC_daily,2026-04-28_FMP_Technicals_MPC_daily,entity,,,,,,,,,,,,,,,[],,,Entity
world:entity:2026-04-28-fmp-technicals-mrk-daily,2026-06-01,2026-04-28_FMP_Technicals_MRK_daily,,,,Entities,,2026-04-28_FMP_Technicals_MRK_daily,2026-04-28_FMP_Technicals_MRK_daily,entity,,,,,,,,,,,,,,,[],,,Entity
world:entity:2026-04-28-fmp-technicals-ms-daily,2026-06-01,2026-04-28_FMP_Technicals_MS_daily,,,,Entities,,2026-04-28_FMP_Technicals_MS_daily,2026-04-28_FMP_Technicals_MS_daily,entity,,,,,,,,,,,,,,,[],,,Entity
world:entity:2026-04-28-fmp-technicals-msft-daily,2026-06-01,2026-04-28_FMP_Technicals_MSFT_daily,,,,Entities,,2026-04-28_FMP_Technicals_MSFT_daily,2026-04-28_FMP_Technicals_MSFT_daily,entity,,,,,,,,,,,,,,,[],,,Entity
world:entity:2026-04-28-fmp-technicals-mstr-daily,2026-06-01,2026-04-28_FMP_Technicals_MSTR_daily,,,,Entities,,2026-04-28_FMP_Technicals_MSTR_daily,2026-04-28_FMP_Technicals_MSTR_daily,entity,,,,,,,,,,,,,,,[],,,Entity
world:entity:2026-04-28-fmp-technicals-mtz-daily,2026-06-01,2026-04-28_FMP_Technicals_MTZ_daily,,,,Entities,,2026-04-28_FMP_Technicals_MTZ_daily,2026-04-28_FMP_Technicals_MTZ_daily,entity,,,,,,,,,,,,,,,[],,,Entity
world:entity:2026-04-28-fmp-technicals-myrg-daily,2026-06-01,2026-04-28_FMP_Technicals_MYRG_daily,,,,Entities,,2026-04-28_FMP_Technicals_MYRG_daily,2026-04-28_FMP_Technicals_MYRG_daily,entity,,,,,,,,,,,,,,,[],,,Entity
world:entity:2026-04-28-fmp-technicals-nbix-daily,2026-06-01,2026-04-28_FMP_Technicals_NBIX_daily,,,,Entities,,2026-04-28_FMP_Technicals_NBIX_daily,2026-04-28_FMP_Technicals_NBIX_daily,entity,,,,,,,,,,,,,,,[],,,Entity
world:entity:2026-04-28-fmp-technicals-nee-daily,2026-06-01,2026-04-28_FMP_Technicals_NEE_daily,,,,Entities,,2026-04-28_FMP_Technicals_NEE_daily,2026-04-28_FMP_Technicals_NEE_daily,entity,,,,,,,,,,,,,,,[],,,Entity
world:entity:2026-04-28-fmp-technicals-nem-daily,2026-06-01,2026-04-28_FMP_Technicals_NEM_daily,,,,Entities,,2026-04-28_FMP_Technicals_NEM_daily,2026-04-28_FMP_Technicals_NEM_daily,entity,,,,,,,,,,,,,,,[],,,Entity
world:entity:2026-04-28-fmp-technicals-nflx-daily,2026-06-01,2026-04-28_FMP_Technicals_NFLX_daily,,,,Entities,,2026-04-28_FMP_Technicals_NFLX_daily,2026-04-28_FMP_Technicals_NFLX_daily,entity,,,,,,,,,,,,,,,[],,,Entity
world:entity:2026-04-28-fmp-technicals-nke-daily,2026-06-01,2026-04-28_FMP_Technicals_NKE_daily,,,,Entities,,2026-04-28_FMP_Technicals_NKE_daily,2026-04-28_FMP_Technicals_NKE_daily,entity,,,,,,,,,,,,,,,[],,,Entity
world:entity:2026-04-28-fmp-technicals-nktr-daily,2026-06-01,2026-04-28_FMP_Technicals_NKTR_daily,,,,Entities,,2026-04-28_FMP_Technicals_NKTR_daily,2026-04-28_FMP_Technicals_NKTR_daily,entity,,,,,,,,,,,,,,,[],,,Entity
world:entity:2026-04-28-fmp-technicals-nne-daily,2026-06-01,2026-04-28_FMP_Technicals_NNE_daily,,,,Entities,,2026-04-28_FMP_Technicals_NNE_daily,2026-04-28_FMP_Technicals_NNE_daily,entity,,,,,,,,,,,,,,,[],,,Entity
world:entity:2026-04-28-fmp-technicals-noc-daily,2026-06-01,2026-04-28_FMP_Technicals_NOC_daily,,,,Entities,,2026-04-28_FMP_Technicals_NOC_daily,2026-04-28_FMP_Technicals_NOC_daily,entity,,,,,,,,,,,,,,,[],,,Entity
world:entity:2026-04-28-fmp-technicals-nrg-daily,2026-06-01,2026-04-28_FMP_Technicals_NRG_daily,,,,Entities,,2026-04-28_FMP_Technicals_NRG_daily,2026-04-28_FMP_Technicals_NRG_daily,entity,,,,,,,,,,,,,,,[],,,Entity
world:entity:2026-04-28-fmp-technicals-ntla-daily,2026-06-01,2026-04-28_FMP_Technicals_NTLA_daily,,,,Entities,,2026-04-28_FMP_Technicals_NTLA_daily,2026-04-28_FMP_Technicals_NTLA_daily,entity,,,,,,,,,,,,,,,[],,,Entity
world:entity:2026-04-28-fmp-technicals-nue-daily,2026-06-01,2026-04-28_FMP_Technicals_NUE_daily,,,,Entities,,2026-04-28_FMP_Technicals_NUE_daily,2026-04-28_FMP_Technicals_NUE_daily,entity,,,,,,,,,,,,,,,[],,,Entity
world:entity:2026-04-28-fmp-technicals-nvda-daily,2026-06-01,2026-04-28_FMP_Technicals_NVDA_daily,,,,Entities,,2026-04-28_FMP_Technicals_NVDA_daily,2026-04-28_FMP_Technicals_NVDA_daily,entity,,,,,,,,,,,,,,,[],,,Entity
world:entity:2026-04-28-fmp-technicals-nvr-daily,2026-06-01,2026-04-28_FMP_Technicals_NVR_daily,,,,Entities,,2026-04-28_FMP_Technicals_NVR_daily,2026-04-28_FMP_Technicals_NVR_daily,entity,,,,,,,,,,,,,,,[],,,Entity
world:entity:2026-04-28-fmp-technicals-o-daily,2026-06-01,2026-04-28_FMP_Technicals_O_daily,,,,Entities,,2026-04-28_FMP_Technicals_O_daily,2026-04-28_FMP_Technicals_O_daily,entity,,,,,,,,,,,,,,,[],,,Entity
world:entity:2026-04-28-fmp-technicals-oklo-daily,2026-06-01,2026-04-28_FMP_Technicals_OKLO_daily,,,,Entities,,2026-04-28_FMP_Technicals_OKLO_daily,2026-04-28_FMP_Technicals_OKLO_daily,entity,,,,,,,,,,,,,,,[],,,Entity
world:entity:2026-04-28-fmp-technicals-on-daily,2026-06-01,2026-04-28_FMP_Technicals_ON_daily,,,,Entities,,2026-04-28_FMP_Technicals_ON_daily,2026-04-28_FMP_Technicals_ON_daily,entity,,,,,,,,,,,,,,,[],,,Entity
world:entity:2026-04-28-fmp-technicals-onds-daily,2026-06-01,2026-04-28_FMP_Technicals_ONDS_daily,,,,Entities,,2026-04-28_FMP_Technicals_ONDS_daily,2026-04-28_FMP_Technicals_ONDS_daily,entity,,,,,,,,,,,,,,,[],,,Entity
world:entity:2026-04-28-fmp-technicals-onto-daily,2026-06-01,2026-04-28_FMP_Technicals_ONTO_daily,,,,Entities,,2026-04-28_FMP_Technicals_ONTO_daily,2026-04-28_FMP_Technicals_ONTO_daily,entity,,,,,,,,,,,,,,,[],,,Entity
world:entity:2026-04-28-fmp-technicals-orcl-daily,2026-06-01,2026-04-28_FMP_Technicals_ORCL_daily,,,,Entities,,2026-04-28_FMP_Technicals_ORCL_daily,2026-04-28_FMP_Technicals_ORCL_daily,entity,,,,,,,,,,,,,,,[],,,Entity
world:entity:2026-04-28-fmp-technicals-oxy-daily,2026-06-01,2026-04-28_FMP_Technicals_OXY_daily,,,,Entities,,2026-04-28_FMP_Technicals_OXY_daily,2026-04-28_FMP_Technicals_OXY_daily,entity,,,,,,,,,,,,,,,[],,,Entity
world:entity:2026-04-28-fmp-technicals-pdfs-daily,2026-06-01,2026-04-28_FMP_Technicals_PDFS_daily,,,,Entities,,2026-04-28_FMP_Technicals_PDFS_daily,2026-04-28_FMP_Technicals_PDFS_daily,entity,,,,,,,,,,,,,,,[],,,Entity
world:entity:2026-04-28-fmp-technicals-pep-daily,2026-06-01,2026-04-28_FMP_Technicals_PEP_daily,,,,Entities,,2026-04-28_FMP_Technicals_PEP_daily,2026-04-28_FMP_Technicals_PEP_daily,entity,,,,,,,,,,,,,,,[],,,Entity
world:entity:2026-04-28-fmp-technicals-pfe-daily,2026-06-01,2026-04-28_FMP_Technicals_PFE_daily,,,,Entities,,2026-04-28_FMP_Technicals_PFE_daily,2026-04-28_FMP_Technicals_PFE_daily,entity,,,,,,,,,,,,,,,[],,,Entity
world:entity:2026-04-28-fmp-technicals-pg-daily,2026-06-01,2026-04-28_FMP_Technicals_PG_daily,,,,Entities,,2026-04-28_FMP_Technicals_PG_daily,2026-04-28_FMP_Technicals_PG_daily,entity,,,,,,,,,,,,,,,[],,,Entity
world:entity:2026-04-28-fmp-technicals-pl-daily,2026-06-01,2026-04-28_FMP_Technicals_PL_daily,,,,Entities,,2026-04-28_FMP_Technicals_PL_daily,2026-04-28_FMP_Technicals_PL_daily,entity,,,,,,,,,,,,,,,[],,,Entity
world:entity:2026-04-28-fmp-technicals-pld-daily,2026-06-01,2026-04-28_FMP_Technicals_PLD_daily,,,,Entities,,2026-04-28_FMP_Technicals_PLD_daily,2026-04-28_FMP_Technicals_PLD_daily,entity,,,,,,,,,,,,,,,[],,,Entity
world:entity:2026-04-28-fmp-technicals-pltr-daily,2026-06-01,2026-04-28_FMP_Technicals_PLTR_daily,,,,Entities,,2026-04-28_FMP_Technicals_PLTR_daily,2026-04-28_FMP_Technicals_PLTR_daily,entity,,,,,,,,,,,,,,,[],,,Entity
world:entity:2026-04-28-fmp-technicals-pm-daily,2026-06-01,2026-04-28_FMP_Technicals_PM_daily,,,,Entities,,2026-04-28_FMP_Technicals_PM_daily,2026-04-28_FMP_Technicals_PM_daily,entity,,,,,,,,,,,,,,,[],,,Entity
world:entity:2026-04-28-fmp-technicals-powl-daily,2026-06-01,2026-04-28_FMP_Technicals_POWL_daily,,,,Entities,,2026-04-28_FMP_Technicals_POWL_daily,2026-04-28_FMP_Technicals_POWL_daily,entity,,,,,,,,,,,,,,,[],,,Entity
world:entity:2026-04-28-fmp-technicals-ppg-daily,2026-06-01,2026-04-28_FMP_Technicals_PPG_daily,,,,Entities,,2026-04-28_FMP_Technicals_PPG_daily,2026-04-28_FMP_Technicals_PPG_daily,entity,,,,,,,,,,,,,,,[],,,Entity
world:entity:2026-04-28-fmp-technicals-ppih-daily,2026-06-01,2026-04-28_FMP_Technicals_PPIH_daily,,,,Entities,,2026-04-28_FMP_Technicals_PPIH_daily,2026-04-28_FMP_Technicals_PPIH_daily,entity,,,,,,,,,,,,,,,[],,,Entity
world:entity:2026-04-28-fmp-technicals-prks-daily,2026-06-01,2026-04-28_FMP_Technicals_PRKS_daily,,,,Entities,,2026-04-28_FMP_Technicals_PRKS_daily,2026-04-28_FMP_Technicals_PRKS_daily,entity,,,,,,,,,,,,,,,[],,,Entity
world:entity:2026-04-28-fmp-technicals-prta-daily,2026-06-01,2026-04-28_FMP_Technicals_PRTA_daily,,,,Entities,,2026-04-28_FMP_Technicals_PRTA_daily,2026-04-28_FMP_Technicals_PRTA_daily,entity,,,,,,,,,,,,,,,[],,,Entity
world:entity:2026-04-28-fmp-technicals-psa-daily,2026-06-01,2026-04-28_FMP_Technicals_PSA_daily,,,,Entities,,2026-04-28_FMP_Technicals_PSA_daily,2026-04-28_FMP_Technicals_PSA_daily,entity,,,,,,,,,,,,,,,[],,,Entity
world:entity:2026-04-28-fmp-technicals-psil-daily,2026-06-01,2026-04-28_FMP_Technicals_PSIL_daily,,,,Entities,,2026-04-28_FMP_Technicals_PSIL_daily,2026-04-28_FMP_Technicals_PSIL_daily,entity,,,,,,,,,,,,,,,[],,,Entity
world:entity:2026-04-28-fmp-technicals-psx-daily,2026-06-01,2026-04-28_FMP_Technicals_PSX_daily,,,,Entities,,2026-04-28_FMP_Technicals_PSX_daily,2026-04-28_FMP_Technicals_PSX_daily,entity,,,,,,,,,,,,,,,[],,,Entity
world:entity:2026-04-28-fmp-technicals-pwr-daily,2026-06-01,2026-04-28_FMP_Technicals_PWR_daily,,,,Entities,,2026-04-28_FMP_Technicals_PWR_daily,2026-04-28_FMP_Technicals_PWR_daily,entity,,,,,,,,,,,,,,,[],,,Entity
world:entity:2026-04-28-fmp-technicals-qcom-daily,2026-06-01,2026-04-28_FMP_Technicals_QCOM_daily,,,,Entities,,2026-04-28_FMP_Technicals_QCOM_daily,2026-04-28_FMP_Technicals_QCOM_daily,entity,,,,,,,,,,,,,,,[],,,Entity
world:entity:2026-04-28-fmp-technicals-qubt-daily,2026-06-01,2026-04-28_FMP_Technicals_QUBT_daily,,,,Entities,,2026-04-28_FMP_Technicals_QUBT_daily,2026-04-28_FMP_Technicals_QUBT_daily,entity,,,,,,,,,,,,,,,[],,,Entity
world:entity:2026-04-28-fmp-technicals-rcat-daily,2026-06-01,2026-04-28_FMP_Technicals_RCAT_daily,,,,Entities,,2026-04-28_FMP_Technicals_RCAT_daily,2026-04-28_FMP_Technicals_RCAT_daily,entity,,,,,,,,,,,,,,,[],,,Entity
world:entity:2026-04-28-fmp-technicals-rgti-daily,2026-06-01,2026-04-28_FMP_Technicals_RGTI_daily,,,,Entities,,2026-04-28_FMP_Technicals_RGTI_daily,2026-04-28_FMP_Technicals_RGTI_daily,entity,,,,,,,,,,,,,,,[],,,Entity
world:entity:2026-04-28-fmp-technicals-rklb-daily,2026-06-01,2026-04-28_FMP_Technicals_RKLB_daily,,,,Entities,,2026-04-28_FMP_Technicals_RKLB_daily,2026-04-28_FMP_Technicals_RKLB_daily,entity,,,,,,,,,,,,,,,[],,,Entity
world:entity:2026-04-28-fmp-technicals-rprx-daily,2026-06-01,2026-04-28_FMP_Technicals_RPRX_daily,,,,Entities,,2026-04-28_FMP_Technicals_RPRX_daily,2026-04-28_FMP_Technicals_RPRX_daily,entity,,,,,,,,,,,,,,,[],,,Entity
world:entity:2026-04-28-fmp-technicals-rtx-daily,2026-06-01,2026-04-28_FMP_Technicals_RTX_daily,,,,Entities,,2026-04-28_FMP_Technicals_RTX_daily,2026-04-28_FMP_Technicals_RTX_daily,entity,,,,,,,,,,,,,,,[],,,Entity
world:entity:2026-04-28-fmp-technicals-saic-daily,2026-06-01,2026-04-28_FMP_Technicals_SAIC_daily,,,,Entities,,2026-04-28_FMP_Technicals_SAIC_daily,2026-04-28_FMP_Technicals_SAIC_daily,entity,,,,,,,,,,,,,,,[],,,Entity
world:entity:2026-04-28-fmp-technicals-sbux-daily,2026-06-01,2026-04-28_FMP_Technicals_SBUX_daily,,,,Entities,,2026-04-28_FMP_Technicals_SBUX_daily,2026-04-28_FMP_Technicals_SBUX_daily,entity,,,,,,,,,,,,,,,[],,,Entity
world:entity:2026-04-28-fmp-technicals-shw-daily,2026-06-01,2026-04-28_FMP_Technicals_SHW_daily,,,,Entities,,2026-04-28_FMP_Technicals_SHW_daily,2026-04-28_FMP_Technicals_SHW_daily,entity,,,,,,,,,,,,,,,[],,,Entity
world:entity:2026-04-28-fmp-technicals-sky-daily,2026-06-01,2026-04-28_FMP_Technicals_SKY_daily,,,,Entities,,2026-04-28_FMP_Technicals_SKY_daily,2026-04-28_FMP_Technicals_SKY_daily,entity,,,,,,,,,,,,,,,[],,,Entity
world:entity:2026-04-28-fmp-technicals-slb-daily,2026-06-01,2026-04-28_FMP_Technicals_SLB_daily,,,,Entities,,2026-04-28_FMP_Technicals_SLB_daily,2026-04-28_FMP_Technicals_SLB_daily,entity,,,,,,,,,,,,,,,[],,,Entity
world:entity:2026-04-28-fmp-technicals-smr-daily,2026-06-01,2026-04-28_FMP_Technicals_SMR_daily,,,,Entities,,2026-04-28_FMP_Technicals_SMR_daily,2026-04-28_FMP_Technicals_SMR_daily,entity,,,,,,,,,,,,,,,[],,,Entity
world:entity:2026-04-28-fmp-technicals-so-daily,2026-06-01,2026-04-28_FMP_Technicals_SO_daily,,,,Entities,,2026-04-28_FMP_Technicals_SO_daily,2026-04-28_FMP_Technicals_SO_daily,entity,,,,,,,,,,,,,,,[],,,Entity
world:entity:2026-04-28-fmp-technicals-spg-daily,2026-06-01,2026-04-28_FMP_Technicals_SPG_daily,,,,Entities,,2026-04-28_FMP_Technicals_SPG_daily,2026-04-28_FMP_Technicals_SPG_daily,entity,,,,,,,,,,,,,,,[],,,Entity
world:entity:2026-04-28-fmp-technicals-spir-daily,2026-06-01,2026-04-28_FMP_Technicals_SPIR_daily,,,,Entities,,2026-04-28_FMP_Technicals_SPIR_daily,2026-04-28_FMP_Technicals_SPIR_daily,entity,,,,,,,,,,,,,,,[],,,Entity
world:entity:2026-04-28-fmp-technicals-spro-daily,2026-06-01,2026-04-28_FMP_Technicals_SPRO_daily,,,,Entities,,2026-04-28_FMP_Technicals_SPRO_daily,2026-04-28_FMP_Technicals_SPRO_daily,entity,,,,,,,,,,,,,,,[],,,Entity
world:entity:2026-04-28-fmp-technicals-sre-daily,2026-06-01,2026-04-28_FMP_Technicals_SRE_daily,,,,Entities,,2026-04-28_FMP_Technicals_SRE_daily,2026-04-28_FMP_Technicals_SRE_daily,entity,,,,,,,,,,,,,,,[],,,Entity
world:entity:2026-04-28-fmp-technicals-stem-daily,2026-06-01,2026-04-28_FMP_Technicals_STEM_daily,,,,Entities,,2026-04-28_FMP_Technicals_STEM_daily,2026-04-28_FMP_Technicals_STEM_daily,entity,,,,,,,,,,,,,,,[],,,Entity
world:entity:2026-04-28-fmp-technicals-strl-daily,2026-06-01,2026-04-28_FMP_Technicals_STRL_daily,,,,Entities,,2026-04-28_FMP_Technicals_STRL_daily,2026-04-28_FMP_Technicals_STRL_daily,entity,,,,,,,,,,,,,,,[],,,Entity
world:entity:2026-04-28-fmp-technicals-t-daily,2026-06-01,2026-04-28_FMP_Technicals_T_daily,,,,Entities,,2026-04-28_FMP_Technicals_T_daily,2026-04-28_FMP_Technicals_T_daily,entity,,,,,,,,,,,,,,,[],,,Entity
world:entity:2026-04-28-fmp-technicals-tdg-daily,2026-06-01,2026-04-28_FMP_Technicals_TDG_daily,,,,Entities,,2026-04-28_FMP_Technicals_TDG_daily,2026-04-28_FMP_Technicals_TDG_daily,entity,,,,,,,,,,,,,,,[],,,Entity
world:entity:2026-04-28-fmp-technicals-tdy-daily,2026-06-01,2026-04-28_FMP_Technicals_TDY_daily,,,,Entities,,2026-04-28_FMP_Technicals_TDY_daily,2026-04-28_FMP_Technicals_TDY_daily,entity,,,,,,,,,,,,,,,[],,,Entity
world:entity:2026-04-28-fmp-technicals-tjx-daily,2026-06-01,2026-04-28_FMP_Technicals_TJX_daily,,,,Entities,,2026-04-28_FMP_Technicals_TJX_daily,2026-04-28_FMP_Technicals_TJX_daily,entity,,,,,,,,,,,,,,,[],,,Entity
world:entity:2026-04-28-fmp-technicals-tmhc-daily,2026-06-01,2026-04-28_FMP_Technicals_TMHC_daily,,,,Entities,,2026-04-28_FMP_Technicals_TMHC_daily,2026-04-28_FMP_Technicals_TMHC_daily,entity,,,,,,,,,,,,,,,[],,,Entity
world:entity:2026-04-28-fmp-technicals-tmo-daily,2026-06-01,2026-04-28_FMP_Technicals_TMO_daily,,,,Entities,,2026-04-28_FMP_Technicals_TMO_daily,2026-04-28_FMP_Technicals_TMO_daily,entity,,,,,,,,,,,,,,,[],,,Entity
world:entity:2026-04-28-fmp-technicals-tnc-daily,2026-06-01,2026-04-28_FMP_Technicals_TNC_daily,,,,Entities,,2026-04-28_FMP_Technicals_TNC_daily,2026-04-28_FMP_Technicals_TNC_daily,entity,,,,,,,,,,,,,,,[],,,Entity
world:entity:2026-04-28-fmp-technicals-tol-daily,2026-06-01,2026-04-28_FMP_Technicals_TOL_daily,,,,Entities,,2026-04-28_FMP_Technicals_TOL_daily,2026-04-28_FMP_Technicals_TOL_daily,entity,,,,,,,,,,,,,,,[],,,Entity
world:entity:2026-04-28-fmp-technicals-tsla-daily,2026-06-01,2026-04-28_FMP_Technicals_TSLA_daily,,,,Entities,,2026-04-28_FMP_Technicals_TSLA_daily,2026-04-28_FMP_Technicals_TSLA_daily,entity,,,,,,,,,,,,,,,[],,,Entity
world:entity:2026-04-28-fmp-technicals-tsn-daily,2026-06-01,2026-04-28_FMP_Technicals_TSN_daily,,,,Entities,,2026-04-28_FMP_Technicals_TSN_daily,2026-04-28_FMP_Technicals_TSN_daily,entity,,,,,,,,,,,,,,,[],,,Entity
world:entity:2026-04-28-fmp-technicals-twst-daily,2026-06-01,2026-04-28_FMP_Technicals_TWST_daily,,,,Entities,,2026-04-28_FMP_Technicals_TWST_daily,2026-04-28_FMP_Technicals_TWST_daily,entity,,,,,,,,,,,,,,,[],,,Entity
world:entity:2026-04-28-fmp-technicals-txt-daily,2026-06-01,2026-04-28_FMP_Technicals_TXT_daily,,,,Entities,,2026-04-28_FMP_Technicals_TXT_daily,2026-04-28_FMP_Technicals_TXT_daily,entity,,,,,,,,,,,,,,,[],,,Entity
world:entity:2026-04-28-fmp-technicals-ufpt-daily,2026-06-01,2026-04-28_FMP_Technicals_UFPT_daily,,,,Entities,,2026-04-28_FMP_Technicals_UFPT_daily,2026-04-28_FMP_Technicals_UFPT_daily,entity,,,,,,,,,,,,,,,[],,,Entity
world:entity:2026-04-28-fmp-technicals-umac-daily,2026-06-01,2026-04-28_FMP_Technicals_UMAC_daily,,,,Entities,,2026-04-28_FMP_Technicals_UMAC_daily,2026-04-28_FMP_Technicals_UMAC_daily,entity,,,,,,,,,,,,,,,[],,,Entity
world:entity:2026-04-28-fmp-technicals-unh-daily,2026-06-01,2026-04-28_FMP_Technicals_UNH_daily,,,,Entities,,2026-04-28_FMP_Technicals_UNH_daily,2026-04-28_FMP_Technicals_UNH_daily,entity,,,,,,,,,,,,,,,[],,,Entity
world:entity:2026-04-28-fmp-technicals-unp-daily,2026-06-01,2026-04-28_FMP_Technicals_UNP_daily,,,,Entities,,2026-04-28_FMP_Technicals_UNP_daily,2026-04-28_FMP_Technicals_UNP_daily,entity,,,,,,,,,,,,,,,[],,,Entity
world:entity:2026-04-28-fmp-technicals-unty-daily,2026-06-01,2026-04-28_FMP_Technicals_UNTY_daily,,,,Entities,,2026-04-28_FMP_Technicals_UNTY_daily,2026-04-28_FMP_Technicals_UNTY_daily,entity,,,,,,,,,,,,,,,[],,,Entity
world:entity:2026-04-28-fmp-technicals-v-daily,2026-06-01,2026-04-28_FMP_Technicals_V_daily,,,,Entities,,2026-04-28_FMP_Technicals_V_daily,2026-04-28_FMP_Technicals_V_daily,entity,,,,,,,,,,,,,,,[],,,Entity
world:entity:2026-04-28-fmp-technicals-vktx-daily,2026-06-01,2026-04-28_FMP_Technicals_VKTX_daily,,,,Entities,,2026-04-28_FMP_Technicals_VKTX_daily,2026-04-28_FMP_Technicals_VKTX_daily,entity,,,,,,,,,,,,,,,[],,,Entity
world:entity:2026-04-28-fmp-technicals-vlo-daily,2026-06-01,2026-04-28_FMP_Technicals_VLO_daily,,,,Entities,,2026-04-28_FMP_Technicals_VLO_daily,2026-04-28_FMP_Technicals_VLO_daily,entity,,,,,,,,,,,,,,,[],,,Entity
world:entity:2026-04-28-fmp-technicals-vst-daily,2026-06-01,2026-04-28_FMP_Technicals_VST_daily,,,,Entities,,2026-04-28_FMP_Technicals_VST_daily,2026-04-28_FMP_Technicals_VST_daily,entity,,,,,,,,,,,,,,,[],,,Entity
world:entity:2026-04-28-fmp-technicals-vz-daily,2026-06-01,2026-04-28_FMP_Technicals_VZ_daily,,,,Entities,,2026-04-28_FMP_Technicals_VZ_daily,2026-04-28_FMP_Technicals_VZ_daily,entity,,,,,,,,,,,,,,,[],,,Entity
world:entity:2026-04-28-fmp-technicals-wcc-daily,2026-06-01,2026-04-28_FMP_Technicals_WCC_daily,,,,Entities,,2026-04-28_FMP_Technicals_WCC_daily,2026-04-28_FMP_Technicals_WCC_daily,entity,,,,,,,,,,,,,,,[],,,Entity
world:entity:2026-04-28-fmp-technicals-well-daily,2026-06-01,2026-04-28_FMP_Technicals_WELL_daily,,,,Entities,,2026-04-28_FMP_Technicals_WELL_daily,2026-04-28_FMP_Technicals_WELL_daily,entity,,,,,,,,,,,,,,,[],,,Entity
world:entity:2026-04-28-fmp-technicals-wfc-daily,2026-06-01,2026-04-28_FMP_Technicals_WFC_daily,,,,Entities,,2026-04-28_FMP_Technicals_WFC_daily,2026-04-28_FMP_Technicals_WFC_daily,entity,,,,,,,,,,,,,,,[],,,Entity
world:entity:2026-04-28-fmp-technicals-wm-daily,2026-06-01,2026-04-28_FMP_Technicals_WM_daily,,,,Entities,,2026-04-28_FMP_Technicals_WM_daily,2026-04-28_FMP_Technicals_WM_daily,entity,,,,,,,,,,,,,,,[],,,Entity
world:entity:2026-04-28-fmp-technicals-wmt-daily,2026-06-01,2026-04-28_FMP_Technicals_WMT_daily,,,,Entities,,2026-04-28_FMP_Technicals_WMT_daily,2026-04-28_FMP_Technicals_WMT_daily,entity,,,,,,,,,,,,,,,[],,,Entity
world:entity:2026-04-28-fmp-technicals-wolf-daily,2026-06-01,2026-04-28_FMP_Technicals_WOLF_daily,,,,Entities,,2026-04-28_FMP_Technicals_WOLF_daily,2026-04-28_FMP_Technicals_WOLF_daily,entity,,,,,,,,,,,,,,,[],,,Entity
world:entity:2026-04-28-fmp-technicals-wpm-daily,2026-06-01,2026-04-28_FMP_Technicals_WPM_daily,,,,Entities,,2026-04-28_FMP_Technicals_WPM_daily,2026-04-28_FMP_Technicals_WPM_daily,entity,,,,,,,,,,,,,,,[],,,Entity
world:entity:2026-04-28-fmp-technicals-xel-daily,2026-06-01,2026-04-28_FMP_Technicals_XEL_daily,,,,Entities,,2026-04-28_FMP_Technicals_XEL_daily,2026-04-28_FMP_Technicals_XEL_daily,entity,,,,,,,,,,,,,,,[],,,Entity
world:entity:2026-04-28-fmp-technicals-xom-daily,2026-06-01,2026-04-28_FMP_Technicals_XOM_daily,,,,Entities,,2026-04-28_FMP_Technicals_XOM_daily,2026-04-28_FMP_Technicals_XOM_daily,entity,,,,,,,,,,,,,,,[],,,Entity
world:entity:2026-04-28-fmp-technicals-xoma-daily,2026-06-01,2026-04-28_FMP_Technicals_XOMA_daily,,,,Entities,,2026-04-28_FMP_Technicals_XOMA_daily,2026-04-28_FMP_Technicals_XOMA_daily,entity,,,,,,,,,,,,,,,[],,,Entity
world:entity:2026-04-28-fmp-thesis-watchlist-capital-raise-survivors-small-cap-inflection-basket,2026-06-01,2026-04-28_FMP_Thesis_Watchlist_Capital_Raise_Survivors_Small-Cap_Inflection_Basket,,,,Entities,,2026-04-28_FMP_Thesis_Watchlist_Capital_Raise_Survivors_Small-Cap_Inflection_Basket,2026-04-28_FMP_Thesis_Watchlist_Capital_Raise_Survivors_Small-Cap_Inflection_Basket,entity,,,,,,,,,,,,,,,[],,,Entity
world:entity:2026-04-29-agent-analysis-aapl,2026-06-01,2026-04-29_Agent_Analysis_AAPL,,,,Entities,,2026-04-29_Agent_Analysis_AAPL,2026-04-29_Agent_Analysis_AAPL,entity,,,,,,,,,,,,,,,[],,,Entity
world:entity:2026-04-29-agent-analysis-amzn,2026-06-01,2026-04-29_Agent_Analysis_AMZN,,,,Entities,,2026-04-29_Agent_Analysis_AMZN,2026-04-29_Agent_Analysis_AMZN,entity,,,,,,,,,,,,,,,[],,,Entity
world:entity:2026-04-29-agent-analysis-axp,2026-06-01,2026-04-29_Agent_Analysis_AXP,,,,Entities,,2026-04-29_Agent_Analysis_AXP,2026-04-29_Agent_Analysis_AXP,entity,,,,,,,,,,,,,,,[],,,Entity
world:entity:2026-04-29-agent-analysis-brk-b,2026-06-01,2026-04-29_Agent_Analysis_BRK_B,,,,Entities,,2026-04-29_Agent_Analysis_BRK_B,2026-04-29_Agent_Analysis_BRK_B,entity,,,,,,,,,,,,,,,[],,,Entity
world:entity:2026-04-29-agent-analysis-etn,2026-06-01,2026-04-29_Agent_Analysis_ETN,,,,Entities,,2026-04-29_Agent_Analysis_ETN,2026-04-29_Agent_Analysis_ETN,entity,,,,,,,,,,,,,,,[],,,Entity
world:entity:2026-04-29-agent-analysis-gold,2026-06-01,2026-04-29_Agent_Analysis_GOLD,,,,Entities,,2026-04-29_Agent_Analysis_GOLD,2026-04-29_Agent_Analysis_GOLD,entity,,,,,,,,,,,,,,,[],,,Entity
world:entity:2026-04-29-agent-analysis-googl,2026-06-01,2026-04-29_Agent_Analysis_GOOGL,,,,Entities,,2026-04-29_Agent_Analysis_GOOGL,2026-04-29_Agent_Analysis_GOOGL,entity,,,,,,,,,,,,,,,[],,,Entity
world:entity:2026-04-29-agent-analysis-ko,2026-06-01,2026-04-29_Agent_Analysis_KO,,,,Entities,,2026-04-29_Agent_Analysis_KO,2026-04-29_Agent_Analysis_KO,entity,,,,,,,,,,,,,,,[],,,Entity
world:entity:2026-04-29-agent-analysis-msft,2026-06-01,2026-04-29_Agent_Analysis_MSFT,,,,Entities,,2026-04-29_Agent_Analysis_MSFT,2026-04-29_Agent_Analysis_MSFT,entity,,,,,,,,,,,,,,,[],,,Entity
world:entity:2026-04-29-agent-analysis-nem,2026-06-01,2026-04-29_Agent_Analysis_NEM,,,,Entities,,2026-04-29_Agent_Analysis_NEM,2026-04-29_Agent_Analysis_NEM,entity,,,,,,,,,,,,,,,[],,,Entity
world:entity:2026-04-29-agent-analysis-nvda,2026-06-01,2026-04-29_Agent_Analysis_NVDA,,,,Entities,,2026-04-29_Agent_Analysis_NVDA,2026-04-29_Agent_Analysis_NVDA,entity,,,,,,,,,,,,,,,[],,,Entity
world:entity:2026-04-29-agent-analysis-pltr,2026-06-01,2026-04-29_Agent_Analysis_PLTR,,,,Entities,,2026-04-29_Agent_Analysis_PLTR,2026-04-29_Agent_Analysis_PLTR,entity,,,,,,,,,,,,,,,[],,,Entity
world:entity:2026-04-29-agent-analysis-qqq,2026-06-01,2026-04-29_Agent_Analysis_QQQ,,,,Entities,,2026-04-29_Agent_Analysis_QQQ,2026-04-29_Agent_Analysis_QQQ,entity,,,,,,,,,,,,,,,[],,,Entity
world:entity:2026-04-29-agent-analysis-spy,2026-06-01,2026-04-29_Agent_Analysis_SPY,,,,Entities,,2026-04-29_Agent_Analysis_SPY,2026-04-29_Agent_Analysis_SPY,entity,,,,,,,,,,,,,,,[],,,Entity
world:entity:2026-04-29-agent-analysis-wpm,2026-06-01,2026-04-29_Agent_Analysis_WPM,,,,Entities,,2026-04-29_Agent_Analysis_WPM,2026-04-29_Agent_Analysis_WPM,entity,,,,,,,,,,,,,,,[],,,Entity
world:entity:2026-04-29-agent-analysis-xom,2026-06-01,2026-04-29_Agent_Analysis_XOM,,,,Entities,,2026-04-29_Agent_Analysis_XOM,2026-04-29_Agent_Analysis_XOM,entity,,,,,,,,,,,,,,,[],,,Entity
world:entity:2026-04-29-fmp-earnings-calendar-thesis-watchlists,2026-06-01,2026-04-29_FMP_Earnings_Calendar_Thesis_Watchlists,,,,Entities,,2026-04-29_FMP_Earnings_Calendar_Thesis_Watchlists,2026-04-29_FMP_Earnings_Calendar_Thesis_Watchlists,entity,,,,,,,,,,,,,,,[],,,Entity
world:entity:2026-04-29-fmp-technicals-abbv-daily,2026-06-01,2026-04-29_FMP_Technicals_ABBV_daily,,,,Entities,,2026-04-29_FMP_Technicals_ABBV_daily,2026-04-29_FMP_Technicals_ABBV_daily,entity,,,,,,,,,,,,,,,[],,,Entity
world:entity:2026-04-29-fmp-technicals-acad-daily,2026-06-01,2026-04-29_FMP_Technicals_ACAD_daily,,,,Entities,,2026-04-29_FMP_Technicals_ACAD_daily,2026-04-29_FMP_Technicals_ACAD_daily,entity,,,,,,,,,,,,,,,[],,,Entity
world:entity:2026-04-29-fmp-technicals-achr-daily,2026-06-01,2026-04-29_FMP_Technicals_ACHR_daily,,,,Entities,,2026-04-29_FMP_Technicals_ACHR_daily,2026-04-29_FMP_Technicals_ACHR_daily,entity,,,,,,,,,,,,,,,[],,,Entity
world:entity:2026-04-29-fmp-technicals-adm-daily,2026-06-01,2026-04-29_FMP_Technicals_ADM_daily,,,,Entities,,2026-04-29_FMP_Technicals_ADM_daily,2026-04-29_FMP_Technicals_ADM_daily,entity,,,,,,,,,,,,,,,[],,,Entity
world:entity:2026-04-29-fmp-technicals-airo-daily,2026-06-01,2026-04-29_FMP_Technicals_AIRO_daily,,,,Entities,,2026-04-29_FMP_Technicals_AIRO_daily,2026-04-29_FMP_Technicals_AIRO_daily,entity,,,,,,,,,,,,,,,[],,,Entity
world:entity:2026-04-29-fmp-technicals-alks-daily,2026-06-01,2026-04-29_FMP_Technicals_ALKS_daily,,,,Entities,,2026-04-29_FMP_Technicals_ALKS_daily,2026-04-29_FMP_Technicals_ALKS_daily,entity,,,,,,,,,,,,,,,[],,,Entity
world:entity:2026-04-29-fmp-technicals-alvo-daily,2026-06-01,2026-04-29_FMP_Technicals_ALVO_daily,,,,Entities,,2026-04-29_FMP_Technicals_ALVO_daily,2026-04-29_FMP_Technicals_ALVO_daily,entity,,,,,,,,,,,,,,,[],,,Entity
world:entity:2026-04-29-fmp-technicals-amat-daily,2026-06-01,2026-04-29_FMP_Technicals_AMAT_daily,,,,Entities,,2026-04-29_FMP_Technicals_AMAT_daily,2026-04-29_FMP_Technicals_AMAT_daily,entity,,,,,,,,,,,,,,,[],,,Entity
world:entity:2026-04-29-fmp-technicals-amgn-daily,2026-06-01,2026-04-29_FMP_Technicals_AMGN_daily,,,,Entities,,2026-04-29_FMP_Technicals_AMGN_daily,2026-04-29_FMP_Technicals_AMGN_daily,entity,,,,,,,,,,,,,,,[],,,Entity
world:entity:2026-04-29-fmp-technicals-amsc-daily,2026-06-01,2026-04-29_FMP_Technicals_AMSC_daily,,,,Entities,,2026-04-29_FMP_Technicals_AMSC_daily,2026-04-29_FMP_Technicals_AMSC_daily,entity,,,,,,,,,,,,,,,[],,,Entity
world:entity:2026-04-29-fmp-technicals-amzn-daily,2026-06-01,2026-04-29_FMP_Technicals_AMZN_daily,,,,Entities,,2026-04-29_FMP_Technicals_AMZN_daily,2026-04-29_FMP_Technicals_AMZN_daily,entity,,,,,,,,,,,,,,,[],,,Entity
world:entity:2026-04-29-fmp-technicals-asts-daily,2026-06-01,2026-04-29_FMP_Technicals_ASTS_daily,,,,Entities,,2026-04-29_FMP_Technicals_ASTS_daily,2026-04-29_FMP_Technicals_ASTS_daily,entity,,,,,,,,,,,,,,,[],,,Entity
world:entity:2026-04-29-fmp-technicals-atai-daily,2026-06-01,2026-04-29_FMP_Technicals_ATAI_daily,,,,Entities,,2026-04-29_FMP_Technicals_ATAI_daily,2026-04-29_FMP_Technicals_ATAI_daily,entity,,,,,,,,,,,,,,,[],,,Entity
world:entity:2026-04-29-fmp-technicals-avav-daily,2026-06-01,2026-04-29_FMP_Technicals_AVAV_daily,,,,Entities,,2026-04-29_FMP_Technicals_AVAV_daily,2026-04-29_FMP_Technicals_AVAV_daily,entity,,,,,,,,,,,,,,,[],,,Entity
world:entity:2026-04-29-fmp-technicals-bah-daily,2026-06-01,2026-04-29_FMP_Technicals_BAH_daily,,,,Entities,,2026-04-29_FMP_Technicals_BAH_daily,2026-04-29_FMP_Technicals_BAH_daily,entity,,,,,,,,,,,,,,,[],,,Entity
world:entity:2026-04-29-fmp-technicals-bbai-daily,2026-06-01,2026-04-29_FMP_Technicals_BBAI_daily,,,,Entities,,2026-04-29_FMP_Technicals_BBAI_daily,2026-04-29_FMP_Technicals_BBAI_daily,entity,,,,,,,,,,,,,,,[],,,Entity
world:entity:2026-04-29-fmp-technicals-beam-daily,2026-06-01,2026-04-29_FMP_Technicals_BEAM_daily,,,,Entities,,2026-04-29_FMP_Technicals_BEAM_daily,2026-04-29_FMP_Technicals_BEAM_daily,entity,,,,,,,,,,,,,,,[],,,Entity
world:entity:2026-04-29-fmp-technicals-bg-daily,2026-06-01,2026-04-29_FMP_Technicals_BG_daily,,,,Entities,,2026-04-29_FMP_Technicals_BG_daily,2026-04-29_FMP_Technicals_BG_daily,entity,,,,,,,,,,,,,,,[],,,Entity
world:entity:2026-04-29-fmp-technicals-biib-daily,2026-06-01,2026-04-29_FMP_Technicals_BIIB_daily,,,,Entities,,2026-04-29_FMP_Technicals_BIIB_daily,2026-04-29_FMP_Technicals_BIIB_daily,entity,,,,,,,,,,,,,,,[],,,Entity
world:entity:2026-04-29-fmp-technicals-bksy-daily,2026-06-01,2026-04-29_FMP_Technicals_BKSY_daily,,,,Entities,,2026-04-29_FMP_Technicals_BKSY_daily,2026-04-29_FMP_Technicals_BKSY_daily,entity,,,,,,,,,,,,,,,[],,,Entity
world:entity:2026-04-29-fmp-technicals-brbr-daily,2026-06-01,2026-04-29_FMP_Technicals_BRBR_daily,,,,Entities,,2026-04-29_FMP_Technicals_BRBR_daily,2026-04-29_FMP_Technicals_BRBR_daily,entity,,,,,,,,,,,,,,,[],,,Entity
world:entity:2026-04-29-fmp-technicals-bw-daily,2026-06-01,2026-04-29_FMP_Technicals_BW_daily,,,,Entities,,2026-04-29_FMP_Technicals_BW_daily,2026-04-29_FMP_Technicals_BW_daily,entity,,,,,,,,,,,,,,,[],,,Entity
world:entity:2026-04-29-fmp-technicals-bynd-daily,2026-06-01,2026-04-29_FMP_Technicals_BYND_daily,,,,Entities,,2026-04-29_FMP_Technicals_BYND_daily,2026-04-29_FMP_Technicals_BYND_daily,entity,,,,,,,,,,,,,,,[],,,Entity
world:entity:2026-04-29-fmp-technicals-caci-daily,2026-06-01,2026-04-29_FMP_Technicals_CACI_daily,,,,Entities,,2026-04-29_FMP_Technicals_CACI_daily,2026-04-29_FMP_Technicals_CACI_daily,entity,,,,,,,,,,,,,,,[],,,Entity
world:entity:2026-04-29-fmp-technicals-ccj-daily,2026-06-01,2026-04-29_FMP_Technicals_CCJ_daily,,,,Entities,,2026-04-29_FMP_Technicals_CCJ_daily,2026-04-29_FMP_Technicals_CCJ_daily,entity,,,,,,,,,,,,,,,[],,,Entity
world:entity:2026-04-29-fmp-technicals-ceg-daily,2026-06-01,2026-04-29_FMP_Technicals_CEG_daily,,,,Entities,,2026-04-29_FMP_Technicals_CEG_daily,2026-04-29_FMP_Technicals_CEG_daily,entity,,,,,,,,,,,,,,,[],,,Entity
world:entity:2026-04-29-fmp-technicals-cmps-daily,2026-06-01,2026-04-29_FMP_Technicals_CMPS_daily,,,,Entities,,2026-04-29_FMP_Technicals_CMPS_daily,2026-04-29_FMP_Technicals_CMPS_daily,entity,,,,,,,,,,,,,,,[],,,Entity
world:entity:2026-04-29-fmp-technicals-coin-daily,2026-06-01,2026-04-29_FMP_Technicals_COIN_daily,,,,Entities,,2026-04-29_FMP_Technicals_COIN_daily,2026-04-29_FMP_Technicals_COIN_daily,entity,,,,,,,,,,,,,,,[],,,Entity
world:entity:2026-04-29-fmp-technicals-crsp-daily,2026-06-01,2026-04-29_FMP_Technicals_CRSP_daily,,,,Entities,,2026-04-29_FMP_Technicals_CRSP_daily,2026-04-29_FMP_Technicals_CRSP_daily,entity,,,,,,,,,,,,,,,[],,,Entity
world:entity:2026-04-29-fmp-technicals-ctva-daily,2026-06-01,2026-04-29_FMP_Technicals_CTVA_daily,,,,Entities,,2026-04-29_FMP_Technicals_CTVA_daily,2026-04-29_FMP_Technicals_CTVA_daily,entity,,,,,,,,,,,,,,,[],,,Entity
world:entity:2026-04-29-fmp-technicals-dftx-daily,2026-06-01,2026-04-29_FMP_Technicals_DFTX_daily,,,,Entities,,2026-04-29_FMP_Technicals_DFTX_daily,2026-04-29_FMP_Technicals_DFTX_daily,entity,,,,,,,,,,,,,,,[],,,Entity
world:entity:2026-04-29-fmp-technicals-dhi-daily,2026-06-01,2026-04-29_FMP_Technicals_DHI_daily,,,,Entities,,2026-04-29_FMP_Technicals_DHI_daily,2026-04-29_FMP_Technicals_DHI_daily,entity,,,,,,,,,,,,,,,[],,,Entity
world:entity:2026-04-29-fmp-technicals-dna-daily,2026-06-01,2026-04-29_FMP_Technicals_DNA_daily,,,,Entities,,2026-04-29_FMP_Technicals_DNA_daily,2026-04-29_FMP_Technicals_DNA_daily,entity,,,,,,,,,,,,,,,[],,,Entity
world:entity:2026-04-29-fmp-technicals-dpro-daily,2026-06-01,2026-04-29_FMP_Technicals_DPRO_daily,,,,Entities,,2026-04-29_FMP_Technicals_DPRO_daily,2026-04-29_FMP_Technicals_DPRO_daily,entity,,,,,,,,,,,,,,,[],,,Entity
world:entity:2026-04-29-fmp-technicals-ecpg-daily,2026-06-01,2026-04-29_FMP_Technicals_ECPG_daily,,,,Entities,,2026-04-29_FMP_Technicals_ECPG_daily,2026-04-29_FMP_Technicals_ECPG_daily,entity,,,,,,,,,,,,,,,[],,,Entity
world:entity:2026-04-29-fmp-technicals-edit-daily,2026-06-01,2026-04-29_FMP_Technicals_EDIT_daily,,,,Entities,,2026-04-29_FMP_Technicals_EDIT_daily,2026-04-29_FMP_Technicals_EDIT_daily,entity,,,,,,,,,,,,,,,[],,,Entity
world:entity:2026-04-29-fmp-technicals-eh-daily,2026-06-01,2026-04-29_FMP_Technicals_EH_daily,,,,Entities,,2026-04-29_FMP_Technicals_EH_daily,2026-04-29_FMP_Technicals_EH_daily,entity,,,,,,,,,,,,,,,[],,,Entity
world:entity:2026-04-29-fmp-technicals-envx-daily,2026-06-01,2026-04-29_FMP_Technicals_ENVX_daily,,,,Entities,,2026-04-29_FMP_Technicals_ENVX_daily,2026-04-29_FMP_Technicals_ENVX_daily,entity,,,,,,,,,,,,,,,[],,,Entity
world:entity:2026-04-29-fmp-technicals-eslt-daily,2026-06-01,2026-04-29_FMP_Technicals_ESLT_daily,,,,Entities,,2026-04-29_FMP_Technicals_ESLT_daily,2026-04-29_FMP_Technicals_ESLT_daily,entity,,,,,,,,,,,,,,,[],,,Entity
world:entity:2026-04-29-fmp-technicals-etn-daily,2026-06-01,2026-04-29_FMP_Technicals_ETN_daily,,,,Entities,,2026-04-29_FMP_Technicals_ETN_daily,2026-04-29_FMP_Technicals_ETN_daily,entity,,,,,,,,,,,,,,,[],,,Entity
world:entity:2026-04-29-fmp-technicals-evtl-daily,2026-06-01,2026-04-29_FMP_Technicals_EVTL_daily,,,,Entities,,2026-04-29_FMP_Technicals_EVTL_daily,2026-04-29_FMP_Technicals_EVTL_daily,entity,,,,,,,,,,,,,,,[],,,Entity
world:entity:2026-04-29-fmp-technicals-flnc-daily,2026-06-01,2026-04-29_FMP_Technicals_FLNC_daily,,,,Entities,,2026-04-29_FMP_Technicals_FLNC_daily,2026-04-29_FMP_Technicals_FLNC_daily,entity,,,,,,,,,,,,,,,[],,,Entity
world:entity:2026-04-29-fmp-technicals-fmc-daily,2026-06-01,2026-04-29_FMP_Technicals_FMC_daily,,,,Entities,,2026-04-29_FMP_Technicals_FMC_daily,2026-04-29_FMP_Technicals_FMC_daily,entity,,,,,,,,,,,,,,,[],,,Entity
world:entity:2026-04-29-fmp-technicals-gd-daily,2026-06-01,2026-04-29_FMP_Technicals_GD_daily,,,,Entities,,2026-04-29_FMP_Technicals_GD_daily,2026-04-29_FMP_Technicals_GD_daily,entity,,,,,,,,,,,,,,,[],,,Entity
world:entity:2026-04-29-fmp-technicals-gev-daily,2026-06-01,2026-04-29_FMP_Technicals_GEV_daily,,,,Entities,,2026-04-29_FMP_Technicals_GEV_daily,2026-04-29_FMP_Technicals_GEV_daily,entity,,,,,,,,,,,,,,,[],,,Entity
world:entity:2026-04-29-fmp-technicals-ghrs-daily,2026-06-01,2026-04-29_FMP_Technicals_GHRS_daily,,,,Entities,,2026-04-29_FMP_Technicals_GHRS_daily,2026-04-29_FMP_Technicals_GHRS_daily,entity,,,,,,,,,,,,,,,[],,,Entity
world:entity:2026-04-29-fmp-technicals-gold-daily,2026-06-01,2026-04-29_FMP_Technicals_GOLD_daily,,,,Entities,,2026-04-29_FMP_Technicals_GOLD_daily,2026-04-29_FMP_Technicals_GOLD_daily,entity,,,,,,,,,,,,,,,[],,,Entity
world:entity:2026-04-29-fmp-technicals-googl-daily,2026-06-01,2026-04-29_FMP_Technicals_GOOGL_daily,,,,Entities,,2026-04-29_FMP_Technicals_GOOGL_daily,2026-04-29_FMP_Technicals_GOOGL_daily,entity,,,,,,,,,,,,,,,[],,,Entity
world:entity:2026-04-29-fmp-technicals-help-daily,2026-06-01,2026-04-29_FMP_Technicals_HELP_daily,,,,Entities,,2026-04-29_FMP_Technicals_HELP_daily,2026-04-29_FMP_Technicals_HELP_daily,entity,,,,,,,,,,,,,,,[],,,Entity
world:entity:2026-04-29-fmp-technicals-hims-daily,2026-06-01,2026-04-29_FMP_Technicals_HIMS_daily,,,,Entities,,2026-04-29_FMP_Technicals_HIMS_daily,2026-04-29_FMP_Technicals_HIMS_daily,entity,,,,,,,,,,,,,,,[],,,Entity
world:entity:2026-04-29-fmp-technicals-hovr-daily,2026-06-01,2026-04-29_FMP_Technicals_HOVR_daily,,,,Entities,,2026-04-29_FMP_Technicals_HOVR_daily,2026-04-29_FMP_Technicals_HOVR_daily,entity,,,,,,,,,,,,,,,[],,,Entity
world:entity:2026-04-29-fmp-technicals-hubb-daily,2026-06-01,2026-04-29_FMP_Technicals_HUBB_daily,,,,Entities,,2026-04-29_FMP_Technicals_HUBB_daily,2026-04-29_FMP_Technicals_HUBB_daily,entity,,,,,,,,,,,,,,,[],,,Entity
world:entity:2026-04-29-fmp-technicals-iff-daily,2026-06-01,2026-04-29_FMP_Technicals_IFF_daily,,,,Entities,,2026-04-29_FMP_Technicals_IFF_daily,2026-04-29_FMP_Technicals_IFF_daily,entity,,,,,,,,,,,,,,,[],,,Entity
world:entity:2026-04-29-fmp-technicals-iipr-daily,2026-06-01,2026-04-29_FMP_Technicals_IIPR_daily,,,,Entities,,2026-04-29_FMP_Technicals_IIPR_daily,2026-04-29_FMP_Technicals_IIPR_daily,entity,,,,,,,,,,,,,,,[],,,Entity
world:entity:2026-04-29-fmp-technicals-inva-daily,2026-06-01,2026-04-29_FMP_Technicals_INVA_daily,,,,Entities,,2026-04-29_FMP_Technicals_INVA_daily,2026-04-29_FMP_Technicals_INVA_daily,entity,,,,,,,,,,,,,,,[],,,Entity
world:entity:2026-04-29-fmp-technicals-ionq-daily,2026-06-01,2026-04-29_FMP_Technicals_IONQ_daily,,,,Entities,,2026-04-29_FMP_Technicals_IONQ_daily,2026-04-29_FMP_Technicals_IONQ_daily,entity,,,,,,,,,,,,,,,[],,,Entity
world:entity:2026-04-29-fmp-technicals-jnj-daily,2026-06-01,2026-04-29_FMP_Technicals_JNJ_daily,,,,Entities,,2026-04-29_FMP_Technicals_JNJ_daily,2026-04-29_FMP_Technicals_JNJ_daily,entity,,,,,,,,,,,,,,,[],,,Entity
world:entity:2026-04-29-fmp-technicals-joby-daily,2026-06-01,2026-04-29_FMP_Technicals_JOBY_daily,,,,Entities,,2026-04-29_FMP_Technicals_JOBY_daily,2026-04-29_FMP_Technicals_JOBY_daily,entity,,,,,,,,,,,,,,,[],,,Entity
world:entity:2026-04-29-fmp-technicals-klac-daily,2026-06-01,2026-04-29_FMP_Technicals_KLAC_daily,,,,Entities,,2026-04-29_FMP_Technicals_KLAC_daily,2026-04-29_FMP_Technicals_KLAC_daily,entity,,,,,,,,,,,,,,,[],,,Entity
world:entity:2026-04-29-fmp-technicals-ktos-daily,2026-06-01,2026-04-29_FMP_Technicals_KTOS_daily,,,,Entities,,2026-04-29_FMP_Technicals_KTOS_daily,2026-04-29_FMP_Technicals_KTOS_daily,entity,,,,,,,,,,,,,,,[],,,Entity
world:entity:2026-04-29-fmp-technicals-ldos-daily,2026-06-01,2026-04-29_FMP_Technicals_LDOS_daily,,,,Entities,,2026-04-29_FMP_Technicals_LDOS_daily,2026-04-29_FMP_Technicals_LDOS_daily,entity,,,,,,,,,,,,,,,[],,,Entity
world:entity:2026-04-29-fmp-technicals-len-daily,2026-06-01,2026-04-29_FMP_Technicals_LEN_daily,,,,Entities,,2026-04-29_FMP_Technicals_LEN_daily,2026-04-29_FMP_Technicals_LEN_daily,entity,,,,,,,,,,,,,,,[],,,Entity
world:entity:2026-04-29-fmp-technicals-lhx-daily,2026-06-01,2026-04-29_FMP_Technicals_LHX_daily,,,,Entities,,2026-04-29_FMP_Technicals_LHX_daily,2026-04-29_FMP_Technicals_LHX_daily,entity,,,,,,,,,,,,,,,[],,,Entity
world:entity:2026-04-29-fmp-technicals-lly-daily,2026-06-01,2026-04-29_FMP_Technicals_LLY_daily,,,,Entities,,2026-04-29_FMP_Technicals_LLY_daily,2026-04-29_FMP_Technicals_LLY_daily,entity,,,,,,,,,,,,,,,[],,,Entity
world:entity:2026-04-29-fmp-technicals-lmt-daily,2026-06-01,2026-04-29_FMP_Technicals_LMT_daily,,,,Entities,,2026-04-29_FMP_Technicals_LMT_daily,2026-04-29_FMP_Technicals_LMT_daily,entity,,,,,,,,,,,,,,,[],,,Entity
world:entity:2026-04-29-fmp-technicals-lrcx-daily,2026-06-01,2026-04-29_FMP_Technicals_LRCX_daily,,,,Entities,,2026-04-29_FMP_Technicals_LRCX_daily,2026-04-29_FMP_Technicals_LRCX_daily,entity,,,,,,,,,,,,,,,[],,,Entity
world:entity:2026-04-29-fmp-technicals-mnts-daily,2026-06-01,2026-04-29_FMP_Technicals_MNTS_daily,,,,Entities,,2026-04-29_FMP_Technicals_MNTS_daily,2026-04-29_FMP_Technicals_MNTS_daily,entity,,,,,,,,,,,,,,,[],,,Entity
world:entity:2026-04-29-fmp-technicals-mrk-daily,2026-06-01,2026-04-29_FMP_Technicals_MRK_daily,,,,Entities,,2026-04-29_FMP_Technicals_MRK_daily,2026-04-29_FMP_Technicals_MRK_daily,entity,,,,,,,,,,,,,,,[],,,Entity
world:entity:2026-04-29-fmp-technicals-msft-daily,2026-06-01,2026-04-29_FMP_Technicals_MSFT_daily,,,,Entities,,2026-04-29_FMP_Technicals_MSFT_daily,2026-04-29_FMP_Technicals_MSFT_daily,entity,,,,,,,,,,,,,,,[],,,Entity
world:entity:2026-04-29-fmp-technicals-mstr-daily,2026-06-01,2026-04-29_FMP_Technicals_MSTR_daily,,,,Entities,,2026-04-29_FMP_Technicals_MSTR_daily,2026-04-29_FMP_Technicals_MSTR_daily,entity,,,,,,,,,,,,,,,[],,,Entity
world:entity:2026-04-29-fmp-technicals-mtz-daily,2026-06-01,2026-04-29_FMP_Technicals_MTZ_daily,,,,Entities,,2026-04-29_FMP_Technicals_MTZ_daily,2026-04-29_FMP_Technicals_MTZ_daily,entity,,,,,,,,,,,,,,,[],,,Entity
world:entity:2026-04-29-fmp-technicals-myrg-daily,2026-06-01,2026-04-29_FMP_Technicals_MYRG_daily,,,,Entities,,2026-04-29_FMP_Technicals_MYRG_daily,2026-04-29_FMP_Technicals_MYRG_daily,entity,,,,,,,,,,,,,,,[],,,Entity
world:entity:2026-04-29-fmp-technicals-nbix-daily,2026-06-01,2026-04-29_FMP_Technicals_NBIX_daily,,,,Entities,,2026-04-29_FMP_Technicals_NBIX_daily,2026-04-29_FMP_Technicals_NBIX_daily,entity,,,,,,,,,,,,,,,[],,,Entity
world:entity:2026-04-29-fmp-technicals-nem-daily,2026-06-01,2026-04-29_FMP_Technicals_NEM_daily,,,,Entities,,2026-04-29_FMP_Technicals_NEM_daily,2026-04-29_FMP_Technicals_NEM_daily,entity,,,,,,,,,,,,,,,[],,,Entity
world:entity:2026-04-29-fmp-technicals-nktr-daily,2026-06-01,2026-04-29_FMP_Technicals_NKTR_daily,,,,Entities,,2026-04-29_FMP_Technicals_NKTR_daily,2026-04-29_FMP_Technicals_NKTR_daily,entity,,,,,,,,,,,,,,,[],,,Entity
world:entity:2026-04-29-fmp-technicals-nne-daily,2026-06-01,2026-04-29_FMP_Technicals_NNE_daily,,,,Entities,,2026-04-29_FMP_Technicals_NNE_daily,2026-04-29_FMP_Technicals_NNE_daily,entity,,,,,,,,,,,,,,,[],,,Entity
world:entity:2026-04-29-fmp-technicals-noc-daily,2026-06-01,2026-04-29_FMP_Technicals_NOC_daily,,,,Entities,,2026-04-29_FMP_Technicals_NOC_daily,2026-04-29_FMP_Technicals_NOC_daily,entity,,,,,,,,,,,,,,,[],,,Entity
world:entity:2026-04-29-fmp-technicals-nrg-daily,2026-06-01,2026-04-29_FMP_Technicals_NRG_daily,,,,Entities,,2026-04-29_FMP_Technicals_NRG_daily,2026-04-29_FMP_Technicals_NRG_daily,entity,,,,,,,,,,,,,,,[],,,Entity
world:entity:2026-04-29-fmp-technicals-ntla-daily,2026-06-01,2026-04-29_FMP_Technicals_NTLA_daily,,,,Entities,,2026-04-29_FMP_Technicals_NTLA_daily,2026-04-29_FMP_Technicals_NTLA_daily,entity,,,,,,,,,,,,,,,[],,,Entity
world:entity:2026-04-29-fmp-technicals-nvda-daily,2026-06-01,2026-04-29_FMP_Technicals_NVDA_daily,,,,Entities,,2026-04-29_FMP_Technicals_NVDA_daily,2026-04-29_FMP_Technicals_NVDA_daily,entity,,,,,,,,,,,,,,,[],,,Entity
world:entity:2026-04-29-fmp-technicals-nvr-daily,2026-06-01,2026-04-29_FMP_Technicals_NVR_daily,,,,Entities,,2026-04-29_FMP_Technicals_NVR_daily,2026-04-29_FMP_Technicals_NVR_daily,entity,,,,,,,,,,,,,,,[],,,Entity
world:entity:2026-04-29-fmp-technicals-oklo-daily,2026-06-01,2026-04-29_FMP_Technicals_OKLO_daily,,,,Entities,,2026-04-29_FMP_Technicals_OKLO_daily,2026-04-29_FMP_Technicals_OKLO_daily,entity,,,,,,,,,,,,,,,[],,,Entity
world:entity:2026-04-29-fmp-technicals-on-daily,2026-06-01,2026-04-29_FMP_Technicals_ON_daily,,,,Entities,,2026-04-29_FMP_Technicals_ON_daily,2026-04-29_FMP_Technicals_ON_daily,entity,,,,,,,,,,,,,,,[],,,Entity
world:entity:2026-04-29-fmp-technicals-onds-daily,2026-06-01,2026-04-29_FMP_Technicals_ONDS_daily,,,,Entities,,2026-04-29_FMP_Technicals_ONDS_daily,2026-04-29_FMP_Technicals_ONDS_daily,entity,,,,,,,,,,,,,,,[],,,Entity
world:entity:2026-04-29-fmp-technicals-onto-daily,2026-06-01,2026-04-29_FMP_Technicals_ONTO_daily,,,,Entities,,2026-04-29_FMP_Technicals_ONTO_daily,2026-04-29_FMP_Technicals_ONTO_daily,entity,,,,,,,,,,,,,,,[],,,Entity
world:entity:2026-04-29-fmp-technicals-pdfs-daily,2026-06-01,2026-04-29_FMP_Technicals_PDFS_daily,,,,Entities,,2026-04-29_FMP_Technicals_PDFS_daily,2026-04-29_FMP_Technicals_PDFS_daily,entity,,,,,,,,,,,,,,,[],,,Entity
world:entity:2026-04-29-fmp-technicals-pfe-daily,2026-06-01,2026-04-29_FMP_Technicals_PFE_daily,,,,Entities,,2026-04-29_FMP_Technicals_PFE_daily,2026-04-29_FMP_Technicals_PFE_daily,entity,,,,,,,,,,,,,,,[],,,Entity
world:entity:2026-04-29-fmp-technicals-pl-daily,2026-06-01,2026-04-29_FMP_Technicals_PL_daily,,,,Entities,,2026-04-29_FMP_Technicals_PL_daily,2026-04-29_FMP_Technicals_PL_daily,entity,,,,,,,,,,,,,,,[],,,Entity
world:entity:2026-04-29-fmp-technicals-pltr-daily,2026-06-01,2026-04-29_FMP_Technicals_PLTR_daily,,,,Entities,,2026-04-29_FMP_Technicals_PLTR_daily,2026-04-29_FMP_Technicals_PLTR_daily,entity,,,,,,,,,,,,,,,[],,,Entity
world:entity:2026-04-29-fmp-technicals-powl-daily,2026-06-01,2026-04-29_FMP_Technicals_POWL_daily,,,,Entities,,2026-04-29_FMP_Technicals_POWL_daily,2026-04-29_FMP_Technicals_POWL_daily,entity,,,,,,,,,,,,,,,[],,,Entity
world:entity:2026-04-29-fmp-technicals-ppih-daily,2026-06-01,2026-04-29_FMP_Technicals_PPIH_daily,,,,Entities,,2026-04-29_FMP_Technicals_PPIH_daily,2026-04-29_FMP_Technicals_PPIH_daily,entity,,,,,,,,,,,,,,,[],,,Entity
world:entity:2026-04-29-fmp-technicals-prks-daily,2026-06-01,2026-04-29_FMP_Technicals_PRKS_daily,,,,Entities,,2026-04-29_FMP_Technicals_PRKS_daily,2026-04-29_FMP_Technicals_PRKS_daily,entity,,,,,,,,,,,,,,,[],,,Entity
world:entity:2026-04-29-fmp-technicals-prta-daily,2026-06-01,2026-04-29_FMP_Technicals_PRTA_daily,,,,Entities,,2026-04-29_FMP_Technicals_PRTA_daily,2026-04-29_FMP_Technicals_PRTA_daily,entity,,,,,,,,,,,,,,,[],,,Entity
world:entity:2026-04-29-fmp-technicals-psil-daily,2026-06-01,2026-04-29_FMP_Technicals_PSIL_daily,,,,Entities,,2026-04-29_FMP_Technicals_PSIL_daily,2026-04-29_FMP_Technicals_PSIL_daily,entity,,,,,,,,,,,,,,,[],,,Entity
world:entity:2026-04-29-fmp-technicals-pwr-daily,2026-06-01,2026-04-29_FMP_Technicals_PWR_daily,,,,Entities,,2026-04-29_FMP_Technicals_PWR_daily,2026-04-29_FMP_Technicals_PWR_daily,entity,,,,,,,,,,,,,,,[],,,Entity
world:entity:2026-04-29-fmp-technicals-qubt-daily,2026-06-01,2026-04-29_FMP_Technicals_QUBT_daily,,,,Entities,,2026-04-29_FMP_Technicals_QUBT_daily,2026-04-29_FMP_Technicals_QUBT_daily,entity,,,,,,,,,,,,,,,[],,,Entity
world:entity:2026-04-29-fmp-technicals-rcat-daily,2026-06-01,2026-04-29_FMP_Technicals_RCAT_daily,,,,Entities,,2026-04-29_FMP_Technicals_RCAT_daily,2026-04-29_FMP_Technicals_RCAT_daily,entity,,,,,,,,,,,,,,,[],,,Entity
world:entity:2026-04-29-fmp-technicals-rgti-daily,2026-06-01,2026-04-29_FMP_Technicals_RGTI_daily,,,,Entities,,2026-04-29_FMP_Technicals_RGTI_daily,2026-04-29_FMP_Technicals_RGTI_daily,entity,,,,,,,,,,,,,,,[],,,Entity
world:entity:2026-04-29-fmp-technicals-rklb-daily,2026-06-01,2026-04-29_FMP_Technicals_RKLB_daily,,,,Entities,,2026-04-29_FMP_Technicals_RKLB_daily,2026-04-29_FMP_Technicals_RKLB_daily,entity,,,,,,,,,,,,,,,[],,,Entity
world:entity:2026-04-29-fmp-technicals-rprx-daily,2026-06-01,2026-04-29_FMP_Technicals_RPRX_daily,,,,Entities,,2026-04-29_FMP_Technicals_RPRX_daily,2026-04-29_FMP_Technicals_RPRX_daily,entity,,,,,,,,,,,,,,,[],,,Entity
world:entity:2026-04-29-fmp-technicals-rtx-daily,2026-06-01,2026-04-29_FMP_Technicals_RTX_daily,,,,Entities,,2026-04-29_FMP_Technicals_RTX_daily,2026-04-29_FMP_Technicals_RTX_daily,entity,,,,,,,,,,,,,,,[],,,Entity
world:entity:2026-04-29-fmp-technicals-saic-daily,2026-06-01,2026-04-29_FMP_Technicals_SAIC_daily,,,,Entities,,2026-04-29_FMP_Technicals_SAIC_daily,2026-04-29_FMP_Technicals_SAIC_daily,entity,,,,,,,,,,,,,,,[],,,Entity
world:entity:2026-04-29-fmp-technicals-sky-daily,2026-06-01,2026-04-29_FMP_Technicals_SKY_daily,,,,Entities,,2026-04-29_FMP_Technicals_SKY_daily,2026-04-29_FMP_Technicals_SKY_daily,entity,,,,,,,,,,,,,,,[],,,Entity
world:entity:2026-04-29-fmp-technicals-smr-daily,2026-06-01,2026-04-29_FMP_Technicals_SMR_daily,,,,Entities,,2026-04-29_FMP_Technicals_SMR_daily,2026-04-29_FMP_Technicals_SMR_daily,entity,,,,,,,,,,,,,,,[],,,Entity
world:entity:2026-04-29-fmp-technicals-spir-daily,2026-06-01,2026-04-29_FMP_Technicals_SPIR_daily,,,,Entities,,2026-04-29_FMP_Technicals_SPIR_daily,2026-04-29_FMP_Technicals_SPIR_daily,entity,,,,,,,,,,,,,,,[],,,Entity
world:entity:2026-04-29-fmp-technicals-spro-daily,2026-06-01,2026-04-29_FMP_Technicals_SPRO_daily,,,,Entities,,2026-04-29_FMP_Technicals_SPRO_daily,2026-04-29_FMP_Technicals_SPRO_daily,entity,,,,,,,,,,,,,,,[],,,Entity
world:entity:2026-04-29-fmp-technicals-stem-daily,2026-06-01,2026-04-29_FMP_Technicals_STEM_daily,,,,Entities,,2026-04-29_FMP_Technicals_STEM_daily,2026-04-29_FMP_Technicals_STEM_daily,entity,,,,,,,,,,,,,,,[],,,Entity
world:entity:2026-04-29-fmp-technicals-strl-daily,2026-06-01,2026-04-29_FMP_Technicals_STRL_daily,,,,Entities,,2026-04-29_FMP_Technicals_STRL_daily,2026-04-29_FMP_Technicals_STRL_daily,entity,,,,,,,,,,,,,,,[],,,Entity
world:entity:2026-04-29-fmp-technicals-tdy-daily,2026-06-01,2026-04-29_FMP_Technicals_TDY_daily,,,,Entities,,2026-04-29_FMP_Technicals_TDY_daily,2026-04-29_FMP_Technicals_TDY_daily,entity,,,,,,,,,,,,,,,[],,,Entity
world:entity:2026-04-29-fmp-technicals-tmhc-daily,2026-06-01,2026-04-29_FMP_Technicals_TMHC_daily,,,,Entities,,2026-04-29_FMP_Technicals_TMHC_daily,2026-04-29_FMP_Technicals_TMHC_daily,entity,,,,,,,,,,,,,,,[],,,Entity
world:entity:2026-04-29-fmp-technicals-tmo-daily,2026-06-01,2026-04-29_FMP_Technicals_TMO_daily,,,,Entities,,2026-04-29_FMP_Technicals_TMO_daily,2026-04-29_FMP_Technicals_TMO_daily,entity,,,,,,,,,,,,,,,[],,,Entity
world:entity:2026-04-29-fmp-technicals-tnc-daily,2026-06-01,2026-04-29_FMP_Technicals_TNC_daily,,,,Entities,,2026-04-29_FMP_Technicals_TNC_daily,2026-04-29_FMP_Technicals_TNC_daily,entity,,,,,,,,,,,,,,,[],,,Entity
world:entity:2026-04-29-fmp-technicals-tol-daily,2026-06-01,2026-04-29_FMP_Technicals_TOL_daily,,,,Entities,,2026-04-29_FMP_Technicals_TOL_daily,2026-04-29_FMP_Technicals_TOL_daily,entity,,,,,,,,,,,,,,,[],,,Entity
world:entity:2026-04-29-fmp-technicals-tsla-daily,2026-06-01,2026-04-29_FMP_Technicals_TSLA_daily,,,,Entities,,2026-04-29_FMP_Technicals_TSLA_daily,2026-04-29_FMP_Technicals_TSLA_daily,entity,,,,,,,,,,,,,,,[],,,Entity
world:entity:2026-04-29-fmp-technicals-tsn-daily,2026-06-01,2026-04-29_FMP_Technicals_TSN_daily,,,,Entities,,2026-04-29_FMP_Technicals_TSN_daily,2026-04-29_FMP_Technicals_TSN_daily,entity,,,,,,,,,,,,,,,[],,,Entity
world:entity:2026-04-29-fmp-technicals-twst-daily,2026-06-01,2026-04-29_FMP_Technicals_TWST_daily,,,,Entities,,2026-04-29_FMP_Technicals_TWST_daily,2026-04-29_FMP_Technicals_TWST_daily,entity,,,,,,,,,,,,,,,[],,,Entity
world:entity:2026-04-29-fmp-technicals-txt-daily,2026-06-01,2026-04-29_FMP_Technicals_TXT_daily,,,,Entities,,2026-04-29_FMP_Technicals_TXT_daily,2026-04-29_FMP_Technicals_TXT_daily,entity,,,,,,,,,,,,,,,[],,,Entity
world:entity:2026-04-29-fmp-technicals-ufpt-daily,2026-06-01,2026-04-29_FMP_Technicals_UFPT_daily,,,,Entities,,2026-04-29_FMP_Technicals_UFPT_daily,2026-04-29_FMP_Technicals_UFPT_daily,entity,,,,,,,,,,,,,,,[],,,Entity
world:entity:2026-04-29-fmp-technicals-umac-daily,2026-06-01,2026-04-29_FMP_Technicals_UMAC_daily,,,,Entities,,2026-04-29_FMP_Technicals_UMAC_daily,2026-04-29_FMP_Technicals_UMAC_daily,entity,,,,,,,,,,,,,,,[],,,Entity
world:entity:2026-04-29-fmp-technicals-unty-daily,2026-06-01,2026-04-29_FMP_Technicals_UNTY_daily,,,,Entities,,2026-04-29_FMP_Technicals_UNTY_daily,2026-04-29_FMP_Technicals_UNTY_daily,entity,,,,,,,,,,,,,,,[],,,Entity
world:entity:2026-04-29-fmp-technicals-vktx-daily,2026-06-01,2026-04-29_FMP_Technicals_VKTX_daily,,,,Entities,,2026-04-29_FMP_Technicals_VKTX_daily,2026-04-29_FMP_Technicals_VKTX_daily,entity,,,,,,,,,,,,,,,[],,,Entity
world:entity:2026-04-29-fmp-technicals-vst-daily,2026-06-01,2026-04-29_FMP_Technicals_VST_daily,,,,Entities,,2026-04-29_FMP_Technicals_VST_daily,2026-04-29_FMP_Technicals_VST_daily,entity,,,,,,,,,,,,,,,[],,,Entity
world:entity:2026-04-29-fmp-technicals-wcc-daily,2026-06-01,2026-04-29_FMP_Technicals_WCC_daily,,,,Entities,,2026-04-29_FMP_Technicals_WCC_daily,2026-04-29_FMP_Technicals_WCC_daily,entity,,,,,,,,,,,,,,,[],,,Entity
world:entity:2026-04-29-fmp-technicals-wolf-daily,2026-06-01,2026-04-29_FMP_Technicals_WOLF_daily,,,,Entities,,2026-04-29_FMP_Technicals_WOLF_daily,2026-04-29_FMP_Technicals_WOLF_daily,entity,,,,,,,,,,,,,,,[],,,Entity
world:entity:2026-04-29-fmp-technicals-wpm-daily,2026-06-01,2026-04-29_FMP_Technicals_WPM_daily,,,,Entities,,2026-04-29_FMP_Technicals_WPM_daily,2026-04-29_FMP_Technicals_WPM_daily,entity,,,,,,,,,,,,,,,[],,,Entity
world:entity:2026-04-29-fmp-technicals-xoma-daily,2026-06-01,2026-04-29_FMP_Technicals_XOMA_daily,,,,Entities,,2026-04-29_FMP_Technicals_XOMA_daily,2026-04-29_FMP_Technicals_XOMA_daily,entity,,,,,,,,,,,,,,,[],,,Entity
world:entity:2026-04-30-agent-analysis-aapl,2026-06-01,2026-04-30_Agent_Analysis_AAPL,,,,Entities,,2026-04-30_Agent_Analysis_AAPL,2026-04-30_Agent_Analysis_AAPL,entity,,,,,,,,,,,,,,,[],,,Entity
world:entity:2026-04-30-agent-analysis-axp,2026-06-01,2026-04-30_Agent_Analysis_AXP,,,,Entities,,2026-04-30_Agent_Analysis_AXP,2026-04-30_Agent_Analysis_AXP,entity,,,,,,,,,,,,,,,[],,,Entity
world:entity:2026-04-30-agent-analysis-brk-b,2026-06-01,2026-04-30_Agent_Analysis_BRK_B,,,,Entities,,2026-04-30_Agent_Analysis_BRK_B,2026-04-30_Agent_Analysis_BRK_B,entity,,,,,,,,,,,,,,,[],,,Entity
world:entity:2026-04-30-agent-analysis-gold,2026-06-01,2026-04-30_Agent_Analysis_GOLD,,,,Entities,,2026-04-30_Agent_Analysis_GOLD,2026-04-30_Agent_Analysis_GOLD,entity,,,,,,,,,,,,,,,[],,,Entity
world:entity:2026-04-30-agent-analysis-ko,2026-06-01,2026-04-30_Agent_Analysis_KO,,,,Entities,,2026-04-30_Agent_Analysis_KO,2026-04-30_Agent_Analysis_KO,entity,,,,,,,,,,,,,,,[],,,Entity
world:entity:2026-04-30-agent-analysis-nem,2026-06-01,2026-04-30_Agent_Analysis_NEM,,,,Entities,,2026-04-30_Agent_Analysis_NEM,2026-04-30_Agent_Analysis_NEM,entity,,,,,,,,,,,,,,,[],,,Entity
world:entity:2026-04-30-agent-analysis-wpm,2026-06-01,2026-04-30_Agent_Analysis_WPM,,,,Entities,,2026-04-30_Agent_Analysis_WPM,2026-04-30_Agent_Analysis_WPM,entity,,,,,,,,,,,,,,,[],,,Entity
world:entity:2026-04-30-agent-analysis-xom,2026-06-01,2026-04-30_Agent_Analysis_XOM,,,,Entities,,2026-04-30_Agent_Analysis_XOM,2026-04-30_Agent_Analysis_XOM,entity,,,,,,,,,,,,,,,[],,,Entity
world:entity:2026-04-30-fmp-earnings-calendar-thesis-watchlists,2026-06-01,2026-04-30_FMP_Earnings_Calendar_Thesis_Watchlists,,,,Entities,,2026-04-30_FMP_Earnings_Calendar_Thesis_Watchlists,2026-04-30_FMP_Earnings_Calendar_Thesis_Watchlists,entity,,,,,,,,,,,,,,,[],,,Entity
world:entity:2026-04-30-fmp-technicals-abbv-daily,2026-06-01,2026-04-30_FMP_Technicals_ABBV_daily,,,,Entities,,2026-04-30_FMP_Technicals_ABBV_daily,2026-04-30_FMP_Technicals_ABBV_daily,entity,,,,,,,,,,,,,,,[],,,Entity
world:entity:2026-04-30-fmp-technicals-acad-daily,2026-06-01,2026-04-30_FMP_Technicals_ACAD_daily,,,,Entities,,2026-04-30_FMP_Technicals_ACAD_daily,2026-04-30_FMP_Technicals_ACAD_daily,entity,,,,,,,,,,,,,,,[],,,Entity
world:entity:2026-04-30-fmp-technicals-achr-daily,2026-06-01,2026-04-30_FMP_Technicals_ACHR_daily,,,,Entities,,2026-04-30_FMP_Technicals_ACHR_daily,2026-04-30_FMP_Technicals_ACHR_daily,entity,,,,,,,,,,,,,,,[],,,Entity
world:entity:2026-04-30-fmp-technicals-adm-daily,2026-06-01,2026-04-30_FMP_Technicals_ADM_daily,,,,Entities,,2026-04-30_FMP_Technicals_ADM_daily,2026-04-30_FMP_Technicals_ADM_daily,entity,,,,,,,,,,,,,,,[],,,Entity
world:entity:2026-04-30-fmp-technicals-airo-daily,2026-06-01,2026-04-30_FMP_Technicals_AIRO_daily,,,,Entities,,2026-04-30_FMP_Technicals_AIRO_daily,2026-04-30_FMP_Technicals_AIRO_daily,entity,,,,,,,,,,,,,,,[],,,Entity
world:entity:2026-04-30-fmp-technicals-alks-daily,2026-06-01,2026-04-30_FMP_Technicals_ALKS_daily,,,,Entities,,2026-04-30_FMP_Technicals_ALKS_daily,2026-04-30_FMP_Technicals_ALKS_daily,entity,,,,,,,,,,,,,,,[],,,Entity
world:entity:2026-04-30-fmp-technicals-alvo-daily,2026-06-01,2026-04-30_FMP_Technicals_ALVO_daily,,,,Entities,,2026-04-30_FMP_Technicals_ALVO_daily,2026-04-30_FMP_Technicals_ALVO_daily,entity,,,,,,,,,,,,,,,[],,,Entity
world:entity:2026-04-30-fmp-technicals-amat-daily,2026-06-01,2026-04-30_FMP_Technicals_AMAT_daily,,,,Entities,,2026-04-30_FMP_Technicals_AMAT_daily,2026-04-30_FMP_Technicals_AMAT_daily,entity,,,,,,,,,,,,,,,[],,,Entity
world:entity:2026-04-30-fmp-technicals-amgn-daily,2026-06-01,2026-04-30_FMP_Technicals_AMGN_daily,,,,Entities,,2026-04-30_FMP_Technicals_AMGN_daily,2026-04-30_FMP_Technicals_AMGN_daily,entity,,,,,,,,,,,,,,,[],,,Entity
world:entity:2026-04-30-fmp-technicals-amsc-daily,2026-06-01,2026-04-30_FMP_Technicals_AMSC_daily,,,,Entities,,2026-04-30_FMP_Technicals_AMSC_daily,2026-04-30_FMP_Technicals_AMSC_daily,entity,,,,,,,,,,,,,,,[],,,Entity
world:entity:2026-04-30-fmp-technicals-amzn-daily,2026-06-01,2026-04-30_FMP_Technicals_AMZN_daily,,,,Entities,,2026-04-30_FMP_Technicals_AMZN_daily,2026-04-30_FMP_Technicals_AMZN_daily,entity,,,,,,,,,,,,,,,[],,,Entity
world:entity:2026-04-30-fmp-technicals-asts-daily,2026-06-01,2026-04-30_FMP_Technicals_ASTS_daily,,,,Entities,,2026-04-30_FMP_Technicals_ASTS_daily,2026-04-30_FMP_Technicals_ASTS_daily,entity,,,,,,,,,,,,,,,[],,,Entity
world:entity:2026-04-30-fmp-technicals-atai-daily,2026-06-01,2026-04-30_FMP_Technicals_ATAI_daily,,,,Entities,,2026-04-30_FMP_Technicals_ATAI_daily,2026-04-30_FMP_Technicals_ATAI_daily,entity,,,,,,,,,,,,,,,[],,,Entity
world:entity:2026-04-30-fmp-technicals-avav-daily,2026-06-01,2026-04-30_FMP_Technicals_AVAV_daily,,,,Entities,,2026-04-30_FMP_Technicals_AVAV_daily,2026-04-30_FMP_Technicals_AVAV_daily,entity,,,,,,,,,,,,,,,[],,,Entity
world:entity:2026-04-30-fmp-technicals-bah-daily,2026-06-01,2026-04-30_FMP_Technicals_BAH_daily,,,,Entities,,2026-04-30_FMP_Technicals_BAH_daily,2026-04-30_FMP_Technicals_BAH_daily,entity,,,,,,,,,,,,,,,[],,,Entity
world:entity:2026-04-30-fmp-technicals-bbai-daily,2026-06-01,2026-04-30_FMP_Technicals_BBAI_daily,,,,Entities,,2026-04-30_FMP_Technicals_BBAI_daily,2026-04-30_FMP_Technicals_BBAI_daily,entity,,,,,,,,,,,,,,,[],,,Entity
world:entity:2026-04-30-fmp-technicals-beam-daily,2026-06-01,2026-04-30_FMP_Technicals_BEAM_daily,,,,Entities,,2026-04-30_FMP_Technicals_BEAM_daily,2026-04-30_FMP_Technicals_BEAM_daily,entity,,,,,,,,,,,,,,,[],,,Entity
world:entity:2026-04-30-fmp-technicals-bg-daily,2026-06-01,2026-04-30_FMP_Technicals_BG_daily,,,,Entities,,2026-04-30_FMP_Technicals_BG_daily,2026-04-30_FMP_Technicals_BG_daily,entity,,,,,,,,,,,,,,,[],,,Entity
world:entity:2026-04-30-fmp-technicals-biib-daily,2026-06-01,2026-04-30_FMP_Technicals_BIIB_daily,,,,Entities,,2026-04-30_FMP_Technicals_BIIB_daily,2026-04-30_FMP_Technicals_BIIB_daily,entity,,,,,,,,,,,,,,,[],,,Entity
world:entity:2026-04-30-fmp-technicals-bksy-daily,2026-06-01,2026-04-30_FMP_Technicals_BKSY_daily,,,,Entities,,2026-04-30_FMP_Technicals_BKSY_daily,2026-04-30_FMP_Technicals_BKSY_daily,entity,,,,,,,,,,,,,,,[],,,Entity
world:entity:2026-04-30-fmp-technicals-brbr-daily,2026-06-01,2026-04-30_FMP_Technicals_BRBR_daily,,,,Entities,,2026-04-30_FMP_Technicals_BRBR_daily,2026-04-30_FMP_Technicals_BRBR_daily,entity,,,,,,,,,,,,,,,[],,,Entity
world:entity:2026-04-30-fmp-technicals-bw-daily,2026-06-01,2026-04-30_FMP_Technicals_BW_daily,,,,Entities,,2026-04-30_FMP_Technicals_BW_daily,2026-04-30_FMP_Technicals_BW_daily,entity,,,,,,,,,,,,,,,[],,,Entity
world:entity:2026-04-30-fmp-technicals-bynd-daily,2026-06-01,2026-04-30_FMP_Technicals_BYND_daily,,,,Entities,,2026-04-30_FMP_Technicals_BYND_daily,2026-04-30_FMP_Technicals_BYND_daily,entity,,,,,,,,,,,,,,,[],,,Entity
world:entity:2026-04-30-fmp-technicals-caci-daily,2026-06-01,2026-04-30_FMP_Technicals_CACI_daily,,,,Entities,,2026-04-30_FMP_Technicals_CACI_daily,2026-04-30_FMP_Technicals_CACI_daily,entity,,,,,,,,,,,,,,,[],,,Entity
world:entity:2026-04-30-fmp-technicals-ccj-daily,2026-06-01,2026-04-30_FMP_Technicals_CCJ_daily,,,,Entities,,2026-04-30_FMP_Technicals_CCJ_daily,2026-04-30_FMP_Technicals_CCJ_daily,entity,,,,,,,,,,,,,,,[],,,Entity
world:entity:2026-04-30-fmp-technicals-ceg-daily,2026-06-01,2026-04-30_FMP_Technicals_CEG_daily,,,,Entities,,2026-04-30_FMP_Technicals_CEG_daily,2026-04-30_FMP_Technicals_CEG_daily,entity,,,,,,,,,,,,,,,[],,,Entity
world:entity:2026-04-30-fmp-technicals-cmps-daily,2026-06-01,2026-04-30_FMP_Technicals_CMPS_daily,,,,Entities,,2026-04-30_FMP_Technicals_CMPS_daily,2026-04-30_FMP_Technicals_CMPS_daily,entity,,,,,,,,,,,,,,,[],,,Entity
world:entity:2026-04-30-fmp-technicals-coin-daily,2026-06-01,2026-04-30_FMP_Technicals_COIN_daily,,,,Entities,,2026-04-30_FMP_Technicals_COIN_daily,2026-04-30_FMP_Technicals_COIN_daily,entity,,,,,,,,,,,,,,,[],,,Entity
world:entity:2026-04-30-fmp-technicals-crsp-daily,2026-06-01,2026-04-30_FMP_Technicals_CRSP_daily,,,,Entities,,2026-04-30_FMP_Technicals_CRSP_daily,2026-04-30_FMP_Technicals_CRSP_daily,entity,,,,,,,,,,,,,,,[],,,Entity
world:entity:2026-04-30-fmp-technicals-ctva-daily,2026-06-01,2026-04-30_FMP_Technicals_CTVA_daily,,,,Entities,,2026-04-30_FMP_Technicals_CTVA_daily,2026-04-30_FMP_Technicals_CTVA_daily,entity,,,,,,,,,,,,,,,[],,,Entity
world:entity:2026-04-30-fmp-technicals-dftx-daily,2026-06-01,2026-04-30_FMP_Technicals_DFTX_daily,,,,Entities,,2026-04-30_FMP_Technicals_DFTX_daily,2026-04-30_FMP_Technicals_DFTX_daily,entity,,,,,,,,,,,,,,,[],,,Entity
world:entity:2026-04-30-fmp-technicals-dhi-daily,2026-06-01,2026-04-30_FMP_Technicals_DHI_daily,,,,Entities,,2026-04-30_FMP_Technicals_DHI_daily,2026-04-30_FMP_Technicals_DHI_daily,entity,,,,,,,,,,,,,,,[],,,Entity
world:entity:2026-04-30-fmp-technicals-dna-daily,2026-06-01,2026-04-30_FMP_Technicals_DNA_daily,,,,Entities,,2026-04-30_FMP_Technicals_DNA_daily,2026-04-30_FMP_Technicals_DNA_daily,entity,,,,,,,,,,,,,,,[],,,Entity
world:entity:2026-04-30-fmp-technicals-dpro-daily,2026-06-01,2026-04-30_FMP_Technicals_DPRO_daily,,,,Entities,,2026-04-30_FMP_Technicals_DPRO_daily,2026-04-30_FMP_Technicals_DPRO_daily,entity,,,,,,,,,,,,,,,[],,,Entity
world:entity:2026-04-30-fmp-technicals-ecpg-daily,2026-06-01,2026-04-30_FMP_Technicals_ECPG_daily,,,,Entities,,2026-04-30_FMP_Technicals_ECPG_daily,2026-04-30_FMP_Technicals_ECPG_daily,entity,,,,,,,,,,,,,,,[],,,Entity
world:entity:2026-04-30-fmp-technicals-edit-daily,2026-06-01,2026-04-30_FMP_Technicals_EDIT_daily,,,,Entities,,2026-04-30_FMP_Technicals_EDIT_daily,2026-04-30_FMP_Technicals_EDIT_daily,entity,,,,,,,,,,,,,,,[],,,Entity
world:entity:2026-04-30-fmp-technicals-eh-daily,2026-06-01,2026-04-30_FMP_Technicals_EH_daily,,,,Entities,,2026-04-30_FMP_Technicals_EH_daily,2026-04-30_FMP_Technicals_EH_daily,entity,,,,,,,,,,,,,,,[],,,Entity
world:entity:2026-04-30-fmp-technicals-envx-daily,2026-06-01,2026-04-30_FMP_Technicals_ENVX_daily,,,,Entities,,2026-04-30_FMP_Technicals_ENVX_daily,2026-04-30_FMP_Technicals_ENVX_daily,entity,,,,,,,,,,,,,,,[],,,Entity
world:entity:2026-04-30-fmp-technicals-eslt-daily,2026-06-01,2026-04-30_FMP_Technicals_ESLT_daily,,,,Entities,,2026-04-30_FMP_Technicals_ESLT_daily,2026-04-30_FMP_Technicals_ESLT_daily,entity,,,,,,,,,,,,,,,[],,,Entity
world:entity:2026-04-30-fmp-technicals-etn-daily,2026-06-01,2026-04-30_FMP_Technicals_ETN_daily,,,,Entities,,2026-04-30_FMP_Technicals_ETN_daily,2026-04-30_FMP_Technicals_ETN_daily,entity,,,,,,,,,,,,,,,[],,,Entity
world:entity:2026-04-30-fmp-technicals-evtl-daily,2026-06-01,2026-04-30_FMP_Technicals_EVTL_daily,,,,Entities,,2026-04-30_FMP_Technicals_EVTL_daily,2026-04-30_FMP_Technicals_EVTL_daily,entity,,,,,,,,,,,,,,,[],,,Entity
world:entity:2026-04-30-fmp-technicals-flnc-daily,2026-06-01,2026-04-30_FMP_Technicals_FLNC_daily,,,,Entities,,2026-04-30_FMP_Technicals_FLNC_daily,2026-04-30_FMP_Technicals_FLNC_daily,entity,,,,,,,,,,,,,,,[],,,Entity
world:entity:2026-04-30-fmp-technicals-fmc-daily,2026-06-01,2026-04-30_FMP_Technicals_FMC_daily,,,,Entities,,2026-04-30_FMP_Technicals_FMC_daily,2026-04-30_FMP_Technicals_FMC_daily,entity,,,,,,,,,,,,,,,[],,,Entity
world:entity:2026-04-30-fmp-technicals-gd-daily,2026-06-01,2026-04-30_FMP_Technicals_GD_daily,,,,Entities,,2026-04-30_FMP_Technicals_GD_daily,2026-04-30_FMP_Technicals_GD_daily,entity,,,,,,,,,,,,,,,[],,,Entity
world:entity:2026-04-30-fmp-technicals-gev-daily,2026-06-01,2026-04-30_FMP_Technicals_GEV_daily,,,,Entities,,2026-04-30_FMP_Technicals_GEV_daily,2026-04-30_FMP_Technicals_GEV_daily,entity,,,,,,,,,,,,,,,[],,,Entity
world:entity:2026-04-30-fmp-technicals-ghrs-daily,2026-06-01,2026-04-30_FMP_Technicals_GHRS_daily,,,,Entities,,2026-04-30_FMP_Technicals_GHRS_daily,2026-04-30_FMP_Technicals_GHRS_daily,entity,,,,,,,,,,,,,,,[],,,Entity
world:entity:2026-04-30-fmp-technicals-gold-daily,2026-06-01,2026-04-30_FMP_Technicals_GOLD_daily,,,,Entities,,2026-04-30_FMP_Technicals_GOLD_daily,2026-04-30_FMP_Technicals_GOLD_daily,entity,,,,,,,,,,,,,,,[],,,Entity
world:entity:2026-04-30-fmp-technicals-googl-daily,2026-06-01,2026-04-30_FMP_Technicals_GOOGL_daily,,,,Entities,,2026-04-30_FMP_Technicals_GOOGL_daily,2026-04-30_FMP_Technicals_GOOGL_daily,entity,,,,,,,,,,,,,,,[],,,Entity
world:entity:2026-04-30-fmp-technicals-help-daily,2026-06-01,2026-04-30_FMP_Technicals_HELP_daily,,,,Entities,,2026-04-30_FMP_Technicals_HELP_daily,2026-04-30_FMP_Technicals_HELP_daily,entity,,,,,,,,,,,,,,,[],,,Entity
world:entity:2026-04-30-fmp-technicals-hims-daily,2026-06-01,2026-04-30_FMP_Technicals_HIMS_daily,,,,Entities,,2026-04-30_FMP_Technicals_HIMS_daily,2026-04-30_FMP_Technicals_HIMS_daily,entity,,,,,,,,,,,,,,,[],,,Entity
world:entity:2026-04-30-fmp-technicals-hovr-daily,2026-06-01,2026-04-30_FMP_Technicals_HOVR_daily,,,,Entities,,2026-04-30_FMP_Technicals_HOVR_daily,2026-04-30_FMP_Technicals_HOVR_daily,entity,,,,,,,,,,,,,,,[],,,Entity
world:entity:2026-04-30-fmp-technicals-hubb-daily,2026-06-01,2026-04-30_FMP_Technicals_HUBB_daily,,,,Entities,,2026-04-30_FMP_Technicals_HUBB_daily,2026-04-30_FMP_Technicals_HUBB_daily,entity,,,,,,,,,,,,,,,[],,,Entity
world:entity:2026-04-30-fmp-technicals-iff-daily,2026-06-01,2026-04-30_FMP_Technicals_IFF_daily,,,,Entities,,2026-04-30_FMP_Technicals_IFF_daily,2026-04-30_FMP_Technicals_IFF_daily,entity,,,,,,,,,,,,,,,[],,,Entity
world:entity:2026-04-30-fmp-technicals-iipr-daily,2026-06-01,2026-04-30_FMP_Technicals_IIPR_daily,,,,Entities,,2026-04-30_FMP_Technicals_IIPR_daily,2026-04-30_FMP_Technicals_IIPR_daily,entity,,,,,,,,,,,,,,,[],,,Entity
world:entity:2026-04-30-fmp-technicals-inva-daily,2026-06-01,2026-04-30_FMP_Technicals_INVA_daily,,,,Entities,,2026-04-30_FMP_Technicals_INVA_daily,2026-04-30_FMP_Technicals_INVA_daily,entity,,,,,,,,,,,,,,,[],,,Entity
world:entity:2026-04-30-fmp-technicals-ionq-daily,2026-06-01,2026-04-30_FMP_Technicals_IONQ_daily,,,,Entities,,2026-04-30_FMP_Technicals_IONQ_daily,2026-04-30_FMP_Technicals_IONQ_daily,entity,,,,,,,,,,,,,,,[],,,Entity
world:entity:2026-04-30-fmp-technicals-jnj-daily,2026-06-01,2026-04-30_FMP_Technicals_JNJ_daily,,,,Entities,,2026-04-30_FMP_Technicals_JNJ_daily,2026-04-30_FMP_Technicals_JNJ_daily,entity,,,,,,,,,,,,,,,[],,,Entity
world:entity:2026-04-30-fmp-technicals-joby-daily,2026-06-01,2026-04-30_FMP_Technicals_JOBY_daily,,,,Entities,,2026-04-30_FMP_Technicals_JOBY_daily,2026-04-30_FMP_Technicals_JOBY_daily,entity,,,,,,,,,,,,,,,[],,,Entity
world:entity:2026-04-30-fmp-technicals-klac-daily,2026-06-01,2026-04-30_FMP_Technicals_KLAC_daily,,,,Entities,,2026-04-30_FMP_Technicals_KLAC_daily,2026-04-30_FMP_Technicals_KLAC_daily,entity,,,,,,,,,,,,,,,[],,,Entity
world:entity:2026-04-30-fmp-technicals-ktos-daily,2026-06-01,2026-04-30_FMP_Technicals_KTOS_daily,,,,Entities,,2026-04-30_FMP_Technicals_KTOS_daily,2026-04-30_FMP_Technicals_KTOS_daily,entity,,,,,,,,,,,,,,,[],,,Entity
world:entity:2026-04-30-fmp-technicals-ldos-daily,2026-06-01,2026-04-30_FMP_Technicals_LDOS_daily,,,,Entities,,2026-04-30_FMP_Technicals_LDOS_daily,2026-04-30_FMP_Technicals_LDOS_daily,entity,,,,,,,,,,,,,,,[],,,Entity
world:entity:2026-04-30-fmp-technicals-len-daily,2026-06-01,2026-04-30_FMP_Technicals_LEN_daily,,,,Entities,,2026-04-30_FMP_Technicals_LEN_daily,2026-04-30_FMP_Technicals_LEN_daily,entity,,,,,,,,,,,,,,,[],,,Entity
world:entity:2026-04-30-fmp-technicals-lhx-daily,2026-06-01,2026-04-30_FMP_Technicals_LHX_daily,,,,Entities,,2026-04-30_FMP_Technicals_LHX_daily,2026-04-30_FMP_Technicals_LHX_daily,entity,,,,,,,,,,,,,,,[],,,Entity
world:entity:2026-04-30-fmp-technicals-lly-daily,2026-06-01,2026-04-30_FMP_Technicals_LLY_daily,,,,Entities,,2026-04-30_FMP_Technicals_LLY_daily,2026-04-30_FMP_Technicals_LLY_daily,entity,,,,,,,,,,,,,,,[],,,Entity
world:entity:2026-04-30-fmp-technicals-lmt-daily,2026-06-01,2026-04-30_FMP_Technicals_LMT_daily,,,,Entities,,2026-04-30_FMP_Technicals_LMT_daily,2026-04-30_FMP_Technicals_LMT_daily,entity,,,,,,,,,,,,,,,[],,,Entity
world:entity:2026-04-30-fmp-technicals-lrcx-daily,2026-06-01,2026-04-30_FMP_Technicals_LRCX_daily,,,,Entities,,2026-04-30_FMP_Technicals_LRCX_daily,2026-04-30_FMP_Technicals_LRCX_daily,entity,,,,,,,,,,,,,,,[],,,Entity
world:entity:2026-04-30-fmp-technicals-mnts-daily,2026-06-01,2026-04-30_FMP_Technicals_MNTS_daily,,,,Entities,,2026-04-30_FMP_Technicals_MNTS_daily,2026-04-30_FMP_Technicals_MNTS_daily,entity,,,,,,,,,,,,,,,[],,,Entity
world:entity:2026-04-30-fmp-technicals-mrk-daily,2026-06-01,2026-04-30_FMP_Technicals_MRK_daily,,,,Entities,,2026-04-30_FMP_Technicals_MRK_daily,2026-04-30_FMP_Technicals_MRK_daily,entity,,,,,,,,,,,,,,,[],,,Entity
world:entity:2026-04-30-fmp-technicals-msft-daily,2026-06-01,2026-04-30_FMP_Technicals_MSFT_daily,,,,Entities,,2026-04-30_FMP_Technicals_MSFT_daily,2026-04-30_FMP_Technicals_MSFT_daily,entity,,,,,,,,,,,,,,,[],,,Entity
world:entity:2026-04-30-fmp-technicals-mstr-daily,2026-06-01,2026-04-30_FMP_Technicals_MSTR_daily,,,,Entities,,2026-04-30_FMP_Technicals_MSTR_daily,2026-04-30_FMP_Technicals_MSTR_daily,entity,,,,,,,,,,,,,,,[],,,Entity
world:entity:2026-04-30-fmp-technicals-mtz-daily,2026-06-01,2026-04-30_FMP_Technicals_MTZ_daily,,,,Entities,,2026-04-30_FMP_Technicals_MTZ_daily,2026-04-30_FMP_Technicals_MTZ_daily,entity,,,,,,,,,,,,,,,[],,,Entity
world:entity:2026-04-30-fmp-technicals-myrg-daily,2026-06-01,2026-04-30_FMP_Technicals_MYRG_daily,,,,Entities,,2026-04-30_FMP_Technicals_MYRG_daily,2026-04-30_FMP_Technicals_MYRG_daily,entity,,,,,,,,,,,,,,,[],,,Entity
world:entity:2026-04-30-fmp-technicals-nbix-daily,2026-06-01,2026-04-30_FMP_Technicals_NBIX_daily,,,,Entities,,2026-04-30_FMP_Technicals_NBIX_daily,2026-04-30_FMP_Technicals_NBIX_daily,entity,,,,,,,,,,,,,,,[],,,Entity
world:entity:2026-04-30-fmp-technicals-nem-daily,2026-06-01,2026-04-30_FMP_Technicals_NEM_daily,,,,Entities,,2026-04-30_FMP_Technicals_NEM_daily,2026-04-30_FMP_Technicals_NEM_daily,entity,,,,,,,,,,,,,,,[],,,Entity
world:entity:2026-04-30-fmp-technicals-nktr-daily,2026-06-01,2026-04-30_FMP_Technicals_NKTR_daily,,,,Entities,,2026-04-30_FMP_Technicals_NKTR_daily,2026-04-30_FMP_Technicals_NKTR_daily,entity,,,,,,,,,,,,,,,[],,,Entity
world:entity:2026-04-30-fmp-technicals-nne-daily,2026-06-01,2026-04-30_FMP_Technicals_NNE_daily,,,,Entities,,2026-04-30_FMP_Technicals_NNE_daily,2026-04-30_FMP_Technicals_NNE_daily,entity,,,,,,,,,,,,,,,[],,,Entity
world:entity:2026-04-30-fmp-technicals-noc-daily,2026-06-01,2026-04-30_FMP_Technicals_NOC_daily,,,,Entities,,2026-04-30_FMP_Technicals_NOC_daily,2026-04-30_FMP_Technicals_NOC_daily,entity,,,,,,,,,,,,,,,[],,,Entity
world:entity:2026-04-30-fmp-technicals-nrg-daily,2026-06-01,2026-04-30_FMP_Technicals_NRG_daily,,,,Entities,,2026-04-30_FMP_Technicals_NRG_daily,2026-04-30_FMP_Technicals_NRG_daily,entity,,,,,,,,,,,,,,,[],,,Entity
world:entity:2026-04-30-fmp-technicals-ntla-daily,2026-06-01,2026-04-30_FMP_Technicals_NTLA_daily,,,,Entities,,2026-04-30_FMP_Technicals_NTLA_daily,2026-04-30_FMP_Technicals_NTLA_daily,entity,,,,,,,,,,,,,,,[],,,Entity
world:entity:2026-04-30-fmp-technicals-nvda-daily,2026-06-01,2026-04-30_FMP_Technicals_NVDA_daily,,,,Entities,,2026-04-30_FMP_Technicals_NVDA_daily,2026-04-30_FMP_Technicals_NVDA_daily,entity,,,,,,,,,,,,,,,[],,,Entity
world:entity:2026-04-30-fmp-technicals-nvr-daily,2026-06-01,2026-04-30_FMP_Technicals_NVR_daily,,,,Entities,,2026-04-30_FMP_Technicals_NVR_daily,2026-04-30_FMP_Technicals_NVR_daily,entity,,,,,,,,,,,,,,,[],,,Entity
world:entity:2026-04-30-fmp-technicals-oklo-daily,2026-06-01,2026-04-30_FMP_Technicals_OKLO_daily,,,,Entities,,2026-04-30_FMP_Technicals_OKLO_daily,2026-04-30_FMP_Technicals_OKLO_daily,entity,,,,,,,,,,,,,,,[],,,Entity
world:entity:2026-04-30-fmp-technicals-on-daily,2026-06-01,2026-04-30_FMP_Technicals_ON_daily,,,,Entities,,2026-04-30_FMP_Technicals_ON_daily,2026-04-30_FMP_Technicals_ON_daily,entity,,,,,,,,,,,,,,,[],,,Entity
world:entity:2026-04-30-fmp-technicals-onds-daily,2026-06-01,2026-04-30_FMP_Technicals_ONDS_daily,,,,Entities,,2026-04-30_FMP_Technicals_ONDS_daily,2026-04-30_FMP_Technicals_ONDS_daily,entity,,,,,,,,,,,,,,,[],,,Entity
world:entity:2026-04-30-fmp-technicals-onto-daily,2026-06-01,2026-04-30_FMP_Technicals_ONTO_daily,,,,Entities,,2026-04-30_FMP_Technicals_ONTO_daily,2026-04-30_FMP_Technicals_ONTO_daily,entity,,,,,,,,,,,,,,,[],,,Entity
world:entity:2026-04-30-fmp-technicals-pdfs-daily,2026-06-01,2026-04-30_FMP_Technicals_PDFS_daily,,,,Entities,,2026-04-30_FMP_Technicals_PDFS_daily,2026-04-30_FMP_Technicals_PDFS_daily,entity,,,,,,,,,,,,,,,[],,,Entity
world:entity:2026-04-30-fmp-technicals-pfe-daily,2026-06-01,2026-04-30_FMP_Technicals_PFE_daily,,,,Entities,,2026-04-30_FMP_Technicals_PFE_daily,2026-04-30_FMP_Technicals_PFE_daily,entity,,,,,,,,,,,,,,,[],,,Entity
world:entity:2026-04-30-fmp-technicals-pl-daily,2026-06-01,2026-04-30_FMP_Technicals_PL_daily,,,,Entities,,2026-04-30_FMP_Technicals_PL_daily,2026-04-30_FMP_Technicals_PL_daily,entity,,,,,,,,,,,,,,,[],,,Entity
world:entity:2026-04-30-fmp-technicals-pltr-daily,2026-06-01,2026-04-30_FMP_Technicals_PLTR_daily,,,,Entities,,2026-04-30_FMP_Technicals_PLTR_daily,2026-04-30_FMP_Technicals_PLTR_daily,entity,,,,,,,,,,,,,,,[],,,Entity
world:entity:2026-04-30-fmp-technicals-powl-daily,2026-06-01,2026-04-30_FMP_Technicals_POWL_daily,,,,Entities,,2026-04-30_FMP_Technicals_POWL_daily,2026-04-30_FMP_Technicals_POWL_daily,entity,,,,,,,,,,,,,,,[],,,Entity
world:entity:2026-04-30-fmp-technicals-ppih-daily,2026-06-01,2026-04-30_FMP_Technicals_PPIH_daily,,,,Entities,,2026-04-30_FMP_Technicals_PPIH_daily,2026-04-30_FMP_Technicals_PPIH_daily,entity,,,,,,,,,,,,,,,[],,,Entity
world:entity:2026-04-30-fmp-technicals-prks-daily,2026-06-01,2026-04-30_FMP_Technicals_PRKS_daily,,,,Entities,,2026-04-30_FMP_Technicals_PRKS_daily,2026-04-30_FMP_Technicals_PRKS_daily,entity,,,,,,,,,,,,,,,[],,,Entity
world:entity:2026-04-30-fmp-technicals-prta-daily,2026-06-01,2026-04-30_FMP_Technicals_PRTA_daily,,,,Entities,,2026-04-30_FMP_Technicals_PRTA_daily,2026-04-30_FMP_Technicals_PRTA_daily,entity,,,,,,,,,,,,,,,[],,,Entity
world:entity:2026-04-30-fmp-technicals-psil-daily,2026-06-01,2026-04-30_FMP_Technicals_PSIL_daily,,,,Entities,,2026-04-30_FMP_Technicals_PSIL_daily,2026-04-30_FMP_Technicals_PSIL_daily,entity,,,,,,,,,,,,,,,[],,,Entity
world:entity:2026-04-30-fmp-technicals-pwr-daily,2026-06-01,2026-04-30_FMP_Technicals_PWR_daily,,,,Entities,,2026-04-30_FMP_Technicals_PWR_daily,2026-04-30_FMP_Technicals_PWR_daily,entity,,,,,,,,,,,,,,,[],,,Entity
world:entity:2026-04-30-fmp-technicals-qubt-daily,2026-06-01,2026-04-30_FMP_Technicals_QUBT_daily,,,,Entities,,2026-04-30_FMP_Technicals_QUBT_daily,2026-04-30_FMP_Technicals_QUBT_daily,entity,,,,,,,,,,,,,,,[],,,Entity
world:entity:2026-04-30-fmp-technicals-rcat-daily,2026-06-01,2026-04-30_FMP_Technicals_RCAT_daily,,,,Entities,,2026-04-30_FMP_Technicals_RCAT_daily,2026-04-30_FMP_Technicals_RCAT_daily,entity,,,,,,,,,,,,,,,[],,,Entity
world:entity:2026-04-30-fmp-technicals-rgti-daily,2026-06-01,2026-04-30_FMP_Technicals_RGTI_daily,,,,Entities,,2026-04-30_FMP_Technicals_RGTI_daily,2026-04-30_FMP_Technicals_RGTI_daily,entity,,,,,,,,,,,,,,,[],,,Entity
world:entity:2026-04-30-fmp-technicals-rklb-daily,2026-06-01,2026-04-30_FMP_Technicals_RKLB_daily,,,,Entities,,2026-04-30_FMP_Technicals_RKLB_daily,2026-04-30_FMP_Technicals_RKLB_daily,entity,,,,,,,,,,,,,,,[],,,Entity
world:entity:2026-04-30-fmp-technicals-rprx-daily,2026-06-01,2026-04-30_FMP_Technicals_RPRX_daily,,,,Entities,,2026-04-30_FMP_Technicals_RPRX_daily,2026-04-30_FMP_Technicals_RPRX_daily,entity,,,,,,,,,,,,,,,[],,,Entity
world:entity:2026-04-30-fmp-technicals-rtx-daily,2026-06-01,2026-04-30_FMP_Technicals_RTX_daily,,,,Entities,,2026-04-30_FMP_Technicals_RTX_daily,2026-04-30_FMP_Technicals_RTX_daily,entity,,,,,,,,,,,,,,,[],,,Entity
world:entity:2026-04-30-fmp-technicals-saic-daily,2026-06-01,2026-04-30_FMP_Technicals_SAIC_daily,,,,Entities,,2026-04-30_FMP_Technicals_SAIC_daily,2026-04-30_FMP_Technicals_SAIC_daily,entity,,,,,,,,,,,,,,,[],,,Entity
world:entity:2026-04-30-fmp-technicals-sky-daily,2026-06-01,2026-04-30_FMP_Technicals_SKY_daily,,,,Entities,,2026-04-30_FMP_Technicals_SKY_daily,2026-04-30_FMP_Technicals_SKY_daily,entity,,,,,,,,,,,,,,,[],,,Entity
world:entity:2026-04-30-fmp-technicals-smr-daily,2026-06-01,2026-04-30_FMP_Technicals_SMR_daily,,,,Entities,,2026-04-30_FMP_Technicals_SMR_daily,2026-04-30_FMP_Technicals_SMR_daily,entity,,,,,,,,,,,,,,,[],,,Entity
world:entity:2026-04-30-fmp-technicals-spir-daily,2026-06-01,2026-04-30_FMP_Technicals_SPIR_daily,,,,Entities,,2026-04-30_FMP_Technicals_SPIR_daily,2026-04-30_FMP_Technicals_SPIR_daily,entity,,,,,,,,,,,,,,,[],,,Entity
world:entity:2026-04-30-fmp-technicals-spro-daily,2026-06-01,2026-04-30_FMP_Technicals_SPRO_daily,,,,Entities,,2026-04-30_FMP_Technicals_SPRO_daily,2026-04-30_FMP_Technicals_SPRO_daily,entity,,,,,,,,,,,,,,,[],,,Entity
world:entity:2026-04-30-fmp-technicals-stem-daily,2026-06-01,2026-04-30_FMP_Technicals_STEM_daily,,,,Entities,,2026-04-30_FMP_Technicals_STEM_daily,2026-04-30_FMP_Technicals_STEM_daily,entity,,,,,,,,,,,,,,,[],,,Entity
world:entity:2026-04-30-fmp-technicals-strl-daily,2026-06-01,2026-04-30_FMP_Technicals_STRL_daily,,,,Entities,,2026-04-30_FMP_Technicals_STRL_daily,2026-04-30_FMP_Technicals_STRL_daily,entity,,,,,,,,,,,,,,,[],,,Entity
world:entity:2026-04-30-fmp-technicals-tdy-daily,2026-06-01,2026-04-30_FMP_Technicals_TDY_daily,,,,Entities,,2026-04-30_FMP_Technicals_TDY_daily,2026-04-30_FMP_Technicals_TDY_daily,entity,,,,,,,,,,,,,,,[],,,Entity
world:entity:2026-04-30-fmp-technicals-tmhc-daily,2026-06-01,2026-04-30_FMP_Technicals_TMHC_daily,,,,Entities,,2026-04-30_FMP_Technicals_TMHC_daily,2026-04-30_FMP_Technicals_TMHC_daily,entity,,,,,,,,,,,,,,,[],,,Entity
world:entity:2026-04-30-fmp-technicals-tmo-daily,2026-06-01,2026-04-30_FMP_Technicals_TMO_daily,,,,Entities,,2026-04-30_FMP_Technicals_TMO_daily,2026-04-30_FMP_Technicals_TMO_daily,entity,,,,,,,,,,,,,,,[],,,Entity
world:entity:2026-04-30-fmp-technicals-tnc-daily,2026-06-01,2026-04-30_FMP_Technicals_TNC_daily,,,,Entities,,2026-04-30_FMP_Technicals_TNC_daily,2026-04-30_FMP_Technicals_TNC_daily,entity,,,,,,,,,,,,,,,[],,,Entity
world:entity:2026-04-30-fmp-technicals-tol-daily,2026-06-01,2026-04-30_FMP_Technicals_TOL_daily,,,,Entities,,2026-04-30_FMP_Technicals_TOL_daily,2026-04-30_FMP_Technicals_TOL_daily,entity,,,,,,,,,,,,,,,[],,,Entity
world:entity:2026-04-30-fmp-technicals-tsla-daily,2026-06-01,2026-04-30_FMP_Technicals_TSLA_daily,,,,Entities,,2026-04-30_FMP_Technicals_TSLA_daily,2026-04-30_FMP_Technicals_TSLA_daily,entity,,,,,,,,,,,,,,,[],,,Entity
world:entity:2026-04-30-fmp-technicals-tsn-daily,2026-06-01,2026-04-30_FMP_Technicals_TSN_daily,,,,Entities,,2026-04-30_FMP_Technicals_TSN_daily,2026-04-30_FMP_Technicals_TSN_daily,entity,,,,,,,,,,,,,,,[],,,Entity
world:entity:2026-04-30-fmp-technicals-twst-daily,2026-06-01,2026-04-30_FMP_Technicals_TWST_daily,,,,Entities,,2026-04-30_FMP_Technicals_TWST_daily,2026-04-30_FMP_Technicals_TWST_daily,entity,,,,,,,,,,,,,,,[],,,Entity
world:entity:2026-04-30-fmp-technicals-txt-daily,2026-06-01,2026-04-30_FMP_Technicals_TXT_daily,,,,Entities,,2026-04-30_FMP_Technicals_TXT_daily,2026-04-30_FMP_Technicals_TXT_daily,entity,,,,,,,,,,,,,,,[],,,Entity
world:entity:2026-04-30-fmp-technicals-ufpt-daily,2026-06-01,2026-04-30_FMP_Technicals_UFPT_daily,,,,Entities,,2026-04-30_FMP_Technicals_UFPT_daily,2026-04-30_FMP_Technicals_UFPT_daily,entity,,,,,,,,,,,,,,,[],,,Entity
world:entity:2026-04-30-fmp-technicals-umac-daily,2026-06-01,2026-04-30_FMP_Technicals_UMAC_daily,,,,Entities,,2026-04-30_FMP_Technicals_UMAC_daily,2026-04-30_FMP_Technicals_UMAC_daily,entity,,,,,,,,,,,,,,,[],,,Entity
world:entity:2026-04-30-fmp-technicals-unty-daily,2026-06-01,2026-04-30_FMP_Technicals_UNTY_daily,,,,Entities,,2026-04-30_FMP_Technicals_UNTY_daily,2026-04-30_FMP_Technicals_UNTY_daily,entity,,,,,,,,,,,,,,,[],,,Entity
world:entity:2026-04-30-fmp-technicals-vktx-daily,2026-06-01,2026-04-30_FMP_Technicals_VKTX_daily,,,,Entities,,2026-04-30_FMP_Technicals_VKTX_daily,2026-04-30_FMP_Technicals_VKTX_daily,entity,,,,,,,,,,,,,,,[],,,Entity
world:entity:2026-04-30-fmp-technicals-vst-daily,2026-06-01,2026-04-30_FMP_Technicals_VST_daily,,,,Entities,,2026-04-30_FMP_Technicals_VST_daily,2026-04-30_FMP_Technicals_VST_daily,entity,,,,,,,,,,,,,,,[],,,Entity
world:entity:2026-04-30-fmp-technicals-wcc-daily,2026-06-01,2026-04-30_FMP_Technicals_WCC_daily,,,,Entities,,2026-04-30_FMP_Technicals_WCC_daily,2026-04-30_FMP_Technicals_WCC_daily,entity,,,,,,,,,,,,,,,[],,,Entity
world:entity:2026-04-30-fmp-technicals-wolf-daily,2026-06-01,2026-04-30_FMP_Technicals_WOLF_daily,,,,Entities,,2026-04-30_FMP_Technicals_WOLF_daily,2026-04-30_FMP_Technicals_WOLF_daily,entity,,,,,,,,,,,,,,,[],,,Entity
world:entity:2026-04-30-fmp-technicals-wpm-daily,2026-06-01,2026-04-30_FMP_Technicals_WPM_daily,,,,Entities,,2026-04-30_FMP_Technicals_WPM_daily,2026-04-30_FMP_Technicals_WPM_daily,entity,,,,,,,,,,,,,,,[],,,Entity
world:entity:2026-04-30-fmp-technicals-xoma-daily,2026-06-01,2026-04-30_FMP_Technicals_XOMA_daily,,,,Entities,,2026-04-30_FMP_Technicals_XOMA_daily,2026-04-30_FMP_Technicals_XOMA_daily,entity,,,,,,,,,,,,,,,[],,,Entity
world:entity:2026-05-01-agent-analysis-all-theses,2026-06-01,2026-05-01_Agent_Analysis_All_Theses,,,,Entities,,2026-05-01_Agent_Analysis_All_Theses,2026-05-01_Agent_Analysis_All_Theses,entity,,,,,,,,,,,,,,,[],,,Entity
world:entity:2026-05-01-agent-analysis-amzn,2026-06-01,2026-05-01_Agent_Analysis_AMZN,,,,Entities,,2026-05-01_Agent_Analysis_AMZN,2026-05-01_Agent_Analysis_AMZN,entity,,,,,,,,,,,,,,,[],,,Entity
world:entity:2026-05-01-agent-analysis-etn,2026-06-01,2026-05-01_Agent_Analysis_ETN,,,,Entities,,2026-05-01_Agent_Analysis_ETN,2026-05-01_Agent_Analysis_ETN,entity,,,,,,,,,,,,,,,[],,,Entity
world:entity:2026-05-01-agent-analysis-gev,2026-06-01,2026-05-01_Agent_Analysis_GEV,,,,Entities,,2026-05-01_Agent_Analysis_GEV,2026-05-01_Agent_Analysis_GEV,entity,,,,,,,,,,,,,,,[],,,Entity
world:entity:2026-05-01-agent-analysis-irm,2026-06-01,2026-05-01_Agent_Analysis_IRM,,,,Entities,,2026-05-01_Agent_Analysis_IRM,2026-05-01_Agent_Analysis_IRM,entity,,,,,,,,,,,,,,,[],,,Entity
world:entity:2026-05-01-agent-analysis-meta,2026-06-01,2026-05-01_Agent_Analysis_META,,,,Entities,,2026-05-01_Agent_Analysis_META,2026-05-01_Agent_Analysis_META,entity,,,,,,,,,,,,,,,[],,,Entity
world:entity:2026-05-01-agent-analysis-mo,2026-06-01,2026-05-01_Agent_Analysis_MO,,,,Entities,,2026-05-01_Agent_Analysis_MO,2026-05-01_Agent_Analysis_MO,entity,,,,,,,,,,,,,,,[],,,Entity
world:entity:2026-05-01-agent-analysis-msft,2026-06-01,2026-05-01_Agent_Analysis_MSFT,,,,Entities,,2026-05-01_Agent_Analysis_MSFT,2026-05-01_Agent_Analysis_MSFT,entity,,,,,,,,,,,,,,,[],,,Entity
world:entity:2026-05-01-agent-analysis-nrg,2026-06-01,2026-05-01_Agent_Analysis_NRG,,,,Entities,,2026-05-01_Agent_Analysis_NRG,2026-05-01_Agent_Analysis_NRG,entity,,,,,,,,,,,,,,,[],,,Entity
world:entity:2026-05-01-agent-analysis-orly,2026-06-01,2026-05-01_Agent_Analysis_ORLY,,,,Entities,,2026-05-01_Agent_Analysis_ORLY,2026-05-01_Agent_Analysis_ORLY,entity,,,,,,,,,,,,,,,[],,,Entity
world:entity:2026-05-01-agent-analysis-pltr,2026-06-01,2026-05-01_Agent_Analysis_PLTR,,,,Entities,,2026-05-01_Agent_Analysis_PLTR,2026-05-01_Agent_Analysis_PLTR,entity,,,,,,,,,,,,,,,[],,,Entity
world:entity:2026-05-01-agent-analysis-ppl,2026-06-01,2026-05-01_Agent_Analysis_PPL,,,,Entities,,2026-05-01_Agent_Analysis_PPL,2026-05-01_Agent_Analysis_PPL,entity,,,,,,,,,,,,,,,[],,,Entity
world:entity:2026-05-01-agent-analysis-prta,2026-06-01,2026-05-01_Agent_Analysis_PRTA,,,,Entities,,2026-05-01_Agent_Analysis_PRTA,2026-05-01_Agent_Analysis_PRTA,entity,,,,,,,,,,,,,,,[],,,Entity
world:entity:2026-05-01-agent-analysis-pwr,2026-06-01,2026-05-01_Agent_Analysis_PWR,,,,Entities,,2026-05-01_Agent_Analysis_PWR,2026-05-01_Agent_Analysis_PWR,entity,,,,,,,,,,,,,,,[],,,Entity
world:entity:2026-05-01-agent-analysis-qcom,2026-06-01,2026-05-01_Agent_Analysis_QCOM,,,,Entities,,2026-05-01_Agent_Analysis_QCOM,2026-05-01_Agent_Analysis_QCOM,entity,,,,,,,,,,,,,,,[],,,Entity
world:entity:2026-05-01-agent-analysis-strl,2026-06-01,2026-05-01_Agent_Analysis_STRL,,,,Entities,,2026-05-01_Agent_Analysis_STRL,2026-05-01_Agent_Analysis_STRL,entity,,,,,,,,,,,,,,,[],,,Entity
world:entity:2026-05-01-agent-analysis-ter,2026-06-01,2026-05-01_Agent_Analysis_TER,,,,Entities,,2026-05-01_Agent_Analysis_TER,2026-05-01_Agent_Analysis_TER,entity,,,,,,,,,,,,,,,[],,,Entity
world:entity:2026-05-01-agent-analysis-twlo,2026-06-01,2026-05-01_Agent_Analysis_TWLO,,,,Entities,,2026-05-01_Agent_Analysis_TWLO,2026-05-01_Agent_Analysis_TWLO,entity,,,,,,,,,,,,,,,[],,,Entity
world:entity:2026-05-01-agent-analysis-vst,2026-06-01,2026-05-01_Agent_Analysis_VST,,,,Entities,,2026-05-01_Agent_Analysis_VST,2026-05-01_Agent_Analysis_VST,entity,,,,,,,,,,,,,,,[],,,Entity
world:entity:2026-05-01-agent-analysis-wpm,2026-06-01,2026-05-01_Agent_Analysis_WPM,,,,Entities,,2026-05-01_Agent_Analysis_WPM,2026-05-01_Agent_Analysis_WPM,entity,,,,,,,,,,,,,,,[],,,Entity
world:entity:2026-05-01-capital-raise,2026-06-01,2026-05-01_Capital_Raise,,,,Entities,,2026-05-01_Capital_Raise,2026-05-01_Capital_Raise,entity,,,,,,,,,,,,,,,[],,,Entity
world:entity:2026-05-01-dilution-amzn,2026-06-01,2026-05-01_DILUTION_AMZN,,,,Entities,,2026-05-01_DILUTION_AMZN,2026-05-01_DILUTION_AMZN,entity,,,,,,,,,,,,,,,[],,,Entity
world:entity:2026-05-01-dilution-ceg,2026-06-01,2026-05-01_DILUTION_CEG,,,,Entities,,2026-05-01_DILUTION_CEG,2026-05-01_DILUTION_CEG,entity,,,,,,,,,,,,,,,[],,,Entity
world:entity:2026-05-01-dilution-jnj,2026-06-01,2026-05-01_DILUTION_JNJ,,,,Entities,,2026-05-01_DILUTION_JNJ,2026-05-01_DILUTION_JNJ,entity,,,,,,,,,,,,,,,[],,,Entity
world:entity:2026-05-01-dilution-ktos,2026-06-01,2026-05-01_DILUTION_KTOS,,,,Entities,,2026-05-01_DILUTION_KTOS,2026-05-01_DILUTION_KTOS,entity,,,,,,,,,,,,,,,[],,,Entity
world:entity:2026-05-01-dilution-len,2026-06-01,2026-05-01_DILUTION_LEN,,,,Entities,,2026-05-01_DILUTION_LEN,2026-05-01_DILUTION_LEN,entity,,,,,,,,,,,,,,,[],,,Entity
world:entity:2026-05-01-dilution-lhx,2026-06-01,2026-05-01_DILUTION_LHX,,,,Entities,,2026-05-01_DILUTION_LHX,2026-05-01_DILUTION_LHX,entity,,,,,,,,,,,,,,,[],,,Entity
world:entity:2026-05-01-dilution-lmt,2026-06-01,2026-05-01_DILUTION_LMT,,,,Entities,,2026-05-01_DILUTION_LMT,2026-05-01_DILUTION_LMT,entity,,,,,,,,,,,,,,,[],,,Entity
world:entity:2026-05-01-dilution-monitor,2026-06-01,2026-05-01_Dilution_Monitor,,,,Entities,,2026-05-01_Dilution_Monitor,2026-05-01_Dilution_Monitor,entity,,,,,,,,,,,,,,,[],,,Entity
world:entity:2026-05-01-dilution-noc,2026-06-01,2026-05-01_DILUTION_NOC,,,,Entities,,2026-05-01_DILUTION_NOC,2026-05-01_DILUTION_NOC,entity,,,,,,,,,,,,,,,[],,,Entity
world:entity:2026-05-01-dilution-nrg,2026-06-01,2026-05-01_DILUTION_NRG,,,,Entities,,2026-05-01_DILUTION_NRG,2026-05-01_DILUTION_NRG,entity,,,,,,,,,,,,,,,[],,,Entity
world:entity:2026-05-01-dilution-rcat,2026-06-01,2026-05-01_DILUTION_RCAT,,,,Entities,,2026-05-01_DILUTION_RCAT,2026-05-01_DILUTION_RCAT,entity,,,,,,,,,,,,,,,[],,,Entity
world:entity:2026-05-01-dilution-xom,2026-06-01,2026-05-01_DILUTION_XOM,,,,Entities,,2026-05-01_DILUTION_XOM,2026-05-01_DILUTION_XOM,entity,,,,,,,,,,,,,,,[],,,Entity
world:entity:2026-05-01-entropy-monitor-meta-qcom-ppl-irm-googl-cah-fe-goog-bmy-ame-mo-pwr-twlo-orly-exc-ftai-ebay-bro-aig-ter,2026-06-01,2026-05-01_Entropy_Monitor_META_QCOM_PPL_IRM_GOOGL_CAH_FE_GOOG_BMY_AME_MO_PWR_TWLO_ORLY_EXC_FTAI_EBAY_BRO_AIG_TER,,,,Entities,,2026-05-01_Entropy_Monitor_META_QCOM_PPL_IRM_GOOGL_CAH_FE_GOOG_BMY_AME_MO_PWR_TWLO_ORLY_EXC_FTAI_EBAY_BRO_AIG_TER,2026-05-01_Entropy_Monitor_META_QCOM_PPL_IRM_GOOGL_CAH_FE_GOOG_BMY_AME_MO_PWR_TWLO_ORLY_EXC_FTAI_EBAY_BRO_AIG_TER,entity,,,,,,,,,,,,,,,[],,,Entity
world:entity:2026-05-01-entropy-monitor-spy-qqq,2026-06-01,2026-05-01_Entropy_Monitor_SPY_QQQ,,,,Entities,,2026-05-01_Entropy_Monitor_SPY_QQQ,2026-05-01_Entropy_Monitor_SPY_QQQ,entity,,,,,,,,,,,,,,,[],,,Entity
world:entity:2026-05-01-fmp-balancesheet-nvda,2026-06-01,2026-05-01_FMP_BalanceSheet_NVDA,,,,Entities,,2026-05-01_FMP_BalanceSheet_NVDA,2026-05-01_FMP_BalanceSheet_NVDA,entity,,,,,,,,,,,,,,,[],,,Entity
world:entity:2026-05-01-fmp-earnings-calendar,2026-06-01,2026-05-01_FMP_Earnings_Calendar,,,,Entities,,2026-05-01_FMP_Earnings_Calendar,2026-05-01_FMP_Earnings_Calendar,entity,,,,,,,,,,,,,,,[],,,Entity
world:entity:2026-05-01-fmp-economiccalendar,2026-06-01,2026-05-01_FMP_EconomicCalendar,,,,Entities,,2026-05-01_FMP_EconomicCalendar,2026-05-01_FMP_EconomicCalendar,entity,,,,,,,,,,,,,,,[],,,Entity
world:entity:2026-05-01-fmp-technicals-spy-daily,2026-06-01,2026-05-01_FMP_Technicals_SPY_daily,,,,Entities,,2026-05-01_FMP_Technicals_SPY_daily,2026-05-01_FMP_Technicals_SPY_daily,entity,,,,,,,,,,,,,,,[],,,Entity
world:entity:2026-05-01-macro-volatility,2026-06-01,2026-05-01_Macro_Volatility,,,,Entities,,2026-05-01_Macro_Volatility,2026-05-01_Macro_Volatility,entity,,,,,,,,,,,,,,,[],,,Entity
world:entity:2026-05-01-opportunity-viewpoints,2026-06-01,2026-05-01_Opportunity_Viewpoints,,,,Entities,,2026-05-01_Opportunity_Viewpoints,2026-05-01_Opportunity_Viewpoints,entity,,,,,,,,,,,,,,,[],,,Entity
world:entity:2026-05-01-orb-entropy-screen,2026-06-01,2026-05-01_ORB_Entropy_Screen,,,,Entities,,2026-05-01_ORB_Entropy_Screen,2026-05-01_ORB_Entropy_Screen,entity,,,,,,,,,,,,,,,[],,,Entity
world:entity:2026-05-01-pair-metrics,2026-06-01,2026-05-01_Pair_Metrics,,,,Entities,,2026-05-01_Pair_Metrics,2026-05-01_Pair_Metrics,entity,,,,,,,,,,,,,,,[],,,Entity
world:entity:2026-05-01-pead-watch,2026-06-01,2026-05-01_PEAD_Watch,,,,Entities,,2026-05-01_PEAD_Watch,2026-05-01_PEAD_Watch,entity,,,,,,,,,,,,,,,[],,,Entity
world:entity:2026-05-02-agent-analysis-all-theses,2026-06-01,2026-05-02_Agent_Analysis_All_Theses,,,,Entities,,2026-05-02_Agent_Analysis_All_Theses,2026-05-02_Agent_Analysis_All_Theses,entity,,,,,,,,,,,,,,,[],,,Entity
world:entity:2026-05-02-agent-analysis-amzn,2026-06-01,2026-05-02_Agent_Analysis_AMZN,,,,Entities,,2026-05-02_Agent_Analysis_AMZN,2026-05-02_Agent_Analysis_AMZN,entity,,,,,,,,,,,,,,,[],,,Entity
world:entity:2026-05-02-agent-analysis-etn,2026-06-01,2026-05-02_Agent_Analysis_ETN,,,,Entities,,2026-05-02_Agent_Analysis_ETN,2026-05-02_Agent_Analysis_ETN,entity,,,,,,,,,,,,,,,[],,,Entity
world:entity:2026-05-02-agent-analysis-gev,2026-06-01,2026-05-02_Agent_Analysis_GEV,,,,Entities,,2026-05-02_Agent_Analysis_GEV,2026-05-02_Agent_Analysis_GEV,entity,,,,,,,,,,,,,,,[],,,Entity
world:entity:2026-05-02-agent-analysis-msft,2026-06-01,2026-05-02_Agent_Analysis_MSFT,,,,Entities,,2026-05-02_Agent_Analysis_MSFT,2026-05-02_Agent_Analysis_MSFT,entity,,,,,,,,,,,,,,,[],,,Entity
world:entity:2026-05-02-agent-analysis-pltr,2026-06-01,2026-05-02_Agent_Analysis_PLTR,,,,Entities,,2026-05-02_Agent_Analysis_PLTR,2026-05-02_Agent_Analysis_PLTR,entity,,,,,,,,,,,,,,,[],,,Entity
world:entity:2026-05-02-agent-thread-confluence-scan,2026-06-01,2026-05-02_Agent_Thread_confluence-scan,,,,Entities,,2026-05-02_Agent_Thread_confluence-scan,2026-05-02_Agent_Thread_confluence-scan,entity,,,,,,,,,,,,,,,[],,,Entity
world:entity:2026-05-02-big-money-vs-retail-positioning-report,2026-06-01,2026-05-02_Big_Money_vs_Retail_Positioning_Report,,,,Entities,,2026-05-02_Big_Money_vs_Retail_Positioning_Report,2026-05-02_Big_Money_vs_Retail_Positioning_Report,entity,,,,,,,,,,,,,,,[],,,Entity
world:entity:2026-05-02-dilution-amzn,2026-06-01,2026-05-02_DILUTION_AMZN,,,,Entities,,2026-05-02_DILUTION_AMZN,2026-05-02_DILUTION_AMZN,entity,,,,,,,,,,,,,,,[],,,Entity
world:entity:2026-05-02-dilution-ceg,2026-06-01,2026-05-02_DILUTION_CEG,,,,Entities,,2026-05-02_DILUTION_CEG,2026-05-02_DILUTION_CEG,entity,,,,,,,,,,,,,,,[],,,Entity
world:entity:2026-05-02-dilution-jnj,2026-06-01,2026-05-02_DILUTION_JNJ,,,,Entities,,2026-05-02_DILUTION_JNJ,2026-05-02_DILUTION_JNJ,entity,,,,,,,,,,,,,,,[],,,Entity
world:entity:2026-05-02-dilution-ktos,2026-06-01,2026-05-02_DILUTION_KTOS,,,,Entities,,2026-05-02_DILUTION_KTOS,2026-05-02_DILUTION_KTOS,entity,,,,,,,,,,,,,,,[],,,Entity
world:entity:2026-05-02-dilution-len,2026-06-01,2026-05-02_DILUTION_LEN,,,,Entities,,2026-05-02_DILUTION_LEN,2026-05-02_DILUTION_LEN,entity,,,,,,,,,,,,,,,[],,,Entity
world:entity:2026-05-02-dilution-lhx,2026-06-01,2026-05-02_DILUTION_LHX,,,,Entities,,2026-05-02_DILUTION_LHX,2026-05-02_DILUTION_LHX,entity,,,,,,,,,,,,,,,[],,,Entity
world:entity:2026-05-02-dilution-lmt,2026-06-01,2026-05-02_DILUTION_LMT,,,,Entities,,2026-05-02_DILUTION_LMT,2026-05-02_DILUTION_LMT,entity,,,,,,,,,,,,,,,[],,,Entity
world:entity:2026-05-02-dilution-monitor,2026-06-01,2026-05-02_Dilution_Monitor,,,,Entities,,2026-05-02_Dilution_Monitor,2026-05-02_Dilution_Monitor,entity,,,,,,,,,,,,,,,[],,,Entity
world:entity:2026-05-02-dilution-noc,2026-06-01,2026-05-02_DILUTION_NOC,,,,Entities,,2026-05-02_DILUTION_NOC,2026-05-02_DILUTION_NOC,entity,,,,,,,,,,,,,,,[],,,Entity
world:entity:2026-05-02-dilution-nrg,2026-06-01,2026-05-02_DILUTION_NRG,,,,Entities,,2026-05-02_DILUTION_NRG,2026-05-02_DILUTION_NRG,entity,,,,,,,,,,,,,,,[],,,Entity
world:entity:2026-05-02-dilution-rcat,2026-06-01,2026-05-02_DILUTION_RCAT,,,,Entities,,2026-05-02_DILUTION_RCAT,2026-05-02_DILUTION_RCAT,entity,,,,,,,,,,,,,,,[],,,Entity
world:entity:2026-05-02-dilution-xom,2026-06-01,2026-05-02_DILUTION_XOM,,,,Entities,,2026-05-02_DILUTION_XOM,2026-05-02_DILUTION_XOM,entity,,,,,,,,,,,,,,,[],,,Entity
world:entity:2026-05-02-eia-generation-mix,2026-06-01,2026-05-02_EIA_Generation_Mix,,,,Entities,,2026-05-02_EIA_Generation_Mix,2026-05-02_EIA_Generation_Mix,entity,,,,,,,,,,,,,,,[],,,Entity
world:entity:2026-05-02-entropy-monitor-spy-qqq,2026-06-01,2026-05-02_Entropy_Monitor_SPY_QQQ,,,,Entities,,2026-05-02_Entropy_Monitor_SPY_QQQ,2026-05-02_Entropy_Monitor_SPY_QQQ,entity,,,,,,,,,,,,,,,[],,,Entity
world:entity:2026-05-02-fema-declarations,2026-06-01,2026-05-02_FEMA_Declarations,,,,Entities,,2026-05-02_FEMA_Declarations,2026-05-02_FEMA_Declarations,entity,,,,,,,,,,,,,,,[],,,Entity
world:entity:2026-05-02-fred-liquidity,2026-06-01,2026-05-02_FRED_Liquidity,,,,Entities,,2026-05-02_FRED_Liquidity,2026-05-02_FRED_Liquidity,entity,,,,,,,,,,,,,,,[],,,Entity
world:entity:2026-05-02-nahb-builder-confidence,2026-06-01,2026-05-02_NAHB_Builder_Confidence,,,,Entities,,2026-05-02_NAHB_Builder_Confidence,2026-05-02_NAHB_Builder_Confidence,entity,,,,,,,,,,,,,,,[],,,Entity
world:entity:2026-05-02-opportunity-viewpoints,2026-06-01,2026-05-02_Opportunity_Viewpoints,,,,Entities,,2026-05-02_Opportunity_Viewpoints,2026-05-02_Opportunity_Viewpoints,entity,,,,,,,,,,,,,,,[],,,Entity
world:entity:2026-05-02-pair-metrics,2026-06-01,2026-05-02_Pair_Metrics,,,,Entities,,2026-05-02_Pair_Metrics,2026-05-02_Pair_Metrics,entity,,,,,,,,,,,,,,,[],,,Entity
world:entity:2026-05-02-pead-watch,2026-06-01,2026-05-02_PEAD_Watch,,,,Entities,,2026-05-02_PEAD_Watch,2026-05-02_PEAD_Watch,entity,,,,,,,,,,,,,,,[],,,Entity
world:entity:2026-05-04-fmp-economiccalendar,2026-06-01,2026-05-04_FMP_EconomicCalendar,,,,Entities,,2026-05-04_FMP_EconomicCalendar,2026-05-04_FMP_EconomicCalendar,entity,,,,,,,,,,,,,,,[],,,Entity
world:entity:2026-05-04-fmp-quote-spy-qqq-iwm-tlt-hyg-gld-uso,2026-06-01,2026-05-04_FMP_Quote_SPY_QQQ_IWM_TLT_HYG_GLD_USO,,,,Entities,,2026-05-04_FMP_Quote_SPY_QQQ_IWM_TLT_HYG_GLD_USO,2026-05-04_FMP_Quote_SPY_QQQ_IWM_TLT_HYG_GLD_USO,entity,,,,,,,,,,,,,,,[],,,Entity
world:entity:2026-05-04-fmp-relvol-screen,2026-06-01,2026-05-04_FMP_RelVol_Screen,,,,Entities,,2026-05-04_FMP_RelVol_Screen,2026-05-04_FMP_RelVol_Screen,entity,,,,,,,,,,,,,,,[],,,Entity
world:entity:2026-05-04-orb-entropy-screen,2026-06-01,2026-05-04_ORB_Entropy_Screen,,,,Entities,,2026-05-04_ORB_Entropy_Screen,2026-05-04_ORB_Entropy_Screen,entity,,,,,,,,,,,,,,,[],,,Entity
world:entity:2026-05-05-agent-analysis-aapl,2026-06-01,2026-05-05_Agent_Analysis_AAPL,,,,Entities,,2026-05-05_Agent_Analysis_AAPL,2026-05-05_Agent_Analysis_AAPL,entity,,,,,,,,,,,,,,,[],,,Entity
world:entity:2026-05-05-agent-analysis-acad,2026-06-01,2026-05-05_Agent_Analysis_ACAD,,,,Entities,,2026-05-05_Agent_Analysis_ACAD,2026-05-05_Agent_Analysis_ACAD,entity,,,,,,,,,,,,,,,[],,,Entity
world:entity:2026-05-05-agent-analysis-all-theses,2026-06-01,2026-05-05_Agent_Analysis_All_Theses,,,,Entities,,2026-05-05_Agent_Analysis_All_Theses,2026-05-05_Agent_Analysis_All_Theses,entity,,,,,,,,,,,,,,,[],,,Entity
world:entity:2026-05-05-agent-analysis-amzn,2026-06-01,2026-05-05_Agent_Analysis_AMZN,,,,Entities,,2026-05-05_Agent_Analysis_AMZN,2026-05-05_Agent_Analysis_AMZN,entity,,,,,,,,,,,,,,,[],,,Entity
world:entity:2026-05-05-agent-analysis-axp,2026-06-01,2026-05-05_Agent_Analysis_AXP,,,,Entities,,2026-05-05_Agent_Analysis_AXP,2026-05-05_Agent_Analysis_AXP,entity,,,,,,,,,,,,,,,[],,,Entity
world:entity:2026-05-05-agent-analysis-biib,2026-06-01,2026-05-05_Agent_Analysis_BIIB,,,,Entities,,2026-05-05_Agent_Analysis_BIIB,2026-05-05_Agent_Analysis_BIIB,entity,,,,,,,,,,,,,,,[],,,Entity
world:entity:2026-05-05-agent-analysis-brk-b,2026-06-01,2026-05-05_Agent_Analysis_BRK_B,,,,Entities,,2026-05-05_Agent_Analysis_BRK_B,2026-05-05_Agent_Analysis_BRK_B,entity,,,,,,,,,,,,,,,[],,,Entity
world:entity:2026-05-05-agent-analysis-etn,2026-06-01,2026-05-05_Agent_Analysis_ETN,,,,Entities,,2026-05-05_Agent_Analysis_ETN,2026-05-05_Agent_Analysis_ETN,entity,,,,,,,,,,,,,,,[],,,Entity
world:entity:2026-05-05-agent-analysis-gev,2026-06-01,2026-05-05_Agent_Analysis_GEV,,,,Entities,,2026-05-05_Agent_Analysis_GEV,2026-05-05_Agent_Analysis_GEV,entity,,,,,,,,,,,,,,,[],,,Entity
world:entity:2026-05-05-agent-analysis-gold,2026-06-01,2026-05-05_Agent_Analysis_GOLD,,,,Entities,,2026-05-05_Agent_Analysis_GOLD,2026-05-05_Agent_Analysis_GOLD,entity,,,,,,,,,,,,,,,[],,,Entity
world:entity:2026-05-05-agent-analysis-googl,2026-06-01,2026-05-05_Agent_Analysis_GOOGL,,,,Entities,,2026-05-05_Agent_Analysis_GOOGL,2026-05-05_Agent_Analysis_GOOGL,entity,,,,,,,,,,,,,,,[],,,Entity
world:entity:2026-05-05-agent-analysis-ko,2026-06-01,2026-05-05_Agent_Analysis_KO,,,,Entities,,2026-05-05_Agent_Analysis_KO,2026-05-05_Agent_Analysis_KO,entity,,,,,,,,,,,,,,,[],,,Entity
world:entity:2026-05-05-agent-analysis-lly,2026-06-01,2026-05-05_Agent_Analysis_LLY,,,,Entities,,2026-05-05_Agent_Analysis_LLY,2026-05-05_Agent_Analysis_LLY,entity,,,,,,,,,,,,,,,[],,,Entity
world:entity:2026-05-05-agent-analysis-msft,2026-06-01,2026-05-05_Agent_Analysis_MSFT,,,,Entities,,2026-05-05_Agent_Analysis_MSFT,2026-05-05_Agent_Analysis_MSFT,entity,,,,,,,,,,,,,,,[],,,Entity
world:entity:2026-05-05-agent-analysis-nem,2026-06-01,2026-05-05_Agent_Analysis_NEM,,,,Entities,,2026-05-05_Agent_Analysis_NEM,2026-05-05_Agent_Analysis_NEM,entity,,,,,,,,,,,,,,,[],,,Entity
world:entity:2026-05-05-agent-analysis-nrg,2026-06-01,2026-05-05_Agent_Analysis_NRG,,,,Entities,,2026-05-05_Agent_Analysis_NRG,2026-05-05_Agent_Analysis_NRG,entity,,,,,,,,,,,,,,,[],,,Entity
world:entity:2026-05-05-agent-analysis-nvda,2026-06-01,2026-05-05_Agent_Analysis_NVDA,,,,Entities,,2026-05-05_Agent_Analysis_NVDA,2026-05-05_Agent_Analysis_NVDA,entity,,,,,,,,,,,,,,,[],,,Entity
world:entity:2026-05-05-agent-analysis-pltr,2026-06-01,2026-05-05_Agent_Analysis_PLTR,,,,Entities,,2026-05-05_Agent_Analysis_PLTR,2026-05-05_Agent_Analysis_PLTR,entity,,,,,,,,,,,,,,,[],,,Entity
world:entity:2026-05-05-agent-analysis-prta,2026-06-01,2026-05-05_Agent_Analysis_PRTA,,,,Entities,,2026-05-05_Agent_Analysis_PRTA,2026-05-05_Agent_Analysis_PRTA,entity,,,,,,,,,,,,,,,[],,,Entity
world:entity:2026-05-05-agent-analysis-strl,2026-06-01,2026-05-05_Agent_Analysis_STRL,,,,Entities,,2026-05-05_Agent_Analysis_STRL,2026-05-05_Agent_Analysis_STRL,entity,,,,,,,,,,,,,,,[],,,Entity
world:entity:2026-05-05-agent-analysis-vst,2026-06-01,2026-05-05_Agent_Analysis_VST,,,,Entities,,2026-05-05_Agent_Analysis_VST,2026-05-05_Agent_Analysis_VST,entity,,,,,,,,,,,,,,,[],,,Entity
world:entity:2026-05-05-agent-analysis-wpm,2026-06-01,2026-05-05_Agent_Analysis_WPM,,,,Entities,,2026-05-05_Agent_Analysis_WPM,2026-05-05_Agent_Analysis_WPM,entity,,,,,,,,,,,,,,,[],,,Entity
world:entity:2026-05-05-agent-analysis-xom,2026-06-01,2026-05-05_Agent_Analysis_XOM,,,,Entities,,2026-05-05_Agent_Analysis_XOM,2026-05-05_Agent_Analysis_XOM,entity,,,,,,,,,,,,,,,[],,,Entity
world:entity:2026-05-05-disclosure-reality-check,2026-06-01,2026-05-05_Disclosure_Reality_Check,,,,Entities,,2026-05-05_Disclosure_Reality_Check,2026-05-05_Disclosure_Reality_Check,entity,,,,,,,,,,,,,,,[],,,Entity
world:entity:2026-05-05-entropy-monitor-spy-qqq,2026-06-01,2026-05-05_Entropy_Monitor_SPY_QQQ,,,,Entities,,2026-05-05_Entropy_Monitor_SPY_QQQ,2026-05-05_Entropy_Monitor_SPY_QQQ,entity,,,,,,,,,,,,,,,[],,,Entity
world:entity:2026-05-05-fmp-earnings-calendar-thesis-watchlists,2026-06-01,2026-05-05_FMP_Earnings_Calendar_Thesis_Watchlists,,,,Entities,,2026-05-05_FMP_Earnings_Calendar_Thesis_Watchlists,2026-05-05_FMP_Earnings_Calendar_Thesis_Watchlists,entity,,,,,,,,,,,,,,,[],,,Entity
world:entity:2026-05-05-fmp-economiccalendar,2026-06-01,2026-05-05_FMP_EconomicCalendar,,,,Entities,,2026-05-05_FMP_EconomicCalendar,2026-05-05_FMP_EconomicCalendar,entity,,,,,,,,,,,,,,,[],,,Entity
world:entity:2026-05-05-fmp-technicals-abbv-daily,2026-06-01,2026-05-05_FMP_Technicals_ABBV_daily,,,,Entities,,2026-05-05_FMP_Technicals_ABBV_daily,2026-05-05_FMP_Technicals_ABBV_daily,entity,,,,,,,,,,,,,,,[],,,Entity
world:entity:2026-05-05-fmp-technicals-acad-daily,2026-06-01,2026-05-05_FMP_Technicals_ACAD_daily,,,,Entities,,2026-05-05_FMP_Technicals_ACAD_daily,2026-05-05_FMP_Technicals_ACAD_daily,entity,,,,,,,,,,,,,,,[],,,Entity
world:entity:2026-05-05-fmp-technicals-achr-daily,2026-06-01,2026-05-05_FMP_Technicals_ACHR_daily,,,,Entities,,2026-05-05_FMP_Technicals_ACHR_daily,2026-05-05_FMP_Technicals_ACHR_daily,entity,,,,,,,,,,,,,,,[],,,Entity
world:entity:2026-05-05-fmp-technicals-adm-daily,2026-06-01,2026-05-05_FMP_Technicals_ADM_daily,,,,Entities,,2026-05-05_FMP_Technicals_ADM_daily,2026-05-05_FMP_Technicals_ADM_daily,entity,,,,,,,,,,,,,,,[],,,Entity
world:entity:2026-05-05-fmp-technicals-airo-daily,2026-06-01,2026-05-05_FMP_Technicals_AIRO_daily,,,,Entities,,2026-05-05_FMP_Technicals_AIRO_daily,2026-05-05_FMP_Technicals_AIRO_daily,entity,,,,,,,,,,,,,,,[],,,Entity
world:entity:2026-05-05-fmp-technicals-alks-daily,2026-06-01,2026-05-05_FMP_Technicals_ALKS_daily,,,,Entities,,2026-05-05_FMP_Technicals_ALKS_daily,2026-05-05_FMP_Technicals_ALKS_daily,entity,,,,,,,,,,,,,,,[],,,Entity
world:entity:2026-05-05-fmp-technicals-alvo-daily,2026-06-01,2026-05-05_FMP_Technicals_ALVO_daily,,,,Entities,,2026-05-05_FMP_Technicals_ALVO_daily,2026-05-05_FMP_Technicals_ALVO_daily,entity,,,,,,,,,,,,,,,[],,,Entity
world:entity:2026-05-05-fmp-technicals-amat-daily,2026-06-01,2026-05-05_FMP_Technicals_AMAT_daily,,,,Entities,,2026-05-05_FMP_Technicals_AMAT_daily,2026-05-05_FMP_Technicals_AMAT_daily,entity,,,,,,,,,,,,,,,[],,,Entity
world:entity:2026-05-05-fmp-technicals-amgn-daily,2026-06-01,2026-05-05_FMP_Technicals_AMGN_daily,,,,Entities,,2026-05-05_FMP_Technicals_AMGN_daily,2026-05-05_FMP_Technicals_AMGN_daily,entity,,,,,,,,,,,,,,,[],,,Entity
world:entity:2026-05-05-fmp-technicals-amsc-daily,2026-06-01,2026-05-05_FMP_Technicals_AMSC_daily,,,,Entities,,2026-05-05_FMP_Technicals_AMSC_daily,2026-05-05_FMP_Technicals_AMSC_daily,entity,,,,,,,,,,,,,,,[],,,Entity
world:entity:2026-05-05-fmp-technicals-amzn-daily,2026-06-01,2026-05-05_FMP_Technicals_AMZN_daily,,,,Entities,,2026-05-05_FMP_Technicals_AMZN_daily,2026-05-05_FMP_Technicals_AMZN_daily,entity,,,,,,,,,,,,,,,[],,,Entity
world:entity:2026-05-05-fmp-technicals-asts-daily,2026-06-01,2026-05-05_FMP_Technicals_ASTS_daily,,,,Entities,,2026-05-05_FMP_Technicals_ASTS_daily,2026-05-05_FMP_Technicals_ASTS_daily,entity,,,,,,,,,,,,,,,[],,,Entity
world:entity:2026-05-05-fmp-technicals-atai-daily,2026-06-01,2026-05-05_FMP_Technicals_ATAI_daily,,,,Entities,,2026-05-05_FMP_Technicals_ATAI_daily,2026-05-05_FMP_Technicals_ATAI_daily,entity,,,,,,,,,,,,,,,[],,,Entity
world:entity:2026-05-05-fmp-technicals-avav-daily,2026-06-01,2026-05-05_FMP_Technicals_AVAV_daily,,,,Entities,,2026-05-05_FMP_Technicals_AVAV_daily,2026-05-05_FMP_Technicals_AVAV_daily,entity,,,,,,,,,,,,,,,[],,,Entity
world:entity:2026-05-05-fmp-technicals-bah-daily,2026-06-01,2026-05-05_FMP_Technicals_BAH_daily,,,,Entities,,2026-05-05_FMP_Technicals_BAH_daily,2026-05-05_FMP_Technicals_BAH_daily,entity,,,,,,,,,,,,,,,[],,,Entity
world:entity:2026-05-05-fmp-technicals-bbai-daily,2026-06-01,2026-05-05_FMP_Technicals_BBAI_daily,,,,Entities,,2026-05-05_FMP_Technicals_BBAI_daily,2026-05-05_FMP_Technicals_BBAI_daily,entity,,,,,,,,,,,,,,,[],,,Entity
world:entity:2026-05-05-fmp-technicals-beam-daily,2026-06-01,2026-05-05_FMP_Technicals_BEAM_daily,,,,Entities,,2026-05-05_FMP_Technicals_BEAM_daily,2026-05-05_FMP_Technicals_BEAM_daily,entity,,,,,,,,,,,,,,,[],,,Entity
world:entity:2026-05-05-fmp-technicals-bg-daily,2026-06-01,2026-05-05_FMP_Technicals_BG_daily,,,,Entities,,2026-05-05_FMP_Technicals_BG_daily,2026-05-05_FMP_Technicals_BG_daily,entity,,,,,,,,,,,,,,,[],,,Entity
world:entity:2026-05-05-fmp-technicals-biib-daily,2026-06-01,2026-05-05_FMP_Technicals_BIIB_daily,,,,Entities,,2026-05-05_FMP_Technicals_BIIB_daily,2026-05-05_FMP_Technicals_BIIB_daily,entity,,,,,,,,,,,,,,,[],,,Entity
world:entity:2026-05-05-fmp-technicals-bksy-daily,2026-06-01,2026-05-05_FMP_Technicals_BKSY_daily,,,,Entities,,2026-05-05_FMP_Technicals_BKSY_daily,2026-05-05_FMP_Technicals_BKSY_daily,entity,,,,,,,,,,,,,,,[],,,Entity
world:entity:2026-05-05-fmp-technicals-brbr-daily,2026-06-01,2026-05-05_FMP_Technicals_BRBR_daily,,,,Entities,,2026-05-05_FMP_Technicals_BRBR_daily,2026-05-05_FMP_Technicals_BRBR_daily,entity,,,,,,,,,,,,,,,[],,,Entity
world:entity:2026-05-05-fmp-technicals-bw-daily,2026-06-01,2026-05-05_FMP_Technicals_BW_daily,,,,Entities,,2026-05-05_FMP_Technicals_BW_daily,2026-05-05_FMP_Technicals_BW_daily,entity,,,,,,,,,,,,,,,[],,,Entity
world:entity:2026-05-05-fmp-technicals-bynd-daily,2026-06-01,2026-05-05_FMP_Technicals_BYND_daily,,,,Entities,,2026-05-05_FMP_Technicals_BYND_daily,2026-05-05_FMP_Technicals_BYND_daily,entity,,,,,,,,,,,,,,,[],,,Entity
world:entity:2026-05-05-fmp-technicals-caci-daily,2026-06-01,2026-05-05_FMP_Technicals_CACI_daily,,,,Entities,,2026-05-05_FMP_Technicals_CACI_daily,2026-05-05_FMP_Technicals_CACI_daily,entity,,,,,,,,,,,,,,,[],,,Entity
world:entity:2026-05-05-fmp-technicals-ccj-daily,2026-06-01,2026-05-05_FMP_Technicals_CCJ_daily,,,,Entities,,2026-05-05_FMP_Technicals_CCJ_daily,2026-05-05_FMP_Technicals_CCJ_daily,entity,,,,,,,,,,,,,,,[],,,Entity
world:entity:2026-05-05-fmp-technicals-ceg-daily,2026-06-01,2026-05-05_FMP_Technicals_CEG_daily,,,,Entities,,2026-05-05_FMP_Technicals_CEG_daily,2026-05-05_FMP_Technicals_CEG_daily,entity,,,,,,,,,,,,,,,[],,,Entity
world:entity:2026-05-05-fmp-technicals-cmps-daily,2026-06-01,2026-05-05_FMP_Technicals_CMPS_daily,,,,Entities,,2026-05-05_FMP_Technicals_CMPS_daily,2026-05-05_FMP_Technicals_CMPS_daily,entity,,,,,,,,,,,,,,,[],,,Entity
world:entity:2026-05-05-fmp-technicals-coin-daily,2026-06-01,2026-05-05_FMP_Technicals_COIN_daily,,,,Entities,,2026-05-05_FMP_Technicals_COIN_daily,2026-05-05_FMP_Technicals_COIN_daily,entity,,,,,,,,,,,,,,,[],,,Entity
world:entity:2026-05-05-fmp-technicals-crsp-daily,2026-06-01,2026-05-05_FMP_Technicals_CRSP_daily,,,,Entities,,2026-05-05_FMP_Technicals_CRSP_daily,2026-05-05_FMP_Technicals_CRSP_daily,entity,,,,,,,,,,,,,,,[],,,Entity
world:entity:2026-05-05-fmp-technicals-ctva-daily,2026-06-01,2026-05-05_FMP_Technicals_CTVA_daily,,,,Entities,,2026-05-05_FMP_Technicals_CTVA_daily,2026-05-05_FMP_Technicals_CTVA_daily,entity,,,,,,,,,,,,,,,[],,,Entity
world:entity:2026-05-05-fmp-technicals-dftx-daily,2026-06-01,2026-05-05_FMP_Technicals_DFTX_daily,,,,Entities,,2026-05-05_FMP_Technicals_DFTX_daily,2026-05-05_FMP_Technicals_DFTX_daily,entity,,,,,,,,,,,,,,,[],,,Entity
world:entity:2026-05-05-fmp-technicals-dhi-daily,2026-06-01,2026-05-05_FMP_Technicals_DHI_daily,,,,Entities,,2026-05-05_FMP_Technicals_DHI_daily,2026-05-05_FMP_Technicals_DHI_daily,entity,,,,,,,,,,,,,,,[],,,Entity
world:entity:2026-05-05-fmp-technicals-dna-daily,2026-06-01,2026-05-05_FMP_Technicals_DNA_daily,,,,Entities,,2026-05-05_FMP_Technicals_DNA_daily,2026-05-05_FMP_Technicals_DNA_daily,entity,,,,,,,,,,,,,,,[],,,Entity
world:entity:2026-05-05-fmp-technicals-dpro-daily,2026-06-01,2026-05-05_FMP_Technicals_DPRO_daily,,,,Entities,,2026-05-05_FMP_Technicals_DPRO_daily,2026-05-05_FMP_Technicals_DPRO_daily,entity,,,,,,,,,,,,,,,[],,,Entity
world:entity:2026-05-05-fmp-technicals-ecpg-daily,2026-06-01,2026-05-05_FMP_Technicals_ECPG_daily,,,,Entities,,2026-05-05_FMP_Technicals_ECPG_daily,2026-05-05_FMP_Technicals_ECPG_daily,entity,,,,,,,,,,,,,,,[],,,Entity
world:entity:2026-05-05-fmp-technicals-edit-daily,2026-06-01,2026-05-05_FMP_Technicals_EDIT_daily,,,,Entities,,2026-05-05_FMP_Technicals_EDIT_daily,2026-05-05_FMP_Technicals_EDIT_daily,entity,,,,,,,,,,,,,,,[],,,Entity
world:entity:2026-05-05-fmp-technicals-eh-daily,2026-06-01,2026-05-05_FMP_Technicals_EH_daily,,,,Entities,,2026-05-05_FMP_Technicals_EH_daily,2026-05-05_FMP_Technicals_EH_daily,entity,,,,,,,,,,,,,,,[],,,Entity
world:entity:2026-05-05-fmp-technicals-envx-daily,2026-06-01,2026-05-05_FMP_Technicals_ENVX_daily,,,,Entities,,2026-05-05_FMP_Technicals_ENVX_daily,2026-05-05_FMP_Technicals_ENVX_daily,entity,,,,,,,,,,,,,,,[],,,Entity
world:entity:2026-05-05-fmp-technicals-eslt-daily,2026-06-01,2026-05-05_FMP_Technicals_ESLT_daily,,,,Entities,,2026-05-05_FMP_Technicals_ESLT_daily,2026-05-05_FMP_Technicals_ESLT_daily,entity,,,,,,,,,,,,,,,[],,,Entity
world:entity:2026-05-05-fmp-technicals-etn-daily,2026-06-01,2026-05-05_FMP_Technicals_ETN_daily,,,,Entities,,2026-05-05_FMP_Technicals_ETN_daily,2026-05-05_FMP_Technicals_ETN_daily,entity,,,,,,,,,,,,,,,[],,,Entity
world:entity:2026-05-05-fmp-technicals-evtl-daily,2026-06-01,2026-05-05_FMP_Technicals_EVTL_daily,,,,Entities,,2026-05-05_FMP_Technicals_EVTL_daily,2026-05-05_FMP_Technicals_EVTL_daily,entity,,,,,,,,,,,,,,,[],,,Entity
world:entity:2026-05-05-fmp-technicals-flnc-daily,2026-06-01,2026-05-05_FMP_Technicals_FLNC_daily,,,,Entities,,2026-05-05_FMP_Technicals_FLNC_daily,2026-05-05_FMP_Technicals_FLNC_daily,entity,,,,,,,,,,,,,,,[],,,Entity
world:entity:2026-05-05-fmp-technicals-fmc-daily,2026-06-01,2026-05-05_FMP_Technicals_FMC_daily,,,,Entities,,2026-05-05_FMP_Technicals_FMC_daily,2026-05-05_FMP_Technicals_FMC_daily,entity,,,,,,,,,,,,,,,[],,,Entity
world:entity:2026-05-05-fmp-technicals-gd-daily,2026-06-01,2026-05-05_FMP_Technicals_GD_daily,,,,Entities,,2026-05-05_FMP_Technicals_GD_daily,2026-05-05_FMP_Technicals_GD_daily,entity,,,,,,,,,,,,,,,[],,,Entity
world:entity:2026-05-05-fmp-technicals-gev-daily,2026-06-01,2026-05-05_FMP_Technicals_GEV_daily,,,,Entities,,2026-05-05_FMP_Technicals_GEV_daily,2026-05-05_FMP_Technicals_GEV_daily,entity,,,,,,,,,,,,,,,[],,,Entity
world:entity:2026-05-05-fmp-technicals-ghrs-daily,2026-06-01,2026-05-05_FMP_Technicals_GHRS_daily,,,,Entities,,2026-05-05_FMP_Technicals_GHRS_daily,2026-05-05_FMP_Technicals_GHRS_daily,entity,,,,,,,,,,,,,,,[],,,Entity
world:entity:2026-05-05-fmp-technicals-gold-daily,2026-06-01,2026-05-05_FMP_Technicals_GOLD_daily,,,,Entities,,2026-05-05_FMP_Technicals_GOLD_daily,2026-05-05_FMP_Technicals_GOLD_daily,entity,,,,,,,,,,,,,,,[],,,Entity
world:entity:2026-05-05-fmp-technicals-googl-daily,2026-06-01,2026-05-05_FMP_Technicals_GOOGL_daily,,,,Entities,,2026-05-05_FMP_Technicals_GOOGL_daily,2026-05-05_FMP_Technicals_GOOGL_daily,entity,,,,,,,,,,,,,,,[],,,Entity
world:entity:2026-05-05-fmp-technicals-help-daily,2026-06-01,2026-05-05_FMP_Technicals_HELP_daily,,,,Entities,,2026-05-05_FMP_Technicals_HELP_daily,2026-05-05_FMP_Technicals_HELP_daily,entity,,,,,,,,,,,,,,,[],,,Entity
world:entity:2026-05-05-fmp-technicals-hims-daily,2026-06-01,2026-05-05_FMP_Technicals_HIMS_daily,,,,Entities,,2026-05-05_FMP_Technicals_HIMS_daily,2026-05-05_FMP_Technicals_HIMS_daily,entity,,,,,,,,,,,,,,,[],,,Entity
world:entity:2026-05-05-fmp-technicals-hovr-daily,2026-06-01,2026-05-05_FMP_Technicals_HOVR_daily,,,,Entities,,2026-05-05_FMP_Technicals_HOVR_daily,2026-05-05_FMP_Technicals_HOVR_daily,entity,,,,,,,,,,,,,,,[],,,Entity
world:entity:2026-05-05-fmp-technicals-hubb-daily,2026-06-01,2026-05-05_FMP_Technicals_HUBB_daily,,,,Entities,,2026-05-05_FMP_Technicals_HUBB_daily,2026-05-05_FMP_Technicals_HUBB_daily,entity,,,,,,,,,,,,,,,[],,,Entity
world:entity:2026-05-05-fmp-technicals-iff-daily,2026-06-01,2026-05-05_FMP_Technicals_IFF_daily,,,,Entities,,2026-05-05_FMP_Technicals_IFF_daily,2026-05-05_FMP_Technicals_IFF_daily,entity,,,,,,,,,,,,,,,[],,,Entity
world:entity:2026-05-05-fmp-technicals-iipr-daily,2026-06-01,2026-05-05_FMP_Technicals_IIPR_daily,,,,Entities,,2026-05-05_FMP_Technicals_IIPR_daily,2026-05-05_FMP_Technicals_IIPR_daily,entity,,,,,,,,,,,,,,,[],,,Entity
world:entity:2026-05-05-fmp-technicals-inva-daily,2026-06-01,2026-05-05_FMP_Technicals_INVA_daily,,,,Entities,,2026-05-05_FMP_Technicals_INVA_daily,2026-05-05_FMP_Technicals_INVA_daily,entity,,,,,,,,,,,,,,,[],,,Entity
world:entity:2026-05-05-fmp-technicals-ionq-daily,2026-06-01,2026-05-05_FMP_Technicals_IONQ_daily,,,,Entities,,2026-05-05_FMP_Technicals_IONQ_daily,2026-05-05_FMP_Technicals_IONQ_daily,entity,,,,,,,,,,,,,,,[],,,Entity
world:entity:2026-05-05-fmp-technicals-jnj-daily,2026-06-01,2026-05-05_FMP_Technicals_JNJ_daily,,,,Entities,,2026-05-05_FMP_Technicals_JNJ_daily,2026-05-05_FMP_Technicals_JNJ_daily,entity,,,,,,,,,,,,,,,[],,,Entity
world:entity:2026-05-05-fmp-technicals-joby-daily,2026-06-01,2026-05-05_FMP_Technicals_JOBY_daily,,,,Entities,,2026-05-05_FMP_Technicals_JOBY_daily,2026-05-05_FMP_Technicals_JOBY_daily,entity,,,,,,,,,,,,,,,[],,,Entity
world:entity:2026-05-05-fmp-technicals-klac-daily,2026-06-01,2026-05-05_FMP_Technicals_KLAC_daily,,,,Entities,,2026-05-05_FMP_Technicals_KLAC_daily,2026-05-05_FMP_Technicals_KLAC_daily,entity,,,,,,,,,,,,,,,[],,,Entity
world:entity:2026-05-05-fmp-technicals-ktos-daily,2026-06-01,2026-05-05_FMP_Technicals_KTOS_daily,,,,Entities,,2026-05-05_FMP_Technicals_KTOS_daily,2026-05-05_FMP_Technicals_KTOS_daily,entity,,,,,,,,,,,,,,,[],,,Entity
world:entity:2026-05-05-fmp-technicals-ldos-daily,2026-06-01,2026-05-05_FMP_Technicals_LDOS_daily,,,,Entities,,2026-05-05_FMP_Technicals_LDOS_daily,2026-05-05_FMP_Technicals_LDOS_daily,entity,,,,,,,,,,,,,,,[],,,Entity
world:entity:2026-05-05-fmp-technicals-len-daily,2026-06-01,2026-05-05_FMP_Technicals_LEN_daily,,,,Entities,,2026-05-05_FMP_Technicals_LEN_daily,2026-05-05_FMP_Technicals_LEN_daily,entity,,,,,,,,,,,,,,,[],,,Entity
world:entity:2026-05-05-fmp-technicals-lhx-daily,2026-06-01,2026-05-05_FMP_Technicals_LHX_daily,,,,Entities,,2026-05-05_FMP_Technicals_LHX_daily,2026-05-05_FMP_Technicals_LHX_daily,entity,,,,,,,,,,,,,,,[],,,Entity
world:entity:2026-05-05-fmp-technicals-lly-daily,2026-06-01,2026-05-05_FMP_Technicals_LLY_daily,,,,Entities,,2026-05-05_FMP_Technicals_LLY_daily,2026-05-05_FMP_Technicals_LLY_daily,entity,,,,,,,,,,,,,,,[],,,Entity
world:entity:2026-05-05-fmp-technicals-lmt-daily,2026-06-01,2026-05-05_FMP_Technicals_LMT_daily,,,,Entities,,2026-05-05_FMP_Technicals_LMT_daily,2026-05-05_FMP_Technicals_LMT_daily,entity,,,,,,,,,,,,,,,[],,,Entity
world:entity:2026-05-05-fmp-technicals-lrcx-daily,2026-06-01,2026-05-05_FMP_Technicals_LRCX_daily,,,,Entities,,2026-05-05_FMP_Technicals_LRCX_daily,2026-05-05_FMP_Technicals_LRCX_daily,entity,,,,,,,,,,,,,,,[],,,Entity
world:entity:2026-05-05-fmp-technicals-mnts-daily,2026-06-01,2026-05-05_FMP_Technicals_MNTS_daily,,,,Entities,,2026-05-05_FMP_Technicals_MNTS_daily,2026-05-05_FMP_Technicals_MNTS_daily,entity,,,,,,,,,,,,,,,[],,,Entity
world:entity:2026-05-05-fmp-technicals-mrk-daily,2026-06-01,2026-05-05_FMP_Technicals_MRK_daily,,,,Entities,,2026-05-05_FMP_Technicals_MRK_daily,2026-05-05_FMP_Technicals_MRK_daily,entity,,,,,,,,,,,,,,,[],,,Entity
world:entity:2026-05-05-fmp-technicals-msft-daily,2026-06-01,2026-05-05_FMP_Technicals_MSFT_daily,,,,Entities,,2026-05-05_FMP_Technicals_MSFT_daily,2026-05-05_FMP_Technicals_MSFT_daily,entity,,,,,,,,,,,,,,,[],,,Entity
world:entity:2026-05-05-fmp-technicals-mstr-daily,2026-06-01,2026-05-05_FMP_Technicals_MSTR_daily,,,,Entities,,2026-05-05_FMP_Technicals_MSTR_daily,2026-05-05_FMP_Technicals_MSTR_daily,entity,,,,,,,,,,,,,,,[],,,Entity
world:entity:2026-05-05-fmp-technicals-mtz-daily,2026-06-01,2026-05-05_FMP_Technicals_MTZ_daily,,,,Entities,,2026-05-05_FMP_Technicals_MTZ_daily,2026-05-05_FMP_Technicals_MTZ_daily,entity,,,,,,,,,,,,,,,[],,,Entity
world:entity:2026-05-05-fmp-technicals-myrg-daily,2026-06-01,2026-05-05_FMP_Technicals_MYRG_daily,,,,Entities,,2026-05-05_FMP_Technicals_MYRG_daily,2026-05-05_FMP_Technicals_MYRG_daily,entity,,,,,,,,,,,,,,,[],,,Entity
world:entity:2026-05-05-fmp-technicals-nbix-daily,2026-06-01,2026-05-05_FMP_Technicals_NBIX_daily,,,,Entities,,2026-05-05_FMP_Technicals_NBIX_daily,2026-05-05_FMP_Technicals_NBIX_daily,entity,,,,,,,,,,,,,,,[],,,Entity
world:entity:2026-05-05-fmp-technicals-nem-daily,2026-06-01,2026-05-05_FMP_Technicals_NEM_daily,,,,Entities,,2026-05-05_FMP_Technicals_NEM_daily,2026-05-05_FMP_Technicals_NEM_daily,entity,,,,,,,,,,,,,,,[],,,Entity
world:entity:2026-05-05-fmp-technicals-nktr-daily,2026-06-01,2026-05-05_FMP_Technicals_NKTR_daily,,,,Entities,,2026-05-05_FMP_Technicals_NKTR_daily,2026-05-05_FMP_Technicals_NKTR_daily,entity,,,,,,,,,,,,,,,[],,,Entity
world:entity:2026-05-05-fmp-technicals-nne-daily,2026-06-01,2026-05-05_FMP_Technicals_NNE_daily,,,,Entities,,2026-05-05_FMP_Technicals_NNE_daily,2026-05-05_FMP_Technicals_NNE_daily,entity,,,,,,,,,,,,,,,[],,,Entity
world:entity:2026-05-05-fmp-technicals-noc-daily,2026-06-01,2026-05-05_FMP_Technicals_NOC_daily,,,,Entities,,2026-05-05_FMP_Technicals_NOC_daily,2026-05-05_FMP_Technicals_NOC_daily,entity,,,,,,,,,,,,,,,[],,,Entity
world:entity:2026-05-05-fmp-technicals-nrg-daily,2026-06-01,2026-05-05_FMP_Technicals_NRG_daily,,,,Entities,,2026-05-05_FMP_Technicals_NRG_daily,2026-05-05_FMP_Technicals_NRG_daily,entity,,,,,,,,,,,,,,,[],,,Entity
world:entity:2026-05-05-fmp-technicals-ntla-daily,2026-06-01,2026-05-05_FMP_Technicals_NTLA_daily,,,,Entities,,2026-05-05_FMP_Technicals_NTLA_daily,2026-05-05_FMP_Technicals_NTLA_daily,entity,,,,,,,,,,,,,,,[],,,Entity
world:entity:2026-05-05-fmp-technicals-nvda-daily,2026-06-01,2026-05-05_FMP_Technicals_NVDA_daily,,,,Entities,,2026-05-05_FMP_Technicals_NVDA_daily,2026-05-05_FMP_Technicals_NVDA_daily,entity,,,,,,,,,,,,,,,[],,,Entity
world:entity:2026-05-05-fmp-technicals-nvr-daily,2026-06-01,2026-05-05_FMP_Technicals_NVR_daily,,,,Entities,,2026-05-05_FMP_Technicals_NVR_daily,2026-05-05_FMP_Technicals_NVR_daily,entity,,,,,,,,,,,,,,,[],,,Entity
world:entity:2026-05-05-fmp-technicals-oklo-daily,2026-06-01,2026-05-05_FMP_Technicals_OKLO_daily,,,,Entities,,2026-05-05_FMP_Technicals_OKLO_daily,2026-05-05_FMP_Technicals_OKLO_daily,entity,,,,,,,,,,,,,,,[],,,Entity
world:entity:2026-05-05-fmp-technicals-on-daily,2026-06-01,2026-05-05_FMP_Technicals_ON_daily,,,,Entities,,2026-05-05_FMP_Technicals_ON_daily,2026-05-05_FMP_Technicals_ON_daily,entity,,,,,,,,,,,,,,,[],,,Entity
world:entity:2026-05-05-fmp-technicals-onds-daily,2026-06-01,2026-05-05_FMP_Technicals_ONDS_daily,,,,Entities,,2026-05-05_FMP_Technicals_ONDS_daily,2026-05-05_FMP_Technicals_ONDS_daily,entity,,,,,,,,,,,,,,,[],,,Entity
world:entity:2026-05-05-fmp-technicals-onto-daily,2026-06-01,2026-05-05_FMP_Technicals_ONTO_daily,,,,Entities,,2026-05-05_FMP_Technicals_ONTO_daily,2026-05-05_FMP_Technicals_ONTO_daily,entity,,,,,,,,,,,,,,,[],,,Entity
world:entity:2026-05-05-fmp-technicals-pdfs-daily,2026-06-01,2026-05-05_FMP_Technicals_PDFS_daily,,,,Entities,,2026-05-05_FMP_Technicals_PDFS_daily,2026-05-05_FMP_Technicals_PDFS_daily,entity,,,,,,,,,,,,,,,[],,,Entity
world:entity:2026-05-05-fmp-technicals-pfe-daily,2026-06-01,2026-05-05_FMP_Technicals_PFE_daily,,,,Entities,,2026-05-05_FMP_Technicals_PFE_daily,2026-05-05_FMP_Technicals_PFE_daily,entity,,,,,,,,,,,,,,,[],,,Entity
world:entity:2026-05-05-fmp-technicals-pl-daily,2026-06-01,2026-05-05_FMP_Technicals_PL_daily,,,,Entities,,2026-05-05_FMP_Technicals_PL_daily,2026-05-05_FMP_Technicals_PL_daily,entity,,,,,,,,,,,,,,,[],,,Entity
world:entity:2026-05-05-fmp-technicals-pltr-daily,2026-06-01,2026-05-05_FMP_Technicals_PLTR_daily,,,,Entities,,2026-05-05_FMP_Technicals_PLTR_daily,2026-05-05_FMP_Technicals_PLTR_daily,entity,,,,,,,,,,,,,,,[],,,Entity
world:entity:2026-05-05-fmp-technicals-powl-daily,2026-06-01,2026-05-05_FMP_Technicals_POWL_daily,,,,Entities,,2026-05-05_FMP_Technicals_POWL_daily,2026-05-05_FMP_Technicals_POWL_daily,entity,,,,,,,,,,,,,,,[],,,Entity
world:entity:2026-05-05-fmp-technicals-ppih-daily,2026-06-01,2026-05-05_FMP_Technicals_PPIH_daily,,,,Entities,,2026-05-05_FMP_Technicals_PPIH_daily,2026-05-05_FMP_Technicals_PPIH_daily,entity,,,,,,,,,,,,,,,[],,,Entity
world:entity:2026-05-05-fmp-technicals-prks-daily,2026-06-01,2026-05-05_FMP_Technicals_PRKS_daily,,,,Entities,,2026-05-05_FMP_Technicals_PRKS_daily,2026-05-05_FMP_Technicals_PRKS_daily,entity,,,,,,,,,,,,,,,[],,,Entity
world:entity:2026-05-05-fmp-technicals-prta-daily,2026-06-01,2026-05-05_FMP_Technicals_PRTA_daily,,,,Entities,,2026-05-05_FMP_Technicals_PRTA_daily,2026-05-05_FMP_Technicals_PRTA_daily,entity,,,,,,,,,,,,,,,[],,,Entity
world:entity:2026-05-05-fmp-technicals-psil-daily,2026-06-01,2026-05-05_FMP_Technicals_PSIL_daily,,,,Entities,,2026-05-05_FMP_Technicals_PSIL_daily,2026-05-05_FMP_Technicals_PSIL_daily,entity,,,,,,,,,,,,,,,[],,,Entity
world:entity:2026-05-05-fmp-technicals-pwr-daily,2026-06-01,2026-05-05_FMP_Technicals_PWR_daily,,,,Entities,,2026-05-05_FMP_Technicals_PWR_daily,2026-05-05_FMP_Technicals_PWR_daily,entity,,,,,,,,,,,,,,,[],,,Entity
world:entity:2026-05-05-fmp-technicals-qubt-daily,2026-06-01,2026-05-05_FMP_Technicals_QUBT_daily,,,,Entities,,2026-05-05_FMP_Technicals_QUBT_daily,2026-05-05_FMP_Technicals_QUBT_daily,entity,,,,,,,,,,,,,,,[],,,Entity
world:entity:2026-05-05-fmp-technicals-rcat-daily,2026-06-01,2026-05-05_FMP_Technicals_RCAT_daily,,,,Entities,,2026-05-05_FMP_Technicals_RCAT_daily,2026-05-05_FMP_Technicals_RCAT_daily,entity,,,,,,,,,,,,,,,[],,,Entity
world:entity:2026-05-05-fmp-technicals-rgti-daily,2026-06-01,2026-05-05_FMP_Technicals_RGTI_daily,,,,Entities,,2026-05-05_FMP_Technicals_RGTI_daily,2026-05-05_FMP_Technicals_RGTI_daily,entity,,,,,,,,,,,,,,,[],,,Entity
world:entity:2026-05-05-fmp-technicals-rklb-daily,2026-06-01,2026-05-05_FMP_Technicals_RKLB_daily,,,,Entities,,2026-05-05_FMP_Technicals_RKLB_daily,2026-05-05_FMP_Technicals_RKLB_daily,entity,,,,,,,,,,,,,,,[],,,Entity
world:entity:2026-05-05-fmp-technicals-rprx-daily,2026-06-01,2026-05-05_FMP_Technicals_RPRX_daily,,,,Entities,,2026-05-05_FMP_Technicals_RPRX_daily,2026-05-05_FMP_Technicals_RPRX_daily,entity,,,,,,,,,,,,,,,[],,,Entity
world:entity:2026-05-05-fmp-technicals-rtx-daily,2026-06-01,2026-05-05_FMP_Technicals_RTX_daily,,,,Entities,,2026-05-05_FMP_Technicals_RTX_daily,2026-05-05_FMP_Technicals_RTX_daily,entity,,,,,,,,,,,,,,,[],,,Entity
world:entity:2026-05-05-fmp-technicals-saic-daily,2026-06-01,2026-05-05_FMP_Technicals_SAIC_daily,,,,Entities,,2026-05-05_FMP_Technicals_SAIC_daily,2026-05-05_FMP_Technicals_SAIC_daily,entity,,,,,,,,,,,,,,,[],,,Entity
world:entity:2026-05-05-fmp-technicals-sky-daily,2026-06-01,2026-05-05_FMP_Technicals_SKY_daily,,,,Entities,,2026-05-05_FMP_Technicals_SKY_daily,2026-05-05_FMP_Technicals_SKY_daily,entity,,,,,,,,,,,,,,,[],,,Entity
world:entity:2026-05-05-fmp-technicals-smr-daily,2026-06-01,2026-05-05_FMP_Technicals_SMR_daily,,,,Entities,,2026-05-05_FMP_Technicals_SMR_daily,2026-05-05_FMP_Technicals_SMR_daily,entity,,,,,,,,,,,,,,,[],,,Entity
world:entity:2026-05-05-fmp-technicals-spir-daily,2026-06-01,2026-05-05_FMP_Technicals_SPIR_daily,,,,Entities,,2026-05-05_FMP_Technicals_SPIR_daily,2026-05-05_FMP_Technicals_SPIR_daily,entity,,,,,,,,,,,,,,,[],,,Entity
world:entity:2026-05-05-fmp-technicals-spro-daily,2026-06-01,2026-05-05_FMP_Technicals_SPRO_daily,,,,Entities,,2026-05-05_FMP_Technicals_SPRO_daily,2026-05-05_FMP_Technicals_SPRO_daily,entity,,,,,,,,,,,,,,,[],,,Entity
world:entity:2026-05-05-fmp-technicals-stem-daily,2026-06-01,2026-05-05_FMP_Technicals_STEM_daily,,,,Entities,,2026-05-05_FMP_Technicals_STEM_daily,2026-05-05_FMP_Technicals_STEM_daily,entity,,,,,,,,,,,,,,,[],,,Entity
world:entity:2026-05-05-fmp-technicals-strl-daily,2026-06-01,2026-05-05_FMP_Technicals_STRL_daily,,,,Entities,,2026-05-05_FMP_Technicals_STRL_daily,2026-05-05_FMP_Technicals_STRL_daily,entity,,,,,,,,,,,,,,,[],,,Entity
world:entity:2026-05-05-fmp-technicals-tdy-daily,2026-06-01,2026-05-05_FMP_Technicals_TDY_daily,,,,Entities,,2026-05-05_FMP_Technicals_TDY_daily,2026-05-05_FMP_Technicals_TDY_daily,entity,,,,,,,,,,,,,,,[],,,Entity
world:entity:2026-05-05-fmp-technicals-tmhc-daily,2026-06-01,2026-05-05_FMP_Technicals_TMHC_daily,,,,Entities,,2026-05-05_FMP_Technicals_TMHC_daily,2026-05-05_FMP_Technicals_TMHC_daily,entity,,,,,,,,,,,,,,,[],,,Entity
world:entity:2026-05-05-fmp-technicals-tmo-daily,2026-06-01,2026-05-05_FMP_Technicals_TMO_daily,,,,Entities,,2026-05-05_FMP_Technicals_TMO_daily,2026-05-05_FMP_Technicals_TMO_daily,entity,,,,,,,,,,,,,,,[],,,Entity
world:entity:2026-05-05-fmp-technicals-tnc-daily,2026-06-01,2026-05-05_FMP_Technicals_TNC_daily,,,,Entities,,2026-05-05_FMP_Technicals_TNC_daily,2026-05-05_FMP_Technicals_TNC_daily,entity,,,,,,,,,,,,,,,[],,,Entity
world:entity:2026-05-05-fmp-technicals-tol-daily,2026-06-01,2026-05-05_FMP_Technicals_TOL_daily,,,,Entities,,2026-05-05_FMP_Technicals_TOL_daily,2026-05-05_FMP_Technicals_TOL_daily,entity,,,,,,,,,,,,,,,[],,,Entity
world:entity:2026-05-05-fmp-technicals-tsla-daily,2026-06-01,2026-05-05_FMP_Technicals_TSLA_daily,,,,Entities,,2026-05-05_FMP_Technicals_TSLA_daily,2026-05-05_FMP_Technicals_TSLA_daily,entity,,,,,,,,,,,,,,,[],,,Entity
world:entity:2026-05-05-fmp-technicals-tsn-daily,2026-06-01,2026-05-05_FMP_Technicals_TSN_daily,,,,Entities,,2026-05-05_FMP_Technicals_TSN_daily,2026-05-05_FMP_Technicals_TSN_daily,entity,,,,,,,,,,,,,,,[],,,Entity
world:entity:2026-05-05-fmp-technicals-twst-daily,2026-06-01,2026-05-05_FMP_Technicals_TWST_daily,,,,Entities,,2026-05-05_FMP_Technicals_TWST_daily,2026-05-05_FMP_Technicals_TWST_daily,entity,,,,,,,,,,,,,,,[],,,Entity
world:entity:2026-05-05-fmp-technicals-txt-daily,2026-06-01,2026-05-05_FMP_Technicals_TXT_daily,,,,Entities,,2026-05-05_FMP_Technicals_TXT_daily,2026-05-05_FMP_Technicals_TXT_daily,entity,,,,,,,,,,,,,,,[],,,Entity
world:entity:2026-05-05-fmp-technicals-ufpt-daily,2026-06-01,2026-05-05_FMP_Technicals_UFPT_daily,,,,Entities,,2026-05-05_FMP_Technicals_UFPT_daily,2026-05-05_FMP_Technicals_UFPT_daily,entity,,,,,,,,,,,,,,,[],,,Entity
world:entity:2026-05-05-fmp-technicals-umac-daily,2026-06-01,2026-05-05_FMP_Technicals_UMAC_daily,,,,Entities,,2026-05-05_FMP_Technicals_UMAC_daily,2026-05-05_FMP_Technicals_UMAC_daily,entity,,,,,,,,,,,,,,,[],,,Entity
world:entity:2026-05-05-fmp-technicals-unty-daily,2026-06-01,2026-05-05_FMP_Technicals_UNTY_daily,,,,Entities,,2026-05-05_FMP_Technicals_UNTY_daily,2026-05-05_FMP_Technicals_UNTY_daily,entity,,,,,,,,,,,,,,,[],,,Entity
world:entity:2026-05-05-fmp-technicals-vktx-daily,2026-06-01,2026-05-05_FMP_Technicals_VKTX_daily,,,,Entities,,2026-05-05_FMP_Technicals_VKTX_daily,2026-05-05_FMP_Technicals_VKTX_daily,entity,,,,,,,,,,,,,,,[],,,Entity
world:entity:2026-05-05-fmp-technicals-vst-daily,2026-06-01,2026-05-05_FMP_Technicals_VST_daily,,,,Entities,,2026-05-05_FMP_Technicals_VST_daily,2026-05-05_FMP_Technicals_VST_daily,entity,,,,,,,,,,,,,,,[],,,Entity
world:entity:2026-05-05-fmp-technicals-wcc-daily,2026-06-01,2026-05-05_FMP_Technicals_WCC_daily,,,,Entities,,2026-05-05_FMP_Technicals_WCC_daily,2026-05-05_FMP_Technicals_WCC_daily,entity,,,,,,,,,,,,,,,[],,,Entity
world:entity:2026-05-05-fmp-technicals-wolf-daily,2026-06-01,2026-05-05_FMP_Technicals_WOLF_daily,,,,Entities,,2026-05-05_FMP_Technicals_WOLF_daily,2026-05-05_FMP_Technicals_WOLF_daily,entity,,,,,,,,,,,,,,,[],,,Entity
world:entity:2026-05-05-fmp-technicals-wpm-daily,2026-06-01,2026-05-05_FMP_Technicals_WPM_daily,,,,Entities,,2026-05-05_FMP_Technicals_WPM_daily,2026-05-05_FMP_Technicals_WPM_daily,entity,,,,,,,,,,,,,,,[],,,Entity
world:entity:2026-05-05-fmp-technicals-xoma-daily,2026-06-01,2026-05-05_FMP_Technicals_XOMA_daily,,,,Entities,,2026-05-05_FMP_Technicals_XOMA_daily,2026-05-05_FMP_Technicals_XOMA_daily,entity,,,,,,,,,,,,,,,[],,,Entity
world:entity:2026-05-05-fmp-thesis-watchlist-ai-power-defense-stack,2026-06-01,2026-05-05_FMP_Thesis_Watchlist_AI_Power_Defense_Stack,,,,Entities,,2026-05-05_FMP_Thesis_Watchlist_AI_Power_Defense_Stack,2026-05-05_FMP_Thesis_Watchlist_AI_Power_Defense_Stack,entity,,,,,,,,,,,,,,,[],,,Entity
world:entity:2026-05-05-fmp-thesis-watchlist-ai-power-infrastructure,2026-06-01,2026-05-05_FMP_Thesis_Watchlist_AI_Power_Infrastructure,,,,Entities,,2026-05-05_FMP_Thesis_Watchlist_AI_Power_Infrastructure,2026-05-05_FMP_Thesis_Watchlist_AI_Power_Infrastructure,entity,,,,,,,,,,,,,,,[],,,Entity
world:entity:2026-05-05-fmp-thesis-watchlist-alzheimer-s-disease-modification,2026-06-01,2026-05-05_FMP_Thesis_Watchlist_Alzheimer's_Disease_Modification,,,,Entities,,2026-05-05_FMP_Thesis_Watchlist_Alzheimer's_Disease_Modification,2026-05-05_FMP_Thesis_Watchlist_Alzheimer's_Disease_Modification,entity,,,,,,,,,,,,,,,[],,,Entity
world:entity:2026-05-05-fmp-thesis-watchlist-bioengineered-food-systems,2026-06-01,2026-05-05_FMP_Thesis_Watchlist_Bioengineered_Food_Systems,,,,Entities,,2026-05-05_FMP_Thesis_Watchlist_Bioengineered_Food_Systems,2026-05-05_FMP_Thesis_Watchlist_Bioengineered_Food_Systems,entity,,,,,,,,,,,,,,,[],,,Entity
world:entity:2026-05-05-fmp-thesis-watchlist-capital-raise-survivors-small-cap-inflection-basket,2026-06-01,2026-05-05_FMP_Thesis_Watchlist_Capital_Raise_Survivors_Small-Cap_Inflection_Basket,,,,Entities,,2026-05-05_FMP_Thesis_Watchlist_Capital_Raise_Survivors_Small-Cap_Inflection_Basket,2026-05-05_FMP_Thesis_Watchlist_Capital_Raise_Survivors_Small-Cap_Inflection_Basket,entity,,,,,,,,,,,,,,,[],,,Entity
world:entity:2026-05-05-fmp-thesis-watchlist-defense-ai-autonomous-warfare,2026-06-01,2026-05-05_FMP_Thesis_Watchlist_Defense_AI_&_Autonomous_Warfare,,,,Entities,,2026-05-05_FMP_Thesis_Watchlist_Defense_AI_&_Autonomous_Warfare,2026-05-05_FMP_Thesis_Watchlist_Defense_AI_&_Autonomous_Warfare,entity,,,,,,,,,,,,,,,[],,,Entity
world:entity:2026-05-05-fmp-thesis-watchlist-dollar-debasement-hard-money,2026-06-01,2026-05-05_FMP_Thesis_Watchlist_Dollar_Debasement_&_Hard_Money,,,,Entities,,2026-05-05_FMP_Thesis_Watchlist_Dollar_Debasement_&_Hard_Money,2026-05-05_FMP_Thesis_Watchlist_Dollar_Debasement_&_Hard_Money,entity,,,,,,,,,,,,,,,[],,,Entity
world:entity:2026-05-05-fmp-thesis-watchlist-drone-autonomous-systems-revolution,2026-06-01,2026-05-05_FMP_Thesis_Watchlist_Drone_&_Autonomous_Systems_Revolution,,,,Entities,,2026-05-05_FMP_Thesis_Watchlist_Drone_&_Autonomous_Systems_Revolution,2026-05-05_FMP_Thesis_Watchlist_Drone_&_Autonomous_Systems_Revolution,entity,,,,,,,,,,,,,,,[],,,Entity
world:entity:2026-05-05-fmp-thesis-watchlist-fiscal-scarcity-rearmament,2026-06-01,2026-05-05_FMP_Thesis_Watchlist_Fiscal_Scarcity_Rearmament,,,,Entities,,2026-05-05_FMP_Thesis_Watchlist_Fiscal_Scarcity_Rearmament,2026-05-05_FMP_Thesis_Watchlist_Fiscal_Scarcity_Rearmament,entity,,,,,,,,,,,,,,,[],,,Entity
world:entity:2026-05-05-fmp-thesis-watchlist-gene-editing-crispr-therapeutics,2026-06-01,2026-05-05_FMP_Thesis_Watchlist_Gene_Editing_&_CRISPR_Therapeutics,,,,Entities,,2026-05-05_FMP_Thesis_Watchlist_Gene_Editing_&_CRISPR_Therapeutics,2026-05-05_FMP_Thesis_Watchlist_Gene_Editing_&_CRISPR_Therapeutics,entity,,,,,,,,,,,,,,,[],,,Entity
world:entity:2026-05-05-fmp-thesis-watchlist-glp-1-metabolic-disease-revolution,2026-06-01,2026-05-05_FMP_Thesis_Watchlist_GLP-1_Metabolic_Disease_Revolution,,,,Entities,,2026-05-05_FMP_Thesis_Watchlist_GLP-1_Metabolic_Disease_Revolution,2026-05-05_FMP_Thesis_Watchlist_GLP-1_Metabolic_Disease_Revolution,entity,,,,,,,,,,,,,,,[],,,Entity
world:entity:2026-05-05-fmp-thesis-watchlist-grid-scale-battery-storage,2026-06-01,2026-05-05_FMP_Thesis_Watchlist_Grid-Scale_Battery_Storage,,,,Entities,,2026-05-05_FMP_Thesis_Watchlist_Grid-Scale_Battery_Storage,2026-05-05_FMP_Thesis_Watchlist_Grid-Scale_Battery_Storage,entity,,,,,,,,,,,,,,,[],,,Entity
world:entity:2026-05-05-fmp-thesis-watchlist-housing-supply-correction,2026-06-01,2026-05-05_FMP_Thesis_Watchlist_Housing_Supply_Correction,,,,Entities,,2026-05-05_FMP_Thesis_Watchlist_Housing_Supply_Correction,2026-05-05_FMP_Thesis_Watchlist_Housing_Supply_Correction,entity,,,,,,,,,,,,,,,[],,,Entity
world:entity:2026-05-05-fmp-thesis-watchlist-humanoid-robotics,2026-06-01,2026-05-05_FMP_Thesis_Watchlist_Humanoid_Robotics,,,,Entities,,2026-05-05_FMP_Thesis_Watchlist_Humanoid_Robotics,2026-05-05_FMP_Thesis_Watchlist_Humanoid_Robotics,entity,,,,,,,,,,,,,,,[],,,Entity
world:entity:2026-05-05-fmp-thesis-watchlist-hypersonic-weapons-advanced-defense-systems,2026-06-01,2026-05-05_FMP_Thesis_Watchlist_Hypersonic_Weapons_&_Advanced_Defense_Systems,,,,Entities,,2026-05-05_FMP_Thesis_Watchlist_Hypersonic_Weapons_&_Advanced_Defense_Systems,2026-05-05_FMP_Thesis_Watchlist_Hypersonic_Weapons_&_Advanced_Defense_Systems,entity,,,,,,,,,,,,,,,[],,,Entity
world:entity:2026-05-05-fmp-thesis-watchlist-nuclear-renaissance-small-modular-reactors,2026-06-01,2026-05-05_FMP_Thesis_Watchlist_Nuclear_Renaissance_&_Small_Modular_Reactors,,,,Entities,,2026-05-05_FMP_Thesis_Watchlist_Nuclear_Renaissance_&_Small_Modular_Reactors,2026-05-05_FMP_Thesis_Watchlist_Nuclear_Renaissance_&_Small_Modular_Reactors,entity,,,,,,,,,,,,,,,[],,,Entity
world:entity:2026-05-05-fmp-thesis-watchlist-psychedelic-mental-health-revolution,2026-06-01,2026-05-05_FMP_Thesis_Watchlist_Psychedelic_Mental_Health_Revolution,,,,Entities,,2026-05-05_FMP_Thesis_Watchlist_Psychedelic_Mental_Health_Revolution,2026-05-05_FMP_Thesis_Watchlist_Psychedelic_Mental_Health_Revolution,entity,,,,,,,,,,,,,,,[],,,Entity
world:entity:2026-05-05-fmp-thesis-watchlist-quantum-computing,2026-06-01,2026-05-05_FMP_Thesis_Watchlist_Quantum_Computing,,,,Entities,,2026-05-05_FMP_Thesis_Watchlist_Quantum_Computing,2026-05-05_FMP_Thesis_Watchlist_Quantum_Computing,entity,,,,,,,,,,,,,,,[],,,Entity
world:entity:2026-05-05-fmp-thesis-watchlist-space-domain-awareness-commercial-space,2026-06-01,2026-05-05_FMP_Thesis_Watchlist_Space_Domain_Awareness_&_Commercial_Space,,,,Entities,,2026-05-05_FMP_Thesis_Watchlist_Space_Domain_Awareness_&_Commercial_Space,2026-05-05_FMP_Thesis_Watchlist_Space_Domain_Awareness_&_Commercial_Space,entity,,,,,,,,,,,,,,,[],,,Entity
world:entity:2026-05-05-opportunity-viewpoints,2026-06-01,2026-05-05_Opportunity_Viewpoints,,,,Entities,,2026-05-05_Opportunity_Viewpoints,2026-05-05_Opportunity_Viewpoints,entity,,,,,,,,,,,,,,,[],,,Entity
world:entity:2026-05-06-entropy-monitor-fdx-crcl-ebay-ups-cuk-chrw-tsn-expd-cdw-efx-iqv-vgk-twlo-rivn-hd-xpo-mksi-nke-lscc-ixus,2026-06-01,2026-05-06_Entropy_Monitor_FDX_CRCL_EBAY_UPS_CUK_CHRW_TSN_EXPD_CDW_EFX_IQV_VGK_TWLO_RIVN_HD_XPO_MKSI_NKE_LSCC_IXUS,,,,Entities,,2026-05-06_Entropy_Monitor_FDX_CRCL_EBAY_UPS_CUK_CHRW_TSN_EXPD_CDW_EFX_IQV_VGK_TWLO_RIVN_HD_XPO_MKSI_NKE_LSCC_IXUS,2026-05-06_Entropy_Monitor_FDX_CRCL_EBAY_UPS_CUK_CHRW_TSN_EXPD_CDW_EFX_IQV_VGK_TWLO_RIVN_HD_XPO_MKSI_NKE_LSCC_IXUS,entity,,,,,,,,,,,,,,,[],,,Entity
world:entity:2026-05-06-fema-declarations,2026-06-01,2026-05-06_FEMA_Declarations,,,,Entities,,2026-05-06_FEMA_Declarations,2026-05-06_FEMA_Declarations,entity,,,,,,,,,,,,,,,[],,,Entity
world:entity:2026-05-06-fmp-economiccalendar,2026-06-01,2026-05-06_FMP_EconomicCalendar,,,,Entities,,2026-05-06_FMP_EconomicCalendar,2026-05-06_FMP_EconomicCalendar,entity,,,,,,,,,,,,,,,[],,,Entity
world:entity:2026-05-06-orb-entropy-screen,2026-06-01,2026-05-06_ORB_Entropy_Screen,,,,Entities,,2026-05-06_ORB_Entropy_Screen,2026-05-06_ORB_Entropy_Screen,entity,,,,,,,,,,,,,,,[],,,Entity
world:entity:2026-05-07-agent-analysis-all-theses,2026-06-01,2026-05-07_Agent_Analysis_All_Theses,,,,Entities,,2026-05-07_Agent_Analysis_All_Theses,2026-05-07_Agent_Analysis_All_Theses,entity,,,,,,,,,,,,,,,[],,,Entity
world:entity:2026-05-07-agent-analysis-amzn,2026-06-01,2026-05-07_Agent_Analysis_AMZN,,,,Entities,,2026-05-07_Agent_Analysis_AMZN,2026-05-07_Agent_Analysis_AMZN,entity,,,,,,,,,,,,,,,[],,,Entity
world:entity:2026-05-07-agent-analysis-etn,2026-06-01,2026-05-07_Agent_Analysis_ETN,,,,Entities,,2026-05-07_Agent_Analysis_ETN,2026-05-07_Agent_Analysis_ETN,entity,,,,,,,,,,,,,,,[],,,Entity
world:entity:2026-05-07-agent-analysis-gev,2026-06-01,2026-05-07_Agent_Analysis_GEV,,,,Entities,,2026-05-07_Agent_Analysis_GEV,2026-05-07_Agent_Analysis_GEV,entity,,,,,,,,,,,,,,,[],,,Entity
world:entity:2026-05-07-agent-analysis-msft,2026-06-01,2026-05-07_Agent_Analysis_MSFT,,,,Entities,,2026-05-07_Agent_Analysis_MSFT,2026-05-07_Agent_Analysis_MSFT,entity,,,,,,,,,,,,,,,[],,,Entity
world:entity:2026-05-07-agent-analysis-nrg,2026-06-01,2026-05-07_Agent_Analysis_NRG,,,,Entities,,2026-05-07_Agent_Analysis_NRG,2026-05-07_Agent_Analysis_NRG,entity,,,,,,,,,,,,,,,[],,,Entity
world:entity:2026-05-07-agent-analysis-pltr,2026-06-01,2026-05-07_Agent_Analysis_PLTR,,,,Entities,,2026-05-07_Agent_Analysis_PLTR,2026-05-07_Agent_Analysis_PLTR,entity,,,,,,,,,,,,,,,[],,,Entity
world:entity:2026-05-07-agent-analysis-strl,2026-06-01,2026-05-07_Agent_Analysis_STRL,,,,Entities,,2026-05-07_Agent_Analysis_STRL,2026-05-07_Agent_Analysis_STRL,entity,,,,,,,,,,,,,,,[],,,Entity
world:entity:2026-05-07-agent-analysis-vst,2026-06-01,2026-05-07_Agent_Analysis_VST,,,,Entities,,2026-05-07_Agent_Analysis_VST,2026-05-07_Agent_Analysis_VST,entity,,,,,,,,,,,,,,,[],,,Entity
world:entity:2026-05-07-conviction-delta,2026-06-01,2026-05-07_Conviction_Delta,,,,Entities,,2026-05-07_Conviction_Delta,2026-05-07_Conviction_Delta,entity,,,,,,,,,,,,,,,[],,,Entity
world:entity:2026-05-07-entropy-monitor-spy-qqq,2026-06-01,2026-05-07_Entropy_Monitor_SPY_QQQ,,,,Entities,,2026-05-07_Entropy_Monitor_SPY_QQQ,2026-05-07_Entropy_Monitor_SPY_QQQ,entity,,,,,,,,,,,,,,,[],,,Entity
world:entity:2026-05-07-fmp-earnings-calendar-thesis-watchlists,2026-06-01,2026-05-07_FMP_Earnings_Calendar_Thesis_Watchlists,,,,Entities,,2026-05-07_FMP_Earnings_Calendar_Thesis_Watchlists,2026-05-07_FMP_Earnings_Calendar_Thesis_Watchlists,entity,,,,,,,,,,,,,,,[],,,Entity
world:entity:2026-05-07-fmp-economiccalendar,2026-06-01,2026-05-07_FMP_EconomicCalendar,,,,Entities,,2026-05-07_FMP_EconomicCalendar,2026-05-07_FMP_EconomicCalendar,entity,,,,,,,,,,,,,,,[],,,Entity
world:entity:2026-05-07-fmp-technicals-abbv-daily,2026-06-01,2026-05-07_FMP_Technicals_ABBV_daily,,,,Entities,,2026-05-07_FMP_Technicals_ABBV_daily,2026-05-07_FMP_Technicals_ABBV_daily,entity,,,,,,,,,,,,,,,[],,,Entity
world:entity:2026-05-07-fmp-technicals-acad-daily,2026-06-01,2026-05-07_FMP_Technicals_ACAD_daily,,,,Entities,,2026-05-07_FMP_Technicals_ACAD_daily,2026-05-07_FMP_Technicals_ACAD_daily,entity,,,,,,,,,,,,,,,[],,,Entity
world:entity:2026-05-07-fmp-technicals-achr-daily,2026-06-01,2026-05-07_FMP_Technicals_ACHR_daily,,,,Entities,,2026-05-07_FMP_Technicals_ACHR_daily,2026-05-07_FMP_Technicals_ACHR_daily,entity,,,,,,,,,,,,,,,[],,,Entity
world:entity:2026-05-07-fmp-technicals-adm-daily,2026-06-01,2026-05-07_FMP_Technicals_ADM_daily,,,,Entities,,2026-05-07_FMP_Technicals_ADM_daily,2026-05-07_FMP_Technicals_ADM_daily,entity,,,,,,,,,,,,,,,[],,,Entity
world:entity:2026-05-07-fmp-technicals-airo-daily,2026-06-01,2026-05-07_FMP_Technicals_AIRO_daily,,,,Entities,,2026-05-07_FMP_Technicals_AIRO_daily,2026-05-07_FMP_Technicals_AIRO_daily,entity,,,,,,,,,,,,,,,[],,,Entity
world:entity:2026-05-07-fmp-technicals-alks-daily,2026-06-01,2026-05-07_FMP_Technicals_ALKS_daily,,,,Entities,,2026-05-07_FMP_Technicals_ALKS_daily,2026-05-07_FMP_Technicals_ALKS_daily,entity,,,,,,,,,,,,,,,[],,,Entity
world:entity:2026-05-07-fmp-technicals-alvo-daily,2026-06-01,2026-05-07_FMP_Technicals_ALVO_daily,,,,Entities,,2026-05-07_FMP_Technicals_ALVO_daily,2026-05-07_FMP_Technicals_ALVO_daily,entity,,,,,,,,,,,,,,,[],,,Entity
world:entity:2026-05-07-fmp-technicals-amat-daily,2026-06-01,2026-05-07_FMP_Technicals_AMAT_daily,,,,Entities,,2026-05-07_FMP_Technicals_AMAT_daily,2026-05-07_FMP_Technicals_AMAT_daily,entity,,,,,,,,,,,,,,,[],,,Entity
world:entity:2026-05-07-fmp-technicals-amgn-daily,2026-06-01,2026-05-07_FMP_Technicals_AMGN_daily,,,,Entities,,2026-05-07_FMP_Technicals_AMGN_daily,2026-05-07_FMP_Technicals_AMGN_daily,entity,,,,,,,,,,,,,,,[],,,Entity
world:entity:2026-05-07-fmp-technicals-amsc-daily,2026-06-01,2026-05-07_FMP_Technicals_AMSC_daily,,,,Entities,,2026-05-07_FMP_Technicals_AMSC_daily,2026-05-07_FMP_Technicals_AMSC_daily,entity,,,,,,,,,,,,,,,[],,,Entity
world:entity:2026-05-07-fmp-technicals-amzn-daily,2026-06-01,2026-05-07_FMP_Technicals_AMZN_daily,,,,Entities,,2026-05-07_FMP_Technicals_AMZN_daily,2026-05-07_FMP_Technicals_AMZN_daily,entity,,,,,,,,,,,,,,,[],,,Entity
world:entity:2026-05-07-fmp-technicals-asts-daily,2026-06-01,2026-05-07_FMP_Technicals_ASTS_daily,,,,Entities,,2026-05-07_FMP_Technicals_ASTS_daily,2026-05-07_FMP_Technicals_ASTS_daily,entity,,,,,,,,,,,,,,,[],,,Entity
world:entity:2026-05-07-fmp-technicals-atai-daily,2026-06-01,2026-05-07_FMP_Technicals_ATAI_daily,,,,Entities,,2026-05-07_FMP_Technicals_ATAI_daily,2026-05-07_FMP_Technicals_ATAI_daily,entity,,,,,,,,,,,,,,,[],,,Entity
world:entity:2026-05-07-fmp-technicals-avav-daily,2026-06-01,2026-05-07_FMP_Technicals_AVAV_daily,,,,Entities,,2026-05-07_FMP_Technicals_AVAV_daily,2026-05-07_FMP_Technicals_AVAV_daily,entity,,,,,,,,,,,,,,,[],,,Entity
world:entity:2026-05-07-fmp-technicals-bah-daily,2026-06-01,2026-05-07_FMP_Technicals_BAH_daily,,,,Entities,,2026-05-07_FMP_Technicals_BAH_daily,2026-05-07_FMP_Technicals_BAH_daily,entity,,,,,,,,,,,,,,,[],,,Entity
world:entity:2026-05-07-fmp-technicals-bbai-daily,2026-06-01,2026-05-07_FMP_Technicals_BBAI_daily,,,,Entities,,2026-05-07_FMP_Technicals_BBAI_daily,2026-05-07_FMP_Technicals_BBAI_daily,entity,,,,,,,,,,,,,,,[],,,Entity
world:entity:2026-05-07-fmp-technicals-beam-daily,2026-06-01,2026-05-07_FMP_Technicals_BEAM_daily,,,,Entities,,2026-05-07_FMP_Technicals_BEAM_daily,2026-05-07_FMP_Technicals_BEAM_daily,entity,,,,,,,,,,,,,,,[],,,Entity
world:entity:2026-05-07-fmp-technicals-bg-daily,2026-06-01,2026-05-07_FMP_Technicals_BG_daily,,,,Entities,,2026-05-07_FMP_Technicals_BG_daily,2026-05-07_FMP_Technicals_BG_daily,entity,,,,,,,,,,,,,,,[],,,Entity
world:entity:2026-05-07-fmp-technicals-biib-daily,2026-06-01,2026-05-07_FMP_Technicals_BIIB_daily,,,,Entities,,2026-05-07_FMP_Technicals_BIIB_daily,2026-05-07_FMP_Technicals_BIIB_daily,entity,,,,,,,,,,,,,,,[],,,Entity
world:entity:2026-05-07-fmp-technicals-bksy-daily,2026-06-01,2026-05-07_FMP_Technicals_BKSY_daily,,,,Entities,,2026-05-07_FMP_Technicals_BKSY_daily,2026-05-07_FMP_Technicals_BKSY_daily,entity,,,,,,,,,,,,,,,[],,,Entity
world:entity:2026-05-07-fmp-technicals-brbr-daily,2026-06-01,2026-05-07_FMP_Technicals_BRBR_daily,,,,Entities,,2026-05-07_FMP_Technicals_BRBR_daily,2026-05-07_FMP_Technicals_BRBR_daily,entity,,,,,,,,,,,,,,,[],,,Entity
world:entity:2026-05-07-fmp-technicals-bw-daily,2026-06-01,2026-05-07_FMP_Technicals_BW_daily,,,,Entities,,2026-05-07_FMP_Technicals_BW_daily,2026-05-07_FMP_Technicals_BW_daily,entity,,,,,,,,,,,,,,,[],,,Entity
world:entity:2026-05-07-fmp-technicals-bynd-daily,2026-06-01,2026-05-07_FMP_Technicals_BYND_daily,,,,Entities,,2026-05-07_FMP_Technicals_BYND_daily,2026-05-07_FMP_Technicals_BYND_daily,entity,,,,,,,,,,,,,,,[],,,Entity
world:entity:2026-05-07-fmp-technicals-caci-daily,2026-06-01,2026-05-07_FMP_Technicals_CACI_daily,,,,Entities,,2026-05-07_FMP_Technicals_CACI_daily,2026-05-07_FMP_Technicals_CACI_daily,entity,,,,,,,,,,,,,,,[],,,Entity
world:entity:2026-05-07-fmp-technicals-ccj-daily,2026-06-01,2026-05-07_FMP_Technicals_CCJ_daily,,,,Entities,,2026-05-07_FMP_Technicals_CCJ_daily,2026-05-07_FMP_Technicals_CCJ_daily,entity,,,,,,,,,,,,,,,[],,,Entity
world:entity:2026-05-07-fmp-technicals-ceg-daily,2026-06-01,2026-05-07_FMP_Technicals_CEG_daily,,,,Entities,,2026-05-07_FMP_Technicals_CEG_daily,2026-05-07_FMP_Technicals_CEG_daily,entity,,,,,,,,,,,,,,,[],,,Entity
world:entity:2026-05-07-fmp-technicals-cmps-daily,2026-06-01,2026-05-07_FMP_Technicals_CMPS_daily,,,,Entities,,2026-05-07_FMP_Technicals_CMPS_daily,2026-05-07_FMP_Technicals_CMPS_daily,entity,,,,,,,,,,,,,,,[],,,Entity
world:entity:2026-05-07-fmp-technicals-coin-daily,2026-06-01,2026-05-07_FMP_Technicals_COIN_daily,,,,Entities,,2026-05-07_FMP_Technicals_COIN_daily,2026-05-07_FMP_Technicals_COIN_daily,entity,,,,,,,,,,,,,,,[],,,Entity
world:entity:2026-05-07-fmp-technicals-crsp-daily,2026-06-01,2026-05-07_FMP_Technicals_CRSP_daily,,,,Entities,,2026-05-07_FMP_Technicals_CRSP_daily,2026-05-07_FMP_Technicals_CRSP_daily,entity,,,,,,,,,,,,,,,[],,,Entity
world:entity:2026-05-07-fmp-technicals-ctva-daily,2026-06-01,2026-05-07_FMP_Technicals_CTVA_daily,,,,Entities,,2026-05-07_FMP_Technicals_CTVA_daily,2026-05-07_FMP_Technicals_CTVA_daily,entity,,,,,,,,,,,,,,,[],,,Entity
world:entity:2026-05-07-fmp-technicals-dftx-daily,2026-06-01,2026-05-07_FMP_Technicals_DFTX_daily,,,,Entities,,2026-05-07_FMP_Technicals_DFTX_daily,2026-05-07_FMP_Technicals_DFTX_daily,entity,,,,,,,,,,,,,,,[],,,Entity
world:entity:2026-05-07-fmp-technicals-dhi-daily,2026-06-01,2026-05-07_FMP_Technicals_DHI_daily,,,,Entities,,2026-05-07_FMP_Technicals_DHI_daily,2026-05-07_FMP_Technicals_DHI_daily,entity,,,,,,,,,,,,,,,[],,,Entity
world:entity:2026-05-07-fmp-technicals-dna-daily,2026-06-01,2026-05-07_FMP_Technicals_DNA_daily,,,,Entities,,2026-05-07_FMP_Technicals_DNA_daily,2026-05-07_FMP_Technicals_DNA_daily,entity,,,,,,,,,,,,,,,[],,,Entity
world:entity:2026-05-07-fmp-technicals-dpro-daily,2026-06-01,2026-05-07_FMP_Technicals_DPRO_daily,,,,Entities,,2026-05-07_FMP_Technicals_DPRO_daily,2026-05-07_FMP_Technicals_DPRO_daily,entity,,,,,,,,,,,,,,,[],,,Entity
world:entity:2026-05-07-fmp-technicals-ecpg-daily,2026-06-01,2026-05-07_FMP_Technicals_ECPG_daily,,,,Entities,,2026-05-07_FMP_Technicals_ECPG_daily,2026-05-07_FMP_Technicals_ECPG_daily,entity,,,,,,,,,,,,,,,[],,,Entity
world:entity:2026-05-07-fmp-technicals-edit-daily,2026-06-01,2026-05-07_FMP_Technicals_EDIT_daily,,,,Entities,,2026-05-07_FMP_Technicals_EDIT_daily,2026-05-07_FMP_Technicals_EDIT_daily,entity,,,,,,,,,,,,,,,[],,,Entity
world:entity:2026-05-07-fmp-technicals-eh-daily,2026-06-01,2026-05-07_FMP_Technicals_EH_daily,,,,Entities,,2026-05-07_FMP_Technicals_EH_daily,2026-05-07_FMP_Technicals_EH_daily,entity,,,,,,,,,,,,,,,[],,,Entity
world:entity:2026-05-07-fmp-technicals-envx-daily,2026-06-01,2026-05-07_FMP_Technicals_ENVX_daily,,,,Entities,,2026-05-07_FMP_Technicals_ENVX_daily,2026-05-07_FMP_Technicals_ENVX_daily,entity,,,,,,,,,,,,,,,[],,,Entity
world:entity:2026-05-07-fmp-technicals-eslt-daily,2026-06-01,2026-05-07_FMP_Technicals_ESLT_daily,,,,Entities,,2026-05-07_FMP_Technicals_ESLT_daily,2026-05-07_FMP_Technicals_ESLT_daily,entity,,,,,,,,,,,,,,,[],,,Entity
world:entity:2026-05-07-fmp-technicals-etn-daily,2026-06-01,2026-05-07_FMP_Technicals_ETN_daily,,,,Entities,,2026-05-07_FMP_Technicals_ETN_daily,2026-05-07_FMP_Technicals_ETN_daily,entity,,,,,,,,,,,,,,,[],,,Entity
world:entity:2026-05-07-fmp-technicals-evtl-daily,2026-06-01,2026-05-07_FMP_Technicals_EVTL_daily,,,,Entities,,2026-05-07_FMP_Technicals_EVTL_daily,2026-05-07_FMP_Technicals_EVTL_daily,entity,,,,,,,,,,,,,,,[],,,Entity
world:entity:2026-05-07-fmp-technicals-flnc-daily,2026-06-01,2026-05-07_FMP_Technicals_FLNC_daily,,,,Entities,,2026-05-07_FMP_Technicals_FLNC_daily,2026-05-07_FMP_Technicals_FLNC_daily,entity,,,,,,,,,,,,,,,[],,,Entity
world:entity:2026-05-07-fmp-technicals-fmc-daily,2026-06-01,2026-05-07_FMP_Technicals_FMC_daily,,,,Entities,,2026-05-07_FMP_Technicals_FMC_daily,2026-05-07_FMP_Technicals_FMC_daily,entity,,,,,,,,,,,,,,,[],,,Entity
world:entity:2026-05-07-fmp-technicals-gd-daily,2026-06-01,2026-05-07_FMP_Technicals_GD_daily,,,,Entities,,2026-05-07_FMP_Technicals_GD_daily,2026-05-07_FMP_Technicals_GD_daily,entity,,,,,,,,,,,,,,,[],,,Entity
world:entity:2026-05-07-fmp-technicals-gev-daily,2026-06-01,2026-05-07_FMP_Technicals_GEV_daily,,,,Entities,,2026-05-07_FMP_Technicals_GEV_daily,2026-05-07_FMP_Technicals_GEV_daily,entity,,,,,,,,,,,,,,,[],,,Entity
world:entity:2026-05-07-fmp-technicals-ghrs-daily,2026-06-01,2026-05-07_FMP_Technicals_GHRS_daily,,,,Entities,,2026-05-07_FMP_Technicals_GHRS_daily,2026-05-07_FMP_Technicals_GHRS_daily,entity,,,,,,,,,,,,,,,[],,,Entity
world:entity:2026-05-07-fmp-technicals-gold-daily,2026-06-01,2026-05-07_FMP_Technicals_GOLD_daily,,,,Entities,,2026-05-07_FMP_Technicals_GOLD_daily,2026-05-07_FMP_Technicals_GOLD_daily,entity,,,,,,,,,,,,,,,[],,,Entity
world:entity:2026-05-07-fmp-technicals-googl-daily,2026-06-01,2026-05-07_FMP_Technicals_GOOGL_daily,,,,Entities,,2026-05-07_FMP_Technicals_GOOGL_daily,2026-05-07_FMP_Technicals_GOOGL_daily,entity,,,,,,,,,,,,,,,[],,,Entity
world:entity:2026-05-07-fmp-technicals-help-daily,2026-06-01,2026-05-07_FMP_Technicals_HELP_daily,,,,Entities,,2026-05-07_FMP_Technicals_HELP_daily,2026-05-07_FMP_Technicals_HELP_daily,entity,,,,,,,,,,,,,,,[],,,Entity
world:entity:2026-05-07-fmp-technicals-hims-daily,2026-06-01,2026-05-07_FMP_Technicals_HIMS_daily,,,,Entities,,2026-05-07_FMP_Technicals_HIMS_daily,2026-05-07_FMP_Technicals_HIMS_daily,entity,,,,,,,,,,,,,,,[],,,Entity
world:entity:2026-05-07-fmp-technicals-hovr-daily,2026-06-01,2026-05-07_FMP_Technicals_HOVR_daily,,,,Entities,,2026-05-07_FMP_Technicals_HOVR_daily,2026-05-07_FMP_Technicals_HOVR_daily,entity,,,,,,,,,,,,,,,[],,,Entity
world:entity:2026-05-07-fmp-technicals-hubb-daily,2026-06-01,2026-05-07_FMP_Technicals_HUBB_daily,,,,Entities,,2026-05-07_FMP_Technicals_HUBB_daily,2026-05-07_FMP_Technicals_HUBB_daily,entity,,,,,,,,,,,,,,,[],,,Entity
world:entity:2026-05-07-fmp-technicals-iff-daily,2026-06-01,2026-05-07_FMP_Technicals_IFF_daily,,,,Entities,,2026-05-07_FMP_Technicals_IFF_daily,2026-05-07_FMP_Technicals_IFF_daily,entity,,,,,,,,,,,,,,,[],,,Entity
world:entity:2026-05-07-fmp-technicals-iipr-daily,2026-06-01,2026-05-07_FMP_Technicals_IIPR_daily,,,,Entities,,2026-05-07_FMP_Technicals_IIPR_daily,2026-05-07_FMP_Technicals_IIPR_daily,entity,,,,,,,,,,,,,,,[],,,Entity
world:entity:2026-05-07-fmp-technicals-inva-daily,2026-06-01,2026-05-07_FMP_Technicals_INVA_daily,,,,Entities,,2026-05-07_FMP_Technicals_INVA_daily,2026-05-07_FMP_Technicals_INVA_daily,entity,,,,,,,,,,,,,,,[],,,Entity
world:entity:2026-05-07-fmp-technicals-ionq-daily,2026-06-01,2026-05-07_FMP_Technicals_IONQ_daily,,,,Entities,,2026-05-07_FMP_Technicals_IONQ_daily,2026-05-07_FMP_Technicals_IONQ_daily,entity,,,,,,,,,,,,,,,[],,,Entity
world:entity:2026-05-07-fmp-technicals-jnj-daily,2026-06-01,2026-05-07_FMP_Technicals_JNJ_daily,,,,Entities,,2026-05-07_FMP_Technicals_JNJ_daily,2026-05-07_FMP_Technicals_JNJ_daily,entity,,,,,,,,,,,,,,,[],,,Entity
world:entity:2026-05-07-fmp-technicals-joby-daily,2026-06-01,2026-05-07_FMP_Technicals_JOBY_daily,,,,Entities,,2026-05-07_FMP_Technicals_JOBY_daily,2026-05-07_FMP_Technicals_JOBY_daily,entity,,,,,,,,,,,,,,,[],,,Entity
world:entity:2026-05-07-fmp-technicals-klac-daily,2026-06-01,2026-05-07_FMP_Technicals_KLAC_daily,,,,Entities,,2026-05-07_FMP_Technicals_KLAC_daily,2026-05-07_FMP_Technicals_KLAC_daily,entity,,,,,,,,,,,,,,,[],,,Entity
world:entity:2026-05-07-fmp-technicals-ktos-daily,2026-06-01,2026-05-07_FMP_Technicals_KTOS_daily,,,,Entities,,2026-05-07_FMP_Technicals_KTOS_daily,2026-05-07_FMP_Technicals_KTOS_daily,entity,,,,,,,,,,,,,,,[],,,Entity
world:entity:2026-05-07-fmp-technicals-ldos-daily,2026-06-01,2026-05-07_FMP_Technicals_LDOS_daily,,,,Entities,,2026-05-07_FMP_Technicals_LDOS_daily,2026-05-07_FMP_Technicals_LDOS_daily,entity,,,,,,,,,,,,,,,[],,,Entity
world:entity:2026-05-07-fmp-technicals-len-daily,2026-06-01,2026-05-07_FMP_Technicals_LEN_daily,,,,Entities,,2026-05-07_FMP_Technicals_LEN_daily,2026-05-07_FMP_Technicals_LEN_daily,entity,,,,,,,,,,,,,,,[],,,Entity
world:entity:2026-05-07-fmp-technicals-lhx-daily,2026-06-01,2026-05-07_FMP_Technicals_LHX_daily,,,,Entities,,2026-05-07_FMP_Technicals_LHX_daily,2026-05-07_FMP_Technicals_LHX_daily,entity,,,,,,,,,,,,,,,[],,,Entity
world:entity:2026-05-07-fmp-technicals-lly-daily,2026-06-01,2026-05-07_FMP_Technicals_LLY_daily,,,,Entities,,2026-05-07_FMP_Technicals_LLY_daily,2026-05-07_FMP_Technicals_LLY_daily,entity,,,,,,,,,,,,,,,[],,,Entity
world:entity:2026-05-07-fmp-technicals-lmt-daily,2026-06-01,2026-05-07_FMP_Technicals_LMT_daily,,,,Entities,,2026-05-07_FMP_Technicals_LMT_daily,2026-05-07_FMP_Technicals_LMT_daily,entity,,,,,,,,,,,,,,,[],,,Entity
world:entity:2026-05-07-fmp-technicals-lrcx-daily,2026-06-01,2026-05-07_FMP_Technicals_LRCX_daily,,,,Entities,,2026-05-07_FMP_Technicals_LRCX_daily,2026-05-07_FMP_Technicals_LRCX_daily,entity,,,,,,,,,,,,,,,[],,,Entity
world:entity:2026-05-07-fmp-technicals-mnts-daily,2026-06-01,2026-05-07_FMP_Technicals_MNTS_daily,,,,Entities,,2026-05-07_FMP_Technicals_MNTS_daily,2026-05-07_FMP_Technicals_MNTS_daily,entity,,,,,,,,,,,,,,,[],,,Entity
world:entity:2026-05-07-fmp-technicals-mrk-daily,2026-06-01,2026-05-07_FMP_Technicals_MRK_daily,,,,Entities,,2026-05-07_FMP_Technicals_MRK_daily,2026-05-07_FMP_Technicals_MRK_daily,entity,,,,,,,,,,,,,,,[],,,Entity
world:entity:2026-05-07-fmp-technicals-msft-daily,2026-06-01,2026-05-07_FMP_Technicals_MSFT_daily,,,,Entities,,2026-05-07_FMP_Technicals_MSFT_daily,2026-05-07_FMP_Technicals_MSFT_daily,entity,,,,,,,,,,,,,,,[],,,Entity
world:entity:2026-05-07-fmp-technicals-mstr-daily,2026-06-01,2026-05-07_FMP_Technicals_MSTR_daily,,,,Entities,,2026-05-07_FMP_Technicals_MSTR_daily,2026-05-07_FMP_Technicals_MSTR_daily,entity,,,,,,,,,,,,,,,[],,,Entity
world:entity:2026-05-07-fmp-technicals-mtz-daily,2026-06-01,2026-05-07_FMP_Technicals_MTZ_daily,,,,Entities,,2026-05-07_FMP_Technicals_MTZ_daily,2026-05-07_FMP_Technicals_MTZ_daily,entity,,,,,,,,,,,,,,,[],,,Entity
world:entity:2026-05-07-fmp-technicals-myrg-daily,2026-06-01,2026-05-07_FMP_Technicals_MYRG_daily,,,,Entities,,2026-05-07_FMP_Technicals_MYRG_daily,2026-05-07_FMP_Technicals_MYRG_daily,entity,,,,,,,,,,,,,,,[],,,Entity
world:entity:2026-05-07-fmp-technicals-nbix-daily,2026-06-01,2026-05-07_FMP_Technicals_NBIX_daily,,,,Entities,,2026-05-07_FMP_Technicals_NBIX_daily,2026-05-07_FMP_Technicals_NBIX_daily,entity,,,,,,,,,,,,,,,[],,,Entity
world:entity:2026-05-07-fmp-technicals-nem-daily,2026-06-01,2026-05-07_FMP_Technicals_NEM_daily,,,,Entities,,2026-05-07_FMP_Technicals_NEM_daily,2026-05-07_FMP_Technicals_NEM_daily,entity,,,,,,,,,,,,,,,[],,,Entity
world:entity:2026-05-07-fmp-technicals-nktr-daily,2026-06-01,2026-05-07_FMP_Technicals_NKTR_daily,,,,Entities,,2026-05-07_FMP_Technicals_NKTR_daily,2026-05-07_FMP_Technicals_NKTR_daily,entity,,,,,,,,,,,,,,,[],,,Entity
world:entity:2026-05-07-fmp-technicals-nne-daily,2026-06-01,2026-05-07_FMP_Technicals_NNE_daily,,,,Entities,,2026-05-07_FMP_Technicals_NNE_daily,2026-05-07_FMP_Technicals_NNE_daily,entity,,,,,,,,,,,,,,,[],,,Entity
world:entity:2026-05-07-fmp-technicals-noc-daily,2026-06-01,2026-05-07_FMP_Technicals_NOC_daily,,,,Entities,,2026-05-07_FMP_Technicals_NOC_daily,2026-05-07_FMP_Technicals_NOC_daily,entity,,,,,,,,,,,,,,,[],,,Entity
world:entity:2026-05-07-fmp-technicals-nrg-daily,2026-06-01,2026-05-07_FMP_Technicals_NRG_daily,,,,Entities,,2026-05-07_FMP_Technicals_NRG_daily,2026-05-07_FMP_Technicals_NRG_daily,entity,,,,,,,,,,,,,,,[],,,Entity
world:entity:2026-05-07-fmp-technicals-ntla-daily,2026-06-01,2026-05-07_FMP_Technicals_NTLA_daily,,,,Entities,,2026-05-07_FMP_Technicals_NTLA_daily,2026-05-07_FMP_Technicals_NTLA_daily,entity,,,,,,,,,,,,,,,[],,,Entity
world:entity:2026-05-07-fmp-technicals-nvda-daily,2026-06-01,2026-05-07_FMP_Technicals_NVDA_daily,,,,Entities,,2026-05-07_FMP_Technicals_NVDA_daily,2026-05-07_FMP_Technicals_NVDA_daily,entity,,,,,,,,,,,,,,,[],,,Entity
world:entity:2026-05-07-fmp-technicals-nvr-daily,2026-06-01,2026-05-07_FMP_Technicals_NVR_daily,,,,Entities,,2026-05-07_FMP_Technicals_NVR_daily,2026-05-07_FMP_Technicals_NVR_daily,entity,,,,,,,,,,,,,,,[],,,Entity
world:entity:2026-05-07-fmp-technicals-oklo-daily,2026-06-01,2026-05-07_FMP_Technicals_OKLO_daily,,,,Entities,,2026-05-07_FMP_Technicals_OKLO_daily,2026-05-07_FMP_Technicals_OKLO_daily,entity,,,,,,,,,,,,,,,[],,,Entity
world:entity:2026-05-07-fmp-technicals-on-daily,2026-06-01,2026-05-07_FMP_Technicals_ON_daily,,,,Entities,,2026-05-07_FMP_Technicals_ON_daily,2026-05-07_FMP_Technicals_ON_daily,entity,,,,,,,,,,,,,,,[],,,Entity
world:entity:2026-05-07-fmp-technicals-onds-daily,2026-06-01,2026-05-07_FMP_Technicals_ONDS_daily,,,,Entities,,2026-05-07_FMP_Technicals_ONDS_daily,2026-05-07_FMP_Technicals_ONDS_daily,entity,,,,,,,,,,,,,,,[],,,Entity
world:entity:2026-05-07-fmp-technicals-onto-daily,2026-06-01,2026-05-07_FMP_Technicals_ONTO_daily,,,,Entities,,2026-05-07_FMP_Technicals_ONTO_daily,2026-05-07_FMP_Technicals_ONTO_daily,entity,,,,,,,,,,,,,,,[],,,Entity
world:entity:2026-05-07-fmp-technicals-pdfs-daily,2026-06-01,2026-05-07_FMP_Technicals_PDFS_daily,,,,Entities,,2026-05-07_FMP_Technicals_PDFS_daily,2026-05-07_FMP_Technicals_PDFS_daily,entity,,,,,,,,,,,,,,,[],,,Entity
world:entity:2026-05-07-fmp-technicals-pfe-daily,2026-06-01,2026-05-07_FMP_Technicals_PFE_daily,,,,Entities,,2026-05-07_FMP_Technicals_PFE_daily,2026-05-07_FMP_Technicals_PFE_daily,entity,,,,,,,,,,,,,,,[],,,Entity
world:entity:2026-05-07-fmp-technicals-pl-daily,2026-06-01,2026-05-07_FMP_Technicals_PL_daily,,,,Entities,,2026-05-07_FMP_Technicals_PL_daily,2026-05-07_FMP_Technicals_PL_daily,entity,,,,,,,,,,,,,,,[],,,Entity
world:entity:2026-05-07-fmp-technicals-pltr-daily,2026-06-01,2026-05-07_FMP_Technicals_PLTR_daily,,,,Entities,,2026-05-07_FMP_Technicals_PLTR_daily,2026-05-07_FMP_Technicals_PLTR_daily,entity,,,,,,,,,,,,,,,[],,,Entity
world:entity:2026-05-07-fmp-technicals-powl-daily,2026-06-01,2026-05-07_FMP_Technicals_POWL_daily,,,,Entities,,2026-05-07_FMP_Technicals_POWL_daily,2026-05-07_FMP_Technicals_POWL_daily,entity,,,,,,,,,,,,,,,[],,,Entity
world:entity:2026-05-07-fmp-technicals-ppih-daily,2026-06-01,2026-05-07_FMP_Technicals_PPIH_daily,,,,Entities,,2026-05-07_FMP_Technicals_PPIH_daily,2026-05-07_FMP_Technicals_PPIH_daily,entity,,,,,,,,,,,,,,,[],,,Entity
world:entity:2026-05-07-fmp-technicals-prks-daily,2026-06-01,2026-05-07_FMP_Technicals_PRKS_daily,,,,Entities,,2026-05-07_FMP_Technicals_PRKS_daily,2026-05-07_FMP_Technicals_PRKS_daily,entity,,,,,,,,,,,,,,,[],,,Entity
world:entity:2026-05-07-fmp-technicals-prta-daily,2026-06-01,2026-05-07_FMP_Technicals_PRTA_daily,,,,Entities,,2026-05-07_FMP_Technicals_PRTA_daily,2026-05-07_FMP_Technicals_PRTA_daily,entity,,,,,,,,,,,,,,,[],,,Entity
world:entity:2026-05-07-fmp-technicals-psil-daily,2026-06-01,2026-05-07_FMP_Technicals_PSIL_daily,,,,Entities,,2026-05-07_FMP_Technicals_PSIL_daily,2026-05-07_FMP_Technicals_PSIL_daily,entity,,,,,,,,,,,,,,,[],,,Entity
world:entity:2026-05-07-fmp-technicals-pwr-daily,2026-06-01,2026-05-07_FMP_Technicals_PWR_daily,,,,Entities,,2026-05-07_FMP_Technicals_PWR_daily,2026-05-07_FMP_Technicals_PWR_daily,entity,,,,,,,,,,,,,,,[],,,Entity
world:entity:2026-05-07-fmp-technicals-qubt-daily,2026-06-01,2026-05-07_FMP_Technicals_QUBT_daily,,,,Entities,,2026-05-07_FMP_Technicals_QUBT_daily,2026-05-07_FMP_Technicals_QUBT_daily,entity,,,,,,,,,,,,,,,[],,,Entity
world:entity:2026-05-07-fmp-technicals-rcat-daily,2026-06-01,2026-05-07_FMP_Technicals_RCAT_daily,,,,Entities,,2026-05-07_FMP_Technicals_RCAT_daily,2026-05-07_FMP_Technicals_RCAT_daily,entity,,,,,,,,,,,,,,,[],,,Entity
world:entity:2026-05-07-fmp-technicals-rgti-daily,2026-06-01,2026-05-07_FMP_Technicals_RGTI_daily,,,,Entities,,2026-05-07_FMP_Technicals_RGTI_daily,2026-05-07_FMP_Technicals_RGTI_daily,entity,,,,,,,,,,,,,,,[],,,Entity
world:entity:2026-05-07-fmp-technicals-rklb-daily,2026-06-01,2026-05-07_FMP_Technicals_RKLB_daily,,,,Entities,,2026-05-07_FMP_Technicals_RKLB_daily,2026-05-07_FMP_Technicals_RKLB_daily,entity,,,,,,,,,,,,,,,[],,,Entity
world:entity:2026-05-07-fmp-technicals-rprx-daily,2026-06-01,2026-05-07_FMP_Technicals_RPRX_daily,,,,Entities,,2026-05-07_FMP_Technicals_RPRX_daily,2026-05-07_FMP_Technicals_RPRX_daily,entity,,,,,,,,,,,,,,,[],,,Entity
world:entity:2026-05-07-fmp-technicals-rtx-daily,2026-06-01,2026-05-07_FMP_Technicals_RTX_daily,,,,Entities,,2026-05-07_FMP_Technicals_RTX_daily,2026-05-07_FMP_Technicals_RTX_daily,entity,,,,,,,,,,,,,,,[],,,Entity
world:entity:2026-05-07-fmp-technicals-saic-daily,2026-06-01,2026-05-07_FMP_Technicals_SAIC_daily,,,,Entities,,2026-05-07_FMP_Technicals_SAIC_daily,2026-05-07_FMP_Technicals_SAIC_daily,entity,,,,,,,,,,,,,,,[],,,Entity
world:entity:2026-05-07-fmp-technicals-sky-daily,2026-06-01,2026-05-07_FMP_Technicals_SKY_daily,,,,Entities,,2026-05-07_FMP_Technicals_SKY_daily,2026-05-07_FMP_Technicals_SKY_daily,entity,,,,,,,,,,,,,,,[],,,Entity
world:entity:2026-05-07-fmp-technicals-smr-daily,2026-06-01,2026-05-07_FMP_Technicals_SMR_daily,,,,Entities,,2026-05-07_FMP_Technicals_SMR_daily,2026-05-07_FMP_Technicals_SMR_daily,entity,,,,,,,,,,,,,,,[],,,Entity
world:entity:2026-05-07-fmp-technicals-spir-daily,2026-06-01,2026-05-07_FMP_Technicals_SPIR_daily,,,,Entities,,2026-05-07_FMP_Technicals_SPIR_daily,2026-05-07_FMP_Technicals_SPIR_daily,entity,,,,,,,,,,,,,,,[],,,Entity
world:entity:2026-05-07-fmp-technicals-spro-daily,2026-06-01,2026-05-07_FMP_Technicals_SPRO_daily,,,,Entities,,2026-05-07_FMP_Technicals_SPRO_daily,2026-05-07_FMP_Technicals_SPRO_daily,entity,,,,,,,,,,,,,,,[],,,Entity
world:entity:2026-05-07-fmp-technicals-stem-daily,2026-06-01,2026-05-07_FMP_Technicals_STEM_daily,,,,Entities,,2026-05-07_FMP_Technicals_STEM_daily,2026-05-07_FMP_Technicals_STEM_daily,entity,,,,,,,,,,,,,,,[],,,Entity
world:entity:2026-05-07-fmp-technicals-strl-daily,2026-06-01,2026-05-07_FMP_Technicals_STRL_daily,,,,Entities,,2026-05-07_FMP_Technicals_STRL_daily,2026-05-07_FMP_Technicals_STRL_daily,entity,,,,,,,,,,,,,,,[],,,Entity
world:entity:2026-05-07-fmp-technicals-tdy-daily,2026-06-01,2026-05-07_FMP_Technicals_TDY_daily,,,,Entities,,2026-05-07_FMP_Technicals_TDY_daily,2026-05-07_FMP_Technicals_TDY_daily,entity,,,,,,,,,,,,,,,[],,,Entity
world:entity:2026-05-07-fmp-technicals-tmhc-daily,2026-06-01,2026-05-07_FMP_Technicals_TMHC_daily,,,,Entities,,2026-05-07_FMP_Technicals_TMHC_daily,2026-05-07_FMP_Technicals_TMHC_daily,entity,,,,,,,,,,,,,,,[],,,Entity
world:entity:2026-05-07-fmp-technicals-tmo-daily,2026-06-01,2026-05-07_FMP_Technicals_TMO_daily,,,,Entities,,2026-05-07_FMP_Technicals_TMO_daily,2026-05-07_FMP_Technicals_TMO_daily,entity,,,,,,,,,,,,,,,[],,,Entity
world:entity:2026-05-07-fmp-technicals-tnc-daily,2026-06-01,2026-05-07_FMP_Technicals_TNC_daily,,,,Entities,,2026-05-07_FMP_Technicals_TNC_daily,2026-05-07_FMP_Technicals_TNC_daily,entity,,,,,,,,,,,,,,,[],,,Entity
world:entity:2026-05-07-fmp-technicals-tol-daily,2026-06-01,2026-05-07_FMP_Technicals_TOL_daily,,,,Entities,,2026-05-07_FMP_Technicals_TOL_daily,2026-05-07_FMP_Technicals_TOL_daily,entity,,,,,,,,,,,,,,,[],,,Entity
world:entity:2026-05-07-fmp-technicals-tsla-daily,2026-06-01,2026-05-07_FMP_Technicals_TSLA_daily,,,,Entities,,2026-05-07_FMP_Technicals_TSLA_daily,2026-05-07_FMP_Technicals_TSLA_daily,entity,,,,,,,,,,,,,,,[],,,Entity
world:entity:2026-05-07-fmp-technicals-tsn-daily,2026-06-01,2026-05-07_FMP_Technicals_TSN_daily,,,,Entities,,2026-05-07_FMP_Technicals_TSN_daily,2026-05-07_FMP_Technicals_TSN_daily,entity,,,,,,,,,,,,,,,[],,,Entity
world:entity:2026-05-07-fmp-technicals-twst-daily,2026-06-01,2026-05-07_FMP_Technicals_TWST_daily,,,,Entities,,2026-05-07_FMP_Technicals_TWST_daily,2026-05-07_FMP_Technicals_TWST_daily,entity,,,,,,,,,,,,,,,[],,,Entity
world:entity:2026-05-07-fmp-technicals-txt-daily,2026-06-01,2026-05-07_FMP_Technicals_TXT_daily,,,,Entities,,2026-05-07_FMP_Technicals_TXT_daily,2026-05-07_FMP_Technicals_TXT_daily,entity,,,,,,,,,,,,,,,[],,,Entity
world:entity:2026-05-07-fmp-technicals-ufpt-daily,2026-06-01,2026-05-07_FMP_Technicals_UFPT_daily,,,,Entities,,2026-05-07_FMP_Technicals_UFPT_daily,2026-05-07_FMP_Technicals_UFPT_daily,entity,,,,,,,,,,,,,,,[],,,Entity
world:entity:2026-05-07-fmp-technicals-umac-daily,2026-06-01,2026-05-07_FMP_Technicals_UMAC_daily,,,,Entities,,2026-05-07_FMP_Technicals_UMAC_daily,2026-05-07_FMP_Technicals_UMAC_daily,entity,,,,,,,,,,,,,,,[],,,Entity
world:entity:2026-05-07-fmp-technicals-unty-daily,2026-06-01,2026-05-07_FMP_Technicals_UNTY_daily,,,,Entities,,2026-05-07_FMP_Technicals_UNTY_daily,2026-05-07_FMP_Technicals_UNTY_daily,entity,,,,,,,,,,,,,,,[],,,Entity
world:entity:2026-05-07-fmp-technicals-vktx-daily,2026-06-01,2026-05-07_FMP_Technicals_VKTX_daily,,,,Entities,,2026-05-07_FMP_Technicals_VKTX_daily,2026-05-07_FMP_Technicals_VKTX_daily,entity,,,,,,,,,,,,,,,[],,,Entity
world:entity:2026-05-07-fmp-technicals-vst-daily,2026-06-01,2026-05-07_FMP_Technicals_VST_daily,,,,Entities,,2026-05-07_FMP_Technicals_VST_daily,2026-05-07_FMP_Technicals_VST_daily,entity,,,,,,,,,,,,,,,[],,,Entity
world:entity:2026-05-07-fmp-technicals-wcc-daily,2026-06-01,2026-05-07_FMP_Technicals_WCC_daily,,,,Entities,,2026-05-07_FMP_Technicals_WCC_daily,2026-05-07_FMP_Technicals_WCC_daily,entity,,,,,,,,,,,,,,,[],,,Entity
world:entity:2026-05-07-fmp-technicals-wolf-daily,2026-06-01,2026-05-07_FMP_Technicals_WOLF_daily,,,,Entities,,2026-05-07_FMP_Technicals_WOLF_daily,2026-05-07_FMP_Technicals_WOLF_daily,entity,,,,,,,,,,,,,,,[],,,Entity
world:entity:2026-05-07-fmp-technicals-wpm-daily,2026-06-01,2026-05-07_FMP_Technicals_WPM_daily,,,,Entities,,2026-05-07_FMP_Technicals_WPM_daily,2026-05-07_FMP_Technicals_WPM_daily,entity,,,,,,,,,,,,,,,[],,,Entity
world:entity:2026-05-07-fmp-technicals-xoma-daily,2026-06-01,2026-05-07_FMP_Technicals_XOMA_daily,,,,Entities,,2026-05-07_FMP_Technicals_XOMA_daily,2026-05-07_FMP_Technicals_XOMA_daily,entity,,,,,,,,,,,,,,,[],,,Entity
world:entity:2026-05-07-fmp-thesis-watchlist-bioengineered-food-systems,2026-06-01,2026-05-07_FMP_Thesis_Watchlist_Bioengineered_Food_Systems,,,,Entities,,2026-05-07_FMP_Thesis_Watchlist_Bioengineered_Food_Systems,2026-05-07_FMP_Thesis_Watchlist_Bioengineered_Food_Systems,entity,,,,,,,,,,,,,,,[],,,Entity
world:entity:2026-05-07-fmp-thesis-watchlist-capital-raise-survivors-small-cap-inflection-basket,2026-06-01,2026-05-07_FMP_Thesis_Watchlist_Capital_Raise_Survivors_Small-Cap_Inflection_Basket,,,,Entities,,2026-05-07_FMP_Thesis_Watchlist_Capital_Raise_Survivors_Small-Cap_Inflection_Basket,2026-05-07_FMP_Thesis_Watchlist_Capital_Raise_Survivors_Small-Cap_Inflection_Basket,entity,,,,,,,,,,,,,,,[],,,Entity
world:entity:2026-05-07-fmp-thesis-watchlist-defense-ai-autonomous-warfare,2026-06-01,2026-05-07_FMP_Thesis_Watchlist_Defense_AI_&_Autonomous_Warfare,,,,Entities,,2026-05-07_FMP_Thesis_Watchlist_Defense_AI_&_Autonomous_Warfare,2026-05-07_FMP_Thesis_Watchlist_Defense_AI_&_Autonomous_Warfare,entity,,,,,,,,,,,,,,,[],,,Entity
world:entity:2026-05-07-fmp-thesis-watchlist-dollar-debasement-hard-money,2026-06-01,2026-05-07_FMP_Thesis_Watchlist_Dollar_Debasement_&_Hard_Money,,,,Entities,,2026-05-07_FMP_Thesis_Watchlist_Dollar_Debasement_&_Hard_Money,2026-05-07_FMP_Thesis_Watchlist_Dollar_Debasement_&_Hard_Money,entity,,,,,,,,,,,,,,,[],,,Entity
world:entity:2026-05-07-fmp-thesis-watchlist-drone-autonomous-systems-revolution,2026-06-01,2026-05-07_FMP_Thesis_Watchlist_Drone_&_Autonomous_Systems_Revolution,,,,Entities,,2026-05-07_FMP_Thesis_Watchlist_Drone_&_Autonomous_Systems_Revolution,2026-05-07_FMP_Thesis_Watchlist_Drone_&_Autonomous_Systems_Revolution,entity,,,,,,,,,,,,,,,[],,,Entity
world:entity:2026-05-07-fmp-thesis-watchlist-fiscal-scarcity-rearmament,2026-06-01,2026-05-07_FMP_Thesis_Watchlist_Fiscal_Scarcity_Rearmament,,,,Entities,,2026-05-07_FMP_Thesis_Watchlist_Fiscal_Scarcity_Rearmament,2026-05-07_FMP_Thesis_Watchlist_Fiscal_Scarcity_Rearmament,entity,,,,,,,,,,,,,,,[],,,Entity
world:entity:2026-05-07-fmp-thesis-watchlist-gene-editing-crispr-therapeutics,2026-06-01,2026-05-07_FMP_Thesis_Watchlist_Gene_Editing_&_CRISPR_Therapeutics,,,,Entities,,2026-05-07_FMP_Thesis_Watchlist_Gene_Editing_&_CRISPR_Therapeutics,2026-05-07_FMP_Thesis_Watchlist_Gene_Editing_&_CRISPR_Therapeutics,entity,,,,,,,,,,,,,,,[],,,Entity
world:entity:2026-05-07-fmp-thesis-watchlist-glp-1-metabolic-disease-revolution,2026-06-01,2026-05-07_FMP_Thesis_Watchlist_GLP-1_Metabolic_Disease_Revolution,,,,Entities,,2026-05-07_FMP_Thesis_Watchlist_GLP-1_Metabolic_Disease_Revolution,2026-05-07_FMP_Thesis_Watchlist_GLP-1_Metabolic_Disease_Revolution,entity,,,,,,,,,,,,,,,[],,,Entity
world:entity:2026-05-07-fmp-thesis-watchlist-grid-scale-battery-storage,2026-06-01,2026-05-07_FMP_Thesis_Watchlist_Grid-Scale_Battery_Storage,,,,Entities,,2026-05-07_FMP_Thesis_Watchlist_Grid-Scale_Battery_Storage,2026-05-07_FMP_Thesis_Watchlist_Grid-Scale_Battery_Storage,entity,,,,,,,,,,,,,,,[],,,Entity
world:entity:2026-05-07-fmp-thesis-watchlist-housing-supply-correction,2026-06-01,2026-05-07_FMP_Thesis_Watchlist_Housing_Supply_Correction,,,,Entities,,2026-05-07_FMP_Thesis_Watchlist_Housing_Supply_Correction,2026-05-07_FMP_Thesis_Watchlist_Housing_Supply_Correction,entity,,,,,,,,,,,,,,,[],,,Entity
world:entity:2026-05-07-fmp-thesis-watchlist-hypersonic-weapons-advanced-defense-systems,2026-06-01,2026-05-07_FMP_Thesis_Watchlist_Hypersonic_Weapons_&_Advanced_Defense_Systems,,,,Entities,,2026-05-07_FMP_Thesis_Watchlist_Hypersonic_Weapons_&_Advanced_Defense_Systems,2026-05-07_FMP_Thesis_Watchlist_Hypersonic_Weapons_&_Advanced_Defense_Systems,entity,,,,,,,,,,,,,,,[],,,Entity
world:entity:2026-05-07-fmp-thesis-watchlist-nuclear-renaissance-small-modular-reactors,2026-06-01,2026-05-07_FMP_Thesis_Watchlist_Nuclear_Renaissance_&_Small_Modular_Reactors,,,,Entities,,2026-05-07_FMP_Thesis_Watchlist_Nuclear_Renaissance_&_Small_Modular_Reactors,2026-05-07_FMP_Thesis_Watchlist_Nuclear_Renaissance_&_Small_Modular_Reactors,entity,,,,,,,,,,,,,,,[],,,Entity
world:entity:2026-05-07-fmp-thesis-watchlist-psychedelic-mental-health-revolution,2026-06-01,2026-05-07_FMP_Thesis_Watchlist_Psychedelic_Mental_Health_Revolution,,,,Entities,,2026-05-07_FMP_Thesis_Watchlist_Psychedelic_Mental_Health_Revolution,2026-05-07_FMP_Thesis_Watchlist_Psychedelic_Mental_Health_Revolution,entity,,,,,,,,,,,,,,,[],,,Entity
world:entity:2026-05-07-fmp-thesis-watchlist-quantum-computing,2026-06-01,2026-05-07_FMP_Thesis_Watchlist_Quantum_Computing,,,,Entities,,2026-05-07_FMP_Thesis_Watchlist_Quantum_Computing,2026-05-07_FMP_Thesis_Watchlist_Quantum_Computing,entity,,,,,,,,,,,,,,,[],,,Entity
world:entity:2026-05-07-fmp-thesis-watchlist-space-domain-awareness-commercial-space,2026-06-01,2026-05-07_FMP_Thesis_Watchlist_Space_Domain_Awareness_&_Commercial_Space,,,,Entities,,2026-05-07_FMP_Thesis_Watchlist_Space_Domain_Awareness_&_Commercial_Space,2026-05-07_FMP_Thesis_Watchlist_Space_Domain_Awareness_&_Commercial_Space,entity,,,,,,,,,,,,,,,[],,,Entity
world:entity:2026-05-07-fred-liquidity,2026-06-01,2026-05-07_FRED_Liquidity,,,,Entities,,2026-05-07_FRED_Liquidity,2026-05-07_FRED_Liquidity,entity,,,,,,,,,,,,,,,[],,,Entity
world:entity:2026-05-07-opportunity-viewpoints,2026-06-01,2026-05-07_Opportunity_Viewpoints,,,,Entities,,2026-05-07_Opportunity_Viewpoints,2026-05-07_Opportunity_Viewpoints,entity,,,,,,,,,,,,,,,[],,,Entity
world:entity:2026-05-08-entropy-monitor-ctra-insm-zts-ddog-ftnt-tpr-app-usfd-dash-vtrs-mdb-axon-mtsi-alb-mdln-lng-expe-crwd-hwm,2026-06-01,2026-05-08_Entropy_Monitor_CTRA_INSM_ZTS_DDOG_FTNT_TPR_APP_USFD_DASH_VTRS_MDB_AXON_MTSI_ALB_MDLN_LNG_EXPE_CRWD_HWM,,,,Entities,,2026-05-08_Entropy_Monitor_CTRA_INSM_ZTS_DDOG_FTNT_TPR_APP_USFD_DASH_VTRS_MDB_AXON_MTSI_ALB_MDLN_LNG_EXPE_CRWD_HWM,2026-05-08_Entropy_Monitor_CTRA_INSM_ZTS_DDOG_FTNT_TPR_APP_USFD_DASH_VTRS_MDB_AXON_MTSI_ALB_MDLN_LNG_EXPE_CRWD_HWM,entity,,,,,,,,,,,,,,,[],,,Entity
world:entity:2026-05-08-fmp-earnings-calendar-thesis-watchlists,2026-06-01,2026-05-08_FMP_Earnings_Calendar_Thesis_Watchlists,,,,Entities,,2026-05-08_FMP_Earnings_Calendar_Thesis_Watchlists,2026-05-08_FMP_Earnings_Calendar_Thesis_Watchlists,entity,,,,,,,,,,,,,,,[],,,Entity
world:entity:2026-05-08-fmp-economiccalendar,2026-06-01,2026-05-08_FMP_EconomicCalendar,,,,Entities,,2026-05-08_FMP_EconomicCalendar,2026-05-08_FMP_EconomicCalendar,entity,,,,,,,,,,,,,,,[],,,Entity
world:entity:2026-05-08-fmp-technicals-abbv-daily,2026-06-01,2026-05-08_FMP_Technicals_ABBV_daily,,,,Entities,,2026-05-08_FMP_Technicals_ABBV_daily,2026-05-08_FMP_Technicals_ABBV_daily,entity,,,,,,,,,,,,,,,[],,,Entity
world:entity:2026-05-08-fmp-technicals-acad-daily,2026-06-01,2026-05-08_FMP_Technicals_ACAD_daily,,,,Entities,,2026-05-08_FMP_Technicals_ACAD_daily,2026-05-08_FMP_Technicals_ACAD_daily,entity,,,,,,,,,,,,,,,[],,,Entity
world:entity:2026-05-08-fmp-technicals-achr-daily,2026-06-01,2026-05-08_FMP_Technicals_ACHR_daily,,,,Entities,,2026-05-08_FMP_Technicals_ACHR_daily,2026-05-08_FMP_Technicals_ACHR_daily,entity,,,,,,,,,,,,,,,[],,,Entity
world:entity:2026-05-08-fmp-technicals-adm-daily,2026-06-01,2026-05-08_FMP_Technicals_ADM_daily,,,,Entities,,2026-05-08_FMP_Technicals_ADM_daily,2026-05-08_FMP_Technicals_ADM_daily,entity,,,,,,,,,,,,,,,[],,,Entity
world:entity:2026-05-08-fmp-technicals-airo-daily,2026-06-01,2026-05-08_FMP_Technicals_AIRO_daily,,,,Entities,,2026-05-08_FMP_Technicals_AIRO_daily,2026-05-08_FMP_Technicals_AIRO_daily,entity,,,,,,,,,,,,,,,[],,,Entity
world:entity:2026-05-08-fmp-technicals-alks-daily,2026-06-01,2026-05-08_FMP_Technicals_ALKS_daily,,,,Entities,,2026-05-08_FMP_Technicals_ALKS_daily,2026-05-08_FMP_Technicals_ALKS_daily,entity,,,,,,,,,,,,,,,[],,,Entity
world:entity:2026-05-08-fmp-technicals-alvo-daily,2026-06-01,2026-05-08_FMP_Technicals_ALVO_daily,,,,Entities,,2026-05-08_FMP_Technicals_ALVO_daily,2026-05-08_FMP_Technicals_ALVO_daily,entity,,,,,,,,,,,,,,,[],,,Entity
world:entity:2026-05-08-fmp-technicals-amat-daily,2026-06-01,2026-05-08_FMP_Technicals_AMAT_daily,,,,Entities,,2026-05-08_FMP_Technicals_AMAT_daily,2026-05-08_FMP_Technicals_AMAT_daily,entity,,,,,,,,,,,,,,,[],,,Entity
world:entity:2026-05-08-fmp-technicals-amgn-daily,2026-06-01,2026-05-08_FMP_Technicals_AMGN_daily,,,,Entities,,2026-05-08_FMP_Technicals_AMGN_daily,2026-05-08_FMP_Technicals_AMGN_daily,entity,,,,,,,,,,,,,,,[],,,Entity
world:entity:2026-05-08-fmp-technicals-amsc-daily,2026-06-01,2026-05-08_FMP_Technicals_AMSC_daily,,,,Entities,,2026-05-08_FMP_Technicals_AMSC_daily,2026-05-08_FMP_Technicals_AMSC_daily,entity,,,,,,,,,,,,,,,[],,,Entity
world:entity:2026-05-08-fmp-technicals-asts-daily,2026-06-01,2026-05-08_FMP_Technicals_ASTS_daily,,,,Entities,,2026-05-08_FMP_Technicals_ASTS_daily,2026-05-08_FMP_Technicals_ASTS_daily,entity,,,,,,,,,,,,,,,[],,,Entity
world:entity:2026-05-08-fmp-technicals-atai-daily,2026-06-01,2026-05-08_FMP_Technicals_ATAI_daily,,,,Entities,,2026-05-08_FMP_Technicals_ATAI_daily,2026-05-08_FMP_Technicals_ATAI_daily,entity,,,,,,,,,,,,,,,[],,,Entity
world:entity:2026-05-08-fmp-technicals-avav-daily,2026-06-01,2026-05-08_FMP_Technicals_AVAV_daily,,,,Entities,,2026-05-08_FMP_Technicals_AVAV_daily,2026-05-08_FMP_Technicals_AVAV_daily,entity,,,,,,,,,,,,,,,[],,,Entity
world:entity:2026-05-08-fmp-technicals-bah-daily,2026-06-01,2026-05-08_FMP_Technicals_BAH_daily,,,,Entities,,2026-05-08_FMP_Technicals_BAH_daily,2026-05-08_FMP_Technicals_BAH_daily,entity,,,,,,,,,,,,,,,[],,,Entity
world:entity:2026-05-08-fmp-technicals-bbai-daily,2026-06-01,2026-05-08_FMP_Technicals_BBAI_daily,,,,Entities,,2026-05-08_FMP_Technicals_BBAI_daily,2026-05-08_FMP_Technicals_BBAI_daily,entity,,,,,,,,,,,,,,,[],,,Entity
world:entity:2026-05-08-fmp-technicals-beam-daily,2026-06-01,2026-05-08_FMP_Technicals_BEAM_daily,,,,Entities,,2026-05-08_FMP_Technicals_BEAM_daily,2026-05-08_FMP_Technicals_BEAM_daily,entity,,,,,,,,,,,,,,,[],,,Entity
world:entity:2026-05-08-fmp-technicals-bg-daily,2026-06-01,2026-05-08_FMP_Technicals_BG_daily,,,,Entities,,2026-05-08_FMP_Technicals_BG_daily,2026-05-08_FMP_Technicals_BG_daily,entity,,,,,,,,,,,,,,,[],,,Entity
world:entity:2026-05-08-fmp-technicals-biib-daily,2026-06-01,2026-05-08_FMP_Technicals_BIIB_daily,,,,Entities,,2026-05-08_FMP_Technicals_BIIB_daily,2026-05-08_FMP_Technicals_BIIB_daily,entity,,,,,,,,,,,,,,,[],,,Entity
world:entity:2026-05-08-fmp-technicals-bksy-daily,2026-06-01,2026-05-08_FMP_Technicals_BKSY_daily,,,,Entities,,2026-05-08_FMP_Technicals_BKSY_daily,2026-05-08_FMP_Technicals_BKSY_daily,entity,,,,,,,,,,,,,,,[],,,Entity
world:entity:2026-05-08-fmp-technicals-brbr-daily,2026-06-01,2026-05-08_FMP_Technicals_BRBR_daily,,,,Entities,,2026-05-08_FMP_Technicals_BRBR_daily,2026-05-08_FMP_Technicals_BRBR_daily,entity,,,,,,,,,,,,,,,[],,,Entity
world:entity:2026-05-08-fmp-technicals-bw-daily,2026-06-01,2026-05-08_FMP_Technicals_BW_daily,,,,Entities,,2026-05-08_FMP_Technicals_BW_daily,2026-05-08_FMP_Technicals_BW_daily,entity,,,,,,,,,,,,,,,[],,,Entity
world:entity:2026-05-08-fmp-technicals-bynd-daily,2026-06-01,2026-05-08_FMP_Technicals_BYND_daily,,,,Entities,,2026-05-08_FMP_Technicals_BYND_daily,2026-05-08_FMP_Technicals_BYND_daily,entity,,,,,,,,,,,,,,,[],,,Entity
world:entity:2026-05-08-fmp-technicals-caci-daily,2026-06-01,2026-05-08_FMP_Technicals_CACI_daily,,,,Entities,,2026-05-08_FMP_Technicals_CACI_daily,2026-05-08_FMP_Technicals_CACI_daily,entity,,,,,,,,,,,,,,,[],,,Entity
world:entity:2026-05-08-fmp-technicals-ccj-daily,2026-06-01,2026-05-08_FMP_Technicals_CCJ_daily,,,,Entities,,2026-05-08_FMP_Technicals_CCJ_daily,2026-05-08_FMP_Technicals_CCJ_daily,entity,,,,,,,,,,,,,,,[],,,Entity
world:entity:2026-05-08-fmp-technicals-ceg-daily,2026-06-01,2026-05-08_FMP_Technicals_CEG_daily,,,,Entities,,2026-05-08_FMP_Technicals_CEG_daily,2026-05-08_FMP_Technicals_CEG_daily,entity,,,,,,,,,,,,,,,[],,,Entity
world:entity:2026-05-08-fmp-technicals-cmps-daily,2026-06-01,2026-05-08_FMP_Technicals_CMPS_daily,,,,Entities,,2026-05-08_FMP_Technicals_CMPS_daily,2026-05-08_FMP_Technicals_CMPS_daily,entity,,,,,,,,,,,,,,,[],,,Entity
world:entity:2026-05-08-fmp-technicals-coin-daily,2026-06-01,2026-05-08_FMP_Technicals_COIN_daily,,,,Entities,,2026-05-08_FMP_Technicals_COIN_daily,2026-05-08_FMP_Technicals_COIN_daily,entity,,,,,,,,,,,,,,,[],,,Entity
world:entity:2026-05-08-fmp-technicals-crsp-daily,2026-06-01,2026-05-08_FMP_Technicals_CRSP_daily,,,,Entities,,2026-05-08_FMP_Technicals_CRSP_daily,2026-05-08_FMP_Technicals_CRSP_daily,entity,,,,,,,,,,,,,,,[],,,Entity
world:entity:2026-05-08-fmp-technicals-ctva-daily,2026-06-01,2026-05-08_FMP_Technicals_CTVA_daily,,,,Entities,,2026-05-08_FMP_Technicals_CTVA_daily,2026-05-08_FMP_Technicals_CTVA_daily,entity,,,,,,,,,,,,,,,[],,,Entity
world:entity:2026-05-08-fmp-technicals-dftx-daily,2026-06-01,2026-05-08_FMP_Technicals_DFTX_daily,,,,Entities,,2026-05-08_FMP_Technicals_DFTX_daily,2026-05-08_FMP_Technicals_DFTX_daily,entity,,,,,,,,,,,,,,,[],,,Entity
world:entity:2026-05-08-fmp-technicals-dhi-daily,2026-06-01,2026-05-08_FMP_Technicals_DHI_daily,,,,Entities,,2026-05-08_FMP_Technicals_DHI_daily,2026-05-08_FMP_Technicals_DHI_daily,entity,,,,,,,,,,,,,,,[],,,Entity
world:entity:2026-05-08-fmp-technicals-dna-daily,2026-06-01,2026-05-08_FMP_Technicals_DNA_daily,,,,Entities,,2026-05-08_FMP_Technicals_DNA_daily,2026-05-08_FMP_Technicals_DNA_daily,entity,,,,,,,,,,,,,,,[],,,Entity
world:entity:2026-05-08-fmp-technicals-dpro-daily,2026-06-01,2026-05-08_FMP_Technicals_DPRO_daily,,,,Entities,,2026-05-08_FMP_Technicals_DPRO_daily,2026-05-08_FMP_Technicals_DPRO_daily,entity,,,,,,,,,,,,,,,[],,,Entity
world:entity:2026-05-08-fmp-technicals-ecpg-daily,2026-06-01,2026-05-08_FMP_Technicals_ECPG_daily,,,,Entities,,2026-05-08_FMP_Technicals_ECPG_daily,2026-05-08_FMP_Technicals_ECPG_daily,entity,,,,,,,,,,,,,,,[],,,Entity
world:entity:2026-05-08-fmp-technicals-edit-daily,2026-06-01,2026-05-08_FMP_Technicals_EDIT_daily,,,,Entities,,2026-05-08_FMP_Technicals_EDIT_daily,2026-05-08_FMP_Technicals_EDIT_daily,entity,,,,,,,,,,,,,,,[],,,Entity
world:entity:2026-05-08-fmp-technicals-eh-daily,2026-06-01,2026-05-08_FMP_Technicals_EH_daily,,,,Entities,,2026-05-08_FMP_Technicals_EH_daily,2026-05-08_FMP_Technicals_EH_daily,entity,,,,,,,,,,,,,,,[],,,Entity
world:entity:2026-05-08-fmp-technicals-envx-daily,2026-06-01,2026-05-08_FMP_Technicals_ENVX_daily,,,,Entities,,2026-05-08_FMP_Technicals_ENVX_daily,2026-05-08_FMP_Technicals_ENVX_daily,entity,,,,,,,,,,,,,,,[],,,Entity
world:entity:2026-05-08-fmp-technicals-eslt-daily,2026-06-01,2026-05-08_FMP_Technicals_ESLT_daily,,,,Entities,,2026-05-08_FMP_Technicals_ESLT_daily,2026-05-08_FMP_Technicals_ESLT_daily,entity,,,,,,,,,,,,,,,[],,,Entity
world:entity:2026-05-08-fmp-technicals-etn-daily,2026-06-01,2026-05-08_FMP_Technicals_ETN_daily,,,,Entities,,2026-05-08_FMP_Technicals_ETN_daily,2026-05-08_FMP_Technicals_ETN_daily,entity,,,,,,,,,,,,,,,[],,,Entity
world:entity:2026-05-08-fmp-technicals-flnc-daily,2026-06-01,2026-05-08_FMP_Technicals_FLNC_daily,,,,Entities,,2026-05-08_FMP_Technicals_FLNC_daily,2026-05-08_FMP_Technicals_FLNC_daily,entity,,,,,,,,,,,,,,,[],,,Entity
world:entity:2026-05-08-fmp-technicals-fmc-daily,2026-06-01,2026-05-08_FMP_Technicals_FMC_daily,,,,Entities,,2026-05-08_FMP_Technicals_FMC_daily,2026-05-08_FMP_Technicals_FMC_daily,entity,,,,,,,,,,,,,,,[],,,Entity
world:entity:2026-05-08-fmp-technicals-gd-daily,2026-06-01,2026-05-08_FMP_Technicals_GD_daily,,,,Entities,,2026-05-08_FMP_Technicals_GD_daily,2026-05-08_FMP_Technicals_GD_daily,entity,,,,,,,,,,,,,,,[],,,Entity
world:entity:2026-05-08-fmp-technicals-gev-daily,2026-06-01,2026-05-08_FMP_Technicals_GEV_daily,,,,Entities,,2026-05-08_FMP_Technicals_GEV_daily,2026-05-08_FMP_Technicals_GEV_daily,entity,,,,,,,,,,,,,,,[],,,Entity
world:entity:2026-05-08-fmp-technicals-ghrs-daily,2026-06-01,2026-05-08_FMP_Technicals_GHRS_daily,,,,Entities,,2026-05-08_FMP_Technicals_GHRS_daily,2026-05-08_FMP_Technicals_GHRS_daily,entity,,,,,,,,,,,,,,,[],,,Entity
world:entity:2026-05-08-fmp-technicals-googl-daily,2026-06-01,2026-05-08_FMP_Technicals_GOOGL_daily,,,,Entities,,2026-05-08_FMP_Technicals_GOOGL_daily,2026-05-08_FMP_Technicals_GOOGL_daily,entity,,,,,,,,,,,,,,,[],,,Entity
world:entity:2026-05-08-fmp-technicals-help-daily,2026-06-01,2026-05-08_FMP_Technicals_HELP_daily,,,,Entities,,2026-05-08_FMP_Technicals_HELP_daily,2026-05-08_FMP_Technicals_HELP_daily,entity,,,,,,,,,,,,,,,[],,,Entity
world:entity:2026-05-08-fmp-technicals-hims-daily,2026-06-01,2026-05-08_FMP_Technicals_HIMS_daily,,,,Entities,,2026-05-08_FMP_Technicals_HIMS_daily,2026-05-08_FMP_Technicals_HIMS_daily,entity,,,,,,,,,,,,,,,[],,,Entity
world:entity:2026-05-08-fmp-technicals-hovr-daily,2026-06-01,2026-05-08_FMP_Technicals_HOVR_daily,,,,Entities,,2026-05-08_FMP_Technicals_HOVR_daily,2026-05-08_FMP_Technicals_HOVR_daily,entity,,,,,,,,,,,,,,,[],,,Entity
world:entity:2026-05-08-fmp-technicals-iff-daily,2026-06-01,2026-05-08_FMP_Technicals_IFF_daily,,,,Entities,,2026-05-08_FMP_Technicals_IFF_daily,2026-05-08_FMP_Technicals_IFF_daily,entity,,,,,,,,,,,,,,,[],,,Entity
world:entity:2026-05-08-fmp-technicals-iipr-daily,2026-06-01,2026-05-08_FMP_Technicals_IIPR_daily,,,,Entities,,2026-05-08_FMP_Technicals_IIPR_daily,2026-05-08_FMP_Technicals_IIPR_daily,entity,,,,,,,,,,,,,,,[],,,Entity
world:entity:2026-05-08-fmp-technicals-inva-daily,2026-06-01,2026-05-08_FMP_Technicals_INVA_daily,,,,Entities,,2026-05-08_FMP_Technicals_INVA_daily,2026-05-08_FMP_Technicals_INVA_daily,entity,,,,,,,,,,,,,,,[],,,Entity
world:entity:2026-05-08-fmp-technicals-ionq-daily,2026-06-01,2026-05-08_FMP_Technicals_IONQ_daily,,,,Entities,,2026-05-08_FMP_Technicals_IONQ_daily,2026-05-08_FMP_Technicals_IONQ_daily,entity,,,,,,,,,,,,,,,[],,,Entity
world:entity:2026-05-08-fmp-technicals-jnj-daily,2026-06-01,2026-05-08_FMP_Technicals_JNJ_daily,,,,Entities,,2026-05-08_FMP_Technicals_JNJ_daily,2026-05-08_FMP_Technicals_JNJ_daily,entity,,,,,,,,,,,,,,,[],,,Entity
world:entity:2026-05-08-fmp-technicals-joby-daily,2026-06-01,2026-05-08_FMP_Technicals_JOBY_daily,,,,Entities,,2026-05-08_FMP_Technicals_JOBY_daily,2026-05-08_FMP_Technicals_JOBY_daily,entity,,,,,,,,,,,,,,,[],,,Entity
world:entity:2026-05-08-fmp-technicals-klac-daily,2026-06-01,2026-05-08_FMP_Technicals_KLAC_daily,,,,Entities,,2026-05-08_FMP_Technicals_KLAC_daily,2026-05-08_FMP_Technicals_KLAC_daily,entity,,,,,,,,,,,,,,,[],,,Entity
world:entity:2026-05-08-fmp-technicals-ktos-daily,2026-06-01,2026-05-08_FMP_Technicals_KTOS_daily,,,,Entities,,2026-05-08_FMP_Technicals_KTOS_daily,2026-05-08_FMP_Technicals_KTOS_daily,entity,,,,,,,,,,,,,,,[],,,Entity
world:entity:2026-05-08-fmp-technicals-ldos-daily,2026-06-01,2026-05-08_FMP_Technicals_LDOS_daily,,,,Entities,,2026-05-08_FMP_Technicals_LDOS_daily,2026-05-08_FMP_Technicals_LDOS_daily,entity,,,,,,,,,,,,,,,[],,,Entity
world:entity:2026-05-08-fmp-technicals-len-daily,2026-06-01,2026-05-08_FMP_Technicals_LEN_daily,,,,Entities,,2026-05-08_FMP_Technicals_LEN_daily,2026-05-08_FMP_Technicals_LEN_daily,entity,,,,,,,,,,,,,,,[],,,Entity
world:entity:2026-05-08-fmp-technicals-lhx-daily,2026-06-01,2026-05-08_FMP_Technicals_LHX_daily,,,,Entities,,2026-05-08_FMP_Technicals_LHX_daily,2026-05-08_FMP_Technicals_LHX_daily,entity,,,,,,,,,,,,,,,[],,,Entity
world:entity:2026-05-08-fmp-technicals-lly-daily,2026-06-01,2026-05-08_FMP_Technicals_LLY_daily,,,,Entities,,2026-05-08_FMP_Technicals_LLY_daily,2026-05-08_FMP_Technicals_LLY_daily,entity,,,,,,,,,,,,,,,[],,,Entity
world:entity:2026-05-08-fmp-technicals-lmt-daily,2026-06-01,2026-05-08_FMP_Technicals_LMT_daily,,,,Entities,,2026-05-08_FMP_Technicals_LMT_daily,2026-05-08_FMP_Technicals_LMT_daily,entity,,,,,,,,,,,,,,,[],,,Entity
world:entity:2026-05-08-fmp-technicals-lrcx-daily,2026-06-01,2026-05-08_FMP_Technicals_LRCX_daily,,,,Entities,,2026-05-08_FMP_Technicals_LRCX_daily,2026-05-08_FMP_Technicals_LRCX_daily,entity,,,,,,,,,,,,,,,[],,,Entity
world:entity:2026-05-08-fmp-technicals-mnts-daily,2026-06-01,2026-05-08_FMP_Technicals_MNTS_daily,,,,Entities,,2026-05-08_FMP_Technicals_MNTS_daily,2026-05-08_FMP_Technicals_MNTS_daily,entity,,,,,,,,,,,,,,,[],,,Entity
world:entity:2026-05-08-fmp-technicals-mrk-daily,2026-06-01,2026-05-08_FMP_Technicals_MRK_daily,,,,Entities,,2026-05-08_FMP_Technicals_MRK_daily,2026-05-08_FMP_Technicals_MRK_daily,entity,,,,,,,,,,,,,,,[],,,Entity
world:entity:2026-05-08-fmp-technicals-msft-daily,2026-06-01,2026-05-08_FMP_Technicals_MSFT_daily,,,,Entities,,2026-05-08_FMP_Technicals_MSFT_daily,2026-05-08_FMP_Technicals_MSFT_daily,entity,,,,,,,,,,,,,,,[],,,Entity
world:entity:2026-05-08-fmp-technicals-mstr-daily,2026-06-01,2026-05-08_FMP_Technicals_MSTR_daily,,,,Entities,,2026-05-08_FMP_Technicals_MSTR_daily,2026-05-08_FMP_Technicals_MSTR_daily,entity,,,,,,,,,,,,,,,[],,,Entity
world:entity:2026-05-08-fmp-technicals-mtz-daily,2026-06-01,2026-05-08_FMP_Technicals_MTZ_daily,,,,Entities,,2026-05-08_FMP_Technicals_MTZ_daily,2026-05-08_FMP_Technicals_MTZ_daily,entity,,,,,,,,,,,,,,,[],,,Entity
world:entity:2026-05-08-fmp-technicals-myrg-daily,2026-06-01,2026-05-08_FMP_Technicals_MYRG_daily,,,,Entities,,2026-05-08_FMP_Technicals_MYRG_daily,2026-05-08_FMP_Technicals_MYRG_daily,entity,,,,,,,,,,,,,,,[],,,Entity
world:entity:2026-05-08-fmp-technicals-nbix-daily,2026-06-01,2026-05-08_FMP_Technicals_NBIX_daily,,,,Entities,,2026-05-08_FMP_Technicals_NBIX_daily,2026-05-08_FMP_Technicals_NBIX_daily,entity,,,,,,,,,,,,,,,[],,,Entity
world:entity:2026-05-08-fmp-technicals-nem-daily,2026-06-01,2026-05-08_FMP_Technicals_NEM_daily,,,,Entities,,2026-05-08_FMP_Technicals_NEM_daily,2026-05-08_FMP_Technicals_NEM_daily,entity,,,,,,,,,,,,,,,[],,,Entity
world:entity:2026-05-08-fmp-technicals-nktr-daily,2026-06-01,2026-05-08_FMP_Technicals_NKTR_daily,,,,Entities,,2026-05-08_FMP_Technicals_NKTR_daily,2026-05-08_FMP_Technicals_NKTR_daily,entity,,,,,,,,,,,,,,,[],,,Entity
world:entity:2026-05-08-fmp-technicals-nne-daily,2026-06-01,2026-05-08_FMP_Technicals_NNE_daily,,,,Entities,,2026-05-08_FMP_Technicals_NNE_daily,2026-05-08_FMP_Technicals_NNE_daily,entity,,,,,,,,,,,,,,,[],,,Entity
world:entity:2026-05-08-fmp-technicals-noc-daily,2026-06-01,2026-05-08_FMP_Technicals_NOC_daily,,,,Entities,,2026-05-08_FMP_Technicals_NOC_daily,2026-05-08_FMP_Technicals_NOC_daily,entity,,,,,,,,,,,,,,,[],,,Entity
world:entity:2026-05-08-fmp-technicals-nrg-daily,2026-06-01,2026-05-08_FMP_Technicals_NRG_daily,,,,Entities,,2026-05-08_FMP_Technicals_NRG_daily,2026-05-08_FMP_Technicals_NRG_daily,entity,,,,,,,,,,,,,,,[],,,Entity
world:entity:2026-05-08-fmp-technicals-ntla-daily,2026-06-01,2026-05-08_FMP_Technicals_NTLA_daily,,,,Entities,,2026-05-08_FMP_Technicals_NTLA_daily,2026-05-08_FMP_Technicals_NTLA_daily,entity,,,,,,,,,,,,,,,[],,,Entity
world:entity:2026-05-08-fmp-technicals-nvda-daily,2026-06-01,2026-05-08_FMP_Technicals_NVDA_daily,,,,Entities,,2026-05-08_FMP_Technicals_NVDA_daily,2026-05-08_FMP_Technicals_NVDA_daily,entity,,,,,,,,,,,,,,,[],,,Entity
world:entity:2026-05-08-fmp-technicals-on-daily,2026-06-01,2026-05-08_FMP_Technicals_ON_daily,,,,Entities,,2026-05-08_FMP_Technicals_ON_daily,2026-05-08_FMP_Technicals_ON_daily,entity,,,,,,,,,,,,,,,[],,,Entity
world:entity:2026-05-08-fmp-technicals-onds-daily,2026-06-01,2026-05-08_FMP_Technicals_ONDS_daily,,,,Entities,,2026-05-08_FMP_Technicals_ONDS_daily,2026-05-08_FMP_Technicals_ONDS_daily,entity,,,,,,,,,,,,,,,[],,,Entity
world:entity:2026-05-08-fmp-technicals-onto-daily,2026-06-01,2026-05-08_FMP_Technicals_ONTO_daily,,,,Entities,,2026-05-08_FMP_Technicals_ONTO_daily,2026-05-08_FMP_Technicals_ONTO_daily,entity,,,,,,,,,,,,,,,[],,,Entity
world:entity:2026-05-08-fmp-technicals-pfe-daily,2026-06-01,2026-05-08_FMP_Technicals_PFE_daily,,,,Entities,,2026-05-08_FMP_Technicals_PFE_daily,2026-05-08_FMP_Technicals_PFE_daily,entity,,,,,,,,,,,,,,,[],,,Entity
world:entity:2026-05-08-fmp-technicals-pl-daily,2026-06-01,2026-05-08_FMP_Technicals_PL_daily,,,,Entities,,2026-05-08_FMP_Technicals_PL_daily,2026-05-08_FMP_Technicals_PL_daily,entity,,,,,,,,,,,,,,,[],,,Entity
world:entity:2026-05-08-fmp-technicals-pltr-daily,2026-06-01,2026-05-08_FMP_Technicals_PLTR_daily,,,,Entities,,2026-05-08_FMP_Technicals_PLTR_daily,2026-05-08_FMP_Technicals_PLTR_daily,entity,,,,,,,,,,,,,,,[],,,Entity
world:entity:2026-05-08-fmp-technicals-powl-daily,2026-06-01,2026-05-08_FMP_Technicals_POWL_daily,,,,Entities,,2026-05-08_FMP_Technicals_POWL_daily,2026-05-08_FMP_Technicals_POWL_daily,entity,,,,,,,,,,,,,,,[],,,Entity
world:entity:2026-05-08-fmp-technicals-ppih-daily,2026-06-01,2026-05-08_FMP_Technicals_PPIH_daily,,,,Entities,,2026-05-08_FMP_Technicals_PPIH_daily,2026-05-08_FMP_Technicals_PPIH_daily,entity,,,,,,,,,,,,,,,[],,,Entity
world:entity:2026-05-08-fmp-technicals-prks-daily,2026-06-01,2026-05-08_FMP_Technicals_PRKS_daily,,,,Entities,,2026-05-08_FMP_Technicals_PRKS_daily,2026-05-08_FMP_Technicals_PRKS_daily,entity,,,,,,,,,,,,,,,[],,,Entity
world:entity:2026-05-08-fmp-technicals-prta-daily,2026-06-01,2026-05-08_FMP_Technicals_PRTA_daily,,,,Entities,,2026-05-08_FMP_Technicals_PRTA_daily,2026-05-08_FMP_Technicals_PRTA_daily,entity,,,,,,,,,,,,,,,[],,,Entity
world:entity:2026-05-08-fmp-technicals-psil-daily,2026-06-01,2026-05-08_FMP_Technicals_PSIL_daily,,,,Entities,,2026-05-08_FMP_Technicals_PSIL_daily,2026-05-08_FMP_Technicals_PSIL_daily,entity,,,,,,,,,,,,,,,[],,,Entity
world:entity:2026-05-08-fmp-technicals-pwr-daily,2026-06-01,2026-05-08_FMP_Technicals_PWR_daily,,,,Entities,,2026-05-08_FMP_Technicals_PWR_daily,2026-05-08_FMP_Technicals_PWR_daily,entity,,,,,,,,,,,,,,,[],,,Entity
world:entity:2026-05-08-fmp-technicals-rcat-daily,2026-06-01,2026-05-08_FMP_Technicals_RCAT_daily,,,,Entities,,2026-05-08_FMP_Technicals_RCAT_daily,2026-05-08_FMP_Technicals_RCAT_daily,entity,,,,,,,,,,,,,,,[],,,Entity
world:entity:2026-05-08-fmp-technicals-rgti-daily,2026-06-01,2026-05-08_FMP_Technicals_RGTI_daily,,,,Entities,,2026-05-08_FMP_Technicals_RGTI_daily,2026-05-08_FMP_Technicals_RGTI_daily,entity,,,,,,,,,,,,,,,[],,,Entity
world:entity:2026-05-08-fmp-technicals-rklb-daily,2026-06-01,2026-05-08_FMP_Technicals_RKLB_daily,,,,Entities,,2026-05-08_FMP_Technicals_RKLB_daily,2026-05-08_FMP_Technicals_RKLB_daily,entity,,,,,,,,,,,,,,,[],,,Entity
world:entity:2026-05-08-fmp-technicals-rprx-daily,2026-06-01,2026-05-08_FMP_Technicals_RPRX_daily,,,,Entities,,2026-05-08_FMP_Technicals_RPRX_daily,2026-05-08_FMP_Technicals_RPRX_daily,entity,,,,,,,,,,,,,,,[],,,Entity
world:entity:2026-05-08-fmp-technicals-rtx-daily,2026-06-01,2026-05-08_FMP_Technicals_RTX_daily,,,,Entities,,2026-05-08_FMP_Technicals_RTX_daily,2026-05-08_FMP_Technicals_RTX_daily,entity,,,,,,,,,,,,,,,[],,,Entity
world:entity:2026-05-08-fmp-technicals-saic-daily,2026-06-01,2026-05-08_FMP_Technicals_SAIC_daily,,,,Entities,,2026-05-08_FMP_Technicals_SAIC_daily,2026-05-08_FMP_Technicals_SAIC_daily,entity,,,,,,,,,,,,,,,[],,,Entity
world:entity:2026-05-08-fmp-technicals-sky-daily,2026-06-01,2026-05-08_FMP_Technicals_SKY_daily,,,,Entities,,2026-05-08_FMP_Technicals_SKY_daily,2026-05-08_FMP_Technicals_SKY_daily,entity,,,,,,,,,,,,,,,[],,,Entity
world:entity:2026-05-08-fmp-technicals-smr-daily,2026-06-01,2026-05-08_FMP_Technicals_SMR_daily,,,,Entities,,2026-05-08_FMP_Technicals_SMR_daily,2026-05-08_FMP_Technicals_SMR_daily,entity,,,,,,,,,,,,,,,[],,,Entity
world:entity:2026-05-08-fmp-technicals-spir-daily,2026-06-01,2026-05-08_FMP_Technicals_SPIR_daily,,,,Entities,,2026-05-08_FMP_Technicals_SPIR_daily,2026-05-08_FMP_Technicals_SPIR_daily,entity,,,,,,,,,,,,,,,[],,,Entity
world:entity:2026-05-08-fmp-technicals-spro-daily,2026-06-01,2026-05-08_FMP_Technicals_SPRO_daily,,,,Entities,,2026-05-08_FMP_Technicals_SPRO_daily,2026-05-08_FMP_Technicals_SPRO_daily,entity,,,,,,,,,,,,,,,[],,,Entity
world:entity:2026-05-08-fmp-technicals-stem-daily,2026-06-01,2026-05-08_FMP_Technicals_STEM_daily,,,,Entities,,2026-05-08_FMP_Technicals_STEM_daily,2026-05-08_FMP_Technicals_STEM_daily,entity,,,,,,,,,,,,,,,[],,,Entity
world:entity:2026-05-08-fmp-technicals-strl-daily,2026-06-01,2026-05-08_FMP_Technicals_STRL_daily,,,,Entities,,2026-05-08_FMP_Technicals_STRL_daily,2026-05-08_FMP_Technicals_STRL_daily,entity,,,,,,,,,,,,,,,[],,,Entity
world:entity:2026-05-08-fmp-technicals-tdy-daily,2026-06-01,2026-05-08_FMP_Technicals_TDY_daily,,,,Entities,,2026-05-08_FMP_Technicals_TDY_daily,2026-05-08_FMP_Technicals_TDY_daily,entity,,,,,,,,,,,,,,,[],,,Entity
world:entity:2026-05-08-fmp-technicals-tmhc-daily,2026-06-01,2026-05-08_FMP_Technicals_TMHC_daily,,,,Entities,,2026-05-08_FMP_Technicals_TMHC_daily,2026-05-08_FMP_Technicals_TMHC_daily,entity,,,,,,,,,,,,,,,[],,,Entity
world:entity:2026-05-08-fmp-technicals-tmo-daily,2026-06-01,2026-05-08_FMP_Technicals_TMO_daily,,,,Entities,,2026-05-08_FMP_Technicals_TMO_daily,2026-05-08_FMP_Technicals_TMO_daily,entity,,,,,,,,,,,,,,,[],,,Entity
world:entity:2026-05-08-fmp-technicals-tnc-daily,2026-06-01,2026-05-08_FMP_Technicals_TNC_daily,,,,Entities,,2026-05-08_FMP_Technicals_TNC_daily,2026-05-08_FMP_Technicals_TNC_daily,entity,,,,,,,,,,,,,,,[],,,Entity
world:entity:2026-05-08-fmp-technicals-tol-daily,2026-06-01,2026-05-08_FMP_Technicals_TOL_daily,,,,Entities,,2026-05-08_FMP_Technicals_TOL_daily,2026-05-08_FMP_Technicals_TOL_daily,entity,,,,,,,,,,,,,,,[],,,Entity
world:entity:2026-05-08-fmp-technicals-tsla-daily,2026-06-01,2026-05-08_FMP_Technicals_TSLA_daily,,,,Entities,,2026-05-08_FMP_Technicals_TSLA_daily,2026-05-08_FMP_Technicals_TSLA_daily,entity,,,,,,,,,,,,,,,[],,,Entity
world:entity:2026-05-08-fmp-technicals-tsn-daily,2026-06-01,2026-05-08_FMP_Technicals_TSN_daily,,,,Entities,,2026-05-08_FMP_Technicals_TSN_daily,2026-05-08_FMP_Technicals_TSN_daily,entity,,,,,,,,,,,,,,,[],,,Entity
world:entity:2026-05-08-fmp-technicals-twst-daily,2026-06-01,2026-05-08_FMP_Technicals_TWST_daily,,,,Entities,,2026-05-08_FMP_Technicals_TWST_daily,2026-05-08_FMP_Technicals_TWST_daily,entity,,,,,,,,,,,,,,,[],,,Entity
world:entity:2026-05-08-fmp-technicals-txt-daily,2026-06-01,2026-05-08_FMP_Technicals_TXT_daily,,,,Entities,,2026-05-08_FMP_Technicals_TXT_daily,2026-05-08_FMP_Technicals_TXT_daily,entity,,,,,,,,,,,,,,,[],,,Entity
world:entity:2026-05-08-fmp-technicals-ufpt-daily,2026-06-01,2026-05-08_FMP_Technicals_UFPT_daily,,,,Entities,,2026-05-08_FMP_Technicals_UFPT_daily,2026-05-08_FMP_Technicals_UFPT_daily,entity,,,,,,,,,,,,,,,[],,,Entity
world:entity:2026-05-08-fmp-technicals-umac-daily,2026-06-01,2026-05-08_FMP_Technicals_UMAC_daily,,,,Entities,,2026-05-08_FMP_Technicals_UMAC_daily,2026-05-08_FMP_Technicals_UMAC_daily,entity,,,,,,,,,,,,,,,[],,,Entity
world:entity:2026-05-08-fmp-technicals-unty-daily,2026-06-01,2026-05-08_FMP_Technicals_UNTY_daily,,,,Entities,,2026-05-08_FMP_Technicals_UNTY_daily,2026-05-08_FMP_Technicals_UNTY_daily,entity,,,,,,,,,,,,,,,[],,,Entity
world:entity:2026-05-08-fmp-technicals-vktx-daily,2026-06-01,2026-05-08_FMP_Technicals_VKTX_daily,,,,Entities,,2026-05-08_FMP_Technicals_VKTX_daily,2026-05-08_FMP_Technicals_VKTX_daily,entity,,,,,,,,,,,,,,,[],,,Entity
world:entity:2026-05-08-fmp-technicals-vst-daily,2026-06-01,2026-05-08_FMP_Technicals_VST_daily,,,,Entities,,2026-05-08_FMP_Technicals_VST_daily,2026-05-08_FMP_Technicals_VST_daily,entity,,,,,,,,,,,,,,,[],,,Entity
world:entity:2026-05-08-fmp-technicals-wcc-daily,2026-06-01,2026-05-08_FMP_Technicals_WCC_daily,,,,Entities,,2026-05-08_FMP_Technicals_WCC_daily,2026-05-08_FMP_Technicals_WCC_daily,entity,,,,,,,,,,,,,,,[],,,Entity
world:entity:2026-05-08-fmp-technicals-wolf-daily,2026-06-01,2026-05-08_FMP_Technicals_WOLF_daily,,,,Entities,,2026-05-08_FMP_Technicals_WOLF_daily,2026-05-08_FMP_Technicals_WOLF_daily,entity,,,,,,,,,,,,,,,[],,,Entity
world:entity:2026-05-08-fmp-technicals-wpm-daily,2026-06-01,2026-05-08_FMP_Technicals_WPM_daily,,,,Entities,,2026-05-08_FMP_Technicals_WPM_daily,2026-05-08_FMP_Technicals_WPM_daily,entity,,,,,,,,,,,,,,,[],,,Entity
world:entity:2026-05-08-fmp-technicals-xoma-daily,2026-06-01,2026-05-08_FMP_Technicals_XOMA_daily,,,,Entities,,2026-05-08_FMP_Technicals_XOMA_daily,2026-05-08_FMP_Technicals_XOMA_daily,entity,,,,,,,,,,,,,,,[],,,Entity
world:entity:2026-05-08-fmp-thesis-watchlist-ai-power-defense-stack,2026-06-01,2026-05-08_FMP_Thesis_Watchlist_AI_Power_Defense_Stack,,,,Entities,,2026-05-08_FMP_Thesis_Watchlist_AI_Power_Defense_Stack,2026-05-08_FMP_Thesis_Watchlist_AI_Power_Defense_Stack,entity,,,,,,,,,,,,,,,[],,,Entity
world:entity:2026-05-08-fmp-thesis-watchlist-ai-power-infrastructure,2026-06-01,2026-05-08_FMP_Thesis_Watchlist_AI_Power_Infrastructure,,,,Entities,,2026-05-08_FMP_Thesis_Watchlist_AI_Power_Infrastructure,2026-05-08_FMP_Thesis_Watchlist_AI_Power_Infrastructure,entity,,,,,,,,,,,,,,,[],,,Entity
world:entity:2026-05-08-fmp-thesis-watchlist-alzheimer-s-disease-modification,2026-06-01,2026-05-08_FMP_Thesis_Watchlist_Alzheimer's_Disease_Modification,,,,Entities,,2026-05-08_FMP_Thesis_Watchlist_Alzheimer's_Disease_Modification,2026-05-08_FMP_Thesis_Watchlist_Alzheimer's_Disease_Modification,entity,,,,,,,,,,,,,,,[],,,Entity
world:entity:2026-05-08-fmp-thesis-watchlist-bioengineered-food-systems,2026-06-01,2026-05-08_FMP_Thesis_Watchlist_Bioengineered_Food_Systems,,,,Entities,,2026-05-08_FMP_Thesis_Watchlist_Bioengineered_Food_Systems,2026-05-08_FMP_Thesis_Watchlist_Bioengineered_Food_Systems,entity,,,,,,,,,,,,,,,[],,,Entity
world:entity:2026-05-08-fmp-thesis-watchlist-capital-raise-survivors-small-cap-inflection-basket,2026-06-01,2026-05-08_FMP_Thesis_Watchlist_Capital_Raise_Survivors_Small-Cap_Inflection_Basket,,,,Entities,,2026-05-08_FMP_Thesis_Watchlist_Capital_Raise_Survivors_Small-Cap_Inflection_Basket,2026-05-08_FMP_Thesis_Watchlist_Capital_Raise_Survivors_Small-Cap_Inflection_Basket,entity,,,,,,,,,,,,,,,[],,,Entity
world:entity:2026-05-08-fmp-thesis-watchlist-defense-ai-autonomous-warfare,2026-06-01,2026-05-08_FMP_Thesis_Watchlist_Defense_AI_&_Autonomous_Warfare,,,,Entities,,2026-05-08_FMP_Thesis_Watchlist_Defense_AI_&_Autonomous_Warfare,2026-05-08_FMP_Thesis_Watchlist_Defense_AI_&_Autonomous_Warfare,entity,,,,,,,,,,,,,,,[],,,Entity
world:entity:2026-05-08-fmp-thesis-watchlist-dollar-debasement-hard-money,2026-06-01,2026-05-08_FMP_Thesis_Watchlist_Dollar_Debasement_&_Hard_Money,,,,Entities,,2026-05-08_FMP_Thesis_Watchlist_Dollar_Debasement_&_Hard_Money,2026-05-08_FMP_Thesis_Watchlist_Dollar_Debasement_&_Hard_Money,entity,,,,,,,,,,,,,,,[],,,Entity
world:entity:2026-05-08-fmp-thesis-watchlist-drone-autonomous-systems-revolution,2026-06-01,2026-05-08_FMP_Thesis_Watchlist_Drone_&_Autonomous_Systems_Revolution,,,,Entities,,2026-05-08_FMP_Thesis_Watchlist_Drone_&_Autonomous_Systems_Revolution,2026-05-08_FMP_Thesis_Watchlist_Drone_&_Autonomous_Systems_Revolution,entity,,,,,,,,,,,,,,,[],,,Entity
world:entity:2026-05-08-fmp-thesis-watchlist-fiscal-scarcity-rearmament,2026-06-01,2026-05-08_FMP_Thesis_Watchlist_Fiscal_Scarcity_Rearmament,,,,Entities,,2026-05-08_FMP_Thesis_Watchlist_Fiscal_Scarcity_Rearmament,2026-05-08_FMP_Thesis_Watchlist_Fiscal_Scarcity_Rearmament,entity,,,,,,,,,,,,,,,[],,,Entity
world:entity:2026-05-08-fmp-thesis-watchlist-gene-editing-crispr-therapeutics,2026-06-01,2026-05-08_FMP_Thesis_Watchlist_Gene_Editing_&_CRISPR_Therapeutics,,,,Entities,,2026-05-08_FMP_Thesis_Watchlist_Gene_Editing_&_CRISPR_Therapeutics,2026-05-08_FMP_Thesis_Watchlist_Gene_Editing_&_CRISPR_Therapeutics,entity,,,,,,,,,,,,,,,[],,,Entity
world:entity:2026-05-08-fmp-thesis-watchlist-glp-1-metabolic-disease-revolution,2026-06-01,2026-05-08_FMP_Thesis_Watchlist_GLP-1_Metabolic_Disease_Revolution,,,,Entities,,2026-05-08_FMP_Thesis_Watchlist_GLP-1_Metabolic_Disease_Revolution,2026-05-08_FMP_Thesis_Watchlist_GLP-1_Metabolic_Disease_Revolution,entity,,,,,,,,,,,,,,,[],,,Entity
world:entity:2026-05-08-fmp-thesis-watchlist-grid-scale-battery-storage,2026-06-01,2026-05-08_FMP_Thesis_Watchlist_Grid-Scale_Battery_Storage,,,,Entities,,2026-05-08_FMP_Thesis_Watchlist_Grid-Scale_Battery_Storage,2026-05-08_FMP_Thesis_Watchlist_Grid-Scale_Battery_Storage,entity,,,,,,,,,,,,,,,[],,,Entity
world:entity:2026-05-08-fmp-thesis-watchlist-housing-supply-correction,2026-06-01,2026-05-08_FMP_Thesis_Watchlist_Housing_Supply_Correction,,,,Entities,,2026-05-08_FMP_Thesis_Watchlist_Housing_Supply_Correction,2026-05-08_FMP_Thesis_Watchlist_Housing_Supply_Correction,entity,,,,,,,,,,,,,,,[],,,Entity
world:entity:2026-05-08-fmp-thesis-watchlist-hypersonic-weapons-advanced-defense-systems,2026-06-01,2026-05-08_FMP_Thesis_Watchlist_Hypersonic_Weapons_&_Advanced_Defense_Systems,,,,Entities,,2026-05-08_FMP_Thesis_Watchlist_Hypersonic_Weapons_&_Advanced_Defense_Systems,2026-05-08_FMP_Thesis_Watchlist_Hypersonic_Weapons_&_Advanced_Defense_Systems,entity,,,,,,,,,,,,,,,[],,,Entity
world:entity:2026-05-08-fmp-thesis-watchlist-nuclear-renaissance-small-modular-reactors,2026-06-01,2026-05-08_FMP_Thesis_Watchlist_Nuclear_Renaissance_&_Small_Modular_Reactors,,,,Entities,,2026-05-08_FMP_Thesis_Watchlist_Nuclear_Renaissance_&_Small_Modular_Reactors,2026-05-08_FMP_Thesis_Watchlist_Nuclear_Renaissance_&_Small_Modular_Reactors,entity,,,,,,,,,,,,,,,[],,,Entity
world:entity:2026-05-08-fmp-thesis-watchlist-psychedelic-mental-health-revolution,2026-06-01,2026-05-08_FMP_Thesis_Watchlist_Psychedelic_Mental_Health_Revolution,,,,Entities,,2026-05-08_FMP_Thesis_Watchlist_Psychedelic_Mental_Health_Revolution,2026-05-08_FMP_Thesis_Watchlist_Psychedelic_Mental_Health_Revolution,entity,,,,,,,,,,,,,,,[],,,Entity
world:entity:2026-05-08-fmp-thesis-watchlist-quantum-computing,2026-06-01,2026-05-08_FMP_Thesis_Watchlist_Quantum_Computing,,,,Entities,,2026-05-08_FMP_Thesis_Watchlist_Quantum_Computing,2026-05-08_FMP_Thesis_Watchlist_Quantum_Computing,entity,,,,,,,,,,,,,,,[],,,Entity
world:entity:2026-05-08-fmp-thesis-watchlist-space-domain-awareness-commercial-space,2026-06-01,2026-05-08_FMP_Thesis_Watchlist_Space_Domain_Awareness_&_Commercial_Space,,,,Entities,,2026-05-08_FMP_Thesis_Watchlist_Space_Domain_Awareness_&_Commercial_Space,2026-05-08_FMP_Thesis_Watchlist_Space_Domain_Awareness_&_Commercial_Space,entity,,,,,,,,,,,,,,,[],,,Entity
world:entity:2026-05-08-fred-liquidity,2026-06-01,2026-05-08_FRED_Liquidity,,,,Entities,,2026-05-08_FRED_Liquidity,2026-05-08_FRED_Liquidity,entity,,,,,,,,,,,,,,,[],,,Entity
world:entity:2026-05-08-orb-entropy-screen,2026-06-01,2026-05-08_ORB_Entropy_Screen,,,,Entities,,2026-05-08_ORB_Entropy_Screen,2026-05-08_ORB_Entropy_Screen,entity,,,,,,,,,,,,,,,[],,,Entity
world:entity:2026-05-09-agent-analysis-aapl,2026-06-01,2026-05-09_Agent_Analysis_AAPL,,,,Entities,,2026-05-09_Agent_Analysis_AAPL,2026-05-09_Agent_Analysis_AAPL,entity,,,,,,,,,,,,,,,[],,,Entity
world:entity:2026-05-09-agent-analysis-acad,2026-06-01,2026-05-09_Agent_Analysis_ACAD,,,,Entities,,2026-05-09_Agent_Analysis_ACAD,2026-05-09_Agent_Analysis_ACAD,entity,,,,,,,,,,,,,,,[],,,Entity
world:entity:2026-05-09-agent-analysis-all-theses,2026-06-01,2026-05-09_Agent_Analysis_All_Theses,,,,Entities,,2026-05-09_Agent_Analysis_All_Theses,2026-05-09_Agent_Analysis_All_Theses,entity,,,,,,,,,,,,,,,[],,,Entity
world:entity:2026-05-09-agent-analysis-amzn,2026-06-01,2026-05-09_Agent_Analysis_AMZN,,,,Entities,,2026-05-09_Agent_Analysis_AMZN,2026-05-09_Agent_Analysis_AMZN,entity,,,,,,,,,,,,,,,[],,,Entity
world:entity:2026-05-09-agent-analysis-axp,2026-06-01,2026-05-09_Agent_Analysis_AXP,,,,Entities,,2026-05-09_Agent_Analysis_AXP,2026-05-09_Agent_Analysis_AXP,entity,,,,,,,,,,,,,,,[],,,Entity
world:entity:2026-05-09-agent-analysis-biib,2026-06-01,2026-05-09_Agent_Analysis_BIIB,,,,Entities,,2026-05-09_Agent_Analysis_BIIB,2026-05-09_Agent_Analysis_BIIB,entity,,,,,,,,,,,,,,,[],,,Entity
world:entity:2026-05-09-agent-analysis-brk-b,2026-06-01,2026-05-09_Agent_Analysis_BRK_B,,,,Entities,,2026-05-09_Agent_Analysis_BRK_B,2026-05-09_Agent_Analysis_BRK_B,entity,,,,,,,,,,,,,,,[],,,Entity
world:entity:2026-05-09-agent-analysis-etn,2026-06-01,2026-05-09_Agent_Analysis_ETN,,,,Entities,,2026-05-09_Agent_Analysis_ETN,2026-05-09_Agent_Analysis_ETN,entity,,,,,,,,,,,,,,,[],,,Entity
world:entity:2026-05-09-agent-analysis-gev,2026-06-01,2026-05-09_Agent_Analysis_GEV,,,,Entities,,2026-05-09_Agent_Analysis_GEV,2026-05-09_Agent_Analysis_GEV,entity,,,,,,,,,,,,,,,[],,,Entity
world:entity:2026-05-09-agent-analysis-gold,2026-06-01,2026-05-09_Agent_Analysis_GOLD,,,,Entities,,2026-05-09_Agent_Analysis_GOLD,2026-05-09_Agent_Analysis_GOLD,entity,,,,,,,,,,,,,,,[],,,Entity
world:entity:2026-05-09-agent-analysis-googl,2026-06-01,2026-05-09_Agent_Analysis_GOOGL,,,,Entities,,2026-05-09_Agent_Analysis_GOOGL,2026-05-09_Agent_Analysis_GOOGL,entity,,,,,,,,,,,,,,,[],,,Entity
world:entity:2026-05-09-agent-analysis-ko,2026-06-01,2026-05-09_Agent_Analysis_KO,,,,Entities,,2026-05-09_Agent_Analysis_KO,2026-05-09_Agent_Analysis_KO,entity,,,,,,,,,,,,,,,[],,,Entity
world:entity:2026-05-09-agent-analysis-lly,2026-06-01,2026-05-09_Agent_Analysis_LLY,,,,Entities,,2026-05-09_Agent_Analysis_LLY,2026-05-09_Agent_Analysis_LLY,entity,,,,,,,,,,,,,,,[],,,Entity
world:entity:2026-05-09-agent-analysis-msft,2026-06-01,2026-05-09_Agent_Analysis_MSFT,,,,Entities,,2026-05-09_Agent_Analysis_MSFT,2026-05-09_Agent_Analysis_MSFT,entity,,,,,,,,,,,,,,,[],,,Entity
world:entity:2026-05-09-agent-analysis-nem,2026-06-01,2026-05-09_Agent_Analysis_NEM,,,,Entities,,2026-05-09_Agent_Analysis_NEM,2026-05-09_Agent_Analysis_NEM,entity,,,,,,,,,,,,,,,[],,,Entity
world:entity:2026-05-09-agent-analysis-nrg,2026-06-01,2026-05-09_Agent_Analysis_NRG,,,,Entities,,2026-05-09_Agent_Analysis_NRG,2026-05-09_Agent_Analysis_NRG,entity,,,,,,,,,,,,,,,[],,,Entity
world:entity:2026-05-09-agent-analysis-nvda,2026-06-01,2026-05-09_Agent_Analysis_NVDA,,,,Entities,,2026-05-09_Agent_Analysis_NVDA,2026-05-09_Agent_Analysis_NVDA,entity,,,,,,,,,,,,,,,[],,,Entity
world:entity:2026-05-09-agent-analysis-pltr,2026-06-01,2026-05-09_Agent_Analysis_PLTR,,,,Entities,,2026-05-09_Agent_Analysis_PLTR,2026-05-09_Agent_Analysis_PLTR,entity,,,,,,,,,,,,,,,[],,,Entity
world:entity:2026-05-09-agent-analysis-prta,2026-06-01,2026-05-09_Agent_Analysis_PRTA,,,,Entities,,2026-05-09_Agent_Analysis_PRTA,2026-05-09_Agent_Analysis_PRTA,entity,,,,,,,,,,,,,,,[],,,Entity
world:entity:2026-05-09-agent-analysis-strl,2026-06-01,2026-05-09_Agent_Analysis_STRL,,,,Entities,,2026-05-09_Agent_Analysis_STRL,2026-05-09_Agent_Analysis_STRL,entity,,,,,,,,,,,,,,,[],,,Entity
world:entity:2026-05-09-agent-analysis-vst,2026-06-01,2026-05-09_Agent_Analysis_VST,,,,Entities,,2026-05-09_Agent_Analysis_VST,2026-05-09_Agent_Analysis_VST,entity,,,,,,,,,,,,,,,[],,,Entity
world:entity:2026-05-09-agent-analysis-wpm,2026-06-01,2026-05-09_Agent_Analysis_WPM,,,,Entities,,2026-05-09_Agent_Analysis_WPM,2026-05-09_Agent_Analysis_WPM,entity,,,,,,,,,,,,,,,[],,,Entity
world:entity:2026-05-09-agent-analysis-xom,2026-06-01,2026-05-09_Agent_Analysis_XOM,,,,Entities,,2026-05-09_Agent_Analysis_XOM,2026-05-09_Agent_Analysis_XOM,entity,,,,,,,,,,,,,,,[],,,Entity
world:entity:2026-05-09-disclosure-reality-check,2026-06-01,2026-05-09_Disclosure_Reality_Check,,,,Entities,,2026-05-09_Disclosure_Reality_Check,2026-05-09_Disclosure_Reality_Check,entity,,,,,,,,,,,,,,,[],,,Entity
world:entity:2026-05-09-fema-declarations,2026-06-01,2026-05-09_FEMA_Declarations,,,,Entities,,2026-05-09_FEMA_Declarations,2026-05-09_FEMA_Declarations,entity,,,,,,,,,,,,,,,[],,,Entity
world:entity:2026-05-09-fmp-economiccalendar,2026-06-01,2026-05-09_FMP_EconomicCalendar,,,,Entities,,2026-05-09_FMP_EconomicCalendar,2026-05-09_FMP_EconomicCalendar,entity,,,,,,,,,,,,,,,[],,,Entity
world:entity:2026-05-11-africa-international-trade-and-investment,2026-06-01,2026-05-11 - Africa International Trade and Investment,,,,Entities,,2026-05-11 - Africa International Trade and Investment,2026-05-11 - Africa International Trade and Investment,entity,,,,,,,,,,,,,,,[],,,Entity
world:entity:2026-05-11-entropy-monitor-net-akam-rklb-mrna-mnst-insm-msi-wmg-ntra-expe-zts-xyz-abnb-fis-dell-aph-nws-afrm-rost,2026-06-01,2026-05-11_Entropy_Monitor_NET_AKAM_RKLB_MRNA_MNST_INSM_MSI_WMG_NTRA_EXPE_ZTS_XYZ_ABNB_FIS_DELL_APH_NWS_AFRM_ROST,,,,Entities,,2026-05-11_Entropy_Monitor_NET_AKAM_RKLB_MRNA_MNST_INSM_MSI_WMG_NTRA_EXPE_ZTS_XYZ_ABNB_FIS_DELL_APH_NWS_AFRM_ROST,2026-05-11_Entropy_Monitor_NET_AKAM_RKLB_MRNA_MNST_INSM_MSI_WMG_NTRA_EXPE_ZTS_XYZ_ABNB_FIS_DELL_APH_NWS_AFRM_ROST,entity,,,,,,,,,,,,,,,[],,,Entity
world:entity:2026-05-11-fmp-earnings-calendar-thesis-watchlists,2026-06-01,2026-05-11_FMP_Earnings_Calendar_Thesis_Watchlists,,,,Entities,,2026-05-11_FMP_Earnings_Calendar_Thesis_Watchlists,2026-05-11_FMP_Earnings_Calendar_Thesis_Watchlists,entity,,,,,,,,,,,,,,,[],,,Entity
world:entity:2026-05-11-fmp-economiccalendar,2026-06-01,2026-05-11_FMP_EconomicCalendar,,,,Entities,,2026-05-11_FMP_EconomicCalendar,2026-05-11_FMP_EconomicCalendar,entity,,,,,,,,,,,,,,,[],,,Entity
world:entity:2026-05-11-fmp-technicals-abbv-daily,2026-06-01,2026-05-11_FMP_Technicals_ABBV_daily,,,,Entities,,2026-05-11_FMP_Technicals_ABBV_daily,2026-05-11_FMP_Technicals_ABBV_daily,entity,,,,,,,,,,,,,,,[],,,Entity
world:entity:2026-05-11-fmp-technicals-acad-daily,2026-06-01,2026-05-11_FMP_Technicals_ACAD_daily,,,,Entities,,2026-05-11_FMP_Technicals_ACAD_daily,2026-05-11_FMP_Technicals_ACAD_daily,entity,,,,,,,,,,,,,,,[],,,Entity
world:entity:2026-05-11-fmp-technicals-adm-daily,2026-06-01,2026-05-11_FMP_Technicals_ADM_daily,,,,Entities,,2026-05-11_FMP_Technicals_ADM_daily,2026-05-11_FMP_Technicals_ADM_daily,entity,,,,,,,,,,,,,,,[],,,Entity
world:entity:2026-05-11-fmp-technicals-airo-daily,2026-06-01,2026-05-11_FMP_Technicals_AIRO_daily,,,,Entities,,2026-05-11_FMP_Technicals_AIRO_daily,2026-05-11_FMP_Technicals_AIRO_daily,entity,,,,,,,,,,,,,,,[],,,Entity
world:entity:2026-05-11-fmp-technicals-alks-daily,2026-06-01,2026-05-11_FMP_Technicals_ALKS_daily,,,,Entities,,2026-05-11_FMP_Technicals_ALKS_daily,2026-05-11_FMP_Technicals_ALKS_daily,entity,,,,,,,,,,,,,,,[],,,Entity
world:entity:2026-05-11-fmp-technicals-alvo-daily,2026-06-01,2026-05-11_FMP_Technicals_ALVO_daily,,,,Entities,,2026-05-11_FMP_Technicals_ALVO_daily,2026-05-11_FMP_Technicals_ALVO_daily,entity,,,,,,,,,,,,,,,[],,,Entity
world:entity:2026-05-11-fmp-technicals-amat-daily,2026-06-01,2026-05-11_FMP_Technicals_AMAT_daily,,,,Entities,,2026-05-11_FMP_Technicals_AMAT_daily,2026-05-11_FMP_Technicals_AMAT_daily,entity,,,,,,,,,,,,,,,[],,,Entity
world:entity:2026-05-11-fmp-technicals-amgn-daily,2026-06-01,2026-05-11_FMP_Technicals_AMGN_daily,,,,Entities,,2026-05-11_FMP_Technicals_AMGN_daily,2026-05-11_FMP_Technicals_AMGN_daily,entity,,,,,,,,,,,,,,,[],,,Entity
world:entity:2026-05-11-fmp-technicals-amsc-daily,2026-06-01,2026-05-11_FMP_Technicals_AMSC_daily,,,,Entities,,2026-05-11_FMP_Technicals_AMSC_daily,2026-05-11_FMP_Technicals_AMSC_daily,entity,,,,,,,,,,,,,,,[],,,Entity
world:entity:2026-05-11-fmp-technicals-amzn-daily,2026-06-01,2026-05-11_FMP_Technicals_AMZN_daily,,,,Entities,,2026-05-11_FMP_Technicals_AMZN_daily,2026-05-11_FMP_Technicals_AMZN_daily,entity,,,,,,,,,,,,,,,[],,,Entity
world:entity:2026-05-11-fmp-technicals-asts-daily,2026-06-01,2026-05-11_FMP_Technicals_ASTS_daily,,,,Entities,,2026-05-11_FMP_Technicals_ASTS_daily,2026-05-11_FMP_Technicals_ASTS_daily,entity,,,,,,,,,,,,,,,[],,,Entity
world:entity:2026-05-11-fmp-technicals-atai-daily,2026-06-01,2026-05-11_FMP_Technicals_ATAI_daily,,,,Entities,,2026-05-11_FMP_Technicals_ATAI_daily,2026-05-11_FMP_Technicals_ATAI_daily,entity,,,,,,,,,,,,,,,[],,,Entity
world:entity:2026-05-11-fmp-technicals-avav-daily,2026-06-01,2026-05-11_FMP_Technicals_AVAV_daily,,,,Entities,,2026-05-11_FMP_Technicals_AVAV_daily,2026-05-11_FMP_Technicals_AVAV_daily,entity,,,,,,,,,,,,,,,[],,,Entity
world:entity:2026-05-11-fmp-technicals-bah-daily,2026-06-01,2026-05-11_FMP_Technicals_BAH_daily,,,,Entities,,2026-05-11_FMP_Technicals_BAH_daily,2026-05-11_FMP_Technicals_BAH_daily,entity,,,,,,,,,,,,,,,[],,,Entity
world:entity:2026-05-11-fmp-technicals-bbai-daily,2026-06-01,2026-05-11_FMP_Technicals_BBAI_daily,,,,Entities,,2026-05-11_FMP_Technicals_BBAI_daily,2026-05-11_FMP_Technicals_BBAI_daily,entity,,,,,,,,,,,,,,,[],,,Entity
world:entity:2026-05-11-fmp-technicals-beam-daily,2026-06-01,2026-05-11_FMP_Technicals_BEAM_daily,,,,Entities,,2026-05-11_FMP_Technicals_BEAM_daily,2026-05-11_FMP_Technicals_BEAM_daily,entity,,,,,,,,,,,,,,,[],,,Entity
world:entity:2026-05-11-fmp-technicals-bg-daily,2026-06-01,2026-05-11_FMP_Technicals_BG_daily,,,,Entities,,2026-05-11_FMP_Technicals_BG_daily,2026-05-11_FMP_Technicals_BG_daily,entity,,,,,,,,,,,,,,,[],,,Entity
world:entity:2026-05-11-fmp-technicals-biib-daily,2026-06-01,2026-05-11_FMP_Technicals_BIIB_daily,,,,Entities,,2026-05-11_FMP_Technicals_BIIB_daily,2026-05-11_FMP_Technicals_BIIB_daily,entity,,,,,,,,,,,,,,,[],,,Entity
world:entity:2026-05-11-fmp-technicals-bksy-daily,2026-06-01,2026-05-11_FMP_Technicals_BKSY_daily,,,,Entities,,2026-05-11_FMP_Technicals_BKSY_daily,2026-05-11_FMP_Technicals_BKSY_daily,entity,,,,,,,,,,,,,,,[],,,Entity
world:entity:2026-05-11-fmp-technicals-brbr-daily,2026-06-01,2026-05-11_FMP_Technicals_BRBR_daily,,,,Entities,,2026-05-11_FMP_Technicals_BRBR_daily,2026-05-11_FMP_Technicals_BRBR_daily,entity,,,,,,,,,,,,,,,[],,,Entity
world:entity:2026-05-11-fmp-technicals-bw-daily,2026-06-01,2026-05-11_FMP_Technicals_BW_daily,,,,Entities,,2026-05-11_FMP_Technicals_BW_daily,2026-05-11_FMP_Technicals_BW_daily,entity,,,,,,,,,,,,,,,[],,,Entity
world:entity:2026-05-11-fmp-technicals-bynd-daily,2026-06-01,2026-05-11_FMP_Technicals_BYND_daily,,,,Entities,,2026-05-11_FMP_Technicals_BYND_daily,2026-05-11_FMP_Technicals_BYND_daily,entity,,,,,,,,,,,,,,,[],,,Entity
world:entity:2026-05-11-fmp-technicals-caci-daily,2026-06-01,2026-05-11_FMP_Technicals_CACI_daily,,,,Entities,,2026-05-11_FMP_Technicals_CACI_daily,2026-05-11_FMP_Technicals_CACI_daily,entity,,,,,,,,,,,,,,,[],,,Entity
world:entity:2026-05-11-fmp-technicals-ceg-daily,2026-06-01,2026-05-11_FMP_Technicals_CEG_daily,,,,Entities,,2026-05-11_FMP_Technicals_CEG_daily,2026-05-11_FMP_Technicals_CEG_daily,entity,,,,,,,,,,,,,,,[],,,Entity
world:entity:2026-05-11-fmp-technicals-cmps-daily,2026-06-01,2026-05-11_FMP_Technicals_CMPS_daily,,,,Entities,,2026-05-11_FMP_Technicals_CMPS_daily,2026-05-11_FMP_Technicals_CMPS_daily,entity,,,,,,,,,,,,,,,[],,,Entity
world:entity:2026-05-11-fmp-technicals-coin-daily,2026-06-01,2026-05-11_FMP_Technicals_COIN_daily,,,,Entities,,2026-05-11_FMP_Technicals_COIN_daily,2026-05-11_FMP_Technicals_COIN_daily,entity,,,,,,,,,,,,,,,[],,,Entity
world:entity:2026-05-11-fmp-technicals-crsp-daily,2026-06-01,2026-05-11_FMP_Technicals_CRSP_daily,,,,Entities,,2026-05-11_FMP_Technicals_CRSP_daily,2026-05-11_FMP_Technicals_CRSP_daily,entity,,,,,,,,,,,,,,,[],,,Entity
world:entity:2026-05-11-fmp-technicals-dftx-daily,2026-06-01,2026-05-11_FMP_Technicals_DFTX_daily,,,,Entities,,2026-05-11_FMP_Technicals_DFTX_daily,2026-05-11_FMP_Technicals_DFTX_daily,entity,,,,,,,,,,,,,,,[],,,Entity
world:entity:2026-05-11-fmp-technicals-dhi-daily,2026-06-01,2026-05-11_FMP_Technicals_DHI_daily,,,,Entities,,2026-05-11_FMP_Technicals_DHI_daily,2026-05-11_FMP_Technicals_DHI_daily,entity,,,,,,,,,,,,,,,[],,,Entity
world:entity:2026-05-11-fmp-technicals-dna-daily,2026-06-01,2026-05-11_FMP_Technicals_DNA_daily,,,,Entities,,2026-05-11_FMP_Technicals_DNA_daily,2026-05-11_FMP_Technicals_DNA_daily,entity,,,,,,,,,,,,,,,[],,,Entity
world:entity:2026-05-11-fmp-technicals-dpro-daily,2026-06-01,2026-05-11_FMP_Technicals_DPRO_daily,,,,Entities,,2026-05-11_FMP_Technicals_DPRO_daily,2026-05-11_FMP_Technicals_DPRO_daily,entity,,,,,,,,,,,,,,,[],,,Entity
world:entity:2026-05-11-fmp-technicals-ecpg-daily,2026-06-01,2026-05-11_FMP_Technicals_ECPG_daily,,,,Entities,,2026-05-11_FMP_Technicals_ECPG_daily,2026-05-11_FMP_Technicals_ECPG_daily,entity,,,,,,,,,,,,,,,[],,,Entity
world:entity:2026-05-11-fmp-technicals-edit-daily,2026-06-01,2026-05-11_FMP_Technicals_EDIT_daily,,,,Entities,,2026-05-11_FMP_Technicals_EDIT_daily,2026-05-11_FMP_Technicals_EDIT_daily,entity,,,,,,,,,,,,,,,[],,,Entity
world:entity:2026-05-11-fmp-technicals-eh-daily,2026-06-01,2026-05-11_FMP_Technicals_EH_daily,,,,Entities,,2026-05-11_FMP_Technicals_EH_daily,2026-05-11_FMP_Technicals_EH_daily,entity,,,,,,,,,,,,,,,[],,,Entity
world:entity:2026-05-11-fmp-technicals-envx-daily,2026-06-01,2026-05-11_FMP_Technicals_ENVX_daily,,,,Entities,,2026-05-11_FMP_Technicals_ENVX_daily,2026-05-11_FMP_Technicals_ENVX_daily,entity,,,,,,,,,,,,,,,[],,,Entity
world:entity:2026-05-11-fmp-technicals-eslt-daily,2026-06-01,2026-05-11_FMP_Technicals_ESLT_daily,,,,Entities,,2026-05-11_FMP_Technicals_ESLT_daily,2026-05-11_FMP_Technicals_ESLT_daily,entity,,,,,,,,,,,,,,,[],,,Entity
world:entity:2026-05-11-fmp-technicals-etn-daily,2026-06-01,2026-05-11_FMP_Technicals_ETN_daily,,,,Entities,,2026-05-11_FMP_Technicals_ETN_daily,2026-05-11_FMP_Technicals_ETN_daily,entity,,,,,,,,,,,,,,,[],,,Entity
world:entity:2026-05-11-fmp-technicals-evtl-daily,2026-06-01,2026-05-11_FMP_Technicals_EVTL_daily,,,,Entities,,2026-05-11_FMP_Technicals_EVTL_daily,2026-05-11_FMP_Technicals_EVTL_daily,entity,,,,,,,,,,,,,,,[],,,Entity
world:entity:2026-05-11-fmp-technicals-flnc-daily,2026-06-01,2026-05-11_FMP_Technicals_FLNC_daily,,,,Entities,,2026-05-11_FMP_Technicals_FLNC_daily,2026-05-11_FMP_Technicals_FLNC_daily,entity,,,,,,,,,,,,,,,[],,,Entity
world:entity:2026-05-11-fmp-technicals-fmc-daily,2026-06-01,2026-05-11_FMP_Technicals_FMC_daily,,,,Entities,,2026-05-11_FMP_Technicals_FMC_daily,2026-05-11_FMP_Technicals_FMC_daily,entity,,,,,,,,,,,,,,,[],,,Entity
world:entity:2026-05-11-fmp-technicals-gd-daily,2026-06-01,2026-05-11_FMP_Technicals_GD_daily,,,,Entities,,2026-05-11_FMP_Technicals_GD_daily,2026-05-11_FMP_Technicals_GD_daily,entity,,,,,,,,,,,,,,,[],,,Entity
world:entity:2026-05-11-fmp-technicals-gev-daily,2026-06-01,2026-05-11_FMP_Technicals_GEV_daily,,,,Entities,,2026-05-11_FMP_Technicals_GEV_daily,2026-05-11_FMP_Technicals_GEV_daily,entity,,,,,,,,,,,,,,,[],,,Entity
world:entity:2026-05-11-fmp-technicals-ghrs-daily,2026-06-01,2026-05-11_FMP_Technicals_GHRS_daily,,,,Entities,,2026-05-11_FMP_Technicals_GHRS_daily,2026-05-11_FMP_Technicals_GHRS_daily,entity,,,,,,,,,,,,,,,[],,,Entity
world:entity:2026-05-11-fmp-technicals-gold-daily,2026-06-01,2026-05-11_FMP_Technicals_GOLD_daily,,,,Entities,,2026-05-11_FMP_Technicals_GOLD_daily,2026-05-11_FMP_Technicals_GOLD_daily,entity,,,,,,,,,,,,,,,[],,,Entity
world:entity:2026-05-11-fmp-technicals-googl-daily,2026-06-01,2026-05-11_FMP_Technicals_GOOGL_daily,,,,Entities,,2026-05-11_FMP_Technicals_GOOGL_daily,2026-05-11_FMP_Technicals_GOOGL_daily,entity,,,,,,,,,,,,,,,[],,,Entity
world:entity:2026-05-11-fmp-technicals-hims-daily,2026-06-01,2026-05-11_FMP_Technicals_HIMS_daily,,,,Entities,,2026-05-11_FMP_Technicals_HIMS_daily,2026-05-11_FMP_Technicals_HIMS_daily,entity,,,,,,,,,,,,,,,[],,,Entity
world:entity:2026-05-11-fmp-technicals-hovr-daily,2026-06-01,2026-05-11_FMP_Technicals_HOVR_daily,,,,Entities,,2026-05-11_FMP_Technicals_HOVR_daily,2026-05-11_FMP_Technicals_HOVR_daily,entity,,,,,,,,,,,,,,,[],,,Entity
world:entity:2026-05-11-fmp-technicals-hubb-daily,2026-06-01,2026-05-11_FMP_Technicals_HUBB_daily,,,,Entities,,2026-05-11_FMP_Technicals_HUBB_daily,2026-05-11_FMP_Technicals_HUBB_daily,entity,,,,,,,,,,,,,,,[],,,Entity
world:entity:2026-05-11-fmp-technicals-iff-daily,2026-06-01,2026-05-11_FMP_Technicals_IFF_daily,,,,Entities,,2026-05-11_FMP_Technicals_IFF_daily,2026-05-11_FMP_Technicals_IFF_daily,entity,,,,,,,,,,,,,,,[],,,Entity
world:entity:2026-05-11-fmp-technicals-iipr-daily,2026-06-01,2026-05-11_FMP_Technicals_IIPR_daily,,,,Entities,,2026-05-11_FMP_Technicals_IIPR_daily,2026-05-11_FMP_Technicals_IIPR_daily,entity,,,,,,,,,,,,,,,[],,,Entity
world:entity:2026-05-11-fmp-technicals-inva-daily,2026-06-01,2026-05-11_FMP_Technicals_INVA_daily,,,,Entities,,2026-05-11_FMP_Technicals_INVA_daily,2026-05-11_FMP_Technicals_INVA_daily,entity,,,,,,,,,,,,,,,[],,,Entity
world:entity:2026-05-11-fmp-technicals-ionq-daily,2026-06-01,2026-05-11_FMP_Technicals_IONQ_daily,,,,Entities,,2026-05-11_FMP_Technicals_IONQ_daily,2026-05-11_FMP_Technicals_IONQ_daily,entity,,,,,,,,,,,,,,,[],,,Entity
world:entity:2026-05-11-fmp-technicals-jnj-daily,2026-06-01,2026-05-11_FMP_Technicals_JNJ_daily,,,,Entities,,2026-05-11_FMP_Technicals_JNJ_daily,2026-05-11_FMP_Technicals_JNJ_daily,entity,,,,,,,,,,,,,,,[],,,Entity
world:entity:2026-05-11-fmp-technicals-joby-daily,2026-06-01,2026-05-11_FMP_Technicals_JOBY_daily,,,,Entities,,2026-05-11_FMP_Technicals_JOBY_daily,2026-05-11_FMP_Technicals_JOBY_daily,entity,,,,,,,,,,,,,,,[],,,Entity
world:entity:2026-05-11-fmp-technicals-klac-daily,2026-06-01,2026-05-11_FMP_Technicals_KLAC_daily,,,,Entities,,2026-05-11_FMP_Technicals_KLAC_daily,2026-05-11_FMP_Technicals_KLAC_daily,entity,,,,,,,,,,,,,,,[],,,Entity
world:entity:2026-05-11-fmp-technicals-ktos-daily,2026-06-01,2026-05-11_FMP_Technicals_KTOS_daily,,,,Entities,,2026-05-11_FMP_Technicals_KTOS_daily,2026-05-11_FMP_Technicals_KTOS_daily,entity,,,,,,,,,,,,,,,[],,,Entity
world:entity:2026-05-11-fmp-technicals-ldos-daily,2026-06-01,2026-05-11_FMP_Technicals_LDOS_daily,,,,Entities,,2026-05-11_FMP_Technicals_LDOS_daily,2026-05-11_FMP_Technicals_LDOS_daily,entity,,,,,,,,,,,,,,,[],,,Entity
world:entity:2026-05-11-fmp-technicals-len-daily,2026-06-01,2026-05-11_FMP_Technicals_LEN_daily,,,,Entities,,2026-05-11_FMP_Technicals_LEN_daily,2026-05-11_FMP_Technicals_LEN_daily,entity,,,,,,,,,,,,,,,[],,,Entity
world:entity:2026-05-11-fmp-technicals-lhx-daily,2026-06-01,2026-05-11_FMP_Technicals_LHX_daily,,,,Entities,,2026-05-11_FMP_Technicals_LHX_daily,2026-05-11_FMP_Technicals_LHX_daily,entity,,,,,,,,,,,,,,,[],,,Entity
world:entity:2026-05-11-fmp-technicals-lly-daily,2026-06-01,2026-05-11_FMP_Technicals_LLY_daily,,,,Entities,,2026-05-11_FMP_Technicals_LLY_daily,2026-05-11_FMP_Technicals_LLY_daily,entity,,,,,,,,,,,,,,,[],,,Entity
world:entity:2026-05-11-fmp-technicals-lmt-daily,2026-06-01,2026-05-11_FMP_Technicals_LMT_daily,,,,Entities,,2026-05-11_FMP_Technicals_LMT_daily,2026-05-11_FMP_Technicals_LMT_daily,entity,,,,,,,,,,,,,,,[],,,Entity
world:entity:2026-05-11-fmp-technicals-lrcx-daily,2026-06-01,2026-05-11_FMP_Technicals_LRCX_daily,,,,Entities,,2026-05-11_FMP_Technicals_LRCX_daily,2026-05-11_FMP_Technicals_LRCX_daily,entity,,,,,,,,,,,,,,,[],,,Entity
world:entity:2026-05-11-fmp-technicals-mnts-daily,2026-06-01,2026-05-11_FMP_Technicals_MNTS_daily,,,,Entities,,2026-05-11_FMP_Technicals_MNTS_daily,2026-05-11_FMP_Technicals_MNTS_daily,entity,,,,,,,,,,,,,,,[],,,Entity
world:entity:2026-05-11-fmp-technicals-mrk-daily,2026-06-01,2026-05-11_FMP_Technicals_MRK_daily,,,,Entities,,2026-05-11_FMP_Technicals_MRK_daily,2026-05-11_FMP_Technicals_MRK_daily,entity,,,,,,,,,,,,,,,[],,,Entity
world:entity:2026-05-11-fmp-technicals-msft-daily,2026-06-01,2026-05-11_FMP_Technicals_MSFT_daily,,,,Entities,,2026-05-11_FMP_Technicals_MSFT_daily,2026-05-11_FMP_Technicals_MSFT_daily,entity,,,,,,,,,,,,,,,[],,,Entity
world:entity:2026-05-11-fmp-technicals-mstr-daily,2026-06-01,2026-05-11_FMP_Technicals_MSTR_daily,,,,Entities,,2026-05-11_FMP_Technicals_MSTR_daily,2026-05-11_FMP_Technicals_MSTR_daily,entity,,,,,,,,,,,,,,,[],,,Entity
world:entity:2026-05-11-fmp-technicals-mtz-daily,2026-06-01,2026-05-11_FMP_Technicals_MTZ_daily,,,,Entities,,2026-05-11_FMP_Technicals_MTZ_daily,2026-05-11_FMP_Technicals_MTZ_daily,entity,,,,,,,,,,,,,,,[],,,Entity
world:entity:2026-05-11-fmp-technicals-myrg-daily,2026-06-01,2026-05-11_FMP_Technicals_MYRG_daily,,,,Entities,,2026-05-11_FMP_Technicals_MYRG_daily,2026-05-11_FMP_Technicals_MYRG_daily,entity,,,,,,,,,,,,,,,[],,,Entity
world:entity:2026-05-11-fmp-technicals-nbix-daily,2026-06-01,2026-05-11_FMP_Technicals_NBIX_daily,,,,Entities,,2026-05-11_FMP_Technicals_NBIX_daily,2026-05-11_FMP_Technicals_NBIX_daily,entity,,,,,,,,,,,,,,,[],,,Entity
world:entity:2026-05-11-fmp-technicals-nem-daily,2026-06-01,2026-05-11_FMP_Technicals_NEM_daily,,,,Entities,,2026-05-11_FMP_Technicals_NEM_daily,2026-05-11_FMP_Technicals_NEM_daily,entity,,,,,,,,,,,,,,,[],,,Entity
world:entity:2026-05-11-fmp-technicals-nktr-daily,2026-06-01,2026-05-11_FMP_Technicals_NKTR_daily,,,,Entities,,2026-05-11_FMP_Technicals_NKTR_daily,2026-05-11_FMP_Technicals_NKTR_daily,entity,,,,,,,,,,,,,,,[],,,Entity
world:entity:2026-05-11-fmp-technicals-nne-daily,2026-06-01,2026-05-11_FMP_Technicals_NNE_daily,,,,Entities,,2026-05-11_FMP_Technicals_NNE_daily,2026-05-11_FMP_Technicals_NNE_daily,entity,,,,,,,,,,,,,,,[],,,Entity
world:entity:2026-05-11-fmp-technicals-noc-daily,2026-06-01,2026-05-11_FMP_Technicals_NOC_daily,,,,Entities,,2026-05-11_FMP_Technicals_NOC_daily,2026-05-11_FMP_Technicals_NOC_daily,entity,,,,,,,,,,,,,,,[],,,Entity
world:entity:2026-05-11-fmp-technicals-ntla-daily,2026-06-01,2026-05-11_FMP_Technicals_NTLA_daily,,,,Entities,,2026-05-11_FMP_Technicals_NTLA_daily,2026-05-11_FMP_Technicals_NTLA_daily,entity,,,,,,,,,,,,,,,[],,,Entity
world:entity:2026-05-11-fmp-technicals-nvda-daily,2026-06-01,2026-05-11_FMP_Technicals_NVDA_daily,,,,Entities,,2026-05-11_FMP_Technicals_NVDA_daily,2026-05-11_FMP_Technicals_NVDA_daily,entity,,,,,,,,,,,,,,,[],,,Entity
world:entity:2026-05-11-fmp-technicals-nvr-daily,2026-06-01,2026-05-11_FMP_Technicals_NVR_daily,,,,Entities,,2026-05-11_FMP_Technicals_NVR_daily,2026-05-11_FMP_Technicals_NVR_daily,entity,,,,,,,,,,,,,,,[],,,Entity
world:entity:2026-05-11-fmp-technicals-oklo-daily,2026-06-01,2026-05-11_FMP_Technicals_OKLO_daily,,,,Entities,,2026-05-11_FMP_Technicals_OKLO_daily,2026-05-11_FMP_Technicals_OKLO_daily,entity,,,,,,,,,,,,,,,[],,,Entity
world:entity:2026-05-11-fmp-technicals-on-daily,2026-06-01,2026-05-11_FMP_Technicals_ON_daily,,,,Entities,,2026-05-11_FMP_Technicals_ON_daily,2026-05-11_FMP_Technicals_ON_daily,entity,,,,,,,,,,,,,,,[],,,Entity
world:entity:2026-05-11-fmp-technicals-onds-daily,2026-06-01,2026-05-11_FMP_Technicals_ONDS_daily,,,,Entities,,2026-05-11_FMP_Technicals_ONDS_daily,2026-05-11_FMP_Technicals_ONDS_daily,entity,,,,,,,,,,,,,,,[],,,Entity
world:entity:2026-05-11-fmp-technicals-onto-daily,2026-06-01,2026-05-11_FMP_Technicals_ONTO_daily,,,,Entities,,2026-05-11_FMP_Technicals_ONTO_daily,2026-05-11_FMP_Technicals_ONTO_daily,entity,,,,,,,,,,,,,,,[],,,Entity
world:entity:2026-05-11-fmp-technicals-pdfs-daily,2026-06-01,2026-05-11_FMP_Technicals_PDFS_daily,,,,Entities,,2026-05-11_FMP_Technicals_PDFS_daily,2026-05-11_FMP_Technicals_PDFS_daily,entity,,,,,,,,,,,,,,,[],,,Entity
world:entity:2026-05-11-fmp-technicals-pfe-daily,2026-06-01,2026-05-11_FMP_Technicals_PFE_daily,,,,Entities,,2026-05-11_FMP_Technicals_PFE_daily,2026-05-11_FMP_Technicals_PFE_daily,entity,,,,,,,,,,,,,,,[],,,Entity
world:entity:2026-05-11-fmp-technicals-pl-daily,2026-06-01,2026-05-11_FMP_Technicals_PL_daily,,,,Entities,,2026-05-11_FMP_Technicals_PL_daily,2026-05-11_FMP_Technicals_PL_daily,entity,,,,,,,,,,,,,,,[],,,Entity
world:entity:2026-05-11-fmp-technicals-pltr-daily,2026-06-01,2026-05-11_FMP_Technicals_PLTR_daily,,,,Entities,,2026-05-11_FMP_Technicals_PLTR_daily,2026-05-11_FMP_Technicals_PLTR_daily,entity,,,,,,,,,,,,,,,[],,,Entity
world:entity:2026-05-11-fmp-technicals-ppih-daily,2026-06-01,2026-05-11_FMP_Technicals_PPIH_daily,,,,Entities,,2026-05-11_FMP_Technicals_PPIH_daily,2026-05-11_FMP_Technicals_PPIH_daily,entity,,,,,,,,,,,,,,,[],,,Entity
world:entity:2026-05-11-fmp-technicals-prks-daily,2026-06-01,2026-05-11_FMP_Technicals_PRKS_daily,,,,Entities,,2026-05-11_FMP_Technicals_PRKS_daily,2026-05-11_FMP_Technicals_PRKS_daily,entity,,,,,,,,,,,,,,,[],,,Entity
world:entity:2026-05-11-fmp-technicals-prta-daily,2026-06-01,2026-05-11_FMP_Technicals_PRTA_daily,,,,Entities,,2026-05-11_FMP_Technicals_PRTA_daily,2026-05-11_FMP_Technicals_PRTA_daily,entity,,,,,,,,,,,,,,,[],,,Entity
world:entity:2026-05-11-fmp-technicals-psil-daily,2026-06-01,2026-05-11_FMP_Technicals_PSIL_daily,,,,Entities,,2026-05-11_FMP_Technicals_PSIL_daily,2026-05-11_FMP_Technicals_PSIL_daily,entity,,,,,,,,,,,,,,,[],,,Entity
world:entity:2026-05-11-fmp-technicals-pwr-daily,2026-06-01,2026-05-11_FMP_Technicals_PWR_daily,,,,Entities,,2026-05-11_FMP_Technicals_PWR_daily,2026-05-11_FMP_Technicals_PWR_daily,entity,,,,,,,,,,,,,,,[],,,Entity
world:entity:2026-05-11-fmp-technicals-qubt-daily,2026-06-01,2026-05-11_FMP_Technicals_QUBT_daily,,,,Entities,,2026-05-11_FMP_Technicals_QUBT_daily,2026-05-11_FMP_Technicals_QUBT_daily,entity,,,,,,,,,,,,,,,[],,,Entity
world:entity:2026-05-11-fmp-technicals-rcat-daily,2026-06-01,2026-05-11_FMP_Technicals_RCAT_daily,,,,Entities,,2026-05-11_FMP_Technicals_RCAT_daily,2026-05-11_FMP_Technicals_RCAT_daily,entity,,,,,,,,,,,,,,,[],,,Entity
world:entity:2026-05-11-fmp-technicals-rgti-daily,2026-06-01,2026-05-11_FMP_Technicals_RGTI_daily,,,,Entities,,2026-05-11_FMP_Technicals_RGTI_daily,2026-05-11_FMP_Technicals_RGTI_daily,entity,,,,,,,,,,,,,,,[],,,Entity
world:entity:2026-05-11-fmp-technicals-rklb-daily,2026-06-01,2026-05-11_FMP_Technicals_RKLB_daily,,,,Entities,,2026-05-11_FMP_Technicals_RKLB_daily,2026-05-11_FMP_Technicals_RKLB_daily,entity,,,,,,,,,,,,,,,[],,,Entity
world:entity:2026-05-11-fmp-technicals-rprx-daily,2026-06-01,2026-05-11_FMP_Technicals_RPRX_daily,,,,Entities,,2026-05-11_FMP_Technicals_RPRX_daily,2026-05-11_FMP_Technicals_RPRX_daily,entity,,,,,,,,,,,,,,,[],,,Entity
world:entity:2026-05-11-fmp-technicals-rtx-daily,2026-06-01,2026-05-11_FMP_Technicals_RTX_daily,,,,Entities,,2026-05-11_FMP_Technicals_RTX_daily,2026-05-11_FMP_Technicals_RTX_daily,entity,,,,,,,,,,,,,,,[],,,Entity
world:entity:2026-05-11-fmp-technicals-sky-daily,2026-06-01,2026-05-11_FMP_Technicals_SKY_daily,,,,Entities,,2026-05-11_FMP_Technicals_SKY_daily,2026-05-11_FMP_Technicals_SKY_daily,entity,,,,,,,,,,,,,,,[],,,Entity
world:entity:2026-05-11-fmp-technicals-smr-daily,2026-06-01,2026-05-11_FMP_Technicals_SMR_daily,,,,Entities,,2026-05-11_FMP_Technicals_SMR_daily,2026-05-11_FMP_Technicals_SMR_daily,entity,,,,,,,,,,,,,,,[],,,Entity
world:entity:2026-05-11-fmp-technicals-spir-daily,2026-06-01,2026-05-11_FMP_Technicals_SPIR_daily,,,,Entities,,2026-05-11_FMP_Technicals_SPIR_daily,2026-05-11_FMP_Technicals_SPIR_daily,entity,,,,,,,,,,,,,,,[],,,Entity
world:entity:2026-05-11-fmp-technicals-spro-daily,2026-06-01,2026-05-11_FMP_Technicals_SPRO_daily,,,,Entities,,2026-05-11_FMP_Technicals_SPRO_daily,2026-05-11_FMP_Technicals_SPRO_daily,entity,,,,,,,,,,,,,,,[],,,Entity
world:entity:2026-05-11-fmp-technicals-stem-daily,2026-06-01,2026-05-11_FMP_Technicals_STEM_daily,,,,Entities,,2026-05-11_FMP_Technicals_STEM_daily,2026-05-11_FMP_Technicals_STEM_daily,entity,,,,,,,,,,,,,,,[],,,Entity
world:entity:2026-05-11-fmp-technicals-strl-daily,2026-06-01,2026-05-11_FMP_Technicals_STRL_daily,,,,Entities,,2026-05-11_FMP_Technicals_STRL_daily,2026-05-11_FMP_Technicals_STRL_daily,entity,,,,,,,,,,,,,,,[],,,Entity
world:entity:2026-05-11-fmp-technicals-tdy-daily,2026-06-01,2026-05-11_FMP_Technicals_TDY_daily,,,,Entities,,2026-05-11_FMP_Technicals_TDY_daily,2026-05-11_FMP_Technicals_TDY_daily,entity,,,,,,,,,,,,,,,[],,,Entity
world:entity:2026-05-11-fmp-technicals-tmhc-daily,2026-06-01,2026-05-11_FMP_Technicals_TMHC_daily,,,,Entities,,2026-05-11_FMP_Technicals_TMHC_daily,2026-05-11_FMP_Technicals_TMHC_daily,entity,,,,,,,,,,,,,,,[],,,Entity
world:entity:2026-05-11-fmp-technicals-tmo-daily,2026-06-01,2026-05-11_FMP_Technicals_TMO_daily,,,,Entities,,2026-05-11_FMP_Technicals_TMO_daily,2026-05-11_FMP_Technicals_TMO_daily,entity,,,,,,,,,,,,,,,[],,,Entity
world:entity:2026-05-11-fmp-technicals-tol-daily,2026-06-01,2026-05-11_FMP_Technicals_TOL_daily,,,,Entities,,2026-05-11_FMP_Technicals_TOL_daily,2026-05-11_FMP_Technicals_TOL_daily,entity,,,,,,,,,,,,,,,[],,,Entity
world:entity:2026-05-11-fmp-technicals-tsla-daily,2026-06-01,2026-05-11_FMP_Technicals_TSLA_daily,,,,Entities,,2026-05-11_FMP_Technicals_TSLA_daily,2026-05-11_FMP_Technicals_TSLA_daily,entity,,,,,,,,,,,,,,,[],,,Entity
world:entity:2026-05-11-fmp-technicals-tsn-daily,2026-06-01,2026-05-11_FMP_Technicals_TSN_daily,,,,Entities,,2026-05-11_FMP_Technicals_TSN_daily,2026-05-11_FMP_Technicals_TSN_daily,entity,,,,,,,,,,,,,,,[],,,Entity
world:entity:2026-05-11-fmp-technicals-twst-daily,2026-06-01,2026-05-11_FMP_Technicals_TWST_daily,,,,Entities,,2026-05-11_FMP_Technicals_TWST_daily,2026-05-11_FMP_Technicals_TWST_daily,entity,,,,,,,,,,,,,,,[],,,Entity
world:entity:2026-05-11-fmp-technicals-txt-daily,2026-06-01,2026-05-11_FMP_Technicals_TXT_daily,,,,Entities,,2026-05-11_FMP_Technicals_TXT_daily,2026-05-11_FMP_Technicals_TXT_daily,entity,,,,,,,,,,,,,,,[],,,Entity
world:entity:2026-05-11-fmp-technicals-ufpt-daily,2026-06-01,2026-05-11_FMP_Technicals_UFPT_daily,,,,Entities,,2026-05-11_FMP_Technicals_UFPT_daily,2026-05-11_FMP_Technicals_UFPT_daily,entity,,,,,,,,,,,,,,,[],,,Entity
world:entity:2026-05-11-fmp-technicals-umac-daily,2026-06-01,2026-05-11_FMP_Technicals_UMAC_daily,,,,Entities,,2026-05-11_FMP_Technicals_UMAC_daily,2026-05-11_FMP_Technicals_UMAC_daily,entity,,,,,,,,,,,,,,,[],,,Entity
world:entity:2026-05-11-fmp-technicals-unty-daily,2026-06-01,2026-05-11_FMP_Technicals_UNTY_daily,,,,Entities,,2026-05-11_FMP_Technicals_UNTY_daily,2026-05-11_FMP_Technicals_UNTY_daily,entity,,,,,,,,,,,,,,,[],,,Entity
world:entity:2026-05-11-fmp-technicals-vktx-daily,2026-06-01,2026-05-11_FMP_Technicals_VKTX_daily,,,,Entities,,2026-05-11_FMP_Technicals_VKTX_daily,2026-05-11_FMP_Technicals_VKTX_daily,entity,,,,,,,,,,,,,,,[],,,Entity
world:entity:2026-05-11-fmp-technicals-vst-daily,2026-06-01,2026-05-11_FMP_Technicals_VST_daily,,,,Entities,,2026-05-11_FMP_Technicals_VST_daily,2026-05-11_FMP_Technicals_VST_daily,entity,,,,,,,,,,,,,,,[],,,Entity
world:entity:2026-05-11-fmp-technicals-wcc-daily,2026-06-01,2026-05-11_FMP_Technicals_WCC_daily,,,,Entities,,2026-05-11_FMP_Technicals_WCC_daily,2026-05-11_FMP_Technicals_WCC_daily,entity,,,,,,,,,,,,,,,[],,,Entity
world:entity:2026-05-11-fmp-technicals-wolf-daily,2026-06-01,2026-05-11_FMP_Technicals_WOLF_daily,,,,Entities,,2026-05-11_FMP_Technicals_WOLF_daily,2026-05-11_FMP_Technicals_WOLF_daily,entity,,,,,,,,,,,,,,,[],,,Entity
world:entity:2026-05-11-fmp-technicals-wpm-daily,2026-06-01,2026-05-11_FMP_Technicals_WPM_daily,,,,Entities,,2026-05-11_FMP_Technicals_WPM_daily,2026-05-11_FMP_Technicals_WPM_daily,entity,,,,,,,,,,,,,,,[],,,Entity
world:entity:2026-05-11-fmp-technicals-xoma-daily,2026-06-01,2026-05-11_FMP_Technicals_XOMA_daily,,,,Entities,,2026-05-11_FMP_Technicals_XOMA_daily,2026-05-11_FMP_Technicals_XOMA_daily,entity,,,,,,,,,,,,,,,[],,,Entity
world:entity:2026-05-11-fmp-thesis-watchlist-drone-autonomous-systems-revolution,2026-06-01,2026-05-11_FMP_Thesis_Watchlist_Drone_&_Autonomous_Systems_Revolution,,,,Entities,,2026-05-11_FMP_Thesis_Watchlist_Drone_&_Autonomous_Systems_Revolution,2026-05-11_FMP_Thesis_Watchlist_Drone_&_Autonomous_Systems_Revolution,entity,,,,,,,,,,,,,,,[],,,Entity
world:entity:2026-05-11-fmp-thesis-watchlist-fiscal-scarcity-rearmament,2026-06-01,2026-05-11_FMP_Thesis_Watchlist_Fiscal_Scarcity_Rearmament,,,,Entities,,2026-05-11_FMP_Thesis_Watchlist_Fiscal_Scarcity_Rearmament,2026-05-11_FMP_Thesis_Watchlist_Fiscal_Scarcity_Rearmament,entity,,,,,,,,,,,,,,,[],,,Entity
world:entity:2026-05-11-fmp-thesis-watchlist-gene-editing-crispr-therapeutics,2026-06-01,2026-05-11_FMP_Thesis_Watchlist_Gene_Editing_&_CRISPR_Therapeutics,,,,Entities,,2026-05-11_FMP_Thesis_Watchlist_Gene_Editing_&_CRISPR_Therapeutics,2026-05-11_FMP_Thesis_Watchlist_Gene_Editing_&_CRISPR_Therapeutics,entity,,,,,,,,,,,,,,,[],,,Entity
world:entity:2026-05-11-fmp-thesis-watchlist-glp-1-metabolic-disease-revolution,2026-06-01,2026-05-11_FMP_Thesis_Watchlist_GLP-1_Metabolic_Disease_Revolution,,,,Entities,,2026-05-11_FMP_Thesis_Watchlist_GLP-1_Metabolic_Disease_Revolution,2026-05-11_FMP_Thesis_Watchlist_GLP-1_Metabolic_Disease_Revolution,entity,,,,,,,,,,,,,,,[],,,Entity
world:entity:2026-05-11-fmp-thesis-watchlist-grid-scale-battery-storage,2026-06-01,2026-05-11_FMP_Thesis_Watchlist_Grid-Scale_Battery_Storage,,,,Entities,,2026-05-11_FMP_Thesis_Watchlist_Grid-Scale_Battery_Storage,2026-05-11_FMP_Thesis_Watchlist_Grid-Scale_Battery_Storage,entity,,,,,,,,,,,,,,,[],,,Entity
world:entity:2026-05-11-fmp-thesis-watchlist-housing-supply-correction,2026-06-01,2026-05-11_FMP_Thesis_Watchlist_Housing_Supply_Correction,,,,Entities,,2026-05-11_FMP_Thesis_Watchlist_Housing_Supply_Correction,2026-05-11_FMP_Thesis_Watchlist_Housing_Supply_Correction,entity,,,,,,,,,,,,,,,[],,,Entity
world:entity:2026-05-11-fmp-thesis-watchlist-hypersonic-weapons-advanced-defense-systems,2026-06-01,2026-05-11_FMP_Thesis_Watchlist_Hypersonic_Weapons_&_Advanced_Defense_Systems,,,,Entities,,2026-05-11_FMP_Thesis_Watchlist_Hypersonic_Weapons_&_Advanced_Defense_Systems,2026-05-11_FMP_Thesis_Watchlist_Hypersonic_Weapons_&_Advanced_Defense_Systems,entity,,,,,,,,,,,,,,,[],,,Entity
world:entity:2026-05-11-fmp-thesis-watchlist-nuclear-renaissance-small-modular-reactors,2026-06-01,2026-05-11_FMP_Thesis_Watchlist_Nuclear_Renaissance_&_Small_Modular_Reactors,,,,Entities,,2026-05-11_FMP_Thesis_Watchlist_Nuclear_Renaissance_&_Small_Modular_Reactors,2026-05-11_FMP_Thesis_Watchlist_Nuclear_Renaissance_&_Small_Modular_Reactors,entity,,,,,,,,,,,,,,,[],,,Entity
world:entity:2026-05-11-fmp-thesis-watchlist-psychedelic-mental-health-revolution,2026-06-01,2026-05-11_FMP_Thesis_Watchlist_Psychedelic_Mental_Health_Revolution,,,,Entities,,2026-05-11_FMP_Thesis_Watchlist_Psychedelic_Mental_Health_Revolution,2026-05-11_FMP_Thesis_Watchlist_Psychedelic_Mental_Health_Revolution,entity,,,,,,,,,,,,,,,[],,,Entity
world:entity:2026-05-11-fmp-thesis-watchlist-quantum-computing,2026-06-01,2026-05-11_FMP_Thesis_Watchlist_Quantum_Computing,,,,Entities,,2026-05-11_FMP_Thesis_Watchlist_Quantum_Computing,2026-05-11_FMP_Thesis_Watchlist_Quantum_Computing,entity,,,,,,,,,,,,,,,[],,,Entity
world:entity:2026-05-11-fmp-thesis-watchlist-space-domain-awareness-commercial-space,2026-06-01,2026-05-11_FMP_Thesis_Watchlist_Space_Domain_Awareness_&_Commercial_Space,,,,Entities,,2026-05-11_FMP_Thesis_Watchlist_Space_Domain_Awareness_&_Commercial_Space,2026-05-11_FMP_Thesis_Watchlist_Space_Domain_Awareness_&_Commercial_Space,entity,,,,,,,,,,,,,,,[],,,Entity
world:entity:2026-05-11-fred-liquidity,2026-06-01,2026-05-11_FRED_Liquidity,,,,Entities,,2026-05-11_FRED_Liquidity,2026-05-11_FRED_Liquidity,entity,,,,,,,,,,,,,,,[],,,Entity
world:entity:2026-05-11-inbox-synthesis-iran-hormuz-and-risk-channels,2026-06-01,2026-05-11 - Inbox Synthesis - Iran Hormuz and Risk Channels,,,,Entities,,2026-05-11 - Inbox Synthesis - Iran Hormuz and Risk Channels,2026-05-11 - Inbox Synthesis - Iran Hormuz and Risk Channels,entity,,,,,,,,,,,,,,,[],,,Entity
world:entity:2026-05-11-macro-volatility-digest,2026-06-01,2026-05-11 - Macro Volatility Digest,,,,Entities,,2026-05-11 - Macro Volatility Digest,2026-05-11 - Macro Volatility Digest,entity,,,,,,,,,,,,,,,[],,,Entity
world:entity:2026-05-11-orb-entropy-screen,2026-06-01,2026-05-11_ORB_Entropy_Screen,,,,Entities,,2026-05-11_ORB_Entropy_Screen,2026-05-11_ORB_Entropy_Screen,entity,,,,,,,,,,,,,,,[],,,Entity
world:entity:2026-05-11-purdue-cme-ag-economy-barometer-april-2026,2026-06-01,2026-05-11 - Purdue CME Ag Economy Barometer April 2026,,,,Entities,,2026-05-11 - Purdue CME Ag Economy Barometer April 2026,2026-05-11 - Purdue CME Ag Economy Barometer April 2026,entity,,,,,,,,,,,,,,,[],,,Entity
world:entity:2026-05-11-value-line-selection-and-opinion-may-15-2026,2026-06-01,2026-05-11 - Value Line Selection and Opinion May 15 2026,,,,Entities,,2026-05-11 - Value Line Selection and Opinion May 15 2026,2026-05-11 - Value Line Selection and Opinion May 15 2026,entity,,,,,,,,,,,,,,,[],,,Entity
world:entity:2026-05-11-value-line-special-situations-service-april-2026,2026-06-01,2026-05-11 - Value Line Special Situations Service April 2026,,,,Entities,,2026-05-11 - Value Line Special Situations Service April 2026,2026-05-11 - Value Line Special Situations Service April 2026,entity,,,,,,,,,,,,,,,[],,,Entity
world:entity:2026-05-12-academic-research-batch-volatility-esg-ai-credit,2026-06-01,2026-05-12 - Academic Research Batch Volatility ESG AI Credit,,,,Entities,,2026-05-12 - Academic Research Batch Volatility ESG AI Credit,2026-05-12 - Academic Research Batch Volatility ESG AI Credit,entity,,,,,,,,,,,,,,,[],,,Entity
world:entity:2026-05-12-agent-analysis-all-theses,2026-06-01,2026-05-12_Agent_Analysis_All_Theses,,,,Entities,,2026-05-12_Agent_Analysis_All_Theses,2026-05-12_Agent_Analysis_All_Theses,entity,,,,,,,,,,,,,,,[],,,Entity
world:entity:2026-05-12-agent-analysis-amzn,2026-06-01,2026-05-12_Agent_Analysis_AMZN,,,,Entities,,2026-05-12_Agent_Analysis_AMZN,2026-05-12_Agent_Analysis_AMZN,entity,,,,,,,,,,,,,,,[],,,Entity
world:entity:2026-05-12-agent-analysis-etn,2026-06-01,2026-05-12_Agent_Analysis_ETN,,,,Entities,,2026-05-12_Agent_Analysis_ETN,2026-05-12_Agent_Analysis_ETN,entity,,,,,,,,,,,,,,,[],,,Entity
world:entity:2026-05-12-agent-analysis-gev,2026-06-01,2026-05-12_Agent_Analysis_GEV,,,,Entities,,2026-05-12_Agent_Analysis_GEV,2026-05-12_Agent_Analysis_GEV,entity,,,,,,,,,,,,,,,[],,,Entity
world:entity:2026-05-12-agent-analysis-msft,2026-06-01,2026-05-12_Agent_Analysis_MSFT,,,,Entities,,2026-05-12_Agent_Analysis_MSFT,2026-05-12_Agent_Analysis_MSFT,entity,,,,,,,,,,,,,,,[],,,Entity
world:entity:2026-05-12-agent-analysis-nrg,2026-06-01,2026-05-12_Agent_Analysis_NRG,,,,Entities,,2026-05-12_Agent_Analysis_NRG,2026-05-12_Agent_Analysis_NRG,entity,,,,,,,,,,,,,,,[],,,Entity
world:entity:2026-05-12-agent-analysis-pltr,2026-06-01,2026-05-12_Agent_Analysis_PLTR,,,,Entities,,2026-05-12_Agent_Analysis_PLTR,2026-05-12_Agent_Analysis_PLTR,entity,,,,,,,,,,,,,,,[],,,Entity
world:entity:2026-05-12-agent-analysis-strl,2026-06-01,2026-05-12_Agent_Analysis_STRL,,,,Entities,,2026-05-12_Agent_Analysis_STRL,2026-05-12_Agent_Analysis_STRL,entity,,,,,,,,,,,,,,,[],,,Entity
world:entity:2026-05-12-agent-analysis-vst,2026-06-01,2026-05-12_Agent_Analysis_VST,,,,Entities,,2026-05-12_Agent_Analysis_VST,2026-05-12_Agent_Analysis_VST,entity,,,,,,,,,,,,,,,[],,,Entity
world:entity:2026-05-12-ai-infrastructure-and-cyber-risk-watchpoints,2026-06-01,2026-05-12 - AI Infrastructure and Cyber Risk Watchpoints,,,,Entities,,2026-05-12 - AI Infrastructure and Cyber Risk Watchpoints,2026-05-12 - AI Infrastructure and Cyber Risk Watchpoints,entity,,,,,,,,,,,,,,,[],,,Entity
world:entity:2026-05-12-ai-memory-agent-software-and-cyber-risk,2026-06-01,2026-05-12 - AI Memory Agent Software and Cyber Risk,,,,Entities,,2026-05-12 - AI Memory Agent Software and Cyber Risk,2026-05-12 - AI Memory Agent Software and Cyber Risk,entity,,,,,,,,,,,,,,,[],,,Entity
world:entity:2026-05-12-behavioral-finance-strategy-watchpoints,2026-06-01,2026-05-12 - Behavioral Finance Strategy Watchpoints,,,,Entities,,2026-05-12 - Behavioral Finance Strategy Watchpoints,2026-05-12 - Behavioral Finance Strategy Watchpoints,entity,,,,,,,,,,,,,,,[],,,Entity
world:entity:2026-05-12-disclosure-reality-check,2026-06-01,2026-05-12_Disclosure_Reality_Check,,,,Entities,,2026-05-12_Disclosure_Reality_Check,2026-05-12_Disclosure_Reality_Check,entity,,,,,,,,,,,,,,,[],,,Entity
world:entity:2026-05-12-entropy-monitor-spy-qqq,2026-06-01,2026-05-12_Entropy_Monitor_SPY_QQQ,,,,Entities,,2026-05-12_Entropy_Monitor_SPY_QQQ,2026-05-12_Entropy_Monitor_SPY_QQQ,entity,,,,,,,,,,,,,,,[],,,Entity
world:entity:2026-05-12-federal-student-loan-defaults-return,2026-06-01,2026-05-12 - Federal Student Loan Defaults Return,,,,Entities,,2026-05-12 - Federal Student Loan Defaults Return,2026-05-12 - Federal Student Loan Defaults Return,entity,,,,,,,,,,,,,,,[],,,Entity
world:entity:2026-05-12-fmp-earnings-calendar-thesis-watchlists,2026-06-01,2026-05-12_FMP_Earnings_Calendar_Thesis_Watchlists,,,,Entities,,2026-05-12_FMP_Earnings_Calendar_Thesis_Watchlists,2026-05-12_FMP_Earnings_Calendar_Thesis_Watchlists,entity,,,,,,,,,,,,,,,[],,,Entity
world:entity:2026-05-12-fmp-economiccalendar,2026-06-01,2026-05-12_FMP_EconomicCalendar,,,,Entities,,2026-05-12_FMP_EconomicCalendar,2026-05-12_FMP_EconomicCalendar,entity,,,,,,,,,,,,,,,[],,,Entity
world:entity:2026-05-12-fmp-technicals-abbv-daily,2026-06-01,2026-05-12_FMP_Technicals_ABBV_daily,,,,Entities,,2026-05-12_FMP_Technicals_ABBV_daily,2026-05-12_FMP_Technicals_ABBV_daily,entity,,,,,,,,,,,,,,,[],,,Entity
world:entity:2026-05-12-fmp-technicals-acad-daily,2026-06-01,2026-05-12_FMP_Technicals_ACAD_daily,,,,Entities,,2026-05-12_FMP_Technicals_ACAD_daily,2026-05-12_FMP_Technicals_ACAD_daily,entity,,,,,,,,,,,,,,,[],,,Entity
world:entity:2026-05-12-fmp-technicals-achr-daily,2026-06-01,2026-05-12_FMP_Technicals_ACHR_daily,,,,Entities,,2026-05-12_FMP_Technicals_ACHR_daily,2026-05-12_FMP_Technicals_ACHR_daily,entity,,,,,,,,,,,,,,,[],,,Entity
world:entity:2026-05-12-fmp-technicals-adm-daily,2026-06-01,2026-05-12_FMP_Technicals_ADM_daily,,,,Entities,,2026-05-12_FMP_Technicals_ADM_daily,2026-05-12_FMP_Technicals_ADM_daily,entity,,,,,,,,,,,,,,,[],,,Entity
world:entity:2026-05-12-fmp-technicals-airo-daily,2026-06-01,2026-05-12_FMP_Technicals_AIRO_daily,,,,Entities,,2026-05-12_FMP_Technicals_AIRO_daily,2026-05-12_FMP_Technicals_AIRO_daily,entity,,,,,,,,,,,,,,,[],,,Entity
world:entity:2026-05-12-fmp-technicals-alks-daily,2026-06-01,2026-05-12_FMP_Technicals_ALKS_daily,,,,Entities,,2026-05-12_FMP_Technicals_ALKS_daily,2026-05-12_FMP_Technicals_ALKS_daily,entity,,,,,,,,,,,,,,,[],,,Entity
world:entity:2026-05-12-fmp-technicals-alvo-daily,2026-06-01,2026-05-12_FMP_Technicals_ALVO_daily,,,,Entities,,2026-05-12_FMP_Technicals_ALVO_daily,2026-05-12_FMP_Technicals_ALVO_daily,entity,,,,,,,,,,,,,,,[],,,Entity
world:entity:2026-05-12-fmp-technicals-amat-daily,2026-06-01,2026-05-12_FMP_Technicals_AMAT_daily,,,,Entities,,2026-05-12_FMP_Technicals_AMAT_daily,2026-05-12_FMP_Technicals_AMAT_daily,entity,,,,,,,,,,,,,,,[],,,Entity
world:entity:2026-05-12-fmp-technicals-amgn-daily,2026-06-01,2026-05-12_FMP_Technicals_AMGN_daily,,,,Entities,,2026-05-12_FMP_Technicals_AMGN_daily,2026-05-12_FMP_Technicals_AMGN_daily,entity,,,,,,,,,,,,,,,[],,,Entity
world:entity:2026-05-12-fmp-technicals-amsc-daily,2026-06-01,2026-05-12_FMP_Technicals_AMSC_daily,,,,Entities,,2026-05-12_FMP_Technicals_AMSC_daily,2026-05-12_FMP_Technicals_AMSC_daily,entity,,,,,,,,,,,,,,,[],,,Entity
world:entity:2026-05-12-fmp-technicals-amzn-daily,2026-06-01,2026-05-12_FMP_Technicals_AMZN_daily,,,,Entities,,2026-05-12_FMP_Technicals_AMZN_daily,2026-05-12_FMP_Technicals_AMZN_daily,entity,,,,,,,,,,,,,,,[],,,Entity
world:entity:2026-05-12-fmp-technicals-asts-daily,2026-06-01,2026-05-12_FMP_Technicals_ASTS_daily,,,,Entities,,2026-05-12_FMP_Technicals_ASTS_daily,2026-05-12_FMP_Technicals_ASTS_daily,entity,,,,,,,,,,,,,,,[],,,Entity
world:entity:2026-05-12-fmp-technicals-atai-daily,2026-06-01,2026-05-12_FMP_Technicals_ATAI_daily,,,,Entities,,2026-05-12_FMP_Technicals_ATAI_daily,2026-05-12_FMP_Technicals_ATAI_daily,entity,,,,,,,,,,,,,,,[],,,Entity
world:entity:2026-05-12-fmp-technicals-avav-daily,2026-06-01,2026-05-12_FMP_Technicals_AVAV_daily,,,,Entities,,2026-05-12_FMP_Technicals_AVAV_daily,2026-05-12_FMP_Technicals_AVAV_daily,entity,,,,,,,,,,,,,,,[],,,Entity
world:entity:2026-05-12-fmp-technicals-bah-daily,2026-06-01,2026-05-12_FMP_Technicals_BAH_daily,,,,Entities,,2026-05-12_FMP_Technicals_BAH_daily,2026-05-12_FMP_Technicals_BAH_daily,entity,,,,,,,,,,,,,,,[],,,Entity
world:entity:2026-05-12-fmp-technicals-bbai-daily,2026-06-01,2026-05-12_FMP_Technicals_BBAI_daily,,,,Entities,,2026-05-12_FMP_Technicals_BBAI_daily,2026-05-12_FMP_Technicals_BBAI_daily,entity,,,,,,,,,,,,,,,[],,,Entity
world:entity:2026-05-12-fmp-technicals-beam-daily,2026-06-01,2026-05-12_FMP_Technicals_BEAM_daily,,,,Entities,,2026-05-12_FMP_Technicals_BEAM_daily,2026-05-12_FMP_Technicals_BEAM_daily,entity,,,,,,,,,,,,,,,[],,,Entity
world:entity:2026-05-12-fmp-technicals-bg-daily,2026-06-01,2026-05-12_FMP_Technicals_BG_daily,,,,Entities,,2026-05-12_FMP_Technicals_BG_daily,2026-05-12_FMP_Technicals_BG_daily,entity,,,,,,,,,,,,,,,[],,,Entity
world:entity:2026-05-12-fmp-technicals-biib-daily,2026-06-01,2026-05-12_FMP_Technicals_BIIB_daily,,,,Entities,,2026-05-12_FMP_Technicals_BIIB_daily,2026-05-12_FMP_Technicals_BIIB_daily,entity,,,,,,,,,,,,,,,[],,,Entity
world:entity:2026-05-12-fmp-technicals-bksy-daily,2026-06-01,2026-05-12_FMP_Technicals_BKSY_daily,,,,Entities,,2026-05-12_FMP_Technicals_BKSY_daily,2026-05-12_FMP_Technicals_BKSY_daily,entity,,,,,,,,,,,,,,,[],,,Entity
world:entity:2026-05-12-fmp-technicals-brbr-daily,2026-06-01,2026-05-12_FMP_Technicals_BRBR_daily,,,,Entities,,2026-05-12_FMP_Technicals_BRBR_daily,2026-05-12_FMP_Technicals_BRBR_daily,entity,,,,,,,,,,,,,,,[],,,Entity
world:entity:2026-05-12-fmp-technicals-bw-daily,2026-06-01,2026-05-12_FMP_Technicals_BW_daily,,,,Entities,,2026-05-12_FMP_Technicals_BW_daily,2026-05-12_FMP_Technicals_BW_daily,entity,,,,,,,,,,,,,,,[],,,Entity
world:entity:2026-05-12-fmp-technicals-bynd-daily,2026-06-01,2026-05-12_FMP_Technicals_BYND_daily,,,,Entities,,2026-05-12_FMP_Technicals_BYND_daily,2026-05-12_FMP_Technicals_BYND_daily,entity,,,,,,,,,,,,,,,[],,,Entity
world:entity:2026-05-12-fmp-technicals-caci-daily,2026-06-01,2026-05-12_FMP_Technicals_CACI_daily,,,,Entities,,2026-05-12_FMP_Technicals_CACI_daily,2026-05-12_FMP_Technicals_CACI_daily,entity,,,,,,,,,,,,,,,[],,,Entity
world:entity:2026-05-12-fmp-technicals-ccj-daily,2026-06-01,2026-05-12_FMP_Technicals_CCJ_daily,,,,Entities,,2026-05-12_FMP_Technicals_CCJ_daily,2026-05-12_FMP_Technicals_CCJ_daily,entity,,,,,,,,,,,,,,,[],,,Entity
world:entity:2026-05-12-fmp-technicals-ceg-daily,2026-06-01,2026-05-12_FMP_Technicals_CEG_daily,,,,Entities,,2026-05-12_FMP_Technicals_CEG_daily,2026-05-12_FMP_Technicals_CEG_daily,entity,,,,,,,,,,,,,,,[],,,Entity
world:entity:2026-05-12-fmp-technicals-cmps-daily,2026-06-01,2026-05-12_FMP_Technicals_CMPS_daily,,,,Entities,,2026-05-12_FMP_Technicals_CMPS_daily,2026-05-12_FMP_Technicals_CMPS_daily,entity,,,,,,,,,,,,,,,[],,,Entity
world:entity:2026-05-12-fmp-technicals-coin-daily,2026-06-01,2026-05-12_FMP_Technicals_COIN_daily,,,,Entities,,2026-05-12_FMP_Technicals_COIN_daily,2026-05-12_FMP_Technicals_COIN_daily,entity,,,,,,,,,,,,,,,[],,,Entity
world:entity:2026-05-12-fmp-technicals-crsp-daily,2026-06-01,2026-05-12_FMP_Technicals_CRSP_daily,,,,Entities,,2026-05-12_FMP_Technicals_CRSP_daily,2026-05-12_FMP_Technicals_CRSP_daily,entity,,,,,,,,,,,,,,,[],,,Entity
world:entity:2026-05-12-fmp-technicals-ctva-daily,2026-06-01,2026-05-12_FMP_Technicals_CTVA_daily,,,,Entities,,2026-05-12_FMP_Technicals_CTVA_daily,2026-05-12_FMP_Technicals_CTVA_daily,entity,,,,,,,,,,,,,,,[],,,Entity
world:entity:2026-05-12-fmp-technicals-dftx-daily,2026-06-01,2026-05-12_FMP_Technicals_DFTX_daily,,,,Entities,,2026-05-12_FMP_Technicals_DFTX_daily,2026-05-12_FMP_Technicals_DFTX_daily,entity,,,,,,,,,,,,,,,[],,,Entity
world:entity:2026-05-12-fmp-technicals-dhi-daily,2026-06-01,2026-05-12_FMP_Technicals_DHI_daily,,,,Entities,,2026-05-12_FMP_Technicals_DHI_daily,2026-05-12_FMP_Technicals_DHI_daily,entity,,,,,,,,,,,,,,,[],,,Entity
world:entity:2026-05-12-fmp-technicals-dna-daily,2026-06-01,2026-05-12_FMP_Technicals_DNA_daily,,,,Entities,,2026-05-12_FMP_Technicals_DNA_daily,2026-05-12_FMP_Technicals_DNA_daily,entity,,,,,,,,,,,,,,,[],,,Entity
world:entity:2026-05-12-fmp-technicals-dpro-daily,2026-06-01,2026-05-12_FMP_Technicals_DPRO_daily,,,,Entities,,2026-05-12_FMP_Technicals_DPRO_daily,2026-05-12_FMP_Technicals_DPRO_daily,entity,,,,,,,,,,,,,,,[],,,Entity
world:entity:2026-05-12-fmp-technicals-ecpg-daily,2026-06-01,2026-05-12_FMP_Technicals_ECPG_daily,,,,Entities,,2026-05-12_FMP_Technicals_ECPG_daily,2026-05-12_FMP_Technicals_ECPG_daily,entity,,,,,,,,,,,,,,,[],,,Entity
world:entity:2026-05-12-fmp-technicals-edit-daily,2026-06-01,2026-05-12_FMP_Technicals_EDIT_daily,,,,Entities,,2026-05-12_FMP_Technicals_EDIT_daily,2026-05-12_FMP_Technicals_EDIT_daily,entity,,,,,,,,,,,,,,,[],,,Entity
world:entity:2026-05-12-fmp-technicals-eh-daily,2026-06-01,2026-05-12_FMP_Technicals_EH_daily,,,,Entities,,2026-05-12_FMP_Technicals_EH_daily,2026-05-12_FMP_Technicals_EH_daily,entity,,,,,,,,,,,,,,,[],,,Entity
world:entity:2026-05-12-fmp-technicals-envx-daily,2026-06-01,2026-05-12_FMP_Technicals_ENVX_daily,,,,Entities,,2026-05-12_FMP_Technicals_ENVX_daily,2026-05-12_FMP_Technicals_ENVX_daily,entity,,,,,,,,,,,,,,,[],,,Entity
world:entity:2026-05-12-fmp-technicals-eslt-daily,2026-06-01,2026-05-12_FMP_Technicals_ESLT_daily,,,,Entities,,2026-05-12_FMP_Technicals_ESLT_daily,2026-05-12_FMP_Technicals_ESLT_daily,entity,,,,,,,,,,,,,,,[],,,Entity
world:entity:2026-05-12-fmp-technicals-etn-daily,2026-06-01,2026-05-12_FMP_Technicals_ETN_daily,,,,Entities,,2026-05-12_FMP_Technicals_ETN_daily,2026-05-12_FMP_Technicals_ETN_daily,entity,,,,,,,,,,,,,,,[],,,Entity
world:entity:2026-05-12-fmp-technicals-evtl-daily,2026-06-01,2026-05-12_FMP_Technicals_EVTL_daily,,,,Entities,,2026-05-12_FMP_Technicals_EVTL_daily,2026-05-12_FMP_Technicals_EVTL_daily,entity,,,,,,,,,,,,,,,[],,,Entity
world:entity:2026-05-12-fmp-technicals-flnc-daily,2026-06-01,2026-05-12_FMP_Technicals_FLNC_daily,,,,Entities,,2026-05-12_FMP_Technicals_FLNC_daily,2026-05-12_FMP_Technicals_FLNC_daily,entity,,,,,,,,,,,,,,,[],,,Entity
world:entity:2026-05-12-fmp-technicals-fmc-daily,2026-06-01,2026-05-12_FMP_Technicals_FMC_daily,,,,Entities,,2026-05-12_FMP_Technicals_FMC_daily,2026-05-12_FMP_Technicals_FMC_daily,entity,,,,,,,,,,,,,,,[],,,Entity
world:entity:2026-05-12-fmp-technicals-gd-daily,2026-06-01,2026-05-12_FMP_Technicals_GD_daily,,,,Entities,,2026-05-12_FMP_Technicals_GD_daily,2026-05-12_FMP_Technicals_GD_daily,entity,,,,,,,,,,,,,,,[],,,Entity
world:entity:2026-05-12-fmp-technicals-gev-daily,2026-06-01,2026-05-12_FMP_Technicals_GEV_daily,,,,Entities,,2026-05-12_FMP_Technicals_GEV_daily,2026-05-12_FMP_Technicals_GEV_daily,entity,,,,,,,,,,,,,,,[],,,Entity
world:entity:2026-05-12-fmp-technicals-ghrs-daily,2026-06-01,2026-05-12_FMP_Technicals_GHRS_daily,,,,Entities,,2026-05-12_FMP_Technicals_GHRS_daily,2026-05-12_FMP_Technicals_GHRS_daily,entity,,,,,,,,,,,,,,,[],,,Entity
world:entity:2026-05-12-fmp-technicals-gold-daily,2026-06-01,2026-05-12_FMP_Technicals_GOLD_daily,,,,Entities,,2026-05-12_FMP_Technicals_GOLD_daily,2026-05-12_FMP_Technicals_GOLD_daily,entity,,,,,,,,,,,,,,,[],,,Entity
world:entity:2026-05-12-fmp-technicals-googl-daily,2026-06-01,2026-05-12_FMP_Technicals_GOOGL_daily,,,,Entities,,2026-05-12_FMP_Technicals_GOOGL_daily,2026-05-12_FMP_Technicals_GOOGL_daily,entity,,,,,,,,,,,,,,,[],,,Entity
world:entity:2026-05-12-fmp-technicals-help-daily,2026-06-01,2026-05-12_FMP_Technicals_HELP_daily,,,,Entities,,2026-05-12_FMP_Technicals_HELP_daily,2026-05-12_FMP_Technicals_HELP_daily,entity,,,,,,,,,,,,,,,[],,,Entity
world:entity:2026-05-12-fmp-technicals-hims-daily,2026-06-01,2026-05-12_FMP_Technicals_HIMS_daily,,,,Entities,,2026-05-12_FMP_Technicals_HIMS_daily,2026-05-12_FMP_Technicals_HIMS_daily,entity,,,,,,,,,,,,,,,[],,,Entity
world:entity:2026-05-12-fmp-technicals-hovr-daily,2026-06-01,2026-05-12_FMP_Technicals_HOVR_daily,,,,Entities,,2026-05-12_FMP_Technicals_HOVR_daily,2026-05-12_FMP_Technicals_HOVR_daily,entity,,,,,,,,,,,,,,,[],,,Entity
world:entity:2026-05-12-fmp-technicals-hubb-daily,2026-06-01,2026-05-12_FMP_Technicals_HUBB_daily,,,,Entities,,2026-05-12_FMP_Technicals_HUBB_daily,2026-05-12_FMP_Technicals_HUBB_daily,entity,,,,,,,,,,,,,,,[],,,Entity
world:entity:2026-05-12-fmp-technicals-iff-daily,2026-06-01,2026-05-12_FMP_Technicals_IFF_daily,,,,Entities,,2026-05-12_FMP_Technicals_IFF_daily,2026-05-12_FMP_Technicals_IFF_daily,entity,,,,,,,,,,,,,,,[],,,Entity
world:entity:2026-05-12-fmp-technicals-iipr-daily,2026-06-01,2026-05-12_FMP_Technicals_IIPR_daily,,,,Entities,,2026-05-12_FMP_Technicals_IIPR_daily,2026-05-12_FMP_Technicals_IIPR_daily,entity,,,,,,,,,,,,,,,[],,,Entity
world:entity:2026-05-12-fmp-technicals-inva-daily,2026-06-01,2026-05-12_FMP_Technicals_INVA_daily,,,,Entities,,2026-05-12_FMP_Technicals_INVA_daily,2026-05-12_FMP_Technicals_INVA_daily,entity,,,,,,,,,,,,,,,[],,,Entity
world:entity:2026-05-12-fmp-technicals-ionq-daily,2026-06-01,2026-05-12_FMP_Technicals_IONQ_daily,,,,Entities,,2026-05-12_FMP_Technicals_IONQ_daily,2026-05-12_FMP_Technicals_IONQ_daily,entity,,,,,,,,,,,,,,,[],,,Entity
world:entity:2026-05-12-fmp-technicals-jnj-daily,2026-06-01,2026-05-12_FMP_Technicals_JNJ_daily,,,,Entities,,2026-05-12_FMP_Technicals_JNJ_daily,2026-05-12_FMP_Technicals_JNJ_daily,entity,,,,,,,,,,,,,,,[],,,Entity
world:entity:2026-05-12-fmp-technicals-joby-daily,2026-06-01,2026-05-12_FMP_Technicals_JOBY_daily,,,,Entities,,2026-05-12_FMP_Technicals_JOBY_daily,2026-05-12_FMP_Technicals_JOBY_daily,entity,,,,,,,,,,,,,,,[],,,Entity
world:entity:2026-05-12-fmp-technicals-klac-daily,2026-06-01,2026-05-12_FMP_Technicals_KLAC_daily,,,,Entities,,2026-05-12_FMP_Technicals_KLAC_daily,2026-05-12_FMP_Technicals_KLAC_daily,entity,,,,,,,,,,,,,,,[],,,Entity
world:entity:2026-05-12-fmp-technicals-ktos-daily,2026-06-01,2026-05-12_FMP_Technicals_KTOS_daily,,,,Entities,,2026-05-12_FMP_Technicals_KTOS_daily,2026-05-12_FMP_Technicals_KTOS_daily,entity,,,,,,,,,,,,,,,[],,,Entity
world:entity:2026-05-12-fmp-technicals-ldos-daily,2026-06-01,2026-05-12_FMP_Technicals_LDOS_daily,,,,Entities,,2026-05-12_FMP_Technicals_LDOS_daily,2026-05-12_FMP_Technicals_LDOS_daily,entity,,,,,,,,,,,,,,,[],,,Entity
world:entity:2026-05-12-fmp-technicals-len-daily,2026-06-01,2026-05-12_FMP_Technicals_LEN_daily,,,,Entities,,2026-05-12_FMP_Technicals_LEN_daily,2026-05-12_FMP_Technicals_LEN_daily,entity,,,,,,,,,,,,,,,[],,,Entity
world:entity:2026-05-12-fmp-technicals-lhx-daily,2026-06-01,2026-05-12_FMP_Technicals_LHX_daily,,,,Entities,,2026-05-12_FMP_Technicals_LHX_daily,2026-05-12_FMP_Technicals_LHX_daily,entity,,,,,,,,,,,,,,,[],,,Entity
world:entity:2026-05-12-fmp-technicals-lly-daily,2026-06-01,2026-05-12_FMP_Technicals_LLY_daily,,,,Entities,,2026-05-12_FMP_Technicals_LLY_daily,2026-05-12_FMP_Technicals_LLY_daily,entity,,,,,,,,,,,,,,,[],,,Entity
world:entity:2026-05-12-fmp-technicals-lmt-daily,2026-06-01,2026-05-12_FMP_Technicals_LMT_daily,,,,Entities,,2026-05-12_FMP_Technicals_LMT_daily,2026-05-12_FMP_Technicals_LMT_daily,entity,,,,,,,,,,,,,,,[],,,Entity
world:entity:2026-05-12-fmp-technicals-lrcx-daily,2026-06-01,2026-05-12_FMP_Technicals_LRCX_daily,,,,Entities,,2026-05-12_FMP_Technicals_LRCX_daily,2026-05-12_FMP_Technicals_LRCX_daily,entity,,,,,,,,,,,,,,,[],,,Entity
world:entity:2026-05-12-fmp-technicals-mnts-daily,2026-06-01,2026-05-12_FMP_Technicals_MNTS_daily,,,,Entities,,2026-05-12_FMP_Technicals_MNTS_daily,2026-05-12_FMP_Technicals_MNTS_daily,entity,,,,,,,,,,,,,,,[],,,Entity
world:entity:2026-05-12-fmp-technicals-mrk-daily,2026-06-01,2026-05-12_FMP_Technicals_MRK_daily,,,,Entities,,2026-05-12_FMP_Technicals_MRK_daily,2026-05-12_FMP_Technicals_MRK_daily,entity,,,,,,,,,,,,,,,[],,,Entity
world:entity:2026-05-12-fmp-technicals-msft-daily,2026-06-01,2026-05-12_FMP_Technicals_MSFT_daily,,,,Entities,,2026-05-12_FMP_Technicals_MSFT_daily,2026-05-12_FMP_Technicals_MSFT_daily,entity,,,,,,,,,,,,,,,[],,,Entity
world:entity:2026-05-12-fmp-technicals-mstr-daily,2026-06-01,2026-05-12_FMP_Technicals_MSTR_daily,,,,Entities,,2026-05-12_FMP_Technicals_MSTR_daily,2026-05-12_FMP_Technicals_MSTR_daily,entity,,,,,,,,,,,,,,,[],,,Entity
world:entity:2026-05-12-fmp-technicals-mtz-daily,2026-06-01,2026-05-12_FMP_Technicals_MTZ_daily,,,,Entities,,2026-05-12_FMP_Technicals_MTZ_daily,2026-05-12_FMP_Technicals_MTZ_daily,entity,,,,,,,,,,,,,,,[],,,Entity
world:entity:2026-05-12-fmp-technicals-myrg-daily,2026-06-01,2026-05-12_FMP_Technicals_MYRG_daily,,,,Entities,,2026-05-12_FMP_Technicals_MYRG_daily,2026-05-12_FMP_Technicals_MYRG_daily,entity,,,,,,,,,,,,,,,[],,,Entity
world:entity:2026-05-12-fmp-technicals-nbix-daily,2026-06-01,2026-05-12_FMP_Technicals_NBIX_daily,,,,Entities,,2026-05-12_FMP_Technicals_NBIX_daily,2026-05-12_FMP_Technicals_NBIX_daily,entity,,,,,,,,,,,,,,,[],,,Entity
world:entity:2026-05-12-fmp-technicals-nem-daily,2026-06-01,2026-05-12_FMP_Technicals_NEM_daily,,,,Entities,,2026-05-12_FMP_Technicals_NEM_daily,2026-05-12_FMP_Technicals_NEM_daily,entity,,,,,,,,,,,,,,,[],,,Entity
world:entity:2026-05-12-fmp-technicals-nktr-daily,2026-06-01,2026-05-12_FMP_Technicals_NKTR_daily,,,,Entities,,2026-05-12_FMP_Technicals_NKTR_daily,2026-05-12_FMP_Technicals_NKTR_daily,entity,,,,,,,,,,,,,,,[],,,Entity
world:entity:2026-05-12-fmp-technicals-nne-daily,2026-06-01,2026-05-12_FMP_Technicals_NNE_daily,,,,Entities,,2026-05-12_FMP_Technicals_NNE_daily,2026-05-12_FMP_Technicals_NNE_daily,entity,,,,,,,,,,,,,,,[],,,Entity
world:entity:2026-05-12-fmp-technicals-noc-daily,2026-06-01,2026-05-12_FMP_Technicals_NOC_daily,,,,Entities,,2026-05-12_FMP_Technicals_NOC_daily,2026-05-12_FMP_Technicals_NOC_daily,entity,,,,,,,,,,,,,,,[],,,Entity
world:entity:2026-05-12-fmp-technicals-nrg-daily,2026-06-01,2026-05-12_FMP_Technicals_NRG_daily,,,,Entities,,2026-05-12_FMP_Technicals_NRG_daily,2026-05-12_FMP_Technicals_NRG_daily,entity,,,,,,,,,,,,,,,[],,,Entity
world:entity:2026-05-12-fmp-technicals-ntla-daily,2026-06-01,2026-05-12_FMP_Technicals_NTLA_daily,,,,Entities,,2026-05-12_FMP_Technicals_NTLA_daily,2026-05-12_FMP_Technicals_NTLA_daily,entity,,,,,,,,,,,,,,,[],,,Entity
world:entity:2026-05-12-fmp-technicals-nvda-daily,2026-06-01,2026-05-12_FMP_Technicals_NVDA_daily,,,,Entities,,2026-05-12_FMP_Technicals_NVDA_daily,2026-05-12_FMP_Technicals_NVDA_daily,entity,,,,,,,,,,,,,,,[],,,Entity
world:entity:2026-05-12-fmp-technicals-nvr-daily,2026-06-01,2026-05-12_FMP_Technicals_NVR_daily,,,,Entities,,2026-05-12_FMP_Technicals_NVR_daily,2026-05-12_FMP_Technicals_NVR_daily,entity,,,,,,,,,,,,,,,[],,,Entity
world:entity:2026-05-12-fmp-technicals-oklo-daily,2026-06-01,2026-05-12_FMP_Technicals_OKLO_daily,,,,Entities,,2026-05-12_FMP_Technicals_OKLO_daily,2026-05-12_FMP_Technicals_OKLO_daily,entity,,,,,,,,,,,,,,,[],,,Entity
world:entity:2026-05-12-fmp-technicals-on-daily,2026-06-01,2026-05-12_FMP_Technicals_ON_daily,,,,Entities,,2026-05-12_FMP_Technicals_ON_daily,2026-05-12_FMP_Technicals_ON_daily,entity,,,,,,,,,,,,,,,[],,,Entity
world:entity:2026-05-12-fmp-technicals-onds-daily,2026-06-01,2026-05-12_FMP_Technicals_ONDS_daily,,,,Entities,,2026-05-12_FMP_Technicals_ONDS_daily,2026-05-12_FMP_Technicals_ONDS_daily,entity,,,,,,,,,,,,,,,[],,,Entity
world:entity:2026-05-12-fmp-technicals-onto-daily,2026-06-01,2026-05-12_FMP_Technicals_ONTO_daily,,,,Entities,,2026-05-12_FMP_Technicals_ONTO_daily,2026-05-12_FMP_Technicals_ONTO_daily,entity,,,,,,,,,,,,,,,[],,,Entity
world:entity:2026-05-12-fmp-technicals-pdfs-daily,2026-06-01,2026-05-12_FMP_Technicals_PDFS_daily,,,,Entities,,2026-05-12_FMP_Technicals_PDFS_daily,2026-05-12_FMP_Technicals_PDFS_daily,entity,,,,,,,,,,,,,,,[],,,Entity
world:entity:2026-05-12-fmp-technicals-pfe-daily,2026-06-01,2026-05-12_FMP_Technicals_PFE_daily,,,,Entities,,2026-05-12_FMP_Technicals_PFE_daily,2026-05-12_FMP_Technicals_PFE_daily,entity,,,,,,,,,,,,,,,[],,,Entity
world:entity:2026-05-12-fmp-technicals-pl-daily,2026-06-01,2026-05-12_FMP_Technicals_PL_daily,,,,Entities,,2026-05-12_FMP_Technicals_PL_daily,2026-05-12_FMP_Technicals_PL_daily,entity,,,,,,,,,,,,,,,[],,,Entity
world:entity:2026-05-12-fmp-technicals-pltr-daily,2026-06-01,2026-05-12_FMP_Technicals_PLTR_daily,,,,Entities,,2026-05-12_FMP_Technicals_PLTR_daily,2026-05-12_FMP_Technicals_PLTR_daily,entity,,,,,,,,,,,,,,,[],,,Entity
world:entity:2026-05-12-fmp-technicals-powl-daily,2026-06-01,2026-05-12_FMP_Technicals_POWL_daily,,,,Entities,,2026-05-12_FMP_Technicals_POWL_daily,2026-05-12_FMP_Technicals_POWL_daily,entity,,,,,,,,,,,,,,,[],,,Entity
world:entity:2026-05-12-fmp-technicals-ppih-daily,2026-06-01,2026-05-12_FMP_Technicals_PPIH_daily,,,,Entities,,2026-05-12_FMP_Technicals_PPIH_daily,2026-05-12_FMP_Technicals_PPIH_daily,entity,,,,,,,,,,,,,,,[],,,Entity
world:entity:2026-05-12-fmp-technicals-prks-daily,2026-06-01,2026-05-12_FMP_Technicals_PRKS_daily,,,,Entities,,2026-05-12_FMP_Technicals_PRKS_daily,2026-05-12_FMP_Technicals_PRKS_daily,entity,,,,,,,,,,,,,,,[],,,Entity
world:entity:2026-05-12-fmp-technicals-prta-daily,2026-06-01,2026-05-12_FMP_Technicals_PRTA_daily,,,,Entities,,2026-05-12_FMP_Technicals_PRTA_daily,2026-05-12_FMP_Technicals_PRTA_daily,entity,,,,,,,,,,,,,,,[],,,Entity
world:entity:2026-05-12-fmp-technicals-psil-daily,2026-06-01,2026-05-12_FMP_Technicals_PSIL_daily,,,,Entities,,2026-05-12_FMP_Technicals_PSIL_daily,2026-05-12_FMP_Technicals_PSIL_daily,entity,,,,,,,,,,,,,,,[],,,Entity
world:entity:2026-05-12-fmp-technicals-pwr-daily,2026-06-01,2026-05-12_FMP_Technicals_PWR_daily,,,,Entities,,2026-05-12_FMP_Technicals_PWR_daily,2026-05-12_FMP_Technicals_PWR_daily,entity,,,,,,,,,,,,,,,[],,,Entity
world:entity:2026-05-12-fmp-technicals-qubt-daily,2026-06-01,2026-05-12_FMP_Technicals_QUBT_daily,,,,Entities,,2026-05-12_FMP_Technicals_QUBT_daily,2026-05-12_FMP_Technicals_QUBT_daily,entity,,,,,,,,,,,,,,,[],,,Entity
world:entity:2026-05-12-fmp-technicals-rcat-daily,2026-06-01,2026-05-12_FMP_Technicals_RCAT_daily,,,,Entities,,2026-05-12_FMP_Technicals_RCAT_daily,2026-05-12_FMP_Technicals_RCAT_daily,entity,,,,,,,,,,,,,,,[],,,Entity
world:entity:2026-05-12-fmp-technicals-rgti-daily,2026-06-01,2026-05-12_FMP_Technicals_RGTI_daily,,,,Entities,,2026-05-12_FMP_Technicals_RGTI_daily,2026-05-12_FMP_Technicals_RGTI_daily,entity,,,,,,,,,,,,,,,[],,,Entity
world:entity:2026-05-12-fmp-technicals-rklb-daily,2026-06-01,2026-05-12_FMP_Technicals_RKLB_daily,,,,Entities,,2026-05-12_FMP_Technicals_RKLB_daily,2026-05-12_FMP_Technicals_RKLB_daily,entity,,,,,,,,,,,,,,,[],,,Entity
world:entity:2026-05-12-fmp-technicals-rprx-daily,2026-06-01,2026-05-12_FMP_Technicals_RPRX_daily,,,,Entities,,2026-05-12_FMP_Technicals_RPRX_daily,2026-05-12_FMP_Technicals_RPRX_daily,entity,,,,,,,,,,,,,,,[],,,Entity
world:entity:2026-05-12-fmp-technicals-rtx-daily,2026-06-01,2026-05-12_FMP_Technicals_RTX_daily,,,,Entities,,2026-05-12_FMP_Technicals_RTX_daily,2026-05-12_FMP_Technicals_RTX_daily,entity,,,,,,,,,,,,,,,[],,,Entity
world:entity:2026-05-12-fmp-technicals-saic-daily,2026-06-01,2026-05-12_FMP_Technicals_SAIC_daily,,,,Entities,,2026-05-12_FMP_Technicals_SAIC_daily,2026-05-12_FMP_Technicals_SAIC_daily,entity,,,,,,,,,,,,,,,[],,,Entity
world:entity:2026-05-12-fmp-technicals-sky-daily,2026-06-01,2026-05-12_FMP_Technicals_SKY_daily,,,,Entities,,2026-05-12_FMP_Technicals_SKY_daily,2026-05-12_FMP_Technicals_SKY_daily,entity,,,,,,,,,,,,,,,[],,,Entity
world:entity:2026-05-12-fmp-technicals-smr-daily,2026-06-01,2026-05-12_FMP_Technicals_SMR_daily,,,,Entities,,2026-05-12_FMP_Technicals_SMR_daily,2026-05-12_FMP_Technicals_SMR_daily,entity,,,,,,,,,,,,,,,[],,,Entity
world:entity:2026-05-12-fmp-technicals-spir-daily,2026-06-01,2026-05-12_FMP_Technicals_SPIR_daily,,,,Entities,,2026-05-12_FMP_Technicals_SPIR_daily,2026-05-12_FMP_Technicals_SPIR_daily,entity,,,,,,,,,,,,,,,[],,,Entity
world:entity:2026-05-12-fmp-technicals-spro-daily,2026-06-01,2026-05-12_FMP_Technicals_SPRO_daily,,,,Entities,,2026-05-12_FMP_Technicals_SPRO_daily,2026-05-12_FMP_Technicals_SPRO_daily,entity,,,,,,,,,,,,,,,[],,,Entity
world:entity:2026-05-12-fmp-technicals-stem-daily,2026-06-01,2026-05-12_FMP_Technicals_STEM_daily,,,,Entities,,2026-05-12_FMP_Technicals_STEM_daily,2026-05-12_FMP_Technicals_STEM_daily,entity,,,,,,,,,,,,,,,[],,,Entity
world:entity:2026-05-12-fmp-technicals-strl-daily,2026-06-01,2026-05-12_FMP_Technicals_STRL_daily,,,,Entities,,2026-05-12_FMP_Technicals_STRL_daily,2026-05-12_FMP_Technicals_STRL_daily,entity,,,,,,,,,,,,,,,[],,,Entity
world:entity:2026-05-12-fmp-technicals-tdy-daily,2026-06-01,2026-05-12_FMP_Technicals_TDY_daily,,,,Entities,,2026-05-12_FMP_Technicals_TDY_daily,2026-05-12_FMP_Technicals_TDY_daily,entity,,,,,,,,,,,,,,,[],,,Entity
world:entity:2026-05-12-fmp-technicals-tmhc-daily,2026-06-01,2026-05-12_FMP_Technicals_TMHC_daily,,,,Entities,,2026-05-12_FMP_Technicals_TMHC_daily,2026-05-12_FMP_Technicals_TMHC_daily,entity,,,,,,,,,,,,,,,[],,,Entity
world:entity:2026-05-12-fmp-technicals-tmo-daily,2026-06-01,2026-05-12_FMP_Technicals_TMO_daily,,,,Entities,,2026-05-12_FMP_Technicals_TMO_daily,2026-05-12_FMP_Technicals_TMO_daily,entity,,,,,,,,,,,,,,,[],,,Entity
world:entity:2026-05-12-fmp-technicals-tnc-daily,2026-06-01,2026-05-12_FMP_Technicals_TNC_daily,,,,Entities,,2026-05-12_FMP_Technicals_TNC_daily,2026-05-12_FMP_Technicals_TNC_daily,entity,,,,,,,,,,,,,,,[],,,Entity
world:entity:2026-05-12-fmp-technicals-tol-daily,2026-06-01,2026-05-12_FMP_Technicals_TOL_daily,,,,Entities,,2026-05-12_FMP_Technicals_TOL_daily,2026-05-12_FMP_Technicals_TOL_daily,entity,,,,,,,,,,,,,,,[],,,Entity
world:entity:2026-05-12-fmp-technicals-tsla-daily,2026-06-01,2026-05-12_FMP_Technicals_TSLA_daily,,,,Entities,,2026-05-12_FMP_Technicals_TSLA_daily,2026-05-12_FMP_Technicals_TSLA_daily,entity,,,,,,,,,,,,,,,[],,,Entity
world:entity:2026-05-12-fmp-technicals-tsn-daily,2026-06-01,2026-05-12_FMP_Technicals_TSN_daily,,,,Entities,,2026-05-12_FMP_Technicals_TSN_daily,2026-05-12_FMP_Technicals_TSN_daily,entity,,,,,,,,,,,,,,,[],,,Entity
world:entity:2026-05-12-fmp-technicals-twst-daily,2026-06-01,2026-05-12_FMP_Technicals_TWST_daily,,,,Entities,,2026-05-12_FMP_Technicals_TWST_daily,2026-05-12_FMP_Technicals_TWST_daily,entity,,,,,,,,,,,,,,,[],,,Entity
world:entity:2026-05-12-fmp-technicals-txt-daily,2026-06-01,2026-05-12_FMP_Technicals_TXT_daily,,,,Entities,,2026-05-12_FMP_Technicals_TXT_daily,2026-05-12_FMP_Technicals_TXT_daily,entity,,,,,,,,,,,,,,,[],,,Entity
world:entity:2026-05-12-fmp-technicals-ufpt-daily,2026-06-01,2026-05-12_FMP_Technicals_UFPT_daily,,,,Entities,,2026-05-12_FMP_Technicals_UFPT_daily,2026-05-12_FMP_Technicals_UFPT_daily,entity,,,,,,,,,,,,,,,[],,,Entity
world:entity:2026-05-12-fmp-technicals-umac-daily,2026-06-01,2026-05-12_FMP_Technicals_UMAC_daily,,,,Entities,,2026-05-12_FMP_Technicals_UMAC_daily,2026-05-12_FMP_Technicals_UMAC_daily,entity,,,,,,,,,,,,,,,[],,,Entity
world:entity:2026-05-12-fmp-technicals-unty-daily,2026-06-01,2026-05-12_FMP_Technicals_UNTY_daily,,,,Entities,,2026-05-12_FMP_Technicals_UNTY_daily,2026-05-12_FMP_Technicals_UNTY_daily,entity,,,,,,,,,,,,,,,[],,,Entity
world:entity:2026-05-12-fmp-technicals-vktx-daily,2026-06-01,2026-05-12_FMP_Technicals_VKTX_daily,,,,Entities,,2026-05-12_FMP_Technicals_VKTX_daily,2026-05-12_FMP_Technicals_VKTX_daily,entity,,,,,,,,,,,,,,,[],,,Entity
world:entity:2026-05-12-fmp-technicals-vst-daily,2026-06-01,2026-05-12_FMP_Technicals_VST_daily,,,,Entities,,2026-05-12_FMP_Technicals_VST_daily,2026-05-12_FMP_Technicals_VST_daily,entity,,,,,,,,,,,,,,,[],,,Entity
world:entity:2026-05-12-fmp-technicals-wcc-daily,2026-06-01,2026-05-12_FMP_Technicals_WCC_daily,,,,Entities,,2026-05-12_FMP_Technicals_WCC_daily,2026-05-12_FMP_Technicals_WCC_daily,entity,,,,,,,,,,,,,,,[],,,Entity
world:entity:2026-05-12-fmp-technicals-wolf-daily,2026-06-01,2026-05-12_FMP_Technicals_WOLF_daily,,,,Entities,,2026-05-12_FMP_Technicals_WOLF_daily,2026-05-12_FMP_Technicals_WOLF_daily,entity,,,,,,,,,,,,,,,[],,,Entity
world:entity:2026-05-12-fmp-technicals-wpm-daily,2026-06-01,2026-05-12_FMP_Technicals_WPM_daily,,,,Entities,,2026-05-12_FMP_Technicals_WPM_daily,2026-05-12_FMP_Technicals_WPM_daily,entity,,,,,,,,,,,,,,,[],,,Entity
world:entity:2026-05-12-fmp-technicals-xoma-daily,2026-06-01,2026-05-12_FMP_Technicals_XOMA_daily,,,,Entities,,2026-05-12_FMP_Technicals_XOMA_daily,2026-05-12_FMP_Technicals_XOMA_daily,entity,,,,,,,,,,,,,,,[],,,Entity
world:entity:2026-05-12-fmp-thesis-watchlist-capital-raise-survivors-small-cap-inflection-basket,2026-06-01,2026-05-12_FMP_Thesis_Watchlist_Capital_Raise_Survivors_Small-Cap_Inflection_Basket,,,,Entities,,2026-05-12_FMP_Thesis_Watchlist_Capital_Raise_Survivors_Small-Cap_Inflection_Basket,2026-05-12_FMP_Thesis_Watchlist_Capital_Raise_Survivors_Small-Cap_Inflection_Basket,entity,,,,,,,,,,,,,,,[],,,Entity
world:entity:2026-05-12-fmp-thesis-watchlist-defense-ai-autonomous-warfare,2026-06-01,2026-05-12_FMP_Thesis_Watchlist_Defense_AI_&_Autonomous_Warfare,,,,Entities,,2026-05-12_FMP_Thesis_Watchlist_Defense_AI_&_Autonomous_Warfare,2026-05-12_FMP_Thesis_Watchlist_Defense_AI_&_Autonomous_Warfare,entity,,,,,,,,,,,,,,,[],,,Entity
world:entity:2026-05-12-fmp-thesis-watchlist-dollar-debasement-hard-money,2026-06-01,2026-05-12_FMP_Thesis_Watchlist_Dollar_Debasement_&_Hard_Money,,,,Entities,,2026-05-12_FMP_Thesis_Watchlist_Dollar_Debasement_&_Hard_Money,2026-05-12_FMP_Thesis_Watchlist_Dollar_Debasement_&_Hard_Money,entity,,,,,,,,,,,,,,,[],,,Entity
world:entity:2026-05-12-fmp-thesis-watchlist-drone-autonomous-systems-revolution,2026-06-01,2026-05-12_FMP_Thesis_Watchlist_Drone_&_Autonomous_Systems_Revolution,,,,Entities,,2026-05-12_FMP_Thesis_Watchlist_Drone_&_Autonomous_Systems_Revolution,2026-05-12_FMP_Thesis_Watchlist_Drone_&_Autonomous_Systems_Revolution,entity,,,,,,,,,,,,,,,[],,,Entity
world:entity:2026-05-12-fmp-thesis-watchlist-fiscal-scarcity-rearmament,2026-06-01,2026-05-12_FMP_Thesis_Watchlist_Fiscal_Scarcity_Rearmament,,,,Entities,,2026-05-12_FMP_Thesis_Watchlist_Fiscal_Scarcity_Rearmament,2026-05-12_FMP_Thesis_Watchlist_Fiscal_Scarcity_Rearmament,entity,,,,,,,,,,,,,,,[],,,Entity
world:entity:2026-05-12-fmp-thesis-watchlist-gene-editing-crispr-therapeutics,2026-06-01,2026-05-12_FMP_Thesis_Watchlist_Gene_Editing_&_CRISPR_Therapeutics,,,,Entities,,2026-05-12_FMP_Thesis_Watchlist_Gene_Editing_&_CRISPR_Therapeutics,2026-05-12_FMP_Thesis_Watchlist_Gene_Editing_&_CRISPR_Therapeutics,entity,,,,,,,,,,,,,,,[],,,Entity
world:entity:2026-05-12-fmp-thesis-watchlist-glp-1-metabolic-disease-revolution,2026-06-01,2026-05-12_FMP_Thesis_Watchlist_GLP-1_Metabolic_Disease_Revolution,,,,Entities,,2026-05-12_FMP_Thesis_Watchlist_GLP-1_Metabolic_Disease_Revolution,2026-05-12_FMP_Thesis_Watchlist_GLP-1_Metabolic_Disease_Revolution,entity,,,,,,,,,,,,,,,[],,,Entity
world:entity:2026-05-12-fmp-thesis-watchlist-grid-scale-battery-storage,2026-06-01,2026-05-12_FMP_Thesis_Watchlist_Grid-Scale_Battery_Storage,,,,Entities,,2026-05-12_FMP_Thesis_Watchlist_Grid-Scale_Battery_Storage,2026-05-12_FMP_Thesis_Watchlist_Grid-Scale_Battery_Storage,entity,,,,,,,,,,,,,,,[],,,Entity
world:entity:2026-05-12-fmp-thesis-watchlist-housing-supply-correction,2026-06-01,2026-05-12_FMP_Thesis_Watchlist_Housing_Supply_Correction,,,,Entities,,2026-05-12_FMP_Thesis_Watchlist_Housing_Supply_Correction,2026-05-12_FMP_Thesis_Watchlist_Housing_Supply_Correction,entity,,,,,,,,,,,,,,,[],,,Entity
world:entity:2026-05-12-fmp-thesis-watchlist-hypersonic-weapons-advanced-defense-systems,2026-06-01,2026-05-12_FMP_Thesis_Watchlist_Hypersonic_Weapons_&_Advanced_Defense_Systems,,,,Entities,,2026-05-12_FMP_Thesis_Watchlist_Hypersonic_Weapons_&_Advanced_Defense_Systems,2026-05-12_FMP_Thesis_Watchlist_Hypersonic_Weapons_&_Advanced_Defense_Systems,entity,,,,,,,,,,,,,,,[],,,Entity
world:entity:2026-05-12-fmp-thesis-watchlist-nuclear-renaissance-small-modular-reactors,2026-06-01,2026-05-12_FMP_Thesis_Watchlist_Nuclear_Renaissance_&_Small_Modular_Reactors,,,,Entities,,2026-05-12_FMP_Thesis_Watchlist_Nuclear_Renaissance_&_Small_Modular_Reactors,2026-05-12_FMP_Thesis_Watchlist_Nuclear_Renaissance_&_Small_Modular_Reactors,entity,,,,,,,,,,,,,,,[],,,Entity
world:entity:2026-05-12-fmp-thesis-watchlist-psychedelic-mental-health-revolution,2026-06-01,2026-05-12_FMP_Thesis_Watchlist_Psychedelic_Mental_Health_Revolution,,,,Entities,,2026-05-12_FMP_Thesis_Watchlist_Psychedelic_Mental_Health_Revolution,2026-05-12_FMP_Thesis_Watchlist_Psychedelic_Mental_Health_Revolution,entity,,,,,,,,,,,,,,,[],,,Entity
world:entity:2026-05-12-fmp-thesis-watchlist-quantum-computing,2026-06-01,2026-05-12_FMP_Thesis_Watchlist_Quantum_Computing,,,,Entities,,2026-05-12_FMP_Thesis_Watchlist_Quantum_Computing,2026-05-12_FMP_Thesis_Watchlist_Quantum_Computing,entity,,,,,,,,,,,,,,,[],,,Entity
world:entity:2026-05-12-fmp-thesis-watchlist-space-domain-awareness-commercial-space,2026-06-01,2026-05-12_FMP_Thesis_Watchlist_Space_Domain_Awareness_&_Commercial_Space,,,,Entities,,2026-05-12_FMP_Thesis_Watchlist_Space_Domain_Awareness_&_Commercial_Space,2026-05-12_FMP_Thesis_Watchlist_Space_Domain_Awareness_&_Commercial_Space,entity,,,,,,,,,,,,,,,[],,,Entity
world:entity:2026-05-12-fred-liquidity,2026-06-01,2026-05-12_FRED_Liquidity,,,,Entities,,2026-05-12_FRED_Liquidity,2026-05-12_FRED_Liquidity,entity,,,,,,,,,,,,,,,[],,,Entity
world:entity:2026-05-12-macro-private-markets-and-liquidity-research-batch,2026-06-01,2026-05-12 - Macro Private Markets and Liquidity Research Batch,,,,Entities,,2026-05-12 - Macro Private Markets and Liquidity Research Batch,2026-05-12 - Macro Private Markets and Liquidity Research Batch,entity,,,,,,,,,,,,,,,[],,,Entity
world:entity:2026-05-12-opportunity-viewpoints,2026-06-01,2026-05-12_Opportunity_Viewpoints,,,,Entities,,2026-05-12_Opportunity_Viewpoints,2026-05-12_Opportunity_Viewpoints,entity,,,,,,,,,,,,,,,[],,,Entity
world:entity:2026-05-12-orb-entropy-screen,2026-06-01,2026-05-12_ORB_Entropy_Screen,,,,Entities,,2026-05-12_ORB_Entropy_Screen,2026-05-12_ORB_Entropy_Screen,entity,,,,,,,,,,,,,,,[],,,Entity
world:entity:2026-05-12-pair-metrics,2026-06-01,2026-05-12_Pair_Metrics,,,,Entities,,2026-05-12_Pair_Metrics,2026-05-12_Pair_Metrics,entity,,,,,,,,,,,,,,,[],,,Entity
world:entity:2026-05-12-pead-watch,2026-06-01,2026-05-12_PEAD_Watch,,,,Entities,,2026-05-12_PEAD_Watch,2026-05-12_PEAD_Watch,entity,,,,,,,,,,,,,,,[],,,Entity
world:entity:2026-05-12-policy-tail-risks,2026-06-01,2026-05-12 - Policy Tail Risks,,,,Entities,,2026-05-12 - Policy Tail Risks,2026-05-12 - Policy Tail Risks,entity,,,,,,,,,,,,,,,[],,,Entity
world:entity:2026-05-12-semiconductor-bubble-derisking-watchpoints,2026-06-01,2026-05-12 - Semiconductor Bubble Derisking Watchpoints,,,,Entities,,2026-05-12 - Semiconductor Bubble Derisking Watchpoints,2026-05-12 - Semiconductor Bubble Derisking Watchpoints,entity,,,,,,,,,,,,,,,[],,,Entity
world:entity:2026-05-12-sweden-privatization-and-annuity-policy,2026-06-01,2026-05-12 - Sweden Privatization and Annuity Policy,,,,Entities,,2026-05-12 - Sweden Privatization and Annuity Policy,2026-05-12 - Sweden Privatization and Annuity Policy,entity,,,,,,,,,,,,,,,[],,,Entity
world:entity:2026-05-12-tlt-death-cross-and-sox-parabolic,2026-06-01,2026-05-12 - TLT Death Cross and SOX Parabolic,,,,Entities,,2026-05-12 - TLT Death Cross and SOX Parabolic,2026-05-12 - TLT Death Cross and SOX Parabolic,entity,,,,,,,,,,,,,,,[],,,Entity
world:entity:2026-05-12-wasde-may-2026-crop-supply-demand,2026-06-01,2026-05-12 - WASDE May 2026 Crop Supply Demand,,,,Entities,,2026-05-12 - WASDE May 2026 Crop Supply Demand,2026-05-12 - WASDE May 2026 Crop Supply Demand,entity,,,,,,,,,,,,,,,[],,,Entity
world:entity:2026-05-13-affordability-stress-and-consumer-substitution,2026-06-01,2026-05-13 - Affordability Stress and Consumer Substitution,,,,Entities,,2026-05-13 - Affordability Stress and Consumer Substitution,2026-05-13 - Affordability Stress and Consumer Substitution,entity,,,,,,,,,,,,,,,[],,,Entity
world:entity:2026-05-13-agent-analysis-all-theses,2026-06-01,2026-05-13_Agent_Analysis_All_Theses,,,,Entities,,2026-05-13_Agent_Analysis_All_Theses,2026-05-13_Agent_Analysis_All_Theses,entity,,,,,,,,,,,,,,,[],,,Entity
world:entity:2026-05-13-agent-analysis-amzn,2026-06-01,2026-05-13_Agent_Analysis_AMZN,,,,Entities,,2026-05-13_Agent_Analysis_AMZN,2026-05-13_Agent_Analysis_AMZN,entity,,,,,,,,,,,,,,,[],,,Entity
world:entity:2026-05-13-agent-analysis-etn,2026-06-01,2026-05-13_Agent_Analysis_ETN,,,,Entities,,2026-05-13_Agent_Analysis_ETN,2026-05-13_Agent_Analysis_ETN,entity,,,,,,,,,,,,,,,[],,,Entity
world:entity:2026-05-13-agent-analysis-gev,2026-06-01,2026-05-13_Agent_Analysis_GEV,,,,Entities,,2026-05-13_Agent_Analysis_GEV,2026-05-13_Agent_Analysis_GEV,entity,,,,,,,,,,,,,,,[],,,Entity
world:entity:2026-05-13-agent-analysis-msft,2026-06-01,2026-05-13_Agent_Analysis_MSFT,,,,Entities,,2026-05-13_Agent_Analysis_MSFT,2026-05-13_Agent_Analysis_MSFT,entity,,,,,,,,,,,,,,,[],,,Entity
world:entity:2026-05-13-agent-analysis-nrg,2026-06-01,2026-05-13_Agent_Analysis_NRG,,,,Entities,,2026-05-13_Agent_Analysis_NRG,2026-05-13_Agent_Analysis_NRG,entity,,,,,,,,,,,,,,,[],,,Entity
world:entity:2026-05-13-agent-analysis-pltr,2026-06-01,2026-05-13_Agent_Analysis_PLTR,,,,Entities,,2026-05-13_Agent_Analysis_PLTR,2026-05-13_Agent_Analysis_PLTR,entity,,,,,,,,,,,,,,,[],,,Entity
world:entity:2026-05-13-agent-analysis-strl,2026-06-01,2026-05-13_Agent_Analysis_STRL,,,,Entities,,2026-05-13_Agent_Analysis_STRL,2026-05-13_Agent_Analysis_STRL,entity,,,,,,,,,,,,,,,[],,,Entity
world:entity:2026-05-13-agent-analysis-vst,2026-06-01,2026-05-13_Agent_Analysis_VST,,,,Entities,,2026-05-13_Agent_Analysis_VST,2026-05-13_Agent_Analysis_VST,entity,,,,,,,,,,,,,,,[],,,Entity
world:entity:2026-05-13-daily-vault-state-observation,2026-06-01,2026-05-13 - Daily Vault State Observation,,,,Entities,,2026-05-13 - Daily Vault State Observation,2026-05-13 - Daily Vault State Observation,entity,,,,,,,,,,,,,,,[],,,Entity
world:entity:2026-05-13-energy-food-consumer-and-market-structure-inbox-batch,2026-06-01,2026-05-13 - Energy Food Consumer and Market Structure Inbox Batch,,,,Entities,,2026-05-13 - Energy Food Consumer and Market Structure Inbox Batch,2026-05-13 - Energy Food Consumer and Market Structure Inbox Batch,entity,,,,,,,,,,,,,,,[],,,Entity
world:entity:2026-05-13-entropy-monitor-spy-qqq,2026-06-01,2026-05-13_Entropy_Monitor_SPY_QQQ,,,,Entities,,2026-05-13_Entropy_Monitor_SPY_QQQ,2026-05-13_Entropy_Monitor_SPY_QQQ,entity,,,,,,,,,,,,,,,[],,,Entity
world:entity:2026-05-13-eod-vault-state,2026-06-01,2026-05-13 EOD Vault State,,,,Entities,,2026-05-13 EOD Vault State,2026-05-13 EOD Vault State,entity,,,,,,,,,,,,,,,[],,,Entity
world:entity:2026-05-13-fiscal-duration-ai-earnings-and-political-risk,2026-06-01,2026-05-13 - Fiscal Duration AI Earnings and Political Risk,,,,Entities,,2026-05-13 - Fiscal Duration AI Earnings and Political Risk,2026-05-13 - Fiscal Duration AI Earnings and Political Risk,entity,,,,,,,,,,,,,,,[],,,Entity
world:entity:2026-05-13-fiscal-duration-and-ai-systemic-risk-watchpoints,2026-06-01,2026-05-13 - Fiscal Duration and AI Systemic Risk Watchpoints,,,,Entities,,2026-05-13 - Fiscal Duration and AI Systemic Risk Watchpoints,2026-05-13 - Fiscal Duration and AI Systemic Risk Watchpoints,entity,,,,,,,,,,,,,,,[],,,Entity
world:entity:2026-05-13-fmp-earnings-calendar-thesis-watchlists,2026-06-01,2026-05-13_FMP_Earnings_Calendar_Thesis_Watchlists,,,,Entities,,2026-05-13_FMP_Earnings_Calendar_Thesis_Watchlists,2026-05-13_FMP_Earnings_Calendar_Thesis_Watchlists,entity,,,,,,,,,,,,,,,[],,,Entity
world:entity:2026-05-13-fmp-economiccalendar,2026-06-01,2026-05-13_FMP_EconomicCalendar,,,,Entities,,2026-05-13_FMP_EconomicCalendar,2026-05-13_FMP_EconomicCalendar,entity,,,,,,,,,,,,,,,[],,,Entity
world:entity:2026-05-13-fmp-technicals-abbv-daily,2026-06-01,2026-05-13_FMP_Technicals_ABBV_daily,,,,Entities,,2026-05-13_FMP_Technicals_ABBV_daily,2026-05-13_FMP_Technicals_ABBV_daily,entity,,,,,,,,,,,,,,,[],,,Entity
world:entity:2026-05-13-fmp-technicals-acad-daily,2026-06-01,2026-05-13_FMP_Technicals_ACAD_daily,,,,Entities,,2026-05-13_FMP_Technicals_ACAD_daily,2026-05-13_FMP_Technicals_ACAD_daily,entity,,,,,,,,,,,,,,,[],,,Entity
world:entity:2026-05-13-fmp-technicals-achr-daily,2026-06-01,2026-05-13_FMP_Technicals_ACHR_daily,,,,Entities,,2026-05-13_FMP_Technicals_ACHR_daily,2026-05-13_FMP_Technicals_ACHR_daily,entity,,,,,,,,,,,,,,,[],,,Entity
world:entity:2026-05-13-fmp-technicals-adm-daily,2026-06-01,2026-05-13_FMP_Technicals_ADM_daily,,,,Entities,,2026-05-13_FMP_Technicals_ADM_daily,2026-05-13_FMP_Technicals_ADM_daily,entity,,,,,,,,,,,,,,,[],,,Entity
world:entity:2026-05-13-fmp-technicals-airo-daily,2026-06-01,2026-05-13_FMP_Technicals_AIRO_daily,,,,Entities,,2026-05-13_FMP_Technicals_AIRO_daily,2026-05-13_FMP_Technicals_AIRO_daily,entity,,,,,,,,,,,,,,,[],,,Entity
world:entity:2026-05-13-fmp-technicals-alks-daily,2026-06-01,2026-05-13_FMP_Technicals_ALKS_daily,,,,Entities,,2026-05-13_FMP_Technicals_ALKS_daily,2026-05-13_FMP_Technicals_ALKS_daily,entity,,,,,,,,,,,,,,,[],,,Entity
world:entity:2026-05-13-fmp-technicals-alvo-daily,2026-06-01,2026-05-13_FMP_Technicals_ALVO_daily,,,,Entities,,2026-05-13_FMP_Technicals_ALVO_daily,2026-05-13_FMP_Technicals_ALVO_daily,entity,,,,,,,,,,,,,,,[],,,Entity
world:entity:2026-05-13-fmp-technicals-amat-daily,2026-06-01,2026-05-13_FMP_Technicals_AMAT_daily,,,,Entities,,2026-05-13_FMP_Technicals_AMAT_daily,2026-05-13_FMP_Technicals_AMAT_daily,entity,,,,,,,,,,,,,,,[],,,Entity
world:entity:2026-05-13-fmp-technicals-amgn-daily,2026-06-01,2026-05-13_FMP_Technicals_AMGN_daily,,,,Entities,,2026-05-13_FMP_Technicals_AMGN_daily,2026-05-13_FMP_Technicals_AMGN_daily,entity,,,,,,,,,,,,,,,[],,,Entity
world:entity:2026-05-13-fmp-technicals-amsc-daily,2026-06-01,2026-05-13_FMP_Technicals_AMSC_daily,,,,Entities,,2026-05-13_FMP_Technicals_AMSC_daily,2026-05-13_FMP_Technicals_AMSC_daily,entity,,,,,,,,,,,,,,,[],,,Entity
world:entity:2026-05-13-fmp-technicals-amzn-daily,2026-06-01,2026-05-13_FMP_Technicals_AMZN_daily,,,,Entities,,2026-05-13_FMP_Technicals_AMZN_daily,2026-05-13_FMP_Technicals_AMZN_daily,entity,,,,,,,,,,,,,,,[],,,Entity
world:entity:2026-05-13-fmp-technicals-asts-daily,2026-06-01,2026-05-13_FMP_Technicals_ASTS_daily,,,,Entities,,2026-05-13_FMP_Technicals_ASTS_daily,2026-05-13_FMP_Technicals_ASTS_daily,entity,,,,,,,,,,,,,,,[],,,Entity
world:entity:2026-05-13-fmp-technicals-atai-daily,2026-06-01,2026-05-13_FMP_Technicals_ATAI_daily,,,,Entities,,2026-05-13_FMP_Technicals_ATAI_daily,2026-05-13_FMP_Technicals_ATAI_daily,entity,,,,,,,,,,,,,,,[],,,Entity
world:entity:2026-05-13-fmp-technicals-avav-daily,2026-06-01,2026-05-13_FMP_Technicals_AVAV_daily,,,,Entities,,2026-05-13_FMP_Technicals_AVAV_daily,2026-05-13_FMP_Technicals_AVAV_daily,entity,,,,,,,,,,,,,,,[],,,Entity
world:entity:2026-05-13-fmp-technicals-bah-daily,2026-06-01,2026-05-13_FMP_Technicals_BAH_daily,,,,Entities,,2026-05-13_FMP_Technicals_BAH_daily,2026-05-13_FMP_Technicals_BAH_daily,entity,,,,,,,,,,,,,,,[],,,Entity
world:entity:2026-05-13-fmp-technicals-bbai-daily,2026-06-01,2026-05-13_FMP_Technicals_BBAI_daily,,,,Entities,,2026-05-13_FMP_Technicals_BBAI_daily,2026-05-13_FMP_Technicals_BBAI_daily,entity,,,,,,,,,,,,,,,[],,,Entity
world:entity:2026-05-13-fmp-technicals-beam-daily,2026-06-01,2026-05-13_FMP_Technicals_BEAM_daily,,,,Entities,,2026-05-13_FMP_Technicals_BEAM_daily,2026-05-13_FMP_Technicals_BEAM_daily,entity,,,,,,,,,,,,,,,[],,,Entity
world:entity:2026-05-13-fmp-technicals-bg-daily,2026-06-01,2026-05-13_FMP_Technicals_BG_daily,,,,Entities,,2026-05-13_FMP_Technicals_BG_daily,2026-05-13_FMP_Technicals_BG_daily,entity,,,,,,,,,,,,,,,[],,,Entity
world:entity:2026-05-13-fmp-technicals-biib-daily,2026-06-01,2026-05-13_FMP_Technicals_BIIB_daily,,,,Entities,,2026-05-13_FMP_Technicals_BIIB_daily,2026-05-13_FMP_Technicals_BIIB_daily,entity,,,,,,,,,,,,,,,[],,,Entity
world:entity:2026-05-13-fmp-technicals-bksy-daily,2026-06-01,2026-05-13_FMP_Technicals_BKSY_daily,,,,Entities,,2026-05-13_FMP_Technicals_BKSY_daily,2026-05-13_FMP_Technicals_BKSY_daily,entity,,,,,,,,,,,,,,,[],,,Entity
world:entity:2026-05-13-fmp-technicals-brbr-daily,2026-06-01,2026-05-13_FMP_Technicals_BRBR_daily,,,,Entities,,2026-05-13_FMP_Technicals_BRBR_daily,2026-05-13_FMP_Technicals_BRBR_daily,entity,,,,,,,,,,,,,,,[],,,Entity
world:entity:2026-05-13-fmp-technicals-bw-daily,2026-06-01,2026-05-13_FMP_Technicals_BW_daily,,,,Entities,,2026-05-13_FMP_Technicals_BW_daily,2026-05-13_FMP_Technicals_BW_daily,entity,,,,,,,,,,,,,,,[],,,Entity
world:entity:2026-05-13-fmp-technicals-bynd-daily,2026-06-01,2026-05-13_FMP_Technicals_BYND_daily,,,,Entities,,2026-05-13_FMP_Technicals_BYND_daily,2026-05-13_FMP_Technicals_BYND_daily,entity,,,,,,,,,,,,,,,[],,,Entity
world:entity:2026-05-13-fmp-technicals-caci-daily,2026-06-01,2026-05-13_FMP_Technicals_CACI_daily,,,,Entities,,2026-05-13_FMP_Technicals_CACI_daily,2026-05-13_FMP_Technicals_CACI_daily,entity,,,,,,,,,,,,,,,[],,,Entity
world:entity:2026-05-13-fmp-technicals-ccj-daily,2026-06-01,2026-05-13_FMP_Technicals_CCJ_daily,,,,Entities,,2026-05-13_FMP_Technicals_CCJ_daily,2026-05-13_FMP_Technicals_CCJ_daily,entity,,,,,,,,,,,,,,,[],,,Entity
world:entity:2026-05-13-fmp-technicals-ceg-daily,2026-06-01,2026-05-13_FMP_Technicals_CEG_daily,,,,Entities,,2026-05-13_FMP_Technicals_CEG_daily,2026-05-13_FMP_Technicals_CEG_daily,entity,,,,,,,,,,,,,,,[],,,Entity
world:entity:2026-05-13-fmp-technicals-cmps-daily,2026-06-01,2026-05-13_FMP_Technicals_CMPS_daily,,,,Entities,,2026-05-13_FMP_Technicals_CMPS_daily,2026-05-13_FMP_Technicals_CMPS_daily,entity,,,,,,,,,,,,,,,[],,,Entity
world:entity:2026-05-13-fmp-technicals-coin-daily,2026-06-01,2026-05-13_FMP_Technicals_COIN_daily,,,,Entities,,2026-05-13_FMP_Technicals_COIN_daily,2026-05-13_FMP_Technicals_COIN_daily,entity,,,,,,,,,,,,,,,[],,,Entity
world:entity:2026-05-13-fmp-technicals-crsp-daily,2026-06-01,2026-05-13_FMP_Technicals_CRSP_daily,,,,Entities,,2026-05-13_FMP_Technicals_CRSP_daily,2026-05-13_FMP_Technicals_CRSP_daily,entity,,,,,,,,,,,,,,,[],,,Entity
world:entity:2026-05-13-fmp-technicals-ctva-daily,2026-06-01,2026-05-13_FMP_Technicals_CTVA_daily,,,,Entities,,2026-05-13_FMP_Technicals_CTVA_daily,2026-05-13_FMP_Technicals_CTVA_daily,entity,,,,,,,,,,,,,,,[],,,Entity
world:entity:2026-05-13-fmp-technicals-dftx-daily,2026-06-01,2026-05-13_FMP_Technicals_DFTX_daily,,,,Entities,,2026-05-13_FMP_Technicals_DFTX_daily,2026-05-13_FMP_Technicals_DFTX_daily,entity,,,,,,,,,,,,,,,[],,,Entity
world:entity:2026-05-13-fmp-technicals-dhi-daily,2026-06-01,2026-05-13_FMP_Technicals_DHI_daily,,,,Entities,,2026-05-13_FMP_Technicals_DHI_daily,2026-05-13_FMP_Technicals_DHI_daily,entity,,,,,,,,,,,,,,,[],,,Entity
world:entity:2026-05-13-fmp-technicals-dna-daily,2026-06-01,2026-05-13_FMP_Technicals_DNA_daily,,,,Entities,,2026-05-13_FMP_Technicals_DNA_daily,2026-05-13_FMP_Technicals_DNA_daily,entity,,,,,,,,,,,,,,,[],,,Entity
world:entity:2026-05-13-fmp-technicals-dpro-daily,2026-06-01,2026-05-13_FMP_Technicals_DPRO_daily,,,,Entities,,2026-05-13_FMP_Technicals_DPRO_daily,2026-05-13_FMP_Technicals_DPRO_daily,entity,,,,,,,,,,,,,,,[],,,Entity
world:entity:2026-05-13-fmp-technicals-ecpg-daily,2026-06-01,2026-05-13_FMP_Technicals_ECPG_daily,,,,Entities,,2026-05-13_FMP_Technicals_ECPG_daily,2026-05-13_FMP_Technicals_ECPG_daily,entity,,,,,,,,,,,,,,,[],,,Entity
world:entity:2026-05-13-fmp-technicals-edit-daily,2026-06-01,2026-05-13_FMP_Technicals_EDIT_daily,,,,Entities,,2026-05-13_FMP_Technicals_EDIT_daily,2026-05-13_FMP_Technicals_EDIT_daily,entity,,,,,,,,,,,,,,,[],,,Entity
world:entity:2026-05-13-fmp-technicals-eh-daily,2026-06-01,2026-05-13_FMP_Technicals_EH_daily,,,,Entities,,2026-05-13_FMP_Technicals_EH_daily,2026-05-13_FMP_Technicals_EH_daily,entity,,,,,,,,,,,,,,,[],,,Entity
world:entity:2026-05-13-fmp-technicals-envx-daily,2026-06-01,2026-05-13_FMP_Technicals_ENVX_daily,,,,Entities,,2026-05-13_FMP_Technicals_ENVX_daily,2026-05-13_FMP_Technicals_ENVX_daily,entity,,,,,,,,,,,,,,,[],,,Entity
world:entity:2026-05-13-fmp-technicals-eslt-daily,2026-06-01,2026-05-13_FMP_Technicals_ESLT_daily,,,,Entities,,2026-05-13_FMP_Technicals_ESLT_daily,2026-05-13_FMP_Technicals_ESLT_daily,entity,,,,,,,,,,,,,,,[],,,Entity
world:entity:2026-05-13-fmp-technicals-etn-daily,2026-06-01,2026-05-13_FMP_Technicals_ETN_daily,,,,Entities,,2026-05-13_FMP_Technicals_ETN_daily,2026-05-13_FMP_Technicals_ETN_daily,entity,,,,,,,,,,,,,,,[],,,Entity
world:entity:2026-05-13-fmp-technicals-evtl-daily,2026-06-01,2026-05-13_FMP_Technicals_EVTL_daily,,,,Entities,,2026-05-13_FMP_Technicals_EVTL_daily,2026-05-13_FMP_Technicals_EVTL_daily,entity,,,,,,,,,,,,,,,[],,,Entity
world:entity:2026-05-13-fmp-technicals-flnc-daily,2026-06-01,2026-05-13_FMP_Technicals_FLNC_daily,,,,Entities,,2026-05-13_FMP_Technicals_FLNC_daily,2026-05-13_FMP_Technicals_FLNC_daily,entity,,,,,,,,,,,,,,,[],,,Entity
world:entity:2026-05-13-fmp-technicals-fmc-daily,2026-06-01,2026-05-13_FMP_Technicals_FMC_daily,,,,Entities,,2026-05-13_FMP_Technicals_FMC_daily,2026-05-13_FMP_Technicals_FMC_daily,entity,,,,,,,,,,,,,,,[],,,Entity
world:entity:2026-05-13-fmp-technicals-gd-daily,2026-06-01,2026-05-13_FMP_Technicals_GD_daily,,,,Entities,,2026-05-13_FMP_Technicals_GD_daily,2026-05-13_FMP_Technicals_GD_daily,entity,,,,,,,,,,,,,,,[],,,Entity
world:entity:2026-05-13-fmp-technicals-gev-daily,2026-06-01,2026-05-13_FMP_Technicals_GEV_daily,,,,Entities,,2026-05-13_FMP_Technicals_GEV_daily,2026-05-13_FMP_Technicals_GEV_daily,entity,,,,,,,,,,,,,,,[],,,Entity
world:entity:2026-05-13-fmp-technicals-ghrs-daily,2026-06-01,2026-05-13_FMP_Technicals_GHRS_daily,,,,Entities,,2026-05-13_FMP_Technicals_GHRS_daily,2026-05-13_FMP_Technicals_GHRS_daily,entity,,,,,,,,,,,,,,,[],,,Entity
world:entity:2026-05-13-fmp-technicals-gold-daily,2026-06-01,2026-05-13_FMP_Technicals_GOLD_daily,,,,Entities,,2026-05-13_FMP_Technicals_GOLD_daily,2026-05-13_FMP_Technicals_GOLD_daily,entity,,,,,,,,,,,,,,,[],,,Entity
world:entity:2026-05-13-fmp-technicals-googl-daily,2026-06-01,2026-05-13_FMP_Technicals_GOOGL_daily,,,,Entities,,2026-05-13_FMP_Technicals_GOOGL_daily,2026-05-13_FMP_Technicals_GOOGL_daily,entity,,,,,,,,,,,,,,,[],,,Entity
world:entity:2026-05-13-fmp-technicals-help-daily,2026-06-01,2026-05-13_FMP_Technicals_HELP_daily,,,,Entities,,2026-05-13_FMP_Technicals_HELP_daily,2026-05-13_FMP_Technicals_HELP_daily,entity,,,,,,,,,,,,,,,[],,,Entity
world:entity:2026-05-13-fmp-technicals-hims-daily,2026-06-01,2026-05-13_FMP_Technicals_HIMS_daily,,,,Entities,,2026-05-13_FMP_Technicals_HIMS_daily,2026-05-13_FMP_Technicals_HIMS_daily,entity,,,,,,,,,,,,,,,[],,,Entity
world:entity:2026-05-13-fmp-technicals-hovr-daily,2026-06-01,2026-05-13_FMP_Technicals_HOVR_daily,,,,Entities,,2026-05-13_FMP_Technicals_HOVR_daily,2026-05-13_FMP_Technicals_HOVR_daily,entity,,,,,,,,,,,,,,,[],,,Entity
world:entity:2026-05-13-fmp-technicals-hubb-daily,2026-06-01,2026-05-13_FMP_Technicals_HUBB_daily,,,,Entities,,2026-05-13_FMP_Technicals_HUBB_daily,2026-05-13_FMP_Technicals_HUBB_daily,entity,,,,,,,,,,,,,,,[],,,Entity
world:entity:2026-05-13-fmp-technicals-iff-daily,2026-06-01,2026-05-13_FMP_Technicals_IFF_daily,,,,Entities,,2026-05-13_FMP_Technicals_IFF_daily,2026-05-13_FMP_Technicals_IFF_daily,entity,,,,,,,,,,,,,,,[],,,Entity
world:entity:2026-05-13-fmp-technicals-iipr-daily,2026-06-01,2026-05-13_FMP_Technicals_IIPR_daily,,,,Entities,,2026-05-13_FMP_Technicals_IIPR_daily,2026-05-13_FMP_Technicals_IIPR_daily,entity,,,,,,,,,,,,,,,[],,,Entity
world:entity:2026-05-13-fmp-technicals-inva-daily,2026-06-01,2026-05-13_FMP_Technicals_INVA_daily,,,,Entities,,2026-05-13_FMP_Technicals_INVA_daily,2026-05-13_FMP_Technicals_INVA_daily,entity,,,,,,,,,,,,,,,[],,,Entity
world:entity:2026-05-13-fmp-technicals-ionq-daily,2026-06-01,2026-05-13_FMP_Technicals_IONQ_daily,,,,Entities,,2026-05-13_FMP_Technicals_IONQ_daily,2026-05-13_FMP_Technicals_IONQ_daily,entity,,,,,,,,,,,,,,,[],,,Entity
world:entity:2026-05-13-fmp-technicals-jnj-daily,2026-06-01,2026-05-13_FMP_Technicals_JNJ_daily,,,,Entities,,2026-05-13_FMP_Technicals_JNJ_daily,2026-05-13_FMP_Technicals_JNJ_daily,entity,,,,,,,,,,,,,,,[],,,Entity
world:entity:2026-05-13-fmp-technicals-joby-daily,2026-06-01,2026-05-13_FMP_Technicals_JOBY_daily,,,,Entities,,2026-05-13_FMP_Technicals_JOBY_daily,2026-05-13_FMP_Technicals_JOBY_daily,entity,,,,,,,,,,,,,,,[],,,Entity
world:entity:2026-05-13-fmp-technicals-klac-daily,2026-06-01,2026-05-13_FMP_Technicals_KLAC_daily,,,,Entities,,2026-05-13_FMP_Technicals_KLAC_daily,2026-05-13_FMP_Technicals_KLAC_daily,entity,,,,,,,,,,,,,,,[],,,Entity
world:entity:2026-05-13-fmp-technicals-ktos-daily,2026-06-01,2026-05-13_FMP_Technicals_KTOS_daily,,,,Entities,,2026-05-13_FMP_Technicals_KTOS_daily,2026-05-13_FMP_Technicals_KTOS_daily,entity,,,,,,,,,,,,,,,[],,,Entity
world:entity:2026-05-13-fmp-technicals-ldos-daily,2026-06-01,2026-05-13_FMP_Technicals_LDOS_daily,,,,Entities,,2026-05-13_FMP_Technicals_LDOS_daily,2026-05-13_FMP_Technicals_LDOS_daily,entity,,,,,,,,,,,,,,,[],,,Entity
world:entity:2026-05-13-fmp-technicals-len-daily,2026-06-01,2026-05-13_FMP_Technicals_LEN_daily,,,,Entities,,2026-05-13_FMP_Technicals_LEN_daily,2026-05-13_FMP_Technicals_LEN_daily,entity,,,,,,,,,,,,,,,[],,,Entity
world:entity:2026-05-13-fmp-technicals-lhx-daily,2026-06-01,2026-05-13_FMP_Technicals_LHX_daily,,,,Entities,,2026-05-13_FMP_Technicals_LHX_daily,2026-05-13_FMP_Technicals_LHX_daily,entity,,,,,,,,,,,,,,,[],,,Entity
world:entity:2026-05-13-fmp-technicals-lly-daily,2026-06-01,2026-05-13_FMP_Technicals_LLY_daily,,,,Entities,,2026-05-13_FMP_Technicals_LLY_daily,2026-05-13_FMP_Technicals_LLY_daily,entity,,,,,,,,,,,,,,,[],,,Entity
world:entity:2026-05-13-fmp-technicals-lmt-daily,2026-06-01,2026-05-13_FMP_Technicals_LMT_daily,,,,Entities,,2026-05-13_FMP_Technicals_LMT_daily,2026-05-13_FMP_Technicals_LMT_daily,entity,,,,,,,,,,,,,,,[],,,Entity
world:entity:2026-05-13-fmp-technicals-lrcx-daily,2026-06-01,2026-05-13_FMP_Technicals_LRCX_daily,,,,Entities,,2026-05-13_FMP_Technicals_LRCX_daily,2026-05-13_FMP_Technicals_LRCX_daily,entity,,,,,,,,,,,,,,,[],,,Entity
world:entity:2026-05-13-fmp-technicals-mnts-daily,2026-06-01,2026-05-13_FMP_Technicals_MNTS_daily,,,,Entities,,2026-05-13_FMP_Technicals_MNTS_daily,2026-05-13_FMP_Technicals_MNTS_daily,entity,,,,,,,,,,,,,,,[],,,Entity
world:entity:2026-05-13-fmp-technicals-mrk-daily,2026-06-01,2026-05-13_FMP_Technicals_MRK_daily,,,,Entities,,2026-05-13_FMP_Technicals_MRK_daily,2026-05-13_FMP_Technicals_MRK_daily,entity,,,,,,,,,,,,,,,[],,,Entity
world:entity:2026-05-13-fmp-technicals-msft-daily,2026-06-01,2026-05-13_FMP_Technicals_MSFT_daily,,,,Entities,,2026-05-13_FMP_Technicals_MSFT_daily,2026-05-13_FMP_Technicals_MSFT_daily,entity,,,,,,,,,,,,,,,[],,,Entity
world:entity:2026-05-13-fmp-technicals-mstr-daily,2026-06-01,2026-05-13_FMP_Technicals_MSTR_daily,,,,Entities,,2026-05-13_FMP_Technicals_MSTR_daily,2026-05-13_FMP_Technicals_MSTR_daily,entity,,,,,,,,,,,,,,,[],,,Entity
world:entity:2026-05-13-fmp-technicals-mtz-daily,2026-06-01,2026-05-13_FMP_Technicals_MTZ_daily,,,,Entities,,2026-05-13_FMP_Technicals_MTZ_daily,2026-05-13_FMP_Technicals_MTZ_daily,entity,,,,,,,,,,,,,,,[],,,Entity
world:entity:2026-05-13-fmp-technicals-myrg-daily,2026-06-01,2026-05-13_FMP_Technicals_MYRG_daily,,,,Entities,,2026-05-13_FMP_Technicals_MYRG_daily,2026-05-13_FMP_Technicals_MYRG_daily,entity,,,,,,,,,,,,,,,[],,,Entity
world:entity:2026-05-13-fmp-technicals-nbix-daily,2026-06-01,2026-05-13_FMP_Technicals_NBIX_daily,,,,Entities,,2026-05-13_FMP_Technicals_NBIX_daily,2026-05-13_FMP_Technicals_NBIX_daily,entity,,,,,,,,,,,,,,,[],,,Entity
world:entity:2026-05-13-fmp-technicals-nem-daily,2026-06-01,2026-05-13_FMP_Technicals_NEM_daily,,,,Entities,,2026-05-13_FMP_Technicals_NEM_daily,2026-05-13_FMP_Technicals_NEM_daily,entity,,,,,,,,,,,,,,,[],,,Entity
world:entity:2026-05-13-fmp-technicals-nktr-daily,2026-06-01,2026-05-13_FMP_Technicals_NKTR_daily,,,,Entities,,2026-05-13_FMP_Technicals_NKTR_daily,2026-05-13_FMP_Technicals_NKTR_daily,entity,,,,,,,,,,,,,,,[],,,Entity
world:entity:2026-05-13-fmp-technicals-nne-daily,2026-06-01,2026-05-13_FMP_Technicals_NNE_daily,,,,Entities,,2026-05-13_FMP_Technicals_NNE_daily,2026-05-13_FMP_Technicals_NNE_daily,entity,,,,,,,,,,,,,,,[],,,Entity
world:entity:2026-05-13-fmp-technicals-noc-daily,2026-06-01,2026-05-13_FMP_Technicals_NOC_daily,,,,Entities,,2026-05-13_FMP_Technicals_NOC_daily,2026-05-13_FMP_Technicals_NOC_daily,entity,,,,,,,,,,,,,,,[],,,Entity
world:entity:2026-05-13-fmp-technicals-nrg-daily,2026-06-01,2026-05-13_FMP_Technicals_NRG_daily,,,,Entities,,2026-05-13_FMP_Technicals_NRG_daily,2026-05-13_FMP_Technicals_NRG_daily,entity,,,,,,,,,,,,,,,[],,,Entity
world:entity:2026-05-13-fmp-technicals-ntla-daily,2026-06-01,2026-05-13_FMP_Technicals_NTLA_daily,,,,Entities,,2026-05-13_FMP_Technicals_NTLA_daily,2026-05-13_FMP_Technicals_NTLA_daily,entity,,,,,,,,,,,,,,,[],,,Entity
world:entity:2026-05-13-fmp-technicals-nvda-daily,2026-06-01,2026-05-13_FMP_Technicals_NVDA_daily,,,,Entities,,2026-05-13_FMP_Technicals_NVDA_daily,2026-05-13_FMP_Technicals_NVDA_daily,entity,,,,,,,,,,,,,,,[],,,Entity
world:entity:2026-05-13-fmp-technicals-nvr-daily,2026-06-01,2026-05-13_FMP_Technicals_NVR_daily,,,,Entities,,2026-05-13_FMP_Technicals_NVR_daily,2026-05-13_FMP_Technicals_NVR_daily,entity,,,,,,,,,,,,,,,[],,,Entity
world:entity:2026-05-13-fmp-technicals-oklo-daily,2026-06-01,2026-05-13_FMP_Technicals_OKLO_daily,,,,Entities,,2026-05-13_FMP_Technicals_OKLO_daily,2026-05-13_FMP_Technicals_OKLO_daily,entity,,,,,,,,,,,,,,,[],,,Entity
world:entity:2026-05-13-fmp-technicals-on-daily,2026-06-01,2026-05-13_FMP_Technicals_ON_daily,,,,Entities,,2026-05-13_FMP_Technicals_ON_daily,2026-05-13_FMP_Technicals_ON_daily,entity,,,,,,,,,,,,,,,[],,,Entity
world:entity:2026-05-13-fmp-technicals-onds-daily,2026-06-01,2026-05-13_FMP_Technicals_ONDS_daily,,,,Entities,,2026-05-13_FMP_Technicals_ONDS_daily,2026-05-13_FMP_Technicals_ONDS_daily,entity,,,,,,,,,,,,,,,[],,,Entity
world:entity:2026-05-13-fmp-technicals-onto-daily,2026-06-01,2026-05-13_FMP_Technicals_ONTO_daily,,,,Entities,,2026-05-13_FMP_Technicals_ONTO_daily,2026-05-13_FMP_Technicals_ONTO_daily,entity,,,,,,,,,,,,,,,[],,,Entity
world:entity:2026-05-13-fmp-technicals-pdfs-daily,2026-06-01,2026-05-13_FMP_Technicals_PDFS_daily,,,,Entities,,2026-05-13_FMP_Technicals_PDFS_daily,2026-05-13_FMP_Technicals_PDFS_daily,entity,,,,,,,,,,,,,,,[],,,Entity
world:entity:2026-05-13-fmp-technicals-pfe-daily,2026-06-01,2026-05-13_FMP_Technicals_PFE_daily,,,,Entities,,2026-05-13_FMP_Technicals_PFE_daily,2026-05-13_FMP_Technicals_PFE_daily,entity,,,,,,,,,,,,,,,[],,,Entity
world:entity:2026-05-13-fmp-technicals-pl-daily,2026-06-01,2026-05-13_FMP_Technicals_PL_daily,,,,Entities,,2026-05-13_FMP_Technicals_PL_daily,2026-05-13_FMP_Technicals_PL_daily,entity,,,,,,,,,,,,,,,[],,,Entity
world:entity:2026-05-13-fmp-technicals-pltr-daily,2026-06-01,2026-05-13_FMP_Technicals_PLTR_daily,,,,Entities,,2026-05-13_FMP_Technicals_PLTR_daily,2026-05-13_FMP_Technicals_PLTR_daily,entity,,,,,,,,,,,,,,,[],,,Entity
world:entity:2026-05-13-fmp-technicals-powl-daily,2026-06-01,2026-05-13_FMP_Technicals_POWL_daily,,,,Entities,,2026-05-13_FMP_Technicals_POWL_daily,2026-05-13_FMP_Technicals_POWL_daily,entity,,,,,,,,,,,,,,,[],,,Entity
world:entity:2026-05-13-fmp-technicals-ppih-daily,2026-06-01,2026-05-13_FMP_Technicals_PPIH_daily,,,,Entities,,2026-05-13_FMP_Technicals_PPIH_daily,2026-05-13_FMP_Technicals_PPIH_daily,entity,,,,,,,,,,,,,,,[],,,Entity
world:entity:2026-05-13-fmp-technicals-prks-daily,2026-06-01,2026-05-13_FMP_Technicals_PRKS_daily,,,,Entities,,2026-05-13_FMP_Technicals_PRKS_daily,2026-05-13_FMP_Technicals_PRKS_daily,entity,,,,,,,,,,,,,,,[],,,Entity
world:entity:2026-05-13-fmp-technicals-prta-daily,2026-06-01,2026-05-13_FMP_Technicals_PRTA_daily,,,,Entities,,2026-05-13_FMP_Technicals_PRTA_daily,2026-05-13_FMP_Technicals_PRTA_daily,entity,,,,,,,,,,,,,,,[],,,Entity
world:entity:2026-05-13-fmp-technicals-psil-daily,2026-06-01,2026-05-13_FMP_Technicals_PSIL_daily,,,,Entities,,2026-05-13_FMP_Technicals_PSIL_daily,2026-05-13_FMP_Technicals_PSIL_daily,entity,,,,,,,,,,,,,,,[],,,Entity
world:entity:2026-05-13-fmp-technicals-pwr-daily,2026-06-01,2026-05-13_FMP_Technicals_PWR_daily,,,,Entities,,2026-05-13_FMP_Technicals_PWR_daily,2026-05-13_FMP_Technicals_PWR_daily,entity,,,,,,,,,,,,,,,[],,,Entity
world:entity:2026-05-13-fmp-technicals-qubt-daily,2026-06-01,2026-05-13_FMP_Technicals_QUBT_daily,,,,Entities,,2026-05-13_FMP_Technicals_QUBT_daily,2026-05-13_FMP_Technicals_QUBT_daily,entity,,,,,,,,,,,,,,,[],,,Entity
world:entity:2026-05-13-fmp-technicals-rcat-daily,2026-06-01,2026-05-13_FMP_Technicals_RCAT_daily,,,,Entities,,2026-05-13_FMP_Technicals_RCAT_daily,2026-05-13_FMP_Technicals_RCAT_daily,entity,,,,,,,,,,,,,,,[],,,Entity
world:entity:2026-05-13-fmp-technicals-rgti-daily,2026-06-01,2026-05-13_FMP_Technicals_RGTI_daily,,,,Entities,,2026-05-13_FMP_Technicals_RGTI_daily,2026-05-13_FMP_Technicals_RGTI_daily,entity,,,,,,,,,,,,,,,[],,,Entity
world:entity:2026-05-13-fmp-technicals-rklb-daily,2026-06-01,2026-05-13_FMP_Technicals_RKLB_daily,,,,Entities,,2026-05-13_FMP_Technicals_RKLB_daily,2026-05-13_FMP_Technicals_RKLB_daily,entity,,,,,,,,,,,,,,,[],,,Entity
world:entity:2026-05-13-fmp-technicals-rprx-daily,2026-06-01,2026-05-13_FMP_Technicals_RPRX_daily,,,,Entities,,2026-05-13_FMP_Technicals_RPRX_daily,2026-05-13_FMP_Technicals_RPRX_daily,entity,,,,,,,,,,,,,,,[],,,Entity
world:entity:2026-05-13-fmp-technicals-rtx-daily,2026-06-01,2026-05-13_FMP_Technicals_RTX_daily,,,,Entities,,2026-05-13_FMP_Technicals_RTX_daily,2026-05-13_FMP_Technicals_RTX_daily,entity,,,,,,,,,,,,,,,[],,,Entity
world:entity:2026-05-13-fmp-technicals-saic-daily,2026-06-01,2026-05-13_FMP_Technicals_SAIC_daily,,,,Entities,,2026-05-13_FMP_Technicals_SAIC_daily,2026-05-13_FMP_Technicals_SAIC_daily,entity,,,,,,,,,,,,,,,[],,,Entity
world:entity:2026-05-13-fmp-technicals-sky-daily,2026-06-01,2026-05-13_FMP_Technicals_SKY_daily,,,,Entities,,2026-05-13_FMP_Technicals_SKY_daily,2026-05-13_FMP_Technicals_SKY_daily,entity,,,,,,,,,,,,,,,[],,,Entity
world:entity:2026-05-13-fmp-technicals-smr-daily,2026-06-01,2026-05-13_FMP_Technicals_SMR_daily,,,,Entities,,2026-05-13_FMP_Technicals_SMR_daily,2026-05-13_FMP_Technicals_SMR_daily,entity,,,,,,,,,,,,,,,[],,,Entity
world:entity:2026-05-13-fmp-technicals-spir-daily,2026-06-01,2026-05-13_FMP_Technicals_SPIR_daily,,,,Entities,,2026-05-13_FMP_Technicals_SPIR_daily,2026-05-13_FMP_Technicals_SPIR_daily,entity,,,,,,,,,,,,,,,[],,,Entity
world:entity:2026-05-13-fmp-technicals-spro-daily,2026-06-01,2026-05-13_FMP_Technicals_SPRO_daily,,,,Entities,,2026-05-13_FMP_Technicals_SPRO_daily,2026-05-13_FMP_Technicals_SPRO_daily,entity,,,,,,,,,,,,,,,[],,,Entity
world:entity:2026-05-13-fmp-technicals-stem-daily,2026-06-01,2026-05-13_FMP_Technicals_STEM_daily,,,,Entities,,2026-05-13_FMP_Technicals_STEM_daily,2026-05-13_FMP_Technicals_STEM_daily,entity,,,,,,,,,,,,,,,[],,,Entity
world:entity:2026-05-13-fmp-technicals-strl-daily,2026-06-01,2026-05-13_FMP_Technicals_STRL_daily,,,,Entities,,2026-05-13_FMP_Technicals_STRL_daily,2026-05-13_FMP_Technicals_STRL_daily,entity,,,,,,,,,,,,,,,[],,,Entity
world:entity:2026-05-13-fmp-technicals-tdy-daily,2026-06-01,2026-05-13_FMP_Technicals_TDY_daily,,,,Entities,,2026-05-13_FMP_Technicals_TDY_daily,2026-05-13_FMP_Technicals_TDY_daily,entity,,,,,,,,,,,,,,,[],,,Entity
world:entity:2026-05-13-fmp-technicals-tmhc-daily,2026-06-01,2026-05-13_FMP_Technicals_TMHC_daily,,,,Entities,,2026-05-13_FMP_Technicals_TMHC_daily,2026-05-13_FMP_Technicals_TMHC_daily,entity,,,,,,,,,,,,,,,[],,,Entity
world:entity:2026-05-13-fmp-technicals-tmo-daily,2026-06-01,2026-05-13_FMP_Technicals_TMO_daily,,,,Entities,,2026-05-13_FMP_Technicals_TMO_daily,2026-05-13_FMP_Technicals_TMO_daily,entity,,,,,,,,,,,,,,,[],,,Entity
world:entity:2026-05-13-fmp-technicals-tnc-daily,2026-06-01,2026-05-13_FMP_Technicals_TNC_daily,,,,Entities,,2026-05-13_FMP_Technicals_TNC_daily,2026-05-13_FMP_Technicals_TNC_daily,entity,,,,,,,,,,,,,,,[],,,Entity
world:entity:2026-05-13-fmp-technicals-tol-daily,2026-06-01,2026-05-13_FMP_Technicals_TOL_daily,,,,Entities,,2026-05-13_FMP_Technicals_TOL_daily,2026-05-13_FMP_Technicals_TOL_daily,entity,,,,,,,,,,,,,,,[],,,Entity
world:entity:2026-05-13-fmp-technicals-tsla-daily,2026-06-01,2026-05-13_FMP_Technicals_TSLA_daily,,,,Entities,,2026-05-13_FMP_Technicals_TSLA_daily,2026-05-13_FMP_Technicals_TSLA_daily,entity,,,,,,,,,,,,,,,[],,,Entity
world:entity:2026-05-13-fmp-technicals-tsn-daily,2026-06-01,2026-05-13_FMP_Technicals_TSN_daily,,,,Entities,,2026-05-13_FMP_Technicals_TSN_daily,2026-05-13_FMP_Technicals_TSN_daily,entity,,,,,,,,,,,,,,,[],,,Entity
world:entity:2026-05-13-fmp-technicals-twst-daily,2026-06-01,2026-05-13_FMP_Technicals_TWST_daily,,,,Entities,,2026-05-13_FMP_Technicals_TWST_daily,2026-05-13_FMP_Technicals_TWST_daily,entity,,,,,,,,,,,,,,,[],,,Entity
world:entity:2026-05-13-fmp-technicals-txt-daily,2026-06-01,2026-05-13_FMP_Technicals_TXT_daily,,,,Entities,,2026-05-13_FMP_Technicals_TXT_daily,2026-05-13_FMP_Technicals_TXT_daily,entity,,,,,,,,,,,,,,,[],,,Entity
world:entity:2026-05-13-fmp-technicals-ufpt-daily,2026-06-01,2026-05-13_FMP_Technicals_UFPT_daily,,,,Entities,,2026-05-13_FMP_Technicals_UFPT_daily,2026-05-13_FMP_Technicals_UFPT_daily,entity,,,,,,,,,,,,,,,[],,,Entity
world:entity:2026-05-13-fmp-technicals-umac-daily,2026-06-01,2026-05-13_FMP_Technicals_UMAC_daily,,,,Entities,,2026-05-13_FMP_Technicals_UMAC_daily,2026-05-13_FMP_Technicals_UMAC_daily,entity,,,,,,,,,,,,,,,[],,,Entity
world:entity:2026-05-13-fmp-technicals-unty-daily,2026-06-01,2026-05-13_FMP_Technicals_UNTY_daily,,,,Entities,,2026-05-13_FMP_Technicals_UNTY_daily,2026-05-13_FMP_Technicals_UNTY_daily,entity,,,,,,,,,,,,,,,[],,,Entity
world:entity:2026-05-13-fmp-technicals-vktx-daily,2026-06-01,2026-05-13_FMP_Technicals_VKTX_daily,,,,Entities,,2026-05-13_FMP_Technicals_VKTX_daily,2026-05-13_FMP_Technicals_VKTX_daily,entity,,,,,,,,,,,,,,,[],,,Entity
world:entity:2026-05-13-fmp-technicals-vst-daily,2026-06-01,2026-05-13_FMP_Technicals_VST_daily,,,,Entities,,2026-05-13_FMP_Technicals_VST_daily,2026-05-13_FMP_Technicals_VST_daily,entity,,,,,,,,,,,,,,,[],,,Entity
world:entity:2026-05-13-fmp-technicals-wcc-daily,2026-06-01,2026-05-13_FMP_Technicals_WCC_daily,,,,Entities,,2026-05-13_FMP_Technicals_WCC_daily,2026-05-13_FMP_Technicals_WCC_daily,entity,,,,,,,,,,,,,,,[],,,Entity
world:entity:2026-05-13-fmp-technicals-wolf-daily,2026-06-01,2026-05-13_FMP_Technicals_WOLF_daily,,,,Entities,,2026-05-13_FMP_Technicals_WOLF_daily,2026-05-13_FMP_Technicals_WOLF_daily,entity,,,,,,,,,,,,,,,[],,,Entity
world:entity:2026-05-13-fmp-technicals-wpm-daily,2026-06-01,2026-05-13_FMP_Technicals_WPM_daily,,,,Entities,,2026-05-13_FMP_Technicals_WPM_daily,2026-05-13_FMP_Technicals_WPM_daily,entity,,,,,,,,,,,,,,,[],,,Entity
world:entity:2026-05-13-fmp-technicals-xoma-daily,2026-06-01,2026-05-13_FMP_Technicals_XOMA_daily,,,,Entities,,2026-05-13_FMP_Technicals_XOMA_daily,2026-05-13_FMP_Technicals_XOMA_daily,entity,,,,,,,,,,,,,,,[],,,Entity
world:entity:2026-05-13-fmp-thesis-watchlist-capital-raise-survivors-small-cap-inflection-basket,2026-06-01,2026-05-13_FMP_Thesis_Watchlist_Capital_Raise_Survivors_Small-Cap_Inflection_Basket,,,,Entities,,2026-05-13_FMP_Thesis_Watchlist_Capital_Raise_Survivors_Small-Cap_Inflection_Basket,2026-05-13_FMP_Thesis_Watchlist_Capital_Raise_Survivors_Small-Cap_Inflection_Basket,entity,,,,,,,,,,,,,,,[],,,Entity
world:entity:2026-05-13-fmp-thesis-watchlist-defense-ai-autonomous-warfare,2026-06-01,2026-05-13_FMP_Thesis_Watchlist_Defense_AI_&_Autonomous_Warfare,,,,Entities,,2026-05-13_FMP_Thesis_Watchlist_Defense_AI_&_Autonomous_Warfare,2026-05-13_FMP_Thesis_Watchlist_Defense_AI_&_Autonomous_Warfare,entity,,,,,,,,,,,,,,,[],,,Entity
world:entity:2026-05-13-fmp-thesis-watchlist-dollar-debasement-hard-money,2026-06-01,2026-05-13_FMP_Thesis_Watchlist_Dollar_Debasement_&_Hard_Money,,,,Entities,,2026-05-13_FMP_Thesis_Watchlist_Dollar_Debasement_&_Hard_Money,2026-05-13_FMP_Thesis_Watchlist_Dollar_Debasement_&_Hard_Money,entity,,,,,,,,,,,,,,,[],,,Entity
world:entity:2026-05-13-fmp-thesis-watchlist-drone-autonomous-systems-revolution,2026-06-01,2026-05-13_FMP_Thesis_Watchlist_Drone_&_Autonomous_Systems_Revolution,,,,Entities,,2026-05-13_FMP_Thesis_Watchlist_Drone_&_Autonomous_Systems_Revolution,2026-05-13_FMP_Thesis_Watchlist_Drone_&_Autonomous_Systems_Revolution,entity,,,,,,,,,,,,,,,[],,,Entity
world:entity:2026-05-13-fmp-thesis-watchlist-fiscal-scarcity-rearmament,2026-06-01,2026-05-13_FMP_Thesis_Watchlist_Fiscal_Scarcity_Rearmament,,,,Entities,,2026-05-13_FMP_Thesis_Watchlist_Fiscal_Scarcity_Rearmament,2026-05-13_FMP_Thesis_Watchlist_Fiscal_Scarcity_Rearmament,entity,,,,,,,,,,,,,,,[],,,Entity
world:entity:2026-05-13-fmp-thesis-watchlist-gene-editing-crispr-therapeutics,2026-06-01,2026-05-13_FMP_Thesis_Watchlist_Gene_Editing_&_CRISPR_Therapeutics,,,,Entities,,2026-05-13_FMP_Thesis_Watchlist_Gene_Editing_&_CRISPR_Therapeutics,2026-05-13_FMP_Thesis_Watchlist_Gene_Editing_&_CRISPR_Therapeutics,entity,,,,,,,,,,,,,,,[],,,Entity
world:entity:2026-05-13-fmp-thesis-watchlist-glp-1-metabolic-disease-revolution,2026-06-01,2026-05-13_FMP_Thesis_Watchlist_GLP-1_Metabolic_Disease_Revolution,,,,Entities,,2026-05-13_FMP_Thesis_Watchlist_GLP-1_Metabolic_Disease_Revolution,2026-05-13_FMP_Thesis_Watchlist_GLP-1_Metabolic_Disease_Revolution,entity,,,,,,,,,,,,,,,[],,,Entity
world:entity:2026-05-13-fmp-thesis-watchlist-grid-scale-battery-storage,2026-06-01,2026-05-13_FMP_Thesis_Watchlist_Grid-Scale_Battery_Storage,,,,Entities,,2026-05-13_FMP_Thesis_Watchlist_Grid-Scale_Battery_Storage,2026-05-13_FMP_Thesis_Watchlist_Grid-Scale_Battery_Storage,entity,,,,,,,,,,,,,,,[],,,Entity
world:entity:2026-05-13-fmp-thesis-watchlist-housing-supply-correction,2026-06-01,2026-05-13_FMP_Thesis_Watchlist_Housing_Supply_Correction,,,,Entities,,2026-05-13_FMP_Thesis_Watchlist_Housing_Supply_Correction,2026-05-13_FMP_Thesis_Watchlist_Housing_Supply_Correction,entity,,,,,,,,,,,,,,,[],,,Entity
world:entity:2026-05-13-fmp-thesis-watchlist-hypersonic-weapons-advanced-defense-systems,2026-06-01,2026-05-13_FMP_Thesis_Watchlist_Hypersonic_Weapons_&_Advanced_Defense_Systems,,,,Entities,,2026-05-13_FMP_Thesis_Watchlist_Hypersonic_Weapons_&_Advanced_Defense_Systems,2026-05-13_FMP_Thesis_Watchlist_Hypersonic_Weapons_&_Advanced_Defense_Systems,entity,,,,,,,,,,,,,,,[],,,Entity
world:entity:2026-05-13-fmp-thesis-watchlist-nuclear-renaissance-small-modular-reactors,2026-06-01,2026-05-13_FMP_Thesis_Watchlist_Nuclear_Renaissance_&_Small_Modular_Reactors,,,,Entities,,2026-05-13_FMP_Thesis_Watchlist_Nuclear_Renaissance_&_Small_Modular_Reactors,2026-05-13_FMP_Thesis_Watchlist_Nuclear_Renaissance_&_Small_Modular_Reactors,entity,,,,,,,,,,,,,,,[],,,Entity
world:entity:2026-05-13-fmp-thesis-watchlist-psychedelic-mental-health-revolution,2026-06-01,2026-05-13_FMP_Thesis_Watchlist_Psychedelic_Mental_Health_Revolution,,,,Entities,,2026-05-13_FMP_Thesis_Watchlist_Psychedelic_Mental_Health_Revolution,2026-05-13_FMP_Thesis_Watchlist_Psychedelic_Mental_Health_Revolution,entity,,,,,,,,,,,,,,,[],,,Entity
world:entity:2026-05-13-fmp-thesis-watchlist-quantum-computing,2026-06-01,2026-05-13_FMP_Thesis_Watchlist_Quantum_Computing,,,,Entities,,2026-05-13_FMP_Thesis_Watchlist_Quantum_Computing,2026-05-13_FMP_Thesis_Watchlist_Quantum_Computing,entity,,,,,,,,,,,,,,,[],,,Entity
world:entity:2026-05-13-fmp-thesis-watchlist-space-domain-awareness-commercial-space,2026-06-01,2026-05-13_FMP_Thesis_Watchlist_Space_Domain_Awareness_&_Commercial_Space,,,,Entities,,2026-05-13_FMP_Thesis_Watchlist_Space_Domain_Awareness_&_Commercial_Space,2026-05-13_FMP_Thesis_Watchlist_Space_Domain_Awareness_&_Commercial_Space,entity,,,,,,,,,,,,,,,[],,,Entity
world:entity:2026-05-13-fred-liquidity,2026-06-01,2026-05-13_FRED_Liquidity,,,,Entities,,2026-05-13_FRED_Liquidity,2026-05-13_FRED_Liquidity,entity,,,,,,,,,,,,,,,[],,,Entity
world:entity:2026-05-13-inbox-ingestion-batch,2026-06-01,2026-05-13 - Inbox Ingestion Batch,,,,Entities,,2026-05-13 - Inbox Ingestion Batch,2026-05-13 - Inbox Ingestion Batch,entity,,,,,,,,,,,,,,,[],,,Entity
world:entity:2026-05-13-inflation-fomo-and-uk-political-risk,2026-06-01,2026-05-13 - Inflation FOMO and UK Political Risk,,,,Entities,,2026-05-13 - Inflation FOMO and UK Political Risk,2026-05-13 - Inflation FOMO and UK Political Risk,entity,,,,,,,,,,,,,,,[],,,Entity
world:entity:2026-05-13-opportunity-viewpoints,2026-06-01,2026-05-13_Opportunity_Viewpoints,,,,Entities,,2026-05-13_Opportunity_Viewpoints,2026-05-13_Opportunity_Viewpoints,entity,,,,,,,,,,,,,,,[],,,Entity
world:entity:2026-05-13-orb-entropy-screen,2026-06-01,2026-05-13_ORB_Entropy_Screen,,,,Entities,,2026-05-13_ORB_Entropy_Screen,2026-05-13_ORB_Entropy_Screen,entity,,,,,,,,,,,,,,,[],,,Entity
world:entity:2026-05-14-agent-analysis-all-theses,2026-06-01,2026-05-14_Agent_Analysis_All_Theses,,,,Entities,,2026-05-14_Agent_Analysis_All_Theses,2026-05-14_Agent_Analysis_All_Theses,entity,,,,,,,,,,,,,,,[],,,Entity
world:entity:2026-05-14-agent-analysis-amzn,2026-06-01,2026-05-14_Agent_Analysis_AMZN,,,,Entities,,2026-05-14_Agent_Analysis_AMZN,2026-05-14_Agent_Analysis_AMZN,entity,,,,,,,,,,,,,,,[],,,Entity
world:entity:2026-05-14-agent-analysis-etn,2026-06-01,2026-05-14_Agent_Analysis_ETN,,,,Entities,,2026-05-14_Agent_Analysis_ETN,2026-05-14_Agent_Analysis_ETN,entity,,,,,,,,,,,,,,,[],,,Entity
world:entity:2026-05-14-agent-analysis-gev,2026-06-01,2026-05-14_Agent_Analysis_GEV,,,,Entities,,2026-05-14_Agent_Analysis_GEV,2026-05-14_Agent_Analysis_GEV,entity,,,,,,,,,,,,,,,[],,,Entity
world:entity:2026-05-14-agent-analysis-msft,2026-06-01,2026-05-14_Agent_Analysis_MSFT,,,,Entities,,2026-05-14_Agent_Analysis_MSFT,2026-05-14_Agent_Analysis_MSFT,entity,,,,,,,,,,,,,,,[],,,Entity
world:entity:2026-05-14-agent-analysis-nrg,2026-06-01,2026-05-14_Agent_Analysis_NRG,,,,Entities,,2026-05-14_Agent_Analysis_NRG,2026-05-14_Agent_Analysis_NRG,entity,,,,,,,,,,,,,,,[],,,Entity
world:entity:2026-05-14-agent-analysis-pltr,2026-06-01,2026-05-14_Agent_Analysis_PLTR,,,,Entities,,2026-05-14_Agent_Analysis_PLTR,2026-05-14_Agent_Analysis_PLTR,entity,,,,,,,,,,,,,,,[],,,Entity
world:entity:2026-05-14-agent-analysis-strl,2026-06-01,2026-05-14_Agent_Analysis_STRL,,,,Entities,,2026-05-14_Agent_Analysis_STRL,2026-05-14_Agent_Analysis_STRL,entity,,,,,,,,,,,,,,,[],,,Entity
world:entity:2026-05-14-agent-analysis-vst,2026-06-01,2026-05-14_Agent_Analysis_VST,,,,Entities,,2026-05-14_Agent_Analysis_VST,2026-05-14_Agent_Analysis_VST,entity,,,,,,,,,,,,,,,[],,,Entity
world:entity:2026-05-14-crypto-policy-capture-clarity-act-and-warsh-risk,2026-06-01,2026-05-14 - Crypto Policy Capture - CLARITY Act and Warsh Risk,,,,Entities,,2026-05-14 - Crypto Policy Capture - CLARITY Act and Warsh Risk,2026-05-14 - Crypto Policy Capture - CLARITY Act and Warsh Risk,entity,,,,,,,,,,,,,,,[],,,Entity
world:entity:2026-05-14-el-nino-2026-commodity-risk-watchpoints,2026-06-01,2026-05-14 - El Nino 2026 Commodity Risk Watchpoints,,,,Entities,,2026-05-14 - El Nino 2026 Commodity Risk Watchpoints,2026-05-14 - El Nino 2026 Commodity Risk Watchpoints,entity,,,,,,,,,,,,,,,[],,,Entity
world:entity:2026-05-14-entropy-monitor-spy-qqq,2026-06-01,2026-05-14_Entropy_Monitor_SPY_QQQ,,,,Entities,,2026-05-14_Entropy_Monitor_SPY_QQQ,2026-05-14_Entropy_Monitor_SPY_QQQ,entity,,,,,,,,,,,,,,,[],,,Entity
world:entity:2026-05-14-five-t-rally-trump-xi-summit-iran-and-tech-melt-up,2026-06-01,"2026-05-14 - Five-T Rally - Trump-Xi Summit, Iran, and Tech Melt-Up",,,,Entities,,"2026-05-14 - Five-T Rally - Trump-Xi Summit, Iran, and Tech Melt-Up","2026-05-14 - Five-T Rally - Trump-Xi Summit, Iran, and Tech Melt-Up",entity,,,,,,,,,,,,,,,[],,,Entity
world:entity:2026-05-14-fmp-earnings-calendar-thesis-watchlists,2026-06-01,2026-05-14_FMP_Earnings_Calendar_Thesis_Watchlists,,,,Entities,,2026-05-14_FMP_Earnings_Calendar_Thesis_Watchlists,2026-05-14_FMP_Earnings_Calendar_Thesis_Watchlists,entity,,,,,,,,,,,,,,,[],,,Entity
world:entity:2026-05-14-fmp-economiccalendar,2026-06-01,2026-05-14_FMP_EconomicCalendar,,,,Entities,,2026-05-14_FMP_EconomicCalendar,2026-05-14_FMP_EconomicCalendar,entity,,,,,,,,,,,,,,,[],,,Entity
world:entity:2026-05-14-fmp-technicals-abbv-daily,2026-06-01,2026-05-14_FMP_Technicals_ABBV_daily,,,,Entities,,2026-05-14_FMP_Technicals_ABBV_daily,2026-05-14_FMP_Technicals_ABBV_daily,entity,,,,,,,,,,,,,,,[],,,Entity
world:entity:2026-05-14-fmp-technicals-acad-daily,2026-06-01,2026-05-14_FMP_Technicals_ACAD_daily,,,,Entities,,2026-05-14_FMP_Technicals_ACAD_daily,2026-05-14_FMP_Technicals_ACAD_daily,entity,,,,,,,,,,,,,,,[],,,Entity
world:entity:2026-05-14-fmp-technicals-achr-daily,2026-06-01,2026-05-14_FMP_Technicals_ACHR_daily,,,,Entities,,2026-05-14_FMP_Technicals_ACHR_daily,2026-05-14_FMP_Technicals_ACHR_daily,entity,,,,,,,,,,,,,,,[],,,Entity
world:entity:2026-05-14-fmp-technicals-adm-daily,2026-06-01,2026-05-14_FMP_Technicals_ADM_daily,,,,Entities,,2026-05-14_FMP_Technicals_ADM_daily,2026-05-14_FMP_Technicals_ADM_daily,entity,,,,,,,,,,,,,,,[],,,Entity
world:entity:2026-05-14-fmp-technicals-airo-daily,2026-06-01,2026-05-14_FMP_Technicals_AIRO_daily,,,,Entities,,2026-05-14_FMP_Technicals_AIRO_daily,2026-05-14_FMP_Technicals_AIRO_daily,entity,,,,,,,,,,,,,,,[],,,Entity
world:entity:2026-05-14-fmp-technicals-alks-daily,2026-06-01,2026-05-14_FMP_Technicals_ALKS_daily,,,,Entities,,2026-05-14_FMP_Technicals_ALKS_daily,2026-05-14_FMP_Technicals_ALKS_daily,entity,,,,,,,,,,,,,,,[],,,Entity
world:entity:2026-05-14-fmp-technicals-alvo-daily,2026-06-01,2026-05-14_FMP_Technicals_ALVO_daily,,,,Entities,,2026-05-14_FMP_Technicals_ALVO_daily,2026-05-14_FMP_Technicals_ALVO_daily,entity,,,,,,,,,,,,,,,[],,,Entity
world:entity:2026-05-14-fmp-technicals-amat-daily,2026-06-01,2026-05-14_FMP_Technicals_AMAT_daily,,,,Entities,,2026-05-14_FMP_Technicals_AMAT_daily,2026-05-14_FMP_Technicals_AMAT_daily,entity,,,,,,,,,,,,,,,[],,,Entity
world:entity:2026-05-14-fmp-technicals-amgn-daily,2026-06-01,2026-05-14_FMP_Technicals_AMGN_daily,,,,Entities,,2026-05-14_FMP_Technicals_AMGN_daily,2026-05-14_FMP_Technicals_AMGN_daily,entity,,,,,,,,,,,,,,,[],,,Entity
world:entity:2026-05-14-fmp-technicals-amsc-daily,2026-06-01,2026-05-14_FMP_Technicals_AMSC_daily,,,,Entities,,2026-05-14_FMP_Technicals_AMSC_daily,2026-05-14_FMP_Technicals_AMSC_daily,entity,,,,,,,,,,,,,,,[],,,Entity
world:entity:2026-05-14-fmp-technicals-amzn-daily,2026-06-01,2026-05-14_FMP_Technicals_AMZN_daily,,,,Entities,,2026-05-14_FMP_Technicals_AMZN_daily,2026-05-14_FMP_Technicals_AMZN_daily,entity,,,,,,,,,,,,,,,[],,,Entity
world:entity:2026-05-14-fmp-technicals-asts-daily,2026-06-01,2026-05-14_FMP_Technicals_ASTS_daily,,,,Entities,,2026-05-14_FMP_Technicals_ASTS_daily,2026-05-14_FMP_Technicals_ASTS_daily,entity,,,,,,,,,,,,,,,[],,,Entity
world:entity:2026-05-14-fmp-technicals-atai-daily,2026-06-01,2026-05-14_FMP_Technicals_ATAI_daily,,,,Entities,,2026-05-14_FMP_Technicals_ATAI_daily,2026-05-14_FMP_Technicals_ATAI_daily,entity,,,,,,,,,,,,,,,[],,,Entity
world:entity:2026-05-14-fmp-technicals-avav-daily,2026-06-01,2026-05-14_FMP_Technicals_AVAV_daily,,,,Entities,,2026-05-14_FMP_Technicals_AVAV_daily,2026-05-14_FMP_Technicals_AVAV_daily,entity,,,,,,,,,,,,,,,[],,,Entity
world:entity:2026-05-14-fmp-technicals-bah-daily,2026-06-01,2026-05-14_FMP_Technicals_BAH_daily,,,,Entities,,2026-05-14_FMP_Technicals_BAH_daily,2026-05-14_FMP_Technicals_BAH_daily,entity,,,,,,,,,,,,,,,[],,,Entity
world:entity:2026-05-14-fmp-technicals-bbai-daily,2026-06-01,2026-05-14_FMP_Technicals_BBAI_daily,,,,Entities,,2026-05-14_FMP_Technicals_BBAI_daily,2026-05-14_FMP_Technicals_BBAI_daily,entity,,,,,,,,,,,,,,,[],,,Entity
world:entity:2026-05-14-fmp-technicals-beam-daily,2026-06-01,2026-05-14_FMP_Technicals_BEAM_daily,,,,Entities,,2026-05-14_FMP_Technicals_BEAM_daily,2026-05-14_FMP_Technicals_BEAM_daily,entity,,,,,,,,,,,,,,,[],,,Entity
world:entity:2026-05-14-fmp-technicals-bg-daily,2026-06-01,2026-05-14_FMP_Technicals_BG_daily,,,,Entities,,2026-05-14_FMP_Technicals_BG_daily,2026-05-14_FMP_Technicals_BG_daily,entity,,,,,,,,,,,,,,,[],,,Entity
world:entity:2026-05-14-fmp-technicals-biib-daily,2026-06-01,2026-05-14_FMP_Technicals_BIIB_daily,,,,Entities,,2026-05-14_FMP_Technicals_BIIB_daily,2026-05-14_FMP_Technicals_BIIB_daily,entity,,,,,,,,,,,,,,,[],,,Entity
world:entity:2026-05-14-fmp-technicals-bksy-daily,2026-06-01,2026-05-14_FMP_Technicals_BKSY_daily,,,,Entities,,2026-05-14_FMP_Technicals_BKSY_daily,2026-05-14_FMP_Technicals_BKSY_daily,entity,,,,,,,,,,,,,,,[],,,Entity
world:entity:2026-05-14-fmp-technicals-brbr-daily,2026-06-01,2026-05-14_FMP_Technicals_BRBR_daily,,,,Entities,,2026-05-14_FMP_Technicals_BRBR_daily,2026-05-14_FMP_Technicals_BRBR_daily,entity,,,,,,,,,,,,,,,[],,,Entity
world:entity:2026-05-14-fmp-technicals-bw-daily,2026-06-01,2026-05-14_FMP_Technicals_BW_daily,,,,Entities,,2026-05-14_FMP_Technicals_BW_daily,2026-05-14_FMP_Technicals_BW_daily,entity,,,,,,,,,,,,,,,[],,,Entity
world:entity:2026-05-14-fmp-technicals-bynd-daily,2026-06-01,2026-05-14_FMP_Technicals_BYND_daily,,,,Entities,,2026-05-14_FMP_Technicals_BYND_daily,2026-05-14_FMP_Technicals_BYND_daily,entity,,,,,,,,,,,,,,,[],,,Entity
world:entity:2026-05-14-fmp-technicals-caci-daily,2026-06-01,2026-05-14_FMP_Technicals_CACI_daily,,,,Entities,,2026-05-14_FMP_Technicals_CACI_daily,2026-05-14_FMP_Technicals_CACI_daily,entity,,,,,,,,,,,,,,,[],,,Entity
world:entity:2026-05-14-fmp-technicals-ccj-daily,2026-06-01,2026-05-14_FMP_Technicals_CCJ_daily,,,,Entities,,2026-05-14_FMP_Technicals_CCJ_daily,2026-05-14_FMP_Technicals_CCJ_daily,entity,,,,,,,,,,,,,,,[],,,Entity
world:entity:2026-05-14-fmp-technicals-ceg-daily,2026-06-01,2026-05-14_FMP_Technicals_CEG_daily,,,,Entities,,2026-05-14_FMP_Technicals_CEG_daily,2026-05-14_FMP_Technicals_CEG_daily,entity,,,,,,,,,,,,,,,[],,,Entity
world:entity:2026-05-14-fmp-technicals-cmps-daily,2026-06-01,2026-05-14_FMP_Technicals_CMPS_daily,,,,Entities,,2026-05-14_FMP_Technicals_CMPS_daily,2026-05-14_FMP_Technicals_CMPS_daily,entity,,,,,,,,,,,,,,,[],,,Entity
world:entity:2026-05-14-fmp-technicals-coin-daily,2026-06-01,2026-05-14_FMP_Technicals_COIN_daily,,,,Entities,,2026-05-14_FMP_Technicals_COIN_daily,2026-05-14_FMP_Technicals_COIN_daily,entity,,,,,,,,,,,,,,,[],,,Entity
world:entity:2026-05-14-fmp-technicals-crsp-daily,2026-06-01,2026-05-14_FMP_Technicals_CRSP_daily,,,,Entities,,2026-05-14_FMP_Technicals_CRSP_daily,2026-05-14_FMP_Technicals_CRSP_daily,entity,,,,,,,,,,,,,,,[],,,Entity
world:entity:2026-05-14-fmp-technicals-ctva-daily,2026-06-01,2026-05-14_FMP_Technicals_CTVA_daily,,,,Entities,,2026-05-14_FMP_Technicals_CTVA_daily,2026-05-14_FMP_Technicals_CTVA_daily,entity,,,,,,,,,,,,,,,[],,,Entity
world:entity:2026-05-14-fmp-technicals-dftx-daily,2026-06-01,2026-05-14_FMP_Technicals_DFTX_daily,,,,Entities,,2026-05-14_FMP_Technicals_DFTX_daily,2026-05-14_FMP_Technicals_DFTX_daily,entity,,,,,,,,,,,,,,,[],,,Entity
world:entity:2026-05-14-fmp-technicals-dhi-daily,2026-06-01,2026-05-14_FMP_Technicals_DHI_daily,,,,Entities,,2026-05-14_FMP_Technicals_DHI_daily,2026-05-14_FMP_Technicals_DHI_daily,entity,,,,,,,,,,,,,,,[],,,Entity
world:entity:2026-05-14-fmp-technicals-dna-daily,2026-06-01,2026-05-14_FMP_Technicals_DNA_daily,,,,Entities,,2026-05-14_FMP_Technicals_DNA_daily,2026-05-14_FMP_Technicals_DNA_daily,entity,,,,,,,,,,,,,,,[],,,Entity
world:entity:2026-05-14-fmp-technicals-dpro-daily,2026-06-01,2026-05-14_FMP_Technicals_DPRO_daily,,,,Entities,,2026-05-14_FMP_Technicals_DPRO_daily,2026-05-14_FMP_Technicals_DPRO_daily,entity,,,,,,,,,,,,,,,[],,,Entity
world:entity:2026-05-14-fmp-technicals-ecpg-daily,2026-06-01,2026-05-14_FMP_Technicals_ECPG_daily,,,,Entities,,2026-05-14_FMP_Technicals_ECPG_daily,2026-05-14_FMP_Technicals_ECPG_daily,entity,,,,,,,,,,,,,,,[],,,Entity
world:entity:2026-05-14-fmp-technicals-edit-daily,2026-06-01,2026-05-14_FMP_Technicals_EDIT_daily,,,,Entities,,2026-05-14_FMP_Technicals_EDIT_daily,2026-05-14_FMP_Technicals_EDIT_daily,entity,,,,,,,,,,,,,,,[],,,Entity
world:entity:2026-05-14-fmp-technicals-eh-daily,2026-06-01,2026-05-14_FMP_Technicals_EH_daily,,,,Entities,,2026-05-14_FMP_Technicals_EH_daily,2026-05-14_FMP_Technicals_EH_daily,entity,,,,,,,,,,,,,,,[],,,Entity
world:entity:2026-05-14-fmp-technicals-envx-daily,2026-06-01,2026-05-14_FMP_Technicals_ENVX_daily,,,,Entities,,2026-05-14_FMP_Technicals_ENVX_daily,2026-05-14_FMP_Technicals_ENVX_daily,entity,,,,,,,,,,,,,,,[],,,Entity
world:entity:2026-05-14-fmp-technicals-eslt-daily,2026-06-01,2026-05-14_FMP_Technicals_ESLT_daily,,,,Entities,,2026-05-14_FMP_Technicals_ESLT_daily,2026-05-14_FMP_Technicals_ESLT_daily,entity,,,,,,,,,,,,,,,[],,,Entity
world:entity:2026-05-14-fmp-technicals-etn-daily,2026-06-01,2026-05-14_FMP_Technicals_ETN_daily,,,,Entities,,2026-05-14_FMP_Technicals_ETN_daily,2026-05-14_FMP_Technicals_ETN_daily,entity,,,,,,,,,,,,,,,[],,,Entity
world:entity:2026-05-14-fmp-technicals-evtl-daily,2026-06-01,2026-05-14_FMP_Technicals_EVTL_daily,,,,Entities,,2026-05-14_FMP_Technicals_EVTL_daily,2026-05-14_FMP_Technicals_EVTL_daily,entity,,,,,,,,,,,,,,,[],,,Entity
world:entity:2026-05-14-fmp-technicals-flnc-daily,2026-06-01,2026-05-14_FMP_Technicals_FLNC_daily,,,,Entities,,2026-05-14_FMP_Technicals_FLNC_daily,2026-05-14_FMP_Technicals_FLNC_daily,entity,,,,,,,,,,,,,,,[],,,Entity
world:entity:2026-05-14-fmp-technicals-fmc-daily,2026-06-01,2026-05-14_FMP_Technicals_FMC_daily,,,,Entities,,2026-05-14_FMP_Technicals_FMC_daily,2026-05-14_FMP_Technicals_FMC_daily,entity,,,,,,,,,,,,,,,[],,,Entity
world:entity:2026-05-14-fmp-technicals-gd-daily,2026-06-01,2026-05-14_FMP_Technicals_GD_daily,,,,Entities,,2026-05-14_FMP_Technicals_GD_daily,2026-05-14_FMP_Technicals_GD_daily,entity,,,,,,,,,,,,,,,[],,,Entity
world:entity:2026-05-14-fmp-technicals-gev-daily,2026-06-01,2026-05-14_FMP_Technicals_GEV_daily,,,,Entities,,2026-05-14_FMP_Technicals_GEV_daily,2026-05-14_FMP_Technicals_GEV_daily,entity,,,,,,,,,,,,,,,[],,,Entity
world:entity:2026-05-14-fmp-technicals-ghrs-daily,2026-06-01,2026-05-14_FMP_Technicals_GHRS_daily,,,,Entities,,2026-05-14_FMP_Technicals_GHRS_daily,2026-05-14_FMP_Technicals_GHRS_daily,entity,,,,,,,,,,,,,,,[],,,Entity
world:entity:2026-05-14-fmp-technicals-gold-daily,2026-06-01,2026-05-14_FMP_Technicals_GOLD_daily,,,,Entities,,2026-05-14_FMP_Technicals_GOLD_daily,2026-05-14_FMP_Technicals_GOLD_daily,entity,,,,,,,,,,,,,,,[],,,Entity
world:entity:2026-05-14-fmp-technicals-googl-daily,2026-06-01,2026-05-14_FMP_Technicals_GOOGL_daily,,,,Entities,,2026-05-14_FMP_Technicals_GOOGL_daily,2026-05-14_FMP_Technicals_GOOGL_daily,entity,,,,,,,,,,,,,,,[],,,Entity
world:entity:2026-05-14-fmp-technicals-help-daily,2026-06-01,2026-05-14_FMP_Technicals_HELP_daily,,,,Entities,,2026-05-14_FMP_Technicals_HELP_daily,2026-05-14_FMP_Technicals_HELP_daily,entity,,,,,,,,,,,,,,,[],,,Entity
world:entity:2026-05-14-fmp-technicals-hims-daily,2026-06-01,2026-05-14_FMP_Technicals_HIMS_daily,,,,Entities,,2026-05-14_FMP_Technicals_HIMS_daily,2026-05-14_FMP_Technicals_HIMS_daily,entity,,,,,,,,,,,,,,,[],,,Entity
world:entity:2026-05-14-fmp-technicals-hovr-daily,2026-06-01,2026-05-14_FMP_Technicals_HOVR_daily,,,,Entities,,2026-05-14_FMP_Technicals_HOVR_daily,2026-05-14_FMP_Technicals_HOVR_daily,entity,,,,,,,,,,,,,,,[],,,Entity
world:entity:2026-05-14-fmp-technicals-hubb-daily,2026-06-01,2026-05-14_FMP_Technicals_HUBB_daily,,,,Entities,,2026-05-14_FMP_Technicals_HUBB_daily,2026-05-14_FMP_Technicals_HUBB_daily,entity,,,,,,,,,,,,,,,[],,,Entity
world:entity:2026-05-14-fmp-technicals-iff-daily,2026-06-01,2026-05-14_FMP_Technicals_IFF_daily,,,,Entities,,2026-05-14_FMP_Technicals_IFF_daily,2026-05-14_FMP_Technicals_IFF_daily,entity,,,,,,,,,,,,,,,[],,,Entity
world:entity:2026-05-14-fmp-technicals-iipr-daily,2026-06-01,2026-05-14_FMP_Technicals_IIPR_daily,,,,Entities,,2026-05-14_FMP_Technicals_IIPR_daily,2026-05-14_FMP_Technicals_IIPR_daily,entity,,,,,,,,,,,,,,,[],,,Entity
world:entity:2026-05-14-fmp-technicals-inva-daily,2026-06-01,2026-05-14_FMP_Technicals_INVA_daily,,,,Entities,,2026-05-14_FMP_Technicals_INVA_daily,2026-05-14_FMP_Technicals_INVA_daily,entity,,,,,,,,,,,,,,,[],,,Entity
world:entity:2026-05-14-fmp-technicals-ionq-daily,2026-06-01,2026-05-14_FMP_Technicals_IONQ_daily,,,,Entities,,2026-05-14_FMP_Technicals_IONQ_daily,2026-05-14_FMP_Technicals_IONQ_daily,entity,,,,,,,,,,,,,,,[],,,Entity
world:entity:2026-05-14-fmp-technicals-jnj-daily,2026-06-01,2026-05-14_FMP_Technicals_JNJ_daily,,,,Entities,,2026-05-14_FMP_Technicals_JNJ_daily,2026-05-14_FMP_Technicals_JNJ_daily,entity,,,,,,,,,,,,,,,[],,,Entity
world:entity:2026-05-14-fmp-technicals-joby-daily,2026-06-01,2026-05-14_FMP_Technicals_JOBY_daily,,,,Entities,,2026-05-14_FMP_Technicals_JOBY_daily,2026-05-14_FMP_Technicals_JOBY_daily,entity,,,,,,,,,,,,,,,[],,,Entity
world:entity:2026-05-14-fmp-technicals-klac-daily,2026-06-01,2026-05-14_FMP_Technicals_KLAC_daily,,,,Entities,,2026-05-14_FMP_Technicals_KLAC_daily,2026-05-14_FMP_Technicals_KLAC_daily,entity,,,,,,,,,,,,,,,[],,,Entity
world:entity:2026-05-14-fmp-technicals-ktos-daily,2026-06-01,2026-05-14_FMP_Technicals_KTOS_daily,,,,Entities,,2026-05-14_FMP_Technicals_KTOS_daily,2026-05-14_FMP_Technicals_KTOS_daily,entity,,,,,,,,,,,,,,,[],,,Entity
world:entity:2026-05-14-fmp-technicals-ldos-daily,2026-06-01,2026-05-14_FMP_Technicals_LDOS_daily,,,,Entities,,2026-05-14_FMP_Technicals_LDOS_daily,2026-05-14_FMP_Technicals_LDOS_daily,entity,,,,,,,,,,,,,,,[],,,Entity
world:entity:2026-05-14-fmp-technicals-len-daily,2026-06-01,2026-05-14_FMP_Technicals_LEN_daily,,,,Entities,,2026-05-14_FMP_Technicals_LEN_daily,2026-05-14_FMP_Technicals_LEN_daily,entity,,,,,,,,,,,,,,,[],,,Entity
world:entity:2026-05-14-fmp-technicals-lhx-daily,2026-06-01,2026-05-14_FMP_Technicals_LHX_daily,,,,Entities,,2026-05-14_FMP_Technicals_LHX_daily,2026-05-14_FMP_Technicals_LHX_daily,entity,,,,,,,,,,,,,,,[],,,Entity
world:entity:2026-05-14-fmp-technicals-lly-daily,2026-06-01,2026-05-14_FMP_Technicals_LLY_daily,,,,Entities,,2026-05-14_FMP_Technicals_LLY_daily,2026-05-14_FMP_Technicals_LLY_daily,entity,,,,,,,,,,,,,,,[],,,Entity
world:entity:2026-05-14-fmp-technicals-lmt-daily,2026-06-01,2026-05-14_FMP_Technicals_LMT_daily,,,,Entities,,2026-05-14_FMP_Technicals_LMT_daily,2026-05-14_FMP_Technicals_LMT_daily,entity,,,,,,,,,,,,,,,[],,,Entity
world:entity:2026-05-14-fmp-technicals-lrcx-daily,2026-06-01,2026-05-14_FMP_Technicals_LRCX_daily,,,,Entities,,2026-05-14_FMP_Technicals_LRCX_daily,2026-05-14_FMP_Technicals_LRCX_daily,entity,,,,,,,,,,,,,,,[],,,Entity
world:entity:2026-05-14-fmp-technicals-mnts-daily,2026-06-01,2026-05-14_FMP_Technicals_MNTS_daily,,,,Entities,,2026-05-14_FMP_Technicals_MNTS_daily,2026-05-14_FMP_Technicals_MNTS_daily,entity,,,,,,,,,,,,,,,[],,,Entity
world:entity:2026-05-14-fmp-technicals-mrk-daily,2026-06-01,2026-05-14_FMP_Technicals_MRK_daily,,,,Entities,,2026-05-14_FMP_Technicals_MRK_daily,2026-05-14_FMP_Technicals_MRK_daily,entity,,,,,,,,,,,,,,,[],,,Entity
world:entity:2026-05-14-fmp-technicals-msft-daily,2026-06-01,2026-05-14_FMP_Technicals_MSFT_daily,,,,Entities,,2026-05-14_FMP_Technicals_MSFT_daily,2026-05-14_FMP_Technicals_MSFT_daily,entity,,,,,,,,,,,,,,,[],,,Entity
world:entity:2026-05-14-fmp-technicals-mstr-daily,2026-06-01,2026-05-14_FMP_Technicals_MSTR_daily,,,,Entities,,2026-05-14_FMP_Technicals_MSTR_daily,2026-05-14_FMP_Technicals_MSTR_daily,entity,,,,,,,,,,,,,,,[],,,Entity
world:entity:2026-05-14-fmp-technicals-mtz-daily,2026-06-01,2026-05-14_FMP_Technicals_MTZ_daily,,,,Entities,,2026-05-14_FMP_Technicals_MTZ_daily,2026-05-14_FMP_Technicals_MTZ_daily,entity,,,,,,,,,,,,,,,[],,,Entity
world:entity:2026-05-14-fmp-technicals-myrg-daily,2026-06-01,2026-05-14_FMP_Technicals_MYRG_daily,,,,Entities,,2026-05-14_FMP_Technicals_MYRG_daily,2026-05-14_FMP_Technicals_MYRG_daily,entity,,,,,,,,,,,,,,,[],,,Entity
world:entity:2026-05-14-fmp-technicals-nbix-daily,2026-06-01,2026-05-14_FMP_Technicals_NBIX_daily,,,,Entities,,2026-05-14_FMP_Technicals_NBIX_daily,2026-05-14_FMP_Technicals_NBIX_daily,entity,,,,,,,,,,,,,,,[],,,Entity
world:entity:2026-05-14-fmp-technicals-nem-daily,2026-06-01,2026-05-14_FMP_Technicals_NEM_daily,,,,Entities,,2026-05-14_FMP_Technicals_NEM_daily,2026-05-14_FMP_Technicals_NEM_daily,entity,,,,,,,,,,,,,,,[],,,Entity
world:entity:2026-05-14-fmp-technicals-nktr-daily,2026-06-01,2026-05-14_FMP_Technicals_NKTR_daily,,,,Entities,,2026-05-14_FMP_Technicals_NKTR_daily,2026-05-14_FMP_Technicals_NKTR_daily,entity,,,,,,,,,,,,,,,[],,,Entity
world:entity:2026-05-14-fmp-technicals-nne-daily,2026-06-01,2026-05-14_FMP_Technicals_NNE_daily,,,,Entities,,2026-05-14_FMP_Technicals_NNE_daily,2026-05-14_FMP_Technicals_NNE_daily,entity,,,,,,,,,,,,,,,[],,,Entity
world:entity:2026-05-14-fmp-technicals-noc-daily,2026-06-01,2026-05-14_FMP_Technicals_NOC_daily,,,,Entities,,2026-05-14_FMP_Technicals_NOC_daily,2026-05-14_FMP_Technicals_NOC_daily,entity,,,,,,,,,,,,,,,[],,,Entity
world:entity:2026-05-14-fmp-technicals-nrg-daily,2026-06-01,2026-05-14_FMP_Technicals_NRG_daily,,,,Entities,,2026-05-14_FMP_Technicals_NRG_daily,2026-05-14_FMP_Technicals_NRG_daily,entity,,,,,,,,,,,,,,,[],,,Entity
world:entity:2026-05-14-fmp-technicals-ntla-daily,2026-06-01,2026-05-14_FMP_Technicals_NTLA_daily,,,,Entities,,2026-05-14_FMP_Technicals_NTLA_daily,2026-05-14_FMP_Technicals_NTLA_daily,entity,,,,,,,,,,,,,,,[],,,Entity
world:entity:2026-05-14-fmp-technicals-nvda-daily,2026-06-01,2026-05-14_FMP_Technicals_NVDA_daily,,,,Entities,,2026-05-14_FMP_Technicals_NVDA_daily,2026-05-14_FMP_Technicals_NVDA_daily,entity,,,,,,,,,,,,,,,[],,,Entity
world:entity:2026-05-14-fmp-technicals-nvr-daily,2026-06-01,2026-05-14_FMP_Technicals_NVR_daily,,,,Entities,,2026-05-14_FMP_Technicals_NVR_daily,2026-05-14_FMP_Technicals_NVR_daily,entity,,,,,,,,,,,,,,,[],,,Entity
world:entity:2026-05-14-fmp-technicals-oklo-daily,2026-06-01,2026-05-14_FMP_Technicals_OKLO_daily,,,,Entities,,2026-05-14_FMP_Technicals_OKLO_daily,2026-05-14_FMP_Technicals_OKLO_daily,entity,,,,,,,,,,,,,,,[],,,Entity
world:entity:2026-05-14-fmp-technicals-on-daily,2026-06-01,2026-05-14_FMP_Technicals_ON_daily,,,,Entities,,2026-05-14_FMP_Technicals_ON_daily,2026-05-14_FMP_Technicals_ON_daily,entity,,,,,,,,,,,,,,,[],,,Entity
world:entity:2026-05-14-fmp-technicals-onds-daily,2026-06-01,2026-05-14_FMP_Technicals_ONDS_daily,,,,Entities,,2026-05-14_FMP_Technicals_ONDS_daily,2026-05-14_FMP_Technicals_ONDS_daily,entity,,,,,,,,,,,,,,,[],,,Entity
world:entity:2026-05-14-fmp-technicals-onto-daily,2026-06-01,2026-05-14_FMP_Technicals_ONTO_daily,,,,Entities,,2026-05-14_FMP_Technicals_ONTO_daily,2026-05-14_FMP_Technicals_ONTO_daily,entity,,,,,,,,,,,,,,,[],,,Entity
world:entity:2026-05-14-fmp-technicals-pdfs-daily,2026-06-01,2026-05-14_FMP_Technicals_PDFS_daily,,,,Entities,,2026-05-14_FMP_Technicals_PDFS_daily,2026-05-14_FMP_Technicals_PDFS_daily,entity,,,,,,,,,,,,,,,[],,,Entity
world:entity:2026-05-14-fmp-technicals-pfe-daily,2026-06-01,2026-05-14_FMP_Technicals_PFE_daily,,,,Entities,,2026-05-14_FMP_Technicals_PFE_daily,2026-05-14_FMP_Technicals_PFE_daily,entity,,,,,,,,,,,,,,,[],,,Entity
world:entity:2026-05-14-fmp-technicals-pl-daily,2026-06-01,2026-05-14_FMP_Technicals_PL_daily,,,,Entities,,2026-05-14_FMP_Technicals_PL_daily,2026-05-14_FMP_Technicals_PL_daily,entity,,,,,,,,,,,,,,,[],,,Entity
world:entity:2026-05-14-fmp-technicals-pltr-daily,2026-06-01,2026-05-14_FMP_Technicals_PLTR_daily,,,,Entities,,2026-05-14_FMP_Technicals_PLTR_daily,2026-05-14_FMP_Technicals_PLTR_daily,entity,,,,,,,,,,,,,,,[],,,Entity
world:entity:2026-05-14-fmp-technicals-powl-daily,2026-06-01,2026-05-14_FMP_Technicals_POWL_daily,,,,Entities,,2026-05-14_FMP_Technicals_POWL_daily,2026-05-14_FMP_Technicals_POWL_daily,entity,,,,,,,,,,,,,,,[],,,Entity
world:entity:2026-05-14-fmp-technicals-ppih-daily,2026-06-01,2026-05-14_FMP_Technicals_PPIH_daily,,,,Entities,,2026-05-14_FMP_Technicals_PPIH_daily,2026-05-14_FMP_Technicals_PPIH_daily,entity,,,,,,,,,,,,,,,[],,,Entity
world:entity:2026-05-14-fmp-technicals-prks-daily,2026-06-01,2026-05-14_FMP_Technicals_PRKS_daily,,,,Entities,,2026-05-14_FMP_Technicals_PRKS_daily,2026-05-14_FMP_Technicals_PRKS_daily,entity,,,,,,,,,,,,,,,[],,,Entity
world:entity:2026-05-14-fmp-technicals-prta-daily,2026-06-01,2026-05-14_FMP_Technicals_PRTA_daily,,,,Entities,,2026-05-14_FMP_Technicals_PRTA_daily,2026-05-14_FMP_Technicals_PRTA_daily,entity,,,,,,,,,,,,,,,[],,,Entity
world:entity:2026-05-14-fmp-technicals-psil-daily,2026-06-01,2026-05-14_FMP_Technicals_PSIL_daily,,,,Entities,,2026-05-14_FMP_Technicals_PSIL_daily,2026-05-14_FMP_Technicals_PSIL_daily,entity,,,,,,,,,,,,,,,[],,,Entity
world:entity:2026-05-14-fmp-technicals-pwr-daily,2026-06-01,2026-05-14_FMP_Technicals_PWR_daily,,,,Entities,,2026-05-14_FMP_Technicals_PWR_daily,2026-05-14_FMP_Technicals_PWR_daily,entity,,,,,,,,,,,,,,,[],,,Entity
world:entity:2026-05-14-fmp-technicals-qubt-daily,2026-06-01,2026-05-14_FMP_Technicals_QUBT_daily,,,,Entities,,2026-05-14_FMP_Technicals_QUBT_daily,2026-05-14_FMP_Technicals_QUBT_daily,entity,,,,,,,,,,,,,,,[],,,Entity
world:entity:2026-05-14-fmp-technicals-rcat-daily,2026-06-01,2026-05-14_FMP_Technicals_RCAT_daily,,,,Entities,,2026-05-14_FMP_Technicals_RCAT_daily,2026-05-14_FMP_Technicals_RCAT_daily,entity,,,,,,,,,,,,,,,[],,,Entity
world:entity:2026-05-14-fmp-technicals-rgti-daily,2026-06-01,2026-05-14_FMP_Technicals_RGTI_daily,,,,Entities,,2026-05-14_FMP_Technicals_RGTI_daily,2026-05-14_FMP_Technicals_RGTI_daily,entity,,,,,,,,,,,,,,,[],,,Entity
world:entity:2026-05-14-fmp-technicals-rklb-daily,2026-06-01,2026-05-14_FMP_Technicals_RKLB_daily,,,,Entities,,2026-05-14_FMP_Technicals_RKLB_daily,2026-05-14_FMP_Technicals_RKLB_daily,entity,,,,,,,,,,,,,,,[],,,Entity
world:entity:2026-05-14-fmp-technicals-rprx-daily,2026-06-01,2026-05-14_FMP_Technicals_RPRX_daily,,,,Entities,,2026-05-14_FMP_Technicals_RPRX_daily,2026-05-14_FMP_Technicals_RPRX_daily,entity,,,,,,,,,,,,,,,[],,,Entity
world:entity:2026-05-14-fmp-technicals-rtx-daily,2026-06-01,2026-05-14_FMP_Technicals_RTX_daily,,,,Entities,,2026-05-14_FMP_Technicals_RTX_daily,2026-05-14_FMP_Technicals_RTX_daily,entity,,,,,,,,,,,,,,,[],,,Entity
world:entity:2026-05-14-fmp-technicals-saic-daily,2026-06-01,2026-05-14_FMP_Technicals_SAIC_daily,,,,Entities,,2026-05-14_FMP_Technicals_SAIC_daily,2026-05-14_FMP_Technicals_SAIC_daily,entity,,,,,,,,,,,,,,,[],,,Entity
world:entity:2026-05-14-fmp-technicals-sky-daily,2026-06-01,2026-05-14_FMP_Technicals_SKY_daily,,,,Entities,,2026-05-14_FMP_Technicals_SKY_daily,2026-05-14_FMP_Technicals_SKY_daily,entity,,,,,,,,,,,,,,,[],,,Entity
world:entity:2026-05-14-fmp-technicals-smr-daily,2026-06-01,2026-05-14_FMP_Technicals_SMR_daily,,,,Entities,,2026-05-14_FMP_Technicals_SMR_daily,2026-05-14_FMP_Technicals_SMR_daily,entity,,,,,,,,,,,,,,,[],,,Entity
world:entity:2026-05-14-fmp-technicals-spir-daily,2026-06-01,2026-05-14_FMP_Technicals_SPIR_daily,,,,Entities,,2026-05-14_FMP_Technicals_SPIR_daily,2026-05-14_FMP_Technicals_SPIR_daily,entity,,,,,,,,,,,,,,,[],,,Entity
world:entity:2026-05-14-fmp-technicals-spro-daily,2026-06-01,2026-05-14_FMP_Technicals_SPRO_daily,,,,Entities,,2026-05-14_FMP_Technicals_SPRO_daily,2026-05-14_FMP_Technicals_SPRO_daily,entity,,,,,,,,,,,,,,,[],,,Entity
world:entity:2026-05-14-fmp-technicals-stem-daily,2026-06-01,2026-05-14_FMP_Technicals_STEM_daily,,,,Entities,,2026-05-14_FMP_Technicals_STEM_daily,2026-05-14_FMP_Technicals_STEM_daily,entity,,,,,,,,,,,,,,,[],,,Entity
world:entity:2026-05-14-fmp-technicals-strl-daily,2026-06-01,2026-05-14_FMP_Technicals_STRL_daily,,,,Entities,,2026-05-14_FMP_Technicals_STRL_daily,2026-05-14_FMP_Technicals_STRL_daily,entity,,,,,,,,,,,,,,,[],,,Entity
world:entity:2026-05-14-fmp-technicals-tdy-daily,2026-06-01,2026-05-14_FMP_Technicals_TDY_daily,,,,Entities,,2026-05-14_FMP_Technicals_TDY_daily,2026-05-14_FMP_Technicals_TDY_daily,entity,,,,,,,,,,,,,,,[],,,Entity
world:entity:2026-05-14-fmp-technicals-tmhc-daily,2026-06-01,2026-05-14_FMP_Technicals_TMHC_daily,,,,Entities,,2026-05-14_FMP_Technicals_TMHC_daily,2026-05-14_FMP_Technicals_TMHC_daily,entity,,,,,,,,,,,,,,,[],,,Entity
world:entity:2026-05-14-fmp-technicals-tmo-daily,2026-06-01,2026-05-14_FMP_Technicals_TMO_daily,,,,Entities,,2026-05-14_FMP_Technicals_TMO_daily,2026-05-14_FMP_Technicals_TMO_daily,entity,,,,,,,,,,,,,,,[],,,Entity
world:entity:2026-05-14-fmp-technicals-tnc-daily,2026-06-01,2026-05-14_FMP_Technicals_TNC_daily,,,,Entities,,2026-05-14_FMP_Technicals_TNC_daily,2026-05-14_FMP_Technicals_TNC_daily,entity,,,,,,,,,,,,,,,[],,,Entity
world:entity:2026-05-14-fmp-technicals-tol-daily,2026-06-01,2026-05-14_FMP_Technicals_TOL_daily,,,,Entities,,2026-05-14_FMP_Technicals_TOL_daily,2026-05-14_FMP_Technicals_TOL_daily,entity,,,,,,,,,,,,,,,[],,,Entity
world:entity:2026-05-14-fmp-technicals-tsla-daily,2026-06-01,2026-05-14_FMP_Technicals_TSLA_daily,,,,Entities,,2026-05-14_FMP_Technicals_TSLA_daily,2026-05-14_FMP_Technicals_TSLA_daily,entity,,,,,,,,,,,,,,,[],,,Entity
world:entity:2026-05-14-fmp-technicals-tsn-daily,2026-06-01,2026-05-14_FMP_Technicals_TSN_daily,,,,Entities,,2026-05-14_FMP_Technicals_TSN_daily,2026-05-14_FMP_Technicals_TSN_daily,entity,,,,,,,,,,,,,,,[],,,Entity
world:entity:2026-05-14-fmp-technicals-twst-daily,2026-06-01,2026-05-14_FMP_Technicals_TWST_daily,,,,Entities,,2026-05-14_FMP_Technicals_TWST_daily,2026-05-14_FMP_Technicals_TWST_daily,entity,,,,,,,,,,,,,,,[],,,Entity
world:entity:2026-05-14-fmp-technicals-txt-daily,2026-06-01,2026-05-14_FMP_Technicals_TXT_daily,,,,Entities,,2026-05-14_FMP_Technicals_TXT_daily,2026-05-14_FMP_Technicals_TXT_daily,entity,,,,,,,,,,,,,,,[],,,Entity
world:entity:2026-05-14-fmp-technicals-ufpt-daily,2026-06-01,2026-05-14_FMP_Technicals_UFPT_daily,,,,Entities,,2026-05-14_FMP_Technicals_UFPT_daily,2026-05-14_FMP_Technicals_UFPT_daily,entity,,,,,,,,,,,,,,,[],,,Entity
world:entity:2026-05-14-fmp-technicals-umac-daily,2026-06-01,2026-05-14_FMP_Technicals_UMAC_daily,,,,Entities,,2026-05-14_FMP_Technicals_UMAC_daily,2026-05-14_FMP_Technicals_UMAC_daily,entity,,,,,,,,,,,,,,,[],,,Entity
world:entity:2026-05-14-fmp-technicals-unty-daily,2026-06-01,2026-05-14_FMP_Technicals_UNTY_daily,,,,Entities,,2026-05-14_FMP_Technicals_UNTY_daily,2026-05-14_FMP_Technicals_UNTY_daily,entity,,,,,,,,,,,,,,,[],,,Entity
world:entity:2026-05-14-fmp-technicals-vktx-daily,2026-06-01,2026-05-14_FMP_Technicals_VKTX_daily,,,,Entities,,2026-05-14_FMP_Technicals_VKTX_daily,2026-05-14_FMP_Technicals_VKTX_daily,entity,,,,,,,,,,,,,,,[],,,Entity
world:entity:2026-05-14-fmp-technicals-vst-daily,2026-06-01,2026-05-14_FMP_Technicals_VST_daily,,,,Entities,,2026-05-14_FMP_Technicals_VST_daily,2026-05-14_FMP_Technicals_VST_daily,entity,,,,,,,,,,,,,,,[],,,Entity
world:entity:2026-05-14-fmp-technicals-wcc-daily,2026-06-01,2026-05-14_FMP_Technicals_WCC_daily,,,,Entities,,2026-05-14_FMP_Technicals_WCC_daily,2026-05-14_FMP_Technicals_WCC_daily,entity,,,,,,,,,,,,,,,[],,,Entity
world:entity:2026-05-14-fmp-technicals-wolf-daily,2026-06-01,2026-05-14_FMP_Technicals_WOLF_daily,,,,Entities,,2026-05-14_FMP_Technicals_WOLF_daily,2026-05-14_FMP_Technicals_WOLF_daily,entity,,,,,,,,,,,,,,,[],,,Entity
world:entity:2026-05-14-fmp-technicals-wpm-daily,2026-06-01,2026-05-14_FMP_Technicals_WPM_daily,,,,Entities,,2026-05-14_FMP_Technicals_WPM_daily,2026-05-14_FMP_Technicals_WPM_daily,entity,,,,,,,,,,,,,,,[],,,Entity
world:entity:2026-05-14-fmp-technicals-xoma-daily,2026-06-01,2026-05-14_FMP_Technicals_XOMA_daily,,,,Entities,,2026-05-14_FMP_Technicals_XOMA_daily,2026-05-14_FMP_Technicals_XOMA_daily,entity,,,,,,,,,,,,,,,[],,,Entity
world:entity:2026-05-14-fmp-thesis-watchlist-capital-raise-survivors-small-cap-inflection-basket,2026-06-01,2026-05-14_FMP_Thesis_Watchlist_Capital_Raise_Survivors_Small-Cap_Inflection_Basket,,,,Entities,,2026-05-14_FMP_Thesis_Watchlist_Capital_Raise_Survivors_Small-Cap_Inflection_Basket,2026-05-14_FMP_Thesis_Watchlist_Capital_Raise_Survivors_Small-Cap_Inflection_Basket,entity,,,,,,,,,,,,,,,[],,,Entity
world:entity:2026-05-14-fmp-thesis-watchlist-defense-ai-autonomous-warfare,2026-06-01,2026-05-14_FMP_Thesis_Watchlist_Defense_AI_&_Autonomous_Warfare,,,,Entities,,2026-05-14_FMP_Thesis_Watchlist_Defense_AI_&_Autonomous_Warfare,2026-05-14_FMP_Thesis_Watchlist_Defense_AI_&_Autonomous_Warfare,entity,,,,,,,,,,,,,,,[],,,Entity
world:entity:2026-05-14-fmp-thesis-watchlist-dollar-debasement-hard-money,2026-06-01,2026-05-14_FMP_Thesis_Watchlist_Dollar_Debasement_&_Hard_Money,,,,Entities,,2026-05-14_FMP_Thesis_Watchlist_Dollar_Debasement_&_Hard_Money,2026-05-14_FMP_Thesis_Watchlist_Dollar_Debasement_&_Hard_Money,entity,,,,,,,,,,,,,,,[],,,Entity
world:entity:2026-05-14-fmp-thesis-watchlist-drone-autonomous-systems-revolution,2026-06-01,2026-05-14_FMP_Thesis_Watchlist_Drone_&_Autonomous_Systems_Revolution,,,,Entities,,2026-05-14_FMP_Thesis_Watchlist_Drone_&_Autonomous_Systems_Revolution,2026-05-14_FMP_Thesis_Watchlist_Drone_&_Autonomous_Systems_Revolution,entity,,,,,,,,,,,,,,,[],,,Entity
world:entity:2026-05-14-fmp-thesis-watchlist-fiscal-scarcity-rearmament,2026-06-01,2026-05-14_FMP_Thesis_Watchlist_Fiscal_Scarcity_Rearmament,,,,Entities,,2026-05-14_FMP_Thesis_Watchlist_Fiscal_Scarcity_Rearmament,2026-05-14_FMP_Thesis_Watchlist_Fiscal_Scarcity_Rearmament,entity,,,,,,,,,,,,,,,[],,,Entity
world:entity:2026-05-14-fmp-thesis-watchlist-gene-editing-crispr-therapeutics,2026-06-01,2026-05-14_FMP_Thesis_Watchlist_Gene_Editing_&_CRISPR_Therapeutics,,,,Entities,,2026-05-14_FMP_Thesis_Watchlist_Gene_Editing_&_CRISPR_Therapeutics,2026-05-14_FMP_Thesis_Watchlist_Gene_Editing_&_CRISPR_Therapeutics,entity,,,,,,,,,,,,,,,[],,,Entity
world:entity:2026-05-14-fmp-thesis-watchlist-glp-1-metabolic-disease-revolution,2026-06-01,2026-05-14_FMP_Thesis_Watchlist_GLP-1_Metabolic_Disease_Revolution,,,,Entities,,2026-05-14_FMP_Thesis_Watchlist_GLP-1_Metabolic_Disease_Revolution,2026-05-14_FMP_Thesis_Watchlist_GLP-1_Metabolic_Disease_Revolution,entity,,,,,,,,,,,,,,,[],,,Entity
world:entity:2026-05-14-fmp-thesis-watchlist-grid-scale-battery-storage,2026-06-01,2026-05-14_FMP_Thesis_Watchlist_Grid-Scale_Battery_Storage,,,,Entities,,2026-05-14_FMP_Thesis_Watchlist_Grid-Scale_Battery_Storage,2026-05-14_FMP_Thesis_Watchlist_Grid-Scale_Battery_Storage,entity,,,,,,,,,,,,,,,[],,,Entity
world:entity:2026-05-14-fmp-thesis-watchlist-housing-supply-correction,2026-06-01,2026-05-14_FMP_Thesis_Watchlist_Housing_Supply_Correction,,,,Entities,,2026-05-14_FMP_Thesis_Watchlist_Housing_Supply_Correction,2026-05-14_FMP_Thesis_Watchlist_Housing_Supply_Correction,entity,,,,,,,,,,,,,,,[],,,Entity
world:entity:2026-05-14-fmp-thesis-watchlist-hypersonic-weapons-advanced-defense-systems,2026-06-01,2026-05-14_FMP_Thesis_Watchlist_Hypersonic_Weapons_&_Advanced_Defense_Systems,,,,Entities,,2026-05-14_FMP_Thesis_Watchlist_Hypersonic_Weapons_&_Advanced_Defense_Systems,2026-05-14_FMP_Thesis_Watchlist_Hypersonic_Weapons_&_Advanced_Defense_Systems,entity,,,,,,,,,,,,,,,[],,,Entity
world:entity:2026-05-14-fmp-thesis-watchlist-nuclear-renaissance-small-modular-reactors,2026-06-01,2026-05-14_FMP_Thesis_Watchlist_Nuclear_Renaissance_&_Small_Modular_Reactors,,,,Entities,,2026-05-14_FMP_Thesis_Watchlist_Nuclear_Renaissance_&_Small_Modular_Reactors,2026-05-14_FMP_Thesis_Watchlist_Nuclear_Renaissance_&_Small_Modular_Reactors,entity,,,,,,,,,,,,,,,[],,,Entity
world:entity:2026-05-14-fmp-thesis-watchlist-psychedelic-mental-health-revolution,2026-06-01,2026-05-14_FMP_Thesis_Watchlist_Psychedelic_Mental_Health_Revolution,,,,Entities,,2026-05-14_FMP_Thesis_Watchlist_Psychedelic_Mental_Health_Revolution,2026-05-14_FMP_Thesis_Watchlist_Psychedelic_Mental_Health_Revolution,entity,,,,,,,,,,,,,,,[],,,Entity
world:entity:2026-05-14-fmp-thesis-watchlist-quantum-computing,2026-06-01,2026-05-14_FMP_Thesis_Watchlist_Quantum_Computing,,,,Entities,,2026-05-14_FMP_Thesis_Watchlist_Quantum_Computing,2026-05-14_FMP_Thesis_Watchlist_Quantum_Computing,entity,,,,,,,,,,,,,,,[],,,Entity
world:entity:2026-05-14-fmp-thesis-watchlist-space-domain-awareness-commercial-space,2026-06-01,2026-05-14_FMP_Thesis_Watchlist_Space_Domain_Awareness_&_Commercial_Space,,,,Entities,,2026-05-14_FMP_Thesis_Watchlist_Space_Domain_Awareness_&_Commercial_Space,2026-05-14_FMP_Thesis_Watchlist_Space_Domain_Awareness_&_Commercial_Space,entity,,,,,,,,,,,,,,,[],,,Entity
world:entity:2026-05-14-fred-liquidity,2026-06-01,2026-05-14_FRED_Liquidity,,,,Entities,,2026-05-14_FRED_Liquidity,2026-05-14_FRED_Liquidity,entity,,,,,,,,,,,,,,,[],,,Entity
world:entity:2026-05-14-india-em-capital-controls-and-crypto-escape-valve-watchpoints,2026-06-01,2026-05-14 - India EM Capital Controls and Crypto Escape Valve Watchpoints,,,,Entities,,2026-05-14 - India EM Capital Controls and Crypto Escape Valve Watchpoints,2026-05-14 - India EM Capital Controls and Crypto Escape Valve Watchpoints,entity,,,,,,,,,,,,,,,[],,,Entity
world:entity:2026-05-14-india-rupee-collapse-and-gold-capital-controls,2026-06-01,2026-05-14 - India Rupee Collapse and Gold Capital Controls,,,,Entities,,2026-05-14 - India Rupee Collapse and Gold Capital Controls,2026-05-14 - India Rupee Collapse and Gold Capital Controls,entity,,,,,,,,,,,,,,,[],,,Entity
world:entity:2026-05-14-market-breadth-fracture-and-ai-infrastructure-gap,2026-06-01,2026-05-14 - Market Breadth Fracture and AI Infrastructure Gap,,,,Entities,,2026-05-14 - Market Breadth Fracture and AI Infrastructure Gap,2026-05-14 - Market Breadth Fracture and AI Infrastructure Gap,entity,,,,,,,,,,,,,,,[],,,Entity
world:entity:2026-05-14-opportunity-viewpoints,2026-06-01,2026-05-14_Opportunity_Viewpoints,,,,Entities,,2026-05-14_Opportunity_Viewpoints,2026-05-14_Opportunity_Viewpoints,entity,,,,,,,,,,,,,,,[],,,Entity
world:entity:2026-05-14-orb-entropy-screen,2026-06-01,2026-05-14_ORB_Entropy_Screen,,,,Entities,,2026-05-14_ORB_Entropy_Screen,2026-05-14_ORB_Entropy_Screen,entity,,,,,,,,,,,,,,,[],,,Entity
world:entity:2026-05-14-uk-political-transition-and-gilt-risk-watchpoints,2026-06-01,2026-05-14 - UK Political Transition and Gilt Risk Watchpoints,,,,Entities,,2026-05-14 - UK Political Transition and Gilt Risk Watchpoints,2026-05-14 - UK Political Transition and Gilt Risk Watchpoints,entity,,,,,,,,,,,,,,,[],,,Entity
world:entity:2026-05-14-us-china-tariff-cliff-and-hormuz-resolution-watchpoints,2026-06-01,2026-05-14 - US-China Tariff Cliff and Hormuz Resolution Watchpoints,,,,Entities,,2026-05-14 - US-China Tariff Cliff and Hormuz Resolution Watchpoints,2026-05-14 - US-China Tariff Cliff and Hormuz Resolution Watchpoints,entity,,,,,,,,,,,,,,,[],,,Entity
world:entity:2026-05-15,2026-06-01,2026-05-15,,,,Entities,,2026-05-15,2026-05-15,entity,,,,,,,,,,,,,,,[],,,Entity
world:entity:2026-05-15-daily-monitoring-snapshot,2026-06-01,2026-05-15 Daily Monitoring Snapshot,,,,Entities,,2026-05-15 Daily Monitoring Snapshot,2026-05-15 Daily Monitoring Snapshot,entity,,,,,,,,,,,,,,,[],,,Entity
world:entity:2026-05-15-end-of-day-briefing,2026-06-01,2026-05-15 End Of Day Briefing,,,,Entities,,2026-05-15 End Of Day Briefing,2026-05-15 End Of Day Briefing,entity,,,,,,,,,,,,,,,[],,,Entity
world:entity:2026-05-15-end-of-day-monitoring-snapshot,2026-06-01,2026-05-15 End Of Day Monitoring Snapshot,,,,Entities,,2026-05-15 End Of Day Monitoring Snapshot,2026-05-15 End Of Day Monitoring Snapshot,entity,,,,,,,,,,,,,,,[],,,Entity
world:entity:2026-05-15-entropy-monitor-csco-ba-f-biib-chrw-ttwo-ntap-hpe-cbre-bbjp-amat-coin-wm-aep-tjx-zs-epd-mrvl-fitb,2026-06-01,2026-05-15_Entropy_Monitor_CSCO_BA_F_BIIB_CHRW_TTWO_NTAP_HPE_CBRE_BBJP_AMAT_COIN_WM_AEP_TJX_ZS_EPD_MRVL_FITB,,,,Entities,,2026-05-15_Entropy_Monitor_CSCO_BA_F_BIIB_CHRW_TTWO_NTAP_HPE_CBRE_BBJP_AMAT_COIN_WM_AEP_TJX_ZS_EPD_MRVL_FITB,2026-05-15_Entropy_Monitor_CSCO_BA_F_BIIB_CHRW_TTWO_NTAP_HPE_CBRE_BBJP_AMAT_COIN_WM_AEP_TJX_ZS_EPD_MRVL_FITB,entity,,,,,,,,,,,,,,,[],,,Entity
world:entity:2026-05-15-fed-tightening-bias-watch,2026-06-01,2026-05-15 - Fed Tightening Bias Watch,,,,Entities,,2026-05-15 - Fed Tightening Bias Watch,2026-05-15 - Fed Tightening Bias Watch,entity,,,,,,,,,,,,,,,[],,,Entity
world:entity:2026-05-15-fmp-earnings-calendar-thesis-watchlists,2026-06-01,2026-05-15_FMP_Earnings_Calendar_Thesis_Watchlists,,,,Entities,,2026-05-15_FMP_Earnings_Calendar_Thesis_Watchlists,2026-05-15_FMP_Earnings_Calendar_Thesis_Watchlists,entity,,,,,,,,,,,,,,,[],,,Entity
world:entity:2026-05-15-fmp-economiccalendar,2026-06-01,2026-05-15_FMP_EconomicCalendar,,,,Entities,,2026-05-15_FMP_EconomicCalendar,2026-05-15_FMP_EconomicCalendar,entity,,,,,,,,,,,,,,,[],,,Entity
world:entity:2026-05-15-fmp-technicals-saic-daily,2026-06-01,2026-05-15_FMP_Technicals_SAIC_daily,,,,Entities,,2026-05-15_FMP_Technicals_SAIC_daily,2026-05-15_FMP_Technicals_SAIC_daily,entity,,,,,,,,,,,,,,,[],,,Entity
world:entity:2026-05-15-fmp-technicals-sky-daily,2026-06-01,2026-05-15_FMP_Technicals_SKY_daily,,,,Entities,,2026-05-15_FMP_Technicals_SKY_daily,2026-05-15_FMP_Technicals_SKY_daily,entity,,,,,,,,,,,,,,,[],,,Entity
world:entity:2026-05-15-fmp-technicals-smr-daily,2026-06-01,2026-05-15_FMP_Technicals_SMR_daily,,,,Entities,,2026-05-15_FMP_Technicals_SMR_daily,2026-05-15_FMP_Technicals_SMR_daily,entity,,,,,,,,,,,,,,,[],,,Entity
world:entity:2026-05-15-fmp-technicals-stem-daily,2026-06-01,2026-05-15_FMP_Technicals_STEM_daily,,,,Entities,,2026-05-15_FMP_Technicals_STEM_daily,2026-05-15_FMP_Technicals_STEM_daily,entity,,,,,,,,,,,,,,,[],,,Entity
world:entity:2026-05-15-fmp-technicals-tmhc-daily,2026-06-01,2026-05-15_FMP_Technicals_TMHC_daily,,,,Entities,,2026-05-15_FMP_Technicals_TMHC_daily,2026-05-15_FMP_Technicals_TMHC_daily,entity,,,,,,,,,,,,,,,[],,,Entity
world:entity:2026-05-15-fmp-technicals-tmo-daily,2026-06-01,2026-05-15_FMP_Technicals_TMO_daily,,,,Entities,,2026-05-15_FMP_Technicals_TMO_daily,2026-05-15_FMP_Technicals_TMO_daily,entity,,,,,,,,,,,,,,,[],,,Entity
world:entity:2026-05-15-fmp-technicals-tnc-daily,2026-06-01,2026-05-15_FMP_Technicals_TNC_daily,,,,Entities,,2026-05-15_FMP_Technicals_TNC_daily,2026-05-15_FMP_Technicals_TNC_daily,entity,,,,,,,,,,,,,,,[],,,Entity
world:entity:2026-05-15-fmp-technicals-tol-daily,2026-06-01,2026-05-15_FMP_Technicals_TOL_daily,,,,Entities,,2026-05-15_FMP_Technicals_TOL_daily,2026-05-15_FMP_Technicals_TOL_daily,entity,,,,,,,,,,,,,,,[],,,Entity
world:entity:2026-05-15-fmp-technicals-tsla-daily,2026-06-01,2026-05-15_FMP_Technicals_TSLA_daily,,,,Entities,,2026-05-15_FMP_Technicals_TSLA_daily,2026-05-15_FMP_Technicals_TSLA_daily,entity,,,,,,,,,,,,,,,[],,,Entity
world:entity:2026-05-15-fmp-technicals-tsn-daily,2026-06-01,2026-05-15_FMP_Technicals_TSN_daily,,,,Entities,,2026-05-15_FMP_Technicals_TSN_daily,2026-05-15_FMP_Technicals_TSN_daily,entity,,,,,,,,,,,,,,,[],,,Entity
world:entity:2026-05-15-fmp-technicals-twst-daily,2026-06-01,2026-05-15_FMP_Technicals_TWST_daily,,,,Entities,,2026-05-15_FMP_Technicals_TWST_daily,2026-05-15_FMP_Technicals_TWST_daily,entity,,,,,,,,,,,,,,,[],,,Entity
world:entity:2026-05-15-fmp-technicals-txt-daily,2026-06-01,2026-05-15_FMP_Technicals_TXT_daily,,,,Entities,,2026-05-15_FMP_Technicals_TXT_daily,2026-05-15_FMP_Technicals_TXT_daily,entity,,,,,,,,,,,,,,,[],,,Entity
world:entity:2026-05-15-fmp-technicals-ufpt-daily,2026-06-01,2026-05-15_FMP_Technicals_UFPT_daily,,,,Entities,,2026-05-15_FMP_Technicals_UFPT_daily,2026-05-15_FMP_Technicals_UFPT_daily,entity,,,,,,,,,,,,,,,[],,,Entity
world:entity:2026-05-15-fmp-technicals-umac-daily,2026-06-01,2026-05-15_FMP_Technicals_UMAC_daily,,,,Entities,,2026-05-15_FMP_Technicals_UMAC_daily,2026-05-15_FMP_Technicals_UMAC_daily,entity,,,,,,,,,,,,,,,[],,,Entity
world:entity:2026-05-15-fmp-technicals-unty-daily,2026-06-01,2026-05-15_FMP_Technicals_UNTY_daily,,,,Entities,,2026-05-15_FMP_Technicals_UNTY_daily,2026-05-15_FMP_Technicals_UNTY_daily,entity,,,,,,,,,,,,,,,[],,,Entity
world:entity:2026-05-15-fmp-technicals-vktx-daily,2026-06-01,2026-05-15_FMP_Technicals_VKTX_daily,,,,Entities,,2026-05-15_FMP_Technicals_VKTX_daily,2026-05-15_FMP_Technicals_VKTX_daily,entity,,,,,,,,,,,,,,,[],,,Entity
world:entity:2026-05-15-fmp-technicals-vst-daily,2026-06-01,2026-05-15_FMP_Technicals_VST_daily,,,,Entities,,2026-05-15_FMP_Technicals_VST_daily,2026-05-15_FMP_Technicals_VST_daily,entity,,,,,,,,,,,,,,,[],,,Entity
world:entity:2026-05-15-fmp-technicals-wcc-daily,2026-06-01,2026-05-15_FMP_Technicals_WCC_daily,,,,Entities,,2026-05-15_FMP_Technicals_WCC_daily,2026-05-15_FMP_Technicals_WCC_daily,entity,,,,,,,,,,,,,,,[],,,Entity
world:entity:2026-05-15-fmp-technicals-wolf-daily,2026-06-01,2026-05-15_FMP_Technicals_WOLF_daily,,,,Entities,,2026-05-15_FMP_Technicals_WOLF_daily,2026-05-15_FMP_Technicals_WOLF_daily,entity,,,,,,,,,,,,,,,[],,,Entity
world:entity:2026-05-15-fmp-technicals-wpm-daily,2026-06-01,2026-05-15_FMP_Technicals_WPM_daily,,,,Entities,,2026-05-15_FMP_Technicals_WPM_daily,2026-05-15_FMP_Technicals_WPM_daily,entity,,,,,,,,,,,,,,,[],,,Entity
world:entity:2026-05-15-fmp-technicals-xoma-daily,2026-06-01,2026-05-15_FMP_Technicals_XOMA_daily,,,,Entities,,2026-05-15_FMP_Technicals_XOMA_daily,2026-05-15_FMP_Technicals_XOMA_daily,entity,,,,,,,,,,,,,,,[],,,Entity
world:entity:2026-05-15-fmp-thesis-watchlist-capital-raise-survivors-small-cap-inflection-basket,2026-06-01,2026-05-15_FMP_Thesis_Watchlist_Capital_Raise_Survivors_Small-Cap_Inflection_Basket,,,,Entities,,2026-05-15_FMP_Thesis_Watchlist_Capital_Raise_Survivors_Small-Cap_Inflection_Basket,2026-05-15_FMP_Thesis_Watchlist_Capital_Raise_Survivors_Small-Cap_Inflection_Basket,entity,,,,,,,,,,,,,,,[],,,Entity
world:entity:2026-05-15-fmp-thesis-watchlist-drone-autonomous-systems-revolution,2026-06-01,2026-05-15_FMP_Thesis_Watchlist_Drone_&_Autonomous_Systems_Revolution,,,,Entities,,2026-05-15_FMP_Thesis_Watchlist_Drone_&_Autonomous_Systems_Revolution,2026-05-15_FMP_Thesis_Watchlist_Drone_&_Autonomous_Systems_Revolution,entity,,,,,,,,,,,,,,,[],,,Entity
world:entity:2026-05-15-fmp-thesis-watchlist-fiscal-scarcity-rearmament,2026-06-01,2026-05-15_FMP_Thesis_Watchlist_Fiscal_Scarcity_Rearmament,,,,Entities,,2026-05-15_FMP_Thesis_Watchlist_Fiscal_Scarcity_Rearmament,2026-05-15_FMP_Thesis_Watchlist_Fiscal_Scarcity_Rearmament,entity,,,,,,,,,,,,,,,[],,,Entity
world:entity:2026-05-15-fmp-thesis-watchlist-gene-editing-crispr-therapeutics,2026-06-01,2026-05-15_FMP_Thesis_Watchlist_Gene_Editing_&_CRISPR_Therapeutics,,,,Entities,,2026-05-15_FMP_Thesis_Watchlist_Gene_Editing_&_CRISPR_Therapeutics,2026-05-15_FMP_Thesis_Watchlist_Gene_Editing_&_CRISPR_Therapeutics,entity,,,,,,,,,,,,,,,[],,,Entity
world:entity:2026-05-15-fmp-thesis-watchlist-glp-1-metabolic-disease-revolution,2026-06-01,2026-05-15_FMP_Thesis_Watchlist_GLP-1_Metabolic_Disease_Revolution,,,,Entities,,2026-05-15_FMP_Thesis_Watchlist_GLP-1_Metabolic_Disease_Revolution,2026-05-15_FMP_Thesis_Watchlist_GLP-1_Metabolic_Disease_Revolution,entity,,,,,,,,,,,,,,,[],,,Entity
world:entity:2026-05-15-fmp-thesis-watchlist-grid-scale-battery-storage,2026-06-01,2026-05-15_FMP_Thesis_Watchlist_Grid-Scale_Battery_Storage,,,,Entities,,2026-05-15_FMP_Thesis_Watchlist_Grid-Scale_Battery_Storage,2026-05-15_FMP_Thesis_Watchlist_Grid-Scale_Battery_Storage,entity,,,,,,,,,,,,,,,[],,,Entity
world:entity:2026-05-15-fmp-thesis-watchlist-housing-supply-correction,2026-06-01,2026-05-15_FMP_Thesis_Watchlist_Housing_Supply_Correction,,,,Entities,,2026-05-15_FMP_Thesis_Watchlist_Housing_Supply_Correction,2026-05-15_FMP_Thesis_Watchlist_Housing_Supply_Correction,entity,,,,,,,,,,,,,,,[],,,Entity
world:entity:2026-05-15-fmp-thesis-watchlist-hypersonic-weapons-advanced-defense-systems,2026-06-01,2026-05-15_FMP_Thesis_Watchlist_Hypersonic_Weapons_&_Advanced_Defense_Systems,,,,Entities,,2026-05-15_FMP_Thesis_Watchlist_Hypersonic_Weapons_&_Advanced_Defense_Systems,2026-05-15_FMP_Thesis_Watchlist_Hypersonic_Weapons_&_Advanced_Defense_Systems,entity,,,,,,,,,,,,,,,[],,,Entity
world:entity:2026-05-15-fmp-thesis-watchlist-nuclear-renaissance-small-modular-reactors,2026-06-01,2026-05-15_FMP_Thesis_Watchlist_Nuclear_Renaissance_&_Small_Modular_Reactors,,,,Entities,,2026-05-15_FMP_Thesis_Watchlist_Nuclear_Renaissance_&_Small_Modular_Reactors,2026-05-15_FMP_Thesis_Watchlist_Nuclear_Renaissance_&_Small_Modular_Reactors,entity,,,,,,,,,,,,,,,[],,,Entity
world:entity:2026-05-15-fmp-thesis-watchlist-psychedelic-mental-health-revolution,2026-06-01,2026-05-15_FMP_Thesis_Watchlist_Psychedelic_Mental_Health_Revolution,,,,Entities,,2026-05-15_FMP_Thesis_Watchlist_Psychedelic_Mental_Health_Revolution,2026-05-15_FMP_Thesis_Watchlist_Psychedelic_Mental_Health_Revolution,entity,,,,,,,,,,,,,,,[],,,Entity
world:entity:2026-05-15-fmp-thesis-watchlist-quantum-computing,2026-06-01,2026-05-15_FMP_Thesis_Watchlist_Quantum_Computing,,,,Entities,,2026-05-15_FMP_Thesis_Watchlist_Quantum_Computing,2026-05-15_FMP_Thesis_Watchlist_Quantum_Computing,entity,,,,,,,,,,,,,,,[],,,Entity
world:entity:2026-05-15-fmp-thesis-watchlist-space-domain-awareness-commercial-space,2026-06-01,2026-05-15_FMP_Thesis_Watchlist_Space_Domain_Awareness_&_Commercial_Space,,,,Entities,,2026-05-15_FMP_Thesis_Watchlist_Space_Domain_Awareness_&_Commercial_Space,2026-05-15_FMP_Thesis_Watchlist_Space_Domain_Awareness_&_Commercial_Space,entity,,,,,,,,,,,,,,,[],,,Entity
world:entity:2026-05-15-fred-liquidity,2026-06-01,2026-05-15_FRED_Liquidity,,,,Entities,,2026-05-15_FRED_Liquidity,2026-05-15_FRED_Liquidity,entity,,,,,,,,,,,,,,,[],,,Entity
world:entity:2026-05-15-inbox-clearance-growth-resilience-factor-stress-and-semiconductor-risk,2026-06-01,2026-05-15 - Inbox Clearance - Growth Resilience Factor Stress and Semiconductor Risk,,,,Entities,,2026-05-15 - Inbox Clearance - Growth Resilience Factor Stress and Semiconductor Risk,2026-05-15 - Inbox Clearance - Growth Resilience Factor Stress and Semiconductor Risk,entity,,,,,,,,,,,,,,,[],,,Entity
world:entity:2026-05-15-inbox-ingestion-batch,2026-06-01,2026-05-15 - Inbox Ingestion Batch,,,,Entities,,2026-05-15 - Inbox Ingestion Batch,2026-05-15 - Inbox Ingestion Batch,entity,,,,,,,,,,,,,,,[],,,Entity
world:entity:2026-05-15-orb-entropy-screen,2026-06-01,2026-05-15_ORB_Entropy_Screen,,,,Entities,,2026-05-15_ORB_Entropy_Screen,2026-05-15_ORB_Entropy_Screen,entity,,,,,,,,,,,,,,,[],,,Entity
world:entity:2026-05-16-agent-analysis-aapl,2026-06-01,2026-05-16_Agent_Analysis_AAPL,,,,Entities,,2026-05-16_Agent_Analysis_AAPL,2026-05-16_Agent_Analysis_AAPL,entity,,,,,,,,,,,,,,,[],,,Entity
world:entity:2026-05-16-agent-analysis-all-theses,2026-06-01,2026-05-16_Agent_Analysis_All_Theses,,,,Entities,,2026-05-16_Agent_Analysis_All_Theses,2026-05-16_Agent_Analysis_All_Theses,entity,,,,,,,,,,,,,,,[],,,Entity
world:entity:2026-05-16-agent-analysis-amzn,2026-06-01,2026-05-16_Agent_Analysis_AMZN,,,,Entities,,2026-05-16_Agent_Analysis_AMZN,2026-05-16_Agent_Analysis_AMZN,entity,,,,,,,,,,,,,,,[],,,Entity
world:entity:2026-05-16-agent-analysis-axp,2026-06-01,2026-05-16_Agent_Analysis_AXP,,,,Entities,,2026-05-16_Agent_Analysis_AXP,2026-05-16_Agent_Analysis_AXP,entity,,,,,,,,,,,,,,,[],,,Entity
world:entity:2026-05-16-agent-analysis-brk-b,2026-06-01,2026-05-16_Agent_Analysis_BRK_B,,,,Entities,,2026-05-16_Agent_Analysis_BRK_B,2026-05-16_Agent_Analysis_BRK_B,entity,,,,,,,,,,,,,,,[],,,Entity
world:entity:2026-05-16-agent-analysis-etn,2026-06-01,2026-05-16_Agent_Analysis_ETN,,,,Entities,,2026-05-16_Agent_Analysis_ETN,2026-05-16_Agent_Analysis_ETN,entity,,,,,,,,,,,,,,,[],,,Entity
world:entity:2026-05-16-agent-analysis-gev,2026-06-01,2026-05-16_Agent_Analysis_GEV,,,,Entities,,2026-05-16_Agent_Analysis_GEV,2026-05-16_Agent_Analysis_GEV,entity,,,,,,,,,,,,,,,[],,,Entity
world:entity:2026-05-16-agent-analysis-gold,2026-06-01,2026-05-16_Agent_Analysis_GOLD,,,,Entities,,2026-05-16_Agent_Analysis_GOLD,2026-05-16_Agent_Analysis_GOLD,entity,,,,,,,,,,,,,,,[],,,Entity
world:entity:2026-05-16-agent-analysis-googl,2026-06-01,2026-05-16_Agent_Analysis_GOOGL,,,,Entities,,2026-05-16_Agent_Analysis_GOOGL,2026-05-16_Agent_Analysis_GOOGL,entity,,,,,,,,,,,,,,,[],,,Entity
world:entity:2026-05-16-agent-analysis-ko,2026-06-01,2026-05-16_Agent_Analysis_KO,,,,Entities,,2026-05-16_Agent_Analysis_KO,2026-05-16_Agent_Analysis_KO,entity,,,,,,,,,,,,,,,[],,,Entity
world:entity:2026-05-16-agent-analysis-lly,2026-06-01,2026-05-16_Agent_Analysis_LLY,,,,Entities,,2026-05-16_Agent_Analysis_LLY,2026-05-16_Agent_Analysis_LLY,entity,,,,,,,,,,,,,,,[],,,Entity
world:entity:2026-05-16-agent-analysis-msft,2026-06-01,2026-05-16_Agent_Analysis_MSFT,,,,Entities,,2026-05-16_Agent_Analysis_MSFT,2026-05-16_Agent_Analysis_MSFT,entity,,,,,,,,,,,,,,,[],,,Entity
world:entity:2026-05-16-agent-analysis-nem,2026-06-01,2026-05-16_Agent_Analysis_NEM,,,,Entities,,2026-05-16_Agent_Analysis_NEM,2026-05-16_Agent_Analysis_NEM,entity,,,,,,,,,,,,,,,[],,,Entity
world:entity:2026-05-16-agent-analysis-nrg,2026-06-01,2026-05-16_Agent_Analysis_NRG,,,,Entities,,2026-05-16_Agent_Analysis_NRG,2026-05-16_Agent_Analysis_NRG,entity,,,,,,,,,,,,,,,[],,,Entity
world:entity:2026-05-16-agent-analysis-nvda,2026-06-01,2026-05-16_Agent_Analysis_NVDA,,,,Entities,,2026-05-16_Agent_Analysis_NVDA,2026-05-16_Agent_Analysis_NVDA,entity,,,,,,,,,,,,,,,[],,,Entity
world:entity:2026-05-16-agent-analysis-pltr,2026-06-01,2026-05-16_Agent_Analysis_PLTR,,,,Entities,,2026-05-16_Agent_Analysis_PLTR,2026-05-16_Agent_Analysis_PLTR,entity,,,,,,,,,,,,,,,[],,,Entity
world:entity:2026-05-16-agent-analysis-prta,2026-06-01,2026-05-16_Agent_Analysis_PRTA,,,,Entities,,2026-05-16_Agent_Analysis_PRTA,2026-05-16_Agent_Analysis_PRTA,entity,,,,,,,,,,,,,,,[],,,Entity
world:entity:2026-05-16-agent-analysis-strl,2026-06-01,2026-05-16_Agent_Analysis_STRL,,,,Entities,,2026-05-16_Agent_Analysis_STRL,2026-05-16_Agent_Analysis_STRL,entity,,,,,,,,,,,,,,,[],,,Entity
world:entity:2026-05-16-agent-analysis-vst,2026-06-01,2026-05-16_Agent_Analysis_VST,,,,Entities,,2026-05-16_Agent_Analysis_VST,2026-05-16_Agent_Analysis_VST,entity,,,,,,,,,,,,,,,[],,,Entity
world:entity:2026-05-16-agent-analysis-wpm,2026-06-01,2026-05-16_Agent_Analysis_WPM,,,,Entities,,2026-05-16_Agent_Analysis_WPM,2026-05-16_Agent_Analysis_WPM,entity,,,,,,,,,,,,,,,[],,,Entity
world:entity:2026-05-16-agent-analysis-xom,2026-06-01,2026-05-16_Agent_Analysis_XOM,,,,Entities,,2026-05-16_Agent_Analysis_XOM,2026-05-16_Agent_Analysis_XOM,entity,,,,,,,,,,,,,,,[],,,Entity
world:entity:2026-05-16-daily-monitoring-snapshot,2026-06-01,2026-05-16 Daily Monitoring Snapshot,,,,Entities,,2026-05-16 Daily Monitoring Snapshot,2026-05-16 Daily Monitoring Snapshot,entity,,,,,,,,,,,,,,,[],,,Entity
world:entity:2026-05-16-disclosure-reality-check,2026-06-01,2026-05-16_Disclosure_Reality_Check,,,,Entities,,2026-05-16_Disclosure_Reality_Check,2026-05-16_Disclosure_Reality_Check,entity,,,,,,,,,,,,,,,[],,,Entity
world:entity:2026-05-16-entropy-monitor-spy-qqq,2026-06-01,2026-05-16_Entropy_Monitor_SPY_QQQ,,,,Entities,,2026-05-16_Entropy_Monitor_SPY_QQQ,2026-05-16_Entropy_Monitor_SPY_QQQ,entity,,,,,,,,,,,,,,,[],,,Entity
world:entity:2026-05-16-fema-declarations,2026-06-01,2026-05-16_FEMA_Declarations,,,,Entities,,2026-05-16_FEMA_Declarations,2026-05-16_FEMA_Declarations,entity,,,,,,,,,,,,,,,[],,,Entity
world:entity:2026-05-16-fmp-earnings-calendar-thesis-watchlists,2026-06-01,2026-05-16_FMP_Earnings_Calendar_Thesis_Watchlists,,,,Entities,,2026-05-16_FMP_Earnings_Calendar_Thesis_Watchlists,2026-05-16_FMP_Earnings_Calendar_Thesis_Watchlists,entity,,,,,,,,,,,,,,,[],,,Entity
world:entity:2026-05-16-fmp-economiccalendar,2026-06-01,2026-05-16_FMP_EconomicCalendar,,,,Entities,,2026-05-16_FMP_EconomicCalendar,2026-05-16_FMP_EconomicCalendar,entity,,,,,,,,,,,,,,,[],,,Entity
world:entity:2026-05-16-fmp-thesis-watchlist-capital-raise-survivors-small-cap-inflection-basket,2026-06-01,2026-05-16_FMP_Thesis_Watchlist_Capital_Raise_Survivors_Small-Cap_Inflection_Basket,,,,Entities,,2026-05-16_FMP_Thesis_Watchlist_Capital_Raise_Survivors_Small-Cap_Inflection_Basket,2026-05-16_FMP_Thesis_Watchlist_Capital_Raise_Survivors_Small-Cap_Inflection_Basket,entity,,,,,,,,,,,,,,,[],,,Entity
world:entity:2026-05-16-fmp-thesis-watchlist-space-domain-awareness-commercial-space,2026-06-01,2026-05-16_FMP_Thesis_Watchlist_Space_Domain_Awareness_&_Commercial_Space,,,,Entities,,2026-05-16_FMP_Thesis_Watchlist_Space_Domain_Awareness_&_Commercial_Space,2026-05-16_FMP_Thesis_Watchlist_Space_Domain_Awareness_&_Commercial_Space,entity,,,,,,,,,,,,,,,[],,,Entity
world:entity:2026-05-16-fred-liquidity,2026-06-01,2026-05-16_FRED_Liquidity,,,,Entities,,2026-05-16_FRED_Liquidity,2026-05-16_FRED_Liquidity,entity,,,,,,,,,,,,,,,[],,,Entity
world:entity:2026-05-16-opportunity-viewpoints,2026-06-01,2026-05-16_Opportunity_Viewpoints,,,,Entities,,2026-05-16_Opportunity_Viewpoints,2026-05-16_Opportunity_Viewpoints,entity,,,,,,,,,,,,,,,[],,,Entity
world:entity:2026-05-24-agent-analysis-all-theses,2026-06-01,2026-05-24_Agent_Analysis_All_Theses,,,,Entities,,2026-05-24_Agent_Analysis_All_Theses,2026-05-24_Agent_Analysis_All_Theses,entity,,,,,,,,,,,,,,,[],,,Entity
world:entity:2026-05-24-agent-analysis-amzn,2026-06-01,2026-05-24_Agent_Analysis_AMZN,,,,Entities,,2026-05-24_Agent_Analysis_AMZN,2026-05-24_Agent_Analysis_AMZN,entity,,,,,,,,,,,,,,,[],,,Entity
world:entity:2026-05-24-agent-analysis-etn,2026-06-01,2026-05-24_Agent_Analysis_ETN,,,,Entities,,2026-05-24_Agent_Analysis_ETN,2026-05-24_Agent_Analysis_ETN,entity,,,,,,,,,,,,,,,[],,,Entity
world:entity:2026-05-24-agent-analysis-gev,2026-06-01,2026-05-24_Agent_Analysis_GEV,,,,Entities,,2026-05-24_Agent_Analysis_GEV,2026-05-24_Agent_Analysis_GEV,entity,,,,,,,,,,,,,,,[],,,Entity
world:entity:2026-05-24-agent-analysis-msft,2026-06-01,2026-05-24_Agent_Analysis_MSFT,,,,Entities,,2026-05-24_Agent_Analysis_MSFT,2026-05-24_Agent_Analysis_MSFT,entity,,,,,,,,,,,,,,,[],,,Entity
world:entity:2026-05-24-agent-analysis-nrg,2026-06-01,2026-05-24_Agent_Analysis_NRG,,,,Entities,,2026-05-24_Agent_Analysis_NRG,2026-05-24_Agent_Analysis_NRG,entity,,,,,,,,,,,,,,,[],,,Entity
world:entity:2026-05-24-agent-analysis-pltr,2026-06-01,2026-05-24_Agent_Analysis_PLTR,,,,Entities,,2026-05-24_Agent_Analysis_PLTR,2026-05-24_Agent_Analysis_PLTR,entity,,,,,,,,,,,,,,,[],,,Entity
world:entity:2026-05-24-agent-analysis-strl,2026-06-01,2026-05-24_Agent_Analysis_STRL,,,,Entities,,2026-05-24_Agent_Analysis_STRL,2026-05-24_Agent_Analysis_STRL,entity,,,,,,,,,,,,,,,[],,,Entity
world:entity:2026-05-24-agent-analysis-vst,2026-06-01,2026-05-24_Agent_Analysis_VST,,,,Entities,,2026-05-24_Agent_Analysis_VST,2026-05-24_Agent_Analysis_VST,entity,,,,,,,,,,,,,,,[],,,Entity
world:entity:2026-05-24-daily-monitoring-snapshot,2026-06-01,2026-05-24 Daily Monitoring Snapshot,,,,Entities,,2026-05-24 Daily Monitoring Snapshot,2026-05-24 Daily Monitoring Snapshot,entity,,,,,,,,,,,,,,,[],,,Entity
world:entity:2026-05-24-dilution-monitor,2026-06-01,2026-05-24_Dilution_Monitor,,,,Entities,,2026-05-24_Dilution_Monitor,2026-05-24_Dilution_Monitor,entity,,,,,,,,,,,,,,,[],,,Entity
world:entity:2026-05-24-disclosure-reality-check,2026-06-01,2026-05-24_Disclosure_Reality_Check,,,,Entities,,2026-05-24_Disclosure_Reality_Check,2026-05-24_Disclosure_Reality_Check,entity,,,,,,,,,,,,,,,[],,,Entity
world:entity:2026-05-24-entropy-monitor-spy-qqq,2026-06-01,2026-05-24_Entropy_Monitor_SPY_QQQ,,,,Entities,,2026-05-24_Entropy_Monitor_SPY_QQQ,2026-05-24_Entropy_Monitor_SPY_QQQ,entity,,,,,,,,,,,,,,,[],,,Entity
world:entity:2026-05-24-fmp-activist-with-a-calculator-screen,2026-06-01,2026-05-24_FMP_Activist_With_a_Calculator_Screen,,,,Entities,,2026-05-24_FMP_Activist_With_a_Calculator_Screen,2026-05-24_FMP_Activist_With_a_Calculator_Screen,entity,,,,,,,,,,,,,,,[],,,Entity
world:entity:2026-05-24-fmp-boring-oligopoly-printer-screen,2026-06-01,2026-05-24_FMP_Boring_Oligopoly_Printer_Screen,,,,Entities,,2026-05-24_FMP_Boring_Oligopoly_Printer_Screen,2026-05-24_FMP_Boring_Oligopoly_Printer_Screen,entity,,,,,,,,,,,,,,,[],,,Entity
world:entity:2026-05-24-fmp-capital-light-compounders-screen,2026-06-01,2026-05-24_FMP_Capital_Light_Compounders_Screen,,,,Entities,,2026-05-24_FMP_Capital_Light_Compounders_Screen,2026-05-24_FMP_Capital_Light_Compounders_Screen,entity,,,,,,,,,,,,,,,[],,,Entity
world:entity:2026-05-24-fmp-cash-box-with-a-pulse-screen,2026-06-01,2026-05-24_FMP_Cash_Box_With_A_Pulse_Screen,,,,Entities,,2026-05-24_FMP_Cash_Box_With_A_Pulse_Screen,2026-05-24_FMP_Cash_Box_With_A_Pulse_Screen,entity,,,,,,,,,,,,,,,[],,,Entity
world:entity:2026-05-24-fmp-cash-runway-dilution-watch-screen,2026-06-01,2026-05-24_FMP_Cash_Runway_Dilution_Watch_Screen,,,,Entities,,2026-05-24_FMP_Cash_Runway_Dilution_Watch_Screen,2026-05-24_FMP_Cash_Runway_Dilution_Watch_Screen,entity,,,,,,,,,,,,,,,[],,,Entity
world:entity:2026-05-24-fmp-ceo-boomerang-buy-screen,2026-06-01,2026-05-24_FMP_CEO_Boomerang_Buy_Screen,,,,Entities,,2026-05-24_FMP_CEO_Boomerang_Buy_Screen,2026-05-24_FMP_CEO_Boomerang_Buy_Screen,entity,,,,,,,,,,,,,,,[],,,Entity
world:entity:2026-05-24-fmp-chapter-11-avoidance-screen,2026-06-01,2026-05-24_FMP_Chapter_11_Avoidance_Screen,,,,Entities,,2026-05-24_FMP_Chapter_11_Avoidance_Screen,2026-05-24_FMP_Chapter_11_Avoidance_Screen,entity,,,,,,,,,,,,,,,[],,,Entity
world:entity:2026-05-24-fmp-commodity-etp-curve-carry-screen,2026-06-01,2026-05-24_FMP_Commodity_ETP_Curve_Carry_Screen,,,,Entities,,2026-05-24_FMP_Commodity_ETP_Curve_Carry_Screen,2026-05-24_FMP_Commodity_ETP_Curve_Carry_Screen,entity,,,,,,,,,,,,,,,[],,,Entity
world:entity:2026-05-24-fmp-commodity-producer-divergence-screen,2026-06-01,2026-05-24_FMP_Commodity_Producer_Divergence_Screen,,,,Entities,,2026-05-24_FMP_Commodity_Producer_Divergence_Screen,2026-05-24_FMP_Commodity_Producer_Divergence_Screen,entity,,,,,,,,,,,,,,,[],,,Entity
world:entity:2026-05-24-fmp-debt-paydown-redemption-arc-screen,2026-06-01,2026-05-24_FMP_Debt_Paydown_Redemption_Arc_Screen,,,,Entities,,2026-05-24_FMP_Debt_Paydown_Redemption_Arc_Screen,2026-05-24_FMP_Debt_Paydown_Redemption_Arc_Screen,entity,,,,,,,,,,,,,,,[],,,Entity
world:entity:2026-05-24-fmp-dividend-cockroach-screen,2026-06-01,2026-05-24_FMP_Dividend_Cockroach_Screen,,,,Entities,,2026-05-24_FMP_Dividend_Cockroach_Screen,2026-05-24_FMP_Dividend_Cockroach_Screen,entity,,,,,,,,,,,,,,,[],,,Entity
world:entity:2026-05-24-fmp-earnings-calendar-thesis-watchlists,2026-06-01,2026-05-24_FMP_Earnings_Calendar_Thesis_Watchlists,,,,Entities,,2026-05-24_FMP_Earnings_Calendar_Thesis_Watchlists,2026-05-24_FMP_Earnings_Calendar_Thesis_Watchlists,entity,,,,,,,,,,,,,,,[],,,Entity
world:entity:2026-05-24-fmp-economiccalendar,2026-06-01,2026-05-24_FMP_EconomicCalendar,,,,Entities,,2026-05-24_FMP_EconomicCalendar,2026-05-24_FMP_EconomicCalendar,entity,,,,,,,,,,,,,,,[],,,Entity
world:entity:2026-05-24-fmp-etf-concentration-check-screen,2026-06-01,2026-05-24_FMP_ETF_Concentration_Check_Screen,,,,Entities,,2026-05-24_FMP_ETF_Concentration_Check_Screen,2026-05-24_FMP_ETF_Concentration_Check_Screen,entity,,,,,,,,,,,,,,,[],,,Entity
world:entity:2026-05-24-fmp-factor-cocktail-etfs-screen,2026-06-01,2026-05-24_FMP_Factor_Cocktail_ETFs_Screen,,,,Entities,,2026-05-24_FMP_Factor_Cocktail_ETFs_Screen,2026-05-24_FMP_Factor_Cocktail_ETFs_Screen,entity,,,,,,,,,,,,,,,[],,,Entity
world:entity:2026-05-24-fmp-fda-underdog-screen,2026-06-01,2026-05-24_FMP_FDA_Underdog_Screen,,,,Entities,,2026-05-24_FMP_FDA_Underdog_Screen,2026-05-24_FMP_FDA_Underdog_Screen,entity,,,,,,,,,,,,,,,[],,,Entity
world:entity:2026-05-24-fmp-fresh-52-week-sinners-screen,2026-06-01,2026-05-24_FMP_Fresh_52_Week_Sinners_Screen,,,,Entities,,2026-05-24_FMP_Fresh_52_Week_Sinners_Screen,2026-05-24_FMP_Fresh_52_Week_Sinners_Screen,entity,,,,,,,,,,,,,,,[],,,Entity
world:entity:2026-05-24-fmp-momentum-with-a-helmet-screen,2026-06-01,2026-05-24_FMP_Momentum_With_A_Helmet_Screen,,,,Entities,,2026-05-24_FMP_Momentum_With_A_Helmet_Screen,2026-05-24_FMP_Momentum_With_A_Helmet_Screen,entity,,,,,,,,,,,,,,,[],,,Entity
world:entity:2026-05-24-fmp-shareholder-yield-all-stars-screen,2026-06-01,2026-05-24_FMP_Shareholder_Yield_All_Stars_Screen,,,,Entities,,2026-05-24_FMP_Shareholder_Yield_All_Stars_Screen,2026-05-24_FMP_Shareholder_Yield_All_Stars_Screen,entity,,,,,,,,,,,,,,,[],,,Entity
world:entity:2026-05-24-fmp-special-dividend-atm-screen,2026-06-01,2026-05-24_FMP_Special_Dividend_ATM_Screen,,,,Entities,,2026-05-24_FMP_Special_Dividend_ATM_Screen,2026-05-24_FMP_Special_Dividend_ATM_Screen,entity,,,,,,,,,,,,,,,[],,,Entity
world:entity:2026-05-24-fmp-thesis-watchlist-capital-raise-survivors-small-cap-inflection-basket,2026-06-01,2026-05-24_FMP_Thesis_Watchlist_Capital_Raise_Survivors_Small-Cap_Inflection_Basket,,,,Entities,,2026-05-24_FMP_Thesis_Watchlist_Capital_Raise_Survivors_Small-Cap_Inflection_Basket,2026-05-24_FMP_Thesis_Watchlist_Capital_Raise_Survivors_Small-Cap_Inflection_Basket,entity,,,,,,,,,,,,,,,[],,,Entity
world:entity:2026-05-24-fmp-thesis-watchlist-space-domain-awareness-commercial-space,2026-06-01,2026-05-24_FMP_Thesis_Watchlist_Space_Domain_Awareness_&_Commercial_Space,,,,Entities,,2026-05-24_FMP_Thesis_Watchlist_Space_Domain_Awareness_&_Commercial_Space,2026-05-24_FMP_Thesis_Watchlist_Space_Domain_Awareness_&_Commercial_Space,entity,,,,,,,,,,,,,,,[],,,Entity
world:entity:2026-05-24-fmp-ugly-bank-clean-vault-screen,2026-06-01,2026-05-24_FMP_Ugly_Bank_Clean_Vault_Screen,,,,Entities,,2026-05-24_FMP_Ugly_Bank_Clean_Vault_Screen,2026-05-24_FMP_Ugly_Bank_Clean_Vault_Screen,entity,,,,,,,,,,,,,,,[],,,Entity
world:entity:2026-05-24-fmp-working-capital-houdini-screen,2026-06-01,2026-05-24_FMP_Working_Capital_Houdini_Screen,,,,Entities,,2026-05-24_FMP_Working_Capital_Houdini_Screen,2026-05-24_FMP_Working_Capital_Houdini_Screen,entity,,,,,,,,,,,,,,,[],,,Entity
world:entity:2026-05-24-fred-liquidity,2026-06-01,2026-05-24_FRED_Liquidity,,,,Entities,,2026-05-24_FRED_Liquidity,2026-05-24_FRED_Liquidity,entity,,,,,,,,,,,,,,,[],,,Entity
world:entity:2026-05-24-opportunity-viewpoints,2026-06-01,2026-05-24_Opportunity_Viewpoints,,,,Entities,,2026-05-24_Opportunity_Viewpoints,2026-05-24_Opportunity_Viewpoints,entity,,,,,,,,,,,,,,,[],,,Entity
world:entity:2026-05-25-agent-analysis-all-theses,2026-06-01,2026-05-25_Agent_Analysis_All_Theses,,,,Entities,,2026-05-25_Agent_Analysis_All_Theses,2026-05-25_Agent_Analysis_All_Theses,entity,,,,,,,,,,,,,,,[],,,Entity
world:entity:2026-05-25-agent-analysis-amzn,2026-06-01,2026-05-25_Agent_Analysis_AMZN,,,,Entities,,2026-05-25_Agent_Analysis_AMZN,2026-05-25_Agent_Analysis_AMZN,entity,,,,,,,,,,,,,,,[],,,Entity
world:entity:2026-05-25-agent-analysis-etn,2026-06-01,2026-05-25_Agent_Analysis_ETN,,,,Entities,,2026-05-25_Agent_Analysis_ETN,2026-05-25_Agent_Analysis_ETN,entity,,,,,,,,,,,,,,,[],,,Entity
world:entity:2026-05-25-agent-analysis-gev,2026-06-01,2026-05-25_Agent_Analysis_GEV,,,,Entities,,2026-05-25_Agent_Analysis_GEV,2026-05-25_Agent_Analysis_GEV,entity,,,,,,,,,,,,,,,[],,,Entity
world:entity:2026-05-25-agent-analysis-msft,2026-06-01,2026-05-25_Agent_Analysis_MSFT,,,,Entities,,2026-05-25_Agent_Analysis_MSFT,2026-05-25_Agent_Analysis_MSFT,entity,,,,,,,,,,,,,,,[],,,Entity
world:entity:2026-05-25-agent-analysis-nrg,2026-06-01,2026-05-25_Agent_Analysis_NRG,,,,Entities,,2026-05-25_Agent_Analysis_NRG,2026-05-25_Agent_Analysis_NRG,entity,,,,,,,,,,,,,,,[],,,Entity
world:entity:2026-05-25-agent-analysis-pltr,2026-06-01,2026-05-25_Agent_Analysis_PLTR,,,,Entities,,2026-05-25_Agent_Analysis_PLTR,2026-05-25_Agent_Analysis_PLTR,entity,,,,,,,,,,,,,,,[],,,Entity
world:entity:2026-05-25-agent-analysis-strl,2026-06-01,2026-05-25_Agent_Analysis_STRL,,,,Entities,,2026-05-25_Agent_Analysis_STRL,2026-05-25_Agent_Analysis_STRL,entity,,,,,,,,,,,,,,,[],,,Entity
world:entity:2026-05-25-agent-analysis-vst,2026-06-01,2026-05-25_Agent_Analysis_VST,,,,Entities,,2026-05-25_Agent_Analysis_VST,2026-05-25_Agent_Analysis_VST,entity,,,,,,,,,,,,,,,[],,,Entity
world:entity:2026-05-25-conviction-delta,2026-06-01,2026-05-25_Conviction_Delta,,,,Entities,,2026-05-25_Conviction_Delta,2026-05-25_Conviction_Delta,entity,,,,,,,,,,,,,,,[],,,Entity
world:entity:2026-05-25-daily-monitoring-snapshot,2026-06-01,2026-05-25 Daily Monitoring Snapshot,,,,Entities,,2026-05-25 Daily Monitoring Snapshot,2026-05-25 Daily Monitoring Snapshot,entity,,,,,,,,,,,,,,,[],,,Entity
world:entity:2026-05-25-end-of-day-monitoring-snapshot,2026-06-01,2026-05-25 End Of Day Monitoring Snapshot,,,,Entities,,2026-05-25 End Of Day Monitoring Snapshot,2026-05-25 End Of Day Monitoring Snapshot,entity,,,,,,,,,,,,,,,[],,,Entity
world:entity:2026-05-25-entropy-monitor-spy-qqq,2026-06-01,2026-05-25_Entropy_Monitor_SPY_QQQ,,,,Entities,,2026-05-25_Entropy_Monitor_SPY_QQQ,2026-05-25_Entropy_Monitor_SPY_QQQ,entity,,,,,,,,,,,,,,,[],,,Entity
world:entity:2026-05-25-event-research-ai-data-center-power-bottleneck,2026-06-01,2026-05-25_Event_Research_AI_Data_Center_Power_Bottleneck,,,,Entities,,2026-05-25_Event_Research_AI_Data_Center_Power_Bottleneck,2026-05-25_Event_Research_AI_Data_Center_Power_Bottleneck,entity,,,,,,,,,,,,,,,[],,,Entity
world:entity:2026-05-25-event-research-copper-supply-bottleneck,2026-06-01,2026-05-25_Event_Research_Copper_Supply_Bottleneck,,,,Entities,,2026-05-25_Event_Research_Copper_Supply_Bottleneck,2026-05-25_Event_Research_Copper_Supply_Bottleneck,entity,,,,,,,,,,,,,,,[],,,Entity
world:entity:2026-05-25-event-research-fertilizer-shortage,2026-06-01,2026-05-25_Event_Research_Fertilizer_Shortage,,,,Entities,,2026-05-25_Event_Research_Fertilizer_Shortage,2026-05-25_Event_Research_Fertilizer_Shortage,entity,,,,,,,,,,,,,,,[],,,Entity
world:entity:2026-05-25-event-research-glp-1-supply-chain-shortage,2026-06-01,2026-05-25_Event_Research_GLP-1_Supply_Chain_Shortage,,,,Entities,,2026-05-25_Event_Research_GLP-1_Supply_Chain_Shortage,2026-05-25_Event_Research_GLP-1_Supply_Chain_Shortage,entity,,,,,,,,,,,,,,,[],,,Entity
world:entity:2026-05-25-event-research-hormuz-oil-shock,2026-06-01,2026-05-25_Event_Research_Hormuz_Oil_Shock,,,,Entities,,2026-05-25_Event_Research_Hormuz_Oil_Shock,2026-05-25_Event_Research_Hormuz_Oil_Shock,entity,,,,,,,,,,,,,,,[],,,Entity
world:entity:2026-05-25-fmp-earnings-calendar-thesis-watchlists,2026-06-01,2026-05-25_FMP_Earnings_Calendar_Thesis_Watchlists,,,,Entities,,2026-05-25_FMP_Earnings_Calendar_Thesis_Watchlists,2026-05-25_FMP_Earnings_Calendar_Thesis_Watchlists,entity,,,,,,,,,,,,,,,[],,,Entity
world:entity:2026-05-25-fmp-thesis-watchlist-capital-raise-survivors-small-cap-inflection-basket,2026-06-01,2026-05-25_FMP_Thesis_Watchlist_Capital_Raise_Survivors_Small-Cap_Inflection_Basket,,,,Entities,,2026-05-25_FMP_Thesis_Watchlist_Capital_Raise_Survivors_Small-Cap_Inflection_Basket,2026-05-25_FMP_Thesis_Watchlist_Capital_Raise_Survivors_Small-Cap_Inflection_Basket,entity,,,,,,,,,,,,,,,[],,,Entity
world:entity:2026-05-25-fmp-thesis-watchlist-space-domain-awareness-commercial-space,2026-06-01,2026-05-25_FMP_Thesis_Watchlist_Space_Domain_Awareness_&_Commercial_Space,,,,Entities,,2026-05-25_FMP_Thesis_Watchlist_Space_Domain_Awareness_&_Commercial_Space,2026-05-25_FMP_Thesis_Watchlist_Space_Domain_Awareness_&_Commercial_Space,entity,,,,,,,,,,,,,,,[],,,Entity
world:entity:2026-05-25-fred-liquidity,2026-06-01,2026-05-25_FRED_Liquidity,,,,Entities,,2026-05-25_FRED_Liquidity,2026-05-25_FRED_Liquidity,entity,,,,,,,,,,,,,,,[],,,Entity
world:entity:2026-05-25-opportunity-viewpoints,2026-06-01,2026-05-25_Opportunity_Viewpoints,,,,Entities,,2026-05-25_Opportunity_Viewpoints,2026-05-25_Opportunity_Viewpoints,entity,,,,,,,,,,,,,,,[],,,Entity
world:entity:2026-05-26-agent-analysis-all-theses,2026-06-01,2026-05-26_Agent_Analysis_All_Theses,,,,Entities,,2026-05-26_Agent_Analysis_All_Theses,2026-05-26_Agent_Analysis_All_Theses,entity,,,,,,,,,,,,,,,[],,,Entity
world:entity:2026-05-26-agent-analysis-amzn,2026-06-01,2026-05-26_Agent_Analysis_AMZN,,,,Entities,,2026-05-26_Agent_Analysis_AMZN,2026-05-26_Agent_Analysis_AMZN,entity,,,,,,,,,,,,,,,[],,,Entity
world:entity:2026-05-26-agent-analysis-etn,2026-06-01,2026-05-26_Agent_Analysis_ETN,,,,Entities,,2026-05-26_Agent_Analysis_ETN,2026-05-26_Agent_Analysis_ETN,entity,,,,,,,,,,,,,,,[],,,Entity
world:entity:2026-05-26-agent-analysis-gev,2026-06-01,2026-05-26_Agent_Analysis_GEV,,,,Entities,,2026-05-26_Agent_Analysis_GEV,2026-05-26_Agent_Analysis_GEV,entity,,,,,,,,,,,,,,,[],,,Entity
world:entity:2026-05-26-agent-analysis-msft,2026-06-01,2026-05-26_Agent_Analysis_MSFT,,,,Entities,,2026-05-26_Agent_Analysis_MSFT,2026-05-26_Agent_Analysis_MSFT,entity,,,,,,,,,,,,,,,[],,,Entity
world:entity:2026-05-26-agent-analysis-nrg,2026-06-01,2026-05-26_Agent_Analysis_NRG,,,,Entities,,2026-05-26_Agent_Analysis_NRG,2026-05-26_Agent_Analysis_NRG,entity,,,,,,,,,,,,,,,[],,,Entity
world:entity:2026-05-26-agent-analysis-pltr,2026-06-01,2026-05-26_Agent_Analysis_PLTR,,,,Entities,,2026-05-26_Agent_Analysis_PLTR,2026-05-26_Agent_Analysis_PLTR,entity,,,,,,,,,,,,,,,[],,,Entity
world:entity:2026-05-26-agent-analysis-strl,2026-06-01,2026-05-26_Agent_Analysis_STRL,,,,Entities,,2026-05-26_Agent_Analysis_STRL,2026-05-26_Agent_Analysis_STRL,entity,,,,,,,,,,,,,,,[],,,Entity
world:entity:2026-05-26-agent-analysis-vst,2026-06-01,2026-05-26_Agent_Analysis_VST,,,,Entities,,2026-05-26_Agent_Analysis_VST,2026-05-26_Agent_Analysis_VST,entity,,,,,,,,,,,,,,,[],,,Entity
world:entity:2026-05-26-daily-monitoring-snapshot,2026-06-01,2026-05-26 Daily Monitoring Snapshot,,,,Entities,,2026-05-26 Daily Monitoring Snapshot,2026-05-26 Daily Monitoring Snapshot,entity,,,,,,,,,,,,,,,[],,,Entity
world:entity:2026-05-26-end-of-day-monitoring-snapshot,2026-06-01,2026-05-26 End Of Day Monitoring Snapshot,,,,Entities,,2026-05-26 End Of Day Monitoring Snapshot,2026-05-26 End Of Day Monitoring Snapshot,entity,,,,,,,,,,,,,,,[],,,Entity
world:entity:2026-05-26-entropy-monitor-spy-qqq,2026-06-01,2026-05-26_Entropy_Monitor_SPY_QQQ,,,,Entities,,2026-05-26_Entropy_Monitor_SPY_QQQ,2026-05-26_Entropy_Monitor_SPY_QQQ,entity,,,,,,,,,,,,,,,[],,,Entity
world:entity:2026-05-26-fed-policy-and-rates-inbox-synthesis,2026-06-01,2026-05-26 - Fed Policy and Rates Inbox Synthesis,,,,Entities,,2026-05-26 - Fed Policy and Rates Inbox Synthesis,2026-05-26 - Fed Policy and Rates Inbox Synthesis,entity,,,,,,,,,,,,,,,[],,,Entity
world:entity:2026-05-26-fmp-earnings-calendar-thesis-watchlists,2026-06-01,2026-05-26_FMP_Earnings_Calendar_Thesis_Watchlists,,,,Entities,,2026-05-26_FMP_Earnings_Calendar_Thesis_Watchlists,2026-05-26_FMP_Earnings_Calendar_Thesis_Watchlists,entity,,,,,,,,,,,,,,,[],,,Entity
world:entity:2026-05-26-fmp-economiccalendar,2026-06-01,2026-05-26_FMP_EconomicCalendar,,,,Entities,,2026-05-26_FMP_EconomicCalendar,2026-05-26_FMP_EconomicCalendar,entity,,,,,,,,,,,,,,,[],,,Entity
world:entity:2026-05-26-fmp-thesis-watchlist-capital-raise-survivors-small-cap-inflection-basket,2026-06-01,2026-05-26_FMP_Thesis_Watchlist_Capital_Raise_Survivors_Small-Cap_Inflection_Basket,,,,Entities,,2026-05-26_FMP_Thesis_Watchlist_Capital_Raise_Survivors_Small-Cap_Inflection_Basket,2026-05-26_FMP_Thesis_Watchlist_Capital_Raise_Survivors_Small-Cap_Inflection_Basket,entity,,,,,,,,,,,,,,,[],,,Entity
world:entity:2026-05-26-fmp-thesis-watchlist-space-domain-awareness-commercial-space,2026-06-01,2026-05-26_FMP_Thesis_Watchlist_Space_Domain_Awareness_&_Commercial_Space,,,,Entities,,2026-05-26_FMP_Thesis_Watchlist_Space_Domain_Awareness_&_Commercial_Space,2026-05-26_FMP_Thesis_Watchlist_Space_Domain_Awareness_&_Commercial_Space,entity,,,,,,,,,,,,,,,[],,,Entity
world:entity:2026-05-26-fred-liquidity,2026-06-01,2026-05-26_FRED_Liquidity,,,,Entities,,2026-05-26_FRED_Liquidity,2026-05-26_FRED_Liquidity,entity,,,,,,,,,,,,,,,[],,,Entity
world:entity:2026-05-26-opportunity-viewpoints,2026-06-01,2026-05-26_Opportunity_Viewpoints,,,,Entities,,2026-05-26_Opportunity_Viewpoints,2026-05-26_Opportunity_Viewpoints,entity,,,,,,,,,,,,,,,[],,,Entity
world:entity:2026-05-27-daily-monitoring-snapshot,2026-06-01,2026-05-27 Daily Monitoring Snapshot,,,,Entities,,2026-05-27 Daily Monitoring Snapshot,2026-05-27 Daily Monitoring Snapshot,entity,,,,,,,,,,,,,,,[],,,Entity
world:entity:2026-05-27-midday-monitoring-snapshot,2026-06-01,2026-05-27 Midday Monitoring Snapshot,,,,Entities,,2026-05-27 Midday Monitoring Snapshot,2026-05-27 Midday Monitoring Snapshot,entity,,,,,,,,,,,,,,,[],,,Entity
world:entity:2026-05-28-daily-monitoring-snapshot,2026-06-01,2026-05-28 Daily Monitoring Snapshot,,,,Entities,,2026-05-28 Daily Monitoring Snapshot,2026-05-28 Daily Monitoring Snapshot,entity,,,,,,,,,,,,,,,[],,,Entity
world:entity:2026-05-28-fmp-earnings-calendar,2026-06-01,2026-05-28_FMP_Earnings_Calendar,,,,Entities,,2026-05-28_FMP_Earnings_Calendar,2026-05-28_FMP_Earnings_Calendar,entity,,,,,,,,,,,,,,,[],,,Entity
world:entity:2026-05-28-fmp-economiccalendar,2026-06-01,2026-05-28_FMP_EconomicCalendar,,,,Entities,,2026-05-28_FMP_EconomicCalendar,2026-05-28_FMP_EconomicCalendar,entity,,,,,,,,,,,,,,,[],,,Entity
world:entity:2026-05-28-fred-liquidity,2026-06-01,2026-05-28_FRED_Liquidity,,,,Entities,,2026-05-28_FRED_Liquidity,2026-05-28_FRED_Liquidity,entity,,,,,,,,,,,,,,,[],,,Entity
world:entity:2026-05-28-midday-monitoring-snapshot,2026-06-01,2026-05-28 Midday Monitoring Snapshot,,,,Entities,,2026-05-28 Midday Monitoring Snapshot,2026-05-28 Midday Monitoring Snapshot,entity,,,,,,,,,,,,,,,[],,,Entity
world:entity:2026-05-29-daily-monitoring-snapshot,2026-06-01,2026-05-29 Daily Monitoring Snapshot,,,,Entities,,2026-05-29 Daily Monitoring Snapshot,2026-05-29 Daily Monitoring Snapshot,entity,,,,,,,,,,,,,,,[],,,Entity
world:entity:2026-05-29-midday-monitoring-snapshot,2026-06-01,2026-05-29 Midday Monitoring Snapshot,,,,Entities,,2026-05-29 Midday Monitoring Snapshot,2026-05-29 Midday Monitoring Snapshot,entity,,,,,,,,,,,,,,,[],,,Entity
world:entity:2026-05-30-fmp-economiccalendar,2026-06-01,2026-05-30_FMP_EconomicCalendar,,,,Entities,,2026-05-30_FMP_EconomicCalendar,2026-05-30_FMP_EconomicCalendar,entity,,,,,,,,,,,,,,,[],,,Entity
world:entity:2026-05-30-fred-liquidity,2026-06-01,2026-05-30_FRED_Liquidity,,,,Entities,,2026-05-30_FRED_Liquidity,2026-05-30_FRED_Liquidity,entity,,,,,,,,,,,,,,,[],,,Entity
world:entity:2026-06-01-midday-monitoring-snapshot,2026-06-01,2026-06-01 Midday Monitoring Snapshot,,,,Entities,,2026-06-01 Midday Monitoring Snapshot,2026-06-01 Midday Monitoring Snapshot,entity,,,,,,,,,,,,,,,[],,,Entity
world:entity:a-robot-economy-who-gets-rich-who-gets-left-behind,2026-06-01,"A Robot Economy_ Who Gets Rich, Who Gets Left Behind",,,,Entities,,"A Robot Economy_ Who Gets Rich, Who Gets Left Behind","A Robot Economy_ Who Gets Rich, Who Gets Left Behind",entity,,,,,,,,,,,,,,,[],,,Entity
world:entity:affordability-pressure,2026-06-01,Affordability Pressure,,,,Entities,,Affordability Pressure,Affordability Pressure,entity,,,,,,,,,,,,,,,[],,,Entity
world:entity:agency,2026-06-01,{{Agency}},,,,Entities,,{{Agency}},{{Agency}},entity,,,,,,,,,,,,,,,[],,,Entity
world:entity:agriculture,2026-06-01,Agriculture,,,,Entities,,Agriculture,Agriculture,entity,,,,,,,,,,,,,,,[],,,Entity
world:entity:ai-chip-demand,2026-06-01,AI Chip Demand,,,,Entities,,AI Chip Demand,AI Chip Demand,entity,,,,,,,,,,,,,,,[],,,Entity
world:entity:ai-coding-agents,2026-06-01,AI Coding Agents,,,,Entities,,AI Coding Agents,AI Coding Agents,entity,,,,,,,,,,,,,,,[],,,Entity
world:entity:ai-data-center-power-demand,2026-06-01,AI Data Center Power Demand,,,,Entities,,AI Data Center Power Demand,AI Data Center Power Demand,entity,,,,,,,,,,,,,,,[],,,Entity
world:entity:ai-infrastructure-and-cyber-risk,2026-06-01,AI Infrastructure and Cyber Risk,,,,Entities,,AI Infrastructure and Cyber Risk,AI Infrastructure and Cyber Risk,entity,,,,,,,,,,,,,,,[],,,Entity
world:entity:ai-infrastructure-buildout,2026-06-01,AI Infrastructure Buildout,,,,Entities,,AI Infrastructure Buildout,AI Infrastructure Buildout,entity,,,,,,,,,,,,,,,[],,,Entity
world:entity:allied-procurement,2026-06-01,Allied Procurement,,,,Entities,,Allied Procurement,Allied Procurement,entity,,,,,,,,,,,,,,,[],,,Entity
world:entity:alzheimers-disease-modification,2026-06-01,Alzheimers Disease Modification,,,,Entities,,Alzheimers Disease Modification,Alzheimers Disease Modification,entity,,,,,,,,,,,,,,,[],,,Entity
world:entity:amyloid-pet-adoption,2026-06-01,Amyloid PET Adoption,,,,Entities,,Amyloid PET Adoption,Amyloid PET Adoption,entity,,,,,,,,,,,,,,,[],,,Entity
world:entity:an-ai-ipo-impact-update-the-anthropix-effect-may-be-5-trillion,2026-06-01,An AI IPO Impact Update_ The AnthroPix Effect May Be $5-Trillion+,,,,Entities,,An AI IPO Impact Update_ The AnthroPix Effect May Be $5-Trillion+,An AI IPO Impact Update_ The AnthroPix Effect May Be $5-Trillion+,entity,,,,,,,,,,,,,,,[],,,Entity
world:entity:artificial-intelligence-and-quarterly-earnings-reports,2026-06-01,Artificial Intelligence and Quarterly Earnings Reports,,,,Entities,,Artificial Intelligence and Quarterly Earnings Reports,Artificial Intelligence and Quarterly Earnings Reports,entity,,,,,,,,,,,,,,,[],,,Entity
world:entity:australia,2026-06-01,Australia,,,,Entities,,Australia,Australia,entity,,,,,,,,,,,,,,,[],,,Entity
world:entity:b200s-or-b-2s,2026-06-01,B200s Or B-2s_,,,,Entities,,B200s Or B-2s_,B200s Or B-2s_,entity,,,,,,,,,,,,,,,[],,,Entity
world:entity:barda-contract-awards,2026-06-01,BARDA Contract Awards,,,,Entities,,BARDA Contract Awards,BARDA Contract Awards,entity,,,,,,,,,,,,,,,[],,,Entity
world:entity:base-editing-phase-2-data,2026-06-01,Base Editing Phase 2 Data,,,,Entities,,Base Editing Phase 2 Data,Base Editing Phase 2 Data,entity,,,,,,,,,,,,,,,[],,,Entity
world:entity:bauer-kahan-rebecca-ca-assembly,2026-06-01,"Bauer-Kahan, Rebecca (CA-Assembly)",,,,Entities,,"Bauer-Kahan, Rebecca (CA-Assembly)","Bauer-Kahan, Rebecca (CA-Assembly)",entity,,,,,,,,,,,,,,,[],,,Entity
world:entity:behavioral-finance-strategy,2026-06-01,Behavioral Finance Strategy,,,,Entities,,Behavioral Finance Strategy,Behavioral Finance Strategy,entity,,,,,,,,,,,,,,,[],,,Entity
world:entity:bellingcat-adsb-history,2026-06-01,Bellingcat-ADSB-History,,,,Entities,,Bellingcat-ADSB-History,Bellingcat-ADSB-History,entity,,,,,,,,,,,,,,,[],,,Entity
world:entity:bellingcat-autoarchiver,2026-06-01,Bellingcat-AutoArchiver,,,,Entities,,Bellingcat-AutoArchiver,Bellingcat-AutoArchiver,entity,,,,,,,,,,,,,,,[],,,Entity
world:entity:bess-deployment-gwh,2026-06-01,BESS Deployment GWh,,,,Entities,,BESS Deployment GWh,BESS Deployment GWh,entity,,,,,,,,,,,,,,,[],,,Entity
world:entity:beta-sam-search,2026-06-01,Beta_SAM_Search,,,,Entities,,Beta_SAM_Search,Beta_SAM_Search,entity,,,,,,,,,,,,,,,[],,,Entity
world:entity:beyond-meta,2026-06-01,Beyond META,,,,Entities,,Beyond META,Beyond META,entity,,,,,,,,,,,,,,,[],,,Entity
world:entity:bill-companion-or-related-bill,2026-06-01,Bill: {{Companion or Related Bill}},,,,Entities,,Bill: {{Companion or Related Bill}},Bill: {{Companion or Related Bill}},entity,,,,,,,,,,,,,,,[],,,Entity
world:entity:bill-number-title,2026-06-01,{{Bill Number}}: {{Title}},,,,Entities,,{{Bill Number}}: {{Title}},{{Bill Number}}: {{Title}},entity,,,,,,,,,,,,,,,[],,,Entity
world:entity:bill-related-bill,2026-06-01,Bill: {{Related Bill}},,,,Entities,,Bill: {{Related Bill}},Bill: {{Related Bill}},entity,,,,,,,,,,,,,,,[],,,Entity
world:entity:bill-title,2026-06-01,{{Bill Title}},,,,Entities,,{{Bill Title}},{{Bill Title}},entity,,,,,,,,,,,,,,,[],,,Entity
world:entity:bioengineered-food-research-velocity,2026-06-01,Bioengineered Food Research Velocity,,,,Entities,,Bioengineered Food Research Velocity,Bioengineered Food Research Velocity,entity,,,,,,,,,,,,,,,[],,,Entity
world:entity:biosecurity-spending,2026-06-01,Biosecurity Spending,,,,Entities,,Biosecurity Spending,Biosecurity Spending,entity,,,,,,,,,,,,,,,[],,,Entity
world:entity:biotechnology,2026-06-01,Biotechnology,,,,Entities,,Biotechnology,Biotechnology,entity,,,,,,,,,,,,,,,[],,,Entity
world:entity:bitcoin,2026-06-01,Bitcoin,,,,Entities,,Bitcoin,Bitcoin,entity,,,,,,,,,,,,,,,[],,,Entity
world:entity:bitcoin-price,2026-06-01,Bitcoin Price,,,,Entities,,Bitcoin Price,Bitcoin Price,entity,,,,,,,,,,,,,,,[],,,Entity
world:entity:bito-vs-ibit-vs-fbtc,2026-06-01,BITO vs IBIT vs FBTC,,,,Entities,,BITO vs IBIT vs FBTC,BITO vs IBIT vs FBTC,entity,,,,,,,,,,,,,,,[],,,Entity
world:entity:branch,2026-06-01,{{BRANCH}},,,,Entities,,{{BRANCH}},{{BRANCH}},entity,,,,,,,,,,,,,,,[],,,Entity
world:entity:branch-a,2026-06-01,{{BRANCH_A}},,,,Entities,,{{BRANCH_A}},{{BRANCH_A}},entity,,,,,,,,,,,,,,,[],,,Entity
world:entity:branch-b,2026-06-01,{{BRANCH_B}},,,,Entities,,{{BRANCH_B}},{{BRANCH_B}},entity,,,,,,,,,,,,,,,[],,,Entity
world:entity:branch-c,2026-06-01,{{BRANCH_C}},,,,Entities,,{{BRANCH_C}},{{BRANCH_C}},entity,,,,,,,,,,,,,,,[],,,Entity
world:entity:branch-d,2026-06-01,{{BRANCH_D}},,,,Entities,,{{BRANCH_D}},{{BRANCH_D}},entity,,,,,,,,,,,,,,,[],,,Entity
world:entity:breadth-divergence,2026-06-01,Breadth Divergence,,,,Entities,,Breadth Divergence,Breadth Divergence,entity,,,,,,,,,,,,,,,[],,,Entity
world:entity:briefings,2026-06-01,Briefings,,,,Entities,,Briefings,Briefings,entity,,,,,,,,,,,,,,,[],,,Entity
world:entity:builder-confidence-index,2026-06-01,Builder Confidence Index,,,,Entities,,Builder Confidence Index,Builder Confidence Index,entity,,,,,,,,,,,,,,,[],,,Entity
world:entity:building-permits-permit,2026-06-01,Building Permits PERMIT,,,,Entities,,Building Permits PERMIT,Building Permits PERMIT,entity,,,,,,,,,,,,,,,[],,,Entity
world:entity:canada,2026-06-01,Canada,,,,Entities,,Canada,Canada,entity,,,,,,,,,,,,,,,[],,,Entity
world:entity:capital-raise-activity,2026-06-01,Capital Raise Activity,,,,Entities,,Capital Raise Activity,Capital Raise Activity,entity,,,,,,,,,,,,,,,[],,,Entity
world:entity:capital-raises,2026-06-01,Capital Raises,,,,Entities,,Capital Raises,Capital Raises,entity,,,,,,,,,,,,,,,[],,,Entity
world:entity:central-bank-gold-purchases,2026-06-01,Central Bank Gold Purchases,,,,Entities,,Central Bank Gold Purchases,Central Bank Gold Purchases,entity,,,,,,,,,,,,,,,[],,,Entity
world:entity:checkmate,2026-06-01,Checkmate,,,,Entities,,Checkmate,Checkmate,entity,,,,,,,,,,,,,,,[],,,Entity
world:entity:chips-act-disbursements,2026-06-01,CHIPS Act Disbursements,,,,Entities,,CHIPS Act Disbursements,CHIPS Act Disbursements,entity,,,,,,,,,,,,,,,[],,,Entity
world:entity:chokepoint,2026-06-01,Chokepoint,,,,Entities,,Chokepoint,Chokepoint,entity,,,,,,,,,,,,,,,[],,,Entity
world:entity:clean-energy,2026-06-01,Clean Energy,,,,Entities,,Clean Energy,Clean Energy,entity,,,,,,,,,,,,,,,[],,,Entity
world:entity:client-company,2026-06-01,{{Client Company}},,,,Entities,,{{Client Company}},{{Client Company}},entity,,,,,,,,,,,,,,,[],,,Entity
world:entity:clinical-trial-enrollment,2026-06-01,Clinical Trial Enrollment,,,,Entities,,Clinical Trial Enrollment,Clinical Trial Enrollment,entity,,,,,,,,,,,,,,,[],,,Entity
world:entity:clinicaltrials-amr-pipeline,2026-06-01,ClinicalTrials AMR Pipeline,,,,Entities,,ClinicalTrials AMR Pipeline,ClinicalTrials AMR Pipeline,entity,,,,,,,,,,,,,,,[],,,Entity
world:entity:cms-coverage-expansion,2026-06-01,CMS Coverage Expansion,,,,Entities,,CMS Coverage Expansion,CMS Coverage Expansion,entity,,,,,,,,,,,,,,,[],,,Entity
world:entity:commercial-launch-cadence,2026-06-01,Commercial Launch Cadence,,,,Entities,,Commercial Launch Cadence,Commercial Launch Cadence,entity,,,,,,,,,,,,,,,[],,,Entity
world:entity:committee-name,2026-06-01,{{Committee Name}},,,,Entities,,{{Committee Name}},{{Committee Name}},entity,,,,,,,,,,,,,,,[],,,Entity
world:entity:company-name,2026-06-01,{{Company Name}},,,,Entities,,{{Company Name}},{{Company Name}},entity,,,,,,,,,,,,,,,[],,,Entity
world:entity:competing-lobbying-firm,2026-06-01,{{Competing Lobbying Firm}},,,,Entities,,{{Competing Lobbying Firm}},{{Competing Lobbying Firm}},entity,,,,,,,,,,,,,,,[],,,Entity
world:entity:competing-pac,2026-06-01,{{Competing PAC}},,,,Entities,,{{Competing PAC}},{{Competing PAC}},entity,,,,,,,,,,,,,,,[],,,Entity
world:entity:competing-recipient,2026-06-01,{{Competing Recipient}},,,,Entities,,{{Competing Recipient}},{{Competing Recipient}},entity,,,,,,,,,,,,,,,[],,,Entity
world:entity:competitor-company-spending-profile,2026-06-01,{{Competitor Company Spending Profile}},,,,Entities,,{{Competitor Company Spending Profile}},{{Competitor Company Spending Profile}},entity,,,,,,,,,,,,,,,[],,,Entity
world:entity:cor1m,2026-06-01,COR1M,,,,Entities,,COR1M,COR1M,entity,,,,,,,,,,,,,,,[],,,Entity
world:entity:counter-hypersonic-contracts,2026-06-01,Counter-Hypersonic Contracts,,,,Entities,,Counter-Hypersonic Contracts,Counter-Hypersonic Contracts,entity,,,,,,,,,,,,,,,[],,,Entity
world:entity:crispr-approvals,2026-06-01,CRISPR Approvals,,,,Entities,,CRISPR Approvals,CRISPR Approvals,entity,,,,,,,,,,,,,,,[],,,Entity
world:entity:crop-input-costs,2026-06-01,Crop Input Costs,,,,Entities,,Crop Input Costs,Crop Input Costs,entity,,,,,,,,,,,,,,,[],,,Entity
world:entity:cryptographic-migration-timeline,2026-06-01,Cryptographic Migration Timeline,,,,Entities,,Cryptographic Migration Timeline,Cryptographic Migration Timeline,entity,,,,,,,,,,,,,,,[],,,Entity
world:entity:darpa-contract-awards,2026-06-01,DARPA Contract Awards,,,,Entities,,DARPA Contract Awards,DARPA Contract Awards,entity,,,,,,,,,,,,,,,[],,,Entity
world:entity:data-center-power-demand-gw,2026-06-01,Data Center Power Demand GW,,,,Entities,,Data Center Power Demand GW,Data Center Power Demand GW,entity,,,,,,,,,,,,,,,[],,,Entity
world:entity:defense-budget-supercycle,2026-06-01,Defense Budget Supercycle,,,,Entities,,Defense Budget Supercycle,Defense Budget Supercycle,entity,,,,,,,,,,,,,,,[],,,Entity
world:entity:does-the-eu-mercosur-deal-help-or-hurt-brazil-s-ai-ambitions,2026-06-01,Does the EU-Mercosur deal help or hurt Brazilâ€™s AI ambitions_,,,,Entities,,Does the EU-Mercosur deal help or hurt Brazilâ€™s AI ambitions_,Does the EU-Mercosur deal help or hurt Brazilâ€™s AI ambitions_,entity,,,,,,,,,,,,,,,[],,,Entity
world:entity:dollar-debasement,2026-06-01,Dollar Debasement,,,,Entities,,Dollar Debasement,Dollar Debasement,entity,,,,,,,,,,,,,,,[],,,Entity
world:entity:donanemab-revenue,2026-06-01,Donanemab Revenue,,,,Entities,,Donanemab Revenue,Donanemab Revenue,entity,,,,,,,,,,,,,,,[],,,Entity
world:entity:economic-well-being-of-u-s-households-in-2025-fact-sheet,2026-06-01,Economic Well-Being of U.S. Households in 2025 Fact Sheet,,,,Entities,,Economic Well-Being of U.S. Households in 2025 Fact Sheet,Economic Well-Being of U.S. Households in 2025 Fact Sheet,entity,,,,,,,,,,,,,,,[],,,Entity
world:entity:eia-electricity,2026-06-01,EIA_Electricity,,,,Entities,,EIA_Electricity,EIA_Electricity,entity,,,,,,,,,,,,,,,[],,,Entity
world:entity:endgame,2026-06-01,Endgame,,,,Entities,,Endgame,Endgame,entity,,,,,,,,,,,,,,,[],,,Entity
world:entity:energy-indicator,2026-06-01,{{ENERGY_INDICATOR}},,,,Entities,,{{ENERGY_INDICATOR}},{{ENERGY_INDICATOR}},entity,,,,,,,,,,,,,,,[],,,Entity
world:entity:energy-security,2026-06-01,Energy Security,,,,Entities,,Energy Security,Energy Security,entity,,,,,,,,,,,,,,,[],,,Entity
world:entity:energy-transition,2026-06-01,Energy Transition,,,,Entities,,Energy Transition,Energy Transition,entity,,,,,,,,,,,,,,,[],,,Entity
world:entity:entity-a,2026-06-01,{{ENTITY_A}},,,,Entities,,{{ENTITY_A}},{{ENTITY_A}},entity,,,,,,,,,,,,,,,[],,,Entity
world:entity:entropy-levels-for-agent-orchestration,2026-06-01,Entropy Levels for Agent Orchestration,,,,Entities,,Entropy Levels for Agent Orchestration,Entropy Levels for Agent Orchestration,entity,,,,,,,,,,,,,,,[],,,Entity
world:entity:entropy-strategy-monitoring-cheat-sheet,2026-06-01,Entropy Strategy Monitoring Cheat Sheet,,,,Entities,,Entropy Strategy Monitoring Cheat Sheet,Entropy Strategy Monitoring Cheat Sheet,entity,,,,,,,,,,,,,,,[],,,Entity
world:entity:equipment-backlog,2026-06-01,Equipment Backlog,,,,Entities,,Equipment Backlog,Equipment Backlog,entity,,,,,,,,,,,,,,,[],,,Entity
world:entity:eurobonds-despite-objections-they-are-more-needed-than-ever,2026-06-01,"Eurobonds_ Despite objections, they are more needed than ever",,,,Entities,,"Eurobonds_ Despite objections, they are more needed than ever","Eurobonds_ Despite objections, they are more needed than ever",entity,,,,,,,,,,,,,,,[],,,Entity
world:entity:event-map,2026-06-01,event map,,,,Entities,,event map,event map,entity,,,,,,,,,,,,,,,[],,,Entity
world:entity:event-research-freshness-note,2026-06-01,Event Research Freshness Note,,,,Entities,,Event Research Freshness Note,Event Research Freshness Note,entity,,,,,,,,,,,,,,,[],,,Entity
world:entity:export-control-escalation,2026-06-01,Export Control Escalation,,,,Entities,,Export Control Escalation,Export Control Escalation,entity,,,,,,,,,,,,,,,[],,,Entity
world:entity:fab-construction-starts,2026-06-01,Fab Construction Starts,,,,Entities,,Fab Construction Starts,Fab Construction Starts,entity,,,,,,,,,,,,,,,[],,,Entity
world:entity:factory-automation-orders,2026-06-01,Factory Automation Orders,,,,Entities,,Factory Automation Orders,Factory Automation Orders,entity,,,,,,,,,,,,,,,[],,,Entity
world:entity:false-floor,2026-06-01,False Floor,,,,Entities,,False Floor,False Floor,entity,,,,,,,,,,,,,,,[],,,Entity
world:entity:fda-aging-as-disease-recognition,2026-06-01,FDA Aging as Disease Recognition,,,,Entities,,FDA Aging as Disease Recognition,FDA Aging as Disease Recognition,entity,,,,,,,,,,,,,,,[],,,Entity
world:entity:fda-nda-filings,2026-06-01,FDA NDA Filings,,,,Entities,,FDA NDA Filings,FDA NDA Filings,entity,,,,,,,,,,,,,,,[],,,Entity
world:entity:fda-open-data-drugs-fda,2026-06-01,FDA open data Drugs@FDA,,,,Entities,,FDA open data Drugs@FDA,FDA open data Drugs@FDA,entity,,,,,,,,,,,,,,,[],,,Entity
world:entity:fda-qidp-designations,2026-06-01,FDA QIDP Designations,,,,Entities,,FDA QIDP Designations,FDA QIDP Designations,entity,,,,,,,,,,,,,,,[],,,Entity
world:entity:firm-name,2026-06-01,{{Firm Name}},,,,Entities,,{{Firm Name}},{{Firm Name}},entity,,,,,,,,,,,,,,,[],,,Entity
world:entity:fiscal-dominance,2026-06-01,Fiscal Dominance,,,,Entities,,Fiscal Dominance,Fiscal Dominance,entity,,,,,,,,,,,,,,,[],,,Entity
world:entity:fiscal-duration-and-ai-systemic-risk,2026-06-01,Fiscal Duration and AI Systemic Risk,,,,Entities,,Fiscal Duration and AI Systemic Risk,Fiscal Duration and AI Systemic Risk,entity,,,,,,,,,,,,,,,[],,,Entity
world:entity:fiscal-regime,2026-06-01,{{FISCAL_REGIME}},,,,Entities,,{{FISCAL_REGIME}},{{FISCAL_REGIME}},entity,,,,,,,,,,,,,,,[],,,Entity
world:entity:float,2026-06-01,Float,,,,Entities,,Float,Float,entity,,,,,,,,,,,,,,,[],,,Entity
world:entity:fmp-premium,2026-06-01,FMP Premium,,,,Entities,,FMP Premium,FMP Premium,entity,,,,,,,,,,,,,,,[],,,Entity
world:entity:food-inflation,2026-06-01,Food Inflation,,,,Entities,,Food Inflation,Food Inflation,entity,,,,,,,,,,,,,,,[],,,Entity
world:entity:food-systems,2026-06-01,Food Systems,,,,Entities,,Food Systems,Food Systems,entity,,,,,,,,,,,,,,,[],,,Entity
world:entity:fx-regime,2026-06-01,{{FX_REGIME}},,,,Entities,,{{FX_REGIME}},{{FX_REGIME}},entity,,,,,,,,,,,,,,,[],,,Entity
world:entity:gamma-and-momentum-a-recipe-for-spikes-and-tears,2026-06-01,Gamma And Momentum_ A Recipe For Spikes And Tears,,,,Entities,,Gamma And Momentum_ A Recipe For Spikes And Tears,Gamma And Momentum_ A Recipe For Spikes And Tears,entity,,,,,,,,,,,,,,,[],,,Entity
world:entity:gamma-squeeze,2026-06-01,Gamma Squeeze,,,,Entities,,Gamma Squeeze,Gamma Squeeze,entity,,,,,,,,,,,,,,,[],,,Entity
world:entity:gene-editing,2026-06-01,Gene Editing,,,,Entities,,Gene Editing,Gene Editing,entity,,,,,,,,,,,,,,,[],,,Entity
world:entity:geroscience-publication-velocity,2026-06-01,GeroScience Publication Velocity,,,,Entities,,GeroScience Publication Velocity,GeroScience Publication Velocity,entity,,,,,,,,,,,,,,,[],,,Entity
world:entity:glp-1-prescriptions,2026-06-01,GLP-1 Prescriptions,,,,Entities,,GLP-1 Prescriptions,GLP-1 Prescriptions,entity,,,,,,,,,,,,,,,[],,,Entity
world:entity:gold-bugs-faulty-thesis-m2-and-inflation,2026-06-01,Gold Bugs Faulty Thesis_ M2 and Inflation,,,,Entities,,Gold Bugs Faulty Thesis_ M2 and Inflation,Gold Bugs Faulty Thesis_ M2 and Inflation,entity,,,,,,,,,,,,,,,[],,,Entity
world:entity:gold-spot-price,2026-06-01,Gold Spot Price,,,,Entities,,Gold Spot Price,Gold Spot Price,entity,,,,,,,,,,,,,,,[],,,Entity
world:entity:goldman-flags-troubling-mortgage-delinquency-rise-across-this-u-s-region,2026-06-01,Goldman Flags Troubling Mortgage Delinquency Rise Across This U.S. Region,,,,Entities,,Goldman Flags Troubling Mortgage Delinquency Rise Across This U.S. Region,Goldman Flags Troubling Mortgage Delinquency Rise Across This U.S. Region,entity,,,,,,,,,,,,,,,[],,,Entity
world:entity:government-contact,2026-06-01,{{Government Contact}},,,,Entities,,{{Government Contact}},{{Government Contact}},entity,,,,,,,,,,,,,,,[],,,Entity
world:entity:government-qc-contracts,2026-06-01,Government QC Contracts,,,,Entities,,Government QC Contracts,Government QC Contracts,entity,,,,,,,,,,,,,,,[],,,Entity
world:entity:government-spending-cuts,2026-06-01,Government Spending Cuts,,,,Entities,,Government Spending Cuts,Government Spending Cuts,entity,,,,,,,,,,,,,,,[],,,Entity
world:entity:grid-interconnection-queue,2026-06-01,Grid Interconnection Queue,,,,Entities,,Grid Interconnection Queue,Grid Interconnection Queue,entity,,,,,,,,,,,,,,,[],,,Entity
world:entity:grid-resilience-investment,2026-06-01,Grid Resilience Investment,,,,Entities,,Grid Resilience Investment,Grid Resilience Investment,entity,,,,,,,,,,,,,,,[],,,Entity
world:entity:grid-storage,2026-06-01,Grid Storage,,,,Entities,,Grid Storage,Grid Storage,entity,,,,,,,,,,,,,,,[],,,Entity
world:entity:hacm-test-milestones,2026-06-01,HACM Test Milestones,,,,Entities,,HACM Test Milestones,HACM Test Milestones,entity,,,,,,,,,,,,,,,[],,,Entity
world:entity:hard-asset-carry,2026-06-01,Hard Asset Carry,,,,Entities,,Hard Asset Carry,Hard Asset Carry,entity,,,,,,,,,,,,,,,[],,,Entity
world:entity:healthcare-conviction-momentum-queue,2026-06-01,Healthcare Conviction Momentum Queue,,,,Entities,,Healthcare Conviction Momentum Queue,Healthcare Conviction Momentum Queue,entity,,,,,,,,,,,,,,,[],,,Entity
world:entity:home-price-index-csushpisa,2026-06-01,Home Price Index CSUSHPISA,,,,Entities,,Home Price Index CSUSHPISA,Home Price Index CSUSHPISA,entity,,,,,,,,,,,,,,,[],,,Entity
world:entity:housing,2026-06-01,Housing,,,,Entities,,Housing,Housing,entity,,,,,,,,,,,,,,,[],,,Entity
world:entity:housing-policy-spending-risk,2026-06-01,Housing - Policy & Spending Risk,,,,Entities,,Housing - Policy & Spending Risk,Housing - Policy & Spending Risk,entity,,,,,,,,,,,,,,,[],,,Entity
world:entity:housing-starts-houst,2026-06-01,Housing Starts HOUST,,,,Entities,,Housing Starts HOUST,Housing Starts HOUST,entity,,,,,,,,,,,,,,,[],,,Entity
world:entity:housing-supply-crisis,2026-06-01,Housing Supply Crisis,,,,Entities,,Housing Supply Crisis,Housing Supply Crisis,entity,,,,,,,,,,,,,,,[],,,Entity
world:entity:how-asml-took-over-the-world,2026-06-01,How ASML took over the world,,,,Entities,,How ASML took over the world,How ASML took over the world,entity,,,,,,,,,,,,,,,[],,,Entity
world:entity:humanoid-unit-deployments,2026-06-01,Humanoid Unit Deployments,,,,Entities,,Humanoid Unit Deployments,Humanoid Unit Deployments,entity,,,,,,,,,,,,,,,[],,,Entity
world:entity:hyperscaler-capex,2026-06-01,Hyperscaler Capex,,,,Entities,,Hyperscaler Capex,Hyperscaler Capex,entity,,,,,,,,,,,,,,,[],,,Entity
world:entity:hypersonic-program-budget,2026-06-01,Hypersonic Program Budget,,,,Entities,,Hypersonic Program Budget,Hypersonic Program Budget,entity,,,,,,,,,,,,,,,[],,,Entity
world:entity:hypersonics,2026-06-01,Hypersonics,,,,Entities,,Hypersonics,Hypersonics,entity,,,,,,,,,,,,,,,[],,,Entity
world:entity:icij-offshoreleaksdb,2026-06-01,ICIJ-OffshoreleaksDB,,,,Entities,,ICIJ-OffshoreleaksDB,ICIJ-OffshoreleaksDB,entity,,,,,,,,,,,,,,,[],,,Entity
world:entity:iea-revises-2026-forecast-global-oil-supply-to-plunge-below-demand-this-year,2026-06-01,IEA Revises 2026 Forecast_ Global Oil Supply To Plunge Below Demand This Year,,,,Entities,,IEA Revises 2026 Forecast_ Global Oil Supply To Plunge Below Demand This Year,IEA Revises 2026 Forecast_ Global Oil Supply To Plunge Below Demand This Year,entity,,,,,,,,,,,,,,,[],,,Entity
world:entity:in-vivo-editing-trials,2026-06-01,In Vivo Editing Trials,,,,Entities,,In Vivo Editing Trials,In Vivo Editing Trials,entity,,,,,,,,,,,,,,,[],,,Entity
world:entity:inbox-ingestion-batch-2026-05-25,2026-06-01,Inbox Ingestion Batch - 2026-05-25,,,,Entities,,Inbox Ingestion Batch - 2026-05-25,Inbox Ingestion Batch - 2026-05-25,entity,,,,,,,,,,,,,,,[],,,Entity
world:entity:indicator-a,2026-06-01,{{INDICATOR_A}},,,,Entities,,{{INDICATOR_A}},{{INDICATOR_A}},entity,,,,,,,,,,,,,,,[],,,Entity
world:entity:indicator-b,2026-06-01,{{INDICATOR_B}},,,,Entities,,{{INDICATOR_B}},{{INDICATOR_B}},entity,,,,,,,,,,,,,,,[],,,Entity
world:entity:indicator-c,2026-06-01,{{INDICATOR_C}},,,,Entities,,{{INDICATOR_C}},{{INDICATOR_C}},entity,,,,,,,,,,,,,,,[],,,Entity
world:entity:indicator-d,2026-06-01,{{INDICATOR_D}},,,,Entities,,{{INDICATOR_D}},{{INDICATOR_D}},entity,,,,,,,,,,,,,,,[],,,Entity
world:entity:indicator-e,2026-06-01,{{INDICATOR_E}},,,,Entities,,{{INDICATOR_E}},{{INDICATOR_E}},entity,,,,,,,,,,,,,,,[],,,Entity
world:entity:indicator-or-pattern,2026-06-01,Indicator or pattern,,,,Entities,,Indicator or pattern,Indicator or pattern,entity,,,,,,,,,,,,,,,[],,,Entity
world:entity:industrial-policy,2026-06-01,Industrial Policy,,,,Entities,,Industrial Policy,Industrial Policy,entity,,,,,,,,,,,,,,,[],,,Entity
world:entity:inflation-regime,2026-06-01,{{INFLATION_REGIME}},,,,Entities,,{{INFLATION_REGIME}},{{INFLATION_REGIME}},entity,,,,,,,,,,,,,,,[],,,Entity
world:entity:inflation-resurgence,2026-06-01,Inflation Resurgence,,,,Entities,,Inflation Resurgence,Inflation Resurgence,entity,,,,,,,,,,,,,,,[],,,Entity
world:entity:inflationelevated,2026-06-01,InflationElevated,,,,Entities,,InflationElevated,InflationElevated,entity,,,,,,,,,,,,,,,[],,,Entity
world:entity:ira-incentives,2026-06-01,IRA Incentives,,,,Entities,,IRA Incentives,IRA Incentives,entity,,,,,,,,,,,,,,,[],,,Entity
world:entity:ira-investment-tax-credit-utilization,2026-06-01,IRA Investment Tax Credit Utilization,,,,Entities,,IRA Investment Tax Credit Utilization,IRA Investment Tax Credit Utilization,entity,,,,,,,,,,,,,,,[],,,Entity
world:entity:iran-hormuz-strait-escalation,2026-06-01,Iran-Hormuz Strait Escalation,,,,Entities,,Iran-Hormuz Strait Escalation,Iran-Hormuz Strait Escalation,entity,,,,,,,,,,,,,,,[],,,Entity
world:entity:is-your-index-fund-really-diversified,2026-06-01,Is Your Index Fund Really Diversified_,,,,Entities,,Is Your Index Fund Really Diversified_,Is Your Index Fund Really Diversified_,entity,,,,,,,,,,,,,,,[],,,Entity
world:entity:ism-manufacturing,2026-06-01,ISM Manufacturing,,,,Entities,,ISM Manufacturing,ISM Manufacturing,entity,,,,,,,,,,,,,,,[],,,Entity
world:entity:israel,2026-06-01,Israel,,,,Entities,,Israel,Israel,entity,,,,,,,,,,,,,,,[],,,Entity
world:entity:item,2026-06-01,,,,,Entities,,,,entity,,,,,,,,,,,,,,,[],,,Entity
world:entity:jon-husted,2026-06-01,Jon Husted,,,,Entities,,Jon Husted,Jon Husted,entity,,,,,,,,,,,,,,,[],,,Entity
world:entity:key-recipient,2026-06-01,{{Key Recipient}},,,,Entities,,{{Key Recipient}},{{Key Recipient}},entity,,,,,,,,,,,,,,,[],,,Entity
world:entity:kwh,2026-06-01,kWh,,,,Entities,,kWh,kWh,entity,,,,,,,,,,,,,,,[],,,Entity
world:entity:labor-shortage,2026-06-01,Labor Shortage,,,,Entities,,Labor Shortage,Labor Shortage,entity,,,,,,,,,,,,,,,[],,,Entity
world:entity:lecanemab-prescriptions,2026-06-01,Lecanemab Prescriptions,,,,Entities,,Lecanemab Prescriptions,Lecanemab Prescriptions,entity,,,,,,,,,,,,,,,[],,,Entity
world:entity:lobbying-firm,2026-06-01,{{Lobbying Firm}},,,,Entities,,{{Lobbying Firm}},{{Lobbying Firm}},entity,,,,,,,,,,,,,,,[],,,Entity
world:entity:longevity,2026-06-01,Longevity,,,,Entities,,Longevity,Longevity,entity,,,,,,,,,,,,,,,[],,,Entity
world:entity:macro-economics,2026-06-01,Macro Economics,,,,Entities,,Macro Economics,Macro Economics,entity,,,,,,,,,,,,,,,[],,,Entity
world:entity:macro-to-strategy-signal-bridge,2026-06-01,Macro-to-Strategy Signal Bridge,,,,Entities,,Macro-to-Strategy Signal Bridge,Macro-to-Strategy Signal Bridge,entity,,,,,,,,,,,,,,,[],,,Entity
world:entity:market-correction-risk-why-summer-2026-looks-risky,2026-06-01,Market Correction Risk_ Why Summer 2026 Looks Risky,,,,Entities,,Market Correction Risk_ Why Summer 2026 Looks Risky,Market Correction Risk_ Why Summer 2026 Looks Risky,entity,,,,,,,,,,,,,,,[],,,Entity
world:entity:market-cycles,2026-06-01,Market_Cycles,,,,Entities,,Market_Cycles,Market_Cycles,entity,,,,,,,,,,,,,,,[],,,Entity
world:entity:metabolic-disease,2026-06-01,Metabolic Disease,,,,Entities,,Metabolic Disease,Metabolic Disease,entity,,,,,,,,,,,,,,,[],,,Entity
world:entity:micron-just-gave-chip-bulls-a-100-billion-stress-test,2026-06-01,Micron just gave chip bulls a $100 billion stress test,,,,Entities,,Micron just gave chip bulls a $100 billion stress test,Micron just gave chip bulls a $100 billion stress test,entity,,,,,,,,,,,,,,,[],,,Entity
world:entity:middle-market-private-equity-reset,2026-06-01,Middle-Market Private Equity Reset,,,,Entities,,Middle-Market Private Equity Reset,Middle-Market Private Equity Reset,entity,,,,,,,,,,,,,,,[],,,Entity
world:entity:monthly,2026-06-01,Monthly,,,,Entities,,Monthly,Monthly,entity,,,,,,,,,,,,,,,[],,,Entity
world:entity:moving-average-crossover,2026-06-01,Moving Average Crossover,,,,Entities,,Moving Average Crossover,Moving Average Crossover,entity,,,,,,,,,,,,,,,[],,,Entity
world:entity:ndaa-hypersonic-line-items,2026-06-01,NDAA Hypersonic Line Items,,,,Entities,,NDAA Hypersonic Line Items,NDAA Hypersonic Line Items,entity,,,,,,,,,,,,,,,[],,,Entity
world:entity:neurology,2026-06-01,Neurology,,,,Entities,,Neurology,Neurology,entity,,,,,,,,,,,,,,,[],,,Entity
world:entity:noaa-storm-events,2026-06-01,NOAA Storm Events,,,,Entities,,NOAA Storm Events,NOAA Storm Events,entity,,,,,,,,,,,,,,,[],,,Entity
world:entity:note,2026-06-01,note}},,,,Entities,,note}},note}},entity,,,,,,,,,,,,,,,[],,,Entity
world:entity:nrc-smr-approvals,2026-06-01,NRC SMR Approvals,,,,Entities,,NRC SMR Approvals,NRC SMR Approvals,entity,,,,,,,,,,,,,,,[],,,Entity
world:entity:nuclear-capacity-factor,2026-06-01,Nuclear Capacity Factor,,,,Entities,,Nuclear Capacity Factor,Nuclear Capacity Factor,entity,,,,,,,,,,,,,,,[],,,Entity
world:entity:nuclear-energy,2026-06-01,Nuclear Energy,,,,Entities,,Nuclear Energy,Nuclear Energy,entity,,,,,,,,,,,,,,,[],,,Entity
world:entity:nuclear-renaissance-smrs,2026-06-01,[Nuclear Renaissance SMRs,,,,Entities,,[Nuclear Renaissance SMRs,[Nuclear Renaissance SMRs,entity,,,,,,,,,,,,,,,[],,,Entity
world:entity:nvidia-isaac-adoption,2026-06-01,NVIDIA Isaac Adoption,,,,Entities,,NVIDIA Isaac Adoption,NVIDIA Isaac Adoption,entity,,,,,,,,,,,,,,,[],,,Entity
world:entity:obesity-drug-revenue,2026-06-01,Obesity Drug Revenue,,,,Entities,,Obesity Drug Revenue,Obesity Drug Revenue,entity,,,,,,,,,,,,,,,[],,,Entity
world:entity:object,2026-06-01,object}},,,,Entities,,object}},object}},entity,,,,,,,,,,,,,,,[],,,Entity
world:entity:observation-federal-broadband-funding-expansion,2026-06-01,Observation: Federal Broadband Funding Expansion,,,,Entities,,Observation: Federal Broadband Funding Expansion,Observation: Federal Broadband Funding Expansion,entity,,,,,,,,,,,,,,,[],,,Entity
world:entity:observation-federal-r-d-security-restrictions,2026-06-01,Observation: Federal R&D Security Restrictions,,,,Entities,,Observation: Federal R&D Security Restrictions,Observation: Federal R&D Security Restrictions,entity,,,,,,,,,,,,,,,[],,,Entity
world:entity:observation-ftc-ai-enforcement-authority-expansion,2026-06-01,Observation: FTC AI Enforcement Authority Expansion,,,,Entities,,Observation: FTC AI Enforcement Authority Expansion,Observation: FTC AI Enforcement Authority Expansion,entity,,,,,,,,,,,,,,,[],,,Entity
world:entity:observation-note,2026-06-01,Observation Note,,,,Entities,,Observation Note,Observation Note,entity,,,,,,,,,,,,,,,[],,,Entity
world:entity:observation-related-observation,2026-06-01,Observation: {{Related Observation}},,,,Entities,,Observation: {{Related Observation}},Observation: {{Related Observation}},entity,,,,,,,,,,,,,,,[],,,Entity
world:entity:observation-title,2026-06-01,{{Observation Title}},,,,Entities,,{{Observation Title}},{{Observation Title}},entity,,,,,,,,,,,,,,,[],,,Entity
world:entity:occ-sector-concentration-taxonomy,2026-06-01,OCC Sector Concentration Taxonomy,,,,Entities,,OCC Sector Concentration Taxonomy,OCC Sector Concentration Taxonomy,entity,,,,,,,,,,,,,,,[],,,Entity
world:entity:opportunity-discovery,2026-06-01,Opportunity Discovery,,,,Entities,,Opportunity Discovery,Opportunity Discovery,entity,,,,,,,,,,,,,,,[],,,Entity
world:entity:options-skew,2026-06-01,Options Skew,,,,Entities,,Options Skew,Options Skew,entity,,,,,,,,,,,,,,,[],,,Entity
world:entity:orb-entropy-strategy-playbook,2026-06-01,ORB + Entropy Strategy Playbook,,,,Entities,,ORB + Entropy Strategy Playbook,ORB + Entropy Strategy Playbook,entity,,,,,,,,,,,,,,,[],,,Entity
world:entity:org,2026-06-01,Org}},,,,Entities,,Org}},Org}},entity,,,,,,,,,,,,,,,[],,,Entity
world:entity:pac-name,2026-06-01,{{PAC Name}},,,,Entities,,{{PAC Name}},{{PAC Name}},entity,,,,,,,,,,,,,,,[],,,Entity
world:entity:padilla-steve-ca-senate,2026-06-01,"Padilla, Steve (CA-Senate)",,,,Entities,,"Padilla, Steve (CA-Senate)","Padilla, Steve (CA-Senate)",entity,,,,,,,,,,,,,,,[],,,Entity
world:entity:parabolic-semiconductor-rally-is-pricing-in-2028-already,2026-06-01,Parabolic Semiconductor Rally Is Pricing In 2028 Already,,,,Entities,,Parabolic Semiconductor Rally Is Pricing In 2028 Already,Parabolic Semiconductor Rally Is Pricing In 2028 Already,entity,,,,,,,,,,,,,,,[],,,Entity
world:entity:parent-org-wikilink,2026-06-01,{{parent_org_wikilink}},,,,Entities,,{{parent_org_wikilink}},{{parent_org_wikilink}},entity,,,,,,,,,,,,,,,[],,,Entity
world:entity:parent-organization,2026-06-01,{{Parent Organization}},,,,Entities,,{{Parent Organization}},{{Parent Organization}},entity,,,,,,,,,,,,,,,[],,,Entity
world:entity:patent-landscape,2026-06-01,Patent Landscape,,,,Entities,,Patent Landscape,Patent Landscape,entity,,,,,,,,,,,,,,,[],,,Entity
world:entity:peace-dividend,2026-06-01,Peace Dividend,,,,Entities,,Peace Dividend,Peace Dividend,entity,,,,,,,,,,,,,,,[],,,Entity
world:entity:pentagon-ai-adoption,2026-06-01,Pentagon AI Adoption,,,,Entities,,Pentagon AI Adoption,Pentagon AI Adoption,entity,,,,,,,,,,,,,,,[],,,Entity
world:entity:pharmaceutical-qc-applications,2026-06-01,Pharmaceutical QC Applications,,,,Entities,,Pharmaceutical QC Applications,Pharmaceutical QC Applications,entity,,,,,,,,,,,,,,,[],,,Entity
world:entity:pharmaceuticals,2026-06-01,Pharmaceuticals,,,,Entities,,Pharmaceuticals,Pharmaceuticals,entity,,,,,,,,,,,,,,,[],,,Entity
world:entity:phase-3-trial-readouts,2026-06-01,Phase 3 Trial Readouts,,,,Entities,,Phase 3 Trial Readouts,Phase 3 Trial Readouts,entity,,,,,,,,,,,,,,,[],,,Entity
world:entity:policy-a,2026-06-01,{{POLICY_A}},,,,Entities,,{{POLICY_A}},{{POLICY_A}},entity,,,,,,,,,,,,,,,[],,,Entity
world:entity:policy-b,2026-06-01,{{POLICY_B}},,,,Entities,,{{POLICY_B}},{{POLICY_B}},entity,,,,,,,,,,,,,,,[],,,Entity
world:entity:power-ppa-prices,2026-06-01,Power PPA Prices,,,,Entities,,Power PPA Prices,Power PPA Prices,entity,,,,,,,,,,,,,,,[],,,Entity
world:entity:ppa-signings,2026-06-01,PPA Signings,,,,Entities,,PPA Signings,PPA Signings,entity,,,,,,,,,,,,,,,[],,,Entity
world:entity:precision-fermentation-scale-up,2026-06-01,Precision Fermentation Scale-Up,,,,Entities,,Precision Fermentation Scale-Up,Precision Fermentation Scale-Up,entity,,,,,,,,,,,,,,,[],,,Entity
world:entity:private-infrastructure-halo-framework,2026-06-01,Private Infrastructure HALO Framework,,,,Entities,,Private Infrastructure HALO Framework,Private Infrastructure HALO Framework,entity,,,,,,,,,,,,,,,[],,,Entity
world:entity:pullpush-reddit,2026-06-01,PullPush-Reddit,,,,Entities,,PullPush-Reddit,PullPush-Reddit,entity,,,,,,,,,,,,,,,[],,,Entity
world:entity:quantum-error-correction-progress,2026-06-01,Quantum Error Correction Progress,,,,Entities,,Quantum Error Correction Progress,Quantum Error Correction Progress,entity,,,,,,,,,,,,,,,[],,,Entity
world:entity:quarterly,2026-06-01,Quarterly,,,,Entities,,Quarterly,Quarterly,entity,,,,,,,,,,,,,,,[],,,Entity
world:entity:qubit-count,2026-06-01,Qubit Count,,,,Entities,,Qubit Count,Qubit Count,entity,,,,,,,,,,,,,,,[],,,Entity
world:entity:rapamycin-trial-readouts,2026-06-01,Rapamycin Trial Readouts,,,,Entities,,Rapamycin Trial Readouts,Rapamycin Trial Readouts,entity,,,,,,,,,,,,,,,[],,,Entity
world:entity:rare-disease,2026-06-01,Rare Disease,,,,Entities,,Rare Disease,Rare Disease,entity,,,,,,,,,,,,,,,[],,,Entity
world:entity:rates-regime,2026-06-01,{{RATES_REGIME}},,,,Entities,,{{RATES_REGIME}},{{RATES_REGIME}},entity,,,,,,,,,,,,,,,[],,,Entity
world:entity:reading-modes,2026-06-01,Reading Modes,,,,Entities,,Reading Modes,Reading Modes,entity,,,,,,,,,,,,,,,[],,,Entity
world:entity:recurring-revenue,2026-06-01,Recurring Revenue,,,,Entities,,Recurring Revenue,Recurring Revenue,entity,,,,,,,,,,,,,,,[],,,Entity
world:entity:regime-a,2026-06-01,{{REGIME_A}},,,,Entities,,{{REGIME_A}},{{REGIME_A}},entity,,,,,,,,,,,,,,,[],,,Entity
world:entity:regime-b,2026-06-01,{{REGIME_B}},,,,Entities,,{{REGIME_B}},{{REGIME_B}},entity,,,,,,,,,,,,,,,[],,,Entity
world:entity:regime-c,2026-06-01,{{REGIME_C}},,,,Entities,,{{REGIME_C}},{{REGIME_C}},entity,,,,,,,,,,,,,,,[],,,Entity
world:entity:regime-d,2026-06-01,{{REGIME_D}},,,,Entities,,{{REGIME_D}},{{REGIME_D}},entity,,,,,,,,,,,,,,,[],,,Entity
world:entity:regulation-name,2026-06-01,{{Regulation Name}},,,,Entities,,{{Regulation Name}},{{Regulation Name}},entity,,,,,,,,,,,,,,,[],,,Entity
world:entity:regulation-related-regulation,2026-06-01,Regulation: {{Related Regulation}},,,,Entities,,Regulation: {{Related Regulation}},Regulation: {{Related Regulation}},entity,,,,,,,,,,,,,,,[],,,Entity
world:entity:regulation-related-rule,2026-06-01,Regulation: {{Related Rule}},,,,Entities,,Regulation: {{Related Rule}},Regulation: {{Related Rule}},entity,,,,,,,,,,,,,,,[],,,Entity
world:entity:reports,2026-06-01,Reports,,,,Entities,,Reports,Reports,entity,,,,,,,,,,,,,,,[],,,Entity
world:entity:retirement-income-and-annuity-policy,2026-06-01,Retirement Income and Annuity Policy,,,,Entities,,Retirement Income and Annuity Policy,Retirement Income and Annuity Policy,entity,,,,,,,,,,,,,,,[],,,Entity
world:entity:revenge-of-the-business-idiot,2026-06-01,Revenge of The Business Idiot,,,,Entities,,Revenge of The Business Idiot,Revenge of The Business Idiot,entity,,,,,,,,,,,,,,,[],,,Entity
world:entity:rick-scott,2026-06-01,Rick Scott,,,,Entities,,Rick Scott,Rick Scott,entity,,,,,,,,,,,,,,,[],,,Entity
world:entity:rising-prices-at-the-grocery-store,2026-06-01,Rising prices at the grocery store,,,,Entities,,Rising prices at the grocery store,Rising prices at the grocery store,entity,,,,,,,,,,,,,,,[],,,Entity
world:entity:risk-reward-calculation-log,2026-06-01,Risk-Reward Calculation Log,,,,Entities,,Risk-Reward Calculation Log,Risk-Reward Calculation Log,entity,,,,,,,,,,,,,,,[],,,Entity
world:entity:robot-dexterity-benchmarks,2026-06-01,Robot Dexterity Benchmarks,,,,Entities,,Robot Dexterity Benchmarks,Robot Dexterity Benchmarks,entity,,,,,,,,,,,,,,,[],,,Entity
world:entity:robotics,2026-06-01,Robotics,,,,Entities,,Robotics,Robotics,entity,,,,,,,,,,,,,,,[],,,Entity
world:entity:rsi-strategies,2026-06-01,RSI Strategies,,,,Entities,,RSI Strategies,RSI Strategies,entity,,,,,,,,,,,,,,,[],,,Entity
world:entity:satellite-constellation-size,2026-06-01,Satellite Constellation Size,,,,Entities,,Satellite Constellation Size,Satellite Constellation Size,entity,,,,,,,,,,,,,,,[],,,Entity
world:entity:sda-space-development-agency-contracts,2026-06-01,SDA (Space Development Agency) Contracts,,,,Entities,,SDA (Space Development Agency) Contracts,SDA (Space Development Agency) Contracts,entity,,,,,,,,,,,,,,,[],,,Entity
world:entity:semiconductor-bubble-derisking,2026-06-01,Semiconductor Bubble Derisking,,,,Entities,,Semiconductor Bubble Derisking,Semiconductor Bubble Derisking,entity,,,,,,,,,,,,,,,[],,,Entity
world:entity:semiconductors,2026-06-01,Semiconductors,,,,Entities,,Semiconductors,Semiconductors,entity,,,,,,,,,,,,,,,[],,,Entity
world:entity:senate-confirms-kevin-warsh-as-fed-chair-in-most-partisan-vote-ever,2026-06-01,Senate Confirms Kevin Warsh As Fed Chair In Most Partisan Vote Ever,,,,Entities,,Senate Confirms Kevin Warsh As Fed Chair In Most Partisan Vote Ever,Senate Confirms Kevin Warsh As Fed Chair In Most Partisan Vote Ever,entity,,,,,,,,,,,,,,,[],,,Entity
world:entity:senolytic-clinical-trial-data,2026-06-01,Senolytic Clinical Trial Data,,,,Entities,,Senolytic Clinical Trial Data,Senolytic Clinical Trial Data,entity,,,,,,,,,,,,,,,[],,,Entity
world:entity:seven-breakouts,2026-06-01,Seven breakouts,,,,Entities,,Seven breakouts,Seven breakouts,entity,,,,,,,,,,,,,,,[],,,Entity
world:entity:shelf-registrations,2026-06-01,Shelf Registrations,,,,Entities,,Shelf Registrations,Shelf Registrations,entity,,,,,,,,,,,,,,,[],,,Entity
world:entity:shodan,2026-06-01,Shodan,,,,Entities,,Shodan,Shodan,entity,,,,,,,,,,,,,,,[],,,Entity
world:entity:short-interest,2026-06-01,Short Interest,,,,Entities,,Short Interest,Short Interest,entity,,,,,,,,,,,,,,,[],,,Entity
world:entity:signal-board,2026-06-01,Signal Board,,,,Entities,,Signal Board,Signal Board,entity,,,,,,,,,,,,,,,[],,,Entity
world:entity:small-cap-breadth,2026-06-01,Small-Cap Breadth,,,,Entities,,Small-Cap Breadth,Small-Cap Breadth,entity,,,,,,,,,,,,,,,[],,,Entity
world:entity:small-caps,2026-06-01,Small Caps,,,,Entities,,Small Caps,Small Caps,entity,,,,,,,,,,,,,,,[],,,Entity
world:entity:solving-the-gridlock-america-s-electric-supply-chain-opportunity,2026-06-01,Solving the Gridlock_ America’s Electric Supply Chain Opportunity,,,,Entities,,Solving the Gridlock_ America’s Electric Supply Chain Opportunity,Solving the Gridlock_ America’s Electric Supply Chain Opportunity,entity,,,,,,,,,,,,,,,[],,,Entity
world:entity:source-gap-register,2026-06-01,Source Gap Register,,,,Entities,,Source Gap Register,Source Gap Register,entity,,,,,,,,,,,,,,,[],,,Entity
world:entity:source-or-observation-a,2026-06-01,{{SOURCE_OR_OBSERVATION_A}},,,,Entities,,{{SOURCE_OR_OBSERVATION_A}},{{SOURCE_OR_OBSERVATION_A}},entity,,,,,,,,,,,,,,,[],,,Entity
world:entity:source-or-observation-b,2026-06-01,{{SOURCE_OR_OBSERVATION_B}},,,,Entities,,{{SOURCE_OR_OBSERVATION_B}},{{SOURCE_OR_OBSERVATION_B}},entity,,,,,,,,,,,,,,,[],,,Entity
world:entity:source-or-observation-c,2026-06-01,{{SOURCE_OR_OBSERVATION_C}},,,,Entities,,{{SOURCE_OR_OBSERVATION_C}},{{SOURCE_OR_OBSERVATION_C}},entity,,,,,,,,,,,,,,,[],,,Entity
world:entity:sources,2026-06-01,Sources,,,,Entities,,Sources,Sources,entity,,,,,,,,,,,,,,,[],,,Entity
world:entity:space,2026-06-01,Space,,,,Entities,,Space,Space,entity,,,,,,,,,,,,,,,[],,,Entity
world:entity:space-domain-awareness,2026-06-01,[Space Domain Awareness,,,,Entities,,[Space Domain Awareness,[Space Domain Awareness,entity,,,,,,,,,,,,,,,[],,,Entity
world:entity:space-force-budget,2026-06-01,Space Force Budget,,,,Entities,,Space Force Budget,Space Force Budget,entity,,,,,,,,,,,,,,,[],,,Entity
world:entity:starshield-government-orders,2026-06-01,Starshield Government Orders,,,,Entities,,Starshield Government Orders,Starshield Government Orders,entity,,,,,,,,,,,,,,,[],,,Entity
world:entity:steady-ground,2026-06-01,Steady Ground,,,,Entities,,Steady Ground,Steady Ground,entity,,,,,,,,,,,,,,,[],,,Entity
world:entity:strategy-tracking-register,2026-06-01,Strategy Tracking Register,,,,Entities,,Strategy Tracking Register,Strategy Tracking Register,entity,,,,,,,,,,,,,,,[],,,Entity
world:entity:superconcentration,2026-06-01,Superconcentration,,,,Entities,,Superconcentration,Superconcentration,entity,,,,,,,,,,,,,,,[],,,Entity
world:entity:supply-chain-nationalism,2026-06-01,Supply Chain Nationalism,,,,Entities,,Supply Chain Nationalism,Supply Chain Nationalism,entity,,,,,,,,,,,,,,,[],,,Entity
world:entity:synthetic-biology,2026-06-01,Synthetic Biology,,,,Entities,,Synthetic Biology,Synthetic Biology,entity,,,,,,,,,,,,,,,[],,,Entity
world:entity:target,2026-06-01,{{TARGET}},,,,Entities,,{{TARGET}},{{TARGET}},entity,,,,,,,,,,,,,,,[],,,Entity
world:entity:tech-antitrust-privacy-ai-regulation-risk,2026-06-01,"Tech - Antitrust, Privacy, AI Regulation Risk",,,,Entities,,"Tech - Antitrust, Privacy, AI Regulation Risk","Tech - Antitrust, Privacy, AI Regulation Risk",entity,,,,,,,,,,,,,,,[],,,Entity
world:entity:tech-broadband-infrastructure-rural-connectivity,2026-06-01,Tech - Broadband Infrastructure & Rural Connectivity,,,,Entities,,Tech - Broadband Infrastructure & Rural Connectivity,Tech - Broadband Infrastructure & Rural Connectivity,entity,,,,,,,,,,,,,,,[],,,Entity
world:entity:telegram,2026-06-01,Telegram,,,,Entities,,Telegram,Telegram,entity,,,,,,,,,,,,,,,[],,,Entity
world:entity:the-active-vs-passive-distinction-is-broken-and-it-matters,2026-06-01,The Active vs. Passive Distinction Is Broken — And It Matters,,,,Entities,,The Active vs. Passive Distinction Is Broken — And It Matters,The Active vs. Passive Distinction Is Broken — And It Matters,entity,,,,,,,,,,,,,,,[],,,Entity
world:entity:the-free-market-can-fix-it,2026-06-01,The free market can fix it,,,,Entities,,The free market can fix it,The free market can fix it,entity,,,,,,,,,,,,,,,[],,,Entity
world:entity:the-gauntlet,2026-06-01,The Gauntlet,,,,Entities,,The Gauntlet,The Gauntlet,entity,,,,,,,,,,,,,,,[],,,Entity
world:entity:the-inflationary-k-shaped-t-p-economy,2026-06-01,"The inflationary, “K”-shaped T—-p economy",,,,Entities,,"The inflationary, “K”-shaped T—-p economy","The inflationary, “K”-shaped T—-p economy",entity,,,,,,,,,,,,,,,[],,,Entity
world:entity:they-graduate-to-six-figure-salaries-and-grueling-work,2026-06-01,"They graduate to six figure salaries, and grueling work",,,,Entities,,"They graduate to six figure salaries, and grueling work","They graduate to six figure salaries, and grueling work",entity,,,,,,,,,,,,,,,[],,,Entity
world:entity:ticker,2026-06-01,{{TICKER}},,,,Entities,,{{TICKER}},{{TICKER}},entity,,,,,,,,,,,,,,,[],,,Entity
world:entity:top-donor-company,2026-06-01,{{Top Donor Company}},,,,Entities,,{{Top Donor Company}},{{Top Donor Company}},entity,,,,,,,,,,,,,,,[],,,Entity
world:entity:topic-name,2026-06-01,{{Topic Name}},,,,Entities,,{{Topic Name}},{{Topic Name}},entity,,,,,,,,,,,,,,,[],,,Entity
world:entity:topic-topic-name,2026-06-01,Topic: {{Topic Name}},,,,Entities,,Topic: {{Topic Name}},Topic: {{Topic Name}},entity,,,,,,,,,,,,,,,[],,,Entity
world:entity:trade-expression-layer,2026-06-01,Trade Expression Layer,,,,Entities,,Trade Expression Layer,Trade Expression Layer,entity,,,,,,,,,,,,,,,[],,,Entity
world:entity:transformer-lead-times,2026-06-01,Transformer Lead Times,,,,Entities,,Transformer Lead Times,Transformer Lead Times,entity,,,,,,,,,,,,,,,[],,,Entity
world:entity:trump-says-open-up-china-before-landing-in-beijing-for-pomp-filled-red-carpet-airport-welcome,2026-06-01,Trump Says 'Open Up China' Before Landing In Beijing For Pomp-Filled Red Carpet Airport Welcome,,,,Entities,,Trump Says 'Open Up China' Before Landing In Beijing For Pomp-Filled Red Carpet Airport Welcome,Trump Says 'Open Up China' Before Landing In Beijing For Pomp-Filled Red Carpet Airport Welcome,entity,,,,,,,,,,,,,,,[],,,Entity
world:entity:up-to-170-billion-needed-to-secure-full-domestic-nuclear-fuel-supply-chain,2026-06-01,Up To $170 Billion Needed To Secure Full Domestic Nuclear Fuel Supply Chain,,,,Entities,,Up To $170 Billion Needed To Secure Full Domestic Nuclear Fuel Supply Chain,Up To $170 Billion Needed To Secure Full Domestic Nuclear Fuel Supply Chain,entity,,,,,,,,,,,,,,,[],,,Entity
world:entity:uranium-spot-price,2026-06-01,Uranium Spot Price,,,,Entities,,Uranium Spot Price,Uranium Spot Price,entity,,,,,,,,,,,,,,,[],,,Entity
world:entity:us-government-finances-are-not-ready-for-a-recession,2026-06-01,US Government Finances Are Not Ready for a Recession,,,,Entities,,US Government Finances Are Not Ready for a Recession,US Government Finances Are Not Ready for a Recession,entity,,,,,,,,,,,,,,,[],,,Entity
world:entity:usaspending,2026-06-01,USASpending,,,,Entities,,USASpending,USASpending,entity,,,,,,,,,,,,,,,[],,,Entity
world:entity:usaspending-defense-ai,2026-06-01,USASpending Defense AI,,,,Entities,,USASpending Defense AI,USASpending Defense AI,entity,,,,,,,,,,,,,,,[],,,Entity
world:entity:utility-capex,2026-06-01,Utility Capex,,,,Entities,,Utility Capex,Utility Capex,entity,,,,,,,,,,,,,,,[],,,Entity
world:entity:utility-scale-storage-orders,2026-06-01,Utility Scale Storage Orders,,,,Entities,,Utility Scale Storage Orders,Utility Scale Storage Orders,entity,,,,,,,,,,,,,,,[],,,Entity
world:entity:valerie-foushee,2026-06-01,Valerie Foushee,,,,Entities,,Valerie Foushee,Valerie Foushee,entity,,,,,,,,,,,,,,,[],,,Entity
world:entity:venture-funding-in-longevity,2026-06-01,Venture Funding in Longevity,,,,Entities,,Venture Funding in Longevity,Venture Funding in Longevity,entity,,,,,,,,,,,,,,,[],,,Entity
world:entity:vesselfinder,2026-06-01,VesselFinder,,,,Entities,,VesselFinder,VesselFinder,entity,,,,,,,,,,,,,,,[],,,Entity
world:entity:volatility,2026-06-01,Volatility,,,,Entities,,Volatility,Volatility,entity,,,,,,,,,,,,,,,[],,,Entity
world:entity:war-premium,2026-06-01,War Premium,,,,Entities,,War Premium,War Premium,entity,,,,,,,,,,,,,,,[],,,Entity
world:entity:watchpoints,2026-06-01,Watchpoints,,,,Entities,,Watchpoints,Watchpoints,entity,,,,,,,,,,,,,,,[],,,Entity
world:entity:weekly,2026-06-01,Weekly,,,,Entities,,Weekly,Weekly,entity,,,,,,,,,,,,,,,[],,,Entity
world:entity:when-everyone-trades-the-same-factor-playbook,2026-06-01,When Everyone Trades the Same Factor Playbook,,,,Entities,,When Everyone Trades the Same Factor Playbook,When Everyone Trades the Same Factor Playbook,entity,,,,,,,,,,,,,,,[],,,Entity
world:entity:who-priority-pathogen-list,2026-06-01,WHO Priority Pathogen List,,,,Entities,,WHO Priority Pathogen List,WHO Priority Pathogen List,entity,,,,,,,,,,,,,,,[],,,Entity
world:entity:wicks-buffy-ca-assembly,2026-06-01,"Wicks, Buffy (CA-Assembly)",,,,Entities,,"Wicks, Buffy (CA-Assembly)","Wicks, Buffy (CA-Assembly)",entity,,,,,,,,,,,,,,,[],,,Entity
world:entity:wikilinks,2026-06-01,wikilinks,,,,Entities,,wikilinks,wikilinks,entity,,,,,,,,,,,,,,,[],,,Entity
world:entity:wp-a,2026-06-01,{{WP_A}},,,,Entities,,{{WP_A}},{{WP_A}},entity,,,,,,,,,,,,,,,[],,,Entity
world:entity:wp-b,2026-06-01,{{WP_B}},,,,Entities,,{{WP_B}},{{WP_B}},entity,,,,,,,,,,,,,,,[],,,Entity
world:entity:wp-c,2026-06-01,{{WP_C}},,,,Entities,,{{WP_C}},{{WP_C}},entity,,,,,,,,,,,,,,,[],,,Entity
world:entity:wp-d,2026-06-01,{{WP_D}},,,,Entities,,{{WP_D}},{{WP_D}},entity,,,,,,,,,,,,,,,[],,,Entity
world:entity:www-reuters-com,2026-06-01,www.reuters.com,,,,Entities,,www.reuters.com,www.reuters.com,entity,,,,,,,,,,,,,,,[],,,Entity
world:entity:yearly,2026-06-01,Yearly,,,,Entities,,Yearly,Yearly,entity,,,,,,,,,,,,,,,[],,,Entity
world:entity:yen-carry-trade-risk-watchpoints,2026-06-01,Yen Carry Trade Risk Watchpoints,,,,Entities,,Yen Carry Trade Risk Watchpoints,Yen Carry Trade Risk Watchpoints,entity,,,,,,,,,,,,,,,[],,,Entity
world:entity:yieldcurve,2026-06-01,YieldCurve,,,,Entities,,YieldCurve,YieldCurve,entity,,,,,,,,,,,,,,,[],,,Entity
world:entity:yr,2026-06-01,yr,,,,Entities,,yr,yr,entity,,,,,,,,,,,,,,,[],,,Entity
world:entity:yyyy-mm-dd-daily-vault-state-observation,2026-06-01,{{YYYY-MM-DD}} - Daily Vault State Observation,,,,Entities,,{{YYYY-MM-DD}} - Daily Vault State Observation,{{YYYY-MM-DD}} - Daily Vault State Observation,entity,,,,,,,,,,,,,,,[],,,Entity
world:entity:yyyy-mm-dd-eod-vault-state-report,2026-06-01,{{YYYY-MM-DD}} - EOD Vault State Report,,,,Entities,,{{YYYY-MM-DD}} - EOD Vault State Report,{{YYYY-MM-DD}} - EOD Vault State Report,entity,,,,,,,,,,,,,,,[],,,Entity
world:etf:PSIL,2026-06-01,PSIL,[[USA]],,,Entities,NYSE Arca,PSIL,PSIL,etf,obsidian://open?vault=World_Machine&file=Entities%2FETFs%2FPSIL.md,Entities/ETFs/PSIL.md,[[Healthcare]],Entities,C:\Users\CaveUser\Documents\Obsidian Vault\World_Machine\Entities\ETFs\PSIL.md,World_Machine,Entities,C:\Users\CaveUser\Documents\Obsidian Vault\World_Machine\Entities\ETFs\PSIL.md,Entities/ETFs/PSIL.md,obsidian://open?vault=World_Machine&file=Entities%2FETFs%2FPSIL.md,World_Machine,Active,ETFs,PSIL,"[""etf"",""biotech"",""psychedelics"",""mental-health""]",PSIL,World_Machine,Entity;ETF
world:geopoliticalevent:afcfta,2026-06-01,AfCFTA,,trade-agreement,2026-05-11,Entities,,AfCFTA,AfCFTA,geopoliticalevent,obsidian://open?vault=World_Machine&file=Entities%2FGeopolitics%2FAfCFTA.md,Entities/Geopolitics/AfCFTA.md,,Entities,C:\Users\CaveUser\Documents\Obsidian Vault\World_Machine\Entities\Geopolitics\AfCFTA.md,World_Machine,Entities,C:\Users\CaveUser\Documents\Obsidian Vault\World_Machine\Entities\Geopolitics\AfCFTA.md,Entities/Geopolitics/AfCFTA.md,obsidian://open?vault=World_Machine&file=Entities%2FGeopolitics%2FAfCFTA.md,World_Machine,,Geopolitics,,"[""africa"",""trade"",""regional-integration"",""free-trade"",""african-union""]",,World_Machine,Entity;GeopoliticalEvent
world:geopoliticalevent:axis-of-resistance,2026-06-01,Axis of Resistance,,alliance-network,2026-05-11,Entities,,Axis of Resistance,Axis of Resistance,geopoliticalevent,obsidian://open?vault=World_Machine&file=Entities%2FGeopolitics%2FAxis%20of%20Resistance.md,Entities/Geopolitics/Axis of Resistance.md,,Entities,C:\Users\CaveUser\Documents\Obsidian Vault\World_Machine\Entities\Geopolitics\Axis of Resistance.md,World_Machine,Entities,C:\Users\CaveUser\Documents\Obsidian Vault\World_Machine\Entities\Geopolitics\Axis of Resistance.md,Entities/Geopolitics/Axis of Resistance.md,obsidian://open?vault=World_Machine&file=Entities%2FGeopolitics%2FAxis%20of%20Resistance.md,World_Machine,,Geopolitics,,"[""iran"",""proxies"",""middle-east"",""asymmetric-conflict"",""non-state-actors""]",,World_Machine,Entity;GeopoliticalEvent
world:geopoliticalevent:belt-and-road-initiative,2026-06-01,Belt and Road Initiative,,initiative,2026-05-11,Entities,,Belt and Road Initiative,Belt and Road Initiative,geopoliticalevent,obsidian://open?vault=World_Machine&file=Entities%2FGeopolitics%2FBelt%20and%20Road%20Initiative.md,Entities/Geopolitics/Belt and Road Initiative.md,,Entities,C:\Users\CaveUser\Documents\Obsidian Vault\World_Machine\Entities\Geopolitics\Belt and Road Initiative.md,World_Machine,Entities,C:\Users\CaveUser\Documents\Obsidian Vault\World_Machine\Entities\Geopolitics\Belt and Road Initiative.md,Entities/Geopolitics/Belt and Road Initiative.md,obsidian://open?vault=World_Machine&file=Entities%2FGeopolitics%2FBelt%20and%20Road%20Initiative.md,World_Machine,,Geopolitics,,"[""bri"",""china"",""infrastructure"",""emerging-markets"",""debt"",""soft-power""]",,World_Machine,Entity;GeopoliticalEvent
world:geopoliticalevent:iran,2026-06-01,Iran,,country,2026-05-11,Entities,,Iran,Iran,geopoliticalevent,obsidian://open?vault=World_Machine&file=Entities%2FGeopolitics%2FIran.md,Entities/Geopolitics/Iran.md,,Entities,C:\Users\CaveUser\Documents\Obsidian Vault\World_Machine\Entities\Geopolitics\Iran.md,World_Machine,Entities,C:\Users\CaveUser\Documents\Obsidian Vault\World_Machine\Entities\Geopolitics\Iran.md,Entities/Geopolitics/Iran.md,obsidian://open?vault=World_Machine&file=Entities%2FGeopolitics%2FIran.md,World_Machine,,Geopolitics,,"[""country"",""iran"",""middle-east"",""energy"",""sanctions"",""regional-power""]",,World_Machine,Entity;GeopoliticalEvent
world:geopoliticalevent:jcpoa,2026-06-01,JCPOA,,treaty,2026-05-11,Entities,,JCPOA,JCPOA,geopoliticalevent,obsidian://open?vault=World_Machine&file=Entities%2FGeopolitics%2FJCPOA.md,Entities/Geopolitics/JCPOA.md,,Entities,C:\Users\CaveUser\Documents\Obsidian Vault\World_Machine\Entities\Geopolitics\JCPOA.md,World_Machine,Entities,C:\Users\CaveUser\Documents\Obsidian Vault\World_Machine\Entities\Geopolitics\JCPOA.md,Entities/Geopolitics/JCPOA.md,obsidian://open?vault=World_Machine&file=Entities%2FGeopolitics%2FJCPOA.md,World_Machine,,Geopolitics,,"[""iran"",""nuclear"",""sanctions"",""diplomacy"",""multilateral-agreement""]",,World_Machine,Entity;GeopoliticalEvent
world:geopoliticalevent:strait-of-hormuz,2026-06-01,Strait of Hormuz,,chokepoint,2026-05-11,Entities,,Strait of Hormuz,Strait of Hormuz,geopoliticalevent,obsidian://open?vault=World_Machine&file=Entities%2FGeopolitics%2FStrait%20of%20Hormuz.md,Entities/Geopolitics/Strait of Hormuz.md,,Entities,C:\Users\CaveUser\Documents\Obsidian Vault\World_Machine\Entities\Geopolitics\Strait of Hormuz.md,World_Machine,Entities,C:\Users\CaveUser\Documents\Obsidian Vault\World_Machine\Entities\Geopolitics\Strait of Hormuz.md,Entities/Geopolitics/Strait of Hormuz.md,obsidian://open?vault=World_Machine&file=Entities%2FGeopolitics%2FStrait%20of%20Hormuz.md,World_Machine,,Geopolitics,,"[""chokepoint"",""energy"",""oil"",""middle-east"",""shipping"",""maritime-security""]",,World_Machine,Entity;GeopoliticalEvent
