id:ID,asOfDate,canonicalName,dataType,date,datePulled,domain,label,lastUpdated,name,nodeType,obsidianUrl,relativePath,signalStatus,source,sourceFolder,sourcePath,sourceVault,source_folder,source_path,source_rel_path,source_url,source_vault,status,subdomain,summary,tags,vault,:LABEL
world:evidenceartifact:2026-05-14-eod-vault-state-report,2026-06-01,2026-05-14 - EOD Vault State Report,report,2026-05-14,,Reports,2026-05-14 - EOD Vault State Report,,2026-05-14 - EOD Vault State Report,evidenceartifact,obsidian://open?vault=World_Machine&file=Reports%2FEOD%2F2026-05-14%20-%20EOD%20Vault%20State%20Report.md,Reports/EOD/2026-05-14 - EOD Vault State Report.md,alert,,Reports,C:\Users\CaveUser\Documents\Obsidian Vault\World_Machine\Reports\EOD\2026-05-14 - EOD Vault State Report.md,World_Machine,Reports,C:\Users\CaveUser\Documents\Obsidian Vault\World_Machine\Reports\EOD\2026-05-14 - EOD Vault State Report.md,Reports/EOD/2026-05-14 - EOD Vault State Report.md,obsidian://open?vault=World_Machine&file=Reports%2FEOD%2F2026-05-14%20-%20EOD%20Vault%20State%20Report.md,World_Machine,active,EOD,,"[""report"",""eod"",""vault-state"",""macro"",""strategy"",""detective-brief""]",World_Machine,EvidenceArtifact
world:evidenceartifact:2026-05-15-daily-monitoring-snapshot,2026-06-01,Daily Monitoring Snapshot - 2026-05-15,monitoring_snapshot,,2026-05-15,Reports,Daily Monitoring Snapshot - 2026-05-15,,Daily Monitoring Snapshot - 2026-05-15,evidenceartifact,obsidian://open?vault=World_Machine&file=Reports%2FDaily%2FMonitoring%2F2026-05-15%20Daily%20Monitoring%20Snapshot.md,Reports/Daily/Monitoring/2026-05-15 Daily Monitoring Snapshot.md,,World Machine Review Flow,Reports,C:\Users\CaveUser\Documents\Obsidian Vault\World_Machine\Reports\Daily\Monitoring\2026-05-15 Daily Monitoring Snapshot.md,World_Machine,Reports,C:\Users\CaveUser\Documents\Obsidian Vault\World_Machine\Reports\Daily\Monitoring\2026-05-15 Daily Monitoring Snapshot.md,Reports/Daily/Monitoring/2026-05-15 Daily Monitoring Snapshot.md,obsidian://open?vault=World_Machine&file=Reports%2FDaily%2FMonitoring%2F2026-05-15%20Daily%20Monitoring%20Snapshot.md,World_Machine,,Daily,,"[""world-machine-review"",""monitoring_snapshot"",""daily""]",World_Machine,EvidenceArtifact
world:evidenceartifact:2026-05-15-end-of-day-briefing,2026-06-01,End Of Day Briefing - 2026-05-15,briefing,,2026-05-15,Reports,End Of Day Briefing - 2026-05-15,,End Of Day Briefing - 2026-05-15,evidenceartifact,obsidian://open?vault=World_Machine&file=Reports%2FEOD%2FBriefings%2F2026-05-15%20End%20Of%20Day%20Briefing.md,Reports/EOD/Briefings/2026-05-15 End Of Day Briefing.md,,World Machine Review Flow,Reports,C:\Users\CaveUser\Documents\Obsidian Vault\World_Machine\Reports\EOD\Briefings\2026-05-15 End Of Day Briefing.md,World_Machine,Reports,C:\Users\CaveUser\Documents\Obsidian Vault\World_Machine\Reports\EOD\Briefings\2026-05-15 End Of Day Briefing.md,Reports/EOD/Briefings/2026-05-15 End Of Day Briefing.md,obsidian://open?vault=World_Machine&file=Reports%2FEOD%2FBriefings%2F2026-05-15%20End%20Of%20Day%20Briefing.md,World_Machine,,EOD,,"[""world-machine-review"",""briefing"",""endofday""]",World_Machine,EvidenceArtifact
world:evidenceartifact:2026-05-15-end-of-day-monitoring-snapshot,2026-06-01,End Of Day Monitoring Snapshot - 2026-05-15,monitoring_snapshot,,2026-05-15,Reports,End Of Day Monitoring Snapshot - 2026-05-15,,End Of Day Monitoring Snapshot - 2026-05-15,evidenceartifact,obsidian://open?vault=World_Machine&file=Reports%2FEOD%2FMonitoring%2F2026-05-15%20End%20Of%20Day%20Monitoring%20Snapshot.md,Reports/EOD/Monitoring/2026-05-15 End Of Day Monitoring Snapshot.md,,World Machine Review Flow,Reports,C:\Users\CaveUser\Documents\Obsidian Vault\World_Machine\Reports\EOD\Monitoring\2026-05-15 End Of Day Monitoring Snapshot.md,World_Machine,Reports,C:\Users\CaveUser\Documents\Obsidian Vault\World_Machine\Reports\EOD\Monitoring\2026-05-15 End Of Day Monitoring Snapshot.md,Reports/EOD/Monitoring/2026-05-15 End Of Day Monitoring Snapshot.md,obsidian://open?vault=World_Machine&file=Reports%2FEOD%2FMonitoring%2F2026-05-15%20End%20Of%20Day%20Monitoring%20Snapshot.md,World_Machine,,EOD,,"[""world-machine-review"",""monitoring_snapshot"",""endofday""]",World_Machine,EvidenceArtifact
world:evidenceartifact:2026-05-15-eod-digest,2026-06-01,2026-05-15_EOD_Digest,eod_digest,2026-05-15,,Reports,2026-05-15_EOD_Digest,,2026-05-15_EOD_Digest,evidenceartifact,obsidian://open?vault=World_Machine&file=Reports%2FEOD%2FBriefings%2F2026-05-15_EOD_Digest.md,Reports/EOD/Briefings/2026-05-15_EOD_Digest.md,,,Reports,C:\Users\CaveUser\Documents\Obsidian Vault\World_Machine\Reports\EOD\Briefings\2026-05-15_EOD_Digest.md,World_Machine,Reports,C:\Users\CaveUser\Documents\Obsidian Vault\World_Machine\Reports\EOD\Briefings\2026-05-15_EOD_Digest.md,Reports/EOD/Briefings/2026-05-15_EOD_Digest.md,obsidian://open?vault=World_Machine&file=Reports%2FEOD%2FBriefings%2F2026-05-15_EOD_Digest.md,World_Machine,,EOD,,[],World_Machine,EvidenceArtifact
world:evidenceartifact:2026-05-15-midday-monitoring-snapshot,2026-06-01,Midday Monitoring Snapshot - 2026-05-15,monitoring_snapshot,,2026-05-15,Reports,Midday Monitoring Snapshot - 2026-05-15,,Midday Monitoring Snapshot - 2026-05-15,evidenceartifact,obsidian://open?vault=World_Machine&file=Reports%2FMidday%2FMonitoring%2F2026-05-15%20Midday%20Monitoring%20Snapshot.md,Reports/Midday/Monitoring/2026-05-15 Midday Monitoring Snapshot.md,,World Machine Review Flow,Reports,C:\Users\CaveUser\Documents\Obsidian Vault\World_Machine\Reports\Midday\Monitoring\2026-05-15 Midday Monitoring Snapshot.md,World_Machine,Reports,C:\Users\CaveUser\Documents\Obsidian Vault\World_Machine\Reports\Midday\Monitoring\2026-05-15 Midday Monitoring Snapshot.md,Reports/Midday/Monitoring/2026-05-15 Midday Monitoring Snapshot.md,obsidian://open?vault=World_Machine&file=Reports%2FMidday%2FMonitoring%2F2026-05-15%20Midday%20Monitoring%20Snapshot.md,World_Machine,,Midday,,"[""world-machine-review"",""monitoring_snapshot"",""midday""]",World_Machine,EvidenceArtifact
world:evidenceartifact:2026-05-15-preclose-monitoring-snapshot,2026-06-01,Preclose Monitoring Snapshot - 2026-05-15,monitoring_snapshot,,2026-05-15,Reports,Preclose Monitoring Snapshot - 2026-05-15,,Preclose Monitoring Snapshot - 2026-05-15,evidenceartifact,obsidian://open?vault=World_Machine&file=Reports%2FPreclose%2FMonitoring%2F2026-05-15%20Preclose%20Monitoring%20Snapshot.md,Reports/Preclose/Monitoring/2026-05-15 Preclose Monitoring Snapshot.md,,World Machine Review Flow,Reports,C:\Users\CaveUser\Documents\Obsidian Vault\World_Machine\Reports\Preclose\Monitoring\2026-05-15 Preclose Monitoring Snapshot.md,World_Machine,Reports,C:\Users\CaveUser\Documents\Obsidian Vault\World_Machine\Reports\Preclose\Monitoring\2026-05-15 Preclose Monitoring Snapshot.md,Reports/Preclose/Monitoring/2026-05-15 Preclose Monitoring Snapshot.md,obsidian://open?vault=World_Machine&file=Reports%2FPreclose%2FMonitoring%2F2026-05-15%20Preclose%20Monitoring%20Snapshot.md,World_Machine,,Preclose,,"[""world-machine-review"",""monitoring_snapshot"",""preclose""]",World_Machine,EvidenceArtifact
world:evidenceartifact:2026-05-15-premarket-monitoring-snapshot,2026-06-01,Premarket Monitoring Snapshot - 2026-05-15,monitoring_snapshot,,2026-05-15,Reports,Premarket Monitoring Snapshot - 2026-05-15,,Premarket Monitoring Snapshot - 2026-05-15,evidenceartifact,obsidian://open?vault=World_Machine&file=Reports%2FPremarket%2FMonitoring%2F2026-05-15%20Premarket%20Monitoring%20Snapshot.md,Reports/Premarket/Monitoring/2026-05-15 Premarket Monitoring Snapshot.md,,World Machine Review Flow,Reports,C:\Users\CaveUser\Documents\Obsidian Vault\World_Machine\Reports\Premarket\Monitoring\2026-05-15 Premarket Monitoring Snapshot.md,World_Machine,Reports,C:\Users\CaveUser\Documents\Obsidian Vault\World_Machine\Reports\Premarket\Monitoring\2026-05-15 Premarket Monitoring Snapshot.md,Reports/Premarket/Monitoring/2026-05-15 Premarket Monitoring Snapshot.md,obsidian://open?vault=World_Machine&file=Reports%2FPremarket%2FMonitoring%2F2026-05-15%20Premarket%20Monitoring%20Snapshot.md,World_Machine,,Premarket,,"[""world-machine-review"",""monitoring_snapshot"",""premarket""]",World_Machine,EvidenceArtifact
world:evidenceartifact:2026-05-16-18-50,2026-06-01,2026-05-16_18-50,run_summary,2026-05-16,,Reports,2026-05-16_18-50,,2026-05-16_18-50,evidenceartifact,obsidian://open?vault=World_Machine&file=Reports%2FSystem%2Frun_summaries%2F2026-05-16_18-50.md,Reports/System/run_summaries/2026-05-16_18-50.md,,,Reports,C:\Users\CaveUser\Documents\Obsidian Vault\World_Machine\Reports\System\run_summaries\2026-05-16_18-50.md,World_Machine,Reports,C:\Users\CaveUser\Documents\Obsidian Vault\World_Machine\Reports\System\run_summaries\2026-05-16_18-50.md,Reports/System/run_summaries/2026-05-16_18-50.md,obsidian://open?vault=World_Machine&file=Reports%2FSystem%2Frun_summaries%2F2026-05-16_18-50.md,World_Machine,,System,,[],World_Machine,EvidenceArtifact
world:evidenceartifact:2026-05-16-daily-monitoring-snapshot,2026-06-01,Daily Monitoring Snapshot - 2026-05-16,monitoring_snapshot,,2026-05-16,Reports,Daily Monitoring Snapshot - 2026-05-16,,Daily Monitoring Snapshot - 2026-05-16,evidenceartifact,obsidian://open?vault=World_Machine&file=Reports%2FDaily%2FMonitoring%2F2026-05-16%20Daily%20Monitoring%20Snapshot.md,Reports/Daily/Monitoring/2026-05-16 Daily Monitoring Snapshot.md,,World Machine Review Flow,Reports,C:\Users\CaveUser\Documents\Obsidian Vault\World_Machine\Reports\Daily\Monitoring\2026-05-16 Daily Monitoring Snapshot.md,World_Machine,Reports,C:\Users\CaveUser\Documents\Obsidian Vault\World_Machine\Reports\Daily\Monitoring\2026-05-16 Daily Monitoring Snapshot.md,Reports/Daily/Monitoring/2026-05-16 Daily Monitoring Snapshot.md,obsidian://open?vault=World_Machine&file=Reports%2FDaily%2FMonitoring%2F2026-05-16%20Daily%20Monitoring%20Snapshot.md,World_Machine,,Daily,,"[""world-machine-review"",""monitoring_snapshot"",""daily""]",World_Machine,EvidenceArtifact
world:evidenceartifact:2026-05-16-eod-digest,2026-06-01,2026-05-16_EOD_Digest,eod_digest,2026-05-16,,Reports,2026-05-16_EOD_Digest,,2026-05-16_EOD_Digest,evidenceartifact,obsidian://open?vault=World_Machine&file=Reports%2FEOD%2FBriefings%2F2026-05-16_EOD_Digest.md,Reports/EOD/Briefings/2026-05-16_EOD_Digest.md,,,Reports,C:\Users\CaveUser\Documents\Obsidian Vault\World_Machine\Reports\EOD\Briefings\2026-05-16_EOD_Digest.md,World_Machine,Reports,C:\Users\CaveUser\Documents\Obsidian Vault\World_Machine\Reports\EOD\Briefings\2026-05-16_EOD_Digest.md,Reports/EOD/Briefings/2026-05-16_EOD_Digest.md,obsidian://open?vault=World_Machine&file=Reports%2FEOD%2FBriefings%2F2026-05-16_EOD_Digest.md,World_Machine,,EOD,,[],World_Machine,EvidenceArtifact
world:evidenceartifact:2026-05-18-09-45,2026-06-01,2026-05-18_09-45,run_summary,2026-05-18,,Reports,2026-05-18_09-45,,2026-05-18_09-45,evidenceartifact,obsidian://open?vault=World_Machine&file=Reports%2FSystem%2Frun_summaries%2F2026-05-18_09-45.md,Reports/System/run_summaries/2026-05-18_09-45.md,,,Reports,C:\Users\CaveUser\Documents\Obsidian Vault\World_Machine\Reports\System\run_summaries\2026-05-18_09-45.md,World_Machine,Reports,C:\Users\CaveUser\Documents\Obsidian Vault\World_Machine\Reports\System\run_summaries\2026-05-18_09-45.md,Reports/System/run_summaries/2026-05-18_09-45.md,obsidian://open?vault=World_Machine&file=Reports%2FSystem%2Frun_summaries%2F2026-05-18_09-45.md,World_Machine,,System,,[],World_Machine,EvidenceArtifact
world:evidenceartifact:2026-05-18-12-30,2026-06-01,2026-05-18_12-30,run_summary,2026-05-18,,Reports,2026-05-18_12-30,,2026-05-18_12-30,evidenceartifact,obsidian://open?vault=World_Machine&file=Reports%2FSystem%2Frun_summaries%2F2026-05-18_12-30.md,Reports/System/run_summaries/2026-05-18_12-30.md,,,Reports,C:\Users\CaveUser\Documents\Obsidian Vault\World_Machine\Reports\System\run_summaries\2026-05-18_12-30.md,World_Machine,Reports,C:\Users\CaveUser\Documents\Obsidian Vault\World_Machine\Reports\System\run_summaries\2026-05-18_12-30.md,Reports/System/run_summaries/2026-05-18_12-30.md,obsidian://open?vault=World_Machine&file=Reports%2FSystem%2Frun_summaries%2F2026-05-18_12-30.md,World_Machine,,System,,[],World_Machine,EvidenceArtifact
world:evidenceartifact:2026-05-18-midday-monitoring-snapshot,2026-06-01,Midday Monitoring Snapshot - 2026-05-18,monitoring_snapshot,,2026-05-18,Reports,Midday Monitoring Snapshot - 2026-05-18,,Midday Monitoring Snapshot - 2026-05-18,evidenceartifact,obsidian://open?vault=World_Machine&file=Reports%2FMidday%2FMonitoring%2F2026-05-18%20Midday%20Monitoring%20Snapshot.md,Reports/Midday/Monitoring/2026-05-18 Midday Monitoring Snapshot.md,,World Machine Review Flow,Reports,C:\Users\CaveUser\Documents\Obsidian Vault\World_Machine\Reports\Midday\Monitoring\2026-05-18 Midday Monitoring Snapshot.md,World_Machine,Reports,C:\Users\CaveUser\Documents\Obsidian Vault\World_Machine\Reports\Midday\Monitoring\2026-05-18 Midday Monitoring Snapshot.md,Reports/Midday/Monitoring/2026-05-18 Midday Monitoring Snapshot.md,obsidian://open?vault=World_Machine&file=Reports%2FMidday%2FMonitoring%2F2026-05-18%20Midday%20Monitoring%20Snapshot.md,World_Machine,,Midday,,"[""world-machine-review"",""monitoring_snapshot"",""midday""]",World_Machine,EvidenceArtifact
world:evidenceartifact:2026-05-19-09-57,2026-06-01,2026-05-19_09-57,run_summary,2026-05-19,,Reports,2026-05-19_09-57,,2026-05-19_09-57,evidenceartifact,obsidian://open?vault=World_Machine&file=Reports%2FSystem%2Frun_summaries%2F2026-05-19_09-57.md,Reports/System/run_summaries/2026-05-19_09-57.md,,,Reports,C:\Users\CaveUser\Documents\Obsidian Vault\World_Machine\Reports\System\run_summaries\2026-05-19_09-57.md,World_Machine,Reports,C:\Users\CaveUser\Documents\Obsidian Vault\World_Machine\Reports\System\run_summaries\2026-05-19_09-57.md,Reports/System/run_summaries/2026-05-19_09-57.md,obsidian://open?vault=World_Machine&file=Reports%2FSystem%2Frun_summaries%2F2026-05-19_09-57.md,World_Machine,,System,,[],World_Machine,EvidenceArtifact
world:evidenceartifact:2026-05-19-12-30,2026-06-01,2026-05-19_12-30,run_summary,2026-05-19,,Reports,2026-05-19_12-30,,2026-05-19_12-30,evidenceartifact,obsidian://open?vault=World_Machine&file=Reports%2FSystem%2Frun_summaries%2F2026-05-19_12-30.md,Reports/System/run_summaries/2026-05-19_12-30.md,,,Reports,C:\Users\CaveUser\Documents\Obsidian Vault\World_Machine\Reports\System\run_summaries\2026-05-19_12-30.md,World_Machine,Reports,C:\Users\CaveUser\Documents\Obsidian Vault\World_Machine\Reports\System\run_summaries\2026-05-19_12-30.md,Reports/System/run_summaries/2026-05-19_12-30.md,obsidian://open?vault=World_Machine&file=Reports%2FSystem%2Frun_summaries%2F2026-05-19_12-30.md,World_Machine,,System,,[],World_Machine,EvidenceArtifact
world:evidenceartifact:2026-05-19-midday-monitoring-snapshot,2026-06-01,Midday Monitoring Snapshot - 2026-05-19,monitoring_snapshot,,2026-05-19,Reports,Midday Monitoring Snapshot - 2026-05-19,,Midday Monitoring Snapshot - 2026-05-19,evidenceartifact,obsidian://open?vault=World_Machine&file=Reports%2FMidday%2FMonitoring%2F2026-05-19%20Midday%20Monitoring%20Snapshot.md,Reports/Midday/Monitoring/2026-05-19 Midday Monitoring Snapshot.md,,World Machine Review Flow,Reports,C:\Users\CaveUser\Documents\Obsidian Vault\World_Machine\Reports\Midday\Monitoring\2026-05-19 Midday Monitoring Snapshot.md,World_Machine,Reports,C:\Users\CaveUser\Documents\Obsidian Vault\World_Machine\Reports\Midday\Monitoring\2026-05-19 Midday Monitoring Snapshot.md,Reports/Midday/Monitoring/2026-05-19 Midday Monitoring Snapshot.md,obsidian://open?vault=World_Machine&file=Reports%2FMidday%2FMonitoring%2F2026-05-19%20Midday%20Monitoring%20Snapshot.md,World_Machine,,Midday,,"[""world-machine-review"",""monitoring_snapshot"",""midday""]",World_Machine,EvidenceArtifact
world:evidenceartifact:2026-05-20-09-45,2026-06-01,2026-05-20_09-45,run_summary,2026-05-20,,Reports,2026-05-20_09-45,,2026-05-20_09-45,evidenceartifact,obsidian://open?vault=World_Machine&file=Reports%2FSystem%2Frun_summaries%2F2026-05-20_09-45.md,Reports/System/run_summaries/2026-05-20_09-45.md,,,Reports,C:\Users\CaveUser\Documents\Obsidian Vault\World_Machine\Reports\System\run_summaries\2026-05-20_09-45.md,World_Machine,Reports,C:\Users\CaveUser\Documents\Obsidian Vault\World_Machine\Reports\System\run_summaries\2026-05-20_09-45.md,Reports/System/run_summaries/2026-05-20_09-45.md,obsidian://open?vault=World_Machine&file=Reports%2FSystem%2Frun_summaries%2F2026-05-20_09-45.md,World_Machine,,System,,[],World_Machine,EvidenceArtifact
world:evidenceartifact:2026-05-20-12-30,2026-06-01,2026-05-20_12-30,run_summary,2026-05-20,,Reports,2026-05-20_12-30,,2026-05-20_12-30,evidenceartifact,obsidian://open?vault=World_Machine&file=Reports%2FSystem%2Frun_summaries%2F2026-05-20_12-30.md,Reports/System/run_summaries/2026-05-20_12-30.md,,,Reports,C:\Users\CaveUser\Documents\Obsidian Vault\World_Machine\Reports\System\run_summaries\2026-05-20_12-30.md,World_Machine,Reports,C:\Users\CaveUser\Documents\Obsidian Vault\World_Machine\Reports\System\run_summaries\2026-05-20_12-30.md,Reports/System/run_summaries/2026-05-20_12-30.md,obsidian://open?vault=World_Machine&file=Reports%2FSystem%2Frun_summaries%2F2026-05-20_12-30.md,World_Machine,,System,,[],World_Machine,EvidenceArtifact
world:evidenceartifact:2026-05-20-midday-monitoring-snapshot,2026-06-01,Midday Monitoring Snapshot - 2026-05-20,monitoring_snapshot,,2026-05-20,Reports,Midday Monitoring Snapshot - 2026-05-20,,Midday Monitoring Snapshot - 2026-05-20,evidenceartifact,obsidian://open?vault=World_Machine&file=Reports%2FMidday%2FMonitoring%2F2026-05-20%20Midday%20Monitoring%20Snapshot.md,Reports/Midday/Monitoring/2026-05-20 Midday Monitoring Snapshot.md,,World Machine Review Flow,Reports,C:\Users\CaveUser\Documents\Obsidian Vault\World_Machine\Reports\Midday\Monitoring\2026-05-20 Midday Monitoring Snapshot.md,World_Machine,Reports,C:\Users\CaveUser\Documents\Obsidian Vault\World_Machine\Reports\Midday\Monitoring\2026-05-20 Midday Monitoring Snapshot.md,Reports/Midday/Monitoring/2026-05-20 Midday Monitoring Snapshot.md,obsidian://open?vault=World_Machine&file=Reports%2FMidday%2FMonitoring%2F2026-05-20%20Midday%20Monitoring%20Snapshot.md,World_Machine,,Midday,,"[""world-machine-review"",""monitoring_snapshot"",""midday""]",World_Machine,EvidenceArtifact
world:evidenceartifact:2026-05-21-09-45,2026-06-01,2026-05-21_09-45,run_summary,2026-05-21,,Reports,2026-05-21_09-45,,2026-05-21_09-45,evidenceartifact,obsidian://open?vault=World_Machine&file=Reports%2FSystem%2Frun_summaries%2F2026-05-21_09-45.md,Reports/System/run_summaries/2026-05-21_09-45.md,,,Reports,C:\Users\CaveUser\Documents\Obsidian Vault\World_Machine\Reports\System\run_summaries\2026-05-21_09-45.md,World_Machine,Reports,C:\Users\CaveUser\Documents\Obsidian Vault\World_Machine\Reports\System\run_summaries\2026-05-21_09-45.md,Reports/System/run_summaries/2026-05-21_09-45.md,obsidian://open?vault=World_Machine&file=Reports%2FSystem%2Frun_summaries%2F2026-05-21_09-45.md,World_Machine,,System,,[],World_Machine,EvidenceArtifact
world:evidenceartifact:2026-05-21-12-30,2026-06-01,2026-05-21_12-30,run_summary,2026-05-21,,Reports,2026-05-21_12-30,,2026-05-21_12-30,evidenceartifact,obsidian://open?vault=World_Machine&file=Reports%2FSystem%2Frun_summaries%2F2026-05-21_12-30.md,Reports/System/run_summaries/2026-05-21_12-30.md,,,Reports,C:\Users\CaveUser\Documents\Obsidian Vault\World_Machine\Reports\System\run_summaries\2026-05-21_12-30.md,World_Machine,Reports,C:\Users\CaveUser\Documents\Obsidian Vault\World_Machine\Reports\System\run_summaries\2026-05-21_12-30.md,Reports/System/run_summaries/2026-05-21_12-30.md,obsidian://open?vault=World_Machine&file=Reports%2FSystem%2Frun_summaries%2F2026-05-21_12-30.md,World_Machine,,System,,[],World_Machine,EvidenceArtifact
world:evidenceartifact:2026-05-21-midday-monitoring-snapshot,2026-06-01,Midday Monitoring Snapshot - 2026-05-21,monitoring_snapshot,,2026-05-21,Reports,Midday Monitoring Snapshot - 2026-05-21,,Midday Monitoring Snapshot - 2026-05-21,evidenceartifact,obsidian://open?vault=World_Machine&file=Reports%2FMidday%2FMonitoring%2F2026-05-21%20Midday%20Monitoring%20Snapshot.md,Reports/Midday/Monitoring/2026-05-21 Midday Monitoring Snapshot.md,,World Machine Review Flow,Reports,C:\Users\CaveUser\Documents\Obsidian Vault\World_Machine\Reports\Midday\Monitoring\2026-05-21 Midday Monitoring Snapshot.md,World_Machine,Reports,C:\Users\CaveUser\Documents\Obsidian Vault\World_Machine\Reports\Midday\Monitoring\2026-05-21 Midday Monitoring Snapshot.md,Reports/Midday/Monitoring/2026-05-21 Midday Monitoring Snapshot.md,obsidian://open?vault=World_Machine&file=Reports%2FMidday%2FMonitoring%2F2026-05-21%20Midday%20Monitoring%20Snapshot.md,World_Machine,,Midday,,"[""world-machine-review"",""monitoring_snapshot"",""midday""]",World_Machine,EvidenceArtifact
world:evidenceartifact:2026-05-22-09-45,2026-06-01,2026-05-22_09-45,run_summary,2026-05-22,,Reports,2026-05-22_09-45,,2026-05-22_09-45,evidenceartifact,obsidian://open?vault=World_Machine&file=Reports%2FSystem%2Frun_summaries%2F2026-05-22_09-45.md,Reports/System/run_summaries/2026-05-22_09-45.md,,,Reports,C:\Users\CaveUser\Documents\Obsidian Vault\World_Machine\Reports\System\run_summaries\2026-05-22_09-45.md,World_Machine,Reports,C:\Users\CaveUser\Documents\Obsidian Vault\World_Machine\Reports\System\run_summaries\2026-05-22_09-45.md,Reports/System/run_summaries/2026-05-22_09-45.md,obsidian://open?vault=World_Machine&file=Reports%2FSystem%2Frun_summaries%2F2026-05-22_09-45.md,World_Machine,,System,,[],World_Machine,EvidenceArtifact
world:evidenceartifact:2026-05-22-12-30,2026-06-01,2026-05-22_12-30,run_summary,2026-05-22,,Reports,2026-05-22_12-30,,2026-05-22_12-30,evidenceartifact,obsidian://open?vault=World_Machine&file=Reports%2FSystem%2Frun_summaries%2F2026-05-22_12-30.md,Reports/System/run_summaries/2026-05-22_12-30.md,,,Reports,C:\Users\CaveUser\Documents\Obsidian Vault\World_Machine\Reports\System\run_summaries\2026-05-22_12-30.md,World_Machine,Reports,C:\Users\CaveUser\Documents\Obsidian Vault\World_Machine\Reports\System\run_summaries\2026-05-22_12-30.md,Reports/System/run_summaries/2026-05-22_12-30.md,obsidian://open?vault=World_Machine&file=Reports%2FSystem%2Frun_summaries%2F2026-05-22_12-30.md,World_Machine,,System,,[],World_Machine,EvidenceArtifact
world:evidenceartifact:2026-05-22-midday-monitoring-snapshot,2026-06-01,Midday Monitoring Snapshot - 2026-05-22,monitoring_snapshot,,2026-05-22,Reports,Midday Monitoring Snapshot - 2026-05-22,,Midday Monitoring Snapshot - 2026-05-22,evidenceartifact,obsidian://open?vault=World_Machine&file=Reports%2FMidday%2FMonitoring%2F2026-05-22%20Midday%20Monitoring%20Snapshot.md,Reports/Midday/Monitoring/2026-05-22 Midday Monitoring Snapshot.md,,World Machine Review Flow,Reports,C:\Users\CaveUser\Documents\Obsidian Vault\World_Machine\Reports\Midday\Monitoring\2026-05-22 Midday Monitoring Snapshot.md,World_Machine,Reports,C:\Users\CaveUser\Documents\Obsidian Vault\World_Machine\Reports\Midday\Monitoring\2026-05-22 Midday Monitoring Snapshot.md,Reports/Midday/Monitoring/2026-05-22 Midday Monitoring Snapshot.md,obsidian://open?vault=World_Machine&file=Reports%2FMidday%2FMonitoring%2F2026-05-22%20Midday%20Monitoring%20Snapshot.md,World_Machine,,Midday,,"[""world-machine-review"",""monitoring_snapshot"",""midday""]",World_Machine,EvidenceArtifact
world:evidenceartifact:2026-05-24-daily-monitoring-snapshot,2026-06-01,Daily Monitoring Snapshot - 2026-05-24,monitoring_snapshot,,2026-05-24,Reports,Daily Monitoring Snapshot - 2026-05-24,,Daily Monitoring Snapshot - 2026-05-24,evidenceartifact,obsidian://open?vault=World_Machine&file=Reports%2FDaily%2FMonitoring%2F2026-05-24%20Daily%20Monitoring%20Snapshot.md,Reports/Daily/Monitoring/2026-05-24 Daily Monitoring Snapshot.md,,World Machine Review Flow,Reports,C:\Users\CaveUser\Documents\Obsidian Vault\World_Machine\Reports\Daily\Monitoring\2026-05-24 Daily Monitoring Snapshot.md,World_Machine,Reports,C:\Users\CaveUser\Documents\Obsidian Vault\World_Machine\Reports\Daily\Monitoring\2026-05-24 Daily Monitoring Snapshot.md,Reports/Daily/Monitoring/2026-05-24 Daily Monitoring Snapshot.md,obsidian://open?vault=World_Machine&file=Reports%2FDaily%2FMonitoring%2F2026-05-24%20Daily%20Monitoring%20Snapshot.md,World_Machine,,Daily,,"[""world-machine-review"",""monitoring_snapshot"",""daily""]",World_Machine,EvidenceArtifact
world:evidenceartifact:2026-05-25-09-45,2026-06-01,2026-05-25_09-45,run_summary,2026-05-25,,Reports,2026-05-25_09-45,,2026-05-25_09-45,evidenceartifact,obsidian://open?vault=World_Machine&file=Reports%2FSystem%2Frun_summaries%2F2026-05-25_09-45.md,Reports/System/run_summaries/2026-05-25_09-45.md,,,Reports,C:\Users\CaveUser\Documents\Obsidian Vault\World_Machine\Reports\System\run_summaries\2026-05-25_09-45.md,World_Machine,Reports,C:\Users\CaveUser\Documents\Obsidian Vault\World_Machine\Reports\System\run_summaries\2026-05-25_09-45.md,Reports/System/run_summaries/2026-05-25_09-45.md,obsidian://open?vault=World_Machine&file=Reports%2FSystem%2Frun_summaries%2F2026-05-25_09-45.md,World_Machine,,System,,[],World_Machine,EvidenceArtifact
world:evidenceartifact:2026-05-25-12-30,2026-06-01,2026-05-25_12-30,run_summary,2026-05-25,,Reports,2026-05-25_12-30,,2026-05-25_12-30,evidenceartifact,obsidian://open?vault=World_Machine&file=Reports%2FSystem%2Frun_summaries%2F2026-05-25_12-30.md,Reports/System/run_summaries/2026-05-25_12-30.md,,,Reports,C:\Users\CaveUser\Documents\Obsidian Vault\World_Machine\Reports\System\run_summaries\2026-05-25_12-30.md,World_Machine,Reports,C:\Users\CaveUser\Documents\Obsidian Vault\World_Machine\Reports\System\run_summaries\2026-05-25_12-30.md,Reports/System/run_summaries/2026-05-25_12-30.md,obsidian://open?vault=World_Machine&file=Reports%2FSystem%2Frun_summaries%2F2026-05-25_12-30.md,World_Machine,,System,,[],World_Machine,EvidenceArtifact
world:evidenceartifact:2026-05-25-daily-briefing,2026-06-01,Daily Briefing - 2026-05-25,briefing,,2026-05-25,Reports,Daily Briefing - 2026-05-25,,Daily Briefing - 2026-05-25,evidenceartifact,obsidian://open?vault=World_Machine&file=Reports%2FDaily%2FBriefings%2F2026-05-25%20Daily%20Briefing.md,Reports/Daily/Briefings/2026-05-25 Daily Briefing.md,,World Machine Review Flow,Reports,C:\Users\CaveUser\Documents\Obsidian Vault\World_Machine\Reports\Daily\Briefings\2026-05-25 Daily Briefing.md,World_Machine,Reports,C:\Users\CaveUser\Documents\Obsidian Vault\World_Machine\Reports\Daily\Briefings\2026-05-25 Daily Briefing.md,Reports/Daily/Briefings/2026-05-25 Daily Briefing.md,obsidian://open?vault=World_Machine&file=Reports%2FDaily%2FBriefings%2F2026-05-25%20Daily%20Briefing.md,World_Machine,,Daily,,"[""world-machine-review"",""briefing"",""daily""]",World_Machine,EvidenceArtifact
world:evidenceartifact:2026-05-25-daily-monitoring-snapshot,2026-06-01,Daily Monitoring Snapshot - 2026-05-25,monitoring_snapshot,,2026-05-25,Reports,Daily Monitoring Snapshot - 2026-05-25,,Daily Monitoring Snapshot - 2026-05-25,evidenceartifact,obsidian://open?vault=World_Machine&file=Reports%2FDaily%2FMonitoring%2F2026-05-25%20Daily%20Monitoring%20Snapshot.md,Reports/Daily/Monitoring/2026-05-25 Daily Monitoring Snapshot.md,,World Machine Review Flow,Reports,C:\Users\CaveUser\Documents\Obsidian Vault\World_Machine\Reports\Daily\Monitoring\2026-05-25 Daily Monitoring Snapshot.md,World_Machine,Reports,C:\Users\CaveUser\Documents\Obsidian Vault\World_Machine\Reports\Daily\Monitoring\2026-05-25 Daily Monitoring Snapshot.md,Reports/Daily/Monitoring/2026-05-25 Daily Monitoring Snapshot.md,obsidian://open?vault=World_Machine&file=Reports%2FDaily%2FMonitoring%2F2026-05-25%20Daily%20Monitoring%20Snapshot.md,World_Machine,,Daily,,"[""world-machine-review"",""monitoring_snapshot"",""daily""]",World_Machine,EvidenceArtifact
world:evidenceartifact:2026-05-25-end-of-day-briefing,2026-06-01,End Of Day Briefing - 2026-05-25,briefing,,2026-05-25,Reports,End Of Day Briefing - 2026-05-25,,End Of Day Briefing - 2026-05-25,evidenceartifact,obsidian://open?vault=World_Machine&file=Reports%2FEOD%2FBriefings%2F2026-05-25%20End%20Of%20Day%20Briefing.md,Reports/EOD/Briefings/2026-05-25 End Of Day Briefing.md,,World Machine Review Flow,Reports,C:\Users\CaveUser\Documents\Obsidian Vault\World_Machine\Reports\EOD\Briefings\2026-05-25 End Of Day Briefing.md,World_Machine,Reports,C:\Users\CaveUser\Documents\Obsidian Vault\World_Machine\Reports\EOD\Briefings\2026-05-25 End Of Day Briefing.md,Reports/EOD/Briefings/2026-05-25 End Of Day Briefing.md,obsidian://open?vault=World_Machine&file=Reports%2FEOD%2FBriefings%2F2026-05-25%20End%20Of%20Day%20Briefing.md,World_Machine,,EOD,,"[""world-machine-review"",""briefing"",""endofday""]",World_Machine,EvidenceArtifact
world:evidenceartifact:2026-05-25-end-of-day-monitoring-snapshot,2026-06-01,End Of Day Monitoring Snapshot - 2026-05-25,monitoring_snapshot,,2026-05-25,Reports,End Of Day Monitoring Snapshot - 2026-05-25,,End Of Day Monitoring Snapshot - 2026-05-25,evidenceartifact,obsidian://open?vault=World_Machine&file=Reports%2FEOD%2FMonitoring%2F2026-05-25%20End%20Of%20Day%20Monitoring%20Snapshot.md,Reports/EOD/Monitoring/2026-05-25 End Of Day Monitoring Snapshot.md,,World Machine Review Flow,Reports,C:\Users\CaveUser\Documents\Obsidian Vault\World_Machine\Reports\EOD\Monitoring\2026-05-25 End Of Day Monitoring Snapshot.md,World_Machine,Reports,C:\Users\CaveUser\Documents\Obsidian Vault\World_Machine\Reports\EOD\Monitoring\2026-05-25 End Of Day Monitoring Snapshot.md,Reports/EOD/Monitoring/2026-05-25 End Of Day Monitoring Snapshot.md,obsidian://open?vault=World_Machine&file=Reports%2FEOD%2FMonitoring%2F2026-05-25%20End%20Of%20Day%20Monitoring%20Snapshot.md,World_Machine,,EOD,,"[""world-machine-review"",""monitoring_snapshot"",""endofday""]",World_Machine,EvidenceArtifact
world:evidenceartifact:2026-05-25-midday-monitoring-snapshot,2026-06-01,Midday Monitoring Snapshot - 2026-05-25,monitoring_snapshot,,2026-05-25,Reports,Midday Monitoring Snapshot - 2026-05-25,,Midday Monitoring Snapshot - 2026-05-25,evidenceartifact,obsidian://open?vault=World_Machine&file=Reports%2FMidday%2FMonitoring%2F2026-05-25%20Midday%20Monitoring%20Snapshot.md,Reports/Midday/Monitoring/2026-05-25 Midday Monitoring Snapshot.md,,World Machine Review Flow,Reports,C:\Users\CaveUser\Documents\Obsidian Vault\World_Machine\Reports\Midday\Monitoring\2026-05-25 Midday Monitoring Snapshot.md,World_Machine,Reports,C:\Users\CaveUser\Documents\Obsidian Vault\World_Machine\Reports\Midday\Monitoring\2026-05-25 Midday Monitoring Snapshot.md,Reports/Midday/Monitoring/2026-05-25 Midday Monitoring Snapshot.md,obsidian://open?vault=World_Machine&file=Reports%2FMidday%2FMonitoring%2F2026-05-25%20Midday%20Monitoring%20Snapshot.md,World_Machine,,Midday,,"[""world-machine-review"",""monitoring_snapshot"",""midday""]",World_Machine,EvidenceArtifact
world:evidenceartifact:2026-05-25-preclose-monitoring-snapshot,2026-06-01,Preclose Monitoring Snapshot - 2026-05-25,monitoring_snapshot,,2026-05-25,Reports,Preclose Monitoring Snapshot - 2026-05-25,,Preclose Monitoring Snapshot - 2026-05-25,evidenceartifact,obsidian://open?vault=World_Machine&file=Reports%2FPreclose%2FMonitoring%2F2026-05-25%20Preclose%20Monitoring%20Snapshot.md,Reports/Preclose/Monitoring/2026-05-25 Preclose Monitoring Snapshot.md,,World Machine Review Flow,Reports,C:\Users\CaveUser\Documents\Obsidian Vault\World_Machine\Reports\Preclose\Monitoring\2026-05-25 Preclose Monitoring Snapshot.md,World_Machine,Reports,C:\Users\CaveUser\Documents\Obsidian Vault\World_Machine\Reports\Preclose\Monitoring\2026-05-25 Preclose Monitoring Snapshot.md,Reports/Preclose/Monitoring/2026-05-25 Preclose Monitoring Snapshot.md,obsidian://open?vault=World_Machine&file=Reports%2FPreclose%2FMonitoring%2F2026-05-25%20Preclose%20Monitoring%20Snapshot.md,World_Machine,,Preclose,,"[""world-machine-review"",""monitoring_snapshot"",""preclose""]",World_Machine,EvidenceArtifact
world:evidenceartifact:2026-05-25-premarket-monitoring-snapshot,2026-06-01,Premarket Monitoring Snapshot - 2026-05-25,monitoring_snapshot,,2026-05-25,Reports,Premarket Monitoring Snapshot - 2026-05-25,,Premarket Monitoring Snapshot - 2026-05-25,evidenceartifact,obsidian://open?vault=World_Machine&file=Reports%2FPremarket%2FMonitoring%2F2026-05-25%20Premarket%20Monitoring%20Snapshot.md,Reports/Premarket/Monitoring/2026-05-25 Premarket Monitoring Snapshot.md,,World Machine Review Flow,Reports,C:\Users\CaveUser\Documents\Obsidian Vault\World_Machine\Reports\Premarket\Monitoring\2026-05-25 Premarket Monitoring Snapshot.md,World_Machine,Reports,C:\Users\CaveUser\Documents\Obsidian Vault\World_Machine\Reports\Premarket\Monitoring\2026-05-25 Premarket Monitoring Snapshot.md,Reports/Premarket/Monitoring/2026-05-25 Premarket Monitoring Snapshot.md,obsidian://open?vault=World_Machine&file=Reports%2FPremarket%2FMonitoring%2F2026-05-25%20Premarket%20Monitoring%20Snapshot.md,World_Machine,,Premarket,,"[""world-machine-review"",""monitoring_snapshot"",""premarket""]",World_Machine,EvidenceArtifact
world:evidenceartifact:2026-05-25-world-machine-event-connections,2026-06-01,2026-05-25 World Machine Event Connections,,,,Reports,2026-05-25 World Machine Event Connections,,2026-05-25 World Machine Event Connections,evidenceartifact,obsidian://open?vault=World_Machine&file=Reports%2FSystem%2F2026-05-25%20World%20Machine%20Event%20Connections.md,Reports/System/2026-05-25 World Machine Event Connections.md,,,Reports,C:\Users\CaveUser\Documents\Obsidian Vault\World_Machine\Reports\System\2026-05-25 World Machine Event Connections.md,World_Machine,Reports,C:\Users\CaveUser\Documents\Obsidian Vault\World_Machine\Reports\System\2026-05-25 World Machine Event Connections.md,Reports/System/2026-05-25 World Machine Event Connections.md,obsidian://open?vault=World_Machine&file=Reports%2FSystem%2F2026-05-25%20World%20Machine%20Event%20Connections.md,World_Machine,,System,,[],World_Machine,EvidenceArtifact
world:evidenceartifact:2026-05-26-09-45,2026-06-01,2026-05-26_09-45,run_summary,2026-05-26,,Reports,2026-05-26_09-45,,2026-05-26_09-45,evidenceartifact,obsidian://open?vault=World_Machine&file=Reports%2FSystem%2Frun_summaries%2F2026-05-26_09-45.md,Reports/System/run_summaries/2026-05-26_09-45.md,,,Reports,C:\Users\CaveUser\Documents\Obsidian Vault\World_Machine\Reports\System\run_summaries\2026-05-26_09-45.md,World_Machine,Reports,C:\Users\CaveUser\Documents\Obsidian Vault\World_Machine\Reports\System\run_summaries\2026-05-26_09-45.md,Reports/System/run_summaries/2026-05-26_09-45.md,obsidian://open?vault=World_Machine&file=Reports%2FSystem%2Frun_summaries%2F2026-05-26_09-45.md,World_Machine,,System,,[],World_Machine,EvidenceArtifact
world:evidenceartifact:2026-05-26-12-30,2026-06-01,2026-05-26_12-30,run_summary,2026-05-26,,Reports,2026-05-26_12-30,,2026-05-26_12-30,evidenceartifact,obsidian://open?vault=World_Machine&file=Reports%2FSystem%2Frun_summaries%2F2026-05-26_12-30.md,Reports/System/run_summaries/2026-05-26_12-30.md,,,Reports,C:\Users\CaveUser\Documents\Obsidian Vault\World_Machine\Reports\System\run_summaries\2026-05-26_12-30.md,World_Machine,Reports,C:\Users\CaveUser\Documents\Obsidian Vault\World_Machine\Reports\System\run_summaries\2026-05-26_12-30.md,Reports/System/run_summaries/2026-05-26_12-30.md,obsidian://open?vault=World_Machine&file=Reports%2FSystem%2Frun_summaries%2F2026-05-26_12-30.md,World_Machine,,System,,[],World_Machine,EvidenceArtifact
world:evidenceartifact:2026-05-26-daily-briefing,2026-06-01,Daily Briefing - 2026-05-26,briefing,,2026-05-26,Reports,Daily Briefing - 2026-05-26,,Daily Briefing - 2026-05-26,evidenceartifact,obsidian://open?vault=World_Machine&file=Reports%2FDaily%2FBriefings%2F2026-05-26%20Daily%20Briefing.md,Reports/Daily/Briefings/2026-05-26 Daily Briefing.md,,World Machine Review Flow,Reports,C:\Users\CaveUser\Documents\Obsidian Vault\World_Machine\Reports\Daily\Briefings\2026-05-26 Daily Briefing.md,World_Machine,Reports,C:\Users\CaveUser\Documents\Obsidian Vault\World_Machine\Reports\Daily\Briefings\2026-05-26 Daily Briefing.md,Reports/Daily/Briefings/2026-05-26 Daily Briefing.md,obsidian://open?vault=World_Machine&file=Reports%2FDaily%2FBriefings%2F2026-05-26%20Daily%20Briefing.md,World_Machine,,Daily,,"[""world-machine-review"",""briefing"",""daily""]",World_Machine,EvidenceArtifact
world:evidenceartifact:2026-05-26-daily-monitoring-snapshot,2026-06-01,Daily Monitoring Snapshot - 2026-05-26,monitoring_snapshot,,2026-05-26,Reports,Daily Monitoring Snapshot - 2026-05-26,,Daily Monitoring Snapshot - 2026-05-26,evidenceartifact,obsidian://open?vault=World_Machine&file=Reports%2FDaily%2FMonitoring%2F2026-05-26%20Daily%20Monitoring%20Snapshot.md,Reports/Daily/Monitoring/2026-05-26 Daily Monitoring Snapshot.md,,World Machine Review Flow,Reports,C:\Users\CaveUser\Documents\Obsidian Vault\World_Machine\Reports\Daily\Monitoring\2026-05-26 Daily Monitoring Snapshot.md,World_Machine,Reports,C:\Users\CaveUser\Documents\Obsidian Vault\World_Machine\Reports\Daily\Monitoring\2026-05-26 Daily Monitoring Snapshot.md,Reports/Daily/Monitoring/2026-05-26 Daily Monitoring Snapshot.md,obsidian://open?vault=World_Machine&file=Reports%2FDaily%2FMonitoring%2F2026-05-26%20Daily%20Monitoring%20Snapshot.md,World_Machine,,Daily,,"[""world-machine-review"",""monitoring_snapshot"",""daily""]",World_Machine,EvidenceArtifact
world:evidenceartifact:2026-05-26-end-of-day-briefing,2026-06-01,End Of Day Briefing - 2026-05-26,briefing,,2026-05-26,Reports,End Of Day Briefing - 2026-05-26,,End Of Day Briefing - 2026-05-26,evidenceartifact,obsidian://open?vault=World_Machine&file=Reports%2FEOD%2FBriefings%2F2026-05-26%20End%20Of%20Day%20Briefing.md,Reports/EOD/Briefings/2026-05-26 End Of Day Briefing.md,,World Machine Review Flow,Reports,C:\Users\CaveUser\Documents\Obsidian Vault\World_Machine\Reports\EOD\Briefings\2026-05-26 End Of Day Briefing.md,World_Machine,Reports,C:\Users\CaveUser\Documents\Obsidian Vault\World_Machine\Reports\EOD\Briefings\2026-05-26 End Of Day Briefing.md,Reports/EOD/Briefings/2026-05-26 End Of Day Briefing.md,obsidian://open?vault=World_Machine&file=Reports%2FEOD%2FBriefings%2F2026-05-26%20End%20Of%20Day%20Briefing.md,World_Machine,,EOD,,"[""world-machine-review"",""briefing"",""endofday""]",World_Machine,EvidenceArtifact
world:evidenceartifact:2026-05-26-end-of-day-monitoring-snapshot,2026-06-01,End Of Day Monitoring Snapshot - 2026-05-26,monitoring_snapshot,,2026-05-26,Reports,End Of Day Monitoring Snapshot - 2026-05-26,,End Of Day Monitoring Snapshot - 2026-05-26,evidenceartifact,obsidian://open?vault=World_Machine&file=Reports%2FEOD%2FMonitoring%2F2026-05-26%20End%20Of%20Day%20Monitoring%20Snapshot.md,Reports/EOD/Monitoring/2026-05-26 End Of Day Monitoring Snapshot.md,,World Machine Review Flow,Reports,C:\Users\CaveUser\Documents\Obsidian Vault\World_Machine\Reports\EOD\Monitoring\2026-05-26 End Of Day Monitoring Snapshot.md,World_Machine,Reports,C:\Users\CaveUser\Documents\Obsidian Vault\World_Machine\Reports\EOD\Monitoring\2026-05-26 End Of Day Monitoring Snapshot.md,Reports/EOD/Monitoring/2026-05-26 End Of Day Monitoring Snapshot.md,obsidian://open?vault=World_Machine&file=Reports%2FEOD%2FMonitoring%2F2026-05-26%20End%20Of%20Day%20Monitoring%20Snapshot.md,World_Machine,,EOD,,"[""world-machine-review"",""monitoring_snapshot"",""endofday""]",World_Machine,EvidenceArtifact
world:evidenceartifact:2026-05-26-midday-monitoring-snapshot,2026-06-01,Midday Monitoring Snapshot - 2026-05-26,monitoring_snapshot,,2026-05-26,Reports,Midday Monitoring Snapshot - 2026-05-26,,Midday Monitoring Snapshot - 2026-05-26,evidenceartifact,obsidian://open?vault=World_Machine&file=Reports%2FMidday%2FMonitoring%2F2026-05-26%20Midday%20Monitoring%20Snapshot.md,Reports/Midday/Monitoring/2026-05-26 Midday Monitoring Snapshot.md,,World Machine Review Flow,Reports,C:\Users\CaveUser\Documents\Obsidian Vault\World_Machine\Reports\Midday\Monitoring\2026-05-26 Midday Monitoring Snapshot.md,World_Machine,Reports,C:\Users\CaveUser\Documents\Obsidian Vault\World_Machine\Reports\Midday\Monitoring\2026-05-26 Midday Monitoring Snapshot.md,Reports/Midday/Monitoring/2026-05-26 Midday Monitoring Snapshot.md,obsidian://open?vault=World_Machine&file=Reports%2FMidday%2FMonitoring%2F2026-05-26%20Midday%20Monitoring%20Snapshot.md,World_Machine,,Midday,,"[""world-machine-review"",""monitoring_snapshot"",""midday""]",World_Machine,EvidenceArtifact
world:evidenceartifact:2026-05-26-preclose-monitoring-snapshot,2026-06-01,Preclose Monitoring Snapshot - 2026-05-26,monitoring_snapshot,,2026-05-26,Reports,Preclose Monitoring Snapshot - 2026-05-26,,Preclose Monitoring Snapshot - 2026-05-26,evidenceartifact,obsidian://open?vault=World_Machine&file=Reports%2FPreclose%2FMonitoring%2F2026-05-26%20Preclose%20Monitoring%20Snapshot.md,Reports/Preclose/Monitoring/2026-05-26 Preclose Monitoring Snapshot.md,,World Machine Review Flow,Reports,C:\Users\CaveUser\Documents\Obsidian Vault\World_Machine\Reports\Preclose\Monitoring\2026-05-26 Preclose Monitoring Snapshot.md,World_Machine,Reports,C:\Users\CaveUser\Documents\Obsidian Vault\World_Machine\Reports\Preclose\Monitoring\2026-05-26 Preclose Monitoring Snapshot.md,Reports/Preclose/Monitoring/2026-05-26 Preclose Monitoring Snapshot.md,obsidian://open?vault=World_Machine&file=Reports%2FPreclose%2FMonitoring%2F2026-05-26%20Preclose%20Monitoring%20Snapshot.md,World_Machine,,Preclose,,"[""world-machine-review"",""monitoring_snapshot"",""preclose""]",World_Machine,EvidenceArtifact
world:evidenceartifact:2026-05-26-premarket-monitoring-snapshot,2026-06-01,Premarket Monitoring Snapshot - 2026-05-26,monitoring_snapshot,,2026-05-26,Reports,Premarket Monitoring Snapshot - 2026-05-26,,Premarket Monitoring Snapshot - 2026-05-26,evidenceartifact,obsidian://open?vault=World_Machine&file=Reports%2FPremarket%2FMonitoring%2F2026-05-26%20Premarket%20Monitoring%20Snapshot.md,Reports/Premarket/Monitoring/2026-05-26 Premarket Monitoring Snapshot.md,,World Machine Review Flow,Reports,C:\Users\CaveUser\Documents\Obsidian Vault\World_Machine\Reports\Premarket\Monitoring\2026-05-26 Premarket Monitoring Snapshot.md,World_Machine,Reports,C:\Users\CaveUser\Documents\Obsidian Vault\World_Machine\Reports\Premarket\Monitoring\2026-05-26 Premarket Monitoring Snapshot.md,Reports/Premarket/Monitoring/2026-05-26 Premarket Monitoring Snapshot.md,obsidian://open?vault=World_Machine&file=Reports%2FPremarket%2FMonitoring%2F2026-05-26%20Premarket%20Monitoring%20Snapshot.md,World_Machine,,Premarket,,"[""world-machine-review"",""monitoring_snapshot"",""premarket""]",World_Machine,EvidenceArtifact
world:evidenceartifact:2026-05-27-09-45,2026-06-01,2026-05-27_09-45,run_summary,2026-05-27,,Reports,2026-05-27_09-45,,2026-05-27_09-45,evidenceartifact,obsidian://open?vault=World_Machine&file=Reports%2FSystem%2Frun_summaries%2F2026-05-27_09-45.md,Reports/System/run_summaries/2026-05-27_09-45.md,,,Reports,C:\Users\CaveUser\Documents\Obsidian Vault\World_Machine\Reports\System\run_summaries\2026-05-27_09-45.md,World_Machine,Reports,C:\Users\CaveUser\Documents\Obsidian Vault\World_Machine\Reports\System\run_summaries\2026-05-27_09-45.md,Reports/System/run_summaries/2026-05-27_09-45.md,obsidian://open?vault=World_Machine&file=Reports%2FSystem%2Frun_summaries%2F2026-05-27_09-45.md,World_Machine,,System,,[],World_Machine,EvidenceArtifact
world:evidenceartifact:2026-05-27-12-30,2026-06-01,2026-05-27_12-30,run_summary,2026-05-27,,Reports,2026-05-27_12-30,,2026-05-27_12-30,evidenceartifact,obsidian://open?vault=World_Machine&file=Reports%2FSystem%2Frun_summaries%2F2026-05-27_12-30.md,Reports/System/run_summaries/2026-05-27_12-30.md,,,Reports,C:\Users\CaveUser\Documents\Obsidian Vault\World_Machine\Reports\System\run_summaries\2026-05-27_12-30.md,World_Machine,Reports,C:\Users\CaveUser\Documents\Obsidian Vault\World_Machine\Reports\System\run_summaries\2026-05-27_12-30.md,Reports/System/run_summaries/2026-05-27_12-30.md,obsidian://open?vault=World_Machine&file=Reports%2FSystem%2Frun_summaries%2F2026-05-27_12-30.md,World_Machine,,System,,[],World_Machine,EvidenceArtifact
world:evidenceartifact:2026-05-27-daily-briefing,2026-06-01,Daily Briefing - 2026-05-27,briefing,,2026-05-27,Reports,Daily Briefing - 2026-05-27,,Daily Briefing - 2026-05-27,evidenceartifact,obsidian://open?vault=World_Machine&file=Reports%2FDaily%2FBriefings%2F2026-05-27%20Daily%20Briefing.md,Reports/Daily/Briefings/2026-05-27 Daily Briefing.md,,World Machine Review Flow,Reports,C:\Users\CaveUser\Documents\Obsidian Vault\World_Machine\Reports\Daily\Briefings\2026-05-27 Daily Briefing.md,World_Machine,Reports,C:\Users\CaveUser\Documents\Obsidian Vault\World_Machine\Reports\Daily\Briefings\2026-05-27 Daily Briefing.md,Reports/Daily/Briefings/2026-05-27 Daily Briefing.md,obsidian://open?vault=World_Machine&file=Reports%2FDaily%2FBriefings%2F2026-05-27%20Daily%20Briefing.md,World_Machine,,Daily,,"[""world-machine-review"",""briefing"",""daily""]",World_Machine,EvidenceArtifact
world:evidenceartifact:2026-05-27-daily-monitoring-snapshot,2026-06-01,Daily Monitoring Snapshot - 2026-05-27,monitoring_snapshot,,2026-05-27,Reports,Daily Monitoring Snapshot - 2026-05-27,,Daily Monitoring Snapshot - 2026-05-27,evidenceartifact,obsidian://open?vault=World_Machine&file=Reports%2FDaily%2FMonitoring%2F2026-05-27%20Daily%20Monitoring%20Snapshot.md,Reports/Daily/Monitoring/2026-05-27 Daily Monitoring Snapshot.md,,World Machine Review Flow,Reports,C:\Users\CaveUser\Documents\Obsidian Vault\World_Machine\Reports\Daily\Monitoring\2026-05-27 Daily Monitoring Snapshot.md,World_Machine,Reports,C:\Users\CaveUser\Documents\Obsidian Vault\World_Machine\Reports\Daily\Monitoring\2026-05-27 Daily Monitoring Snapshot.md,Reports/Daily/Monitoring/2026-05-27 Daily Monitoring Snapshot.md,obsidian://open?vault=World_Machine&file=Reports%2FDaily%2FMonitoring%2F2026-05-27%20Daily%20Monitoring%20Snapshot.md,World_Machine,,Daily,,"[""world-machine-review"",""monitoring_snapshot"",""daily""]",World_Machine,EvidenceArtifact
world:evidenceartifact:2026-05-27-midday-monitoring-snapshot,2026-06-01,Midday Monitoring Snapshot - 2026-05-27,monitoring_snapshot,,2026-05-27,Reports,Midday Monitoring Snapshot - 2026-05-27,,Midday Monitoring Snapshot - 2026-05-27,evidenceartifact,obsidian://open?vault=World_Machine&file=Reports%2FMidday%2FMonitoring%2F2026-05-27%20Midday%20Monitoring%20Snapshot.md,Reports/Midday/Monitoring/2026-05-27 Midday Monitoring Snapshot.md,,World Machine Review Flow,Reports,C:\Users\CaveUser\Documents\Obsidian Vault\World_Machine\Reports\Midday\Monitoring\2026-05-27 Midday Monitoring Snapshot.md,World_Machine,Reports,C:\Users\CaveUser\Documents\Obsidian Vault\World_Machine\Reports\Midday\Monitoring\2026-05-27 Midday Monitoring Snapshot.md,Reports/Midday/Monitoring/2026-05-27 Midday Monitoring Snapshot.md,obsidian://open?vault=World_Machine&file=Reports%2FMidday%2FMonitoring%2F2026-05-27%20Midday%20Monitoring%20Snapshot.md,World_Machine,,Midday,,"[""world-machine-review"",""monitoring_snapshot"",""midday""]",World_Machine,EvidenceArtifact
world:evidenceartifact:2026-05-28-09-45,2026-06-01,2026-05-28_09-45,run_summary,2026-05-28,,Reports,2026-05-28_09-45,,2026-05-28_09-45,evidenceartifact,obsidian://open?vault=World_Machine&file=Reports%2FSystem%2Frun_summaries%2F2026-05-28_09-45.md,Reports/System/run_summaries/2026-05-28_09-45.md,,,Reports,C:\Users\CaveUser\Documents\Obsidian Vault\World_Machine\Reports\System\run_summaries\2026-05-28_09-45.md,World_Machine,Reports,C:\Users\CaveUser\Documents\Obsidian Vault\World_Machine\Reports\System\run_summaries\2026-05-28_09-45.md,Reports/System/run_summaries/2026-05-28_09-45.md,obsidian://open?vault=World_Machine&file=Reports%2FSystem%2Frun_summaries%2F2026-05-28_09-45.md,World_Machine,,System,,[],World_Machine,EvidenceArtifact
world:evidenceartifact:2026-05-28-12-30,2026-06-01,2026-05-28_12-30,run_summary,2026-05-28,,Reports,2026-05-28_12-30,,2026-05-28_12-30,evidenceartifact,obsidian://open?vault=World_Machine&file=Reports%2FSystem%2Frun_summaries%2F2026-05-28_12-30.md,Reports/System/run_summaries/2026-05-28_12-30.md,,,Reports,C:\Users\CaveUser\Documents\Obsidian Vault\World_Machine\Reports\System\run_summaries\2026-05-28_12-30.md,World_Machine,Reports,C:\Users\CaveUser\Documents\Obsidian Vault\World_Machine\Reports\System\run_summaries\2026-05-28_12-30.md,Reports/System/run_summaries/2026-05-28_12-30.md,obsidian://open?vault=World_Machine&file=Reports%2FSystem%2Frun_summaries%2F2026-05-28_12-30.md,World_Machine,,System,,[],World_Machine,EvidenceArtifact
world:evidenceartifact:2026-05-28-daily-briefing,2026-06-01,Daily Briefing - 2026-05-28,briefing,,2026-05-28,Reports,Daily Briefing - 2026-05-28,,Daily Briefing - 2026-05-28,evidenceartifact,obsidian://open?vault=World_Machine&file=Reports%2FDaily%2FBriefings%2F2026-05-28%20Daily%20Briefing.md,Reports/Daily/Briefings/2026-05-28 Daily Briefing.md,,World Machine Review Flow,Reports,C:\Users\CaveUser\Documents\Obsidian Vault\World_Machine\Reports\Daily\Briefings\2026-05-28 Daily Briefing.md,World_Machine,Reports,C:\Users\CaveUser\Documents\Obsidian Vault\World_Machine\Reports\Daily\Briefings\2026-05-28 Daily Briefing.md,Reports/Daily/Briefings/2026-05-28 Daily Briefing.md,obsidian://open?vault=World_Machine&file=Reports%2FDaily%2FBriefings%2F2026-05-28%20Daily%20Briefing.md,World_Machine,,Daily,,"[""world-machine-review"",""briefing"",""daily""]",World_Machine,EvidenceArtifact
world:evidenceartifact:2026-05-28-daily-monitoring-snapshot,2026-06-01,Daily Monitoring Snapshot - 2026-05-28,monitoring_snapshot,,2026-05-28,Reports,Daily Monitoring Snapshot - 2026-05-28,,Daily Monitoring Snapshot - 2026-05-28,evidenceartifact,obsidian://open?vault=World_Machine&file=Reports%2FDaily%2FMonitoring%2F2026-05-28%20Daily%20Monitoring%20Snapshot.md,Reports/Daily/Monitoring/2026-05-28 Daily Monitoring Snapshot.md,,World Machine Review Flow,Reports,C:\Users\CaveUser\Documents\Obsidian Vault\World_Machine\Reports\Daily\Monitoring\2026-05-28 Daily Monitoring Snapshot.md,World_Machine,Reports,C:\Users\CaveUser\Documents\Obsidian Vault\World_Machine\Reports\Daily\Monitoring\2026-05-28 Daily Monitoring Snapshot.md,Reports/Daily/Monitoring/2026-05-28 Daily Monitoring Snapshot.md,obsidian://open?vault=World_Machine&file=Reports%2FDaily%2FMonitoring%2F2026-05-28%20Daily%20Monitoring%20Snapshot.md,World_Machine,,Daily,,"[""world-machine-review"",""monitoring_snapshot"",""daily""]",World_Machine,EvidenceArtifact
world:evidenceartifact:2026-05-28-midday-monitoring-snapshot,2026-06-01,Midday Monitoring Snapshot - 2026-05-28,monitoring_snapshot,,2026-05-28,Reports,Midday Monitoring Snapshot - 2026-05-28,,Midday Monitoring Snapshot - 2026-05-28,evidenceartifact,obsidian://open?vault=World_Machine&file=Reports%2FMidday%2FMonitoring%2F2026-05-28%20Midday%20Monitoring%20Snapshot.md,Reports/Midday/Monitoring/2026-05-28 Midday Monitoring Snapshot.md,,World Machine Review Flow,Reports,C:\Users\CaveUser\Documents\Obsidian Vault\World_Machine\Reports\Midday\Monitoring\2026-05-28 Midday Monitoring Snapshot.md,World_Machine,Reports,C:\Users\CaveUser\Documents\Obsidian Vault\World_Machine\Reports\Midday\Monitoring\2026-05-28 Midday Monitoring Snapshot.md,Reports/Midday/Monitoring/2026-05-28 Midday Monitoring Snapshot.md,obsidian://open?vault=World_Machine&file=Reports%2FMidday%2FMonitoring%2F2026-05-28%20Midday%20Monitoring%20Snapshot.md,World_Machine,,Midday,,"[""world-machine-review"",""monitoring_snapshot"",""midday""]",World_Machine,EvidenceArtifact
world:evidenceartifact:2026-05-28-premarket-monitoring-snapshot,2026-06-01,Premarket Monitoring Snapshot - 2026-05-28,monitoring_snapshot,,2026-05-28,Reports,Premarket Monitoring Snapshot - 2026-05-28,,Premarket Monitoring Snapshot - 2026-05-28,evidenceartifact,obsidian://open?vault=World_Machine&file=Reports%2FPremarket%2FMonitoring%2F2026-05-28%20Premarket%20Monitoring%20Snapshot.md,Reports/Premarket/Monitoring/2026-05-28 Premarket Monitoring Snapshot.md,,World Machine Review Flow,Reports,C:\Users\CaveUser\Documents\Obsidian Vault\World_Machine\Reports\Premarket\Monitoring\2026-05-28 Premarket Monitoring Snapshot.md,World_Machine,Reports,C:\Users\CaveUser\Documents\Obsidian Vault\World_Machine\Reports\Premarket\Monitoring\2026-05-28 Premarket Monitoring Snapshot.md,Reports/Premarket/Monitoring/2026-05-28 Premarket Monitoring Snapshot.md,obsidian://open?vault=World_Machine&file=Reports%2FPremarket%2FMonitoring%2F2026-05-28%20Premarket%20Monitoring%20Snapshot.md,World_Machine,,Premarket,,"[""world-machine-review"",""monitoring_snapshot"",""premarket""]",World_Machine,EvidenceArtifact
world:evidenceartifact:2026-05-28-review-queue-rollup-before-2026-05-27,2026-06-01,2026-05-28 - Review Queue Rollup before 2026-05-27,review-queue-rollup,2026-05-28,,Reports,2026-05-28 - Review Queue Rollup before 2026-05-27,,2026-05-28 - Review Queue Rollup before 2026-05-27,evidenceartifact,obsidian://open?vault=World_Machine&file=Reports%2FReview%20Queue%2F2026-05-28%20-%20Review%20Queue%20Rollup%20before%202026-05-27.md,Reports/Review Queue/2026-05-28 - Review Queue Rollup before 2026-05-27.md,,,Reports,C:\Users\CaveUser\Documents\Obsidian Vault\World_Machine\Reports\Review Queue\2026-05-28 - Review Queue Rollup before 2026-05-27.md,World_Machine,Reports,C:\Users\CaveUser\Documents\Obsidian Vault\World_Machine\Reports\Review Queue\2026-05-28 - Review Queue Rollup before 2026-05-27.md,Reports/Review Queue/2026-05-28 - Review Queue Rollup before 2026-05-27.md,obsidian://open?vault=World_Machine&file=Reports%2FReview%20Queue%2F2026-05-28%20-%20Review%20Queue%20Rollup%20before%202026-05-27.md,World_Machine,archived,Review Queue,,"[""review-queue"",""rollup""]",World_Machine,EvidenceArtifact
world:evidenceartifact:2026-05-29-09-45,2026-06-01,2026-05-29_09-45,run_summary,2026-05-29,,Reports,2026-05-29_09-45,,2026-05-29_09-45,evidenceartifact,obsidian://open?vault=World_Machine&file=Reports%2FSystem%2Frun_summaries%2F2026-05-29_09-45.md,Reports/System/run_summaries/2026-05-29_09-45.md,,,Reports,C:\Users\CaveUser\Documents\Obsidian Vault\World_Machine\Reports\System\run_summaries\2026-05-29_09-45.md,World_Machine,Reports,C:\Users\CaveUser\Documents\Obsidian Vault\World_Machine\Reports\System\run_summaries\2026-05-29_09-45.md,Reports/System/run_summaries/2026-05-29_09-45.md,obsidian://open?vault=World_Machine&file=Reports%2FSystem%2Frun_summaries%2F2026-05-29_09-45.md,World_Machine,,System,,[],World_Machine,EvidenceArtifact
world:evidenceartifact:2026-05-29-12-30,2026-06-01,2026-05-29_12-30,run_summary,2026-05-29,,Reports,2026-05-29_12-30,,2026-05-29_12-30,evidenceartifact,obsidian://open?vault=World_Machine&file=Reports%2FSystem%2Frun_summaries%2F2026-05-29_12-30.md,Reports/System/run_summaries/2026-05-29_12-30.md,,,Reports,C:\Users\CaveUser\Documents\Obsidian Vault\World_Machine\Reports\System\run_summaries\2026-05-29_12-30.md,World_Machine,Reports,C:\Users\CaveUser\Documents\Obsidian Vault\World_Machine\Reports\System\run_summaries\2026-05-29_12-30.md,Reports/System/run_summaries/2026-05-29_12-30.md,obsidian://open?vault=World_Machine&file=Reports%2FSystem%2Frun_summaries%2F2026-05-29_12-30.md,World_Machine,,System,,[],World_Machine,EvidenceArtifact
world:evidenceartifact:2026-05-29-daily-briefing,2026-06-01,Daily Briefing - 2026-05-29,briefing,,2026-05-29,Reports,Daily Briefing - 2026-05-29,,Daily Briefing - 2026-05-29,evidenceartifact,obsidian://open?vault=World_Machine&file=Reports%2FDaily%2FBriefings%2F2026-05-29%20Daily%20Briefing.md,Reports/Daily/Briefings/2026-05-29 Daily Briefing.md,,World Machine Review Flow,Reports,C:\Users\CaveUser\Documents\Obsidian Vault\World_Machine\Reports\Daily\Briefings\2026-05-29 Daily Briefing.md,World_Machine,Reports,C:\Users\CaveUser\Documents\Obsidian Vault\World_Machine\Reports\Daily\Briefings\2026-05-29 Daily Briefing.md,Reports/Daily/Briefings/2026-05-29 Daily Briefing.md,obsidian://open?vault=World_Machine&file=Reports%2FDaily%2FBriefings%2F2026-05-29%20Daily%20Briefing.md,World_Machine,,Daily,,"[""world-machine-review"",""briefing"",""daily""]",World_Machine,EvidenceArtifact
world:evidenceartifact:2026-05-29-daily-monitoring-snapshot,2026-06-01,Daily Monitoring Snapshot - 2026-05-29,monitoring_snapshot,,2026-05-29,Reports,Daily Monitoring Snapshot - 2026-05-29,,Daily Monitoring Snapshot - 2026-05-29,evidenceartifact,obsidian://open?vault=World_Machine&file=Reports%2FDaily%2FMonitoring%2F2026-05-29%20Daily%20Monitoring%20Snapshot.md,Reports/Daily/Monitoring/2026-05-29 Daily Monitoring Snapshot.md,,World Machine Review Flow,Reports,C:\Users\CaveUser\Documents\Obsidian Vault\World_Machine\Reports\Daily\Monitoring\2026-05-29 Daily Monitoring Snapshot.md,World_Machine,Reports,C:\Users\CaveUser\Documents\Obsidian Vault\World_Machine\Reports\Daily\Monitoring\2026-05-29 Daily Monitoring Snapshot.md,Reports/Daily/Monitoring/2026-05-29 Daily Monitoring Snapshot.md,obsidian://open?vault=World_Machine&file=Reports%2FDaily%2FMonitoring%2F2026-05-29%20Daily%20Monitoring%20Snapshot.md,World_Machine,,Daily,,"[""world-machine-review"",""monitoring_snapshot"",""daily""]",World_Machine,EvidenceArtifact
world:evidenceartifact:2026-05-29-midday-monitoring-snapshot,2026-06-01,Midday Monitoring Snapshot - 2026-05-29,monitoring_snapshot,,2026-05-29,Reports,Midday Monitoring Snapshot - 2026-05-29,,Midday Monitoring Snapshot - 2026-05-29,evidenceartifact,obsidian://open?vault=World_Machine&file=Reports%2FMidday%2FMonitoring%2F2026-05-29%20Midday%20Monitoring%20Snapshot.md,Reports/Midday/Monitoring/2026-05-29 Midday Monitoring Snapshot.md,,World Machine Review Flow,Reports,C:\Users\CaveUser\Documents\Obsidian Vault\World_Machine\Reports\Midday\Monitoring\2026-05-29 Midday Monitoring Snapshot.md,World_Machine,Reports,C:\Users\CaveUser\Documents\Obsidian Vault\World_Machine\Reports\Midday\Monitoring\2026-05-29 Midday Monitoring Snapshot.md,Reports/Midday/Monitoring/2026-05-29 Midday Monitoring Snapshot.md,obsidian://open?vault=World_Machine&file=Reports%2FMidday%2FMonitoring%2F2026-05-29%20Midday%20Monitoring%20Snapshot.md,World_Machine,,Midday,,"[""world-machine-review"",""monitoring_snapshot"",""midday""]",World_Machine,EvidenceArtifact
world:evidenceartifact:2026-06-01-09-45,2026-06-01,2026-06-01_09-45,run_summary,2026-06-01,,Reports,2026-06-01_09-45,,2026-06-01_09-45,evidenceartifact,obsidian://open?vault=World_Machine&file=Reports%2FSystem%2Frun_summaries%2F2026-06-01_09-45.md,Reports/System/run_summaries/2026-06-01_09-45.md,,,Reports,C:\Users\CaveUser\Documents\Obsidian Vault\World_Machine\Reports\System\run_summaries\2026-06-01_09-45.md,World_Machine,Reports,C:\Users\CaveUser\Documents\Obsidian Vault\World_Machine\Reports\System\run_summaries\2026-06-01_09-45.md,Reports/System/run_summaries/2026-06-01_09-45.md,obsidian://open?vault=World_Machine&file=Reports%2FSystem%2Frun_summaries%2F2026-06-01_09-45.md,World_Machine,,System,,[],World_Machine,EvidenceArtifact
world:evidenceartifact:2026-06-01-12-30,2026-06-01,2026-06-01_12-30,run_summary,2026-06-01,,Reports,2026-06-01_12-30,,2026-06-01_12-30,evidenceartifact,obsidian://open?vault=World_Machine&file=Reports%2FSystem%2Frun_summaries%2F2026-06-01_12-30.md,Reports/System/run_summaries/2026-06-01_12-30.md,,,Reports,C:\Users\CaveUser\Documents\Obsidian Vault\World_Machine\Reports\System\run_summaries\2026-06-01_12-30.md,World_Machine,Reports,C:\Users\CaveUser\Documents\Obsidian Vault\World_Machine\Reports\System\run_summaries\2026-06-01_12-30.md,Reports/System/run_summaries/2026-06-01_12-30.md,obsidian://open?vault=World_Machine&file=Reports%2FSystem%2Frun_summaries%2F2026-06-01_12-30.md,World_Machine,,System,,[],World_Machine,EvidenceArtifact
world:evidenceartifact:2026-06-01-midday-monitoring-snapshot,2026-06-01,Midday Monitoring Snapshot - 2026-06-01,monitoring_snapshot,,2026-06-01,Reports,Midday Monitoring Snapshot - 2026-06-01,,Midday Monitoring Snapshot - 2026-06-01,evidenceartifact,obsidian://open?vault=World_Machine&file=Reports%2FMidday%2FMonitoring%2F2026-06-01%20Midday%20Monitoring%20Snapshot.md,Reports/Midday/Monitoring/2026-06-01 Midday Monitoring Snapshot.md,,World Machine Review Flow,Reports,C:\Users\CaveUser\Documents\Obsidian Vault\World_Machine\Reports\Midday\Monitoring\2026-06-01 Midday Monitoring Snapshot.md,World_Machine,Reports,C:\Users\CaveUser\Documents\Obsidian Vault\World_Machine\Reports\Midday\Monitoring\2026-06-01 Midday Monitoring Snapshot.md,Reports/Midday/Monitoring/2026-06-01 Midday Monitoring Snapshot.md,obsidian://open?vault=World_Machine&file=Reports%2FMidday%2FMonitoring%2F2026-06-01%20Midday%20Monitoring%20Snapshot.md,World_Machine,,Midday,,"[""world-machine-review"",""monitoring_snapshot"",""midday""]",World_Machine,EvidenceArtifact
world:evidenceartifact:2026-w20-weekly-world-machine-summary,2026-06-01,2026-W20 - Weekly World Machine Summary,report,2026-05-15,,Reports,2026-W20 - Weekly World Machine Summary,,2026-W20 - Weekly World Machine Summary,evidenceartifact,obsidian://open?vault=World_Machine&file=Reports%2FWeekly%2F2026-W20%20-%20Weekly%20World%20Machine%20Summary.md,Reports/Weekly/2026-W20 - Weekly World Machine Summary.md,,,Reports,C:\Users\CaveUser\Documents\Obsidian Vault\World_Machine\Reports\Weekly\2026-W20 - Weekly World Machine Summary.md,World_Machine,Reports,C:\Users\CaveUser\Documents\Obsidian Vault\World_Machine\Reports\Weekly\2026-W20 - Weekly World Machine Summary.md,Reports/Weekly/2026-W20 - Weekly World Machine Summary.md,obsidian://open?vault=World_Machine&file=Reports%2FWeekly%2F2026-W20%20-%20Weekly%20World%20Machine%20Summary.md,World_Machine,active,Weekly,,"[""report"",""weekly"",""world-machine"",""review-routing"",""inbox-ingestion""]",World_Machine,EvidenceArtifact
world:evidenceartifact:2026-w22-strategy-backlog-review,2026-06-01,2026-W22 - Strategy Backlog Review,report,2026-05-26,,Reports,2026-W22 - Strategy Backlog Review,,2026-W22 - Strategy Backlog Review,evidenceartifact,obsidian://open?vault=World_Machine&file=Reports%2FWeekly%2F2026-W22%20-%20Strategy%20Backlog%20Review.md,Reports/Weekly/2026-W22 - Strategy Backlog Review.md,,,Reports,C:\Users\CaveUser\Documents\Obsidian Vault\World_Machine\Reports\Weekly\2026-W22 - Strategy Backlog Review.md,World_Machine,Reports,C:\Users\CaveUser\Documents\Obsidian Vault\World_Machine\Reports\Weekly\2026-W22 - Strategy Backlog Review.md,Reports/Weekly/2026-W22 - Strategy Backlog Review.md,obsidian://open?vault=World_Machine&file=Reports%2FWeekly%2F2026-W22%20-%20Strategy%20Backlog%20Review.md,World_Machine,active,Weekly,,"[""report"",""weekly"",""inbox-ingestion"",""strategy-review"",""backlog-review""]",World_Machine,EvidenceArtifact
world:evidenceartifact:backtest-fmp-historical-ohlcv-orb-eod-backtest,2026-06-01,FMP Historical OHLCV - orb_eod_backtest,orb_eod_backtest,,2026-04-30,Reports,FMP Historical OHLCV - orb_eod_backtest,,FMP Historical OHLCV - orb_eod_backtest,evidenceartifact,obsidian://open?vault=World_Machine&file=Reports%2FFreshness%2FSources%2Fbacktest__fmp-historical-ohlcv__orb_eod_backtest.md,Reports/Freshness/Sources/backtest__fmp-historical-ohlcv__orb_eod_backtest.md,watch,FMP Historical OHLCV,Reports,C:\Users\CaveUser\Documents\Obsidian Vault\World_Machine\Reports\Freshness\Sources\backtest__fmp-historical-ohlcv__orb_eod_backtest.md,World_Machine,Reports,C:\Users\CaveUser\Documents\Obsidian Vault\World_Machine\Reports\Freshness\Sources\backtest__fmp-historical-ohlcv__orb_eod_backtest.md,Reports/Freshness/Sources/backtest__fmp-historical-ohlcv__orb_eod_backtest.md,obsidian://open?vault=World_Machine&file=Reports%2FFreshness%2FSources%2Fbacktest__fmp-historical-ohlcv__orb_eod_backtest.md,World_Machine,,Freshness,,"[""world-machine-review"",""freshness""]",World_Machine,EvidenceArtifact
world:evidenceartifact:biotech-clinicaltrials-gov-v2-api-event-list,2026-06-01,ClinicalTrials.gov v2 API - event_list,event_list,,2026-05-16,Reports,ClinicalTrials.gov v2 API - event_list,,ClinicalTrials.gov v2 API - event_list,evidenceartifact,obsidian://open?vault=World_Machine&file=Reports%2FFreshness%2FSources%2Fbiotech__clinicaltrials-gov-v2-api__event_list.md,Reports/Freshness/Sources/biotech__clinicaltrials-gov-v2-api__event_list.md,clear,ClinicalTrials.gov v2 API,Reports,C:\Users\CaveUser\Documents\Obsidian Vault\World_Machine\Reports\Freshness\Sources\biotech__clinicaltrials-gov-v2-api__event_list.md,World_Machine,Reports,C:\Users\CaveUser\Documents\Obsidian Vault\World_Machine\Reports\Freshness\Sources\biotech__clinicaltrials-gov-v2-api__event_list.md,Reports/Freshness/Sources/biotech__clinicaltrials-gov-v2-api__event_list.md,obsidian://open?vault=World_Machine&file=Reports%2FFreshness%2FSources%2Fbiotech__clinicaltrials-gov-v2-api__event_list.md,World_Machine,,Freshness,,"[""world-machine-review"",""freshness""]",World_Machine,EvidenceArtifact
world:evidenceartifact:biotech-openfda-event-list,2026-06-01,openFDA - event_list,event_list,,2026-05-16,Reports,openFDA - event_list,,openFDA - event_list,evidenceartifact,obsidian://open?vault=World_Machine&file=Reports%2FFreshness%2FSources%2Fbiotech__openfda__event_list.md,Reports/Freshness/Sources/biotech__openfda__event_list.md,watch,openFDA,Reports,C:\Users\CaveUser\Documents\Obsidian Vault\World_Machine\Reports\Freshness\Sources\biotech__openfda__event_list.md,World_Machine,Reports,C:\Users\CaveUser\Documents\Obsidian Vault\World_Machine\Reports\Freshness\Sources\biotech__openfda__event_list.md,Reports/Freshness/Sources/biotech__openfda__event_list.md,obsidian://open?vault=World_Machine&file=Reports%2FFreshness%2FSources%2Fbiotech__openfda__event_list.md,World_Machine,,Freshness,,"[""world-machine-review"",""freshness""]",World_Machine,EvidenceArtifact
world:evidenceartifact:breaking-points-policy-backstops,2026-06-01,Breaking Points / Policy Backstops Cycle Status,market_cycle_status,,,Reports,Breaking Points / Policy Backstops Cycle Status,2026-05-30T19:54:57,Breaking Points / Policy Backstops Cycle Status,evidenceartifact,obsidian://open?vault=World_Machine&file=Reports%2FFreshness%2FMarket_Cycles%2Fbreaking-points-policy-backstops.md,Reports/Freshness/Market_Cycles/breaking-points-policy-backstops.md,watch,,Reports,C:\Users\CaveUser\Documents\Obsidian Vault\World_Machine\Reports\Freshness\Market_Cycles\breaking-points-policy-backstops.md,World_Machine,Reports,C:\Users\CaveUser\Documents\Obsidian Vault\World_Machine\Reports\Freshness\Market_Cycles\breaking-points-policy-backstops.md,Reports/Freshness/Market_Cycles/breaking-points-policy-backstops.md,obsidian://open?vault=World_Machine&file=Reports%2FFreshness%2FMarket_Cycles%2Fbreaking-points-policy-backstops.md,World_Machine,,Freshness,,"[""world-machine-review"",""market-cycle-monitor""]",World_Machine,EvidenceArtifact
world:evidenceartifact:commodities-financial-modeling-prep-screener,2026-06-01,Financial Modeling Prep - screener,screener,,2026-05-24,Reports,Financial Modeling Prep - screener,,Financial Modeling Prep - screener,evidenceartifact,obsidian://open?vault=World_Machine&file=Reports%2FFreshness%2FSources%2Fcommodities__financial-modeling-prep__screener.md,Reports/Freshness/Sources/commodities__financial-modeling-prep__screener.md,clear,Financial Modeling Prep,Reports,C:\Users\CaveUser\Documents\Obsidian Vault\World_Machine\Reports\Freshness\Sources\commodities__financial-modeling-prep__screener.md,World_Machine,Reports,C:\Users\CaveUser\Documents\Obsidian Vault\World_Machine\Reports\Freshness\Sources\commodities__financial-modeling-prep__screener.md,Reports/Freshness/Sources/commodities__financial-modeling-prep__screener.md,obsidian://open?vault=World_Machine&file=Reports%2FFreshness%2FSources%2Fcommodities__financial-modeling-prep__screener.md,World_Machine,,Freshness,,"[""world-machine-review"",""freshness""]",World_Machine,EvidenceArtifact
world:evidenceartifact:commodity-delivery-storage,2026-06-01,Commodity Delivery / Storage Cycle Status,market_cycle_status,,,Reports,Commodity Delivery / Storage Cycle Status,,Commodity Delivery / Storage Cycle Status,evidenceartifact,obsidian://open?vault=World_Machine&file=Reports%2FFreshness%2FMarket_Cycles%2Fcommodity-delivery-storage.md,Reports/Freshness/Market_Cycles/commodity-delivery-storage.md,unknown,,Reports,C:\Users\CaveUser\Documents\Obsidian Vault\World_Machine\Reports\Freshness\Market_Cycles\commodity-delivery-storage.md,World_Machine,Reports,C:\Users\CaveUser\Documents\Obsidian Vault\World_Machine\Reports\Freshness\Market_Cycles\commodity-delivery-storage.md,Reports/Freshness/Market_Cycles/commodity-delivery-storage.md,obsidian://open?vault=World_Machine&file=Reports%2FFreshness%2FMarket_Cycles%2Fcommodity-delivery-storage.md,World_Machine,,Freshness,,"[""world-machine-review"",""market-cycle-monitor""]",World_Machine,EvidenceArtifact
world:evidenceartifact:credit-redemptions-etfs,2026-06-01,Credit Redemptions / ETFs Cycle Status,market_cycle_status,,,Reports,Credit Redemptions / ETFs Cycle Status,,Credit Redemptions / ETFs Cycle Status,evidenceartifact,obsidian://open?vault=World_Machine&file=Reports%2FFreshness%2FMarket_Cycles%2Fcredit-redemptions-etfs.md,Reports/Freshness/Market_Cycles/credit-redemptions-etfs.md,unknown,,Reports,C:\Users\CaveUser\Documents\Obsidian Vault\World_Machine\Reports\Freshness\Market_Cycles\credit-redemptions-etfs.md,World_Machine,Reports,C:\Users\CaveUser\Documents\Obsidian Vault\World_Machine\Reports\Freshness\Market_Cycles\credit-redemptions-etfs.md,Reports/Freshness/Market_Cycles/credit-redemptions-etfs.md,obsidian://open?vault=World_Machine&file=Reports%2FFreshness%2FMarket_Cycles%2Fcredit-redemptions-etfs.md,World_Machine,,Freshness,,"[""world-machine-review"",""market-cycle-monitor""]",World_Machine,EvidenceArtifact
world:evidenceartifact:energy-eia-api-v2-time-series,2026-06-01,EIA API v2 - time_series,time_series,,2026-05-02,Reports,EIA API v2 - time_series,,EIA API v2 - time_series,evidenceartifact,obsidian://open?vault=World_Machine&file=Reports%2FFreshness%2FSources%2Fenergy__eia-api-v2__time_series.md,Reports/Freshness/Sources/energy__eia-api-v2__time_series.md,clear,EIA API v2,Reports,C:\Users\CaveUser\Documents\Obsidian Vault\World_Machine\Reports\Freshness\Sources\energy__eia-api-v2__time_series.md,World_Machine,Reports,C:\Users\CaveUser\Documents\Obsidian Vault\World_Machine\Reports\Freshness\Sources\energy__eia-api-v2__time_series.md,Reports/Freshness/Sources/energy__eia-api-v2__time_series.md,obsidian://open?vault=World_Machine&file=Reports%2FFreshness%2FSources%2Fenergy__eia-api-v2__time_series.md,World_Machine,,Freshness,,"[""world-machine-review"",""freshness""]",World_Machine,EvidenceArtifact
world:evidenceartifact:eod-reports-index,2026-06-01,_EOD Reports Index,reports-index,2026-05-13,,Reports,_EOD Reports Index,,_EOD Reports Index,evidenceartifact,obsidian://open?vault=World_Machine&file=Reports%2FEOD%2F_EOD%20Reports%20Index.md,Reports/EOD/_EOD Reports Index.md,,,Reports,C:\Users\CaveUser\Documents\Obsidian Vault\World_Machine\Reports\EOD\_EOD Reports Index.md,World_Machine,Reports,C:\Users\CaveUser\Documents\Obsidian Vault\World_Machine\Reports\EOD\_EOD Reports Index.md,Reports/EOD/_EOD Reports Index.md,obsidian://open?vault=World_Machine&file=Reports%2FEOD%2F_EOD%20Reports%20Index.md,World_Machine,,EOD,,"[""reports"",""eod"",""vault-state""]",World_Machine,EvidenceArtifact
world:evidenceartifact:equity-options-microstructure,2026-06-01,Equity Options Microstructure Cycle Status,market_cycle_status,,,Reports,Equity Options Microstructure Cycle Status,2026-05-30T19:50:29,Equity Options Microstructure Cycle Status,evidenceartifact,obsidian://open?vault=World_Machine&file=Reports%2FFreshness%2FMarket_Cycles%2Fequity-options-microstructure.md,Reports/Freshness/Market_Cycles/equity-options-microstructure.md,clear,,Reports,C:\Users\CaveUser\Documents\Obsidian Vault\World_Machine\Reports\Freshness\Market_Cycles\equity-options-microstructure.md,World_Machine,Reports,C:\Users\CaveUser\Documents\Obsidian Vault\World_Machine\Reports\Freshness\Market_Cycles\equity-options-microstructure.md,Reports/Freshness/Market_Cycles/equity-options-microstructure.md,obsidian://open?vault=World_Machine&file=Reports%2FFreshness%2FMarket_Cycles%2Fequity-options-microstructure.md,World_Machine,,Freshness,,"[""world-machine-review"",""market-cycle-monitor""]",World_Machine,EvidenceArtifact
world:evidenceartifact:etf-financial-modeling-prep-screener,2026-06-01,Financial Modeling Prep - screener,screener,,2026-05-24,Reports,Financial Modeling Prep - screener,,Financial Modeling Prep - screener,evidenceartifact,obsidian://open?vault=World_Machine&file=Reports%2FFreshness%2FSources%2Fetf__financial-modeling-prep__screener.md,Reports/Freshness/Sources/etf__financial-modeling-prep__screener.md,clear,Financial Modeling Prep,Reports,C:\Users\CaveUser\Documents\Obsidian Vault\World_Machine\Reports\Freshness\Sources\etf__financial-modeling-prep__screener.md,World_Machine,Reports,C:\Users\CaveUser\Documents\Obsidian Vault\World_Machine\Reports\Freshness\Sources\etf__financial-modeling-prep__screener.md,Reports/Freshness/Sources/etf__financial-modeling-prep__screener.md,obsidian://open?vault=World_Machine&file=Reports%2FFreshness%2FSources%2Fetf__financial-modeling-prep__screener.md,World_Machine,,Freshness,,"[""world-machine-review"",""freshness""]",World_Machine,EvidenceArtifact
world:evidenceartifact:forced-flow-positioning,2026-06-01,Forced Flow Positioning Cycle Status,market_cycle_status,,,Reports,Forced Flow Positioning Cycle Status,2026-05-16T10:42:57,Forced Flow Positioning Cycle Status,evidenceartifact,obsidian://open?vault=World_Machine&file=Reports%2FFreshness%2FMarket_Cycles%2Fforced-flow-positioning.md,Reports/Freshness/Market_Cycles/forced-flow-positioning.md,clear,,Reports,C:\Users\CaveUser\Documents\Obsidian Vault\World_Machine\Reports\Freshness\Market_Cycles\forced-flow-positioning.md,World_Machine,Reports,C:\Users\CaveUser\Documents\Obsidian Vault\World_Machine\Reports\Freshness\Market_Cycles\forced-flow-positioning.md,Reports/Freshness/Market_Cycles/forced-flow-positioning.md,obsidian://open?vault=World_Machine&file=Reports%2FFreshness%2FMarket_Cycles%2Fforced-flow-positioning.md,World_Machine,,Freshness,,"[""world-machine-review"",""market-cycle-monitor""]",World_Machine,EvidenceArtifact
world:evidenceartifact:fundamentals-financial-modeling-prep-screener,2026-06-01,Financial Modeling Prep - screener,screener,,2026-05-24,Reports,Financial Modeling Prep - screener,,Financial Modeling Prep - screener,evidenceartifact,obsidian://open?vault=World_Machine&file=Reports%2FFreshness%2FSources%2Ffundamentals__financial-modeling-prep__screener.md,Reports/Freshness/Sources/fundamentals__financial-modeling-prep__screener.md,clear,Financial Modeling Prep,Reports,C:\Users\CaveUser\Documents\Obsidian Vault\World_Machine\Reports\Freshness\Sources\fundamentals__financial-modeling-prep__screener.md,World_Machine,Reports,C:\Users\CaveUser\Documents\Obsidian Vault\World_Machine\Reports\Freshness\Sources\fundamentals__financial-modeling-prep__screener.md,Reports/Freshness/Sources/fundamentals__financial-modeling-prep__screener.md,obsidian://open?vault=World_Machine&file=Reports%2FFreshness%2FSources%2Ffundamentals__financial-modeling-prep__screener.md,World_Machine,,Freshness,,"[""world-machine-review"",""freshness""]",World_Machine,EvidenceArtifact
world:evidenceartifact:fundamentals-fmp-premium-sec-edgar-screener,2026-06-01,FMP Premium + SEC EDGAR - screener,screener,,2026-05-23,Reports,FMP Premium + SEC EDGAR - screener,,FMP Premium + SEC EDGAR - screener,evidenceartifact,obsidian://open?vault=World_Machine&file=Reports%2FFreshness%2FSources%2Ffundamentals__fmp-premium-sec-edgar__screener.md,Reports/Freshness/Sources/fundamentals__fmp-premium-sec-edgar__screener.md,clear,FMP Premium + SEC EDGAR,Reports,C:\Users\CaveUser\Documents\Obsidian Vault\World_Machine\Reports\Freshness\Sources\fundamentals__fmp-premium-sec-edgar__screener.md,World_Machine,Reports,C:\Users\CaveUser\Documents\Obsidian Vault\World_Machine\Reports\Freshness\Sources\fundamentals__fmp-premium-sec-edgar__screener.md,Reports/Freshness/Sources/fundamentals__fmp-premium-sec-edgar__screener.md,obsidian://open?vault=World_Machine&file=Reports%2FFreshness%2FSources%2Ffundamentals__fmp-premium-sec-edgar__screener.md,World_Machine,,Freshness,,"[""world-machine-review"",""freshness""]",World_Machine,EvidenceArtifact
world:evidenceartifact:fundamentals-fmp-screener-batch-screener-review-summary,2026-06-01,fmp-screener-batch - screener_review_summary,screener_review_summary,,2026-05-24,Reports,fmp-screener-batch - screener_review_summary,,fmp-screener-batch - screener_review_summary,evidenceartifact,obsidian://open?vault=World_Machine&file=Reports%2FFreshness%2FSources%2Ffundamentals__fmp-screener-batch__screener_review_summary.md,Reports/Freshness/Sources/fundamentals__fmp-screener-batch__screener_review_summary.md,watch,fmp-screener-batch,Reports,C:\Users\CaveUser\Documents\Obsidian Vault\World_Machine\Reports\Freshness\Sources\fundamentals__fmp-screener-batch__screener_review_summary.md,World_Machine,Reports,C:\Users\CaveUser\Documents\Obsidian Vault\World_Machine\Reports\Freshness\Sources\fundamentals__fmp-screener-batch__screener_review_summary.md,Reports/Freshness/Sources/fundamentals__fmp-screener-batch__screener_review_summary.md,obsidian://open?vault=World_Machine&file=Reports%2FFreshness%2FSources%2Ffundamentals__fmp-screener-batch__screener_review_summary.md,World_Machine,,Freshness,,"[""world-machine-review"",""freshness""]",World_Machine,EvidenceArtifact
world:evidenceartifact:fundamentals-sec-edgar-digest,2026-06-01,SEC EDGAR - digest,digest,,2026-05-24,Reports,SEC EDGAR - digest,,SEC EDGAR - digest,evidenceartifact,obsidian://open?vault=World_Machine&file=Reports%2FFreshness%2FSources%2Ffundamentals__sec-edgar__digest.md,Reports/Freshness/Sources/fundamentals__sec-edgar__digest.md,clear,SEC EDGAR,Reports,C:\Users\CaveUser\Documents\Obsidian Vault\World_Machine\Reports\Freshness\Sources\fundamentals__sec-edgar__digest.md,World_Machine,Reports,C:\Users\CaveUser\Documents\Obsidian Vault\World_Machine\Reports\Freshness\Sources\fundamentals__sec-edgar__digest.md,Reports/Freshness/Sources/fundamentals__sec-edgar__digest.md,obsidian://open?vault=World_Machine&file=Reports%2FFreshness%2FSources%2Ffundamentals__sec-edgar__digest.md,World_Machine,,Freshness,,"[""world-machine-review"",""freshness""]",World_Machine,EvidenceArtifact
world:evidenceartifact:fundamentals-sec-edgar-disclosure-reality-check,2026-06-01,SEC EDGAR - disclosure_reality_check,disclosure_reality_check,,2026-05-24,Reports,SEC EDGAR - disclosure_reality_check,,SEC EDGAR - disclosure_reality_check,evidenceartifact,obsidian://open?vault=World_Machine&file=Reports%2FFreshness%2FSources%2Ffundamentals__sec-edgar__disclosure_reality_check.md,Reports/Freshness/Sources/fundamentals__sec-edgar__disclosure_reality_check.md,watch,SEC EDGAR,Reports,C:\Users\CaveUser\Documents\Obsidian Vault\World_Machine\Reports\Freshness\Sources\fundamentals__sec-edgar__disclosure_reality_check.md,World_Machine,Reports,C:\Users\CaveUser\Documents\Obsidian Vault\World_Machine\Reports\Freshness\Sources\fundamentals__sec-edgar__disclosure_reality_check.md,Reports/Freshness/Sources/fundamentals__sec-edgar__disclosure_reality_check.md,obsidian://open?vault=World_Machine&file=Reports%2FFreshness%2FSources%2Ffundamentals__sec-edgar__disclosure_reality_check.md,World_Machine,,Freshness,,"[""world-machine-review"",""freshness""]",World_Machine,EvidenceArtifact
world:evidenceartifact:fundamentals-sec-edgar-efts-digest,2026-06-01,SEC EDGAR EFTS - digest,digest,,2026-05-12,Reports,SEC EDGAR EFTS - digest,,SEC EDGAR EFTS - digest,evidenceartifact,obsidian://open?vault=World_Machine&file=Reports%2FFreshness%2FSources%2Ffundamentals__sec-edgar-efts__digest.md,Reports/Freshness/Sources/fundamentals__sec-edgar-efts__digest.md,alert,SEC EDGAR EFTS,Reports,C:\Users\CaveUser\Documents\Obsidian Vault\World_Machine\Reports\Freshness\Sources\fundamentals__sec-edgar-efts__digest.md,World_Machine,Reports,C:\Users\CaveUser\Documents\Obsidian Vault\World_Machine\Reports\Freshness\Sources\fundamentals__sec-edgar-efts__digest.md,Reports/Freshness/Sources/fundamentals__sec-edgar-efts__digest.md,obsidian://open?vault=World_Machine&file=Reports%2FFreshness%2FSources%2Ffundamentals__sec-edgar-efts__digest.md,World_Machine,,Freshness,,"[""world-machine-review"",""freshness""]",World_Machine,EvidenceArtifact
world:evidenceartifact:fundamentals-sec-edgar-efts-sec-form-4-fmp-premium-screener,2026-06-01,SEC EDGAR EFTS + SEC Form 4 + FMP Premium - screener,screener,,2026-05-23,Reports,SEC EDGAR EFTS + SEC Form 4 + FMP Premium - screener,,SEC EDGAR EFTS + SEC Form 4 + FMP Premium - screener,evidenceartifact,obsidian://open?vault=World_Machine&file=Reports%2FFreshness%2FSources%2Ffundamentals__sec-edgar-efts-sec-form-4-fmp-premium__screener.md,Reports/Freshness/Sources/fundamentals__sec-edgar-efts-sec-form-4-fmp-premium__screener.md,watch,SEC EDGAR EFTS + SEC Form 4 + FMP Premium,Reports,C:\Users\CaveUser\Documents\Obsidian Vault\World_Machine\Reports\Freshness\Sources\fundamentals__sec-edgar-efts-sec-form-4-fmp-premium__screener.md,World_Machine,Reports,C:\Users\CaveUser\Documents\Obsidian Vault\World_Machine\Reports\Freshness\Sources\fundamentals__sec-edgar-efts-sec-form-4-fmp-premium__screener.md,Reports/Freshness/Sources/fundamentals__sec-edgar-efts-sec-form-4-fmp-premium__screener.md,obsidian://open?vault=World_Machine&file=Reports%2FFreshness%2FSources%2Ffundamentals__sec-edgar-efts-sec-form-4-fmp-premium__screener.md,World_Machine,,Freshness,,"[""world-machine-review"",""freshness""]",World_Machine,EvidenceArtifact
world:evidenceartifact:fundamentals-sec-edgar-fmp-premium-batch-scan,2026-06-01,SEC EDGAR + FMP Premium - batch_scan,batch_scan,,2026-05-24,Reports,SEC EDGAR + FMP Premium - batch_scan,,SEC EDGAR + FMP Premium - batch_scan,evidenceartifact,obsidian://open?vault=World_Machine&file=Reports%2FFreshness%2FSources%2Ffundamentals__sec-edgar-fmp-premium__batch_scan.md,Reports/Freshness/Sources/fundamentals__sec-edgar-fmp-premium__batch_scan.md,watch,SEC EDGAR + FMP Premium,Reports,C:\Users\CaveUser\Documents\Obsidian Vault\World_Machine\Reports\Freshness\Sources\fundamentals__sec-edgar-fmp-premium__batch_scan.md,World_Machine,Reports,C:\Users\CaveUser\Documents\Obsidian Vault\World_Machine\Reports\Freshness\Sources\fundamentals__sec-edgar-fmp-premium__batch_scan.md,Reports/Freshness/Sources/fundamentals__sec-edgar-fmp-premium__batch_scan.md,obsidian://open?vault=World_Machine&file=Reports%2FFreshness%2FSources%2Ffundamentals__sec-edgar-fmp-premium__batch_scan.md,World_Machine,,Freshness,,"[""world-machine-review"",""freshness""]",World_Machine,EvidenceArtifact
world:evidenceartifact:fundamentals-vault-orchestrator-cfq-analysis,2026-06-01,Vault Orchestrator - cfq_analysis,cfq_analysis,,2026-05-16,Reports,Vault Orchestrator - cfq_analysis,,Vault Orchestrator - cfq_analysis,evidenceartifact,obsidian://open?vault=World_Machine&file=Reports%2FFreshness%2FSources%2Ffundamentals__vault-orchestrator__cfq_analysis.md,Reports/Freshness/Sources/fundamentals__vault-orchestrator__cfq_analysis.md,clear,Vault Orchestrator,Reports,C:\Users\CaveUser\Documents\Obsidian Vault\World_Machine\Reports\Freshness\Sources\fundamentals__vault-orchestrator__cfq_analysis.md,World_Machine,Reports,C:\Users\CaveUser\Documents\Obsidian Vault\World_Machine\Reports\Freshness\Sources\fundamentals__vault-orchestrator__cfq_analysis.md,Reports/Freshness/Sources/fundamentals__vault-orchestrator__cfq_analysis.md,obsidian://open?vault=World_Machine&file=Reports%2FFreshness%2FSources%2Ffundamentals__vault-orchestrator__cfq_analysis.md,World_Machine,,Freshness,,"[""world-machine-review"",""freshness""]",World_Machine,EvidenceArtifact
world:evidenceartifact:fx-crypto-carry-liquidations,2026-06-01,FX / Crypto Carry And Liquidations Cycle Status,market_cycle_status,,,Reports,FX / Crypto Carry And Liquidations Cycle Status,,FX / Crypto Carry And Liquidations Cycle Status,evidenceartifact,obsidian://open?vault=World_Machine&file=Reports%2FFreshness%2FMarket_Cycles%2Ffx-crypto-carry-liquidations.md,Reports/Freshness/Market_Cycles/fx-crypto-carry-liquidations.md,unknown,,Reports,C:\Users\CaveUser\Documents\Obsidian Vault\World_Machine\Reports\Freshness\Market_Cycles\fx-crypto-carry-liquidations.md,World_Machine,Reports,C:\Users\CaveUser\Documents\Obsidian Vault\World_Machine\Reports\Freshness\Market_Cycles\fx-crypto-carry-liquidations.md,Reports/Freshness/Market_Cycles/fx-crypto-carry-liquidations.md,obsidian://open?vault=World_Machine&file=Reports%2FFreshness%2FMarket_Cycles%2Ffx-crypto-carry-liquidations.md,World_Machine,,Freshness,,"[""world-machine-review"",""market-cycle-monitor""]",World_Machine,EvidenceArtifact
world:evidenceartifact:government-federal-register-faa-time-series,2026-06-01,Federal Register / FAA - time_series,time_series,,2026-05-02,Reports,Federal Register / FAA - time_series,,Federal Register / FAA - time_series,evidenceartifact,obsidian://open?vault=World_Machine&file=Reports%2FFreshness%2FSources%2Fgovernment__federal-register-faa__time_series.md,Reports/Freshness/Sources/government__federal-register-faa__time_series.md,watch,Federal Register / FAA,Reports,C:\Users\CaveUser\Documents\Obsidian Vault\World_Machine\Reports\Freshness\Sources\government__federal-register-faa__time_series.md,World_Machine,Reports,C:\Users\CaveUser\Documents\Obsidian Vault\World_Machine\Reports\Freshness\Sources\government__federal-register-faa__time_series.md,Reports/Freshness/Sources/government__federal-register-faa__time_series.md,obsidian://open?vault=World_Machine&file=Reports%2FFreshness%2FSources%2Fgovernment__federal-register-faa__time_series.md,World_Machine,,Freshness,,"[""world-machine-review"",""freshness""]",World_Machine,EvidenceArtifact
world:evidenceartifact:government-openfema-event-list,2026-06-01,OpenFEMA - event_list,event_list,,2026-05-16,Reports,OpenFEMA - event_list,,OpenFEMA - event_list,evidenceartifact,obsidian://open?vault=World_Machine&file=Reports%2FFreshness%2FSources%2Fgovernment__openfema__event_list.md,Reports/Freshness/Sources/government__openfema__event_list.md,alert,OpenFEMA,Reports,C:\Users\CaveUser\Documents\Obsidian Vault\World_Machine\Reports\Freshness\Sources\government__openfema__event_list.md,World_Machine,Reports,C:\Users\CaveUser\Documents\Obsidian Vault\World_Machine\Reports\Freshness\Sources\government__openfema__event_list.md,Reports/Freshness/Sources/government__openfema__event_list.md,obsidian://open?vault=World_Machine&file=Reports%2FFreshness%2FSources%2Fgovernment__openfema__event_list.md,World_Machine,,Freshness,,"[""world-machine-review"",""freshness""]",World_Machine,EvidenceArtifact
world:evidenceartifact:government-sec-edgar-data-sec-gov-8k-filings,2026-06-01,SEC EDGAR (data.sec.gov) - 8k_filings,8k_filings,,2026-05-26,Reports,SEC EDGAR (data.sec.gov) - 8k_filings,,SEC EDGAR (data.sec.gov) - 8k_filings,evidenceartifact,obsidian://open?vault=World_Machine&file=Reports%2FFreshness%2FSources%2Fgovernment__sec-edgar-data-sec-gov__8k_filings.md,Reports/Freshness/Sources/government__sec-edgar-data-sec-gov__8k_filings.md,watch,SEC EDGAR (data.sec.gov),Reports,C:\Users\CaveUser\Documents\Obsidian Vault\World_Machine\Reports\Freshness\Sources\government__sec-edgar-data-sec-gov__8k_filings.md,World_Machine,Reports,C:\Users\CaveUser\Documents\Obsidian Vault\World_Machine\Reports\Freshness\Sources\government__sec-edgar-data-sec-gov__8k_filings.md,Reports/Freshness/Sources/government__sec-edgar-data-sec-gov__8k_filings.md,obsidian://open?vault=World_Machine&file=Reports%2FFreshness%2FSources%2Fgovernment__sec-edgar-data-sec-gov__8k_filings.md,World_Machine,,Freshness,,"[""world-machine-review"",""freshness""]",World_Machine,EvidenceArtifact
world:evidenceartifact:government-sec-edgar-data-sec-gov-8k-sector-overview,2026-06-01,SEC EDGAR (data.sec.gov) - 8k_sector_overview,8k_sector_overview,,2026-05-26,Reports,SEC EDGAR (data.sec.gov) - 8k_sector_overview,,SEC EDGAR (data.sec.gov) - 8k_sector_overview,evidenceartifact,obsidian://open?vault=World_Machine&file=Reports%2FFreshness%2FSources%2Fgovernment__sec-edgar-data-sec-gov__8k_sector_overview.md,Reports/Freshness/Sources/government__sec-edgar-data-sec-gov__8k_sector_overview.md,watch,SEC EDGAR (data.sec.gov),Reports,C:\Users\CaveUser\Documents\Obsidian Vault\World_Machine\Reports\Freshness\Sources\government__sec-edgar-data-sec-gov__8k_sector_overview.md,World_Machine,Reports,C:\Users\CaveUser\Documents\Obsidian Vault\World_Machine\Reports\Freshness\Sources\government__sec-edgar-data-sec-gov__8k_sector_overview.md,Reports/Freshness/Sources/government__sec-edgar-data-sec-gov__8k_sector_overview.md,obsidian://open?vault=World_Machine&file=Reports%2FFreshness%2FSources%2Fgovernment__sec-edgar-data-sec-gov__8k_sector_overview.md,World_Machine,,Freshness,,"[""world-machine-review"",""freshness""]",World_Machine,EvidenceArtifact
world:evidenceartifact:government-usaspending-api-event-list,2026-06-01,USASpending API - event_list,event_list,,2026-05-16,Reports,USASpending API - event_list,,USASpending API - event_list,evidenceartifact,obsidian://open?vault=World_Machine&file=Reports%2FFreshness%2FSources%2Fgovernment__usaspending-api__event_list.md,Reports/Freshness/Sources/government__usaspending-api__event_list.md,clear,USASpending API,Reports,C:\Users\CaveUser\Documents\Obsidian Vault\World_Machine\Reports\Freshness\Sources\government__usaspending-api__event_list.md,World_Machine,Reports,C:\Users\CaveUser\Documents\Obsidian Vault\World_Machine\Reports\Freshness\Sources\government__usaspending-api__event_list.md,Reports/Freshness/Sources/government__usaspending-api__event_list.md,obsidian://open?vault=World_Machine&file=Reports%2FFreshness%2FSources%2Fgovernment__usaspending-api__event_list.md,World_Machine,,Freshness,,"[""world-machine-review"",""freshness""]",World_Machine,EvidenceArtifact
world:evidenceartifact:historical-case-studies,2026-06-01,Historical Case Studies Cycle Status,market_cycle_status,,,Reports,Historical Case Studies Cycle Status,,Historical Case Studies Cycle Status,evidenceartifact,obsidian://open?vault=World_Machine&file=Reports%2FFreshness%2FMarket_Cycles%2Fhistorical-case-studies.md,Reports/Freshness/Market_Cycles/historical-case-studies.md,unknown,,Reports,C:\Users\CaveUser\Documents\Obsidian Vault\World_Machine\Reports\Freshness\Market_Cycles\historical-case-studies.md,World_Machine,Reports,C:\Users\CaveUser\Documents\Obsidian Vault\World_Machine\Reports\Freshness\Market_Cycles\historical-case-studies.md,Reports/Freshness/Market_Cycles/historical-case-studies.md,obsidian://open?vault=World_Machine&file=Reports%2FFreshness%2FMarket_Cycles%2Fhistorical-case-studies.md,World_Machine,,Freshness,,"[""world-machine-review"",""market-cycle-monitor""]",World_Machine,EvidenceArtifact
world:evidenceartifact:housing-fred-api-time-series,2026-06-01,FRED API - time_series,time_series,,2026-05-26,Reports,FRED API - time_series,,FRED API - time_series,evidenceartifact,obsidian://open?vault=World_Machine&file=Reports%2FFreshness%2FSources%2Fhousing__fred-api__time_series.md,Reports/Freshness/Sources/housing__fred-api__time_series.md,clear,FRED API,Reports,C:\Users\CaveUser\Documents\Obsidian Vault\World_Machine\Reports\Freshness\Sources\housing__fred-api__time_series.md,World_Machine,Reports,C:\Users\CaveUser\Documents\Obsidian Vault\World_Machine\Reports\Freshness\Sources\housing__fred-api__time_series.md,Reports/Freshness/Sources/housing__fred-api__time_series.md,obsidian://open?vault=World_Machine&file=Reports%2FFreshness%2FSources%2Fhousing__fred-api__time_series.md,World_Machine,,Freshness,,"[""world-machine-review"",""freshness""]",World_Machine,EvidenceArtifact
world:evidenceartifact:housing-nahb-housing-market-index-time-series,2026-06-01,NAHB Housing Market Index - time_series,time_series,,2026-05-02,Reports,NAHB Housing Market Index - time_series,,NAHB Housing Market Index - time_series,evidenceartifact,obsidian://open?vault=World_Machine&file=Reports%2FFreshness%2FSources%2Fhousing__nahb-housing-market-index__time_series.md,Reports/Freshness/Sources/housing__nahb-housing-market-index__time_series.md,alert,NAHB Housing Market Index,Reports,C:\Users\CaveUser\Documents\Obsidian Vault\World_Machine\Reports\Freshness\Sources\housing__nahb-housing-market-index__time_series.md,World_Machine,Reports,C:\Users\CaveUser\Documents\Obsidian Vault\World_Machine\Reports\Freshness\Sources\housing__nahb-housing-market-index__time_series.md,Reports/Freshness/Sources/housing__nahb-housing-market-index__time_series.md,obsidian://open?vault=World_Machine&file=Reports%2FFreshness%2FSources%2Fhousing__nahb-housing-market-index__time_series.md,World_Machine,,Freshness,,"[""world-machine-review"",""freshness""]",World_Machine,EvidenceArtifact
world:evidenceartifact:housing-playbook-housing-cycle-synthesis,2026-06-01,Playbook: Housing Cycle - synthesis,synthesis,,2026-03-27,Reports,Playbook: Housing Cycle - synthesis,,Playbook: Housing Cycle - synthesis,evidenceartifact,obsidian://open?vault=World_Machine&file=Reports%2FFreshness%2FSources%2Fhousing__playbook-housing-cycle__synthesis.md,Reports/Freshness/Sources/housing__playbook-housing-cycle__synthesis.md,alert,Playbook: Housing Cycle,Reports,C:\Users\CaveUser\Documents\Obsidian Vault\World_Machine\Reports\Freshness\Sources\housing__playbook-housing-cycle__synthesis.md,World_Machine,Reports,C:\Users\CaveUser\Documents\Obsidian Vault\World_Machine\Reports\Freshness\Sources\housing__playbook-housing-cycle__synthesis.md,Reports/Freshness/Sources/housing__playbook-housing-cycle__synthesis.md,obsidian://open?vault=World_Machine&file=Reports%2FFreshness%2FSources%2Fhousing__playbook-housing-cycle__synthesis.md,World_Machine,,Freshness,,"[""world-machine-review"",""freshness""]",World_Machine,EvidenceArtifact
world:evidenceartifact:macro-bea-api-time-series,2026-06-01,BEA API - time_series,time_series,,2026-05-01,Reports,BEA API - time_series,,BEA API - time_series,evidenceartifact,obsidian://open?vault=World_Machine&file=Reports%2FFreshness%2FSources%2Fmacro__bea-api__time_series.md,Reports/Freshness/Sources/macro__bea-api__time_series.md,clear,BEA API,Reports,C:\Users\CaveUser\Documents\Obsidian Vault\World_Machine\Reports\Freshness\Sources\macro__bea-api__time_series.md,World_Machine,Reports,C:\Users\CaveUser\Documents\Obsidian Vault\World_Machine\Reports\Freshness\Sources\macro__bea-api__time_series.md,Reports/Freshness/Sources/macro__bea-api__time_series.md,obsidian://open?vault=World_Machine&file=Reports%2FFreshness%2FSources%2Fmacro__bea-api__time_series.md,World_Machine,,Freshness,,"[""world-machine-review"",""freshness""]",World_Machine,EvidenceArtifact
world:evidenceartifact:macro-cftc-commitment-of-traders-cot-report,2026-06-01,CFTC Commitment of Traders - cot_report,cot_report,,2026-05-16,Reports,CFTC Commitment of Traders - cot_report,,CFTC Commitment of Traders - cot_report,evidenceartifact,obsidian://open?vault=World_Machine&file=Reports%2FFreshness%2FSources%2Fmacro__cftc-commitment-of-traders__cot_report.md,Reports/Freshness/Sources/macro__cftc-commitment-of-traders__cot_report.md,clear,CFTC Commitment of Traders,Reports,C:\Users\CaveUser\Documents\Obsidian Vault\World_Machine\Reports\Freshness\Sources\macro__cftc-commitment-of-traders__cot_report.md,World_Machine,Reports,C:\Users\CaveUser\Documents\Obsidian Vault\World_Machine\Reports\Freshness\Sources\macro__cftc-commitment-of-traders__cot_report.md,Reports/Freshness/Sources/macro__cftc-commitment-of-traders__cot_report.md,obsidian://open?vault=World_Machine&file=Reports%2FFreshness%2FSources%2Fmacro__cftc-commitment-of-traders__cot_report.md,World_Machine,,Freshness,,"[""world-machine-review"",""freshness""]",World_Machine,EvidenceArtifact
world:evidenceartifact:macro-financial-modeling-prep-economic-calendar,2026-06-01,Financial Modeling Prep - economic_calendar,economic_calendar,,2026-05-30,Reports,Financial Modeling Prep - economic_calendar,,Financial Modeling Prep - economic_calendar,evidenceartifact,obsidian://open?vault=World_Machine&file=Reports%2FFreshness%2FSources%2Fmacro__financial-modeling-prep__economic_calendar.md,Reports/Freshness/Sources/macro__financial-modeling-prep__economic_calendar.md,watch,Financial Modeling Prep,Reports,C:\Users\CaveUser\Documents\Obsidian Vault\World_Machine\Reports\Freshness\Sources\macro__financial-modeling-prep__economic_calendar.md,World_Machine,Reports,C:\Users\CaveUser\Documents\Obsidian Vault\World_Machine\Reports\Freshness\Sources\macro__financial-modeling-prep__economic_calendar.md,Reports/Freshness/Sources/macro__financial-modeling-prep__economic_calendar.md,obsidian://open?vault=World_Machine&file=Reports%2FFreshness%2FSources%2Fmacro__financial-modeling-prep__economic_calendar.md,World_Machine,,Freshness,,"[""world-machine-review"",""freshness""]",World_Machine,EvidenceArtifact
world:evidenceartifact:macro-fred-api-time-series,2026-06-01,FRED API - time_series,time_series,,2026-05-30,Reports,FRED API - time_series,,FRED API - time_series,evidenceartifact,obsidian://open?vault=World_Machine&file=Reports%2FFreshness%2FSources%2Fmacro__fred-api__time_series.md,Reports/Freshness/Sources/macro__fred-api__time_series.md,clear,FRED API,Reports,C:\Users\CaveUser\Documents\Obsidian Vault\World_Machine\Reports\Freshness\Sources\macro__fred-api__time_series.md,World_Machine,Reports,C:\Users\CaveUser\Documents\Obsidian Vault\World_Machine\Reports\Freshness\Sources\macro__fred-api__time_series.md,Reports/Freshness/Sources/macro__fred-api__time_series.md,obsidian://open?vault=World_Machine&file=Reports%2FFreshness%2FSources%2Fmacro__fred-api__time_series.md,World_Machine,,Freshness,,"[""world-machine-review"",""freshness""]",World_Machine,EvidenceArtifact
world:evidenceartifact:macro-macro-bridge-puller-time-series,2026-06-01,Macro Bridge Puller - time_series,time_series,,2026-05-25,Reports,Macro Bridge Puller - time_series,,Macro Bridge Puller - time_series,evidenceartifact,obsidian://open?vault=World_Machine&file=Reports%2FFreshness%2FSources%2Fmacro__macro-bridge-puller__time_series.md,Reports/Freshness/Sources/macro__macro-bridge-puller__time_series.md,clear,Macro Bridge Puller,Reports,C:\Users\CaveUser\Documents\Obsidian Vault\World_Machine\Reports\Freshness\Sources\macro__macro-bridge-puller__time_series.md,World_Machine,Reports,C:\Users\CaveUser\Documents\Obsidian Vault\World_Machine\Reports\Freshness\Sources\macro__macro-bridge-puller__time_series.md,Reports/Freshness/Sources/macro__macro-bridge-puller__time_series.md,obsidian://open?vault=World_Machine&file=Reports%2FFreshness%2FSources%2Fmacro__macro-bridge-puller__time_series.md,World_Machine,,Freshness,,"[""world-machine-review"",""freshness""]",World_Machine,EvidenceArtifact
world:evidenceartifact:macro-treasury-fiscal-data-snapshot,2026-06-01,Treasury Fiscal Data - snapshot,snapshot,,2026-05-30,Reports,Treasury Fiscal Data - snapshot,,Treasury Fiscal Data - snapshot,evidenceartifact,obsidian://open?vault=World_Machine&file=Reports%2FFreshness%2FSources%2Fmacro__treasury-fiscal-data__snapshot.md,Reports/Freshness/Sources/macro__treasury-fiscal-data__snapshot.md,clear,Treasury Fiscal Data,Reports,C:\Users\CaveUser\Documents\Obsidian Vault\World_Machine\Reports\Freshness\Sources\macro__treasury-fiscal-data__snapshot.md,World_Machine,Reports,C:\Users\CaveUser\Documents\Obsidian Vault\World_Machine\Reports\Freshness\Sources\macro__treasury-fiscal-data__snapshot.md,Reports/Freshness/Sources/macro__treasury-fiscal-data__snapshot.md,obsidian://open?vault=World_Machine&file=Reports%2FFreshness%2FSources%2Fmacro__treasury-fiscal-data__snapshot.md,World_Machine,,Freshness,,"[""world-machine-review"",""freshness""]",World_Machine,EvidenceArtifact
world:evidenceartifact:macro-vault-orchestrator-synthesis-macro-volatility,2026-06-01,Vault Orchestrator (synthesis) - macro_volatility,macro_volatility,,2026-05-12,Reports,Vault Orchestrator (synthesis) - macro_volatility,,Vault Orchestrator (synthesis) - macro_volatility,evidenceartifact,obsidian://open?vault=World_Machine&file=Reports%2FFreshness%2FSources%2Fmacro__vault-orchestrator-synthesis__macro_volatility.md,Reports/Freshness/Sources/macro__vault-orchestrator-synthesis__macro_volatility.md,clear,Vault Orchestrator (synthesis),Reports,C:\Users\CaveUser\Documents\Obsidian Vault\World_Machine\Reports\Freshness\Sources\macro__vault-orchestrator-synthesis__macro_volatility.md,World_Machine,Reports,C:\Users\CaveUser\Documents\Obsidian Vault\World_Machine\Reports\Freshness\Sources\macro__vault-orchestrator-synthesis__macro_volatility.md,Reports/Freshness/Sources/macro__vault-orchestrator-synthesis__macro_volatility.md,obsidian://open?vault=World_Machine&file=Reports%2FFreshness%2FSources%2Fmacro__vault-orchestrator-synthesis__macro_volatility.md,World_Machine,,Freshness,,"[""world-machine-review"",""freshness""]",World_Machine,EvidenceArtifact
world:evidenceartifact:market-agent-analyst-agent-analysis,2026-06-01,Agent Analyst - agent_analysis,agent_analysis,,2026-05-26,Reports,Agent Analyst - agent_analysis,,Agent Analyst - agent_analysis,evidenceartifact,obsidian://open?vault=World_Machine&file=Reports%2FFreshness%2FSources%2Fmarket__agent-analyst__agent_analysis.md,Reports/Freshness/Sources/market__agent-analyst__agent_analysis.md,watch,Agent Analyst,Reports,C:\Users\CaveUser\Documents\Obsidian Vault\World_Machine\Reports\Freshness\Sources\market__agent-analyst__agent_analysis.md,World_Machine,Reports,C:\Users\CaveUser\Documents\Obsidian Vault\World_Machine\Reports\Freshness\Sources\market__agent-analyst__agent_analysis.md,Reports/Freshness/Sources/market__agent-analyst__agent_analysis.md,obsidian://open?vault=World_Machine&file=Reports%2FFreshness%2FSources%2Fmarket__agent-analyst__agent_analysis.md,World_Machine,,Freshness,,"[""world-machine-review"",""freshness""]",World_Machine,EvidenceArtifact
world:evidenceartifact:market-agent-analyst-agent-analysis-rollup,2026-06-01,Agent Analyst - agent_analysis_rollup,agent_analysis_rollup,,2026-05-26,Reports,Agent Analyst - agent_analysis_rollup,,Agent Analyst - agent_analysis_rollup,evidenceartifact,obsidian://open?vault=World_Machine&file=Reports%2FFreshness%2FSources%2Fmarket__agent-analyst__agent_analysis_rollup.md,Reports/Freshness/Sources/market__agent-analyst__agent_analysis_rollup.md,watch,Agent Analyst,Reports,C:\Users\CaveUser\Documents\Obsidian Vault\World_Machine\Reports\Freshness\Sources\market__agent-analyst__agent_analysis_rollup.md,World_Machine,Reports,C:\Users\CaveUser\Documents\Obsidian Vault\World_Machine\Reports\Freshness\Sources\market__agent-analyst__agent_analysis_rollup.md,Reports/Freshness/Sources/market__agent-analyst__agent_analysis_rollup.md,obsidian://open?vault=World_Machine&file=Reports%2FFreshness%2FSources%2Fmarket__agent-analyst__agent_analysis_rollup.md,World_Machine,,Freshness,,"[""world-machine-review"",""freshness""]",World_Machine,EvidenceArtifact
world:evidenceartifact:market-alpha-vantage-alpha-vantage-market-performance,2026-06-01,Alpha Vantage - alpha_vantage_market_performance,alpha_vantage_market_performance,,2026-05-06,Reports,Alpha Vantage - alpha_vantage_market_performance,,Alpha Vantage - alpha_vantage_market_performance,evidenceartifact,obsidian://open?vault=World_Machine&file=Reports%2FFreshness%2FSources%2Fmarket__alpha-vantage__alpha_vantage_market_performance.md,Reports/Freshness/Sources/market__alpha-vantage__alpha_vantage_market_performance.md,clear,Alpha Vantage,Reports,C:\Users\CaveUser\Documents\Obsidian Vault\World_Machine\Reports\Freshness\Sources\market__alpha-vantage__alpha_vantage_market_performance.md,World_Machine,Reports,C:\Users\CaveUser\Documents\Obsidian Vault\World_Machine\Reports\Freshness\Sources\market__alpha-vantage__alpha_vantage_market_performance.md,Reports/Freshness/Sources/market__alpha-vantage__alpha_vantage_market_performance.md,obsidian://open?vault=World_Machine&file=Reports%2FFreshness%2FSources%2Fmarket__alpha-vantage__alpha_vantage_market_performance.md,World_Machine,,Freshness,,"[""world-machine-review"",""freshness""]",World_Machine,EvidenceArtifact
world:evidenceartifact:market-cboe-public-csv-daily-index,2026-06-01,CBOE Public CSV - daily_index,daily_index,,2026-05-30,Reports,CBOE Public CSV - daily_index,,CBOE Public CSV - daily_index,evidenceartifact,obsidian://open?vault=World_Machine&file=Reports%2FFreshness%2FSources%2Fmarket__cboe-public-csv__daily_index.md,Reports/Freshness/Sources/market__cboe-public-csv__daily_index.md,clear,CBOE Public CSV,Reports,C:\Users\CaveUser\Documents\Obsidian Vault\World_Machine\Reports\Freshness\Sources\market__cboe-public-csv__daily_index.md,World_Machine,Reports,C:\Users\CaveUser\Documents\Obsidian Vault\World_Machine\Reports\Freshness\Sources\market__cboe-public-csv__daily_index.md,Reports/Freshness/Sources/market__cboe-public-csv__daily_index.md,obsidian://open?vault=World_Machine&file=Reports%2FFreshness%2FSources%2Fmarket__cboe-public-csv__daily_index.md,World_Machine,,Freshness,,"[""world-machine-review"",""freshness""]",World_Machine,EvidenceArtifact
world:evidenceartifact:market-entropy-monitor-entropy-monitor,2026-06-01,Entropy Monitor - entropy_monitor,entropy_monitor,,2026-05-26,Reports,Entropy Monitor - entropy_monitor,,Entropy Monitor - entropy_monitor,evidenceartifact,obsidian://open?vault=World_Machine&file=Reports%2FFreshness%2FSources%2Fmarket__entropy-monitor__entropy_monitor.md,Reports/Freshness/Sources/market__entropy-monitor__entropy_monitor.md,clear,Entropy Monitor,Reports,C:\Users\CaveUser\Documents\Obsidian Vault\World_Machine\Reports\Freshness\Sources\market__entropy-monitor__entropy_monitor.md,World_Machine,Reports,C:\Users\CaveUser\Documents\Obsidian Vault\World_Machine\Reports\Freshness\Sources\market__entropy-monitor__entropy_monitor.md,Reports/Freshness/Sources/market__entropy-monitor__entropy_monitor.md,obsidian://open?vault=World_Machine&file=Reports%2FFreshness%2FSources%2Fmarket__entropy-monitor__entropy_monitor.md,World_Machine,,Freshness,,"[""world-machine-review"",""freshness""]",World_Machine,EvidenceArtifact
world:evidenceartifact:market-financial-modeling-prep-balance-sheet,2026-06-01,Financial Modeling Prep - balance_sheet,balance_sheet,,2026-05-16,Reports,Financial Modeling Prep - balance_sheet,,Financial Modeling Prep - balance_sheet,evidenceartifact,obsidian://open?vault=World_Machine&file=Reports%2FFreshness%2FSources%2Fmarket__financial-modeling-prep__balance_sheet.md,Reports/Freshness/Sources/market__financial-modeling-prep__balance_sheet.md,watch,Financial Modeling Prep,Reports,C:\Users\CaveUser\Documents\Obsidian Vault\World_Machine\Reports\Freshness\Sources\market__financial-modeling-prep__balance_sheet.md,World_Machine,Reports,C:\Users\CaveUser\Documents\Obsidian Vault\World_Machine\Reports\Freshness\Sources\market__financial-modeling-prep__balance_sheet.md,Reports/Freshness/Sources/market__financial-modeling-prep__balance_sheet.md,obsidian://open?vault=World_Machine&file=Reports%2FFreshness%2FSources%2Fmarket__financial-modeling-prep__balance_sheet.md,World_Machine,,Freshness,,"[""world-machine-review"",""freshness""]",World_Machine,EvidenceArtifact
world:evidenceartifact:market-financial-modeling-prep-calendar,2026-06-01,Financial Modeling Prep - calendar,calendar,,2026-05-28,Reports,Financial Modeling Prep - calendar,,Financial Modeling Prep - calendar,evidenceartifact,obsidian://open?vault=World_Machine&file=Reports%2FFreshness%2FSources%2Fmarket__financial-modeling-prep__calendar.md,Reports/Freshness/Sources/market__financial-modeling-prep__calendar.md,clear,Financial Modeling Prep,Reports,C:\Users\CaveUser\Documents\Obsidian Vault\World_Machine\Reports\Freshness\Sources\market__financial-modeling-prep__calendar.md,World_Machine,Reports,C:\Users\CaveUser\Documents\Obsidian Vault\World_Machine\Reports\Freshness\Sources\market__financial-modeling-prep__calendar.md,Reports/Freshness/Sources/market__financial-modeling-prep__calendar.md,obsidian://open?vault=World_Machine&file=Reports%2FFreshness%2FSources%2Fmarket__financial-modeling-prep__calendar.md,World_Machine,,Freshness,,"[""world-machine-review"",""freshness""]",World_Machine,EvidenceArtifact
world:evidenceartifact:market-financial-modeling-prep-cash-flow,2026-06-01,Financial Modeling Prep - cash_flow,cash_flow,,2026-05-16,Reports,Financial Modeling Prep - cash_flow,,Financial Modeling Prep - cash_flow,evidenceartifact,obsidian://open?vault=World_Machine&file=Reports%2FFreshness%2FSources%2Fmarket__financial-modeling-prep__cash_flow.md,Reports/Freshness/Sources/market__financial-modeling-prep__cash_flow.md,clear,Financial Modeling Prep,Reports,C:\Users\CaveUser\Documents\Obsidian Vault\World_Machine\Reports\Freshness\Sources\market__financial-modeling-prep__cash_flow.md,World_Machine,Reports,C:\Users\CaveUser\Documents\Obsidian Vault\World_Machine\Reports\Freshness\Sources\market__financial-modeling-prep__cash_flow.md,Reports/Freshness/Sources/market__financial-modeling-prep__cash_flow.md,obsidian://open?vault=World_Machine&file=Reports%2FFreshness%2FSources%2Fmarket__financial-modeling-prep__cash_flow.md,World_Machine,,Freshness,,"[""world-machine-review"",""freshness""]",World_Machine,EvidenceArtifact
world:evidenceartifact:market-financial-modeling-prep-market-performance,2026-06-01,Financial Modeling Prep - market_performance,market_performance,,2026-05-30,Reports,Financial Modeling Prep - market_performance,,Financial Modeling Prep - market_performance,evidenceartifact,obsidian://open?vault=World_Machine&file=Reports%2FFreshness%2FSources%2Fmarket__financial-modeling-prep__market_performance.md,Reports/Freshness/Sources/market__financial-modeling-prep__market_performance.md,watch,Financial Modeling Prep,Reports,C:\Users\CaveUser\Documents\Obsidian Vault\World_Machine\Reports\Freshness\Sources\market__financial-modeling-prep__market_performance.md,World_Machine,Reports,C:\Users\CaveUser\Documents\Obsidian Vault\World_Machine\Reports\Freshness\Sources\market__financial-modeling-prep__market_performance.md,Reports/Freshness/Sources/market__financial-modeling-prep__market_performance.md,obsidian://open?vault=World_Machine&file=Reports%2FFreshness%2FSources%2Fmarket__financial-modeling-prep__market_performance.md,World_Machine,,Freshness,,"[""world-machine-review"",""freshness""]",World_Machine,EvidenceArtifact
world:evidenceartifact:market-financial-modeling-prep-screen,2026-06-01,Financial Modeling Prep - screen,screen,,2026-05-26,Reports,Financial Modeling Prep - screen,,Financial Modeling Prep - screen,evidenceartifact,obsidian://open?vault=World_Machine&file=Reports%2FFreshness%2FSources%2Fmarket__financial-modeling-prep__screen.md,Reports/Freshness/Sources/market__financial-modeling-prep__screen.md,clear,Financial Modeling Prep,Reports,C:\Users\CaveUser\Documents\Obsidian Vault\World_Machine\Reports\Freshness\Sources\market__financial-modeling-prep__screen.md,World_Machine,Reports,C:\Users\CaveUser\Documents\Obsidian Vault\World_Machine\Reports\Freshness\Sources\market__financial-modeling-prep__screen.md,Reports/Freshness/Sources/market__financial-modeling-prep__screen.md,obsidian://open?vault=World_Machine&file=Reports%2FFreshness%2FSources%2Fmarket__financial-modeling-prep__screen.md,World_Machine,,Freshness,,"[""world-machine-review"",""freshness""]",World_Machine,EvidenceArtifact
world:evidenceartifact:market-financial-modeling-prep-snapshot,2026-06-01,Financial Modeling Prep - snapshot,snapshot,,2026-05-30,Reports,Financial Modeling Prep - snapshot,,Financial Modeling Prep - snapshot,evidenceartifact,obsidian://open?vault=World_Machine&file=Reports%2FFreshness%2FSources%2Fmarket__financial-modeling-prep__snapshot.md,Reports/Freshness/Sources/market__financial-modeling-prep__snapshot.md,clear,Financial Modeling Prep,Reports,C:\Users\CaveUser\Documents\Obsidian Vault\World_Machine\Reports\Freshness\Sources\market__financial-modeling-prep__snapshot.md,World_Machine,Reports,C:\Users\CaveUser\Documents\Obsidian Vault\World_Machine\Reports\Freshness\Sources\market__financial-modeling-prep__snapshot.md,Reports/Freshness/Sources/market__financial-modeling-prep__snapshot.md,obsidian://open?vault=World_Machine&file=Reports%2FFreshness%2FSources%2Fmarket__financial-modeling-prep__snapshot.md,World_Machine,,Freshness,,"[""world-machine-review"",""freshness""]",World_Machine,EvidenceArtifact
world:evidenceartifact:market-financial-modeling-prep-technical-snapshot,2026-06-01,Financial Modeling Prep - technical_snapshot,technical_snapshot,,2026-05-15,Reports,Financial Modeling Prep - technical_snapshot,,Financial Modeling Prep - technical_snapshot,evidenceartifact,obsidian://open?vault=World_Machine&file=Reports%2FFreshness%2FSources%2Fmarket__financial-modeling-prep__technical_snapshot.md,Reports/Freshness/Sources/market__financial-modeling-prep__technical_snapshot.md,alert,Financial Modeling Prep,Reports,C:\Users\CaveUser\Documents\Obsidian Vault\World_Machine\Reports\Freshness\Sources\market__financial-modeling-prep__technical_snapshot.md,World_Machine,Reports,C:\Users\CaveUser\Documents\Obsidian Vault\World_Machine\Reports\Freshness\Sources\market__financial-modeling-prep__technical_snapshot.md,Reports/Freshness/Sources/market__financial-modeling-prep__technical_snapshot.md,obsidian://open?vault=World_Machine&file=Reports%2FFreshness%2FSources%2Fmarket__financial-modeling-prep__technical_snapshot.md,World_Machine,,Freshness,,"[""world-machine-review"",""freshness""]",World_Machine,EvidenceArtifact
world:evidenceartifact:market-financial-modeling-prep-watchlist-report,2026-06-01,Financial Modeling Prep - watchlist_report,watchlist_report,,2026-05-26,Reports,Financial Modeling Prep - watchlist_report,,Financial Modeling Prep - watchlist_report,evidenceartifact,obsidian://open?vault=World_Machine&file=Reports%2FFreshness%2FSources%2Fmarket__financial-modeling-prep__watchlist_report.md,Reports/Freshness/Sources/market__financial-modeling-prep__watchlist_report.md,clear,Financial Modeling Prep,Reports,C:\Users\CaveUser\Documents\Obsidian Vault\World_Machine\Reports\Freshness\Sources\market__financial-modeling-prep__watchlist_report.md,World_Machine,Reports,C:\Users\CaveUser\Documents\Obsidian Vault\World_Machine\Reports\Freshness\Sources\market__financial-modeling-prep__watchlist_report.md,Reports/Freshness/Sources/market__financial-modeling-prep__watchlist_report.md,obsidian://open?vault=World_Machine&file=Reports%2FFreshness%2FSources%2Fmarket__financial-modeling-prep__watchlist_report.md,World_Machine,,Freshness,,"[""world-machine-review"",""freshness""]",World_Machine,EvidenceArtifact
world:evidenceartifact:market-fmp-entropy-monitor-screen,2026-06-01,FMP + Entropy Monitor - screen,screen,,2026-05-15,Reports,FMP + Entropy Monitor - screen,,FMP + Entropy Monitor - screen,evidenceartifact,obsidian://open?vault=World_Machine&file=Reports%2FFreshness%2FSources%2Fmarket__fmp-entropy-monitor__screen.md,Reports/Freshness/Sources/market__fmp-entropy-monitor__screen.md,watch,FMP + Entropy Monitor,Reports,C:\Users\CaveUser\Documents\Obsidian Vault\World_Machine\Reports\Freshness\Sources\market__fmp-entropy-monitor__screen.md,World_Machine,Reports,C:\Users\CaveUser\Documents\Obsidian Vault\World_Machine\Reports\Freshness\Sources\market__fmp-entropy-monitor__screen.md,Reports/Freshness/Sources/market__fmp-entropy-monitor__screen.md,obsidian://open?vault=World_Machine&file=Reports%2FFreshness%2FSources%2Fmarket__fmp-entropy-monitor__screen.md,World_Machine,,Freshness,,"[""world-machine-review"",""freshness""]",World_Machine,EvidenceArtifact
world:evidenceartifact:market-fmp-thesis-watchlists-earnings-calendar-screen,2026-06-01,FMP + Thesis Watchlists + Earnings Calendar - screen,screen,,2026-05-15,Reports,FMP + Thesis Watchlists + Earnings Calendar - screen,,FMP + Thesis Watchlists + Earnings Calendar - screen,evidenceartifact,obsidian://open?vault=World_Machine&file=Reports%2FFreshness%2FSources%2Fmarket__fmp-thesis-watchlists-earnings-calendar__screen.md,Reports/Freshness/Sources/market__fmp-thesis-watchlists-earnings-calendar__screen.md,watch,FMP + Thesis Watchlists + Earnings Calendar,Reports,C:\Users\CaveUser\Documents\Obsidian Vault\World_Machine\Reports\Freshness\Sources\market__fmp-thesis-watchlists-earnings-calendar__screen.md,World_Machine,Reports,C:\Users\CaveUser\Documents\Obsidian Vault\World_Machine\Reports\Freshness\Sources\market__fmp-thesis-watchlists-earnings-calendar__screen.md,Reports/Freshness/Sources/market__fmp-thesis-watchlists-earnings-calendar__screen.md,obsidian://open?vault=World_Machine&file=Reports%2FFreshness%2FSources%2Fmarket__fmp-thesis-watchlists-earnings-calendar__screen.md,World_Machine,,Freshness,,"[""world-machine-review"",""freshness""]",World_Machine,EvidenceArtifact
world:evidenceartifact:market-vault-orchestrator-auction-features,2026-06-01,Vault Orchestrator - auction_features,auction_features,,2026-05-12,Reports,Vault Orchestrator - auction_features,,Vault Orchestrator - auction_features,evidenceartifact,obsidian://open?vault=World_Machine&file=Reports%2FFreshness%2FSources%2Fmarket__vault-orchestrator__auction_features.md,Reports/Freshness/Sources/market__vault-orchestrator__auction_features.md,clear,Vault Orchestrator,Reports,C:\Users\CaveUser\Documents\Obsidian Vault\World_Machine\Reports\Freshness\Sources\market__vault-orchestrator__auction_features.md,World_Machine,Reports,C:\Users\CaveUser\Documents\Obsidian Vault\World_Machine\Reports\Freshness\Sources\market__vault-orchestrator__auction_features.md,Reports/Freshness/Sources/market__vault-orchestrator__auction_features.md,obsidian://open?vault=World_Machine&file=Reports%2FFreshness%2FSources%2Fmarket__vault-orchestrator__auction_features.md,World_Machine,,Freshness,,"[""world-machine-review"",""freshness""]",World_Machine,EvidenceArtifact
world:evidenceartifact:market-vault-orchestrator-pair-metrics,2026-06-01,Vault Orchestrator - pair_metrics,pair_metrics,,2026-05-12,Reports,Vault Orchestrator - pair_metrics,,Vault Orchestrator - pair_metrics,evidenceartifact,obsidian://open?vault=World_Machine&file=Reports%2FFreshness%2FSources%2Fmarket__vault-orchestrator__pair_metrics.md,Reports/Freshness/Sources/market__vault-orchestrator__pair_metrics.md,alert,Vault Orchestrator,Reports,C:\Users\CaveUser\Documents\Obsidian Vault\World_Machine\Reports\Freshness\Sources\market__vault-orchestrator__pair_metrics.md,World_Machine,Reports,C:\Users\CaveUser\Documents\Obsidian Vault\World_Machine\Reports\Freshness\Sources\market__vault-orchestrator__pair_metrics.md,Reports/Freshness/Sources/market__vault-orchestrator__pair_metrics.md,obsidian://open?vault=World_Machine&file=Reports%2FFreshness%2FSources%2Fmarket__vault-orchestrator__pair_metrics.md,World_Machine,,Freshness,,"[""world-machine-review"",""freshness""]",World_Machine,EvidenceArtifact
world:evidenceartifact:market-vault-orchestrator-pead-watch,2026-06-01,Vault Orchestrator - pead_watch,pead_watch,,2026-05-12,Reports,Vault Orchestrator - pead_watch,,Vault Orchestrator - pead_watch,evidenceartifact,obsidian://open?vault=World_Machine&file=Reports%2FFreshness%2FSources%2Fmarket__vault-orchestrator__pead_watch.md,Reports/Freshness/Sources/market__vault-orchestrator__pead_watch.md,clear,Vault Orchestrator,Reports,C:\Users\CaveUser\Documents\Obsidian Vault\World_Machine\Reports\Freshness\Sources\market__vault-orchestrator__pead_watch.md,World_Machine,Reports,C:\Users\CaveUser\Documents\Obsidian Vault\World_Machine\Reports\Freshness\Sources\market__vault-orchestrator__pead_watch.md,Reports/Freshness/Sources/market__vault-orchestrator__pead_watch.md,obsidian://open?vault=World_Machine&file=Reports%2FFreshness%2FSources%2Fmarket__vault-orchestrator__pead_watch.md,World_Machine,,Freshness,,"[""world-machine-review"",""freshness""]",World_Machine,EvidenceArtifact
world:evidenceartifact:market-yfinance-vol-surface,2026-06-01,yfinance - vol_surface,vol_surface,,2026-05-28,Reports,yfinance - vol_surface,,yfinance - vol_surface,evidenceartifact,obsidian://open?vault=World_Machine&file=Reports%2FFreshness%2FSources%2Fmarket__yfinance__vol_surface.md,Reports/Freshness/Sources/market__yfinance__vol_surface.md,clear,yfinance,Reports,C:\Users\CaveUser\Documents\Obsidian Vault\World_Machine\Reports\Freshness\Sources\market__yfinance__vol_surface.md,World_Machine,Reports,C:\Users\CaveUser\Documents\Obsidian Vault\World_Machine\Reports\Freshness\Sources\market__yfinance__vol_surface.md,Reports/Freshness/Sources/market__yfinance__vol_surface.md,obsidian://open?vault=World_Machine&file=Reports%2FFreshness%2FSources%2Fmarket__yfinance__vol_surface.md,World_Machine,,Freshness,,"[""world-machine-review"",""freshness""]",World_Machine,EvidenceArtifact
world:evidenceartifact:monthly-reports-index,2026-06-01,_Monthly Reports Index,reports-index,2026-05-13,,Reports,_Monthly Reports Index,,_Monthly Reports Index,evidenceartifact,obsidian://open?vault=World_Machine&file=Reports%2FMonthly%2F_Monthly%20Reports%20Index.md,Reports/Monthly/_Monthly Reports Index.md,,,Reports,C:\Users\CaveUser\Documents\Obsidian Vault\World_Machine\Reports\Monthly\_Monthly Reports Index.md,World_Machine,Reports,C:\Users\CaveUser\Documents\Obsidian Vault\World_Machine\Reports\Monthly\_Monthly Reports Index.md,Reports/Monthly/_Monthly Reports Index.md,obsidian://open?vault=World_Machine&file=Reports%2FMonthly%2F_Monthly%20Reports%20Index.md,World_Machine,,Monthly,,"[""reports"",""monthly"",""vault-state""]",World_Machine,EvidenceArtifact
world:evidenceartifact:news-alpha-vantage-alpha-vantage-news-sentiment,2026-06-01,Alpha Vantage - alpha_vantage_news_sentiment,alpha_vantage_news_sentiment,,2026-05-06,Reports,Alpha Vantage - alpha_vantage_news_sentiment,,Alpha Vantage - alpha_vantage_news_sentiment,evidenceartifact,obsidian://open?vault=World_Machine&file=Reports%2FFreshness%2FSources%2Fnews__alpha-vantage__alpha_vantage_news_sentiment.md,Reports/Freshness/Sources/news__alpha-vantage__alpha_vantage_news_sentiment.md,clear,Alpha Vantage,Reports,C:\Users\CaveUser\Documents\Obsidian Vault\World_Machine\Reports\Freshness\Sources\news__alpha-vantage__alpha_vantage_news_sentiment.md,World_Machine,Reports,C:\Users\CaveUser\Documents\Obsidian Vault\World_Machine\Reports\Freshness\Sources\news__alpha-vantage__alpha_vantage_news_sentiment.md,Reports/Freshness/Sources/news__alpha-vantage__alpha_vantage_news_sentiment.md,obsidian://open?vault=World_Machine&file=Reports%2FFreshness%2FSources%2Fnews__alpha-vantage__alpha_vantage_news_sentiment.md,World_Machine,,Freshness,,"[""world-machine-review"",""freshness""]",World_Machine,EvidenceArtifact
world:evidenceartifact:news-financial-modeling-prep-general-market-news,2026-06-01,Financial Modeling Prep - general_market_news,general_market_news,,2026-05-28,Reports,Financial Modeling Prep - general_market_news,,Financial Modeling Prep - general_market_news,evidenceartifact,obsidian://open?vault=World_Machine&file=Reports%2FFreshness%2FSources%2Fnews__financial-modeling-prep__general_market_news.md,Reports/Freshness/Sources/news__financial-modeling-prep__general_market_news.md,clear,Financial Modeling Prep,Reports,C:\Users\CaveUser\Documents\Obsidian Vault\World_Machine\Reports\Freshness\Sources\news__financial-modeling-prep__general_market_news.md,World_Machine,Reports,C:\Users\CaveUser\Documents\Obsidian Vault\World_Machine\Reports\Freshness\Sources\news__financial-modeling-prep__general_market_news.md,Reports/Freshness/Sources/news__financial-modeling-prep__general_market_news.md,obsidian://open?vault=World_Machine&file=Reports%2FFreshness%2FSources%2Fnews__financial-modeling-prep__general_market_news.md,World_Machine,,Freshness,,"[""world-machine-review"",""freshness""]",World_Machine,EvidenceArtifact
world:evidenceartifact:news-gdelt-doc-api-gdelt-news-monitor,2026-06-01,GDELT DOC API - gdelt_news_monitor,gdelt_news_monitor,,2026-05-15,Reports,GDELT DOC API - gdelt_news_monitor,,GDELT DOC API - gdelt_news_monitor,evidenceartifact,obsidian://open?vault=World_Machine&file=Reports%2FFreshness%2FSources%2Fnews__gdelt-doc-api__gdelt_news_monitor.md,Reports/Freshness/Sources/news__gdelt-doc-api__gdelt_news_monitor.md,watch,GDELT DOC API,Reports,C:\Users\CaveUser\Documents\Obsidian Vault\World_Machine\Reports\Freshness\Sources\news__gdelt-doc-api__gdelt_news_monitor.md,World_Machine,Reports,C:\Users\CaveUser\Documents\Obsidian Vault\World_Machine\Reports\Freshness\Sources\news__gdelt-doc-api__gdelt_news_monitor.md,Reports/Freshness/Sources/news__gdelt-doc-api__gdelt_news_monitor.md,obsidian://open?vault=World_Machine&file=Reports%2FFreshness%2FSources%2Fnews__gdelt-doc-api__gdelt_news_monitor.md,World_Machine,,Freshness,,"[""world-machine-review"",""freshness""]",World_Machine,EvidenceArtifact
world:evidenceartifact:news-newsapi-event-list,2026-06-01,NewsAPI - event_list,event_list,,2026-05-26,Reports,NewsAPI - event_list,,NewsAPI - event_list,evidenceartifact,obsidian://open?vault=World_Machine&file=Reports%2FFreshness%2FSources%2Fnews__newsapi__event_list.md,Reports/Freshness/Sources/news__newsapi__event_list.md,watch,NewsAPI,Reports,C:\Users\CaveUser\Documents\Obsidian Vault\World_Machine\Reports\Freshness\Sources\news__newsapi__event_list.md,World_Machine,Reports,C:\Users\CaveUser\Documents\Obsidian Vault\World_Machine\Reports\Freshness\Sources\news__newsapi__event_list.md,Reports/Freshness/Sources/news__newsapi__event_list.md,obsidian://open?vault=World_Machine&file=Reports%2FFreshness%2FSources%2Fnews__newsapi__event_list.md,World_Machine,,Freshness,,"[""world-machine-review"",""freshness""]",World_Machine,EvidenceArtifact
world:evidenceartifact:orchestrator-vault-orchestrator-agent-thread,2026-06-01,Vault Orchestrator - agent_thread,agent_thread,,2026-05-02,Reports,Vault Orchestrator - agent_thread,,Vault Orchestrator - agent_thread,evidenceartifact,obsidian://open?vault=World_Machine&file=Reports%2FFreshness%2FSources%2Forchestrator__vault-orchestrator__agent_thread.md,Reports/Freshness/Sources/orchestrator__vault-orchestrator__agent_thread.md,watch,Vault Orchestrator,Reports,C:\Users\CaveUser\Documents\Obsidian Vault\World_Machine\Reports\Freshness\Sources\orchestrator__vault-orchestrator__agent_thread.md,World_Machine,Reports,C:\Users\CaveUser\Documents\Obsidian Vault\World_Machine\Reports\Freshness\Sources\orchestrator__vault-orchestrator__agent_thread.md,Reports/Freshness/Sources/orchestrator__vault-orchestrator__agent_thread.md,obsidian://open?vault=World_Machine&file=Reports%2FFreshness%2FSources%2Forchestrator__vault-orchestrator__agent_thread.md,World_Machine,,Freshness,,"[""world-machine-review"",""freshness""]",World_Machine,EvidenceArtifact
world:evidenceartifact:orchestrator-vault-orchestrator-confluence-scan,2026-06-01,Vault Orchestrator - confluence_scan,confluence_scan,,2026-05-16,Reports,Vault Orchestrator - confluence_scan,,Vault Orchestrator - confluence_scan,evidenceartifact,obsidian://open?vault=World_Machine&file=Reports%2FFreshness%2FSources%2Forchestrator__vault-orchestrator__confluence_scan.md,Reports/Freshness/Sources/orchestrator__vault-orchestrator__confluence_scan.md,watch,Vault Orchestrator,Reports,C:\Users\CaveUser\Documents\Obsidian Vault\World_Machine\Reports\Freshness\Sources\orchestrator__vault-orchestrator__confluence_scan.md,World_Machine,Reports,C:\Users\CaveUser\Documents\Obsidian Vault\World_Machine\Reports\Freshness\Sources\orchestrator__vault-orchestrator__confluence_scan.md,Reports/Freshness/Sources/orchestrator__vault-orchestrator__confluence_scan.md,obsidian://open?vault=World_Machine&file=Reports%2FFreshness%2FSources%2Forchestrator__vault-orchestrator__confluence_scan.md,World_Machine,,Freshness,,"[""world-machine-review"",""freshness""]",World_Machine,EvidenceArtifact
world:evidenceartifact:orchestrator-vault-orchestrator-run-ledger,2026-06-01,Vault Orchestrator - run_ledger,run_ledger,,2026-05-02,Reports,Vault Orchestrator - run_ledger,,Vault Orchestrator - run_ledger,evidenceartifact,obsidian://open?vault=World_Machine&file=Reports%2FFreshness%2FSources%2Forchestrator__vault-orchestrator__run_ledger.md,Reports/Freshness/Sources/orchestrator__vault-orchestrator__run_ledger.md,clear,Vault Orchestrator,Reports,C:\Users\CaveUser\Documents\Obsidian Vault\World_Machine\Reports\Freshness\Sources\orchestrator__vault-orchestrator__run_ledger.md,World_Machine,Reports,C:\Users\CaveUser\Documents\Obsidian Vault\World_Machine\Reports\Freshness\Sources\orchestrator__vault-orchestrator__run_ledger.md,Reports/Freshness/Sources/orchestrator__vault-orchestrator__run_ledger.md,obsidian://open?vault=World_Machine&file=Reports%2FFreshness%2FSources%2Forchestrator__vault-orchestrator__run_ledger.md,World_Machine,,Freshness,,"[""world-machine-review"",""freshness""]",World_Machine,EvidenceArtifact
world:evidenceartifact:orchestrator-vault-orchestrator-signal-quality,2026-06-01,Vault Orchestrator - signal_quality,signal_quality,,2026-05-12,Reports,Vault Orchestrator - signal_quality,,Vault Orchestrator - signal_quality,evidenceartifact,obsidian://open?vault=World_Machine&file=Reports%2FFreshness%2FSources%2Forchestrator__vault-orchestrator__signal_quality.md,Reports/Freshness/Sources/orchestrator__vault-orchestrator__signal_quality.md,clear,Vault Orchestrator,Reports,C:\Users\CaveUser\Documents\Obsidian Vault\World_Machine\Reports\Freshness\Sources\orchestrator__vault-orchestrator__signal_quality.md,World_Machine,Reports,C:\Users\CaveUser\Documents\Obsidian Vault\World_Machine\Reports\Freshness\Sources\orchestrator__vault-orchestrator__signal_quality.md,Reports/Freshness/Sources/orchestrator__vault-orchestrator__signal_quality.md,obsidian://open?vault=World_Machine&file=Reports%2FFreshness%2FSources%2Forchestrator__vault-orchestrator__signal_quality.md,World_Machine,,Freshness,,"[""world-machine-review"",""freshness""]",World_Machine,EvidenceArtifact
world:evidenceartifact:orchestrator-vault-orchestrator-streamline-report,2026-06-01,Vault Orchestrator - streamline_report,streamline_report,,2026-05-29,Reports,Vault Orchestrator - streamline_report,,Vault Orchestrator - streamline_report,evidenceartifact,obsidian://open?vault=World_Machine&file=Reports%2FFreshness%2FSources%2Forchestrator__vault-orchestrator__streamline_report.md,Reports/Freshness/Sources/orchestrator__vault-orchestrator__streamline_report.md,alert,Vault Orchestrator,Reports,C:\Users\CaveUser\Documents\Obsidian Vault\World_Machine\Reports\Freshness\Sources\orchestrator__vault-orchestrator__streamline_report.md,World_Machine,Reports,C:\Users\CaveUser\Documents\Obsidian Vault\World_Machine\Reports\Freshness\Sources\orchestrator__vault-orchestrator__streamline_report.md,Reports/Freshness/Sources/orchestrator__vault-orchestrator__streamline_report.md,obsidian://open?vault=World_Machine&file=Reports%2FFreshness%2FSources%2Forchestrator__vault-orchestrator__streamline_report.md,World_Machine,,Freshness,,"[""world-machine-review"",""freshness""]",World_Machine,EvidenceArtifact
world:evidenceartifact:patents-uspto-open-data-portal-api-uspto-gov-ptab-proceedings,2026-06-01,USPTO Open Data Portal (api.uspto.gov) - ptab_proceedings,ptab_proceedings,,2026-05-16,Reports,USPTO Open Data Portal (api.uspto.gov) - ptab_proceedings,,USPTO Open Data Portal (api.uspto.gov) - ptab_proceedings,evidenceartifact,obsidian://open?vault=World_Machine&file=Reports%2FFreshness%2FSources%2Fpatents__uspto-open-data-portal-api-uspto-gov__ptab_proceedings.md,Reports/Freshness/Sources/patents__uspto-open-data-portal-api-uspto-gov__ptab_proceedings.md,watch,USPTO Open Data Portal (api.uspto.gov),Reports,C:\Users\CaveUser\Documents\Obsidian Vault\World_Machine\Reports\Freshness\Sources\patents__uspto-open-data-portal-api-uspto-gov__ptab_proceedings.md,World_Machine,Reports,C:\Users\CaveUser\Documents\Obsidian Vault\World_Machine\Reports\Freshness\Sources\patents__uspto-open-data-portal-api-uspto-gov__ptab_proceedings.md,Reports/Freshness/Sources/patents__uspto-open-data-portal-api-uspto-gov__ptab_proceedings.md,obsidian://open?vault=World_Machine&file=Reports%2FFreshness%2FSources%2Fpatents__uspto-open-data-portal-api-uspto-gov__ptab_proceedings.md,World_Machine,,Freshness,,"[""world-machine-review"",""freshness""]",World_Machine,EvidenceArtifact
world:evidenceartifact:portfolio-fidelity-positions-csv-portfolio-health-scan,2026-06-01,Fidelity positions CSV - portfolio_health_scan,portfolio_health_scan,,2026-05-07,Reports,Fidelity positions CSV - portfolio_health_scan,,Fidelity positions CSV - portfolio_health_scan,evidenceartifact,obsidian://open?vault=World_Machine&file=Reports%2FFreshness%2FSources%2Fportfolio__fidelity-positions-csv__portfolio_health_scan.md,Reports/Freshness/Sources/portfolio__fidelity-positions-csv__portfolio_health_scan.md,alert,Fidelity positions CSV,Reports,C:\Users\CaveUser\Documents\Obsidian Vault\World_Machine\Reports\Freshness\Sources\portfolio__fidelity-positions-csv__portfolio_health_scan.md,World_Machine,Reports,C:\Users\CaveUser\Documents\Obsidian Vault\World_Machine\Reports\Freshness\Sources\portfolio__fidelity-positions-csv__portfolio_health_scan.md,Reports/Freshness/Sources/portfolio__fidelity-positions-csv__portfolio_health_scan.md,obsidian://open?vault=World_Machine&file=Reports%2FFreshness%2FSources%2Fportfolio__fidelity-positions-csv__portfolio_health_scan.md,World_Machine,,Freshness,,"[""world-machine-review"",""freshness""]",World_Machine,EvidenceArtifact
world:evidenceartifact:positioning-my-data-institutional-positioning-agent-institutional-positioning-report,2026-06-01,My_Data Institutional Positioning Agent - institutional_positioning_report,institutional_positioning_report,,2026-05-15,Reports,My_Data Institutional Positioning Agent - institutional_positioning_report,,My_Data Institutional Positioning Agent - institutional_positioning_report,evidenceartifact,obsidian://open?vault=World_Machine&file=Reports%2FFreshness%2FSources%2Fpositioning__my_data-institutional-positioning-agent__institutional_positioning_report.md,Reports/Freshness/Sources/positioning__my_data-institutional-positioning-agent__institutional_positioning_report.md,watch,My_Data Institutional Positioning Agent,Reports,C:\Users\CaveUser\Documents\Obsidian Vault\World_Machine\Reports\Freshness\Sources\positioning__my_data-institutional-positioning-agent__institutional_positioning_report.md,World_Machine,Reports,C:\Users\CaveUser\Documents\Obsidian Vault\World_Machine\Reports\Freshness\Sources\positioning__my_data-institutional-positioning-agent__institutional_positioning_report.md,Reports/Freshness/Sources/positioning__my_data-institutional-positioning-agent__institutional_positioning_report.md,obsidian://open?vault=World_Machine&file=Reports%2FFreshness%2FSources%2Fpositioning__my_data-institutional-positioning-agent__institutional_positioning_report.md,World_Machine,,Freshness,,"[""world-machine-review"",""freshness""]",World_Machine,EvidenceArtifact
world:evidenceartifact:positioning-my-data-positioning-checklist-puller-positioning-checklist,2026-06-01,My_Data Positioning Checklist Puller - positioning_checklist,positioning_checklist,,2026-05-30,Reports,My_Data Positioning Checklist Puller - positioning_checklist,,My_Data Positioning Checklist Puller - positioning_checklist,evidenceartifact,obsidian://open?vault=World_Machine&file=Reports%2FFreshness%2FSources%2Fpositioning__my_data-positioning-checklist-puller__positioning_checklist.md,Reports/Freshness/Sources/positioning__my_data-positioning-checklist-puller__positioning_checklist.md,watch,My_Data Positioning Checklist Puller,Reports,C:\Users\CaveUser\Documents\Obsidian Vault\World_Machine\Reports\Freshness\Sources\positioning__my_data-positioning-checklist-puller__positioning_checklist.md,World_Machine,Reports,C:\Users\CaveUser\Documents\Obsidian Vault\World_Machine\Reports\Freshness\Sources\positioning__my_data-positioning-checklist-puller__positioning_checklist.md,Reports/Freshness/Sources/positioning__my_data-positioning-checklist-puller__positioning_checklist.md,obsidian://open?vault=World_Machine&file=Reports%2FFreshness%2FSources%2Fpositioning__my_data-positioning-checklist-puller__positioning_checklist.md,World_Machine,,Freshness,,"[""world-machine-review"",""freshness""]",World_Machine,EvidenceArtifact
world:evidenceartifact:positioning-vault-positioning-agent-positioning-report,2026-06-01,Vault Positioning Agent - positioning_report,positioning_report,,2026-05-02,Reports,Vault Positioning Agent - positioning_report,,Vault Positioning Agent - positioning_report,evidenceartifact,obsidian://open?vault=World_Machine&file=Reports%2FFreshness%2FSources%2Fpositioning__vault-positioning-agent__positioning_report.md,Reports/Freshness/Sources/positioning__vault-positioning-agent__positioning_report.md,watch,Vault Positioning Agent,Reports,C:\Users\CaveUser\Documents\Obsidian Vault\World_Machine\Reports\Freshness\Sources\positioning__vault-positioning-agent__positioning_report.md,World_Machine,Reports,C:\Users\CaveUser\Documents\Obsidian Vault\World_Machine\Reports\Freshness\Sources\positioning__vault-positioning-agent__positioning_report.md,Reports/Freshness/Sources/positioning__vault-positioning-agent__positioning_report.md,obsidian://open?vault=World_Machine&file=Reports%2FFreshness%2FSources%2Fpositioning__vault-positioning-agent__positioning_report.md,World_Machine,,Freshness,,"[""world-machine-review"",""freshness""]",World_Machine,EvidenceArtifact
world:evidenceartifact:positioning-vault-positioning-agent-positioning-watchlist,2026-06-01,Vault Positioning Agent - positioning_watchlist,positioning_watchlist,,2026-05-02,Reports,Vault Positioning Agent - positioning_watchlist,,Vault Positioning Agent - positioning_watchlist,evidenceartifact,obsidian://open?vault=World_Machine&file=Reports%2FFreshness%2FSources%2Fpositioning__vault-positioning-agent__positioning_watchlist.md,Reports/Freshness/Sources/positioning__vault-positioning-agent__positioning_watchlist.md,watch,Vault Positioning Agent,Reports,C:\Users\CaveUser\Documents\Obsidian Vault\World_Machine\Reports\Freshness\Sources\positioning__vault-positioning-agent__positioning_watchlist.md,World_Machine,Reports,C:\Users\CaveUser\Documents\Obsidian Vault\World_Machine\Reports\Freshness\Sources\positioning__vault-positioning-agent__positioning_watchlist.md,Reports/Freshness/Sources/positioning__vault-positioning-agent__positioning_watchlist.md,obsidian://open?vault=World_Machine&file=Reports%2FFreshness%2FSources%2Fpositioning__vault-positioning-agent__positioning_watchlist.md,World_Machine,,Freshness,,"[""world-machine-review"",""freshness""]",World_Machine,EvidenceArtifact
world:evidenceartifact:quarterly-reports-index,2026-06-01,_Quarterly Reports Index,reports-index,2026-05-13,,Reports,_Quarterly Reports Index,,_Quarterly Reports Index,evidenceartifact,obsidian://open?vault=World_Machine&file=Reports%2FQuarterly%2F_Quarterly%20Reports%20Index.md,Reports/Quarterly/_Quarterly Reports Index.md,,,Reports,C:\Users\CaveUser\Documents\Obsidian Vault\World_Machine\Reports\Quarterly\_Quarterly Reports Index.md,World_Machine,Reports,C:\Users\CaveUser\Documents\Obsidian Vault\World_Machine\Reports\Quarterly\_Quarterly Reports Index.md,Reports/Quarterly/_Quarterly Reports Index.md,obsidian://open?vault=World_Machine&file=Reports%2FQuarterly%2F_Quarterly%20Reports%20Index.md,World_Machine,,Quarterly,,"[""reports"",""quarterly"",""vault-state""]",World_Machine,EvidenceArtifact
world:evidenceartifact:rates-funding-collateral,2026-06-01,Rates / Funding / Collateral Cycle Status,market_cycle_status,,,Reports,Rates / Funding / Collateral Cycle Status,2026-05-30T20:01:29,Rates / Funding / Collateral Cycle Status,evidenceartifact,obsidian://open?vault=World_Machine&file=Reports%2FFreshness%2FMarket_Cycles%2Frates-funding-collateral.md,Reports/Freshness/Market_Cycles/rates-funding-collateral.md,watch,,Reports,C:\Users\CaveUser\Documents\Obsidian Vault\World_Machine\Reports\Freshness\Market_Cycles\rates-funding-collateral.md,World_Machine,Reports,C:\Users\CaveUser\Documents\Obsidian Vault\World_Machine\Reports\Freshness\Market_Cycles\rates-funding-collateral.md,Reports/Freshness/Market_Cycles/rates-funding-collateral.md,obsidian://open?vault=World_Machine&file=Reports%2FFreshness%2FMarket_Cycles%2Frates-funding-collateral.md,World_Machine,,Freshness,,"[""world-machine-review"",""market-cycle-monitor""]",World_Machine,EvidenceArtifact
world:evidenceartifact:readme,2026-06-01,README,reports-index,2026-05-13,,Reports,README,,README,evidenceartifact,obsidian://open?vault=World_Machine&file=Reports%2FREADME.md,Reports/README.md,,,Reports,C:\Users\CaveUser\Documents\Obsidian Vault\World_Machine\Reports\README.md,World_Machine,Reports,C:\Users\CaveUser\Documents\Obsidian Vault\World_Machine\Reports\README.md,Reports/README.md,obsidian://open?vault=World_Machine&file=Reports%2FREADME.md,World_Machine,,README.md,,"[""reports"",""vault-state"",""cadence""]",World_Machine,EvidenceArtifact
world:evidenceartifact:rebound-mechanics,2026-06-01,Rebound Mechanics Cycle Status,market_cycle_status,,,Reports,Rebound Mechanics Cycle Status,2026-06-01T09:45:11,Rebound Mechanics Cycle Status,evidenceartifact,obsidian://open?vault=World_Machine&file=Reports%2FFreshness%2FMarket_Cycles%2Frebound-mechanics.md,Reports/Freshness/Market_Cycles/rebound-mechanics.md,alert,,Reports,C:\Users\CaveUser\Documents\Obsidian Vault\World_Machine\Reports\Freshness\Market_Cycles\rebound-mechanics.md,World_Machine,Reports,C:\Users\CaveUser\Documents\Obsidian Vault\World_Machine\Reports\Freshness\Market_Cycles\rebound-mechanics.md,Reports/Freshness/Market_Cycles/rebound-mechanics.md,obsidian://open?vault=World_Machine&file=Reports%2FFreshness%2FMarket_Cycles%2Frebound-mechanics.md,World_Machine,,Freshness,,"[""world-machine-review"",""market-cycle-monitor""]",World_Machine,EvidenceArtifact
world:evidenceartifact:research-arxiv-export-arxiv-org-preprints,2026-06-01,arXiv (export.arxiv.org) - preprints,preprints,,2026-05-16,Reports,arXiv (export.arxiv.org) - preprints,,arXiv (export.arxiv.org) - preprints,evidenceartifact,obsidian://open?vault=World_Machine&file=Reports%2FFreshness%2FSources%2Fresearch__arxiv-export-arxiv-org__preprints.md,Reports/Freshness/Sources/research__arxiv-export-arxiv-org__preprints.md,clear,arXiv (export.arxiv.org),Reports,C:\Users\CaveUser\Documents\Obsidian Vault\World_Machine\Reports\Freshness\Sources\research__arxiv-export-arxiv-org__preprints.md,World_Machine,Reports,C:\Users\CaveUser\Documents\Obsidian Vault\World_Machine\Reports\Freshness\Sources\research__arxiv-export-arxiv-org__preprints.md,Reports/Freshness/Sources/research__arxiv-export-arxiv-org__preprints.md,obsidian://open?vault=World_Machine&file=Reports%2FFreshness%2FSources%2Fresearch__arxiv-export-arxiv-org__preprints.md,World_Machine,,Freshness,,"[""world-machine-review"",""freshness""]",World_Machine,EvidenceArtifact
world:evidenceartifact:research-ncbi-pubmed-eutils-ncbi-nlm-nih-gov-pubmed-articles,2026-06-01,NCBI PubMed (eutils.ncbi.nlm.nih.gov) - pubmed_articles,pubmed_articles,,2026-05-16,Reports,NCBI PubMed (eutils.ncbi.nlm.nih.gov) - pubmed_articles,,NCBI PubMed (eutils.ncbi.nlm.nih.gov) - pubmed_articles,evidenceartifact,obsidian://open?vault=World_Machine&file=Reports%2FFreshness%2FSources%2Fresearch__ncbi-pubmed-eutils-ncbi-nlm-nih-gov__pubmed_articles.md,Reports/Freshness/Sources/research__ncbi-pubmed-eutils-ncbi-nlm-nih-gov__pubmed_articles.md,clear,NCBI PubMed (eutils.ncbi.nlm.nih.gov),Reports,C:\Users\CaveUser\Documents\Obsidian Vault\World_Machine\Reports\Freshness\Sources\research__ncbi-pubmed-eutils-ncbi-nlm-nih-gov__pubmed_articles.md,World_Machine,Reports,C:\Users\CaveUser\Documents\Obsidian Vault\World_Machine\Reports\Freshness\Sources\research__ncbi-pubmed-eutils-ncbi-nlm-nih-gov__pubmed_articles.md,Reports/Freshness/Sources/research__ncbi-pubmed-eutils-ncbi-nlm-nih-gov__pubmed_articles.md,obsidian://open?vault=World_Machine&file=Reports%2FFreshness%2FSources%2Fresearch__ncbi-pubmed-eutils-ncbi-nlm-nih-gov__pubmed_articles.md,World_Machine,,Freshness,,"[""world-machine-review"",""freshness""]",World_Machine,EvidenceArtifact
world:evidenceartifact:research-semantic-scholar-academic-graph-semantic-scholar-papers,2026-06-01,Semantic Scholar Academic Graph - semantic_scholar_papers,semantic_scholar_papers,,2026-05-16,Reports,Semantic Scholar Academic Graph - semantic_scholar_papers,,Semantic Scholar Academic Graph - semantic_scholar_papers,evidenceartifact,obsidian://open?vault=World_Machine&file=Reports%2FFreshness%2FSources%2Fresearch__semantic-scholar-academic-graph__semantic_scholar_papers.md,Reports/Freshness/Sources/research__semantic-scholar-academic-graph__semantic_scholar_papers.md,clear,Semantic Scholar Academic Graph,Reports,C:\Users\CaveUser\Documents\Obsidian Vault\World_Machine\Reports\Freshness\Sources\research__semantic-scholar-academic-graph__semantic_scholar_papers.md,World_Machine,Reports,C:\Users\CaveUser\Documents\Obsidian Vault\World_Machine\Reports\Freshness\Sources\research__semantic-scholar-academic-graph__semantic_scholar_papers.md,Reports/Freshness/Sources/research__semantic-scholar-academic-graph__semantic_scholar_papers.md,obsidian://open?vault=World_Machine&file=Reports%2FFreshness%2FSources%2Fresearch__semantic-scholar-academic-graph__semantic_scholar_papers.md,World_Machine,,Freshness,,"[""world-machine-review"",""freshness""]",World_Machine,EvidenceArtifact
world:evidenceartifact:research-semantic-scholar-academic-graph-semantic-scholar-top-cited-papers,2026-06-01,Semantic Scholar Academic Graph - semantic_scholar_top_cited_papers,semantic_scholar_top_cited_papers,,2026-05-08,Reports,Semantic Scholar Academic Graph - semantic_scholar_top_cited_papers,,Semantic Scholar Academic Graph - semantic_scholar_top_cited_papers,evidenceartifact,obsidian://open?vault=World_Machine&file=Reports%2FFreshness%2FSources%2Fresearch__semantic-scholar-academic-graph__semantic_scholar_top_cited_papers.md,Reports/Freshness/Sources/research__semantic-scholar-academic-graph__semantic_scholar_top_cited_papers.md,clear,Semantic Scholar Academic Graph,Reports,C:\Users\CaveUser\Documents\Obsidian Vault\World_Machine\Reports\Freshness\Sources\research__semantic-scholar-academic-graph__semantic_scholar_top_cited_papers.md,World_Machine,Reports,C:\Users\CaveUser\Documents\Obsidian Vault\World_Machine\Reports\Freshness\Sources\research__semantic-scholar-academic-graph__semantic_scholar_top_cited_papers.md,Reports/Freshness/Sources/research__semantic-scholar-academic-graph__semantic_scholar_top_cited_papers.md,obsidian://open?vault=World_Machine&file=Reports%2FFreshness%2FSources%2Fresearch__semantic-scholar-academic-graph__semantic_scholar_top_cited_papers.md,World_Machine,,Freshness,,"[""world-machine-review"",""freshness""]",World_Machine,EvidenceArtifact
world:evidenceartifact:sectors-conviction-tracker-conviction-delta,2026-06-01,conviction-tracker - conviction_delta,conviction_delta,,2026-05-25,Reports,conviction-tracker - conviction_delta,,conviction-tracker - conviction_delta,evidenceartifact,obsidian://open?vault=World_Machine&file=Reports%2FFreshness%2FSources%2Fsectors__conviction-tracker__conviction_delta.md,Reports/Freshness/Sources/sectors__conviction-tracker__conviction_delta.md,watch,conviction-tracker,Reports,C:\Users\CaveUser\Documents\Obsidian Vault\World_Machine\Reports\Freshness\Sources\sectors__conviction-tracker__conviction_delta.md,World_Machine,Reports,C:\Users\CaveUser\Documents\Obsidian Vault\World_Machine\Reports\Freshness\Sources\sectors__conviction-tracker__conviction_delta.md,Reports/Freshness/Sources/sectors__conviction-tracker__conviction_delta.md,obsidian://open?vault=World_Machine&file=Reports%2FFreshness%2FSources%2Fsectors__conviction-tracker__conviction_delta.md,World_Machine,,Freshness,,"[""world-machine-review"",""freshness""]",World_Machine,EvidenceArtifact
world:evidenceartifact:sectors-financial-modeling-prep-screener,2026-06-01,Financial Modeling Prep - screener,screener,,2026-05-24,Reports,Financial Modeling Prep - screener,,Financial Modeling Prep - screener,evidenceartifact,obsidian://open?vault=World_Machine&file=Reports%2FFreshness%2FSources%2Fsectors__financial-modeling-prep__screener.md,Reports/Freshness/Sources/sectors__financial-modeling-prep__screener.md,clear,Financial Modeling Prep,Reports,C:\Users\CaveUser\Documents\Obsidian Vault\World_Machine\Reports\Freshness\Sources\sectors__financial-modeling-prep__screener.md,World_Machine,Reports,C:\Users\CaveUser\Documents\Obsidian Vault\World_Machine\Reports\Freshness\Sources\sectors__financial-modeling-prep__screener.md,Reports/Freshness/Sources/sectors__financial-modeling-prep__screener.md,obsidian://open?vault=World_Machine&file=Reports%2FFreshness%2FSources%2Fsectors__financial-modeling-prep__screener.md,World_Machine,,Freshness,,"[""world-machine-review"",""freshness""]",World_Machine,EvidenceArtifact
world:evidenceartifact:sectors-sec-edgar-newsapi-fmp-sector-scan,2026-06-01,SEC EDGAR + NewsAPI + FMP - sector_scan,sector_scan,,2026-05-26,Reports,SEC EDGAR + NewsAPI + FMP - sector_scan,,SEC EDGAR + NewsAPI + FMP - sector_scan,evidenceartifact,obsidian://open?vault=World_Machine&file=Reports%2FFreshness%2FSources%2Fsectors__sec-edgar-newsapi-fmp__sector_scan.md,Reports/Freshness/Sources/sectors__sec-edgar-newsapi-fmp__sector_scan.md,watch,SEC EDGAR + NewsAPI + FMP,Reports,C:\Users\CaveUser\Documents\Obsidian Vault\World_Machine\Reports\Freshness\Sources\sectors__sec-edgar-newsapi-fmp__sector_scan.md,World_Machine,Reports,C:\Users\CaveUser\Documents\Obsidian Vault\World_Machine\Reports\Freshness\Sources\sectors__sec-edgar-newsapi-fmp__sector_scan.md,Reports/Freshness/Sources/sectors__sec-edgar-newsapi-fmp__sector_scan.md,obsidian://open?vault=World_Machine&file=Reports%2FFreshness%2FSources%2Fsectors__sec-edgar-newsapi-fmp__sector_scan.md,World_Machine,,Freshness,,"[""world-machine-review"",""freshness""]",World_Machine,EvidenceArtifact
world:evidenceartifact:sectors-sector-scan-sector-scan,2026-06-01,sector-scan - sector_scan,sector_scan,,2026-05-26,Reports,sector-scan - sector_scan,,sector-scan - sector_scan,evidenceartifact,obsidian://open?vault=World_Machine&file=Reports%2FFreshness%2FSources%2Fsectors__sector-scan__sector_scan.md,Reports/Freshness/Sources/sectors__sector-scan__sector_scan.md,watch,sector-scan,Reports,C:\Users\CaveUser\Documents\Obsidian Vault\World_Machine\Reports\Freshness\Sources\sectors__sector-scan__sector_scan.md,World_Machine,Reports,C:\Users\CaveUser\Documents\Obsidian Vault\World_Machine\Reports\Freshness\Sources\sectors__sector-scan__sector_scan.md,Reports/Freshness/Sources/sectors__sector-scan__sector_scan.md,obsidian://open?vault=World_Machine&file=Reports%2FFreshness%2FSources%2Fsectors__sector-scan__sector_scan.md,World_Machine,,Freshness,,"[""world-machine-review"",""freshness""]",World_Machine,EvidenceArtifact
world:evidenceartifact:signals-canonical-signal-intelligence-signal-intelligence,2026-06-01,Canonical Signal Intelligence - signal_intelligence,signal_intelligence,,2026-06-01,Reports,Canonical Signal Intelligence - signal_intelligence,,Canonical Signal Intelligence - signal_intelligence,evidenceartifact,obsidian://open?vault=World_Machine&file=Reports%2FFreshness%2FSources%2Fsignals__canonical-signal-intelligence__signal_intelligence.md,Reports/Freshness/Sources/signals__canonical-signal-intelligence__signal_intelligence.md,alert,Canonical Signal Intelligence,Reports,C:\Users\CaveUser\Documents\Obsidian Vault\World_Machine\Reports\Freshness\Sources\signals__canonical-signal-intelligence__signal_intelligence.md,World_Machine,Reports,C:\Users\CaveUser\Documents\Obsidian Vault\World_Machine\Reports\Freshness\Sources\signals__canonical-signal-intelligence__signal_intelligence.md,Reports/Freshness/Sources/signals__canonical-signal-intelligence__signal_intelligence.md,obsidian://open?vault=World_Machine&file=Reports%2FFreshness%2FSources%2Fsignals__canonical-signal-intelligence__signal_intelligence.md,World_Machine,,Freshness,,"[""world-machine-review"",""freshness""]",World_Machine,EvidenceArtifact
world:evidenceartifact:source-gap-register,2026-06-01,Source Gap Register - 2026-05-28,source_gap_register,,2026-05-28,Reports,Source Gap Register - 2026-05-28,,Source Gap Register - 2026-05-28,evidenceartifact,obsidian://open?vault=World_Machine&file=Reports%2FSource%20Gap%20Register.md,Reports/Source Gap Register.md,,World Machine Review Flow,Reports,C:\Users\CaveUser\Documents\Obsidian Vault\World_Machine\Reports\Source Gap Register.md,World_Machine,Reports,C:\Users\CaveUser\Documents\Obsidian Vault\World_Machine\Reports\Source Gap Register.md,Reports/Source Gap Register.md,obsidian://open?vault=World_Machine&file=Reports%2FSource%20Gap%20Register.md,World_Machine,,Source Gap Register.md,,"[""world-machine-review"",""source_gap_register"",""standing""]",World_Machine,EvidenceArtifact
world:evidenceartifact:source-watch-source-watch-updated-posts,2026-06-01,Source Watch - updated_posts,updated_posts,,2026-05-26,Reports,Source Watch - updated_posts,,Source Watch - updated_posts,evidenceartifact,obsidian://open?vault=World_Machine&file=Reports%2FFreshness%2FSources%2Fsource_watch__source-watch__updated_posts.md,Reports/Freshness/Sources/source_watch__source-watch__updated_posts.md,watch,Source Watch,Reports,C:\Users\CaveUser\Documents\Obsidian Vault\World_Machine\Reports\Freshness\Sources\source_watch__source-watch__updated_posts.md,World_Machine,Reports,C:\Users\CaveUser\Documents\Obsidian Vault\World_Machine\Reports\Freshness\Sources\source_watch__source-watch__updated_posts.md,Reports/Freshness/Sources/source_watch__source-watch__updated_posts.md,obsidian://open?vault=World_Machine&file=Reports%2FFreshness%2FSources%2Fsource_watch__source-watch__updated_posts.md,World_Machine,,Freshness,,"[""world-machine-review"",""freshness""]",World_Machine,EvidenceArtifact
world:evidenceartifact:template-eod-report,2026-06-01,_TEMPLATE - EOD Report,report,{{YYYY-MM-DD}},,Reports,_TEMPLATE - EOD Report,,_TEMPLATE - EOD Report,evidenceartifact,obsidian://open?vault=World_Machine&file=Reports%2FEOD%2F_TEMPLATE%20-%20EOD%20Report.md,Reports/EOD/_TEMPLATE - EOD Report.md,{{normal|alert|elevated|critical}},,Reports,C:\Users\CaveUser\Documents\Obsidian Vault\World_Machine\Reports\EOD\_TEMPLATE - EOD Report.md,World_Machine,Reports,C:\Users\CaveUser\Documents\Obsidian Vault\World_Machine\Reports\EOD\_TEMPLATE - EOD Report.md,Reports/EOD/_TEMPLATE - EOD Report.md,obsidian://open?vault=World_Machine&file=Reports%2FEOD%2F_TEMPLATE%20-%20EOD%20Report.md,World_Machine,active,EOD,,"[""report"",""eod"",""vault-state"",""macro"",""strategy"",""detective-brief""]",World_Machine,EvidenceArtifact
world:evidenceartifact:template-weekly-report,2026-06-01,_TEMPLATE - Weekly Report,report,{{YYYY-MM-DD}},,Reports,_TEMPLATE - Weekly Report,,_TEMPLATE - Weekly Report,evidenceartifact,obsidian://open?vault=World_Machine&file=Reports%2FWeekly%2F_TEMPLATE%20-%20Weekly%20Report.md,Reports/Weekly/_TEMPLATE - Weekly Report.md,,,Reports,C:\Users\CaveUser\Documents\Obsidian Vault\World_Machine\Reports\Weekly\_TEMPLATE - Weekly Report.md,World_Machine,Reports,C:\Users\CaveUser\Documents\Obsidian Vault\World_Machine\Reports\Weekly\_TEMPLATE - Weekly Report.md,Reports/Weekly/_TEMPLATE - Weekly Report.md,obsidian://open?vault=World_Machine&file=Reports%2FWeekly%2F_TEMPLATE%20-%20Weekly%20Report.md,World_Machine,active,Weekly,,"[""report"",""weekly"",""vault-state"",""regime-review"",""strategy-review""]",World_Machine,EvidenceArtifact
world:evidenceartifact:theses-combination-reporting-system-opportunity-viewpoints,2026-06-01,Combination Reporting System - opportunity_viewpoints,opportunity_viewpoints,,2026-05-26,Reports,Combination Reporting System - opportunity_viewpoints,,Combination Reporting System - opportunity_viewpoints,evidenceartifact,obsidian://open?vault=World_Machine&file=Reports%2FFreshness%2FSources%2Ftheses__combination-reporting-system__opportunity_viewpoints.md,Reports/Freshness/Sources/theses__combination-reporting-system__opportunity_viewpoints.md,alert,Combination Reporting System,Reports,C:\Users\CaveUser\Documents\Obsidian Vault\World_Machine\Reports\Freshness\Sources\theses__combination-reporting-system__opportunity_viewpoints.md,World_Machine,Reports,C:\Users\CaveUser\Documents\Obsidian Vault\World_Machine\Reports\Freshness\Sources\theses__combination-reporting-system__opportunity_viewpoints.md,Reports/Freshness/Sources/theses__combination-reporting-system__opportunity_viewpoints.md,obsidian://open?vault=World_Machine&file=Reports%2FFreshness%2FSources%2Ftheses__combination-reporting-system__opportunity_viewpoints.md,World_Machine,,Freshness,,"[""world-machine-review"",""freshness""]",World_Machine,EvidenceArtifact
world:evidenceartifact:theses-event-research-event-research-report,2026-06-01,Event Research - event_research_report,event_research_report,,2026-05-25,Reports,Event Research - event_research_report,,Event Research - event_research_report,evidenceartifact,obsidian://open?vault=World_Machine&file=Reports%2FFreshness%2FSources%2Ftheses__event-research__event_research_report.md,Reports/Freshness/Sources/theses__event-research__event_research_report.md,alert,Event Research,Reports,C:\Users\CaveUser\Documents\Obsidian Vault\World_Machine\Reports\Freshness\Sources\theses__event-research__event_research_report.md,World_Machine,Reports,C:\Users\CaveUser\Documents\Obsidian Vault\World_Machine\Reports\Freshness\Sources\theses__event-research__event_research_report.md,Reports/Freshness/Sources/theses__event-research__event_research_report.md,obsidian://open?vault=World_Machine&file=Reports%2FFreshness%2FSources%2Ftheses__event-research__event_research_report.md,World_Machine,,Freshness,,"[""world-machine-review"",""freshness""]",World_Machine,EvidenceArtifact
world:evidenceartifact:weekly-reports-index,2026-06-01,_Weekly Reports Index,reports-index,2026-05-13,,Reports,_Weekly Reports Index,,_Weekly Reports Index,evidenceartifact,obsidian://open?vault=World_Machine&file=Reports%2FWeekly%2F_Weekly%20Reports%20Index.md,Reports/Weekly/_Weekly Reports Index.md,,,Reports,C:\Users\CaveUser\Documents\Obsidian Vault\World_Machine\Reports\Weekly\_Weekly Reports Index.md,World_Machine,Reports,C:\Users\CaveUser\Documents\Obsidian Vault\World_Machine\Reports\Weekly\_Weekly Reports Index.md,Reports/Weekly/_Weekly Reports Index.md,obsidian://open?vault=World_Machine&file=Reports%2FWeekly%2F_Weekly%20Reports%20Index.md,World_Machine,,Weekly,,"[""reports"",""weekly"",""vault-state""]",World_Machine,EvidenceArtifact
world:evidenceartifact:yearly-reports-index,2026-06-01,_Yearly Reports Index,reports-index,2026-05-13,,Reports,_Yearly Reports Index,,_Yearly Reports Index,evidenceartifact,obsidian://open?vault=World_Machine&file=Reports%2FYearly%2F_Yearly%20Reports%20Index.md,Reports/Yearly/_Yearly Reports Index.md,,,Reports,C:\Users\CaveUser\Documents\Obsidian Vault\World_Machine\Reports\Yearly\_Yearly Reports Index.md,World_Machine,Reports,C:\Users\CaveUser\Documents\Obsidian Vault\World_Machine\Reports\Yearly\_Yearly Reports Index.md,Reports/Yearly/_Yearly Reports Index.md,obsidian://open?vault=World_Machine&file=Reports%2FYearly%2F_Yearly%20Reports%20Index.md,World_Machine,,Yearly,,"[""reports"",""yearly"",""vault-state""]",World_Machine,EvidenceArtifact
world:newsitem:federal-rule-takes-aim-at-health-care-bureaucracy-reducing-dispute-fees-and-boosting-transparency,2026-06-01,"Federal Rule Takes Aim at Health Care Bureaucracy, Reducing Dispute Fees, and Boosting Transparency",,2026-05-28,,News,"Federal Rule Takes Aim at Health Care Bureaucracy, Reducing Dispute Fees, and Boosting Transparency",,"Federal Rule Takes Aim at Health Care Bureaucracy, Reducing Dispute Fees, and Boosting Transparency",newsitem,obsidian://open?vault=World_Machine&file=_Inbox%2F10_Themes%2FPolicy%20Regulation%20and%20Institutions%2FFederal%20Rule%20Takes%20Aim%20at%20Health%20Care%20Bureaucracy%2C%20Reducing%20Dispute%20Fees%2C%20and%20Boosting%20Transparency.md,"_Inbox/10_Themes/Policy Regulation and Institutions/Federal Rule Takes Aim at Health Care Bureaucracy, Reducing Dispute Fees, and Boosting Transparency.md",,https://www.cms.gov/files/document/federal-independent-dispute-resolution-operations-cms-9897-f.pdf,_Inbox,"C:\Users\CaveUser\Documents\Obsidian Vault\World_Machine\_Inbox\10_Themes\Policy Regulation and Institutions\Federal Rule Takes Aim at Health Care Bureaucracy, Reducing Dispute Fees, and Boosting Transparency.md",World_Machine,_Inbox,"C:\Users\CaveUser\Documents\Obsidian Vault\World_Machine\_Inbox\10_Themes\Policy Regulation and Institutions\Federal Rule Takes Aim at Health Care Bureaucracy, Reducing Dispute Fees, and Boosting Transparency.md","_Inbox/10_Themes/Policy Regulation and Institutions/Federal Rule Takes Aim at Health Care Bureaucracy, Reducing Dispute Fees, and Boosting Transparency.md",obsidian://open?vault=World_Machine&file=_Inbox%2F10_Themes%2FPolicy%20Regulation%20and%20Institutions%2FFederal%20Rule%20Takes%20Aim%20at%20Health%20Care%20Bureaucracy%2C%20Reducing%20Dispute%20Fees%2C%20and%20Boosting%20Transparency.md,World_Machine,,10_Themes,,"[""clippings""]",World_Machine,SourceItem;EvidenceArtifact;NewsItem
world:newsitem:gold-miners-are-a-screaming-buy-here,2026-06-01,Gold Miners Are a Screaming Buy Here,,2026-05-26,,News,Gold Miners Are a Screaming Buy Here,,Gold Miners Are a Screaming Buy Here,newsitem,obsidian://open?vault=World_Machine&file=_Inbox%2F10_Themes%2FStrategy%20Setups%20and%20Watchpoints%2FGold%20Miners%20Are%20a%20Screaming%20Buy%20Here.md,_Inbox/10_Themes/Strategy Setups and Watchpoints/Gold Miners Are a Screaming Buy Here.md,,https://dailyreckoning.com/gold-miners-are-a-screaming-buy-here/,_Inbox,C:\Users\CaveUser\Documents\Obsidian Vault\World_Machine\_Inbox\10_Themes\Strategy Setups and Watchpoints\Gold Miners Are a Screaming Buy Here.md,World_Machine,_Inbox,C:\Users\CaveUser\Documents\Obsidian Vault\World_Machine\_Inbox\10_Themes\Strategy Setups and Watchpoints\Gold Miners Are a Screaming Buy Here.md,_Inbox/10_Themes/Strategy Setups and Watchpoints/Gold Miners Are a Screaming Buy Here.md,obsidian://open?vault=World_Machine&file=_Inbox%2F10_Themes%2FStrategy%20Setups%20and%20Watchpoints%2FGold%20Miners%20Are%20a%20Screaming%20Buy%20Here.md,World_Machine,,10_Themes,Matt Badiali says miners offer better value than bullion...,"[""clippings""]",World_Machine,SourceItem;EvidenceArtifact;NewsItem
world:newsitem:inbox-ingestion-runbook,2026-06-01,Inbox Ingestion Runbook,runbook,2026-05-12,,News,Inbox Ingestion Runbook,,Inbox Ingestion Runbook,newsitem,obsidian://open?vault=World_Machine&file=_Inbox%2FInbox%20Ingestion%20Runbook.md,_Inbox/Inbox Ingestion Runbook.md,,,_Inbox,C:\Users\CaveUser\Documents\Obsidian Vault\World_Machine\_Inbox\Inbox Ingestion Runbook.md,World_Machine,_Inbox,C:\Users\CaveUser\Documents\Obsidian Vault\World_Machine\_Inbox\Inbox Ingestion Runbook.md,_Inbox/Inbox Ingestion Runbook.md,obsidian://open?vault=World_Machine&file=_Inbox%2FInbox%20Ingestion%20Runbook.md,World_Machine,,Inbox Ingestion Runbook.md,,"[""process"",""inbox"",""ingestion"",""workflow"",""macro""]",World_Machine,SourceItem;EvidenceArtifact;NewsItem
world:newsitem:inbox-readme,2026-06-01,_Inbox README,inbox,2026-05-11,,News,_Inbox README,,_Inbox README,newsitem,obsidian://open?vault=World_Machine&file=_Inbox%2F_Inbox%20README.md,_Inbox/_Inbox README.md,,,_Inbox,C:\Users\CaveUser\Documents\Obsidian Vault\World_Machine\_Inbox\_Inbox README.md,World_Machine,_Inbox,C:\Users\CaveUser\Documents\Obsidian Vault\World_Machine\_Inbox\_Inbox README.md,_Inbox/_Inbox README.md,obsidian://open?vault=World_Machine&file=_Inbox%2F_Inbox%20README.md,World_Machine,,_Inbox README.md,,[],World_Machine,SourceItem;EvidenceArtifact;NewsItem
world:newsitem:inbox-topic-map,2026-06-01,Inbox Topic Map,inbox-map,2026-05-15,,News,Inbox Topic Map,,Inbox Topic Map,newsitem,obsidian://open?vault=World_Machine&file=_Inbox%2FInbox%20Topic%20Map.md,_Inbox/Inbox Topic Map.md,,,_Inbox,C:\Users\CaveUser\Documents\Obsidian Vault\World_Machine\_Inbox\Inbox Topic Map.md,World_Machine,_Inbox,C:\Users\CaveUser\Documents\Obsidian Vault\World_Machine\_Inbox\Inbox Topic Map.md,_Inbox/Inbox Topic Map.md,obsidian://open?vault=World_Machine&file=_Inbox%2FInbox%20Topic%20Map.md,World_Machine,,Inbox Topic Map.md,,"[""inbox"",""triage"",""routing"",""sectors"",""themes""]",World_Machine,SourceItem;EvidenceArtifact;NewsItem
world:newsitem:review-queue,2026-06-01,Review Queue,,,,News,Review Queue,,Review Queue,newsitem,obsidian://open?vault=World_Machine&file=_Inbox%2FReview%20Queue.md,_Inbox/Review Queue.md,,,_Inbox,C:\Users\CaveUser\Documents\Obsidian Vault\World_Machine\_Inbox\Review Queue.md,World_Machine,_Inbox,C:\Users\CaveUser\Documents\Obsidian Vault\World_Machine\_Inbox\Review Queue.md,_Inbox/Review Queue.md,obsidian://open?vault=World_Machine&file=_Inbox%2FReview%20Queue.md,World_Machine,,Review Queue.md,,[],World_Machine,SourceItem;EvidenceArtifact;NewsItem
world:newsitem:the-loom-and-doom-crowd,2026-06-01,The Loom and Doom Crowd,,2026-05-28,,News,The Loom and Doom Crowd,,The Loom and Doom Crowd,newsitem,obsidian://open?vault=World_Machine&file=_Inbox%2F10_Themes%2FMacro%20Regime%20and%20Economic%20Data%2FThe%20Loom%20and%20Doom%20Crowd.md,_Inbox/10_Themes/Macro Regime and Economic Data/The Loom and Doom Crowd.md,,https://dailyreckoning.com/the-loom-and-doom-crowd/,_Inbox,C:\Users\CaveUser\Documents\Obsidian Vault\World_Machine\_Inbox\10_Themes\Macro Regime and Economic Data\The Loom and Doom Crowd.md,World_Machine,_Inbox,C:\Users\CaveUser\Documents\Obsidian Vault\World_Machine\_Inbox\10_Themes\Macro Regime and Economic Data\The Loom and Doom Crowd.md,_Inbox/10_Themes/Macro Regime and Economic Data/The Loom and Doom Crowd.md,obsidian://open?vault=World_Machine&file=_Inbox%2F10_Themes%2FMacro%20Regime%20and%20Economic%20Data%2FThe%20Loom%20and%20Doom%20Crowd.md,World_Machine,,10_Themes,Every new tool creates the same old panic.,"[""clippings""]",World_Machine,SourceItem;EvidenceArtifact;NewsItem
world:newsitem:the-regional-side-of-the-story-k-shaped-pattern-in-region-wider-gap-in-gas-spending,2026-06-01,"The Regional Side of the Story: K-Shaped Pattern in Region, Wider Gap in Gas Spending",,2026-05-28,,News,"The Regional Side of the Story: K-Shaped Pattern in Region, Wider Gap in Gas Spending",,"The Regional Side of the Story: K-Shaped Pattern in Region, Wider Gap in Gas Spending",newsitem,obsidian://open?vault=World_Machine&file=_Inbox%2F10_Themes%2FMacro%20Regime%20and%20Economic%20Data%2FThe%20Regional%20Side%20of%20the%20Story_%20K-Shaped%20Pattern%20in%20Region%2C%20Wider%20Gap%20in%20Gas%20Spending.md,"_Inbox/10_Themes/Macro Regime and Economic Data/The Regional Side of the Story_ K-Shaped Pattern in Region, Wider Gap in Gas Spending.md",,https://libertystreeteconomics.newyorkfed.org/2026/05/the-regional-side-of-the-story-k-shaped-pattern-in-region-wider-gap-in-gas-spending/,_Inbox,"C:\Users\CaveUser\Documents\Obsidian Vault\World_Machine\_Inbox\10_Themes\Macro Regime and Economic Data\The Regional Side of the Story_ K-Shaped Pattern in Region, Wider Gap in Gas Spending.md",World_Machine,_Inbox,"C:\Users\CaveUser\Documents\Obsidian Vault\World_Machine\_Inbox\10_Themes\Macro Regime and Economic Data\The Regional Side of the Story_ K-Shaped Pattern in Region, Wider Gap in Gas Spending.md","_Inbox/10_Themes/Macro Regime and Economic Data/The Regional Side of the Story_ K-Shaped Pattern in Region, Wider Gap in Gas Spending.md",obsidian://open?vault=World_Machine&file=_Inbox%2F10_Themes%2FMacro%20Regime%20and%20Economic%20Data%2FThe%20Regional%20Side%20of%20the%20Story_%20K-Shaped%20Pattern%20in%20Region%2C%20Wider%20Gap%20in%20Gas%20Spending.md,World_Machine,,10_Themes,A look at K-shaped spending patterns in the Second District using regional consumer spending indicators in the April 2026 Economic Heterogeneity Indicators.,"[""clippings""]",World_Machine,SourceItem;EvidenceArtifact;NewsItem
