id:ID,asOfDate,canonicalName,country,createdBy,domain,exchange,label,latest_premarket_volume,latest_premarket_volume_asof,latest_price_close,latest_price_close_asof,latest_price_premarket,latest_price_premarket_asof,latest_volume,latest_volume_asof,name,nodeType,obsidianUrl,relativePath,sector,sourceFolder,sourcePath,sourceVault,source_folder,source_path,source_rel_path,source_url,source_vault,status,subdomain,symbol,tags,ticker,vault,:LABEL
world:stock:AA,2026-06-01,AA,,,Entities,,AA,,,,,,,,,AA,stock,,,,,,,,,,,,,,AA,[],AA,,Entity;Stock
world:stock:AAPL,2026-06-01,AAPL,[[USA]],,Entities,NASDAQ,AAPL,44170581,2026-06-01T21:53:25.092000000Z,306.31,2026-06-01T21:46:44.891000000Z,306.31,2026-06-01T21:53:25.092000000Z,44170581,2026-06-01T21:46:44.891000000Z,AAPL,stock,obsidian://open?vault=World_Machine&file=Entities%2FStocks%2FAAPL.md,Entities/Stocks/AAPL.md,[[Tech Sector]],Entities,C:\Users\CaveUser\Documents\Obsidian Vault\World_Machine\Entities\Stocks\AAPL.md,World_Machine,Entities,C:\Users\CaveUser\Documents\Obsidian Vault\World_Machine\Entities\Stocks\AAPL.md,Entities/Stocks/AAPL.md,obsidian://open?vault=World_Machine&file=Entities%2FStocks%2FAAPL.md,World_Machine,Active,Stocks,AAPL,"[""stock""]",AAPL,World_Machine,Stock
world:stock:ABBV,2026-06-01,ABBV,[[USA]],,Entities,NYSE,ABBV,,,,,,,,,ABBV,stock,obsidian://open?vault=World_Machine&file=Entities%2FStocks%2FABBV.md,Entities/Stocks/ABBV.md,[[Healthcare]],Entities,C:\Users\CaveUser\Documents\Obsidian Vault\World_Machine\Entities\Stocks\ABBV.md,World_Machine,Entities,C:\Users\CaveUser\Documents\Obsidian Vault\World_Machine\Entities\Stocks\ABBV.md,Entities/Stocks/ABBV.md,obsidian://open?vault=World_Machine&file=Entities%2FStocks%2FABBV.md,World_Machine,Active,Stocks,ABBV,"[""stock"",""pharma"",""mental-health"",""psychedelics""]",ABBV,World_Machine,Entity;Stock
world:stock:ABNB,2026-06-01,ABNB,,,Entities,,ABNB,,,,,,,,,ABNB,stock,,,,,,,,,,,,,,ABNB,[],ABNB,,Entity;Stock
world:stock:ABR,2026-06-01,ABR,,,Entities,,ABR,,,,,,,,,ABR,stock,,,,,,,,,,,,,,ABR,[],ABR,,Entity;Stock
world:stock:ABT,2026-06-01,ABT,,,Entities,,ABT,,,,,,,,,ABT,stock,,,,,,,,,,,,,,ABT,[],ABT,,Entity;Stock
world:stock:ABUS,2026-06-01,ABUS,,,Entities,,ABUS,,,,,,,,,ABUS,stock,,,,,,,,,,,,,,ABUS,[],ABUS,,Entity;Stock
world:stock:ACAD,2026-06-01,ACAD,,,Entities,,ACAD,,,,,,,,,ACAD,stock,,,,,,,,,,,,,,ACAD,[],ACAD,,Entity;Stock
world:stock:ACGL,2026-06-01,ACGL,,,Entities,,ACGL,,,,,,,,,ACGL,stock,,,,,,,,,,,,,,ACGL,[],ACGL,,Entity;Stock
world:stock:ACHR,2026-06-01,ACHR,[[USA]],,Entities,NYSE,ACHR,,,,,,,,,ACHR,stock,obsidian://open?vault=World_Machine&file=Entities%2FStocks%2FACHR.md,Entities/Stocks/ACHR.md,[[Industrials]],Entities,C:\Users\CaveUser\Documents\Obsidian Vault\World_Machine\Entities\Stocks\ACHR.md,World_Machine,Entities,C:\Users\CaveUser\Documents\Obsidian Vault\World_Machine\Entities\Stocks\ACHR.md,Entities/Stocks/ACHR.md,obsidian://open?vault=World_Machine&file=Entities%2FStocks%2FACHR.md,World_Machine,Active,Stocks,ACHR,"[""stock"",""evtol"",""drones"",""air-mobility""]",ACHR,World_Machine,Entity;Stock
world:stock:ACI,2026-06-01,ACI,,,Entities,,ACI,,,,,,,,,ACI,stock,,,,,,,,,,,,,,ACI,[],ACI,,Entity;Stock
world:stock:ACN,2026-06-01,ACN,,,Entities,,ACN,,,,,,,,,ACN,stock,,,,,,,,,,,,,,ACN,[],ACN,,Entity;Stock
world:stock:ACNT,2026-06-01,ACNT,,,Entities,,ACNT,,,,,,,,,ACNT,stock,,,,,,,,,,,,,,ACNT,[],ACNT,,Entity;Stock
world:stock:ACRE,2026-06-01,ACRE,,,Entities,,ACRE,,,,,,,,,ACRE,stock,,,,,,,,,,,,,,ACRE,[],ACRE,,Entity;Stock
world:stock:ACVA,2026-06-01,ACVA,,,Entities,,ACVA,,,,,,,,,ACVA,stock,,,,,,,,,,,,,,ACVA,[],ACVA,,Entity;Stock
world:stock:ADAMI,2026-06-01,ADAMI,,,Entities,,ADAMI,,,,,,,,,ADAMI,stock,,,,,,,,,,,,,,ADAMI,[],ADAMI,,Entity;Stock
world:stock:ADAML,2026-06-01,ADAML,,,Entities,,ADAML,,,,,,,,,ADAML,stock,,,,,,,,,,,,,,ADAML,[],ADAML,,Entity;Stock
world:stock:ADAMZ,2026-06-01,ADAMZ,,,Entities,,ADAMZ,,,,,,,,,ADAMZ,stock,,,,,,,,,,,,,,ADAMZ,[],ADAMZ,,Entity;Stock
world:stock:ADBE,2026-06-01,ADBE,,,Entities,,ADBE,,,,,,,,,ADBE,stock,,,,,,,,,,,,,,ADBE,[],ADBE,,Entity;Stock
world:stock:ADC,2026-06-01,ADC,,,Entities,,ADC,,,,,,,,,ADC,stock,,,,,,,,,,,,,,ADC,[],ADC,,Entity;Stock
world:stock:ADI,2026-06-01,ADI,,,Entities,,ADI,,,,,,,,,ADI,stock,,,,,,,,,,,,,,ADI,[],ADI,,Entity;Stock
world:stock:ADM,2026-06-01,ADM,,,Entities,,ADM,,,,,,,,,ADM,stock,,,,,,,,,,,,,,ADM,[],ADM,,Entity;Stock
world:stock:ADMA,2026-06-01,ADMA,,,Entities,,ADMA,,,,,,,,,ADMA,stock,,,,,,,,,,,,,,ADMA,[],ADMA,,Entity;Stock
world:stock:ADP,2026-06-01,ADP,,,Entities,,ADP,,,,,,,,,ADP,stock,,,,,,,,,,,,,,ADP,[],ADP,,Entity;Stock
world:stock:ADSK,2026-06-01,ADSK,,,Entities,,ADSK,,,,,,,,,ADSK,stock,,,,,,,,,,,,,,ADSK,[],ADSK,,Entity;Stock
world:stock:ADTN,2026-06-01,ADTN,,,Entities,,ADTN,,,,,,,,,ADTN,stock,,,,,,,,,,,,,,ADTN,[],ADTN,,Entity;Stock
world:stock:AEE,2026-06-01,AEE,,,Entities,,AEE,,,,,,,,,AEE,stock,,,,,,,,,,,,,,AEE,[],AEE,,Entity;Stock
world:stock:AEHR,2026-06-01,AEHR,,,Entities,,AEHR,,,,,,,,,AEHR,stock,,,,,,,,,,,,,,AEHR,[],AEHR,,Entity;Stock
world:stock:AEP,2026-06-01,AEP,,,Entities,,AEP,,,,,,,,,AEP,stock,,,,,,,,,,,,,,AEP,[],AEP,,Entity;Stock
world:stock:AES,2026-06-01,AES,,,Entities,,AES,,,,,,,,,AES,stock,,,,,,,,,,,,,,AES,[],AES,,Entity;Stock
world:stock:AESI,2026-06-01,AESI,,,Entities,,AESI,,,,,,,,,AESI,stock,,,,,,,,,,,,,,AESI,[],AESI,,Entity;Stock
world:stock:AFBI,2026-06-01,AFBI,,,Entities,,AFBI,,,,,,,,,AFBI,stock,,,,,,,,,,,,,,AFBI,[],AFBI,,Entity;Stock
world:stock:AFL,2026-06-01,AFL,,,Entities,,AFL,,,,,,,,,AFL,stock,,,,,,,,,,,,,,AFL,[],AFL,,Entity;Stock
world:stock:AFRM,2026-06-01,AFRM,,,Entities,,AFRM,,,,,,,,,AFRM,stock,,,,,,,,,,,,,,AFRM,[],AFRM,,Entity;Stock
world:stock:AGG,2026-06-01,AGG,,,Entities,,AGG,,,,,,,,,AGG,stock,,,,,,,,,,,,,,AGG,[],AGG,,Entity;Stock
world:stock:AGH,2026-06-01,AGH,,,Entities,,AGH,,,,,,,,,AGH,stock,,,,,,,,,,,,,,AGH,[],AGH,,Entity;Stock
world:stock:AGL,2026-06-01,AGL,,,Entities,,AGL,,,,,,,,,AGL,stock,,,,,,,,,,,,,,AGL,[],AGL,,Entity;Stock
world:stock:AGM,2026-06-01,AGM,,,Entities,,AGM,,,,,,,,,AGM,stock,,,,,,,,,,,,,,AGM,[],AGM,,Entity;Stock
world:stock:AGYS,2026-06-01,AGYS,,,Entities,,AGYS,,,,,,,,,AGYS,stock,,,,,,,,,,,,,,AGYS,[],AGYS,,Entity;Stock
world:stock:AHR,2026-06-01,AHR,,,Entities,,AHR,,,,,,,,,AHR,stock,,,,,,,,,,,,,,AHR,[],AHR,,Entity;Stock
world:stock:AI,2026-06-01,AI,,,Entities,,AI,,,,,,,,,AI,stock,,,,,,,,,,,,,,AI,[],AI,,Entity;Stock
world:stock:AIG,2026-06-01,AIG,,,Entities,,AIG,,,,,,,,,AIG,stock,,,,,,,,,,,,,,AIG,[],AIG,,Entity;Stock
world:stock:AIN,2026-06-01,AIN,,,Entities,,AIN,,,,,,,,,AIN,stock,,,,,,,,,,,,,,AIN,[],AIN,,Entity;Stock
world:stock:AIOT,2026-06-01,AIOT,,,Entities,,AIOT,,,,,,,,,AIOT,stock,,,,,,,,,,,,,,AIOT,[],AIOT,,Entity;Stock
world:stock:AIP,2026-06-01,AIP,,,Entities,,AIP,,,,,,,,,AIP,stock,,,,,,,,,,,,,,AIP,[],AIP,,Entity;Stock
world:stock:AIRJ,2026-06-01,AIRJ,,,Entities,,AIRJ,,,,,,,,,AIRJ,stock,,,,,,,,,,,,,,AIRJ,[],AIRJ,,Entity;Stock
world:stock:AIRO,2026-06-01,AIRO,[[USA]],,Entities,NASDAQ,AIRO,,,,,,,,,AIRO,stock,obsidian://open?vault=World_Machine&file=Entities%2FStocks%2FAIRO.md,Entities/Stocks/AIRO.md,[[Aerospace & Defense]],Entities,C:\Users\CaveUser\Documents\Obsidian Vault\World_Machine\Entities\Stocks\AIRO.md,World_Machine,Entities,C:\Users\CaveUser\Documents\Obsidian Vault\World_Machine\Entities\Stocks\AIRO.md,Entities/Stocks/AIRO.md,obsidian://open?vault=World_Machine&file=Entities%2FStocks%2FAIRO.md,World_Machine,Active,Stocks,AIRO,"[""stock"",""defense"",""drones"",""military""]",AIRO,World_Machine,Entity;Stock
world:stock:AIZ,2026-06-01,AIZ,,,Entities,,AIZ,,,,,,,,,AIZ,stock,,,,,,,,,,,,,,AIZ,[],AIZ,,Entity;Stock
world:stock:AJG,2026-06-01,AJG,,,Entities,,AJG,,,,,,,,,AJG,stock,,,,,,,,,,,,,,AJG,[],AJG,,Entity;Stock
world:stock:AKAM,2026-06-01,AKAM,,,Entities,,AKAM,,,,,,,,,AKAM,stock,,,,,,,,,,,,,,AKAM,[],AKAM,,Entity;Stock
world:stock:ALB,2026-06-01,ALB,,,Entities,,ALB,,,,,,,,,ALB,stock,,,,,,,,,,,,,,ALB,[],ALB,,Entity;Stock
world:stock:ALGN,2026-06-01,ALGN,,,Entities,,ALGN,,,,,,,,,ALGN,stock,,,,,,,,,,,,,,ALGN,[],ALGN,,Entity;Stock
world:stock:ALGT,2026-06-01,ALGT,,,Entities,,ALGT,,,,,,,,,ALGT,stock,,,,,,,,,,,,,,ALGT,[],ALGT,,Entity;Stock
world:stock:ALKS,2026-06-01,ALKS,[[USA]],,Entities,NASDAQ,ALKS,,,,,,,,,ALKS,stock,obsidian://open?vault=World_Machine&file=Entities%2FStocks%2FALKS.md,Entities/Stocks/ALKS.md,[[Healthcare]],Entities,C:\Users\CaveUser\Documents\Obsidian Vault\World_Machine\Entities\Stocks\ALKS.md,World_Machine,Entities,C:\Users\CaveUser\Documents\Obsidian Vault\World_Machine\Entities\Stocks\ALKS.md,Entities/Stocks/ALKS.md,obsidian://open?vault=World_Machine&file=Entities%2FStocks%2FALKS.md,World_Machine,Active,Stocks,ALKS,"[""stock"",""biotech"",""mental-health"",""addiction""]",ALKS,World_Machine,Entity;Stock
world:stock:ALKT,2026-06-01,ALKT,,,Entities,,ALKT,,,,,,,,,ALKT,stock,,,,,,,,,,,,,,ALKT,[],ALKT,,Entity;Stock
world:stock:ALL,2026-06-01,ALL,,,Entities,,ALL,,,,,,,,,ALL,stock,,,,,,,,,,,,,,ALL,[],ALL,,Entity;Stock
world:stock:ALLE,2026-06-01,ALLE,,,Entities,,ALLE,,,,,,,,,ALLE,stock,,,,,,,,,,,,,,ALLE,[],ALLE,,Entity;Stock
world:stock:ALMR,2026-06-01,ALMR,,,Entities,,ALMR,,,,,,,,,ALMR,stock,,,,,,,,,,,,,,ALMR,[],ALMR,,Entity;Stock
world:stock:ALMS,2026-06-01,ALMS,,,Entities,,ALMS,,,,,,,,,ALMS,stock,,,,,,,,,,,,,,ALMS,[],ALMS,,Entity;Stock
world:stock:ALMU,2026-06-01,ALMU,,,Entities,,ALMU,,,,,,,,,ALMU,stock,,,,,,,,,,,,,,ALMU,[],ALMU,,Entity;Stock
world:stock:ALTG,2026-06-01,ALTG,,,Entities,,ALTG,,,,,,,,,ALTG,stock,,,,,,,,,,,,,,ALTG,[],ALTG,,Entity;Stock
world:stock:ALVO,2026-06-01,ALVO,,,Entities,,ALVO,,,,,,,,,ALVO,stock,,,,,,,,,,,,,,ALVO,[],ALVO,,Entity;Stock
world:stock:AMAT,2026-06-01,AMAT,,,Entities,,AMAT,,,,,,,,,AMAT,stock,,,,,,,,,,,,,,AMAT,[],AMAT,,Entity;Stock
world:stock:AMC,2026-06-01,AMC,,,Entities,,AMC,,,,,,,,,AMC,stock,,,,,,,,,,,,,,AMC,[],AMC,,Entity;Stock
world:stock:AMCR,2026-06-01,AMCR,,,Entities,,AMCR,,,,,,,,,AMCR,stock,,,,,,,,,,,,,,AMCR,[],AMCR,,Entity;Stock
world:stock:AMD,2026-06-01,AMD,,,Entities,,AMD,,,,,,,,,AMD,stock,,,,,,,,,,,,,,AMD,[],AMD,,Entity;Stock
world:stock:AMD.NE,2026-06-01,AMD.NE,,,Entities,,AMD.NE,,,,,,,,,AMD.NE,stock,,,,,,,,,,,,,,AMD.NE,[],AMD.NE,,Entity;Stock
world:stock:AME,2026-06-01,AME,,,Entities,,AME,,,,,,,,,AME,stock,,,,,,,,,,,,,,AME,[],AME,,Entity;Stock
world:stock:AMGN,2026-06-01,AMGN,,,Entities,,AMGN,,,,,,,,,AMGN,stock,,,,,,,,,,,,,,AMGN,[],AMGN,,Entity;Stock
world:stock:AMKR,2026-06-01,AMKR,,,Entities,,AMKR,,,,,,,,,AMKR,stock,,,,,,,,,,,,,,AMKR,[],AMKR,,Entity;Stock
world:stock:AMP,2026-06-01,AMP,,,Entities,,AMP,,,,,,,,,AMP,stock,,,,,,,,,,,,,,AMP,[],AMP,,Entity;Stock
world:stock:AMPY,2026-06-01,AMPY,,,Entities,,AMPY,,,,,,,,,AMPY,stock,,,,,,,,,,,,,,AMPY,[],AMPY,,Entity;Stock
world:stock:AMRC,2026-06-01,AMRC,,,Entities,,AMRC,,,,,,,,,AMRC,stock,,,,,,,,,,,,,,AMRC,[],AMRC,,Entity;Stock
world:stock:AMSC,2026-06-01,AMSC,[[USA]],,Entities,NASDAQ,AMSC,,,,,,,,,AMSC,stock,obsidian://open?vault=World_Machine&file=Entities%2FStocks%2FAMSC.md,Entities/Stocks/AMSC.md,[[Industrials]],Entities,C:\Users\CaveUser\Documents\Obsidian Vault\World_Machine\Entities\Stocks\AMSC.md,World_Machine,Entities,C:\Users\CaveUser\Documents\Obsidian Vault\World_Machine\Entities\Stocks\AMSC.md,Entities/Stocks/AMSC.md,obsidian://open?vault=World_Machine&file=Entities%2FStocks%2FAMSC.md,World_Machine,Active,Stocks,AMSC,"[""stock"",""industrials"",""grid"",""power-electronics"",""small-cap""]",AMSC,World_Machine,Entity;Stock
world:stock:AMT,2026-06-01,AMT,,,Entities,,AMT,,,,,,,,,AMT,stock,,,,,,,,,,,,,,AMT,[],AMT,,Entity;Stock
world:stock:AMTX,2026-06-01,AMTX,,,Entities,,AMTX,,,,,,,,,AMTX,stock,,,,,,,,,,,,,,AMTX,[],AMTX,,Entity;Stock
world:stock:AMZN,2026-06-01,AMZN,[[USA]],,Entities,NASDAQ,AMZN,,,,,,,,,AMZN,stock,obsidian://open?vault=World_Machine&file=Entities%2FStocks%2FAMZN.md,Entities/Stocks/AMZN.md,[[Consumer Discretionary]],Entities,C:\Users\CaveUser\Documents\Obsidian Vault\World_Machine\Entities\Stocks\AMZN.md,World_Machine,Entities,C:\Users\CaveUser\Documents\Obsidian Vault\World_Machine\Entities\Stocks\AMZN.md,Entities/Stocks/AMZN.md,obsidian://open?vault=World_Machine&file=Entities%2FStocks%2FAMZN.md,World_Machine,Active,Stocks,AMZN,"[""stock"",""consumer-discretionary"",""ecommerce"",""cloud""]",AMZN,World_Machine,Stock
world:stock:ANAB,2026-06-01,ANAB,,,Entities,,ANAB,,,,,,,,,ANAB,stock,,,,,,,,,,,,,,ANAB,[],ANAB,,Entity;Stock
world:stock:ANET,2026-06-01,ANET,,,Entities,,ANET,,,,,,,,,ANET,stock,,,,,,,,,,,,,,ANET,[],ANET,,Entity;Stock
world:stock:ANGI,2026-06-01,ANGI,,,Entities,,ANGI,,,,,,,,,ANGI,stock,,,,,,,,,,,,,,ANGI,[],ANGI,,Entity;Stock
world:stock:ANIP,2026-06-01,ANIP,,,Entities,,ANIP,,,,,,,,,ANIP,stock,,,,,,,,,,,,,,ANIP,[],ANIP,,Entity;Stock
world:stock:ANNA,2026-06-01,ANNA,,,Entities,,ANNA,,,,,,,,,ANNA,stock,,,,,,,,,,,,,,ANNA,[],ANNA,,Entity;Stock
world:stock:ANRO,2026-06-01,ANRO,[[USA]],,Entities,NYSE,ANRO,,,,,,,,,ANRO,stock,obsidian://open?vault=World_Machine&file=Entities%2FStocks%2FANRO.md,Entities/Stocks/ANRO.md,[[Healthcare]],Entities,C:\Users\CaveUser\Documents\Obsidian Vault\World_Machine\Entities\Stocks\ANRO.md,World_Machine,Entities,C:\Users\CaveUser\Documents\Obsidian Vault\World_Machine\Entities\Stocks\ANRO.md,Entities/Stocks/ANRO.md,obsidian://open?vault=World_Machine&file=Entities%2FStocks%2FANRO.md,World_Machine,Active,Stocks,ANRO,"[""stock"",""biotech"",""mental-health""]",ANRO,World_Machine,Entity;Stock
world:stock:AOMR,2026-06-01,AOMR,,,Entities,,AOMR,,,,,,,,,AOMR,stock,,,,,,,,,,,,,,AOMR,[],AOMR,,Entity;Stock
world:stock:AON,2026-06-01,AON,,,Entities,,AON,,,,,,,,,AON,stock,,,,,,,,,,,,,,AON,[],AON,,Entity;Stock
world:stock:AOS,2026-06-01,AOS,,,Entities,,AOS,,,,,,,,,AOS,stock,,,,,,,,,,,,,,AOS,[],AOS,,Entity;Stock
world:stock:AOSL,2026-06-01,AOSL,,,Entities,,AOSL,,,,,,,,,AOSL,stock,,,,,,,,,,,,,,AOSL,[],AOSL,,Entity;Stock
world:stock:AP,2026-06-01,AP,,,Entities,,AP,,,,,,,,,AP,stock,,,,,,,,,,,,,,AP,[],AP,,Entity;Stock
world:stock:APA,2026-06-01,APA,,,Entities,,APA,,,,,,,,,APA,stock,,,,,,,,,,,,,,APA,[],APA,,Entity;Stock
world:stock:APD,2026-06-01,APD,,,Entities,,APD,,,,,,,,,APD,stock,,,,,,,,,,,,,,APD,[],APD,,Entity;Stock
world:stock:APEI,2026-06-01,APEI,,,Entities,,APEI,,,,,,,,,APEI,stock,,,,,,,,,,,,,,APEI,[],APEI,,Entity;Stock
world:stock:APH,2026-06-01,APH,,,Entities,,APH,,,,,,,,,APH,stock,,,,,,,,,,,,,,APH,[],APH,,Entity;Stock
world:stock:APLS,2026-06-01,APLS,,,Entities,,APLS,,,,,,,,,APLS,stock,,,,,,,,,,,,,,APLS,[],APLS,,Entity;Stock
world:stock:APO,2026-06-01,APO,,,Entities,,APO,,,,,,,,,APO,stock,,,,,,,,,,,,,,APO,[],APO,,Entity;Stock
world:stock:APP,2026-06-01,APP,,,Entities,,APP,,,,,,,,,APP,stock,,,,,,,,,,,,,,APP,[],APP,,Entity;Stock
world:stock:APPN,2026-06-01,APPN,,,Entities,,APPN,,,,,,,,,APPN,stock,,,,,,,,,,,,,,APPN,[],APPN,,Entity;Stock
world:stock:APTV,2026-06-01,APTV,,,Entities,,APTV,,,,,,,,,APTV,stock,,,,,,,,,,,,,,APTV,[],APTV,,Entity;Stock
world:stock:ARE,2026-06-01,ARE,,,Entities,,ARE,,,,,,,,,ARE,stock,,,,,,,,,,,,,,ARE,[],ARE,,Entity;Stock
world:stock:AREC,2026-06-01,AREC,,,Entities,,AREC,,,,,,,,,AREC,stock,,,,,,,,,,,,,,AREC,[],AREC,,Entity;Stock
world:stock:ARES,2026-06-01,ARES,,,Entities,,ARES,,,,,,,,,ARES,stock,,,,,,,,,,,,,,ARES,[],ARES,,Entity;Stock
world:stock:ARI,2026-06-01,ARI,,,Entities,,ARI,,,,,,,,,ARI,stock,,,,,,,,,,,,,,ARI,[],ARI,,Entity;Stock
world:stock:ARKO,2026-06-01,ARKO,,,Entities,,ARKO,,,,,,,,,ARKO,stock,,,,,,,,,,,,,,ARKO,[],ARKO,,Entity;Stock
world:stock:ARM,2026-06-01,ARM,,,Entities,,ARM,,,,,,,,,ARM,stock,,,,,,,,,,,,,,ARM,[],ARM,,Entity;Stock
world:stock:ARQ,2026-06-01,ARQ,,,Entities,,ARQ,,,,,,,,,ARQ,stock,,,,,,,,,,,,,,ARQ,[],ARQ,,Entity;Stock
world:stock:ARQQ,2026-06-01,ARQQ,,,Entities,,ARQQ,,,,,,,,,ARQQ,stock,,,,,,,,,,,,,,ARQQ,[],ARQQ,,Entity;Stock
world:stock:ARQQW,2026-06-01,ARQQW,,,Entities,,ARQQW,,,,,,,,,ARQQW,stock,,,,,,,,,,,,,,ARQQW,[],ARQQW,,Entity;Stock
world:stock:ARQT,2026-06-01,ARQT,,,Entities,,ARQT,,,,,,,,,ARQT,stock,,,,,,,,,,,,,,ARQT,[],ARQT,,Entity;Stock
world:stock:ARXS,2026-06-01,ARXS,,,Entities,,ARXS,,,,,,,,,ARXS,stock,,,,,,,,,,,,,,ARXS,[],ARXS,,Entity;Stock
world:stock:ASCU.TO,2026-06-01,ASCU.TO,,,Entities,,ASCU.TO,,,,,,,,,ASCU.TO,stock,,,,,,,,,,,,,,ASCU.TO,[],ASCU.TO,,Entity;Stock
world:stock:ASGN,2026-06-01,ASGN,,,Entities,,ASGN,,,,,,,,,ASGN,stock,,,,,,,,,,,,,,ASGN,[],ASGN,,Entity;Stock
world:stock:ASIC,2026-06-01,ASIC,,,Entities,,ASIC,,,,,,,,,ASIC,stock,,,,,,,,,,,,,,ASIC,[],ASIC,,Entity;Stock
world:stock:ASPN,2026-06-01,ASPN,,,Entities,,ASPN,,,,,,,,,ASPN,stock,,,,,,,,,,,,,,ASPN,[],ASPN,,Entity;Stock
world:stock:ASRT,2026-06-01,ASRT,,,Entities,,ASRT,,,,,,,,,ASRT,stock,,,,,,,,,,,,,,ASRT,[],ASRT,,Entity;Stock
world:stock:ASST,2026-06-01,ASST,,,Entities,,ASST,,,,,,,,,ASST,stock,,,,,,,,,,,,,,ASST,[],ASST,,Entity;Stock
world:stock:ASTH,2026-06-01,ASTH,,,Entities,,ASTH,,,,,,,,,ASTH,stock,,,,,,,,,,,,,,ASTH,[],ASTH,,Entity;Stock
world:stock:ASTS,2026-06-01,ASTS,,,Entities,,ASTS,,,,,,,,,ASTS,stock,,,,,,,,,,,,,,ASTS,[],ASTS,,Entity;Stock
world:stock:ATAI,2026-06-01,ATAI,[[USA]],,Entities,NASDAQ,ATAI,,,,,,,,,ATAI,stock,obsidian://open?vault=World_Machine&file=Entities%2FStocks%2FATAI.md,Entities/Stocks/ATAI.md,[[Healthcare]],Entities,C:\Users\CaveUser\Documents\Obsidian Vault\World_Machine\Entities\Stocks\ATAI.md,World_Machine,Entities,C:\Users\CaveUser\Documents\Obsidian Vault\World_Machine\Entities\Stocks\ATAI.md,Entities/Stocks/ATAI.md,obsidian://open?vault=World_Machine&file=Entities%2FStocks%2FATAI.md,World_Machine,Active,Stocks,ATAI,"[""stock"",""biotech"",""psychedelics"",""mental-health""]",ATAI,World_Machine,Entity;Stock
world:stock:ATEN,2026-06-01,ATEN,,,Entities,,ATEN,,,,,,,,,ATEN,stock,,,,,,,,,,,,,,ATEN,[],ATEN,,Entity;Stock
world:stock:ATEX,2026-06-01,ATEX,,,Entities,,ATEX,,,,,,,,,ATEX,stock,,,,,,,,,,,,,,ATEX,[],ATEX,,Entity;Stock
world:stock:ATLO,2026-06-01,ATLO,,,Entities,,ATLO,,,,,,,,,ATLO,stock,,,,,,,,,,,,,,ATLO,[],ATLO,,Entity;Stock
world:stock:ATLX,2026-06-01,ATLX,,,Entities,,ATLX,,,,,,,,,ATLX,stock,,,,,,,,,,,,,,ATLX,[],ATLX,,Entity;Stock
world:stock:ATO,2026-06-01,ATO,,,Entities,,ATO,,,,,,,,,ATO,stock,,,,,,,,,,,,,,ATO,[],ATO,,Entity;Stock
world:stock:ATRA,2026-06-01,ATRA,,,Entities,,ATRA,,,,,,,,,ATRA,stock,,,,,,,,,,,,,,ATRA,[],ATRA,,Entity;Stock
world:stock:AVAV,2026-06-01,AVAV,[[USA]],,Entities,NASDAQ,AVAV,,,,,,,,,AVAV,stock,obsidian://open?vault=World_Machine&file=Entities%2FStocks%2FAVAV.md,Entities/Stocks/AVAV.md,[[Aerospace & Defense]],Entities,C:\Users\CaveUser\Documents\Obsidian Vault\World_Machine\Entities\Stocks\AVAV.md,World_Machine,Entities,C:\Users\CaveUser\Documents\Obsidian Vault\World_Machine\Entities\Stocks\AVAV.md,Entities/Stocks/AVAV.md,obsidian://open?vault=World_Machine&file=Entities%2FStocks%2FAVAV.md,World_Machine,Active,Stocks,AVAV,"[""stock"",""defense"",""drones"",""military"",""loitering-munitions""]",AVAV,World_Machine,Entity;Stock
world:stock:AVB,2026-06-01,AVB,,,Entities,,AVB,,,,,,,,,AVB,stock,,,,,,,,,,,,,,AVB,[],AVB,,Entity;Stock
world:stock:AVBH,2026-06-01,AVBH,,,Entities,,AVBH,,,,,,,,,AVBH,stock,,,,,,,,,,,,,,AVBH,[],AVBH,,Entity;Stock
world:stock:AVEX,2026-06-01,AVEX,,,Entities,,AVEX,,,,,,,,,AVEX,stock,,,,,,,,,,,,,,AVEX,[],AVEX,,Entity;Stock
world:stock:AVGO,2026-06-01,AVGO,,,Entities,,AVGO,,,,,,,,,AVGO,stock,,,,,,,,,,,,,,AVGO,[],AVGO,,Entity;Stock
world:stock:AVNS,2026-06-01,AVNS,,,Entities,,AVNS,,,,,,,,,AVNS,stock,,,,,,,,,,,,,,AVNS,[],AVNS,,Entity;Stock
world:stock:AVNW,2026-06-01,AVNW,,,Entities,,AVNW,,,,,,,,,AVNW,stock,,,,,,,,,,,,,,AVNW,[],AVNW,,Entity;Stock
world:stock:AVTX,2026-06-01,AVTX,,,Entities,,AVTX,,,,,,,,,AVTX,stock,,,,,,,,,,,,,,AVTX,[],AVTX,,Entity;Stock
world:stock:AVY,2026-06-01,AVY,,,Entities,,AVY,,,,,,,,,AVY,stock,,,,,,,,,,,,,,AVY,[],AVY,,Entity;Stock
world:stock:AWK,2026-06-01,AWK,,,Entities,,AWK,,,,,,,,,AWK,stock,,,,,,,,,,,,,,AWK,[],AWK,,Entity;Stock
world:stock:AXIL,2026-06-01,AXIL,,,Entities,,AXIL,,,,,,,,,AXIL,stock,,,,,,,,,,,,,,AXIL,[],AXIL,,Entity;Stock
world:stock:AXON,2026-06-01,AXON,,,Entities,,AXON,,,,,,,,,AXON,stock,,,,,,,,,,,,,,AXON,[],AXON,,Entity;Stock
world:stock:AXP,2026-06-01,AXP,[[USA]],,Entities,NYSE,AXP,,,,,,,,,AXP,stock,obsidian://open?vault=World_Machine&file=Entities%2FStocks%2FAXP.md,Entities/Stocks/AXP.md,[[Financials]],Entities,C:\Users\CaveUser\Documents\Obsidian Vault\World_Machine\Entities\Stocks\AXP.md,World_Machine,Entities,C:\Users\CaveUser\Documents\Obsidian Vault\World_Machine\Entities\Stocks\AXP.md,Entities/Stocks/AXP.md,obsidian://open?vault=World_Machine&file=Entities%2FStocks%2FAXP.md,World_Machine,Active,Stocks,AXP,"[""stock"",""financials"",""payments"",""quality""]",AXP,World_Machine,Entity;Stock
world:stock:AXR,2026-06-01,AXR,,,Entities,,AXR,,,,,,,,,AXR,stock,,,,,,,,,,,,,,AXR,[],AXR,,Entity;Stock
world:stock:AXTI,2026-06-01,AXTI,,,Entities,,AXTI,,,,,,,,,AXTI,stock,,,,,,,,,,,,,,AXTI,[],AXTI,,Entity;Stock
world:stock:AZO,2026-06-01,AZO,,,Entities,,AZO,,,,,,,,,AZO,stock,,,,,,,,,,,,,,AZO,[],AZO,,Entity;Stock
world:stock:AZTA,2026-06-01,AZTA,,,Entities,,AZTA,,,,,,,,,AZTA,stock,,,,,,,,,,,,,,AZTA,[],AZTA,,Entity;Stock
world:stock:BA,2026-06-01,BA,,,Entities,,BA,,,,,,,,,BA,stock,,,,,,,,,,,,,,BA,[],BA,,Entity;Stock
world:stock:BAC,2026-06-01,BAC,,,Entities,,BAC,,,,,,,,,BAC,stock,,,,,,,,,,,,,,BAC,[],BAC,,Entity;Stock
world:stock:BAER,2026-06-01,BAER,,,Entities,,BAER,,,,,,,,,BAER,stock,,,,,,,,,,,,,,BAER,[],BAER,,Entity;Stock
world:stock:BAH,2026-06-01,BAH,,,Entities,,BAH,,,,,,,,,BAH,stock,,,,,,,,,,,,,,BAH,[],BAH,,Entity;Stock
world:stock:BALL,2026-06-01,BALL,,,Entities,,BALL,,,,,,,,,BALL,stock,,,,,,,,,,,,,,BALL,[],BALL,,Entity;Stock
world:stock:BAND,2026-06-01,BAND,,,Entities,,BAND,,,,,,,,,BAND,stock,,,,,,,,,,,,,,BAND,[],BAND,,Entity;Stock
world:stock:BARDA,2026-06-01,BARDA,,,Entities,,BARDA,,,,,,,,,BARDA,stock,,,,,,,,,,,,,,BARDA,[],BARDA,,Entity;Stock
world:stock:BATL,2026-06-01,BATL,,,Entities,,BATL,,,,,,,,,BATL,stock,,,,,,,,,,,,,,BATL,[],BATL,,Entity;Stock
world:stock:BAX,2026-06-01,BAX,,,Entities,,BAX,,,,,,,,,BAX,stock,,,,,,,,,,,,,,BAX,[],BAX,,Entity;Stock
world:stock:BBAI,2026-06-01,BBAI,,,Entities,,BBAI,,,,,,,,,BBAI,stock,,,,,,,,,,,,,,BBAI,[],BBAI,,Entity;Stock
world:stock:BBBY,2026-06-01,BBBY,,,Entities,,BBBY,,,,,,,,,BBBY,stock,,,,,,,,,,,,,,BBBY,[],BBBY,,Entity;Stock
world:stock:BBJP,2026-06-01,BBJP,,,Entities,,BBJP,,,,,,,,,BBJP,stock,,,,,,,,,,,,,,BBJP,[],BBJP,,Entity;Stock
world:stock:BBY,2026-06-01,BBY,,,Entities,,BBY,,,,,,,,,BBY,stock,,,,,,,,,,,,,,BBY,[],BBY,,Entity;Stock
world:stock:BCRX,2026-06-01,BCRX,,,Entities,,BCRX,,,,,,,,,BCRX,stock,,,,,,,,,,,,,,BCRX,[],BCRX,,Entity;Stock
world:stock:BDX,2026-06-01,BDX,,,Entities,,BDX,,,,,,,,,BDX,stock,,,,,,,,,,,,,,BDX,[],BDX,,Entity;Stock
world:stock:BEAM,2026-06-01,BEAM,,,Entities,,BEAM,,,,,,,,,BEAM,stock,,,,,,,,,,,,,,BEAM,[],BEAM,,Entity;Stock
world:stock:BEN,2026-06-01,BEN,,,Entities,,BEN,,,,,,,,,BEN,stock,,,,,,,,,,,,,,BEN,[],BEN,,Entity;Stock
world:stock:BETR,2026-06-01,BETR,,,Entities,,BETR,,,,,,,,,BETR,stock,,,,,,,,,,,,,,BETR,[],BETR,,Entity;Stock
world:stock:BF-B,2026-06-01,BF-B,,,Entities,,BF-B,,,,,,,,,BF-B,stock,,,,,,,,,,,,,,BF-B,[],BF-B,,Entity;Stock
world:stock:BFC,2026-06-01,BFC,,,Entities,,BFC,,,,,,,,,BFC,stock,,,,,,,,,,,,,,BFC,[],BFC,,Entity;Stock
world:stock:BG,2026-06-01,BG,,,Entities,,BG,,,,,,,,,BG,stock,,,,,,,,,,,,,,BG,[],BG,,Entity;Stock
world:stock:BGS,2026-06-01,BGS,,,Entities,,BGS,,,,,,,,,BGS,stock,,,,,,,,,,,,,,BGS,[],BGS,,Entity;Stock
world:stock:BH,2026-06-01,BH,,,Entities,,BH,,,,,,,,,BH,stock,,,,,,,,,,,,,,BH,[],BH,,Entity;Stock
world:stock:BIIB,2026-06-01,BIIB,,,Entities,,BIIB,,,,,,,,,BIIB,stock,,,,,,,,,,,,,,BIIB,[],BIIB,,Entity;Stock
world:stock:BJ,2026-06-01,BJ,,,Entities,,BJ,,,,,,,,,BJ,stock,,,,,,,,,,,,,,BJ,[],BJ,,Entity;Stock
world:stock:BK,2026-06-01,BK,,,Entities,,BK,,,,,,,,,BK,stock,,,,,,,,,,,,,,BK,[],BK,,Entity;Stock
world:stock:BKH,2026-06-01,BKH,,,Entities,,BKH,,,,,,,,,BKH,stock,,,,,,,,,,,,,,BKH,[],BKH,,Entity;Stock
world:stock:BKKT,2026-06-01,BKKT,,,Entities,,BKKT,,,,,,,,,BKKT,stock,,,,,,,,,,,,,,BKKT,[],BKKT,,Entity;Stock
world:stock:BKNG,2026-06-01,BKNG,,,Entities,,BKNG,,,,,,,,,BKNG,stock,,,,,,,,,,,,,,BKNG,[],BKNG,,Entity;Stock
world:stock:BKR,2026-06-01,BKR,,,Entities,,BKR,,,,,,,,,BKR,stock,,,,,,,,,,,,,,BKR,[],BKR,,Entity;Stock
world:stock:BKSY,2026-06-01,BKSY,,,Entities,,BKSY,,,,,,,,,BKSY,stock,,,,,,,,,,,,,,BKSY,[],BKSY,,Entity;Stock
world:stock:BL,2026-06-01,BL,,,Entities,,BL,,,,,,,,,BL,stock,,,,,,,,,,,,,,BL,[],BL,,Entity;Stock
world:stock:BLBD,2026-06-01,BLBD,,,Entities,,BLBD,,,,,,,,,BLBD,stock,,,,,,,,,,,,,,BLBD,[],BLBD,,Entity;Stock
world:stock:BLDR,2026-06-01,BLDR,,,Entities,,BLDR,,,,,,,,,BLDR,stock,,,,,,,,,,,,,,BLDR,[],BLDR,,Entity;Stock
world:stock:BLFY,2026-06-01,BLFY,,,Entities,,BLFY,,,,,,,,,BLFY,stock,,,,,,,,,,,,,,BLFY,[],BLFY,,Entity;Stock
world:stock:BLK,2026-06-01,BLK,,,Entities,,BLK,,,,,,,,,BLK,stock,,,,,,,,,,,,,,BLK,[],BLK,,Entity;Stock
world:stock:BLKB,2026-06-01,BLKB,,,Entities,,BLKB,,,,,,,,,BLKB,stock,,,,,,,,,,,,,,BLKB,[],BLKB,,Entity;Stock
world:stock:BLMN,2026-06-01,BLMN,[[USA]],,Entities,NASDAQ,BLMN,,,,,,,,,BLMN,stock,obsidian://open?vault=World_Machine&file=Entities%2FStocks%2FBLMN.md,Entities/Stocks/BLMN.md,[[Consumer Discretionary]],Entities,C:\Users\CaveUser\Documents\Obsidian Vault\World_Machine\Entities\Stocks\BLMN.md,World_Machine,Entities,C:\Users\CaveUser\Documents\Obsidian Vault\World_Machine\Entities\Stocks\BLMN.md,Entities/Stocks/BLMN.md,obsidian://open?vault=World_Machine&file=Entities%2FStocks%2FBLMN.md,World_Machine,Active,Stocks,BLMN,"[""stock"",""consumer-discretionary"",""restaurants"",""turnaround"",""small-cap"",""casual-dining""]",BLMN,World_Machine,Entity;Stock
world:stock:BMY,2026-06-01,BMY,,,Entities,,BMY,,,,,,,,,BMY,stock,,,,,,,,,,,,,,BMY,[],BMY,,Entity;Stock
world:stock:BNAI,2026-06-01,BNAI,,,Entities,,BNAI,,,,,,,,,BNAI,stock,,,,,,,,,,,,,,BNAI,[],BNAI,,Entity;Stock
world:stock:BND,2026-06-01,BND,,,Entities,,BND,,,,,,,,,BND,stock,,,,,,,,,,,,,,BND,[],BND,,Entity;Stock
world:stock:BODI,2026-06-01,BODI,,,Entities,,BODI,,,,,,,,,BODI,stock,,,,,,,,,,,,,,BODI,[],BODI,,Entity;Stock
world:stock:BOF,2026-06-01,BOF,,,Entities,,BOF,,,,,,,,,BOF,stock,,,,,,,,,,,,,,BOF,[],BOF,,Entity;Stock
world:stock:BOOM,2026-06-01,BOOM,,,Entities,,BOOM,,,,,,,,,BOOM,stock,,,,,,,,,,,,,,BOOM,[],BOOM,,Entity;Stock
world:stock:BOOT,2026-06-01,BOOT,,,Entities,,BOOT,,,,,,,,,BOOT,stock,,,,,,,,,,,,,,BOOT,[],BOOT,,Entity;Stock
world:stock:BOW,2026-06-01,BOW,,,Entities,,BOW,,,,,,,,,BOW,stock,,,,,,,,,,,,,,BOW,[],BOW,,Entity;Stock
world:stock:BR,2026-06-01,BR,,,Entities,,BR,,,,,,,,,BR,stock,,,,,,,,,,,,,,BR,[],BR,,Entity;Stock
world:stock:BRBR,2026-06-01,BRBR,[[USA]],,Entities,NYSE,BRBR,,,,,,,,,BRBR,stock,obsidian://open?vault=World_Machine&file=Entities%2FStocks%2FBRBR.md,Entities/Stocks/BRBR.md,[[Consumer Staples]],Entities,C:\Users\CaveUser\Documents\Obsidian Vault\World_Machine\Entities\Stocks\BRBR.md,World_Machine,Entities,C:\Users\CaveUser\Documents\Obsidian Vault\World_Machine\Entities\Stocks\BRBR.md,Entities/Stocks/BRBR.md,obsidian://open?vault=World_Machine&file=Entities%2FStocks%2FBRBR.md,World_Machine,Active,Stocks,BRBR,"[""stock"",""smallcap"",""consumer-staples"",""special-situations""]",BRBR,World_Machine,Entity;Stock
world:stock:BRCB,2026-06-01,BRCB,,,Entities,,BRCB,,,,,,,,,BRCB,stock,,,,,,,,,,,,,,BRCB,[],BRCB,,Entity;Stock
world:stock:BRK_B,2026-06-01,BRK_B,[[USA]],,Entities,NYSE,BRK_B,,,,,,,,,BRK_B,stock,obsidian://open?vault=World_Machine&file=Entities%2FStocks%2FBRK_B.md,Entities/Stocks/BRK_B.md,[[Financials]],Entities,C:\Users\CaveUser\Documents\Obsidian Vault\World_Machine\Entities\Stocks\BRK_B.md,World_Machine,Entities,C:\Users\CaveUser\Documents\Obsidian Vault\World_Machine\Entities\Stocks\BRK_B.md,Entities/Stocks/BRK_B.md,obsidian://open?vault=World_Machine&file=Entities%2FStocks%2FBRK_B.md,World_Machine,Active,Stocks,BRK_B,"[""stock"",""financials"",""conglomerate"",""insurance""]",BRK_B,World_Machine,Entity;Stock
world:stock:BRO,2026-06-01,BRO,,,Entities,,BRO,,,,,,,,,BRO,stock,,,,,,,,,,,,,,BRO,[],BRO,,Entity;Stock
world:stock:BROS,2026-06-01,BROS,,,Entities,,BROS,,,,,,,,,BROS,stock,,,,,,,,,,,,,,BROS,[],BROS,,Entity;Stock
world:stock:BSX,2026-06-01,BSX,,,Entities,,BSX,,,,,,,,,BSX,stock,,,,,,,,,,,,,,BSX,[],BSX,,Entity;Stock
world:stock:BTGO,2026-06-01,BTGO,,,Entities,,BTGO,,,,,,,,,BTGO,stock,,,,,,,,,,,,,,BTGO,[],BTGO,,Entity;Stock
world:stock:BTM,2026-06-01,BTM,,,Entities,,BTM,,,,,,,,,BTM,stock,,,,,,,,,,,,,,BTM,[],BTM,,Entity;Stock
world:stock:BULL,2026-06-01,BULL,,,Entities,,BULL,,,,,,,,,BULL,stock,,,,,,,,,,,,,,BULL,[],BULL,,Entity;Stock
world:stock:BW,2026-06-01,BW,[[USA]],,Entities,NYSE,BW,,,,,,,,,BW,stock,obsidian://open?vault=World_Machine&file=Entities%2FStocks%2FBW.md,Entities/Stocks/BW.md,[[Industrials]],Entities,C:\Users\CaveUser\Documents\Obsidian Vault\World_Machine\Entities\Stocks\BW.md,World_Machine,Entities,C:\Users\CaveUser\Documents\Obsidian Vault\World_Machine\Entities\Stocks\BW.md,Entities/Stocks/BW.md,obsidian://open?vault=World_Machine&file=Entities%2FStocks%2FBW.md,World_Machine,Active,Stocks,BW,"[""stock"",""smallcap"",""industrials"",""special-situations""]",BW,World_Machine,Entity;Stock
world:stock:BWA,2026-06-01,BWA,,,Entities,,BWA,,,,,,,,,BWA,stock,,,,,,,,,,,,,,BWA,[],BWA,,Entity;Stock
world:stock:BWEN,2026-06-01,BWEN,,,Entities,,BWEN,,,,,,,,,BWEN,stock,,,,,,,,,,,,,,BWEN,[],BWEN,,Entity;Stock
world:stock:BWIN,2026-06-01,BWIN,,,Entities,,BWIN,,,,,,,,,BWIN,stock,,,,,,,,,,,,,,BWIN,[],BWIN,,Entity;Stock
world:stock:BX,2026-06-01,BX,,,Entities,,BX,,,,,,,,,BX,stock,,,,,,,,,,,,,,BX,[],BX,,Entity;Stock
world:stock:BXP,2026-06-01,BXP,,,Entities,,BXP,,,,,,,,,BXP,stock,,,,,,,,,,,,,,BXP,[],BXP,,Entity;Stock
world:stock:BYND,2026-06-01,BYND,,,Entities,,BYND,,,,,,,,,BYND,stock,,,,,,,,,,,,,,BYND,[],BYND,,Entity;Stock
world:stock:C,2026-06-01,C,,,Entities,,C,,,,,,,,,C,stock,,,,,,,,,,,,,,C,[],C,,Entity;Stock
world:stock:CABO,2026-06-01,CABO,,,Entities,,CABO,,,,,,,,,CABO,stock,,,,,,,,,,,,,,CABO,[],CABO,,Entity;Stock
world:stock:CACI,2026-06-01,CACI,,,Entities,,CACI,,,,,,,,,CACI,stock,,,,,,,,,,,,,,CACI,[],CACI,,Entity;Stock
world:stock:CAE,2026-06-01,CAE,,,Entities,,CAE,,,,,,,,,CAE,stock,,,,,,,,,,,,,,CAE,[],CAE,,Entity;Stock
world:stock:CAG,2026-06-01,CAG,,,Entities,,CAG,,,,,,,,,CAG,stock,,,,,,,,,,,,,,CAG,[],CAG,,Entity;Stock
world:stock:CAH,2026-06-01,CAH,,,Entities,,CAH,,,,,,,,,CAH,stock,,,,,,,,,,,,,,CAH,[],CAH,,Entity;Stock
world:stock:CAPR,2026-06-01,CAPR,,,Entities,,CAPR,,,,,,,,,CAPR,stock,,,,,,,,,,,,,,CAPR,[],CAPR,,Entity;Stock
world:stock:CARR,2026-06-01,CARR,,,Entities,,CARR,,,,,,,,,CARR,stock,,,,,,,,,,,,,,CARR,[],CARR,,Entity;Stock
world:stock:CASH,2026-06-01,CASH,,,Entities,,CASH,,,,,,,,,CASH,stock,,,,,,,,,,,,,,CASH,[],CASH,,Entity;Stock
world:stock:CASY,2026-06-01,CASY,,,Entities,,CASY,,,,,,,,,CASY,stock,,,,,,,,,,,,,,CASY,[],CASY,,Entity;Stock
world:stock:CAT,2026-06-01,CAT,[[USA]],,Entities,NYSE,CAT,,,,,,,,,CAT,stock,obsidian://open?vault=World_Machine&file=Entities%2FStocks%2FCAT.md,Entities/Stocks/CAT.md,[[Industrials]],Entities,C:\Users\CaveUser\Documents\Obsidian Vault\World_Machine\Entities\Stocks\CAT.md,World_Machine,Entities,C:\Users\CaveUser\Documents\Obsidian Vault\World_Machine\Entities\Stocks\CAT.md,Entities/Stocks/CAT.md,obsidian://open?vault=World_Machine&file=Entities%2FStocks%2FCAT.md,World_Machine,Active,Stocks,CAT,"[""stock"",""industrials"",""machinery"",""cyclicals""]",CAT,World_Machine,Entity;Stock
world:stock:CATO,2026-06-01,CATO,,,Entities,,CATO,,,,,,,,,CATO,stock,,,,,,,,,,,,,,CATO,[],CATO,,Entity;Stock
world:stock:CAVA,2026-06-01,CAVA,,,Entities,,CAVA,,,,,,,,,CAVA,stock,,,,,,,,,,,,,,CAVA,[],CAVA,,Entity;Stock
world:stock:CB,2026-06-01,CB,,,Entities,,CB,,,,,,,,,CB,stock,,,,,,,,,,,,,,CB,[],CB,,Entity;Stock
world:stock:CBRE,2026-06-01,CBRE,,,Entities,,CBRE,,,,,,,,,CBRE,stock,,,,,,,,,,,,,,CBRE,[],CBRE,,Entity;Stock
world:stock:CBZ,2026-06-01,CBZ,,,Entities,,CBZ,,,,,,,,,CBZ,stock,,,,,,,,,,,,,,CBZ,[],CBZ,,Entity;Stock
world:stock:CCI,2026-06-01,CCI,,,Entities,,CCI,,,,,,,,,CCI,stock,,,,,,,,,,,,,,CCI,[],CCI,,Entity;Stock
world:stock:CCJ,2026-06-01,CCJ,,,Entities,,CCJ,,,,,,,,,CCJ,stock,,,,,,,,,,,,,,CCJ,[],CCJ,,Entity;Stock
world:stock:CCL,2026-06-01,CCL,,,Entities,,CCL,,,,,,,,,CCL,stock,,,,,,,,,,,,,,CCL,[],CCL,,Entity;Stock
world:stock:CCL.L,2026-06-01,CCL.L,,,Entities,,CCL.L,,,,,,,,,CCL.L,stock,,,,,,,,,,,,,,CCL.L,[],CCL.L,,Entity;Stock
world:stock:CCO,2026-06-01,CCO,,,Entities,,CCO,,,,,,,,,CCO,stock,,,,,,,,,,,,,,CCO,[],CCO,,Entity;Stock
world:stock:CCOI,2026-06-01,CCOI,,,Entities,,CCOI,,,,,,,,,CCOI,stock,,,,,,,,,,,,,,CCOI,[],CCOI,,Entity;Stock
world:stock:CDLX,2026-06-01,CDLX,,,Entities,,CDLX,,,,,,,,,CDLX,stock,,,,,,,,,,,,,,CDLX,[],CDLX,,Entity;Stock
world:stock:CDNS,2026-06-01,CDNS,,,Entities,,CDNS,,,,,,,,,CDNS,stock,,,,,,,,,,,,,,CDNS,[],CDNS,,Entity;Stock
world:stock:CDW,2026-06-01,CDW,,,Entities,,CDW,,,,,,,,,CDW,stock,,,,,,,,,,,,,,CDW,[],CDW,,Entity;Stock
world:stock:CDZI,2026-06-01,CDZI,,,Entities,,CDZI,,,,,,,,,CDZI,stock,,,,,,,,,,,,,,CDZI,[],CDZI,,Entity;Stock
world:stock:CEG,2026-06-01,CEG,[[USA]],,Entities,NASDAQ,CEG,,,,,,,,,CEG,stock,obsidian://open?vault=World_Machine&file=Entities%2FStocks%2FCEG.md,Entities/Stocks/CEG.md,[[Utilities]],Entities,C:\Users\CaveUser\Documents\Obsidian Vault\World_Machine\Entities\Stocks\CEG.md,World_Machine,Entities,C:\Users\CaveUser\Documents\Obsidian Vault\World_Machine\Entities\Stocks\CEG.md,Entities/Stocks/CEG.md,obsidian://open?vault=World_Machine&file=Entities%2FStocks%2FCEG.md,World_Machine,Active,Stocks,CEG,"[""stock"",""utilities"",""nuclear"",""power""]",CEG,World_Machine,Entity;Stock
world:stock:CELH,2026-06-01,CELH,,,Entities,,CELH,,,,,,,,,CELH,stock,,,,,,,,,,,,,,CELH,[],CELH,,Entity;Stock
world:stock:CENT,2026-06-01,CENT,,,Entities,,CENT,,,,,,,,,CENT,stock,,,,,,,,,,,,,,CENT,[],CENT,,Entity;Stock
world:stock:CF,2026-06-01,CF,,,Entities,,CF,,,,,,,,,CF,stock,,,,,,,,,,,,,,CF,[],CF,,Entity;Stock
world:stock:CFG,2026-06-01,CFG,,,Entities,,CFG,,,,,,,,,CFG,stock,,,,,,,,,,,,,,CFG,[],CFG,,Entity;Stock
world:stock:CGEH,2026-06-01,CGEH,,,Entities,,CGEH,,,,,,,,,CGEH,stock,,,,,,,,,,,,,,CGEH,[],CGEH,,Entity;Stock
world:stock:CGNX,2026-06-01,CGNX,,,Entities,,CGNX,,,,,,,,,CGNX,stock,,,,,,,,,,,,,,CGNX,[],CGNX,,Entity;Stock
world:stock:CGTX,2026-06-01,CGTX,,,Entities,,CGTX,,,,,,,,,CGTX,stock,,,,,,,,,,,,,,CGTX,[],CGTX,,Entity;Stock
world:stock:CHD,2026-06-01,CHD,,,Entities,,CHD,,,,,,,,,CHD,stock,,,,,,,,,,,,,,CHD,[],CHD,,Entity;Stock
world:stock:CHGG,2026-06-01,CHGG,,,Entities,,CHGG,,,,,,,,,CHGG,stock,,,,,,,,,,,,,,CHGG,[],CHGG,,Entity;Stock
world:stock:CHPT,2026-06-01,CHPT,,,Entities,,CHPT,,,,,,,,,CHPT,stock,,,,,,,,,,,,,,CHPT,[],CHPT,,Entity;Stock
world:stock:CHRD,2026-06-01,CHRD,,,Entities,,CHRD,,,,,,,,,CHRD,stock,,,,,,,,,,,,,,CHRD,[],CHRD,,Entity;Stock
world:stock:CHRW,2026-06-01,CHRW,,,Entities,,CHRW,,,,,,,,,CHRW,stock,,,,,,,,,,,,,,CHRW,[],CHRW,,Entity;Stock
world:stock:CHTR,2026-06-01,CHTR,,,Entities,,CHTR,,,,,,,,,CHTR,stock,,,,,,,,,,,,,,CHTR,[],CHTR,,Entity;Stock
world:stock:CHWY,2026-06-01,CHWY,,,Entities,,CHWY,,,,,,,,,CHWY,stock,,,,,,,,,,,,,,CHWY,[],CHWY,,Entity;Stock
world:stock:CI,2026-06-01,CI,,,Entities,,CI,,,,,,,,,CI,stock,,,,,,,,,,,,,,CI,[],CI,,Entity;Stock
world:stock:CIEN,2026-06-01,CIEN,,,Entities,,CIEN,,,,,,,,,CIEN,stock,,,,,,,,,,,,,,CIEN,[],CIEN,,Entity;Stock
world:stock:CINF,2026-06-01,CINF,,,Entities,,CINF,,,,,,,,,CINF,stock,,,,,,,,,,,,,,CINF,[],CINF,,Entity;Stock
world:stock:CL,2026-06-01,CL,,,Entities,,CL,,,,,,,,,CL,stock,,,,,,,,,,,,,,CL,[],CL,,Entity;Stock
world:stock:CLBK,2026-06-01,CLBK,,,Entities,,CLBK,,,,,,,,,CLBK,stock,,,,,,,,,,,,,,CLBK,[],CLBK,,Entity;Stock
world:stock:CLNN,2026-06-01,CLNN,,,Entities,,CLNN,,,,,,,,,CLNN,stock,,,,,,,,,,,,,,CLNN,[],CLNN,,Entity;Stock
world:stock:CLOV,2026-06-01,CLOV,,,Entities,,CLOV,,,,,,,,,CLOV,stock,,,,,,,,,,,,,,CLOV,[],CLOV,,Entity;Stock
world:stock:CLPT,2026-06-01,CLPT,,,Entities,,CLPT,,,,,,,,,CLPT,stock,,,,,,,,,,,,,,CLPT,[],CLPT,,Entity;Stock
world:stock:CLW,2026-06-01,CLW,,,Entities,,CLW,,,,,,,,,CLW,stock,,,,,,,,,,,,,,CLW,[],CLW,,Entity;Stock
world:stock:CLX,2026-06-01,CLX,,,Entities,,CLX,,,,,,,,,CLX,stock,,,,,,,,,,,,,,CLX,[],CLX,,Entity;Stock
world:stock:CMCSA,2026-06-01,CMCSA,,,Entities,,CMCSA,,,,,,,,,CMCSA,stock,,,,,,,,,,,,,,CMCSA,[],CMCSA,,Entity;Stock
world:stock:CME,2026-06-01,CME,,,Entities,,CME,,,,,,,,,CME,stock,,,,,,,,,,,,,,CME,[],CME,,Entity;Stock
world:stock:CMG,2026-06-01,CMG,,,Entities,,CMG,,,,,,,,,CMG,stock,,,,,,,,,,,,,,CMG,[],CMG,,Entity;Stock
world:stock:CMI,2026-06-01,CMI,,,Entities,,CMI,,,,,,,,,CMI,stock,,,,,,,,,,,,,,CMI,[],CMI,,Entity;Stock
world:stock:CMND,2026-06-01,CMND,[[Canada]],,Entities,NASDAQ,CMND,,,,,,,,,CMND,stock,obsidian://open?vault=World_Machine&file=Entities%2FStocks%2FCMND.md,Entities/Stocks/CMND.md,[[Healthcare]],Entities,C:\Users\CaveUser\Documents\Obsidian Vault\World_Machine\Entities\Stocks\CMND.md,World_Machine,Entities,C:\Users\CaveUser\Documents\Obsidian Vault\World_Machine\Entities\Stocks\CMND.md,Entities/Stocks/CMND.md,obsidian://open?vault=World_Machine&file=Entities%2FStocks%2FCMND.md,World_Machine,Watching,Stocks,CMND,"[""stock"",""biotech"",""psychedelics""]",CMND,World_Machine,Entity;Stock
world:stock:CMP,2026-06-01,CMP,,,Entities,,CMP,,,,,,,,,CMP,stock,,,,,,,,,,,,,,CMP,[],CMP,,Entity;Stock
world:stock:CMPS,2026-06-01,CMPS,[[UK]],,Entities,NASDAQ,CMPS,,,,,,,,,CMPS,stock,obsidian://open?vault=World_Machine&file=Entities%2FStocks%2FCMPS.md,Entities/Stocks/CMPS.md,[[Healthcare]],Entities,C:\Users\CaveUser\Documents\Obsidian Vault\World_Machine\Entities\Stocks\CMPS.md,World_Machine,Entities,C:\Users\CaveUser\Documents\Obsidian Vault\World_Machine\Entities\Stocks\CMPS.md,Entities/Stocks/CMPS.md,obsidian://open?vault=World_Machine&file=Entities%2FStocks%2FCMPS.md,World_Machine,Active,Stocks,CMPS,"[""stock"",""biotech"",""psychedelics"",""mental-health""]",CMPS,World_Machine,Entity;Stock
world:stock:CMPX,2026-06-01,CMPX,,,Entities,,CMPX,,,,,,,,,CMPX,stock,,,,,,,,,,,,,,CMPX,[],CMPX,,Entity;Stock
world:stock:CMS,2026-06-01,CMS,,,Entities,,CMS,,,,,,,,,CMS,stock,,,,,,,,,,,,,,CMS,[],CMS,,Entity;Stock
world:stock:CMTG,2026-06-01,CMTG,,,Entities,,CMTG,,,,,,,,,CMTG,stock,,,,,,,,,,,,,,CMTG,[],CMTG,,Entity;Stock
world:stock:CMTL,2026-06-01,CMTL,,,Entities,,CMTL,,,,,,,,,CMTL,stock,,,,,,,,,,,,,,CMTL,[],CMTL,,Entity;Stock
world:stock:CNC,2026-06-01,CNC,,,Entities,,CNC,,,,,,,,,CNC,stock,,,,,,,,,,,,,,CNC,[],CNC,,Entity;Stock
world:stock:CNDT,2026-06-01,CNDT,,,Entities,,CNDT,,,,,,,,,CNDT,stock,,,,,,,,,,,,,,CNDT,[],CNDT,,Entity;Stock
world:stock:CNP,2026-06-01,CNP,,,Entities,,CNP,,,,,,,,,CNP,stock,,,,,,,,,,,,,,CNP,[],CNP,,Entity;Stock
world:stock:CNX,2026-06-01,CNX,,,Entities,,CNX,,,,,,,,,CNX,stock,,,,,,,,,,,,,,CNX,[],CNX,,Entity;Stock
world:stock:CNXC,2026-06-01,CNXC,,,Entities,,CNXC,,,,,,,,,CNXC,stock,,,,,,,,,,,,,,CNXC,[],CNXC,,Entity;Stock
world:stock:COCP,2026-06-01,COCP,,,Entities,,COCP,,,,,,,,,COCP,stock,,,,,,,,,,,,,,COCP,[],COCP,,Entity;Stock
world:stock:CODI-PB,2026-06-01,CODI-PB,,,Entities,,CODI-PB,,,,,,,,,CODI-PB,stock,,,,,,,,,,,,,,CODI-PB,[],CODI-PB,,Entity;Stock
world:stock:COF,2026-06-01,COF,,,Entities,,COF,,,,,,,,,COF,stock,,,,,,,,,,,,,,COF,[],COF,,Entity;Stock
world:stock:COHR,2026-06-01,COHR,,,Entities,,COHR,,,,,,,,,COHR,stock,,,,,,,,,,,,,,COHR,[],COHR,,Entity;Stock
world:stock:COIN,2026-06-01,COIN,[[USA]],,Entities,NASDAQ,COIN,,,,,,,,,COIN,stock,obsidian://open?vault=World_Machine&file=Entities%2FStocks%2FCOIN.md,Entities/Stocks/COIN.md,[[Financials]],Entities,C:\Users\CaveUser\Documents\Obsidian Vault\World_Machine\Entities\Stocks\COIN.md,World_Machine,Entities,C:\Users\CaveUser\Documents\Obsidian Vault\World_Machine\Entities\Stocks\COIN.md,Entities/Stocks/COIN.md,obsidian://open?vault=World_Machine&file=Entities%2FStocks%2FCOIN.md,World_Machine,Active,Stocks,COIN,"[""stock"",""financials"",""crypto"",""exchange""]",COIN,World_Machine,Entity;Stock
world:stock:COKE,2026-06-01,COKE,,,Entities,,COKE,,,,,,,,,COKE,stock,,,,,,,,,,,,,,COKE,[],COKE,,Entity;Stock
world:stock:COO,2026-06-01,COO,,,Entities,,COO,,,,,,,,,COO,stock,,,,,,,,,,,,,,COO,[],COO,,Entity;Stock
world:stock:COP,2026-06-01,COP,,,Entities,,COP,,,,,,,,,COP,stock,,,,,,,,,,,,,,COP,[],COP,,Entity;Stock
world:stock:COR,2026-06-01,COR,,,Entities,,COR,,,,,,,,,COR,stock,,,,,,,,,,,,,,COR,[],COR,,Entity;Stock
world:stock:CORZ,2026-06-01,CORZ,,,Entities,,CORZ,,,,,,,,,CORZ,stock,,,,,,,,,,,,,,CORZ,[],CORZ,,Entity;Stock
world:stock:COST,2026-06-01,COST,[[USA]],,Entities,NASDAQ,COST,,,,,,,,,COST,stock,obsidian://open?vault=World_Machine&file=Entities%2FStocks%2FCOST.md,Entities/Stocks/COST.md,[[Consumer Staples]],Entities,C:\Users\CaveUser\Documents\Obsidian Vault\World_Machine\Entities\Stocks\COST.md,World_Machine,Entities,C:\Users\CaveUser\Documents\Obsidian Vault\World_Machine\Entities\Stocks\COST.md,Entities/Stocks/COST.md,obsidian://open?vault=World_Machine&file=Entities%2FStocks%2FCOST.md,World_Machine,Active,Stocks,COST,"[""stock"",""consumer-staples"",""retail"",""garp""]",COST,World_Machine,Entity;Stock
world:stock:COTY,2026-06-01,COTY,,,Entities,,COTY,,,,,,,,,COTY,stock,,,,,,,,,,,,,,COTY,[],COTY,,Entity;Stock
world:stock:CPAY,2026-06-01,CPAY,,,Entities,,CPAY,,,,,,,,,CPAY,stock,,,,,,,,,,,,,,CPAY,[],CPAY,,Entity;Stock
world:stock:CPB,2026-06-01,CPB,,,Entities,,CPB,,,,,,,,,CPB,stock,,,,,,,,,,,,,,CPB,[],CPB,,Entity;Stock
world:stock:CPI,2026-06-01,CPI,,,Entities,,CPI,,,,,,,,,CPI,stock,,,,,,,,,,,,,,CPI,[],CPI,,Entity;Stock
world:stock:CPRT,2026-06-01,CPRT,,,Entities,,CPRT,,,,,,,,,CPRT,stock,,,,,,,,,,,,,,CPRT,[],CPRT,,Entity;Stock
world:stock:CPRX,2026-06-01,CPRX,,,Entities,,CPRX,,,,,,,,,CPRX,stock,,,,,,,,,,,,,,CPRX,[],CPRX,,Entity;Stock
world:stock:CPT,2026-06-01,CPT,,,Entities,,CPT,,,,,,,,,CPT,stock,,,,,,,,,,,,,,CPT,[],CPT,,Entity;Stock
world:stock:CRBG,2026-06-01,CRBG,,,Entities,,CRBG,,,,,,,,,CRBG,stock,,,,,,,,,,,,,,CRBG,[],CRBG,,Entity;Stock
world:stock:CRCL,2026-06-01,CRCL,,,Entities,,CRCL,,,,,,,,,CRCL,stock,,,,,,,,,,,,,,CRCL,[],CRCL,,Entity;Stock
world:stock:CRH,2026-06-01,CRH,,,Entities,,CRH,,,,,,,,,CRH,stock,,,,,,,,,,,,,,CRH,[],CRH,,Entity;Stock
world:stock:CRI,2026-06-01,CRI,,,Entities,,CRI,,,,,,,,,CRI,stock,,,,,,,,,,,,,,CRI,[],CRI,,Entity;Stock
world:stock:CRL,2026-06-01,CRL,,,Entities,,CRL,,,,,,,,,CRL,stock,,,,,,,,,,,,,,CRL,[],CRL,,Entity;Stock
world:stock:CRM,2026-06-01,CRM,,,Entities,,CRM,,,,,,,,,CRM,stock,,,,,,,,,,,,,,CRM,[],CRM,,Entity;Stock
world:stock:CRML,2026-06-01,CRML,,,Entities,,CRML,,,,,,,,,CRML,stock,,,,,,,,,,,,,,CRML,[],CRML,,Entity;Stock
world:stock:CRSP,2026-06-01,CRSP,,,Entities,,CRSP,,,,,,,,,CRSP,stock,,,,,,,,,,,,,,CRSP,[],CRSP,,Entity;Stock
world:stock:CRUS,2026-06-01,CRUS,,,Entities,,CRUS,,,,,,,,,CRUS,stock,,,,,,,,,,,,,,CRUS,[],CRUS,,Entity;Stock
world:stock:CRWD,2026-06-01,CRWD,,,Entities,,CRWD,,,,,,,,,CRWD,stock,,,,,,,,,,,,,,CRWD,[],CRWD,,Entity;Stock
world:stock:CSCO,2026-06-01,CSCO,,,Entities,,CSCO,,,,,,,,,CSCO,stock,,,,,,,,,,,,,,CSCO,[],CSCO,,Entity;Stock
world:stock:CSGP,2026-06-01,CSGP,,,Entities,,CSGP,,,,,,,,,CSGP,stock,,,,,,,,,,,,,,CSGP,[],CSGP,,Entity;Stock
world:stock:CSTE,2026-06-01,CSTE,,,Entities,,CSTE,,,,,,,,,CSTE,stock,,,,,,,,,,,,,,CSTE,[],CSTE,,Entity;Stock
world:stock:CSTL,2026-06-01,CSTL,,,Entities,,CSTL,,,,,,,,,CSTL,stock,,,,,,,,,,,,,,CSTL,[],CSTL,,Entity;Stock
world:stock:CSWC,2026-06-01,CSWC,,,Entities,,CSWC,,,,,,,,,CSWC,stock,,,,,,,,,,,,,,CSWC,[],CSWC,,Entity;Stock
world:stock:CSX,2026-06-01,CSX,,,Entities,,CSX,,,,,,,,,CSX,stock,,,,,,,,,,,,,,CSX,[],CSX,,Entity;Stock
world:stock:CTAS,2026-06-01,CTAS,,,Entities,,CTAS,,,,,,,,,CTAS,stock,,,,,,,,,,,,,,CTAS,[],CTAS,,Entity;Stock
world:stock:CTEV,2026-06-01,CTEV,,,Entities,,CTEV,,,,,,,,,CTEV,stock,,,,,,,,,,,,,,CTEV,[],CTEV,,Entity;Stock
world:stock:CTGO,2026-06-01,CTGO,,,Entities,,CTGO,,,,,,,,,CTGO,stock,,,,,,,,,,,,,,CTGO,[],CTGO,,Entity;Stock
world:stock:CTRA,2026-06-01,CTRA,,,Entities,,CTRA,,,,,,,,,CTRA,stock,,,,,,,,,,,,,,CTRA,[],CTRA,,Entity;Stock
world:stock:CTRE,2026-06-01,CTRE,,,Entities,,CTRE,,,,,,,,,CTRE,stock,,,,,,,,,,,,,,CTRE,[],CTRE,,Entity;Stock
world:stock:CTSH,2026-06-01,CTSH,,,Entities,,CTSH,,,,,,,,,CTSH,stock,,,,,,,,,,,,,,CTSH,[],CTSH,,Entity;Stock
world:stock:CTVA,2026-06-01,CTVA,,,Entities,,CTVA,,,,,,,,,CTVA,stock,,,,,,,,,,,,,,CTVA,[],CTVA,,Entity;Stock
world:stock:CUE,2026-06-01,CUE,,,Entities,,CUE,,,,,,,,,CUE,stock,,,,,,,,,,,,,,CUE,[],CUE,,Entity;Stock
world:stock:CUK,2026-06-01,CUK,,,Entities,,CUK,,,,,,,,,CUK,stock,,,,,,,,,,,,,,CUK,[],CUK,,Entity;Stock
world:stock:CURLF,2026-06-01,CURLF,,,Entities,,CURLF,,,,,,,,,CURLF,stock,,,,,,,,,,,,,,CURLF,[],CURLF,,Entity;Stock
world:stock:CVCO,2026-06-01,CVCO,,,Entities,,CVCO,,,,,,,,,CVCO,stock,,,,,,,,,,,,,,CVCO,[],CVCO,,Entity;Stock
world:stock:CVGI,2026-06-01,CVGI,,,Entities,,CVGI,,,,,,,,,CVGI,stock,,,,,,,,,,,,,,CVGI,[],CVGI,,Entity;Stock
world:stock:CVNA,2026-06-01,CVNA,,,Entities,,CVNA,,,,,,,,,CVNA,stock,,,,,,,,,,,,,,CVNA,[],CVNA,,Entity;Stock
world:stock:CVS,2026-06-01,CVS,,,Entities,,CVS,,,,,,,,,CVS,stock,,,,,,,,,,,,,,CVS,[],CVS,,Entity;Stock
world:stock:CVX,2026-06-01,CVX,[[USA]],,Entities,NYSE,CVX,,,,,,,,,CVX,stock,obsidian://open?vault=World_Machine&file=Entities%2FStocks%2FCVX.md,Entities/Stocks/CVX.md,[[Energy]],Entities,C:\Users\CaveUser\Documents\Obsidian Vault\World_Machine\Entities\Stocks\CVX.md,World_Machine,Entities,C:\Users\CaveUser\Documents\Obsidian Vault\World_Machine\Entities\Stocks\CVX.md,Entities/Stocks/CVX.md,obsidian://open?vault=World_Machine&file=Entities%2FStocks%2FCVX.md,World_Machine,Active,Stocks,CVX,"[""stock"",""energy"",""oil"",""integrated""]",CVX,World_Machine,Entity;Stock
world:stock:CWEN,2026-06-01,CWEN,,,Entities,,CWEN,,,,,,,,,CWEN,stock,,,,,,,,,,,,,,CWEN,[],CWEN,,Entity;Stock
world:stock:CXDO,2026-06-01,CXDO,,,Entities,,CXDO,,,,,,,,,CXDO,stock,,,,,,,,,,,,,,CXDO,[],CXDO,,Entity;Stock
world:stock:CXW,2026-06-01,CXW,,,Entities,,CXW,,,,,,,,,CXW,stock,,,,,,,,,,,,,,CXW,[],CXW,,Entity;Stock
world:stock:D,2026-06-01,D,,,Entities,,D,,,,,,,,,D,stock,,,,,,,,,,,,,,D,[],D,,Entity;Stock
world:stock:DAKT,2026-06-01,DAKT,,,Entities,,DAKT,,,,,,,,,DAKT,stock,,,,,,,,,,,,,,DAKT,[],DAKT,,Entity;Stock
world:stock:DAL,2026-06-01,DAL,,,Entities,,DAL,,,,,,,,,DAL,stock,,,,,,,,,,,,,,DAL,[],DAL,,Entity;Stock
world:stock:DAO,2026-06-01,DAO,,,Entities,,DAO,,,,,,,,,DAO,stock,,,,,,,,,,,,,,DAO,[],DAO,,Entity;Stock
world:stock:DAR,2026-06-01,DAR,,,Entities,,DAR,,,,,,,,,DAR,stock,,,,,,,,,,,,,,DAR,[],DAR,,Entity;Stock
world:stock:DASH,2026-06-01,DASH,,,Entities,,DASH,,,,,,,,,DASH,stock,,,,,,,,,,,,,,DASH,[],DASH,,Entity;Stock
world:stock:DAVA,2026-06-01,DAVA,,,Entities,,DAVA,,,,,,,,,DAVA,stock,,,,,,,,,,,,,,DAVA,[],DAVA,,Entity;Stock
world:stock:DBI,2026-06-01,DBI,,,Entities,,DBI,,,,,,,,,DBI,stock,,,,,,,,,,,,,,DBI,[],DBI,,Entity;Stock
world:stock:DCO,2026-06-01,DCO,,,Entities,,DCO,,,,,,,,,DCO,stock,,,,,,,,,,,,,,DCO,[],DCO,,Entity;Stock
world:stock:DCOM,2026-06-01,DCOM,,,Entities,,DCOM,,,,,,,,,DCOM,stock,,,,,,,,,,,,,,DCOM,[],DCOM,,Entity;Stock
world:stock:DD,2026-06-01,DD,,,Entities,,DD,,,,,,,,,DD,stock,,,,,,,,,,,,,,DD,[],DD,,Entity;Stock
world:stock:DDOG,2026-06-01,DDOG,,,Entities,,DDOG,,,,,,,,,DDOG,stock,,,,,,,,,,,,,,DDOG,[],DDOG,,Entity;Stock
world:stock:DE,2026-06-01,DE,,,Entities,,DE,,,,,,,,,DE,stock,,,,,,,,,,,,,,DE,[],DE,,Entity;Stock
world:stock:DEC.L,2026-06-01,DEC.L,,,Entities,,DEC.L,,,,,,,,,DEC.L,stock,,,,,,,,,,,,,,DEC.L,[],DEC.L,,Entity;Stock
world:stock:DECK,2026-06-01,DECK,,,Entities,,DECK,,,,,,,,,DECK,stock,,,,,,,,,,,,,,DECK,[],DECK,,Entity;Stock
world:stock:DEI,2026-06-01,DEI,,,Entities,,DEI,,,,,,,,,DEI,stock,,,,,,,,,,,,,,DEI,[],DEI,,Entity;Stock
world:stock:DELL,2026-06-01,DELL,,,Entities,,DELL,,,,,,,,,DELL,stock,,,,,,,,,,,,,,DELL,[],DELL,,Entity;Stock
world:stock:DFIN,2026-06-01,DFIN,,,Entities,,DFIN,,,,,,,,,DFIN,stock,,,,,,,,,,,,,,DFIN,[],DFIN,,Entity;Stock
world:stock:DFSC,2026-06-01,DFSC,,,Entities,,DFSC,,,,,,,,,DFSC,stock,,,,,,,,,,,,,,DFSC,[],DFSC,,Entity;Stock
world:stock:DFTX,2026-06-01,DFTX,[[USA]],,Entities,NASDAQ,DFTX,,,,,,,,,DFTX,stock,obsidian://open?vault=World_Machine&file=Entities%2FStocks%2FDFTX.md,Entities/Stocks/DFTX.md,[[Healthcare]],Entities,C:\Users\CaveUser\Documents\Obsidian Vault\World_Machine\Entities\Stocks\DFTX.md,World_Machine,Entities,C:\Users\CaveUser\Documents\Obsidian Vault\World_Machine\Entities\Stocks\DFTX.md,Entities/Stocks/DFTX.md,obsidian://open?vault=World_Machine&file=Entities%2FStocks%2FDFTX.md,World_Machine,Active,Stocks,DFTX,"[""stock"",""biotech"",""psychedelics"",""mental-health""]",DFTX,World_Machine,Entity;Stock
world:stock:DG,2026-06-01,DG,,,Entities,,DG,,,,,,,,,DG,stock,,,,,,,,,,,,,,DG,[],DG,,Entity;Stock
world:stock:DGX,2026-06-01,DGX,,,Entities,,DGX,,,,,,,,,DGX,stock,,,,,,,,,,,,,,DGX,[],DGX,,Entity;Stock
world:stock:DGX.NE,2026-06-01,DGX.NE,,,Entities,,DGX.NE,,,,,,,,,DGX.NE,stock,,,,,,,,,,,,,,DGX.NE,[],DGX.NE,,Entity;Stock
world:stock:DHI,2026-06-01,DHI,[[USA]],,Entities,NYSE,DHI,,,,,,,,,DHI,stock,obsidian://open?vault=World_Machine&file=Entities%2FStocks%2FDHI.md,Entities/Stocks/DHI.md,[[Consumer Discretionary]],Entities,C:\Users\CaveUser\Documents\Obsidian Vault\World_Machine\Entities\Stocks\DHI.md,World_Machine,Entities,C:\Users\CaveUser\Documents\Obsidian Vault\World_Machine\Entities\Stocks\DHI.md,Entities/Stocks/DHI.md,obsidian://open?vault=World_Machine&file=Entities%2FStocks%2FDHI.md,World_Machine,Active,Stocks,DHI,"[""stock"",""consumer-discretionary"",""housing"",""homebuilders""]",DHI,World_Machine,Entity;Stock
world:stock:DHR,2026-06-01,DHR,,,Entities,,DHR,,,,,,,,,DHR,stock,,,,,,,,,,,,,,DHR,[],DHR,,Entity;Stock
world:stock:DIA,2026-06-01,DIA,,,Entities,,DIA,,,,,,,,,DIA,stock,,,,,,,,,,,,,,DIA,[],DIA,,Entity;Stock
world:stock:DIN,2026-06-01,DIN,,,Entities,,DIN,,,,,,,,,DIN,stock,,,,,,,,,,,,,,DIN,[],DIN,,Entity;Stock
world:stock:DIS,2026-06-01,DIS,,,Entities,,DIS,,,,,,,,,DIS,stock,,,,,,,,,,,,,,DIS,[],DIS,,Entity;Stock
world:stock:DJCO,2026-06-01,DJCO,,,Entities,,DJCO,,,,,,,,,DJCO,stock,,,,,,,,,,,,,,DJCO,[],DJCO,,Entity;Stock
world:stock:DLHC,2026-06-01,DLHC,,,Entities,,DLHC,,,,,,,,,DLHC,stock,,,,,,,,,,,,,,DLHC,[],DLHC,,Entity;Stock
world:stock:DLR,2026-06-01,DLR,,,Entities,,DLR,,,,,,,,,DLR,stock,,,,,,,,,,,,,,DLR,[],DLR,,Entity;Stock
world:stock:DLTR,2026-06-01,DLTR,,,Entities,,DLTR,,,,,,,,,DLTR,stock,,,,,,,,,,,,,,DLTR,[],DLTR,,Entity;Stock
world:stock:DLX,2026-06-01,DLX,,,Entities,,DLX,,,,,,,,,DLX,stock,,,,,,,,,,,,,,DLX,[],DLX,,Entity;Stock
world:stock:DNA,2026-06-01,DNA,,,Entities,,DNA,,,,,,,,,DNA,stock,,,,,,,,,,,,,,DNA,[],DNA,,Entity;Stock
world:stock:DNLI,2026-06-01,DNLI,,,Entities,,DNLI,,,,,,,,,DNLI,stock,,,,,,,,,,,,,,DNLI,[],DNLI,,Entity;Stock
world:stock:DNOW,2026-06-01,DNOW,,,Entities,,DNOW,,,,,,,,,DNOW,stock,,,,,,,,,,,,,,DNOW,[],DNOW,,Entity;Stock
world:stock:DOC,2026-06-01,DOC,,,Entities,,DOC,,,,,,,,,DOC,stock,,,,,,,,,,,,,,DOC,[],DOC,,Entity;Stock
world:stock:DOV,2026-06-01,DOV,,,Entities,,DOV,,,,,,,,,DOV,stock,,,,,,,,,,,,,,DOV,[],DOV,,Entity;Stock
world:stock:DOW,2026-06-01,DOW,,,Entities,,DOW,,,,,,,,,DOW,stock,,,,,,,,,,,,,,DOW,[],DOW,,Entity;Stock
world:stock:DPRO,2026-06-01,DPRO,[[Canada]],,Entities,NASDAQ,DPRO,,,,,,,,,DPRO,stock,obsidian://open?vault=World_Machine&file=Entities%2FStocks%2FDPRO.md,Entities/Stocks/DPRO.md,[[Industrials]],Entities,C:\Users\CaveUser\Documents\Obsidian Vault\World_Machine\Entities\Stocks\DPRO.md,World_Machine,Entities,C:\Users\CaveUser\Documents\Obsidian Vault\World_Machine\Entities\Stocks\DPRO.md,Entities/Stocks/DPRO.md,obsidian://open?vault=World_Machine&file=Entities%2FStocks%2FDPRO.md,World_Machine,Active,Stocks,DPRO,"[""stock"",""drones"",""commercial"",""canada""]",DPRO,World_Machine,Entity;Stock
world:stock:DPZ,2026-06-01,DPZ,,,Entities,,DPZ,,,,,,,,,DPZ,stock,,,,,,,,,,,,,,DPZ,[],DPZ,,Entity;Stock
world:stock:DRAM,2026-06-01,DRAM,,,Entities,,DRAM,,,,,,,,,DRAM,stock,,,,,,,,,,,,,,DRAM,[],DRAM,,Entity;Stock
world:stock:DRDB,2026-06-01,DRDB,,,Entities,,DRDB,,,,,,,,,DRDB,stock,,,,,,,,,,,,,,DRDB,[],DRDB,,Entity;Stock
world:stock:DRH,2026-06-01,DRH,,,Entities,,DRH,,,,,,,,,DRH,stock,,,,,,,,,,,,,,DRH,[],DRH,,Entity;Stock
world:stock:DRI,2026-06-01,DRI,,,Entities,,DRI,,,,,,,,,DRI,stock,,,,,,,,,,,,,,DRI,[],DRI,,Entity;Stock
world:stock:DRO_AX,2026-06-01,DRO_AX,[[Australia]],,Entities,ASX,DRO_AX,,,,,,,,,DRO_AX,stock,obsidian://open?vault=World_Machine&file=Entities%2FStocks%2FDRO_AX.md,Entities/Stocks/DRO_AX.md,[[Aerospace & Defense]],Entities,C:\Users\CaveUser\Documents\Obsidian Vault\World_Machine\Entities\Stocks\DRO_AX.md,World_Machine,Entities,C:\Users\CaveUser\Documents\Obsidian Vault\World_Machine\Entities\Stocks\DRO_AX.md,Entities/Stocks/DRO_AX.md,obsidian://open?vault=World_Machine&file=Entities%2FStocks%2FDRO_AX.md,World_Machine,Active,Stocks,DRO_AX,"[""stock"",""defense"",""drones"",""counter-drone"",""australia""]",DRO_AX,World_Machine,Entity;Stock
world:stock:DRUG,2026-06-01,DRUG,[[USA]],,Entities,NASDAQ,DRUG,,,,,,,,,DRUG,stock,obsidian://open?vault=World_Machine&file=Entities%2FStocks%2FDRUG.md,Entities/Stocks/DRUG.md,[[Healthcare]],Entities,C:\Users\CaveUser\Documents\Obsidian Vault\World_Machine\Entities\Stocks\DRUG.md,World_Machine,Entities,C:\Users\CaveUser\Documents\Obsidian Vault\World_Machine\Entities\Stocks\DRUG.md,Entities/Stocks/DRUG.md,obsidian://open?vault=World_Machine&file=Entities%2FStocks%2FDRUG.md,World_Machine,Active,Stocks,DRUG,"[""stock"",""biotech"",""psychedelics"",""mental-health""]",DRUG,World_Machine,Entity;Stock
world:stock:DTE,2026-06-01,DTE,,,Entities,,DTE,,,,,,,,,DTE,stock,,,,,,,,,,,,,,DTE,[],DTE,,Entity;Stock
world:stock:DTI,2026-06-01,DTI,,,Entities,,DTI,,,,,,,,,DTI,stock,,,,,,,,,,,,,,DTI,[],DTI,,Entity;Stock
world:stock:DUK,2026-06-01,DUK,,,Entities,,DUK,,,,,,,,,DUK,stock,,,,,,,,,,,,,,DUK,[],DUK,,Entity;Stock
world:stock:DUOT,2026-06-01,DUOT,,,Entities,,DUOT,,,,,,,,,DUOT,stock,,,,,,,,,,,,,,DUOT,[],DUOT,,Entity;Stock
world:stock:DVA,2026-06-01,DVA,,,Entities,,DVA,,,,,,,,,DVA,stock,,,,,,,,,,,,,,DVA,[],DVA,,Entity;Stock
world:stock:DVN,2026-06-01,DVN,,,Entities,,DVN,,,,,,,,,DVN,stock,,,,,,,,,,,,,,DVN,[],DVN,,Entity;Stock
world:stock:DX,2026-06-01,DX,,,Entities,,DX,,,,,,,,,DX,stock,,,,,,,,,,,,,,DX,[],DX,,Entity;Stock
world:stock:DXC,2026-06-01,DXC,,,Entities,,DXC,,,,,,,,,DXC,stock,,,,,,,,,,,,,,DXC,[],DXC,,Entity;Stock
world:stock:DXCM,2026-06-01,DXCM,,,Entities,,DXCM,,,,,,,,,DXCM,stock,,,,,,,,,,,,,,DXCM,[],DXCM,,Entity;Stock
world:stock:DXY,2026-06-01,DXY,,,Entities,,DXY,,,,,,,,,DXY,stock,,,,,,,,,,,,,,DXY,[],DXY,,Entity;Stock
world:stock:DXYZ,2026-06-01,DXYZ,,,Entities,,DXYZ,,,,,,,,,DXYZ,stock,,,,,,,,,,,,,,DXYZ,[],DXYZ,,Entity;Stock
world:stock:DYN,2026-06-01,DYN,,,Entities,,DYN,,,,,,,,,DYN,stock,,,,,,,,,,,,,,DYN,[],DYN,,Entity;Stock
world:stock:EA,2026-06-01,EA,,,Entities,,EA,,,,,,,,,EA,stock,,,,,,,,,,,,,,EA,[],EA,,Entity;Stock
world:stock:EAT,2026-06-01,EAT,,,Entities,,EAT,,,,,,,,,EAT,stock,,,,,,,,,,,,,,EAT,[],EAT,,Entity;Stock
world:stock:EBAY,2026-06-01,EBAY,,,Entities,,EBAY,,,,,,,,,EBAY,stock,,,,,,,,,,,,,,EBAY,[],EBAY,,Entity;Stock
world:stock:ECL,2026-06-01,ECL,,,Entities,,ECL,,,,,,,,,ECL,stock,,,,,,,,,,,,,,ECL,[],ECL,,Entity;Stock
world:stock:ECPG,2026-06-01,ECPG,[[USA]],,Entities,NASDAQ,ECPG,,,,,,,,,ECPG,stock,obsidian://open?vault=World_Machine&file=Entities%2FStocks%2FECPG.md,Entities/Stocks/ECPG.md,[[Financials]],Entities,C:\Users\CaveUser\Documents\Obsidian Vault\World_Machine\Entities\Stocks\ECPG.md,World_Machine,Entities,C:\Users\CaveUser\Documents\Obsidian Vault\World_Machine\Entities\Stocks\ECPG.md,Entities/Stocks/ECPG.md,obsidian://open?vault=World_Machine&file=Entities%2FStocks%2FECPG.md,World_Machine,Active,Stocks,ECPG,"[""stock"",""smallcap"",""financials"",""special-situations""]",ECPG,World_Machine,Entity;Stock
world:stock:ECVT,2026-06-01,ECVT,,,Entities,,ECVT,,,,,,,,,ECVT,stock,,,,,,,,,,,,,,ECVT,[],ECVT,,Entity;Stock
world:stock:ED,2026-06-01,ED,,,Entities,,ED,,,,,,,,,ED,stock,,,,,,,,,,,,,,ED,[],ED,,Entity;Stock
world:stock:EDIT,2026-06-01,EDIT,,,Entities,,EDIT,,,,,,,,,EDIT,stock,,,,,,,,,,,,,,EDIT,[],EDIT,,Entity;Stock
world:stock:EE,2026-06-01,EE,,,Entities,,EE,,,,,,,,,EE,stock,,,,,,,,,,,,,,EE,[],EE,,Entity;Stock
world:stock:EFC,2026-06-01,EFC,,,Entities,,EFC,,,,,,,,,EFC,stock,,,,,,,,,,,,,,EFC,[],EFC,,Entity;Stock
world:stock:EFX,2026-06-01,EFX,,,Entities,,EFX,,,,,,,,,EFX,stock,,,,,,,,,,,,,,EFX,[],EFX,,Entity;Stock
world:stock:EG,2026-06-01,EG,,,Entities,,EG,,,,,,,,,EG,stock,,,,,,,,,,,,,,EG,[],EG,,Entity;Stock
world:stock:EH,2026-06-01,EH,[[China]],,Entities,NASDAQ,EH,,,,,,,,,EH,stock,obsidian://open?vault=World_Machine&file=Entities%2FStocks%2FEH.md,Entities/Stocks/EH.md,[[Industrials]],Entities,C:\Users\CaveUser\Documents\Obsidian Vault\World_Machine\Entities\Stocks\EH.md,World_Machine,Entities,C:\Users\CaveUser\Documents\Obsidian Vault\World_Machine\Entities\Stocks\EH.md,Entities/Stocks/EH.md,obsidian://open?vault=World_Machine&file=Entities%2FStocks%2FEH.md,World_Machine,Active,Stocks,EH,"[""stock"",""evtol"",""drones"",""air-mobility"",""china""]",EH,World_Machine,Entity;Stock
world:stock:EIG,2026-06-01,EIG,,,Entities,,EIG,,,,,,,,,EIG,stock,,,,,,,,,,,,,,EIG,[],EIG,,Entity;Stock
world:stock:EIX,2026-06-01,EIX,,,Entities,,EIX,,,,,,,,,EIX,stock,,,,,,,,,,,,,,EIX,[],EIX,,Entity;Stock
world:stock:EL,2026-06-01,EL,,,Entities,,EL,,,,,,,,,EL,stock,,,,,,,,,,,,,,EL,[],EL,,Entity;Stock
world:stock:ELMD,2026-06-01,ELMD,,,Entities,,ELMD,,,,,,,,,ELMD,stock,,,,,,,,,,,,,,ELMD,[],ELMD,,Entity;Stock
world:stock:ELME,2026-06-01,ELME,,,Entities,,ELME,,,,,,,,,ELME,stock,,,,,,,,,,,,,,ELME,[],ELME,,Entity;Stock
world:stock:ELV,2026-06-01,ELV,,,Entities,,ELV,,,,,,,,,ELV,stock,,,,,,,,,,,,,,ELV,[],ELV,,Entity;Stock
world:stock:ELVN,2026-06-01,ELVN,,,Entities,,ELVN,,,,,,,,,ELVN,stock,,,,,,,,,,,,,,ELVN,[],ELVN,,Entity;Stock
world:stock:EMBC,2026-06-01,EMBC,,,Entities,,EMBC,,,,,,,,,EMBC,stock,,,,,,,,,,,,,,EMBC,[],EMBC,,Entity;Stock
world:stock:EME,2026-06-01,EME,,,Entities,,EME,,,,,,,,,EME,stock,,,,,,,,,,,,,,EME,[],EME,,Entity;Stock
world:stock:EMPD,2026-06-01,EMPD,,,Entities,,EMPD,,,,,,,,,EMPD,stock,,,,,,,,,,,,,,EMPD,[],EMPD,,Entity;Stock
world:stock:EMR,2026-06-01,EMR,,,Entities,,EMR,,,,,,,,,EMR,stock,,,,,,,,,,,,,,EMR,[],EMR,,Entity;Stock
world:stock:EMXC,2026-06-01,EMXC,,,Entities,,EMXC,,,,,,,,,EMXC,stock,,,,,,,,,,,,,,EMXC,[],EMXC,,Entity;Stock
world:stock:ENOV,2026-06-01,ENOV,,,Entities,,ENOV,,,,,,,,,ENOV,stock,,,,,,,,,,,,,,ENOV,[],ENOV,,Entity;Stock
world:stock:ENPH,2026-06-01,ENPH,,,Entities,,ENPH,,,,,,,,,ENPH,stock,,,,,,,,,,,,,,ENPH,[],ENPH,,Entity;Stock
world:stock:ENVB,2026-06-01,ENVB,[[USA]],,Entities,NASDAQ,ENVB,,,,,,,,,ENVB,stock,obsidian://open?vault=World_Machine&file=Entities%2FStocks%2FENVB.md,Entities/Stocks/ENVB.md,[[Healthcare]],Entities,C:\Users\CaveUser\Documents\Obsidian Vault\World_Machine\Entities\Stocks\ENVB.md,World_Machine,Entities,C:\Users\CaveUser\Documents\Obsidian Vault\World_Machine\Entities\Stocks\ENVB.md,Entities/Stocks/ENVB.md,obsidian://open?vault=World_Machine&file=Entities%2FStocks%2FENVB.md,World_Machine,Watching,Stocks,ENVB,"[""stock"",""biotech"",""psychedelics""]",ENVB,World_Machine,Entity;Stock
world:stock:ENVX,2026-06-01,ENVX,,,Entities,,ENVX,,,,,,,,,ENVX,stock,,,,,,,,,,,,,,ENVX,[],ENVX,,Entity;Stock
world:stock:EOD,2026-06-01,EOD,,,Entities,,EOD,,,,,,,,,EOD,stock,,,,,,,,,,,,,,EOD,[],EOD,,Entity;Stock
world:stock:EOG,2026-06-01,EOG,,,Entities,,EOG,,,,,,,,,EOG,stock,,,,,,,,,,,,,,EOG,[],EOG,,Entity;Stock
world:stock:EPAM,2026-06-01,EPAM,,,Entities,,EPAM,,,,,,,,,EPAM,stock,,,,,,,,,,,,,,EPAM,[],EPAM,,Entity;Stock
world:stock:EPC,2026-06-01,EPC,,,Entities,,EPC,,,,,,,,,EPC,stock,,,,,,,,,,,,,,EPC,[],EPC,,Entity;Stock
world:stock:EPD,2026-06-01,EPD,,,Entities,,EPD,,,,,,,,,EPD,stock,,,,,,,,,,,,,,EPD,[],EPD,,Entity;Stock
world:stock:EQIX,2026-06-01,EQIX,[[USA]],,Entities,NASDAQ,EQIX,,,,,,,,,EQIX,stock,obsidian://open?vault=World_Machine&file=Entities%2FStocks%2FEQIX.md,Entities/Stocks/EQIX.md,[[Real Estate]],Entities,C:\Users\CaveUser\Documents\Obsidian Vault\World_Machine\Entities\Stocks\EQIX.md,World_Machine,Entities,C:\Users\CaveUser\Documents\Obsidian Vault\World_Machine\Entities\Stocks\EQIX.md,Entities/Stocks/EQIX.md,obsidian://open?vault=World_Machine&file=Entities%2FStocks%2FEQIX.md,World_Machine,Active,Stocks,EQIX,"[""stock"",""real-estate"",""reit"",""datacenter""]",EQIX,World_Machine,Entity;Stock
world:stock:EQR,2026-06-01,EQR,,,Entities,,EQR,,,,,,,,,EQR,stock,,,,,,,,,,,,,,EQR,[],EQR,,Entity;Stock
world:stock:EQT,2026-06-01,EQT,,,Entities,,EQT,,,,,,,,,EQT,stock,,,,,,,,,,,,,,EQT,[],EQT,,Entity;Stock
world:stock:ERIE,2026-06-01,ERIE,,,Entities,,ERIE,,,,,,,,,ERIE,stock,,,,,,,,,,,,,,ERIE,[],ERIE,,Entity;Stock
world:stock:ES,2026-06-01,ES,,,Entities,,ES,,,,,,,,,ES,stock,,,,,,,,,,,,,,ES,[],ES,,Entity;Stock
world:stock:ESCA,2026-06-01,ESCA,,,Entities,,ESCA,,,,,,,,,ESCA,stock,,,,,,,,,,,,,,ESCA,[],ESCA,,Entity;Stock
world:stock:ESI,2026-06-01,ESI,,,Entities,,ESI,,,,,,,,,ESI,stock,,,,,,,,,,,,,,ESI,[],ESI,,Entity;Stock
world:stock:ESLT,2026-06-01,ESLT,[[Israel]],,Entities,NASDAQ,ESLT,,,,,,,,,ESLT,stock,obsidian://open?vault=World_Machine&file=Entities%2FStocks%2FESLT.md,Entities/Stocks/ESLT.md,[[Aerospace & Defense]],Entities,C:\Users\CaveUser\Documents\Obsidian Vault\World_Machine\Entities\Stocks\ESLT.md,World_Machine,Entities,C:\Users\CaveUser\Documents\Obsidian Vault\World_Machine\Entities\Stocks\ESLT.md,Entities/Stocks/ESLT.md,obsidian://open?vault=World_Machine&file=Entities%2FStocks%2FESLT.md,World_Machine,Active,Stocks,ESLT,"[""stock"",""defense"",""drones"",""military"",""israel""]",ESLT,World_Machine,Entity;Stock
world:stock:ESOA,2026-06-01,ESOA,,,Entities,,ESOA,,,,,,,,,ESOA,stock,,,,,,,,,,,,,,ESOA,[],ESOA,,Entity;Stock
world:stock:ESS,2026-06-01,ESS,,,Entities,,ESS,,,,,,,,,ESS,stock,,,,,,,,,,,,,,ESS,[],ESS,,Entity;Stock
world:stock:ETR,2026-06-01,ETR,,,Entities,,ETR,,,,,,,,,ETR,stock,,,,,,,,,,,,,,ETR,[],ETR,,Entity;Stock
world:stock:EVC,2026-06-01,EVC,,,Entities,,EVC,,,,,,,,,EVC,stock,,,,,,,,,,,,,,EVC,[],EVC,,Entity;Stock
world:stock:EVO,2026-06-01,EVO,,,Entities,,EVO,,,,,,,,,EVO,stock,,,,,,,,,,,,,,EVO,[],EVO,,Entity;Stock
world:stock:EVRG,2026-06-01,EVRG,,,Entities,,EVRG,,,,,,,,,EVRG,stock,,,,,,,,,,,,,,EVRG,[],EVRG,,Entity;Stock
world:stock:EVTL,2026-06-01,EVTL,[[UK]],,Entities,NYSE,EVTL,,,,,,,,,EVTL,stock,obsidian://open?vault=World_Machine&file=Entities%2FStocks%2FEVTL.md,Entities/Stocks/EVTL.md,[[Industrials]],Entities,C:\Users\CaveUser\Documents\Obsidian Vault\World_Machine\Entities\Stocks\EVTL.md,World_Machine,Entities,C:\Users\CaveUser\Documents\Obsidian Vault\World_Machine\Entities\Stocks\EVTL.md,Entities/Stocks/EVTL.md,obsidian://open?vault=World_Machine&file=Entities%2FStocks%2FEVTL.md,World_Machine,Active,Stocks,EVTL,"[""stock"",""evtol"",""drones"",""air-mobility"",""uk""]",EVTL,World_Machine,Entity;Stock
world:stock:EW,2026-06-01,EW,,,Entities,,EW,,,,,,,,,EW,stock,,,,,,,,,,,,,,EW,[],EW,,Entity;Stock
world:stock:EXC,2026-06-01,EXC,,,Entities,,EXC,,,,,,,,,EXC,stock,,,,,,,,,,,,,,EXC,[],EXC,,Entity;Stock
world:stock:EXE,2026-06-01,EXE,,,Entities,,EXE,,,,,,,,,EXE,stock,,,,,,,,,,,,,,EXE,[],EXE,,Entity;Stock
world:stock:EXPD,2026-06-01,EXPD,,,Entities,,EXPD,,,,,,,,,EXPD,stock,,,,,,,,,,,,,,EXPD,[],EXPD,,Entity;Stock
world:stock:EXPE,2026-06-01,EXPE,,,Entities,,EXPE,,,,,,,,,EXPE,stock,,,,,,,,,,,,,,EXPE,[],EXPE,,Entity;Stock
world:stock:EXR,2026-06-01,EXR,,,Entities,,EXR,,,,,,,,,EXR,stock,,,,,,,,,,,,,,EXR,[],EXR,,Entity;Stock
world:stock:EYE,2026-06-01,EYE,,,Entities,,EYE,,,,,,,,,EYE,stock,,,,,,,,,,,,,,EYE,[],EYE,,Entity;Stock
world:stock:EYPT,2026-06-01,EYPT,,,Entities,,EYPT,,,,,,,,,EYPT,stock,,,,,,,,,,,,,,EYPT,[],EYPT,,Entity;Stock
world:stock:EZPW,2026-06-01,EZPW,,,Entities,,EZPW,,,,,,,,,EZPW,stock,,,,,,,,,,,,,,EZPW,[],EZPW,,Entity;Stock
world:stock:F,2026-06-01,F,,,Entities,,F,,,,,,,,,F,stock,,,,,,,,,,,,,,F,[],F,,Entity;Stock
world:stock:FANG,2026-06-01,FANG,,,Entities,,FANG,,,,,,,,,FANG,stock,,,,,,,,,,,,,,FANG,[],FANG,,Entity;Stock
world:stock:FAST,2026-06-01,FAST,,,Entities,,FAST,,,,,,,,,FAST,stock,,,,,,,,,,,,,,FAST,[],FAST,,Entity;Stock
world:stock:FBLA,2026-06-01,FBLA,,,Entities,,FBLA,,,,,,,,,FBLA,stock,,,,,,,,,,,,,,FBLA,[],FBLA,,Entity;Stock
world:stock:FBTC,2026-06-01,FBTC,,,Entities,,FBTC,,,,,,,,,FBTC,stock,,,,,,,,,,,,,,FBTC,[],FBTC,,Entity;Stock
world:stock:FC,2026-06-01,FC,,,Entities,,FC,,,,,,,,,FC,stock,,,,,,,,,,,,,,FC,[],FC,,Entity;Stock
world:stock:FCCO,2026-06-01,FCCO,,,Entities,,FCCO,,,,,,,,,FCCO,stock,,,,,,,,,,,,,,FCCO,[],FCCO,,Entity;Stock
world:stock:FCF,2026-06-01,FCF,,,Entities,,FCF,,,,,,,,,FCF,stock,,,,,,,,,,,,,,FCF,[],FCF,,Entity;Stock
world:stock:FCFS,2026-06-01,FCFS,,,Entities,,FCFS,,,,,,,,,FCFS,stock,,,,,,,,,,,,,,FCFS,[],FCFS,,Entity;Stock
world:stock:FCX,2026-06-01,FCX,[[USA]],,Entities,NYSE,FCX,,,,,,,,,FCX,stock,obsidian://open?vault=World_Machine&file=Entities%2FStocks%2FFCX.md,Entities/Stocks/FCX.md,[[Materials]],Entities,C:\Users\CaveUser\Documents\Obsidian Vault\World_Machine\Entities\Stocks\FCX.md,World_Machine,Entities,C:\Users\CaveUser\Documents\Obsidian Vault\World_Machine\Entities\Stocks\FCX.md,Entities/Stocks/FCX.md,obsidian://open?vault=World_Machine&file=Entities%2FStocks%2FFCX.md,World_Machine,Active,Stocks,FCX,"[""stock"",""materials"",""copper"",""mining""]",FCX,World_Machine,Entity;Stock
world:stock:FDS,2026-06-01,FDS,,,Entities,,FDS,,,,,,,,,FDS,stock,,,,,,,,,,,,,,FDS,[],FDS,,Entity;Stock
world:stock:FDX,2026-06-01,FDX,,,Entities,,FDX,,,,,,,,,FDX,stock,,,,,,,,,,,,,,FDX,[],FDX,,Entity;Stock
world:stock:FE,2026-06-01,FE,,,Entities,,FE,,,,,,,,,FE,stock,,,,,,,,,,,,,,FE,[],FE,,Entity;Stock
world:stock:FF,2026-06-01,FF,,,Entities,,FF,,,,,,,,,FF,stock,,,,,,,,,,,,,,FF,[],FF,,Entity;Stock
world:stock:FFIV,2026-06-01,FFIV,,,Entities,,FFIV,,,,,,,,,FFIV,stock,,,,,,,,,,,,,,FFIV,[],FFIV,,Entity;Stock
world:stock:FICO,2026-06-01,FICO,,,Entities,,FICO,,,,,,,,,FICO,stock,,,,,,,,,,,,,,FICO,[],FICO,,Entity;Stock
world:stock:FIGS,2026-06-01,FIGS,,,Entities,,FIGS,,,,,,,,,FIGS,stock,,,,,,,,,,,,,,FIGS,[],FIGS,,Entity;Stock
world:stock:FIS,2026-06-01,FIS,,,Entities,,FIS,,,,,,,,,FIS,stock,,,,,,,,,,,,,,FIS,[],FIS,,Entity;Stock
world:stock:FISV,2026-06-01,FISV,,,Entities,,FISV,,,,,,,,,FISV,stock,,,,,,,,,,,,,,FISV,[],FISV,,Entity;Stock
world:stock:FITB,2026-06-01,FITB,,,Entities,,FITB,,,,,,,,,FITB,stock,,,,,,,,,,,,,,FITB,[],FITB,,Entity;Stock
world:stock:FIVN,2026-06-01,FIVN,,,Entities,,FIVN,,,,,,,,,FIVN,stock,,,,,,,,,,,,,,FIVN,[],FIVN,,Entity;Stock
world:stock:FIX,2026-06-01,FIX,,,Entities,,FIX,,,,,,,,,FIX,stock,,,,,,,,,,,,,,FIX,[],FIX,,Entity;Stock
world:stock:FJET,2026-06-01,FJET,,,Entities,,FJET,,,,,,,,,FJET,stock,,,,,,,,,,,,,,FJET,[],FJET,,Entity;Stock
world:stock:FLNC,2026-06-01,FLNC,,,Entities,,FLNC,,,,,,,,,FLNC,stock,,,,,,,,,,,,,,FLNC,[],FLNC,,Entity;Stock
world:stock:FLNT,2026-06-01,FLNT,,,Entities,,FLNT,,,,,,,,,FLNT,stock,,,,,,,,,,,,,,FLNT,[],FLNT,,Entity;Stock
world:stock:FLO,2026-06-01,FLO,,,Entities,,FLO,,,,,,,,,FLO,stock,,,,,,,,,,,,,,FLO,[],FLO,,Entity;Stock
world:stock:FLOC,2026-06-01,FLOC,,,Entities,,FLOC,,,,,,,,,FLOC,stock,,,,,,,,,,,,,,FLOC,[],FLOC,,Entity;Stock
world:stock:FLWS,2026-06-01,FLWS,,,Entities,,FLWS,,,,,,,,,FLWS,stock,,,,,,,,,,,,,,FLWS,[],FLWS,,Entity;Stock
world:stock:FLX,2026-06-01,FLX,,,Entities,,FLX,,,,,,,,,FLX,stock,,,,,,,,,,,,,,FLX,[],FLX,,Entity;Stock
world:stock:FLYW,2026-06-01,FLYW,,,Entities,,FLYW,,,,,,,,,FLYW,stock,,,,,,,,,,,,,,FLYW,[],FLYW,,Entity;Stock
world:stock:FMC,2026-06-01,FMC,,,Entities,,FMC,,,,,,,,,FMC,stock,,,,,,,,,,,,,,FMC,[],FMC,,Entity;Stock
world:stock:FNDF,2026-06-01,FNDF,,,Entities,,FNDF,,,,,,,,,FNDF,stock,,,,,,,,,,,,,,FNDF,[],FNDF,,Entity;Stock
world:stock:FNKO,2026-06-01,FNKO,,,Entities,,FNKO,,,,,,,,,FNKO,stock,,,,,,,,,,,,,,FNKO,[],FNKO,,Entity;Stock
world:stock:FNWD,2026-06-01,FNWD,,,Entities,,FNWD,,,,,,,,,FNWD,stock,,,,,,,,,,,,,,FNWD,[],FNWD,,Entity;Stock
world:stock:FORM,2026-06-01,FORM,,,Entities,,FORM,,,,,,,,,FORM,stock,,,,,,,,,,,,,,FORM,[],FORM,,Entity;Stock
world:stock:FOX,2026-06-01,FOX,,,Entities,,FOX,,,,,,,,,FOX,stock,,,,,,,,,,,,,,FOX,[],FOX,,Entity;Stock
world:stock:FOXA,2026-06-01,FOXA,,,Entities,,FOXA,,,,,,,,,FOXA,stock,,,,,,,,,,,,,,FOXA,[],FOXA,,Entity;Stock
world:stock:FPDS,2026-06-01,FPDS,,,Entities,,FPDS,,,,,,,,,FPDS,stock,,,,,,,,,,,,,,FPDS,[],FPDS,,Entity;Stock
world:stock:FRD,2026-06-01,FRD,,,Entities,,FRD,,,,,,,,,FRD,stock,,,,,,,,,,,,,,FRD,[],FRD,,Entity;Stock
world:stock:FRT,2026-06-01,FRT,,,Entities,,FRT,,,,,,,,,FRT,stock,,,,,,,,,,,,,,FRT,[],FRT,,Entity;Stock
world:stock:FSLR,2026-06-01,FSLR,,,Entities,,FSLR,,,,,,,,,FSLR,stock,,,,,,,,,,,,,,FSLR,[],FSLR,,Entity;Stock
world:stock:FSLY,2026-06-01,FSLY,,,Entities,,FSLY,,,,,,,,,FSLY,stock,,,,,,,,,,,,,,FSLY,[],FSLY,,Entity;Stock
world:stock:FSUN,2026-06-01,FSUN,,,Entities,,FSUN,,,,,,,,,FSUN,stock,,,,,,,,,,,,,,FSUN,[],FSUN,,Entity;Stock
world:stock:FTAI,2026-06-01,FTAI,,,Entities,,FTAI,,,,,,,,,FTAI,stock,,,,,,,,,,,,,,FTAI,[],FTAI,,Entity;Stock
world:stock:FTNT,2026-06-01,FTNT,,,Entities,,FTNT,,,,,,,,,FTNT,stock,,,,,,,,,,,,,,FTNT,[],FTNT,,Entity;Stock
world:stock:FTV,2026-06-01,FTV,,,Entities,,FTV,,,,,,,,,FTV,stock,,,,,,,,,,,,,,FTV,[],FTV,,Entity;Stock
world:stock:FUBO,2026-06-01,FUBO,,,Entities,,FUBO,,,,,,,,,FUBO,stock,,,,,,,,,,,,,,FUBO,[],FUBO,,Entity;Stock
world:stock:FUN,2026-06-01,FUN,,,Entities,,FUN,,,,,,,,,FUN,stock,,,,,,,,,,,,,,FUN,[],FUN,,Entity;Stock
world:stock:FVCB,2026-06-01,FVCB,,,Entities,,FVCB,,,,,,,,,FVCB,stock,,,,,,,,,,,,,,FVCB,[],FVCB,,Entity;Stock
world:stock:GAIA,2026-06-01,GAIA,,,Entities,,GAIA,,,,,,,,,GAIA,stock,,,,,,,,,,,,,,GAIA,[],GAIA,,Entity;Stock
world:stock:GAIN,2026-06-01,GAIN,,,Entities,,GAIN,,,,,,,,,GAIN,stock,,,,,,,,,,,,,,GAIN,[],GAIN,,Entity;Stock
world:stock:GALT,2026-06-01,GALT,,,Entities,,GALT,,,,,,,,,GALT,stock,,,,,,,,,,,,,,GALT,[],GALT,,Entity;Stock
world:stock:GBLI,2026-06-01,GBLI,,,Entities,,GBLI,,,,,,,,,GBLI,stock,,,,,,,,,,,,,,GBLI,[],GBLI,,Entity;Stock
world:stock:GBX,2026-06-01,GBX,,,Entities,,GBX,,,,,,,,,GBX,stock,,,,,,,,,,,,,,GBX,[],GBX,,Entity;Stock
world:stock:GCMG,2026-06-01,GCMG,,,Entities,,GCMG,,,,,,,,,GCMG,stock,,,,,,,,,,,,,,GCMG,[],GCMG,,Entity;Stock
world:stock:GD,2026-06-01,GD,,,Entities,,GD,,,,,,,,,GD,stock,,,,,,,,,,,,,,GD,[],GD,,Entity;Stock
world:stock:GDDY,2026-06-01,GDDY,,,Entities,,GDDY,,,,,,,,,GDDY,stock,,,,,,,,,,,,,,GDDY,[],GDDY,,Entity;Stock
world:stock:GDP,2026-06-01,GDP,,,Entities,,GDP,,,,,,,,,GDP,stock,,,,,,,,,,,,,,GDP,[],GDP,,Entity;Stock
world:stock:GE,2026-06-01,GE,,,Entities,,GE,,,,,,,,,GE,stock,,,,,,,,,,,,,,GE,[],GE,,Entity;Stock
world:stock:GEHC,2026-06-01,GEHC,,,Entities,,GEHC,,,,,,,,,GEHC,stock,,,,,,,,,,,,,,GEHC,[],GEHC,,Entity;Stock
world:stock:GEL,2026-06-01,GEL,,,Entities,,GEL,,,,,,,,,GEL,stock,,,,,,,,,,,,,,GEL,[],GEL,,Entity;Stock
world:stock:GEN,2026-06-01,GEN,,,Entities,,GEN,,,,,,,,,GEN,stock,,,,,,,,,,,,,,GEN,[],GEN,,Entity;Stock
world:stock:GEV,2026-06-01,GEV,[[USA]],,Entities,NYSE,GEV,,,,,,,,,GEV,stock,obsidian://open?vault=World_Machine&file=Entities%2FStocks%2FGEV.md,Entities/Stocks/GEV.md,[[Industrials]],Entities,C:\Users\CaveUser\Documents\Obsidian Vault\World_Machine\Entities\Stocks\GEV.md,World_Machine,Entities,C:\Users\CaveUser\Documents\Obsidian Vault\World_Machine\Entities\Stocks\GEV.md,Entities/Stocks/GEV.md,obsidian://open?vault=World_Machine&file=Entities%2FStocks%2FGEV.md,World_Machine,Active,Stocks,GEV,"[""stock"",""industrials"",""electrification"",""grid""]",GEV,World_Machine,Entity;Stock
world:stock:GFS,2026-06-01,GFS,,,Entities,,GFS,,,,,,,,,GFS,stock,,,,,,,,,,,,,,GFS,[],GFS,,Entity;Stock
world:stock:GGR,2026-06-01,GGR,,,Entities,,GGR,,,,,,,,,GGR,stock,,,,,,,,,,,,,,GGR,[],GGR,,Entity;Stock
world:stock:GHRS,2026-06-01,GHRS,[[USA]],,Entities,NASDAQ,GHRS,,,,,,,,,GHRS,stock,obsidian://open?vault=World_Machine&file=Entities%2FStocks%2FGHRS.md,Entities/Stocks/GHRS.md,[[Healthcare]],Entities,C:\Users\CaveUser\Documents\Obsidian Vault\World_Machine\Entities\Stocks\GHRS.md,World_Machine,Entities,C:\Users\CaveUser\Documents\Obsidian Vault\World_Machine\Entities\Stocks\GHRS.md,Entities/Stocks/GHRS.md,obsidian://open?vault=World_Machine&file=Entities%2FStocks%2FGHRS.md,World_Machine,Active,Stocks,GHRS,"[""stock"",""biotech"",""psychedelics"",""mental-health""]",GHRS,World_Machine,Entity;Stock
world:stock:GILD,2026-06-01,GILD,,,Entities,,GILD,,,,,,,,,GILD,stock,,,,,,,,,,,,,,GILD,[],GILD,,Entity;Stock
world:stock:GIS,2026-06-01,GIS,,,Entities,,GIS,,,,,,,,,GIS,stock,,,,,,,,,,,,,,GIS,[],GIS,,Entity;Stock
world:stock:GL,2026-06-01,GL,,,Entities,,GL,,,,,,,,,GL,stock,,,,,,,,,,,,,,GL,[],GL,,Entity;Stock
world:stock:GLD,2026-06-01,GLD,,,Entities,,GLD,,,,,,,,,GLD,stock,,,,,,,,,,,,,,GLD,[],GLD,,Entity;Stock
world:stock:GLDD,2026-06-01,GLDD,,,Entities,,GLDD,,,,,,,,,GLDD,stock,,,,,,,,,,,,,,GLDD,[],GLDD,,Entity;Stock
world:stock:GLND,2026-06-01,GLND,,,Entities,,GLND,,,,,,,,,GLND,stock,,,,,,,,,,,,,,GLND,[],GLND,,Entity;Stock
world:stock:GLOB,2026-06-01,GLOB,,,Entities,,GLOB,,,,,,,,,GLOB,stock,,,,,,,,,,,,,,GLOB,[],GLOB,,Entity;Stock
world:stock:GLW,2026-06-01,GLW,,,Entities,,GLW,,,,,,,,,GLW,stock,,,,,,,,,,,,,,GLW,[],GLW,,Entity;Stock
world:stock:GM,2026-06-01,GM,,,Entities,,GM,,,,,,,,,GM,stock,,,,,,,,,,,,,,GM,[],GM,,Entity;Stock
world:stock:GNE,2026-06-01,GNE,,,Entities,,GNE,,,,,,,,,GNE,stock,,,,,,,,,,,,,,GNE,[],GNE,,Entity;Stock
world:stock:GNL,2026-06-01,GNL,,,Entities,,GNL,,,,,,,,,GNL,stock,,,,,,,,,,,,,,GNL,[],GNL,,Entity;Stock
world:stock:GNRC,2026-06-01,GNRC,,,Entities,,GNRC,,,,,,,,,GNRC,stock,,,,,,,,,,,,,,GNRC,[],GNRC,,Entity;Stock
world:stock:GO,2026-06-01,GO,,,Entities,,GO,,,,,,,,,GO,stock,,,,,,,,,,,,,,GO,[],GO,,Entity;Stock
world:stock:GOGO,2026-06-01,GOGO,,,Entities,,GOGO,,,,,,,,,GOGO,stock,,,,,,,,,,,,,,GOGO,[],GOGO,,Entity;Stock
world:stock:GOLD,2026-06-01,GOLD,[[USA]],,Entities,NYSE,GOLD,,,,,,,,,GOLD,stock,obsidian://open?vault=World_Machine&file=Entities%2FStocks%2FBarrick%20Gold%20(GOLD).md,Entities/Stocks/Barrick Gold (GOLD).md,[[Materials]],Entities,C:\Users\CaveUser\Documents\Obsidian Vault\World_Machine\Entities\Stocks\Barrick Gold (GOLD).md,World_Machine,Entities,C:\Users\CaveUser\Documents\Obsidian Vault\World_Machine\Entities\Stocks\Barrick Gold (GOLD).md,Entities/Stocks/Barrick Gold (GOLD).md,obsidian://open?vault=World_Machine&file=Entities%2FStocks%2FBarrick%20Gold%20(GOLD).md,World_Machine,Active,Stocks,GOLD,"[""stock"",""materials"",""gold"",""miner""]",GOLD,World_Machine,Entity;Stock
world:stock:GOOG,2026-06-01,GOOG,,,Entities,,GOOG,,,,,,,,,GOOG,stock,,,,,,,,,,,,,,GOOG,[],GOOG,,Entity;Stock
world:stock:GOOGL,2026-06-01,GOOGL,[[USA]],,Entities,NASDAQ,GOOGL,,,,,,,,,GOOGL,stock,obsidian://open?vault=World_Machine&file=Entities%2FStocks%2FGOOGL.md,Entities/Stocks/GOOGL.md,[[Communication Services]],Entities,C:\Users\CaveUser\Documents\Obsidian Vault\World_Machine\Entities\Stocks\GOOGL.md,World_Machine,Entities,C:\Users\CaveUser\Documents\Obsidian Vault\World_Machine\Entities\Stocks\GOOGL.md,Entities/Stocks/GOOGL.md,obsidian://open?vault=World_Machine&file=Entities%2FStocks%2FGOOGL.md,World_Machine,Active,Stocks,GOOGL,"[""stock"",""communication-services"",""tech"",""ai""]",GOOGL,World_Machine,Entity;Stock
world:stock:GORO,2026-06-01,GORO,,,Entities,,GORO,,,,,,,,,GORO,stock,,,,,,,,,,,,,,GORO,[],GORO,,Entity;Stock
world:stock:GPC,2026-06-01,GPC,,,Entities,,GPC,,,,,,,,,GPC,stock,,,,,,,,,,,,,,GPC,[],GPC,,Entity;Stock
world:stock:GPN,2026-06-01,GPN,,,Entities,,GPN,,,,,,,,,GPN,stock,,,,,,,,,,,,,,GPN,[],GPN,,Entity;Stock
world:stock:GPRE,2026-06-01,GPRE,,,Entities,,GPRE,,,,,,,,,GPRE,stock,,,,,,,,,,,,,,GPRE,[],GPRE,,Entity;Stock
world:stock:GPRK,2026-06-01,GPRK,,,Entities,,GPRK,,,,,,,,,GPRK,stock,,,,,,,,,,,,,,GPRK,[],GPRK,,Entity;Stock
world:stock:GRAL,2026-06-01,GRAL,,,Entities,,GRAL,,,,,,,,,GRAL,stock,,,,,,,,,,,,,,GRAL,[],GRAL,,Entity;Stock
world:stock:GRC,2026-06-01,GRC,,,Entities,,GRC,,,,,,,,,GRC,stock,,,,,,,,,,,,,,GRC,[],GRC,,Entity;Stock
world:stock:GRDN,2026-06-01,GRDN,,,Entities,,GRDN,,,,,,,,,GRDN,stock,,,,,,,,,,,,,,GRDN,[],GRDN,,Entity;Stock
world:stock:GRMN,2026-06-01,GRMN,,,Entities,,GRMN,,,,,,,,,GRMN,stock,,,,,,,,,,,,,,GRMN,[],GRMN,,Entity;Stock
world:stock:GRO,2026-06-01,GRO,,,Entities,,GRO,,,,,,,,,GRO,stock,,,,,,,,,,,,,,GRO,[],GRO,,Entity;Stock
world:stock:GROV,2026-06-01,GROV,,,Entities,,GROV,,,,,,,,,GROV,stock,,,,,,,,,,,,,,GROV,[],GROV,,Entity;Stock
world:stock:GROY,2026-06-01,GROY,,,Entities,,GROY,,,,,,,,,GROY,stock,,,,,,,,,,,,,,GROY,[],GROY,,Entity;Stock
world:stock:GRPN,2026-06-01,GRPN,,,Entities,,GRPN,,,,,,,,,GRPN,stock,,,,,,,,,,,,,,GRPN,[],GRPN,,Entity;Stock
world:stock:GS,2026-06-01,GS,[[USA]],,Entities,NYSE,GS,,,,,,,,,GS,stock,obsidian://open?vault=World_Machine&file=Entities%2FStocks%2FGS.md,Entities/Stocks/GS.md,[[Financials]],Entities,C:\Users\CaveUser\Documents\Obsidian Vault\World_Machine\Entities\Stocks\GS.md,World_Machine,Entities,C:\Users\CaveUser\Documents\Obsidian Vault\World_Machine\Entities\Stocks\GS.md,Entities/Stocks/GS.md,obsidian://open?vault=World_Machine&file=Entities%2FStocks%2FGS.md,World_Machine,Active,Stocks,GS,"[""stock"",""financials"",""investment-banking"",""markets""]",GS,World_Machine,Entity;Stock
world:stock:GSBD,2026-06-01,GSBD,,,Entities,,GSBD,,,,,,,,,GSBD,stock,,,,,,,,,,,,,,GSBD,[],GSBD,,Entity;Stock
world:stock:GSIT,2026-06-01,GSIT,,,Entities,,GSIT,,,,,,,,,GSIT,stock,,,,,,,,,,,,,,GSIT,[],GSIT,,Entity;Stock
world:stock:GSL,2026-06-01,GSL,,,Entities,,GSL,,,,,,,,,GSL,stock,,,,,,,,,,,,,,GSL,[],GSL,,Entity;Stock
world:stock:GSRVU,2026-06-01,GSRVU,,,Entities,,GSRVU,,,,,,,,,GSRVU,stock,,,,,,,,,,,,,,GSRVU,[],GSRVU,,Entity;Stock
world:stock:GT,2026-06-01,GT,,,Entities,,GT,,,,,,,,,GT,stock,,,,,,,,,,,,,,GT,[],GT,,Entity;Stock
world:stock:GTLS,2026-06-01,GTLS,,,Entities,,GTLS,,,,,,,,,GTLS,stock,,,,,,,,,,,,,,GTLS,[],GTLS,,Entity;Stock
world:stock:GUT,2026-06-01,GUT,,,Entities,,GUT,,,,,,,,,GUT,stock,,,,,,,,,,,,,,GUT,[],GUT,,Entity;Stock
world:stock:GWRS,2026-06-01,GWRS,,,Entities,,GWRS,,,,,,,,,GWRS,stock,,,,,,,,,,,,,,GWRS,[],GWRS,,Entity;Stock
world:stock:GWW,2026-06-01,GWW,,,Entities,,GWW,,,,,,,,,GWW,stock,,,,,,,,,,,,,,GWW,[],GWW,,Entity;Stock
world:stock:GXAI,2026-06-01,GXAI,,,Entities,,GXAI,,,,,,,,,GXAI,stock,,,,,,,,,,,,,,GXAI,[],GXAI,,Entity;Stock
world:stock:HAL,2026-06-01,HAL,,,Entities,,HAL,,,,,,,,,HAL,stock,,,,,,,,,,,,,,HAL,[],HAL,,Entity;Stock
world:stock:HAS,2026-06-01,HAS,,,Entities,,HAS,,,,,,,,,HAS,stock,,,,,,,,,,,,,,HAS,[],HAS,,Entity;Stock
world:stock:HBAN,2026-06-01,HBAN,,,Entities,,HBAN,,,,,,,,,HBAN,stock,,,,,,,,,,,,,,HBAN,[],HBAN,,Entity;Stock
world:stock:HCA,2026-06-01,HCA,,,Entities,,HCA,,,,,,,,,HCA,stock,,,,,,,,,,,,,,HCA,[],HCA,,Entity;Stock
world:stock:HCI,2026-06-01,HCI,,,Entities,,HCI,,,,,,,,,HCI,stock,,,,,,,,,,,,,,HCI,[],HCI,,Entity;Stock
world:stock:HD,2026-06-01,HD,,,Entities,,HD,,,,,,,,,HD,stock,,,,,,,,,,,,,,HD,[],HD,,Entity;Stock
world:stock:HDSN,2026-06-01,HDSN,,,Entities,,HDSN,,,,,,,,,HDSN,stock,,,,,,,,,,,,,,HDSN,[],HDSN,,Entity;Stock
world:stock:HELE,2026-06-01,HELE,,,Entities,,HELE,,,,,,,,,HELE,stock,,,,,,,,,,,,,,HELE,[],HELE,,Entity;Stock
world:stock:HELP,2026-06-01,HELP,[[USA]],,Entities,NASDAQ,HELP,,,,,,,,,HELP,stock,obsidian://open?vault=World_Machine&file=Entities%2FStocks%2FHELP.md,Entities/Stocks/HELP.md,[[Healthcare]],Entities,C:\Users\CaveUser\Documents\Obsidian Vault\World_Machine\Entities\Stocks\HELP.md,World_Machine,Entities,C:\Users\CaveUser\Documents\Obsidian Vault\World_Machine\Entities\Stocks\HELP.md,Entities/Stocks/HELP.md,obsidian://open?vault=World_Machine&file=Entities%2FStocks%2FHELP.md,World_Machine,Active,Stocks,HELP,"[""stock"",""biotech"",""psychedelics"",""mental-health""]",HELP,World_Machine,Entity;Stock
world:stock:HIG,2026-06-01,HIG,,,Entities,,HIG,,,,,,,,,HIG,stock,,,,,,,,,,,,,,HIG,[],HIG,,Entity;Stock
world:stock:HII,2026-06-01,HII,,,Entities,,HII,,,,,,,,,HII,stock,,,,,,,,,,,,,,HII,[],HII,,Entity;Stock
world:stock:HIMS,2026-06-01,HIMS,,,Entities,,HIMS,,,,,,,,,HIMS,stock,,,,,,,,,,,,,,HIMS,[],HIMS,,Entity;Stock
world:stock:HLF,2026-06-01,HLF,,,Entities,,HLF,,,,,,,,,HLF,stock,,,,,,,,,,,,,,HLF,[],HLF,,Entity;Stock
world:stock:HLT,2026-06-01,HLT,,,Entities,,HLT,,,,,,,,,HLT,stock,,,,,,,,,,,,,,HLT,[],HLT,,Entity;Stock
world:stock:HLX,2026-06-01,HLX,,,Entities,,HLX,,,,,,,,,HLX,stock,,,,,,,,,,,,,,HLX,[],HLX,,Entity;Stock
world:stock:HMN,2026-06-01,HMN,,,Entities,,HMN,,,,,,,,,HMN,stock,,,,,,,,,,,,,,HMN,[],HMN,,Entity;Stock
world:stock:HNRG,2026-06-01,HNRG,,,Entities,,HNRG,,,,,,,,,HNRG,stock,,,,,,,,,,,,,,HNRG,[],HNRG,,Entity;Stock
world:stock:HON,2026-06-01,HON,,,Entities,,HON,,,,,,,,,HON,stock,,,,,,,,,,,,,,HON,[],HON,,Entity;Stock
world:stock:HOOD,2026-06-01,HOOD,,,Entities,,HOOD,,,,,,,,,HOOD,stock,,,,,,,,,,,,,,HOOD,[],HOOD,,Entity;Stock
world:stock:HOV,2026-06-01,HOV,,,Entities,,HOV,,,,,,,,,HOV,stock,,,,,,,,,,,,,,HOV,[],HOV,,Entity;Stock
world:stock:HOVR,2026-06-01,HOVR,[[Canada]],,Entities,NASDAQ,HOVR,,,,,,,,,HOVR,stock,obsidian://open?vault=World_Machine&file=Entities%2FStocks%2FHOVR.md,Entities/Stocks/HOVR.md,[[Industrials]],Entities,C:\Users\CaveUser\Documents\Obsidian Vault\World_Machine\Entities\Stocks\HOVR.md,World_Machine,Entities,C:\Users\CaveUser\Documents\Obsidian Vault\World_Machine\Entities\Stocks\HOVR.md,Entities/Stocks/HOVR.md,obsidian://open?vault=World_Machine&file=Entities%2FStocks%2FHOVR.md,World_Machine,Active,Stocks,HOVR,"[""stock"",""evtol"",""drones"",""air-mobility"",""canada""]",HOVR,World_Machine,Entity;Stock
world:stock:HPE,2026-06-01,HPE,,,Entities,,HPE,,,,,,,,,HPE,stock,,,,,,,,,,,,,,HPE,[],HPE,,Entity;Stock
world:stock:HPQ,2026-06-01,HPQ,,,Entities,,HPQ,,,,,,,,,HPQ,stock,,,,,,,,,,,,,,HPQ,[],HPQ,,Entity;Stock
world:stock:HRB,2026-06-01,HRB,,,Entities,,HRB,,,,,,,,,HRB,stock,,,,,,,,,,,,,,HRB,[],HRB,,Entity;Stock
world:stock:HRL,2026-06-01,HRL,,,Entities,,HRL,,,,,,,,,HRL,stock,,,,,,,,,,,,,,HRL,[],HRL,,Entity;Stock
world:stock:HRMY,2026-06-01,HRMY,,,Entities,,HRMY,,,,,,,,,HRMY,stock,,,,,,,,,,,,,,HRMY,[],HRMY,,Entity;Stock
world:stock:HRZN,2026-06-01,HRZN,,,Entities,,HRZN,,,,,,,,,HRZN,stock,,,,,,,,,,,,,,HRZN,[],HRZN,,Entity;Stock
world:stock:HSHP,2026-06-01,HSHP,,,Entities,,HSHP,,,,,,,,,HSHP,stock,,,,,,,,,,,,,,HSHP,[],HSHP,,Entity;Stock
world:stock:HSIC,2026-06-01,HSIC,,,Entities,,HSIC,,,,,,,,,HSIC,stock,,,,,,,,,,,,,,HSIC,[],HSIC,,Entity;Stock
world:stock:HST,2026-06-01,HST,,,Entities,,HST,,,,,,,,,HST,stock,,,,,,,,,,,,,,HST,[],HST,,Entity;Stock
world:stock:HSY,2026-06-01,HSY,,,Entities,,HSY,,,,,,,,,HSY,stock,,,,,,,,,,,,,,HSY,[],HSY,,Entity;Stock
world:stock:HTO,2026-06-01,HTO,,,Entities,,HTO,,,,,,,,,HTO,stock,,,,,,,,,,,,,,HTO,[],HTO,,Entity;Stock
world:stock:HUBB,2026-06-01,HUBB,[[USA]],,Entities,NYSE,HUBB,,,,,,,,,HUBB,stock,obsidian://open?vault=World_Machine&file=Entities%2FStocks%2FHUBB.md,Entities/Stocks/HUBB.md,[[Industrials]],Entities,C:\Users\CaveUser\Documents\Obsidian Vault\World_Machine\Entities\Stocks\HUBB.md,World_Machine,Entities,C:\Users\CaveUser\Documents\Obsidian Vault\World_Machine\Entities\Stocks\HUBB.md,Entities/Stocks/HUBB.md,obsidian://open?vault=World_Machine&file=Entities%2FStocks%2FHUBB.md,World_Machine,Active,Stocks,HUBB,"[""stock"",""industrials"",""electrification"",""grid-equipment""]",HUBB,World_Machine,Entity;Stock
world:stock:HUM,2026-06-01,HUM,,,Entities,,HUM,,,,,,,,,HUM,stock,,,,,,,,,,,,,,HUM,[],HUM,,Entity;Stock
world:stock:HUT,2026-06-01,HUT,,,Entities,,HUT,,,,,,,,,HUT,stock,,,,,,,,,,,,,,HUT,[],HUT,,Entity;Stock
world:stock:HWM,2026-06-01,HWM,,,Entities,,HWM,,,,,,,,,HWM,stock,,,,,,,,,,,,,,HWM,[],HWM,,Entity;Stock
world:stock:IAU,2026-06-01,IAU,,,Entities,,IAU,,,,,,,,,IAU,stock,,,,,,,,,,,,,,IAU,[],IAU,,Entity;Stock
world:stock:IAUX,2026-06-01,IAUX,,,Entities,,IAUX,,,,,,,,,IAUX,stock,,,,,,,,,,,,,,IAUX,[],IAUX,,Entity;Stock
world:stock:IBKR,2026-06-01,IBKR,,,Entities,,IBKR,,,,,,,,,IBKR,stock,,,,,,,,,,,,,,IBKR,[],IBKR,,Entity;Stock
world:stock:IBM,2026-06-01,IBM,,,Entities,,IBM,,,,,,,,,IBM,stock,,,,,,,,,,,,,,IBM,[],IBM,,Entity;Stock
world:stock:IDN,2026-06-01,IDN,,,Entities,,IDN,,,,,,,,,IDN,stock,,,,,,,,,,,,,,IDN,[],IDN,,Entity;Stock
world:stock:IDXX,2026-06-01,IDXX,,,Entities,,IDXX,,,,,,,,,IDXX,stock,,,,,,,,,,,,,,IDXX,[],IDXX,,Entity;Stock
world:stock:IDYA,2026-06-01,IDYA,,,Entities,,IDYA,,,,,,,,,IDYA,stock,,,,,,,,,,,,,,IDYA,[],IDYA,,Entity;Stock
world:stock:IEFA,2026-06-01,IEFA,,,Entities,,IEFA,,,,,,,,,IEFA,stock,,,,,,,,,,,,,,IEFA,[],IEFA,,Entity;Stock
world:stock:IEMG,2026-06-01,IEMG,,,Entities,,IEMG,,,,,,,,,IEMG,stock,,,,,,,,,,,,,,IEMG,[],IEMG,,Entity;Stock
world:stock:IEX,2026-06-01,IEX,,,Entities,,IEX,,,,,,,,,IEX,stock,,,,,,,,,,,,,,IEX,[],IEX,,Entity;Stock
world:stock:IFF,2026-06-01,IFF,,,Entities,,IFF,,,,,,,,,IFF,stock,,,,,,,,,,,,,,IFF,[],IFF,,Entity;Stock
world:stock:IHRT,2026-06-01,IHRT,,,Entities,,IHRT,,,,,,,,,IHRT,stock,,,,,,,,,,,,,,IHRT,[],IHRT,,Entity;Stock
world:stock:IIPR,2026-06-01,IIPR,[[USA]],,Entities,NYSE,IIPR,,,,,,,,,IIPR,stock,obsidian://open?vault=World_Machine&file=Entities%2FStocks%2FIIPR.md,Entities/Stocks/IIPR.md,[[Real Estate]],Entities,C:\Users\CaveUser\Documents\Obsidian Vault\World_Machine\Entities\Stocks\IIPR.md,World_Machine,Entities,C:\Users\CaveUser\Documents\Obsidian Vault\World_Machine\Entities\Stocks\IIPR.md,Entities/Stocks/IIPR.md,obsidian://open?vault=World_Machine&file=Entities%2FStocks%2FIIPR.md,World_Machine,Active,Stocks,IIPR,"[""stock"",""smallcap"",""real-estate"",""special-situations""]",IIPR,World_Machine,Entity;Stock
world:stock:ILMN,2026-06-01,ILMN,,,Entities,,ILMN,,,,,,,,,ILMN,stock,,,,,,,,,,,,,,ILMN,[],ILMN,,Entity;Stock
world:stock:IMKTA,2026-06-01,IMKTA,,,Entities,,IMKTA,,,,,,,,,IMKTA,stock,,,,,,,,,,,,,,IMKTA,[],IMKTA,,Entity;Stock
world:stock:INBK,2026-06-01,INBK,,,Entities,,INBK,,,,,,,,,INBK,stock,,,,,,,,,,,,,,INBK,[],INBK,,Entity;Stock
world:stock:INBX,2026-06-01,INBX,,,Entities,,INBX,,,,,,,,,INBX,stock,,,,,,,,,,,,,,INBX,[],INBX,,Entity;Stock
world:stock:INCY,2026-06-01,INCY,,,Entities,,INCY,,,,,,,,,INCY,stock,,,,,,,,,,,,,,INCY,[],INCY,,Entity;Stock
world:stock:INGM,2026-06-01,INGM,,,Entities,,INGM,,,,,,,,,INGM,stock,,,,,,,,,,,,,,INGM,[],INGM,,Entity;Stock
world:stock:INNV,2026-06-01,INNV,,,Entities,,INNV,,,,,,,,,INNV,stock,,,,,,,,,,,,,,INNV,[],INNV,,Entity;Stock
world:stock:INOD,2026-06-01,INOD,,,Entities,,INOD,,,,,,,,,INOD,stock,,,,,,,,,,,,,,INOD,[],INOD,,Entity;Stock
world:stock:INR,2026-06-01,INR,,,Entities,,INR,,,,,,,,,INR,stock,,,,,,,,,,,,,,INR,[],INR,,Entity;Stock
world:stock:INSM,2026-06-01,INSM,,,Entities,,INSM,,,,,,,,,INSM,stock,,,,,,,,,,,,,,INSM,[],INSM,,Entity;Stock
world:stock:INSP,2026-06-01,INSP,,,Entities,,INSP,,,,,,,,,INSP,stock,,,,,,,,,,,,,,INSP,[],INSP,,Entity;Stock
world:stock:INTC,2026-06-01,INTC,,,Entities,,INTC,,,,,,,,,INTC,stock,,,,,,,,,,,,,,INTC,[],INTC,,Entity;Stock
world:stock:INTT,2026-06-01,INTT,,,Entities,,INTT,,,,,,,,,INTT,stock,,,,,,,,,,,,,,INTT,[],INTT,,Entity;Stock
world:stock:INTU,2026-06-01,INTU,,,Entities,,INTU,,,,,,,,,INTU,stock,,,,,,,,,,,,,,INTU,[],INTU,,Entity;Stock
world:stock:INVA,2026-06-01,INVA,,,Entities,,INVA,,,,,,,,,INVA,stock,,,,,,,,,,,,,,INVA,[],INVA,,Entity;Stock
world:stock:INVE,2026-06-01,INVE,,,Entities,,INVE,,,,,,,,,INVE,stock,,,,,,,,,,,,,,INVE,[],INVE,,Entity;Stock
world:stock:INVH,2026-06-01,INVH,,,Entities,,INVH,,,,,,,,,INVH,stock,,,,,,,,,,,,,,INVH,[],INVH,,Entity;Stock
world:stock:INVX,2026-06-01,INVX,,,Entities,,INVX,,,,,,,,,INVX,stock,,,,,,,,,,,,,,INVX,[],INVX,,Entity;Stock
world:stock:IONQ,2026-06-01,IONQ,,,Entities,,IONQ,,,,,,,,,IONQ,stock,,,,,,,,,,,,,,IONQ,[],IONQ,,Entity;Stock
world:stock:IOSP,2026-06-01,IOSP,,,Entities,,IOSP,,,,,,,,,IOSP,stock,,,,,,,,,,,,,,IOSP,[],IOSP,,Entity;Stock
world:stock:IP,2026-06-01,IP,,,Entities,,IP,,,,,,,,,IP,stock,,,,,,,,,,,,,,IP,[],IP,,Entity;Stock
world:stock:IPI,2026-06-01,IPI,,,Entities,,IPI,,,,,,,,,IPI,stock,,,,,,,,,,,,,,IPI,[],IPI,,Entity;Stock
world:stock:IPX,2026-06-01,IPX,,,Entities,,IPX,,,,,,,,,IPX,stock,,,,,,,,,,,,,,IPX,[],IPX,,Entity;Stock
world:stock:IQV,2026-06-01,IQV,,,Entities,,IQV,,,,,,,,,IQV,stock,,,,,,,,,,,,,,IQV,[],IQV,,Entity;Stock
world:stock:IR,2026-06-01,IR,,,Entities,,IR,,,,,,,,,IR,stock,,,,,,,,,,,,,,IR,[],IR,,Entity;Stock
world:stock:IRD,2026-06-01,IRD,,,Entities,,IRD,,,,,,,,,IRD,stock,,,,,,,,,,,,,,IRD,[],IRD,,Entity;Stock
world:stock:IRM,2026-06-01,IRM,,,Entities,,IRM,,,,,,,,,IRM,stock,,,,,,,,,,,,,,IRM,[],IRM,,Entity;Stock
world:stock:IRON,2026-06-01,IRON,,,Entities,,IRON,,,,,,,,,IRON,stock,,,,,,,,,,,,,,IRON,[],IRON,,Entity;Stock
world:stock:IRS,2026-06-01,IRS,,,Entities,,IRS,,,,,,,,,IRS,stock,,,,,,,,,,,,,,IRS,[],IRS,,Entity;Stock
world:stock:IRWD,2026-06-01,IRWD,,,Entities,,IRWD,,,,,,,,,IRWD,stock,,,,,,,,,,,,,,IRWD,[],IRWD,,Entity;Stock
world:stock:ISRG,2026-06-01,ISRG,,,Entities,,ISRG,,,,,,,,,ISRG,stock,,,,,,,,,,,,,,ISRG,[],ISRG,,Entity;Stock
world:stock:ISSC,2026-06-01,ISSC,,,Entities,,ISSC,,,,,,,,,ISSC,stock,,,,,,,,,,,,,,ISSC,[],ISSC,,Entity;Stock
world:stock:ISTR,2026-06-01,ISTR,,,Entities,,ISTR,,,,,,,,,ISTR,stock,,,,,,,,,,,,,,ISTR,[],ISTR,,Entity;Stock
world:stock:IT,2026-06-01,IT,,,Entities,,IT,,,,,,,,,IT,stock,,,,,,,,,,,,,,IT,[],IT,,Entity;Stock
world:stock:ITT,2026-06-01,ITT,,,Entities,,ITT,,,,,,,,,ITT,stock,,,,,,,,,,,,,,ITT,[],ITT,,Entity;Stock
world:stock:ITW,2026-06-01,ITW,,,Entities,,ITW,,,,,,,,,ITW,stock,,,,,,,,,,,,,,ITW,[],ITW,,Entity;Stock
world:stock:IVR,2026-06-01,IVR,,,Entities,,IVR,,,,,,,,,IVR,stock,,,,,,,,,,,,,,IVR,[],IVR,,Entity;Stock
world:stock:IVV,2026-06-01,IVV,,,Entities,,IVV,,,,,,,,,IVV,stock,,,,,,,,,,,,,,IVV,[],IVV,,Entity;Stock
world:stock:IVZ,2026-06-01,IVZ,,,Entities,,IVZ,,,,,,,,,IVZ,stock,,,,,,,,,,,,,,IVZ,[],IVZ,,Entity;Stock
world:stock:IWD,2026-06-01,IWD,,,Entities,,IWD,,,,,,,,,IWD,stock,,,,,,,,,,,,,,IWD,[],IWD,,Entity;Stock
world:stock:IWF,2026-06-01,IWF,,,Entities,,IWF,,,,,,,,,IWF,stock,,,,,,,,,,,,,,IWF,[],IWF,,Entity;Stock
world:stock:IWR,2026-06-01,IWR,,,Entities,,IWR,,,,,,,,,IWR,stock,,,,,,,,,,,,,,IWR,[],IWR,,Entity;Stock
world:stock:IXHL,2026-06-01,IXHL,[[USA]],,Entities,NASDAQ,IXHL,,,,,,,,,IXHL,stock,obsidian://open?vault=World_Machine&file=Entities%2FStocks%2FIXHL.md,Entities/Stocks/IXHL.md,[[Healthcare]],Entities,C:\Users\CaveUser\Documents\Obsidian Vault\World_Machine\Entities\Stocks\IXHL.md,World_Machine,Entities,C:\Users\CaveUser\Documents\Obsidian Vault\World_Machine\Entities\Stocks\IXHL.md,Entities/Stocks/IXHL.md,obsidian://open?vault=World_Machine&file=Entities%2FStocks%2FIXHL.md,World_Machine,Active,Stocks,IXHL,"[""stock"",""biotech"",""psychedelics"",""mental-health""]",IXHL,World_Machine,Entity;Stock
world:stock:IXUS,2026-06-01,IXUS,,,Entities,,IXUS,,,,,,,,,IXUS,stock,,,,,,,,,,,,,,IXUS,[],IXUS,,Entity;Stock
world:stock:J,2026-06-01,J,,,Entities,,J,,,,,,,,,J,stock,,,,,,,,,,,,,,J,[],J,,Entity;Stock
world:stock:JACK,2026-06-01,JACK,,,Entities,,JACK,,,,,,,,,JACK,stock,,,,,,,,,,,,,,JACK,[],JACK,,Entity;Stock
world:stock:JAKK,2026-06-01,JAKK,,,Entities,,JAKK,,,,,,,,,JAKK,stock,,,,,,,,,,,,,,JAKK,[],JAKK,,Entity;Stock
world:stock:JANX,2026-06-01,JANX,,,Entities,,JANX,,,,,,,,,JANX,stock,,,,,,,,,,,,,,JANX,[],JANX,,Entity;Stock
world:stock:JBHT,2026-06-01,JBHT,,,Entities,,JBHT,,,,,,,,,JBHT,stock,,,,,,,,,,,,,,JBHT,[],JBHT,,Entity;Stock
world:stock:JBL,2026-06-01,JBL,,,Entities,,JBL,,,,,,,,,JBL,stock,,,,,,,,,,,,,,JBL,[],JBL,,Entity;Stock
world:stock:JBLU,2026-06-01,JBLU,,,Entities,,JBLU,,,,,,,,,JBLU,stock,,,,,,,,,,,,,,JBLU,[],JBLU,,Entity;Stock
world:stock:JCAP,2026-06-01,JCAP,,,Entities,,JCAP,,,,,,,,,JCAP,stock,,,,,,,,,,,,,,JCAP,[],JCAP,,Entity;Stock
world:stock:JCI,2026-06-01,JCI,,,Entities,,JCI,,,,,,,,,JCI,stock,,,,,,,,,,,,,,JCI,[],JCI,,Entity;Stock
world:stock:JELD,2026-06-01,JELD,,,Entities,,JELD,,,,,,,,,JELD,stock,,,,,,,,,,,,,,JELD,[],JELD,,Entity;Stock
world:stock:JJSF,2026-06-01,JJSF,,,Entities,,JJSF,,,,,,,,,JJSF,stock,,,,,,,,,,,,,,JJSF,[],JJSF,,Entity;Stock
world:stock:JKHY,2026-06-01,JKHY,,,Entities,,JKHY,,,,,,,,,JKHY,stock,,,,,,,,,,,,,,JKHY,[],JKHY,,Entity;Stock
world:stock:JNJ,2026-06-01,JNJ,[[USA]],,Entities,NYSE,JNJ,,,,,,,,,JNJ,stock,obsidian://open?vault=World_Machine&file=Entities%2FStocks%2FJNJ.md,Entities/Stocks/JNJ.md,[[Healthcare]],Entities,C:\Users\CaveUser\Documents\Obsidian Vault\World_Machine\Entities\Stocks\JNJ.md,World_Machine,Entities,C:\Users\CaveUser\Documents\Obsidian Vault\World_Machine\Entities\Stocks\JNJ.md,Entities/Stocks/JNJ.md,obsidian://open?vault=World_Machine&file=Entities%2FStocks%2FJNJ.md,World_Machine,Active,Stocks,JNJ,"[""stock"",""pharma"",""mental-health""]",JNJ,World_Machine,Entity;Stock
world:stock:JOBY,2026-06-01,JOBY,[[USA]],,Entities,NYSE,JOBY,,,,,,,,,JOBY,stock,obsidian://open?vault=World_Machine&file=Entities%2FStocks%2FJOBY.md,Entities/Stocks/JOBY.md,[[Industrials]],Entities,C:\Users\CaveUser\Documents\Obsidian Vault\World_Machine\Entities\Stocks\JOBY.md,World_Machine,Entities,C:\Users\CaveUser\Documents\Obsidian Vault\World_Machine\Entities\Stocks\JOBY.md,Entities/Stocks/JOBY.md,obsidian://open?vault=World_Machine&file=Entities%2FStocks%2FJOBY.md,World_Machine,Active,Stocks,JOBY,"[""stock"",""evtol"",""drones"",""air-mobility""]",JOBY,World_Machine,Entity;Stock
world:stock:JPM,2026-06-01,JPM,[[USA]],,Entities,NYSE,JPM,,,,,,,,,JPM,stock,obsidian://open?vault=World_Machine&file=Entities%2FStocks%2FJPM.md,Entities/Stocks/JPM.md,[[Financials]],Entities,C:\Users\CaveUser\Documents\Obsidian Vault\World_Machine\Entities\Stocks\JPM.md,World_Machine,Entities,C:\Users\CaveUser\Documents\Obsidian Vault\World_Machine\Entities\Stocks\JPM.md,Entities/Stocks/JPM.md,obsidian://open?vault=World_Machine&file=Entities%2FStocks%2FJPM.md,World_Machine,Active,Stocks,JPM,"[""stock"",""financials"",""banking"",""money-center""]",JPM,World_Machine,Entity;Stock
world:stock:KALV,2026-06-01,KALV,,,Entities,,KALV,,,,,,,,,KALV,stock,,,,,,,,,,,,,,KALV,[],KALV,,Entity;Stock
world:stock:KBDC,2026-06-01,KBDC,,,Entities,,KBDC,,,,,,,,,KBDC,stock,,,,,,,,,,,,,,KBDC,[],KBDC,,Entity;Stock
world:stock:KD,2026-06-01,KD,,,Entities,,KD,,,,,,,,,KD,stock,,,,,,,,,,,,,,KD,[],KD,,Entity;Stock
world:stock:KDP,2026-06-01,KDP,,,Entities,,KDP,,,,,,,,,KDP,stock,,,,,,,,,,,,,,KDP,[],KDP,,Entity;Stock
world:stock:KEY,2026-06-01,KEY,,,Entities,,KEY,,,,,,,,,KEY,stock,,,,,,,,,,,,,,KEY,[],KEY,,Entity;Stock
world:stock:KEYS,2026-06-01,KEYS,,,Entities,,KEYS,,,,,,,,,KEYS,stock,,,,,,,,,,,,,,KEYS,[],KEYS,,Entity;Stock
world:stock:KGEI,2026-06-01,KGEI,,,Entities,,KGEI,,,,,,,,,KGEI,stock,,,,,,,,,,,,,,KGEI,[],KGEI,,Entity;Stock
world:stock:KHC,2026-06-01,KHC,,,Entities,,KHC,,,,,,,,,KHC,stock,,,,,,,,,,,,,,KHC,[],KHC,,Entity;Stock
world:stock:KIM,2026-06-01,KIM,,,Entities,,KIM,,,,,,,,,KIM,stock,,,,,,,,,,,,,,KIM,[],KIM,,Entity;Stock
world:stock:KKR,2026-06-01,KKR,,,Entities,,KKR,,,,,,,,,KKR,stock,,,,,,,,,,,,,,KKR,[],KKR,,Entity;Stock
world:stock:KLAC,2026-06-01,KLAC,,,Entities,,KLAC,,,,,,,,,KLAC,stock,,,,,,,,,,,,,,KLAC,[],KLAC,,Entity;Stock
world:stock:KMB,2026-06-01,KMB,,,Entities,,KMB,,,,,,,,,KMB,stock,,,,,,,,,,,,,,KMB,[],KMB,,Entity;Stock
world:stock:KMI,2026-06-01,KMI,,,Entities,,KMI,,,,,,,,,KMI,stock,,,,,,,,,,,,,,KMI,[],KMI,,Entity;Stock
world:stock:KMPR,2026-06-01,KMPR,,,Entities,,KMPR,,,,,,,,,KMPR,stock,,,,,,,,,,,,,,KMPR,[],KMPR,,Entity;Stock
world:stock:KNTK,2026-06-01,KNTK,,,Entities,,KNTK,,,,,,,,,KNTK,stock,,,,,,,,,,,,,,KNTK,[],KNTK,,Entity;Stock
world:stock:KNX,2026-06-01,KNX,,,Entities,,KNX,,,,,,,,,KNX,stock,,,,,,,,,,,,,,KNX,[],KNX,,Entity;Stock
world:stock:KO,2026-06-01,KO,[[USA]],,Entities,NYSE,KO,,,,,,,,,KO,stock,obsidian://open?vault=World_Machine&file=Entities%2FStocks%2FKO.md,Entities/Stocks/KO.md,[[Consumer Staples]],Entities,C:\Users\CaveUser\Documents\Obsidian Vault\World_Machine\Entities\Stocks\KO.md,World_Machine,Entities,C:\Users\CaveUser\Documents\Obsidian Vault\World_Machine\Entities\Stocks\KO.md,Entities/Stocks/KO.md,obsidian://open?vault=World_Machine&file=Entities%2FStocks%2FKO.md,World_Machine,Active,Stocks,KO,"[""stock"",""consumer-staples"",""beverages"",""defensive""]",KO,World_Machine,Entity;Stock
world:stock:KOD,2026-06-01,KOD,,,Entities,,KOD,,,,,,,,,KOD,stock,,,,,,,,,,,,,,KOD,[],KOD,,Entity;Stock
world:stock:KOS,2026-06-01,KOS,,,Entities,,KOS,,,,,,,,,KOS,stock,,,,,,,,,,,,,,KOS,[],KOS,,Entity;Stock
world:stock:KOSS,2026-06-01,KOSS,,,Entities,,KOSS,,,,,,,,,KOSS,stock,,,,,,,,,,,,,,KOSS,[],KOSS,,Entity;Stock
world:stock:KR,2026-06-01,KR,,,Entities,,KR,,,,,,,,,KR,stock,,,,,,,,,,,,,,KR,[],KR,,Entity;Stock
world:stock:KRMD,2026-06-01,KRMD,,,Entities,,KRMD,,,,,,,,,KRMD,stock,,,,,,,,,,,,,,KRMD,[],KRMD,,Entity;Stock
world:stock:KROS,2026-06-01,KROS,,,Entities,,KROS,,,,,,,,,KROS,stock,,,,,,,,,,,,,,KROS,[],KROS,,Entity;Stock
world:stock:KSCP,2026-06-01,KSCP,,,Entities,,KSCP,,,,,,,,,KSCP,stock,,,,,,,,,,,,,,KSCP,[],KSCP,,Entity;Stock
world:stock:KSS,2026-06-01,KSS,,,Entities,,KSS,,,,,,,,,KSS,stock,,,,,,,,,,,,,,KSS,[],KSS,,Entity;Stock
world:stock:KTOS,2026-06-01,KTOS,[[USA]],,Entities,NASDAQ,KTOS,,,,,,,,,KTOS,stock,obsidian://open?vault=World_Machine&file=Entities%2FStocks%2FKTOS.md,Entities/Stocks/KTOS.md,[[Aerospace & Defense]],Entities,C:\Users\CaveUser\Documents\Obsidian Vault\World_Machine\Entities\Stocks\KTOS.md,World_Machine,Entities,C:\Users\CaveUser\Documents\Obsidian Vault\World_Machine\Entities\Stocks\KTOS.md,Entities/Stocks/KTOS.md,obsidian://open?vault=World_Machine&file=Entities%2FStocks%2FKTOS.md,World_Machine,Active,Stocks,KTOS,"[""stock"",""defense"",""drones"",""military""]",KTOS,World_Machine,Entity;Stock
world:stock:KTTA,2026-06-01,KTTA,[[USA]],,Entities,NASDAQ,KTTA,,,,,,,,,KTTA,stock,obsidian://open?vault=World_Machine&file=Entities%2FStocks%2FKTTA.md,Entities/Stocks/KTTA.md,[[Healthcare]],Entities,C:\Users\CaveUser\Documents\Obsidian Vault\World_Machine\Entities\Stocks\KTTA.md,World_Machine,Entities,C:\Users\CaveUser\Documents\Obsidian Vault\World_Machine\Entities\Stocks\KTTA.md,Entities/Stocks/KTTA.md,obsidian://open?vault=World_Machine&file=Entities%2FStocks%2FKTTA.md,World_Machine,Watching,Stocks,KTTA,"[""stock"",""biotech""]",KTTA,World_Machine,Entity;Stock
world:stock:KURA,2026-06-01,KURA,,,Entities,,KURA,,,,,,,,,KURA,stock,,,,,,,,,,,,,,KURA,[],KURA,,Entity;Stock
world:stock:KVUE,2026-06-01,KVUE,,,Entities,,KVUE,,,,,,,,,KVUE,stock,,,,,,,,,,,,,,KVUE,[],KVUE,,Entity;Stock
world:stock:KW,2026-06-01,KW,,,Entities,,KW,,,,,,,,,KW,stock,,,,,,,,,,,,,,KW,[],KW,,Entity;Stock
world:stock:L,2026-06-01,L,,,Entities,,L,,,,,,,,,L,stock,,,,,,,,,,,,,,L,[],L,,Entity;Stock
world:stock:LB,2026-06-01,LB,,,Entities,,LB,,,,,,,,,LB,stock,,,,,,,,,,,,,,LB,[],LB,,Entity;Stock
world:stock:LBRDA,2026-06-01,LBRDA,,,Entities,,LBRDA,,,,,,,,,LBRDA,stock,,,,,,,,,,,,,,LBRDA,[],LBRDA,,Entity;Stock
world:stock:LC,2026-06-01,LC,,,Entities,,LC,,,,,,,,,LC,stock,,,,,,,,,,,,,,LC,[],LC,,Entity;Stock
world:stock:LDOS,2026-06-01,LDOS,,,Entities,,LDOS,,,,,,,,,LDOS,stock,,,,,,,,,,,,,,LDOS,[],LDOS,,Entity;Stock
world:stock:LEG,2026-06-01,LEG,,,Entities,,LEG,,,,,,,,,LEG,stock,,,,,,,,,,,,,,LEG,[],LEG,,Entity;Stock
world:stock:LEN,2026-06-01,LEN,[[USA]],,Entities,NYSE,LEN,,,,,,,,,LEN,stock,obsidian://open?vault=World_Machine&file=Entities%2FStocks%2FLEN.md,Entities/Stocks/LEN.md,[[Consumer Discretionary]],Entities,C:\Users\CaveUser\Documents\Obsidian Vault\World_Machine\Entities\Stocks\LEN.md,World_Machine,Entities,C:\Users\CaveUser\Documents\Obsidian Vault\World_Machine\Entities\Stocks\LEN.md,Entities/Stocks/LEN.md,obsidian://open?vault=World_Machine&file=Entities%2FStocks%2FLEN.md,World_Machine,Active,Stocks,LEN,"[""stock"",""consumer-discretionary"",""housing"",""homebuilders""]",LEN,World_Machine,Entity;Stock
world:stock:LENZ,2026-06-01,LENZ,,,Entities,,LENZ,,,,,,,,,LENZ,stock,,,,,,,,,,,,,,LENZ,[],LENZ,,Entity;Stock
world:stock:LFVN,2026-06-01,LFVN,,,Entities,,LFVN,,,,,,,,,LFVN,stock,,,,,,,,,,,,,,LFVN,[],LFVN,,Entity;Stock
world:stock:LGIH,2026-06-01,LGIH,,,Entities,,LGIH,,,,,,,,,LGIH,stock,,,,,,,,,,,,,,LGIH,[],LGIH,,Entity;Stock
world:stock:LH,2026-06-01,LH,,,Entities,,LH,,,,,,,,,LH,stock,,,,,,,,,,,,,,LH,[],LH,,Entity;Stock
world:stock:LHX,2026-06-01,LHX,[[USA]],,Entities,NYSE,LHX,,,,,,,,,LHX,stock,obsidian://open?vault=World_Machine&file=Entities%2FStocks%2FLHX.md,Entities/Stocks/LHX.md,[[Aerospace & Defense]],Entities,C:\Users\CaveUser\Documents\Obsidian Vault\World_Machine\Entities\Stocks\LHX.md,World_Machine,Entities,C:\Users\CaveUser\Documents\Obsidian Vault\World_Machine\Entities\Stocks\LHX.md,Entities/Stocks/LHX.md,obsidian://open?vault=World_Machine&file=Entities%2FStocks%2FLHX.md,World_Machine,Active,Stocks,LHX,"[""stock"",""defense"",""drones"",""autonomous"",""counter-drone""]",LHX,World_Machine,Entity;Stock
world:stock:LIFE,2026-06-01,LIFE,,,Entities,,LIFE,,,,,,,,,LIFE,stock,,,,,,,,,,,,,,LIFE,[],LIFE,,Entity;Stock
world:stock:LII,2026-06-01,LII,,,Entities,,LII,,,,,,,,,LII,stock,,,,,,,,,,,,,,LII,[],LII,,Entity;Stock
world:stock:LILAK,2026-06-01,LILAK,,,Entities,,LILAK,,,,,,,,,LILAK,stock,,,,,,,,,,,,,,LILAK,[],LILAK,,Entity;Stock
world:stock:LIN,2026-06-01,LIN,[[USA]],,Entities,NASDAQ,LIN,,,,,,,,,LIN,stock,obsidian://open?vault=World_Machine&file=Entities%2FStocks%2FLIN.md,Entities/Stocks/LIN.md,[[Materials]],Entities,C:\Users\CaveUser\Documents\Obsidian Vault\World_Machine\Entities\Stocks\LIN.md,World_Machine,Entities,C:\Users\CaveUser\Documents\Obsidian Vault\World_Machine\Entities\Stocks\LIN.md,Entities/Stocks/LIN.md,obsidian://open?vault=World_Machine&file=Entities%2FStocks%2FLIN.md,World_Machine,Active,Stocks,LIN,"[""stock"",""materials"",""industrial-gases"",""quality""]",LIN,World_Machine,Entity;Stock
world:stock:LITE,2026-06-01,LITE,,,Entities,,LITE,,,,,,,,,LITE,stock,,,,,,,,,,,,,,LITE,[],LITE,,Entity;Stock
world:stock:LIVN,2026-06-01,LIVN,,,Entities,,LIVN,,,,,,,,,LIVN,stock,,,,,,,,,,,,,,LIVN,[],LIVN,,Entity;Stock
world:stock:LKFT,2026-06-01,LKFT,,,Entities,,LKFT,,,,,,,,,LKFT,stock,,,,,,,,,,,,,,LKFT,[],LKFT,,Entity;Stock
world:stock:LLY,2026-06-01,LLY,[[USA]],,Entities,NYSE,LLY,,,,,,,,,LLY,stock,obsidian://open?vault=World_Machine&file=Entities%2FStocks%2FLLY.md,Entities/Stocks/LLY.md,[[Healthcare]],Entities,C:\Users\CaveUser\Documents\Obsidian Vault\World_Machine\Entities\Stocks\LLY.md,World_Machine,Entities,C:\Users\CaveUser\Documents\Obsidian Vault\World_Machine\Entities\Stocks\LLY.md,Entities/Stocks/LLY.md,obsidian://open?vault=World_Machine&file=Entities%2FStocks%2FLLY.md,World_Machine,Active,Stocks,LLY,"[""stock"",""healthcare"",""pharma"",""glp1""]",LLY,World_Machine,Entity;Stock
world:stock:LLYVK,2026-06-01,LLYVK,,,Entities,,LLYVK,,,,,,,,,LLYVK,stock,,,,,,,,,,,,,,LLYVK,[],LLYVK,,Entity;Stock
world:stock:LMT,2026-06-01,LMT,[[USA]],,Entities,NYSE,LMT,,,,,,,,,LMT,stock,obsidian://open?vault=World_Machine&file=Entities%2FStocks%2FLMT.md,Entities/Stocks/LMT.md,[[Aerospace & Defense]],Entities,C:\Users\CaveUser\Documents\Obsidian Vault\World_Machine\Entities\Stocks\LMT.md,World_Machine,Entities,C:\Users\CaveUser\Documents\Obsidian Vault\World_Machine\Entities\Stocks\LMT.md,Entities/Stocks/LMT.md,obsidian://open?vault=World_Machine&file=Entities%2FStocks%2FLMT.md,World_Machine,Active,Stocks,LMT,"[""stock"",""defense"",""drones"",""military"",""large-cap""]",LMT,World_Machine,Entity;Stock
world:stock:LNG,2026-06-01,LNG,,,Entities,,LNG,,,,,,,,,LNG,stock,,,,,,,,,,,,,,LNG,[],LNG,,Entity;Stock
world:stock:LNT,2026-06-01,LNT,,,Entities,,LNT,,,,,,,,,LNT,stock,,,,,,,,,,,,,,LNT,[],LNT,,Entity;Stock
world:stock:LODE,2026-06-01,LODE,,,Entities,,LODE,,,,,,,,,LODE,stock,,,,,,,,,,,,,,LODE,[],LODE,,Entity;Stock
world:stock:LOW,2026-06-01,LOW,,,Entities,,LOW,,,,,,,,,LOW,stock,,,,,,,,,,,,,,LOW,[],LOW,,Entity;Stock
world:stock:LPG,2026-06-01,LPG,,,Entities,,LPG,,,,,,,,,LPG,stock,,,,,,,,,,,,,,LPG,[],LPG,,Entity;Stock
world:stock:LRCX,2026-06-01,LRCX,,,Entities,,LRCX,,,,,,,,,LRCX,stock,,,,,,,,,,,,,,LRCX,[],LRCX,,Entity;Stock
world:stock:LSCC,2026-06-01,LSCC,,,Entities,,LSCC,,,,,,,,,LSCC,stock,,,,,,,,,,,,,,LSCC,[],LSCC,,Entity;Stock
world:stock:LTC,2026-06-01,LTC,,,Entities,,LTC,,,,,,,,,LTC,stock,,,,,,,,,,,,,,LTC,[],LTC,,Entity;Stock
world:stock:LTRX,2026-06-01,LTRX,,,Entities,,LTRX,,,,,,,,,LTRX,stock,,,,,,,,,,,,,,LTRX,[],LTRX,,Entity;Stock
world:stock:LULU,2026-06-01,LULU,,,Entities,,LULU,,,,,,,,,LULU,stock,,,,,,,,,,,,,,LULU,[],LULU,,Entity;Stock
world:stock:LUV,2026-06-01,LUV,,,Entities,,LUV,,,,,,,,,LUV,stock,,,,,,,,,,,,,,LUV,[],LUV,,Entity;Stock
world:stock:LVLT,2026-06-01,LVLT,,,Entities,,LVLT,,,,,,,,,LVLT,stock,,,,,,,,,,,,,,LVLT,[],LVLT,,Entity;Stock
world:stock:LVS,2026-06-01,LVS,,,Entities,,LVS,,,,,,,,,LVS,stock,,,,,,,,,,,,,,LVS,[],LVS,,Entity;Stock
world:stock:LWLG,2026-06-01,LWLG,,,Entities,,LWLG,,,,,,,,,LWLG,stock,,,,,,,,,,,,,,LWLG,[],LWLG,,Entity;Stock
world:stock:LX,2026-06-01,LX,,,Entities,,LX,,,,,,,,,LX,stock,,,,,,,,,,,,,,LX,[],LX,,Entity;Stock
world:stock:LXU,2026-06-01,LXU,,,Entities,,LXU,,,,,,,,,LXU,stock,,,,,,,,,,,,,,LXU,[],LXU,,Entity;Stock
world:stock:LYB,2026-06-01,LYB,,,Entities,,LYB,,,,,,,,,LYB,stock,,,,,,,,,,,,,,LYB,[],LYB,,Entity;Stock
world:stock:LYV,2026-06-01,LYV,,,Entities,,LYV,,,,,,,,,LYV,stock,,,,,,,,,,,,,,LYV,[],LYV,,Entity;Stock
world:stock:MA,2026-06-01,MA,,,Entities,,MA,,,,,,,,,MA,stock,,,,,,,,,,,,,,MA,[],MA,,Entity;Stock
world:stock:MAA,2026-06-01,MAA,,,Entities,,MAA,,,,,,,,,MAA,stock,,,,,,,,,,,,,,MAA,[],MAA,,Entity;Stock
world:stock:MAC,2026-06-01,MAC,,,Entities,,MAC,,,,,,,,,MAC,stock,,,,,,,,,,,,,,MAC,[],MAC,,Entity;Stock
world:stock:MAR,2026-06-01,MAR,,,Entities,,MAR,,,,,,,,,MAR,stock,,,,,,,,,,,,,,MAR,[],MAR,,Entity;Stock
world:stock:MAS,2026-06-01,MAS,,,Entities,,MAS,,,,,,,,,MAS,stock,,,,,,,,,,,,,,MAS,[],MAS,,Entity;Stock
world:stock:MASI,2026-06-01,MASI,,,Entities,,MASI,,,,,,,,,MASI,stock,,,,,,,,,,,,,,MASI,[],MASI,,Entity;Stock
world:stock:MASS,2026-06-01,MASS,,,Entities,,MASS,,,,,,,,,MASS,stock,,,,,,,,,,,,,,MASS,[],MASS,,Entity;Stock
world:stock:MAT,2026-06-01,MAT,,,Entities,,MAT,,,,,,,,,MAT,stock,,,,,,,,,,,,,,MAT,[],MAT,,Entity;Stock
world:stock:MC,2026-06-01,MC,,,Entities,,MC,,,,,,,,,MC,stock,,,,,,,,,,,,,,MC,[],MC,,Entity;Stock
world:stock:MCD,2026-06-01,MCD,,,Entities,,MCD,,,,,,,,,MCD,stock,,,,,,,,,,,,,,MCD,[],MCD,,Entity;Stock
world:stock:MCHP,2026-06-01,MCHP,,,Entities,,MCHP,,,,,,,,,MCHP,stock,,,,,,,,,,,,,,MCHP,[],MCHP,,Entity;Stock
world:stock:MCK,2026-06-01,MCK,,,Entities,,MCK,,,,,,,,,MCK,stock,,,,,,,,,,,,,,MCK,[],MCK,,Entity;Stock
world:stock:MCO,2026-06-01,MCO,,,Entities,,MCO,,,,,,,,,MCO,stock,,,,,,,,,,,,,,MCO,[],MCO,,Entity;Stock
world:stock:MCRI,2026-06-01,MCRI,,,Entities,,MCRI,,,,,,,,,MCRI,stock,,,,,,,,,,,,,,MCRI,[],MCRI,,Entity;Stock
world:stock:MDB,2026-06-01,MDB,,,Entities,,MDB,,,,,,,,,MDB,stock,,,,,,,,,,,,,,MDB,[],MDB,,Entity;Stock
world:stock:MDGL,2026-06-01,MDGL,,,Entities,,MDGL,,,,,,,,,MDGL,stock,,,,,,,,,,,,,,MDGL,[],MDGL,,Entity;Stock
world:stock:MDLN,2026-06-01,MDLN,,,Entities,,MDLN,,,,,,,,,MDLN,stock,,,,,,,,,,,,,,MDLN,[],MDLN,,Entity;Stock
world:stock:MDLZ,2026-06-01,MDLZ,,,Entities,,MDLZ,,,,,,,,,MDLZ,stock,,,,,,,,,,,,,,MDLZ,[],MDLZ,,Entity;Stock
world:stock:MDT,2026-06-01,MDT,,,Entities,,MDT,,,,,,,,,MDT,stock,,,,,,,,,,,,,,MDT,[],MDT,,Entity;Stock
world:stock:MEG,2026-06-01,MEG,,,Entities,,MEG,,,,,,,,,MEG,stock,,,,,,,,,,,,,,MEG,[],MEG,,Entity;Stock
world:stock:MET,2026-06-01,MET,,,Entities,,MET,,,,,,,,,MET,stock,,,,,,,,,,,,,,MET,[],MET,,Entity;Stock
world:stock:MET-PF,2026-06-01,MET-PF,,,Entities,,MET-PF,,,,,,,,,MET-PF,stock,,,,,,,,,,,,,,MET-PF,[],MET-PF,,Entity;Stock
world:stock:META,2026-06-01,META,[[USA]],,Entities,NASDAQ,META,,,,,,,,,META,stock,obsidian://open?vault=World_Machine&file=Entities%2FStocks%2FMETA.md,Entities/Stocks/META.md,[[Communication Services]],Entities,C:\Users\CaveUser\Documents\Obsidian Vault\World_Machine\Entities\Stocks\META.md,World_Machine,Entities,C:\Users\CaveUser\Documents\Obsidian Vault\World_Machine\Entities\Stocks\META.md,Entities/Stocks/META.md,obsidian://open?vault=World_Machine&file=Entities%2FStocks%2FMETA.md,World_Machine,Active,Stocks,META,"[""stock"",""communication-services"",""social"",""ads""]",META,World_Machine,Entity;Stock
world:stock:MFA,2026-06-01,MFA,,,Entities,,MFA,,,,,,,,,MFA,stock,,,,,,,,,,,,,,MFA,[],MFA,,Entity;Stock
world:stock:MFIC,2026-06-01,MFIC,,,Entities,,MFIC,,,,,,,,,MFIC,stock,,,,,,,,,,,,,,MFIC,[],MFIC,,Entity;Stock
world:stock:MGLD,2026-06-01,MGLD,,,Entities,,MGLD,,,,,,,,,MGLD,stock,,,,,,,,,,,,,,MGLD,[],MGLD,,Entity;Stock
world:stock:MGM,2026-06-01,MGM,,,Entities,,MGM,,,,,,,,,MGM,stock,,,,,,,,,,,,,,MGM,[],MGM,,Entity;Stock
world:stock:MGNI,2026-06-01,MGNI,,,Entities,,MGNI,,,,,,,,,MGNI,stock,,,,,,,,,,,,,,MGNI,[],MGNI,,Entity;Stock
world:stock:MGNX,2026-06-01,MGNX,,,Entities,,MGNX,,,,,,,,,MGNX,stock,,,,,,,,,,,,,,MGNX,[],MGNX,,Entity;Stock
world:stock:MIAX,2026-06-01,MIAX,,,Entities,,MIAX,,,,,,,,,MIAX,stock,,,,,,,,,,,,,,MIAX,[],MIAX,,Entity;Stock
world:stock:MIN,2026-06-01,MIN,,,Entities,,MIN,,,,,,,,,MIN,stock,,,,,,,,,,,,,,MIN,[],MIN,,Entity;Stock
world:stock:MIRM,2026-06-01,MIRM,,,Entities,,MIRM,,,,,,,,,MIRM,stock,,,,,,,,,,,,,,MIRM,[],MIRM,,Entity;Stock
world:stock:MITT,2026-06-01,MITT,,,Entities,,MITT,,,,,,,,,MITT,stock,,,,,,,,,,,,,,MITT,[],MITT,,Entity;Stock
world:stock:MKC,2026-06-01,MKC,,,Entities,,MKC,,,,,,,,,MKC,stock,,,,,,,,,,,,,,MKC,[],MKC,,Entity;Stock
world:stock:MKSI,2026-06-01,MKSI,,,Entities,,MKSI,,,,,,,,,MKSI,stock,,,,,,,,,,,,,,MKSI,[],MKSI,,Entity;Stock
world:stock:MKTX,2026-06-01,MKTX,,,Entities,,MKTX,,,,,,,,,MKTX,stock,,,,,,,,,,,,,,MKTX,[],MKTX,,Entity;Stock
world:stock:MLM,2026-06-01,MLM,,,Entities,,MLM,,,,,,,,,MLM,stock,,,,,,,,,,,,,,MLM,[],MLM,,Entity;Stock
world:stock:MLYS,2026-06-01,MLYS,,,Entities,,MLYS,,,,,,,,,MLYS,stock,,,,,,,,,,,,,,MLYS,[],MLYS,,Entity;Stock
world:stock:MMM,2026-06-01,MMM,,,Entities,,MMM,,,,,,,,,MMM,stock,,,,,,,,,,,,,,MMM,[],MMM,,Entity;Stock
world:stock:MNSB,2026-06-01,MNSB,,,Entities,,MNSB,,,,,,,,,MNSB,stock,,,,,,,,,,,,,,MNSB,[],MNSB,,Entity;Stock
world:stock:MNSO,2026-06-01,MNSO,,,Entities,,MNSO,,,,,,,,,MNSO,stock,,,,,,,,,,,,,,MNSO,[],MNSO,,Entity;Stock
world:stock:MNST,2026-06-01,MNST,,,Entities,,MNST,,,,,,,,,MNST,stock,,,,,,,,,,,,,,MNST,[],MNST,,Entity;Stock
world:stock:MNTK,2026-06-01,MNTK,,,Entities,,MNTK,,,,,,,,,MNTK,stock,,,,,,,,,,,,,,MNTK,[],MNTK,,Entity;Stock
world:stock:MNTS,2026-06-01,MNTS,,,Entities,,MNTS,,,,,,,,,MNTS,stock,,,,,,,,,,,,,,MNTS,[],MNTS,,Entity;Stock
world:stock:MO,2026-06-01,MO,,,Entities,,MO,,,,,,,,,MO,stock,,,,,,,,,,,,,,MO,[],MO,,Entity;Stock
world:stock:MOG-A,2026-06-01,MOG-A,,,Entities,,MOG-A,,,,,,,,,MOG-A,stock,,,,,,,,,,,,,,MOG-A,[],MOG-A,,Entity;Stock
world:stock:MOH,2026-06-01,MOH,,,Entities,,MOH,,,,,,,,,MOH,stock,,,,,,,,,,,,,,MOH,[],MOH,,Entity;Stock
world:stock:MOS,2026-06-01,MOS,,,Entities,,MOS,,,,,,,,,MOS,stock,,,,,,,,,,,,,,MOS,[],MOS,,Entity;Stock
world:stock:MPC,2026-06-01,MPC,,,Entities,,MPC,,,,,,,,,MPC,stock,,,,,,,,,,,,,,MPC,[],MPC,,Entity;Stock
world:stock:MPLX,2026-06-01,MPLX,,,Entities,,MPLX,,,,,,,,,MPLX,stock,,,,,,,,,,,,,,MPLX,[],MPLX,,Entity;Stock
world:stock:MPWR,2026-06-01,MPWR,,,Entities,,MPWR,,,,,,,,,MPWR,stock,,,,,,,,,,,,,,MPWR,[],MPWR,,Entity;Stock
world:stock:MRAM,2026-06-01,MRAM,,,Entities,,MRAM,,,,,,,,,MRAM,stock,,,,,,,,,,,,,,MRAM,[],MRAM,,Entity;Stock
world:stock:MRBK,2026-06-01,MRBK,,,Entities,,MRBK,,,,,,,,,MRBK,stock,,,,,,,,,,,,,,MRBK,[],MRBK,,Entity;Stock
world:stock:MRK,2026-06-01,MRK,[[USA]],,Entities,NYSE,MRK,,,,,,,,,MRK,stock,obsidian://open?vault=World_Machine&file=Entities%2FStocks%2FMRK.md,Entities/Stocks/MRK.md,[[Healthcare]],Entities,C:\Users\CaveUser\Documents\Obsidian Vault\World_Machine\Entities\Stocks\MRK.md,World_Machine,Entities,C:\Users\CaveUser\Documents\Obsidian Vault\World_Machine\Entities\Stocks\MRK.md,Entities/Stocks/MRK.md,obsidian://open?vault=World_Machine&file=Entities%2FStocks%2FMRK.md,World_Machine,Active,Stocks,MRK,"[""stock"",""healthcare"",""pharma"",""oncology""]",MRK,World_Machine,Entity;Stock
world:stock:MRLN,2026-06-01,MRLN,,,Entities,,MRLN,,,,,,,,,MRLN,stock,,,,,,,,,,,,,,MRLN,[],MRLN,,Entity;Stock
world:stock:MRNA,2026-06-01,MRNA,,,Entities,,MRNA,,,,,,,,,MRNA,stock,,,,,,,,,,,,,,MRNA,[],MRNA,,Entity;Stock
world:stock:MRSH,2026-06-01,MRSH,,,Entities,,MRSH,,,,,,,,,MRSH,stock,,,,,,,,,,,,,,MRSH,[],MRSH,,Entity;Stock
world:stock:MRVL,2026-06-01,MRVL,,,Entities,,MRVL,,,,,,,,,MRVL,stock,,,,,,,,,,,,,,MRVL,[],MRVL,,Entity;Stock
world:stock:MS,2026-06-01,MS,,,Entities,,MS,,,,,,,,,MS,stock,,,,,,,,,,,,,,MS,[],MS,,Entity;Stock
world:stock:MSCI,2026-06-01,MSCI,,,Entities,,MSCI,,,,,,,,,MSCI,stock,,,,,,,,,,,,,,MSCI,[],MSCI,,Entity;Stock
world:stock:MSEX,2026-06-01,MSEX,,,Entities,,MSEX,,,,,,,,,MSEX,stock,,,,,,,,,,,,,,MSEX,[],MSEX,,Entity;Stock
world:stock:MSFT,2026-06-01,MSFT,[[USA]],,Entities,NASDAQ,MSFT,52107975,2026-06-01T21:53:25.092000000Z,460.52,2026-06-01T21:46:44.891000000Z,460.52,2026-06-01T21:53:25.092000000Z,52107975,2026-06-01T21:46:44.891000000Z,MSFT,stock,obsidian://open?vault=World_Machine&file=Entities%2FStocks%2FMSFT.md,Entities/Stocks/MSFT.md,[[Tech Sector]],Entities,C:\Users\CaveUser\Documents\Obsidian Vault\World_Machine\Entities\Stocks\MSFT.md,World_Machine,Entities,C:\Users\CaveUser\Documents\Obsidian Vault\World_Machine\Entities\Stocks\MSFT.md,Entities/Stocks/MSFT.md,obsidian://open?vault=World_Machine&file=Entities%2FStocks%2FMSFT.md,World_Machine,Active,Stocks,MSFT,"[""stock"",""tech"",""software"",""cloud""]",MSFT,World_Machine,Entity;Stock
world:stock:MSFT.NE,2026-06-01,MSFT.NE,,,Entities,,MSFT.NE,,,,,,,,,MSFT.NE,stock,,,,,,,,,,,,,,MSFT.NE,[],MSFT.NE,,Entity;Stock
world:stock:MSI,2026-06-01,MSI,,,Entities,,MSI,,,,,,,,,MSI,stock,,,,,,,,,,,,,,MSI,[],MSI,,Entity;Stock
world:stock:MSM,2026-06-01,MSM,,,Entities,,MSM,,,,,,,,,MSM,stock,,,,,,,,,,,,,,MSM,[],MSM,,Entity;Stock
world:stock:MSTR,2026-06-01,MSTR,,,Entities,,MSTR,,,,,,,,,MSTR,stock,,,,,,,,,,,,,,MSTR,[],MSTR,,Entity;Stock
world:stock:MTB,2026-06-01,MTB,,,Entities,,MTB,,,,,,,,,MTB,stock,,,,,,,,,,,,,,MTB,[],MTB,,Entity;Stock
world:stock:MTD,2026-06-01,MTD,,,Entities,,MTD,,,,,,,,,MTD,stock,,,,,,,,,,,,,,MTD,[],MTD,,Entity;Stock
world:stock:MTDR,2026-06-01,MTDR,,,Entities,,MTDR,,,,,,,,,MTDR,stock,,,,,,,,,,,,,,MTDR,[],MTDR,,Entity;Stock
world:stock:MTH,2026-06-01,MTH,,,Entities,,MTH,,,,,,,,,MTH,stock,,,,,,,,,,,,,,MTH,[],MTH,,Entity;Stock
world:stock:MTN,2026-06-01,MTN,,,Entities,,MTN,,,,,,,,,MTN,stock,,,,,,,,,,,,,,MTN,[],MTN,,Entity;Stock
world:stock:MTRX,2026-06-01,MTRX,,,Entities,,MTRX,,,,,,,,,MTRX,stock,,,,,,,,,,,,,,MTRX,[],MTRX,,Entity;Stock
world:stock:MTSI,2026-06-01,MTSI,,,Entities,,MTSI,,,,,,,,,MTSI,stock,,,,,,,,,,,,,,MTSI,[],MTSI,,Entity;Stock
world:stock:MTZ,2026-06-01,MTZ,[[USA]],,Entities,NYSE,MTZ,,,,,,,,,MTZ,stock,obsidian://open?vault=World_Machine&file=Entities%2FStocks%2FMTZ.md,Entities/Stocks/MTZ.md,[[Industrials]],Entities,C:\Users\CaveUser\Documents\Obsidian Vault\World_Machine\Entities\Stocks\MTZ.md,World_Machine,Entities,C:\Users\CaveUser\Documents\Obsidian Vault\World_Machine\Entities\Stocks\MTZ.md,Entities/Stocks/MTZ.md,obsidian://open?vault=World_Machine&file=Entities%2FStocks%2FMTZ.md,World_Machine,Active,Stocks,MTZ,"[""stock"",""industrials"",""grid"",""infrastructure"",""contractor""]",MTZ,World_Machine,Entity;Stock
world:stock:MU,2026-06-01,MU,,,Entities,,MU,,,,,,,,,MU,stock,,,,,,,,,,,,,,MU,[],MU,,Entity;Stock
world:stock:MUFG,2026-06-01,MUFG,,,Entities,,MUFG,,,,,,,,,MUFG,stock,,,,,,,,,,,,,,MUFG,[],MUFG,,Entity;Stock
world:stock:MVO,2026-06-01,MVO,,,Entities,,MVO,,,,,,,,,MVO,stock,,,,,,,,,,,,,,MVO,[],MVO,,Entity;Stock
world:stock:MYRG,2026-06-01,MYRG,[[USA]],,Entities,NASDAQ,MYRG,,,,,,,,,MYRG,stock,obsidian://open?vault=World_Machine&file=Entities%2FStocks%2FMYRG.md,Entities/Stocks/MYRG.md,[[Industrials]],Entities,C:\Users\CaveUser\Documents\Obsidian Vault\World_Machine\Entities\Stocks\MYRG.md,World_Machine,Entities,C:\Users\CaveUser\Documents\Obsidian Vault\World_Machine\Entities\Stocks\MYRG.md,Entities/Stocks/MYRG.md,obsidian://open?vault=World_Machine&file=Entities%2FStocks%2FMYRG.md,World_Machine,Active,Stocks,MYRG,"[""stock"",""industrials"",""grid"",""contractor"",""small-cap""]",MYRG,World_Machine,Entity;Stock
world:stock:NAMM,2026-06-01,NAMM,,,Entities,,NAMM,,,,,,,,,NAMM,stock,,,,,,,,,,,,,,NAMM,[],NAMM,,Entity;Stock
world:stock:NATO,2026-06-01,NATO,,,Entities,,NATO,,,,,,,,,NATO,stock,,,,,,,,,,,,,,NATO,[],NATO,,Entity;Stock
world:stock:NB,2026-06-01,NB,,,Entities,,NB,,,,,,,,,NB,stock,,,,,,,,,,,,,,NB,[],NB,,Entity;Stock
world:stock:NBIX,2026-06-01,NBIX,[[USA]],,Entities,NASDAQ,NBIX,,,,,,,,,NBIX,stock,obsidian://open?vault=World_Machine&file=Entities%2FStocks%2FNBIX.md,Entities/Stocks/NBIX.md,[[Healthcare]],Entities,C:\Users\CaveUser\Documents\Obsidian Vault\World_Machine\Entities\Stocks\NBIX.md,World_Machine,Entities,C:\Users\CaveUser\Documents\Obsidian Vault\World_Machine\Entities\Stocks\NBIX.md,Entities/Stocks/NBIX.md,obsidian://open?vault=World_Machine&file=Entities%2FStocks%2FNBIX.md,World_Machine,Active,Stocks,NBIX,"[""stock"",""biotech"",""mental-health""]",NBIX,World_Machine,Entity;Stock
world:stock:NCLH,2026-06-01,NCLH,,,Entities,,NCLH,,,,,,,,,NCLH,stock,,,,,,,,,,,,,,NCLH,[],NCLH,,Entity;Stock
world:stock:NCMI,2026-06-01,NCMI,,,Entities,,NCMI,,,,,,,,,NCMI,stock,,,,,,,,,,,,,,NCMI,[],NCMI,,Entity;Stock
world:stock:NCNO,2026-06-01,NCNO,,,Entities,,NCNO,,,,,,,,,NCNO,stock,,,,,,,,,,,,,,NCNO,[],NCNO,,Entity;Stock
world:stock:NCSM,2026-06-01,NCSM,,,Entities,,NCSM,,,,,,,,,NCSM,stock,,,,,,,,,,,,,,NCSM,[],NCSM,,Entity;Stock
world:stock:NDAQ,2026-06-01,NDAQ,,,Entities,,NDAQ,,,,,,,,,NDAQ,stock,,,,,,,,,,,,,,NDAQ,[],NDAQ,,Entity;Stock
world:stock:NDLS,2026-06-01,NDLS,,,Entities,,NDLS,,,,,,,,,NDLS,stock,,,,,,,,,,,,,,NDLS,[],NDLS,,Entity;Stock
world:stock:NDRA,2026-06-01,NDRA,,,Entities,,NDRA,,,,,,,,,NDRA,stock,,,,,,,,,,,,,,NDRA,[],NDRA,,Entity;Stock
world:stock:NDSN,2026-06-01,NDSN,,,Entities,,NDSN,,,,,,,,,NDSN,stock,,,,,,,,,,,,,,NDSN,[],NDSN,,Entity;Stock
world:stock:NE,2026-06-01,NE,,,Entities,,NE,,,,,,,,,NE,stock,,,,,,,,,,,,,,NE,[],NE,,Entity;Stock
world:stock:NEE,2026-06-01,NEE,,,Entities,,NEE,,,,,,,,,NEE,stock,,,,,,,,,,,,,,NEE,[],NEE,,Entity;Stock
world:stock:NEM,2026-06-01,NEM,[[USA]],,Entities,NYSE,NEM,,,,,,,,,NEM,stock,obsidian://open?vault=World_Machine&file=Entities%2FStocks%2FNEM.md,Entities/Stocks/NEM.md,[[Materials]],Entities,C:\Users\CaveUser\Documents\Obsidian Vault\World_Machine\Entities\Stocks\NEM.md,World_Machine,Entities,C:\Users\CaveUser\Documents\Obsidian Vault\World_Machine\Entities\Stocks\NEM.md,Entities/Stocks/NEM.md,obsidian://open?vault=World_Machine&file=Entities%2FStocks%2FNEM.md,World_Machine,Active,Stocks,NEM,"[""stock"",""materials"",""gold"",""miner""]",NEM,World_Machine,Entity;Stock
world:stock:NEO,2026-06-01,NEO,,,Entities,,NEO,,,,,,,,,NEO,stock,,,,,,,,,,,,,,NEO,[],NEO,,Entity;Stock
world:stock:NEOG,2026-06-01,NEOG,,,Entities,,NEOG,,,,,,,,,NEOG,stock,,,,,,,,,,,,,,NEOG,[],NEOG,,Entity;Stock
world:stock:NEOV,2026-06-01,NEOV,,,Entities,,NEOV,,,,,,,,,NEOV,stock,,,,,,,,,,,,,,NEOV,[],NEOV,,Entity;Stock
world:stock:NET,2026-06-01,NET,,,Entities,,NET,,,,,,,,,NET,stock,,,,,,,,,,,,,,NET,[],NET,,Entity;Stock
world:stock:NEUP,2026-06-01,NEUP,[[USA]],,Entities,NASDAQ,NEUP,,,,,,,,,NEUP,stock,obsidian://open?vault=World_Machine&file=Entities%2FStocks%2FNEUP.md,Entities/Stocks/NEUP.md,[[Healthcare]],Entities,C:\Users\CaveUser\Documents\Obsidian Vault\World_Machine\Entities\Stocks\NEUP.md,World_Machine,Entities,C:\Users\CaveUser\Documents\Obsidian Vault\World_Machine\Entities\Stocks\NEUP.md,Entities/Stocks/NEUP.md,obsidian://open?vault=World_Machine&file=Entities%2FStocks%2FNEUP.md,World_Machine,Watching,Stocks,NEUP,"[""stock"",""biotech"",""mental-health""]",NEUP,World_Machine,Entity;Stock
world:stock:NEXA,2026-06-01,NEXA,,,Entities,,NEXA,,,,,,,,,NEXA,stock,,,,,,,,,,,,,,NEXA,[],NEXA,,Entity;Stock
world:stock:NEXT,2026-06-01,NEXT,,,Entities,,NEXT,,,,,,,,,NEXT,stock,,,,,,,,,,,,,,NEXT,[],NEXT,,Entity;Stock
world:stock:NFLX,2026-06-01,NFLX,[[USA]],,Entities,NASDAQ,NFLX,,,,,,,,,NFLX,stock,obsidian://open?vault=World_Machine&file=Entities%2FStocks%2FNFLX.md,Entities/Stocks/NFLX.md,[[Communication Services]],Entities,C:\Users\CaveUser\Documents\Obsidian Vault\World_Machine\Entities\Stocks\NFLX.md,World_Machine,Entities,C:\Users\CaveUser\Documents\Obsidian Vault\World_Machine\Entities\Stocks\NFLX.md,Entities/Stocks/NFLX.md,obsidian://open?vault=World_Machine&file=Entities%2FStocks%2FNFLX.md,World_Machine,Active,Stocks,NFLX,"[""stock"",""communication-services"",""streaming"",""media""]",NFLX,World_Machine,Entity;Stock
world:stock:NFP,2026-06-01,NFP,,,Entities,,NFP,,,,,,,,,NFP,stock,,,,,,,,,,,,,,NFP,[],NFP,,Entity;Stock
world:stock:NGVT,2026-06-01,NGVT,,,Entities,,NGVT,,,,,,,,,NGVT,stock,,,,,,,,,,,,,,NGVT,[],NGVT,,Entity;Stock
world:stock:NHP,2026-06-01,NHP,,,Entities,,NHP,,,,,,,,,NHP,stock,,,,,,,,,,,,,,NHP,[],NHP,,Entity;Stock
world:stock:NI,2026-06-01,NI,,,Entities,,NI,,,,,,,,,NI,stock,,,,,,,,,,,,,,NI,[],NI,,Entity;Stock
world:stock:NIO,2026-06-01,NIO,,,Entities,,NIO,,,,,,,,,NIO,stock,,,,,,,,,,,,,,NIO,[],NIO,,Entity;Stock
world:stock:NIPG,2026-06-01,NIPG,,,Entities,,NIPG,,,,,,,,,NIPG,stock,,,,,,,,,,,,,,NIPG,[],NIPG,,Entity;Stock
world:stock:NKE,2026-06-01,NKE,,,Entities,,NKE,,,,,,,,,NKE,stock,,,,,,,,,,,,,,NKE,[],NKE,,Entity;Stock
world:stock:NKSH,2026-06-01,NKSH,,,Entities,,NKSH,,,,,,,,,NKSH,stock,,,,,,,,,,,,,,NKSH,[],NKSH,,Entity;Stock
world:stock:NKTR,2026-06-01,NKTR,[[USA]],,Entities,NASDAQ,NKTR,,,,,,,,,NKTR,stock,obsidian://open?vault=World_Machine&file=Entities%2FStocks%2FNKTR.md,Entities/Stocks/NKTR.md,[[Healthcare]],Entities,C:\Users\CaveUser\Documents\Obsidian Vault\World_Machine\Entities\Stocks\NKTR.md,World_Machine,Entities,C:\Users\CaveUser\Documents\Obsidian Vault\World_Machine\Entities\Stocks\NKTR.md,Entities/Stocks/NKTR.md,obsidian://open?vault=World_Machine&file=Entities%2FStocks%2FNKTR.md,World_Machine,Active,Stocks,NKTR,"[""stock"",""smallcap"",""healthcare"",""biotech"",""special-situations""]",NKTR,World_Machine,Entity;Stock
world:stock:NL,2026-06-01,NL,,,Entities,,NL,,,,,,,,,NL,stock,,,,,,,,,,,,,,NL,[],NL,,Entity;Stock
world:stock:NLOP,2026-06-01,NLOP,,,Entities,,NLOP,,,,,,,,,NLOP,stock,,,,,,,,,,,,,,NLOP,[],NLOP,,Entity;Stock
world:stock:NMM,2026-06-01,NMM,,,Entities,,NMM,,,,,,,,,NMM,stock,,,,,,,,,,,,,,NMM,[],NMM,,Entity;Stock
world:stock:NNE,2026-06-01,NNE,,,Entities,,NNE,,,,,,,,,NNE,stock,,,,,,,,,,,,,,NNE,[],NNE,,Entity;Stock
world:stock:NNVC,2026-06-01,NNVC,,,Entities,,NNVC,,,,,,,,,NNVC,stock,,,,,,,,,,,,,,NNVC,[],NNVC,,Entity;Stock
world:stock:NOC,2026-06-01,NOC,[[USA]],,Entities,NYSE,NOC,,,,,,,,,NOC,stock,obsidian://open?vault=World_Machine&file=Entities%2FStocks%2FNOC.md,Entities/Stocks/NOC.md,[[Aerospace & Defense]],Entities,C:\Users\CaveUser\Documents\Obsidian Vault\World_Machine\Entities\Stocks\NOC.md,World_Machine,Entities,C:\Users\CaveUser\Documents\Obsidian Vault\World_Machine\Entities\Stocks\NOC.md,Entities/Stocks/NOC.md,obsidian://open?vault=World_Machine&file=Entities%2FStocks%2FNOC.md,World_Machine,Active,Stocks,NOC,"[""stock"",""aerospace-defense"",""space"",""defense""]",NOC,World_Machine,Entity;Stock
world:stock:NOV,2026-06-01,NOV,,,Entities,,NOV,,,,,,,,,NOV,stock,,,,,,,,,,,,,,NOV,[],NOV,,Entity;Stock
world:stock:NOW,2026-06-01,NOW,,,Entities,,NOW,,,,,,,,,NOW,stock,,,,,,,,,,,,,,NOW,[],NOW,,Entity;Stock
world:stock:NPB,2026-06-01,NPB,,,Entities,,NPB,,,,,,,,,NPB,stock,,,,,,,,,,,,,,NPB,[],NPB,,Entity;Stock
world:stock:NPK,2026-06-01,NPK,,,Entities,,NPK,,,,,,,,,NPK,stock,,,,,,,,,,,,,,NPK,[],NPK,,Entity;Stock
world:stock:NPKI,2026-06-01,NPKI,,,Entities,,NPKI,,,,,,,,,NPKI,stock,,,,,,,,,,,,,,NPKI,[],NPKI,,Entity;Stock
world:stock:NRG,2026-06-01,NRG,[[USA]],,Entities,NYSE,NRG,,,,,,,,,NRG,stock,obsidian://open?vault=World_Machine&file=Entities%2FStocks%2FNRG.md,Entities/Stocks/NRG.md,[[Utilities]],Entities,C:\Users\CaveUser\Documents\Obsidian Vault\World_Machine\Entities\Stocks\NRG.md,World_Machine,Entities,C:\Users\CaveUser\Documents\Obsidian Vault\World_Machine\Entities\Stocks\NRG.md,Entities/Stocks/NRG.md,obsidian://open?vault=World_Machine&file=Entities%2FStocks%2FNRG.md,World_Machine,Active,Stocks,NRG,"[""stock"",""utilities"",""power"",""merchant-generation""]",NRG,World_Machine,Entity;Stock
world:stock:NRGV,2026-06-01,NRGV,,,Entities,,NRGV,,,,,,,,,NRGV,stock,,,,,,,,,,,,,,NRGV,[],NRGV,,Entity;Stock
world:stock:NRP,2026-06-01,NRP,,,Entities,,NRP,,,,,,,,,NRP,stock,,,,,,,,,,,,,,NRP,[],NRP,,Entity;Stock
world:stock:NRXP,2026-06-01,NRXP,[[USA]],,Entities,NASDAQ,NRXP,,,,,,,,,NRXP,stock,obsidian://open?vault=World_Machine&file=Entities%2FStocks%2FNRXP.md,Entities/Stocks/NRXP.md,[[Healthcare]],Entities,C:\Users\CaveUser\Documents\Obsidian Vault\World_Machine\Entities\Stocks\NRXP.md,World_Machine,Entities,C:\Users\CaveUser\Documents\Obsidian Vault\World_Machine\Entities\Stocks\NRXP.md,Entities/Stocks/NRXP.md,obsidian://open?vault=World_Machine&file=Entities%2FStocks%2FNRXP.md,World_Machine,Active,Stocks,NRXP,"[""stock"",""biotech"",""mental-health"",""ketamine""]",NRXP,World_Machine,Entity;Stock
world:stock:NSC,2026-06-01,NSC,,,Entities,,NSC,,,,,,,,,NSC,stock,,,,,,,,,,,,,,NSC,[],NSC,,Entity;Stock
world:stock:NSSC,2026-06-01,NSSC,[[USA]],,Entities,NASDAQ,NSSC,,,,,,,,,NSSC,stock,obsidian://open?vault=World_Machine&file=Entities%2FStocks%2FNSSC.md,Entities/Stocks/NSSC.md,[[Industrials]],Entities,C:\Users\CaveUser\Documents\Obsidian Vault\World_Machine\Entities\Stocks\NSSC.md,World_Machine,Entities,C:\Users\CaveUser\Documents\Obsidian Vault\World_Machine\Entities\Stocks\NSSC.md,Entities/Stocks/NSSC.md,obsidian://open?vault=World_Machine&file=Entities%2FStocks%2FNSSC.md,World_Machine,Active,Stocks,NSSC,"[""stock"",""industrials"",""security"",""recurring-revenue"",""small-cap"",""quality-compounder""]",NSSC,World_Machine,Entity;Stock
world:stock:NTAP,2026-06-01,NTAP,,,Entities,,NTAP,,,,,,,,,NTAP,stock,,,,,,,,,,,,,,NTAP,[],NTAP,,Entity;Stock
world:stock:NTES,2026-06-01,NTES,,,Entities,,NTES,,,,,,,,,NTES,stock,,,,,,,,,,,,,,NTES,[],NTES,,Entity;Stock
world:stock:NTLA,2026-06-01,NTLA,,,Entities,,NTLA,,,,,,,,,NTLA,stock,,,,,,,,,,,,,,NTLA,[],NTLA,,Entity;Stock
world:stock:NTRA,2026-06-01,NTRA,,,Entities,,NTRA,,,,,,,,,NTRA,stock,,,,,,,,,,,,,,NTRA,[],NTRA,,Entity;Stock
world:stock:NTRS,2026-06-01,NTRS,,,Entities,,NTRS,,,,,,,,,NTRS,stock,,,,,,,,,,,,,,NTRS,[],NTRS,,Entity;Stock
world:stock:NTST,2026-06-01,NTST,,,Entities,,NTST,,,,,,,,,NTST,stock,,,,,,,,,,,,,,NTST,[],NTST,,Entity;Stock
world:stock:NUAI,2026-06-01,NUAI,,,Entities,,NUAI,,,,,,,,,NUAI,stock,,,,,,,,,,,,,,NUAI,[],NUAI,,Entity;Stock
world:stock:NUE,2026-06-01,NUE,,,Entities,,NUE,,,,,,,,,NUE,stock,,,,,,,,,,,,,,NUE,[],NUE,,Entity;Stock
world:stock:NUMI,2026-06-01,NUMI,[[Canada]],,Entities,NASDAQ,NUMI,,,,,,,,,NUMI,stock,obsidian://open?vault=World_Machine&file=Entities%2FStocks%2FNUMI.md,Entities/Stocks/NUMI.md,[[Healthcare]],Entities,C:\Users\CaveUser\Documents\Obsidian Vault\World_Machine\Entities\Stocks\NUMI.md,World_Machine,Entities,C:\Users\CaveUser\Documents\Obsidian Vault\World_Machine\Entities\Stocks\NUMI.md,Entities/Stocks/NUMI.md,obsidian://open?vault=World_Machine&file=Entities%2FStocks%2FNUMI.md,World_Machine,Watching,Stocks,NUMI,"[""stock"",""biotech"",""psychedelics""]",NUMI,World_Machine,Entity;Stock
world:stock:NUS,2026-06-01,NUS,,,Entities,,NUS,,,,,,,,,NUS,stock,,,,,,,,,,,,,,NUS,[],NUS,,Entity;Stock
world:stock:NVDA,2026-06-01,NVDA,[[USA]],,Entities,NASDAQ,NVDA,214921432,2026-06-01T21:53:25.092000000Z,224.36,2026-06-01T21:46:44.891000000Z,224.36,2026-06-01T21:53:25.092000000Z,214921432,2026-06-01T21:46:44.891000000Z,NVDA,stock,obsidian://open?vault=World_Machine&file=Entities%2FStocks%2FNVDA.md,Entities/Stocks/NVDA.md,[[Tech Sector]],Entities,C:\Users\CaveUser\Documents\Obsidian Vault\World_Machine\Entities\Stocks\NVDA.md,World_Machine,Entities,C:\Users\CaveUser\Documents\Obsidian Vault\World_Machine\Entities\Stocks\NVDA.md,Entities/Stocks/NVDA.md,obsidian://open?vault=World_Machine&file=Entities%2FStocks%2FNVDA.md,World_Machine,Active,Stocks,NVDA,"[""stock"",""tech"",""semis"",""ai""]",NVDA,World_Machine,Entity;Stock
world:stock:NVDA.NE,2026-06-01,NVDA.NE,,,Entities,,NVDA.NE,,,,,,,,,NVDA.NE,stock,,,,,,,,,,,,,,NVDA.NE,[],NVDA.NE,,Entity;Stock
world:stock:NVO,2026-06-01,NVO,,,Entities,,NVO,,,,,,,,,NVO,stock,,,,,,,,,,,,,,NVO,[],NVO,,Entity;Stock
world:stock:NVR,2026-06-01,NVR,,,Entities,,NVR,,,,,,,,,NVR,stock,,,,,,,,,,,,,,NVR,[],NVR,,Entity;Stock
world:stock:NVST,2026-06-01,NVST,,,Entities,,NVST,,,,,,,,,NVST,stock,,,,,,,,,,,,,,NVST,[],NVST,,Entity;Stock
world:stock:NWBI,2026-06-01,NWBI,,,Entities,,NWBI,,,,,,,,,NWBI,stock,,,,,,,,,,,,,,NWBI,[],NWBI,,Entity;Stock
world:stock:NWL,2026-06-01,NWL,,,Entities,,NWL,,,,,,,,,NWL,stock,,,,,,,,,,,,,,NWL,[],NWL,,Entity;Stock
world:stock:NWS,2026-06-01,NWS,,,Entities,,NWS,,,,,,,,,NWS,stock,,,,,,,,,,,,,,NWS,[],NWS,,Entity;Stock
world:stock:NWSA,2026-06-01,NWSA,,,Entities,,NWSA,,,,,,,,,NWSA,stock,,,,,,,,,,,,,,NWSA,[],NWSA,,Entity;Stock
world:stock:NXDR,2026-06-01,NXDR,,,Entities,,NXDR,,,,,,,,,NXDR,stock,,,,,,,,,,,,,,NXDR,[],NXDR,,Entity;Stock
world:stock:NXPI,2026-06-01,NXPI,,,Entities,,NXPI,,,,,,,,,NXPI,stock,,,,,,,,,,,,,,NXPI,[],NXPI,,Entity;Stock
world:stock:NXT,2026-06-01,NXT,,,Entities,,NXT,,,,,,,,,NXT,stock,,,,,,,,,,,,,,NXT,[],NXT,,Entity;Stock
world:stock:NYT,2026-06-01,NYT,,,Entities,,NYT,,,,,,,,,NYT,stock,,,,,,,,,,,,,,NYT,[],NYT,,Entity;Stock
world:stock:O,2026-06-01,O,,,Entities,,O,,,,,,,,,O,stock,,,,,,,,,,,,,,O,[],O,,Entity;Stock
world:stock:OC,2026-06-01,OC,,,Entities,,OC,,,,,,,,,OC,stock,,,,,,,,,,,,,,OC,[],OC,,Entity;Stock
world:stock:OCFC,2026-06-01,OCFC,,,Entities,,OCFC,,,,,,,,,OCFC,stock,,,,,,,,,,,,,,OCFC,[],OCFC,,Entity;Stock
world:stock:OCUL,2026-06-01,OCUL,,,Entities,,OCUL,,,,,,,,,OCUL,stock,,,,,,,,,,,,,,OCUL,[],OCUL,,Entity;Stock
world:stock:ODFL,2026-06-01,ODFL,,,Entities,,ODFL,,,,,,,,,ODFL,stock,,,,,,,,,,,,,,ODFL,[],ODFL,,Entity;Stock
world:stock:OFRM,2026-06-01,OFRM,,,Entities,,OFRM,,,,,,,,,OFRM,stock,,,,,,,,,,,,,,OFRM,[],OFRM,,Entity;Stock
world:stock:OKE,2026-06-01,OKE,,,Entities,,OKE,,,,,,,,,OKE,stock,,,,,,,,,,,,,,OKE,[],OKE,,Entity;Stock
world:stock:OKLO,2026-06-01,OKLO,,,Entities,,OKLO,,,,,,,,,OKLO,stock,,,,,,,,,,,,,,OKLO,[],OKLO,,Entity;Stock
world:stock:OMC,2026-06-01,OMC,,,Entities,,OMC,,,,,,,,,OMC,stock,,,,,,,,,,,,,,OMC,[],OMC,,Entity;Stock
world:stock:OMCL,2026-06-01,OMCL,,,Entities,,OMCL,,,,,,,,,OMCL,stock,,,,,,,,,,,,,,OMCL,[],OMCL,,Entity;Stock
world:stock:OMDA,2026-06-01,OMDA,,,Entities,,OMDA,,,,,,,,,OMDA,stock,,,,,,,,,,,,,,OMDA,[],OMDA,,Entity;Stock
world:stock:ON,2026-06-01,ON,,,Entities,,ON,,,,,,,,,ON,stock,,,,,,,,,,,,,,ON,[],ON,,Entity;Stock
world:stock:ONDS,2026-06-01,ONDS,[[USA]],,Entities,NASDAQ,ONDS,,,,,,,,,ONDS,stock,obsidian://open?vault=World_Machine&file=Entities%2FStocks%2FONDS.md,Entities/Stocks/ONDS.md,[[Industrials]],Entities,C:\Users\CaveUser\Documents\Obsidian Vault\World_Machine\Entities\Stocks\ONDS.md,World_Machine,Entities,C:\Users\CaveUser\Documents\Obsidian Vault\World_Machine\Entities\Stocks\ONDS.md,Entities/Stocks/ONDS.md,obsidian://open?vault=World_Machine&file=Entities%2FStocks%2FONDS.md,World_Machine,Active,Stocks,ONDS,"[""stock"",""drones"",""commercial"",""delivery"",""bvlos""]",ONDS,World_Machine,Entity;Stock
world:stock:ONTO,2026-06-01,ONTO,,,Entities,,ONTO,,,,,,,,,ONTO,stock,,,,,,,,,,,,,,ONTO,[],ONTO,,Entity;Stock
world:stock:OPAL,2026-06-01,OPAL,,,Entities,,OPAL,,,,,,,,,OPAL,stock,,,,,,,,,,,,,,OPAL,[],OPAL,,Entity;Stock
world:stock:OPY,2026-06-01,OPY,,,Entities,,OPY,,,,,,,,,OPY,stock,,,,,,,,,,,,,,OPY,[],OPY,,Entity;Stock
world:stock:OR,2026-06-01,OR,,,Entities,,OR,,,,,,,,,OR,stock,,,,,,,,,,,,,,OR,[],OR,,Entity;Stock
world:stock:ORA,2026-06-01,ORA,,,Entities,,ORA,,,,,,,,,ORA,stock,,,,,,,,,,,,,,ORA,[],ORA,,Entity;Stock
world:stock:ORC,2026-06-01,ORC,,,Entities,,ORC,,,,,,,,,ORC,stock,,,,,,,,,,,,,,ORC,[],ORC,,Entity;Stock
world:stock:ORCL,2026-06-01,ORCL,,,Entities,,ORCL,,,,,,,,,ORCL,stock,,,,,,,,,,,,,,ORCL,[],ORCL,,Entity;Stock
world:stock:ORGO,2026-06-01,ORGO,,,Entities,,ORGO,,,,,,,,,ORGO,stock,,,,,,,,,,,,,,ORGO,[],ORGO,,Entity;Stock
world:stock:ORIC,2026-06-01,ORIC,,,Entities,,ORIC,,,,,,,,,ORIC,stock,,,,,,,,,,,,,,ORIC,[],ORIC,,Entity;Stock
world:stock:ORKA,2026-06-01,ORKA,,,Entities,,ORKA,,,,,,,,,ORKA,stock,,,,,,,,,,,,,,ORKA,[],ORKA,,Entity;Stock
world:stock:ORLY,2026-06-01,ORLY,,,Entities,,ORLY,,,,,,,,,ORLY,stock,,,,,,,,,,,,,,ORLY,[],ORLY,,Entity;Stock
world:stock:OSG,2026-06-01,OSG,,,Entities,,OSG,,,,,,,,,OSG,stock,,,,,,,,,,,,,,OSG,[],OSG,,Entity;Stock
world:stock:OSS,2026-06-01,OSS,,,Entities,,OSS,,,,,,,,,OSS,stock,,,,,,,,,,,,,,OSS,[],OSS,,Entity;Stock
world:stock:OTF,2026-06-01,OTF,,,Entities,,OTF,,,,,,,,,OTF,stock,,,,,,,,,,,,,,OTF,[],OTF,,Entity;Stock
world:stock:OTIS,2026-06-01,OTIS,,,Entities,,OTIS,,,,,,,,,OTIS,stock,,,,,,,,,,,,,,OTIS,[],OTIS,,Entity;Stock
world:stock:OTLK,2026-06-01,OTLK,,,Entities,,OTLK,,,,,,,,,OTLK,stock,,,,,,,,,,,,,,OTLK,[],OTLK,,Entity;Stock
world:stock:OUST,2026-06-01,OUST,,,Entities,,OUST,,,,,,,,,OUST,stock,,,,,,,,,,,,,,OUST,[],OUST,,Entity;Stock
world:stock:OVX,2026-06-01,OVX,,,Entities,,OVX,,,,,,,,,OVX,stock,,,,,,,,,,,,,,OVX,[],OVX,,Entity;Stock
world:stock:OXLC,2026-06-01,OXLC,,,Entities,,OXLC,,,,,,,,,OXLC,stock,,,,,,,,,,,,,,OXLC,[],OXLC,,Entity;Stock
world:stock:OXY,2026-06-01,OXY,[[USA]],,Entities,NYSE,OXY,,,,,,,,,OXY,stock,obsidian://open?vault=World_Machine&file=Entities%2FStocks%2FOXY.md,Entities/Stocks/OXY.md,[[Energy]],Entities,C:\Users\CaveUser\Documents\Obsidian Vault\World_Machine\Entities\Stocks\OXY.md,World_Machine,Entities,C:\Users\CaveUser\Documents\Obsidian Vault\World_Machine\Entities\Stocks\OXY.md,Entities/Stocks/OXY.md,obsidian://open?vault=World_Machine&file=Entities%2FStocks%2FOXY.md,World_Machine,Active,Stocks,OXY,"[""stock"",""energy"",""oil"",""shale""]",OXY,World_Machine,Entity;Stock
world:stock:P,2026-06-01,P,,,Entities,,P,,,,,,,,,P,stock,,,,,,,,,,,,,,P,[],P,,Entity;Stock
world:stock:PAA,2026-06-01,PAA,,,Entities,,PAA,,,,,,,,,PAA,stock,,,,,,,,,,,,,,PAA,[],PAA,,Entity;Stock
world:stock:PAHC,2026-06-01,PAHC,,,Entities,,PAHC,,,,,,,,,PAHC,stock,,,,,,,,,,,,,,PAHC,[],PAHC,,Entity;Stock
world:stock:PALI,2026-06-01,PALI,,,Entities,,PALI,,,,,,,,,PALI,stock,,,,,,,,,,,,,,PALI,[],PALI,,Entity;Stock
world:stock:PANW,2026-06-01,PANW,,,Entities,,PANW,,,,,,,,,PANW,stock,,,,,,,,,,,,,,PANW,[],PANW,,Entity;Stock
world:stock:PAYS,2026-06-01,PAYS,,,Entities,,PAYS,,,,,,,,,PAYS,stock,,,,,,,,,,,,,,PAYS,[],PAYS,,Entity;Stock
world:stock:PAYX,2026-06-01,PAYX,,,Entities,,PAYX,,,,,,,,,PAYX,stock,,,,,,,,,,,,,,PAYX,[],PAYX,,Entity;Stock
world:stock:PCAR,2026-06-01,PCAR,,,Entities,,PCAR,,,,,,,,,PCAR,stock,,,,,,,,,,,,,,PCAR,[],PCAR,,Entity;Stock
world:stock:PCG,2026-06-01,PCG,,,Entities,,PCG,,,,,,,,,PCG,stock,,,,,,,,,,,,,,PCG,[],PCG,,Entity;Stock
world:stock:PCT,2026-06-01,PCT,,,Entities,,PCT,,,,,,,,,PCT,stock,,,,,,,,,,,,,,PCT,[],PCT,,Entity;Stock
world:stock:PCVX,2026-06-01,PCVX,,,Entities,,PCVX,,,,,,,,,PCVX,stock,,,,,,,,,,,,,,PCVX,[],PCVX,,Entity;Stock
world:stock:PCYO,2026-06-01,PCYO,,,Entities,,PCYO,,,,,,,,,PCYO,stock,,,,,,,,,,,,,,PCYO,[],PCYO,,Entity;Stock
world:stock:PDFS,2026-06-01,PDFS,[[USA]],,Entities,NASDAQ,PDFS,,,,,,,,,PDFS,stock,obsidian://open?vault=World_Machine&file=Entities%2FStocks%2FPDFS.md,Entities/Stocks/PDFS.md,[[Tech Sector]],Entities,C:\Users\CaveUser\Documents\Obsidian Vault\World_Machine\Entities\Stocks\PDFS.md,World_Machine,Entities,C:\Users\CaveUser\Documents\Obsidian Vault\World_Machine\Entities\Stocks\PDFS.md,Entities/Stocks/PDFS.md,obsidian://open?vault=World_Machine&file=Entities%2FStocks%2FPDFS.md,World_Machine,Active,Stocks,PDFS,"[""stock"",""smallcap"",""tech"",""special-situations""]",PDFS,World_Machine,Entity;Stock
world:stock:PDYN,2026-06-01,PDYN,,,Entities,,PDYN,,,,,,,,,PDYN,stock,,,,,,,,,,,,,,PDYN,[],PDYN,,Entity;Stock
world:stock:PEB,2026-06-01,PEB,,,Entities,,PEB,,,,,,,,,PEB,stock,,,,,,,,,,,,,,PEB,[],PEB,,Entity;Stock
world:stock:PECEU,2026-06-01,PECEU,,,Entities,,PECEU,,,,,,,,,PECEU,stock,,,,,,,,,,,,,,PECEU,[],PECEU,,Entity;Stock
world:stock:PEG,2026-06-01,PEG,,,Entities,,PEG,,,,,,,,,PEG,stock,,,,,,,,,,,,,,PEG,[],PEG,,Entity;Stock
world:stock:PENG,2026-06-01,PENG,,,Entities,,PENG,,,,,,,,,PENG,stock,,,,,,,,,,,,,,PENG,[],PENG,,Entity;Stock
world:stock:PENN,2026-06-01,PENN,,,Entities,,PENN,,,,,,,,,PENN,stock,,,,,,,,,,,,,,PENN,[],PENN,,Entity;Stock
world:stock:PEP,2026-06-01,PEP,,,Entities,,PEP,,,,,,,,,PEP,stock,,,,,,,,,,,,,,PEP,[],PEP,,Entity;Stock
world:stock:PEPG,2026-06-01,PEPG,,,Entities,,PEPG,,,,,,,,,PEPG,stock,,,,,,,,,,,,,,PEPG,[],PEPG,,Entity;Stock
world:stock:PESI,2026-06-01,PESI,,,Entities,,PESI,,,,,,,,,PESI,stock,,,,,,,,,,,,,,PESI,[],PESI,,Entity;Stock
world:stock:PFE,2026-06-01,PFE,[[USA]],,Entities,NYSE,PFE,,,,,,,,,PFE,stock,obsidian://open?vault=World_Machine&file=Entities%2FStocks%2FPFE.md,Entities/Stocks/PFE.md,[[Healthcare]],Entities,C:\Users\CaveUser\Documents\Obsidian Vault\World_Machine\Entities\Stocks\PFE.md,World_Machine,Entities,C:\Users\CaveUser\Documents\Obsidian Vault\World_Machine\Entities\Stocks\PFE.md,Entities/Stocks/PFE.md,obsidian://open?vault=World_Machine&file=Entities%2FStocks%2FPFE.md,World_Machine,Active,Stocks,PFE,"[""stock"",""healthcare"",""pharma"",""value""]",PFE,World_Machine,Entity;Stock
world:stock:PFG,2026-06-01,PFG,,,Entities,,PFG,,,,,,,,,PFG,stock,,,,,,,,,,,,,,PFG,[],PFG,,Entity;Stock
world:stock:PFLC,2026-06-01,PFLC,,,Entities,,PFLC,,,,,,,,,PFLC,stock,,,,,,,,,,,,,,PFLC,[],PFLC,,Entity;Stock
world:stock:PG,2026-06-01,PG,[[USA]],,Entities,NYSE,PG,,,,,,,,,PG,stock,obsidian://open?vault=World_Machine&file=Entities%2FStocks%2FPG.md,Entities/Stocks/PG.md,[[Consumer Staples]],Entities,C:\Users\CaveUser\Documents\Obsidian Vault\World_Machine\Entities\Stocks\PG.md,World_Machine,Entities,C:\Users\CaveUser\Documents\Obsidian Vault\World_Machine\Entities\Stocks\PG.md,Entities/Stocks/PG.md,obsidian://open?vault=World_Machine&file=Entities%2FStocks%2FPG.md,World_Machine,Active,Stocks,PG,"[""stock"",""consumer-staples"",""household"",""defensive""]",PG,World_Machine,Entity;Stock
world:stock:PGNY,2026-06-01,PGNY,,,Entities,,PGNY,,,,,,,,,PGNY,stock,,,,,,,,,,,,,,PGNY,[],PGNY,,Entity;Stock
world:stock:PGR,2026-06-01,PGR,,,Entities,,PGR,,,,,,,,,PGR,stock,,,,,,,,,,,,,,PGR,[],PGR,,Entity;Stock
world:stock:PH,2026-06-01,PH,,,Entities,,PH,,,,,,,,,PH,stock,,,,,,,,,,,,,,PH,[],PH,,Entity;Stock
world:stock:PHG,2026-06-01,PHG,,,Entities,,PHG,,,,,,,,,PHG,stock,,,,,,,,,,,,,,PHG,[],PHG,,Entity;Stock
world:stock:PHM,2026-06-01,PHM,,,Entities,,PHM,,,,,,,,,PHM,stock,,,,,,,,,,,,,,PHM,[],PHM,,Entity;Stock
world:stock:PHR,2026-06-01,PHR,,,Entities,,PHR,,,,,,,,,PHR,stock,,,,,,,,,,,,,,PHR,[],PHR,,Entity;Stock
world:stock:PINE,2026-06-01,PINE,,,Entities,,PINE,,,,,,,,,PINE,stock,,,,,,,,,,,,,,PINE,[],PINE,,Entity;Stock
world:stock:PIPR,2026-06-01,PIPR,,,Entities,,PIPR,,,,,,,,,PIPR,stock,,,,,,,,,,,,,,PIPR,[],PIPR,,Entity;Stock
world:stock:PKG,2026-06-01,PKG,,,Entities,,PKG,,,,,,,,,PKG,stock,,,,,,,,,,,,,,PKG,[],PKG,,Entity;Stock
world:stock:PKOH,2026-06-01,PKOH,,,Entities,,PKOH,,,,,,,,,PKOH,stock,,,,,,,,,,,,,,PKOH,[],PKOH,,Entity;Stock
world:stock:PKST,2026-06-01,PKST,,,Entities,,PKST,,,,,,,,,PKST,stock,,,,,,,,,,,,,,PKST,[],PKST,,Entity;Stock
world:stock:PL,2026-06-01,PL,,,Entities,,PL,,,,,,,,,PL,stock,,,,,,,,,,,,,,PL,[],PL,,Entity;Stock
world:stock:PLAY,2026-06-01,PLAY,,,Entities,,PLAY,,,,,,,,,PLAY,stock,,,,,,,,,,,,,,PLAY,[],PLAY,,Entity;Stock
world:stock:PLD,2026-06-01,PLD,[[USA]],,Entities,NYSE,PLD,,,,,,,,,PLD,stock,obsidian://open?vault=World_Machine&file=Entities%2FStocks%2FPLD.md,Entities/Stocks/PLD.md,[[Real Estate]],Entities,C:\Users\CaveUser\Documents\Obsidian Vault\World_Machine\Entities\Stocks\PLD.md,World_Machine,Entities,C:\Users\CaveUser\Documents\Obsidian Vault\World_Machine\Entities\Stocks\PLD.md,Entities/Stocks/PLD.md,obsidian://open?vault=World_Machine&file=Entities%2FStocks%2FPLD.md,World_Machine,Active,Stocks,PLD,"[""stock"",""real-estate"",""reit"",""logistics""]",PLD,World_Machine,Entity;Stock
world:stock:PLMK,2026-06-01,PLMK,,,Entities,,PLMK,,,,,,,,,PLMK,stock,,,,,,,,,,,,,,PLMK,[],PLMK,,Entity;Stock
world:stock:PLOW,2026-06-01,PLOW,,,Entities,,PLOW,,,,,,,,,PLOW,stock,,,,,,,,,,,,,,PLOW,[],PLOW,,Entity;Stock
world:stock:PLPC,2026-06-01,PLPC,,,Entities,,PLPC,,,,,,,,,PLPC,stock,,,,,,,,,,,,,,PLPC,[],PLPC,,Entity;Stock
world:stock:PLTR,2026-06-01,PLTR,[[USA]],,Entities,NASDAQ,PLTR,,,,,,,,,PLTR,stock,obsidian://open?vault=World_Machine&file=Entities%2FStocks%2FPLTR.md,Entities/Stocks/PLTR.md,[[Tech Sector]],Entities,C:\Users\CaveUser\Documents\Obsidian Vault\World_Machine\Entities\Stocks\PLTR.md,World_Machine,Entities,C:\Users\CaveUser\Documents\Obsidian Vault\World_Machine\Entities\Stocks\PLTR.md,Entities/Stocks/PLTR.md,obsidian://open?vault=World_Machine&file=Entities%2FStocks%2FPLTR.md,World_Machine,Active,Stocks,PLTR,"[""stock"",""tech"",""defense"",""software""]",PLTR,World_Machine,Entity;Stock
world:stock:PM,2026-06-01,PM,,,Entities,,PM,,,,,,,,,PM,stock,,,,,,,,,,,,,,PM,[],PM,,Entity;Stock
world:stock:PMI,2026-06-01,PMI,,,Entities,,PMI,,,,,,,,,PMI,stock,,,,,,,,,,,,,,PMI,[],PMI,,Entity;Stock
world:stock:PMT,2026-06-01,PMT,,,Entities,,PMT,,,,,,,,,PMT,stock,,,,,,,,,,,,,,PMT,[],PMT,,Entity;Stock
world:stock:PNC,2026-06-01,PNC,,,Entities,,PNC,,,,,,,,,PNC,stock,,,,,,,,,,,,,,PNC,[],PNC,,Entity;Stock
world:stock:PNNT,2026-06-01,PNNT,,,Entities,,PNNT,,,,,,,,,PNNT,stock,,,,,,,,,,,,,,PNNT,[],PNNT,,Entity;Stock
world:stock:PNR,2026-06-01,PNR,,,Entities,,PNR,,,,,,,,,PNR,stock,,,,,,,,,,,,,,PNR,[],PNR,,Entity;Stock
world:stock:PNRG,2026-06-01,PNRG,,,Entities,,PNRG,,,,,,,,,PNRG,stock,,,,,,,,,,,,,,PNRG,[],PNRG,,Entity;Stock
world:stock:PNW,2026-06-01,PNW,,,Entities,,PNW,,,,,,,,,PNW,stock,,,,,,,,,,,,,,PNW,[],PNW,,Entity;Stock
world:stock:PODD,2026-06-01,PODD,,,Entities,,PODD,,,,,,,,,PODD,stock,,,,,,,,,,,,,,PODD,[],PODD,,Entity;Stock
world:stock:POOL,2026-06-01,POOL,,,Entities,,POOL,,,,,,,,,POOL,stock,,,,,,,,,,,,,,POOL,[],POOL,,Entity;Stock
world:stock:POWL,2026-06-01,POWL,[[USA]],,Entities,NASDAQ,POWL,,,,,,,,,POWL,stock,obsidian://open?vault=World_Machine&file=Entities%2FStocks%2FPOWL.md,Entities/Stocks/POWL.md,[[Industrials]],Entities,C:\Users\CaveUser\Documents\Obsidian Vault\World_Machine\Entities\Stocks\POWL.md,World_Machine,Entities,C:\Users\CaveUser\Documents\Obsidian Vault\World_Machine\Entities\Stocks\POWL.md,Entities/Stocks/POWL.md,obsidian://open?vault=World_Machine&file=Entities%2FStocks%2FPOWL.md,World_Machine,Active,Stocks,POWL,"[""stock"",""industrials"",""electrification"",""grid-equipment"",""small-cap""]",POWL,World_Machine,Entity;Stock
world:stock:PPG,2026-06-01,PPG,,,Entities,,PPG,,,,,,,,,PPG,stock,,,,,,,,,,,,,,PPG,[],PPG,,Entity;Stock
world:stock:PPI,2026-06-01,PPI,,,Entities,,PPI,,,,,,,,,PPI,stock,,,,,,,,,,,,,,PPI,[],PPI,,Entity;Stock
world:stock:PPIH,2026-06-01,PPIH,[[USA]],,Entities,NASDAQ,PPIH,,,,,,,,,PPIH,stock,obsidian://open?vault=World_Machine&file=Entities%2FStocks%2FPPIH.md,Entities/Stocks/PPIH.md,[[Industrials]],Entities,C:\Users\CaveUser\Documents\Obsidian Vault\World_Machine\Entities\Stocks\PPIH.md,World_Machine,Entities,C:\Users\CaveUser\Documents\Obsidian Vault\World_Machine\Entities\Stocks\PPIH.md,Entities/Stocks/PPIH.md,obsidian://open?vault=World_Machine&file=Entities%2FStocks%2FPPIH.md,World_Machine,Active,Stocks,PPIH,"[""stock"",""microcap"",""industrials"",""special-situations""]",PPIH,World_Machine,Entity;Stock
world:stock:PPL,2026-06-01,PPL,,,Entities,,PPL,,,,,,,,,PPL,stock,,,,,,,,,,,,,,PPL,[],PPL,,Entity;Stock
world:stock:PRA,2026-06-01,PRA,,,Entities,,PRA,,,,,,,,,PRA,stock,,,,,,,,,,,,,,PRA,[],PRA,,Entity;Stock
world:stock:PRG,2026-06-01,PRG,,,Entities,,PRG,,,,,,,,,PRG,stock,,,,,,,,,,,,,,PRG,[],PRG,,Entity;Stock
world:stock:PRGS,2026-06-01,PRGS,,,Entities,,PRGS,,,,,,,,,PRGS,stock,,,,,,,,,,,,,,PRGS,[],PRGS,,Entity;Stock
world:stock:PRIM,2026-06-01,PRIM,,,Entities,,PRIM,,,,,,,,,PRIM,stock,,,,,,,,,,,,,,PRIM,[],PRIM,,Entity;Stock
world:stock:PRKS,2026-06-01,PRKS,[[USA]],,Entities,NYSE,PRKS,,,,,,,,,PRKS,stock,obsidian://open?vault=World_Machine&file=Entities%2FStocks%2FPRKS.md,Entities/Stocks/PRKS.md,[[Consumer Discretionary]],Entities,C:\Users\CaveUser\Documents\Obsidian Vault\World_Machine\Entities\Stocks\PRKS.md,World_Machine,Entities,C:\Users\CaveUser\Documents\Obsidian Vault\World_Machine\Entities\Stocks\PRKS.md,Entities/Stocks/PRKS.md,obsidian://open?vault=World_Machine&file=Entities%2FStocks%2FPRKS.md,World_Machine,Active,Stocks,PRKS,"[""stock"",""smallcap"",""consumer-discretionary"",""special-situations""]",PRKS,World_Machine,Entity;Stock
world:stock:PRMB,2026-06-01,PRMB,,,Entities,,PRMB,,,,,,,,,PRMB,stock,,,,,,,,,,,,,,PRMB,[],PRMB,,Entity;Stock
world:stock:PROP,2026-06-01,PROP,,,Entities,,PROP,,,,,,,,,PROP,stock,,,,,,,,,,,,,,PROP,[],PROP,,Entity;Stock
world:stock:PRPL,2026-06-01,PRPL,,,Entities,,PRPL,,,,,,,,,PRPL,stock,,,,,,,,,,,,,,PRPL,[],PRPL,,Entity;Stock
world:stock:PRTA,2026-06-01,PRTA,,,Entities,,PRTA,,,,,,,,,PRTA,stock,,,,,,,,,,,,,,PRTA,[],PRTA,,Entity;Stock
world:stock:PRU,2026-06-01,PRU,,,Entities,,PRU,,,,,,,,,PRU,stock,,,,,,,,,,,,,,PRU,[],PRU,,Entity;Stock
world:stock:PSA,2026-06-01,PSA,,,Entities,,PSA,,,,,,,,,PSA,stock,,,,,,,,,,,,,,PSA,[],PSA,,Entity;Stock
world:stock:PSH.L,2026-06-01,PSH.L,,,Entities,,PSH.L,,,,,,,,,PSH.L,stock,,,,,,,,,,,,,,PSH.L,[],PSH.L,,Entity;Stock
world:stock:PSIX,2026-06-01,PSIX,,,Entities,,PSIX,,,,,,,,,PSIX,stock,,,,,,,,,,,,,,PSIX,[],PSIX,,Entity;Stock
world:stock:PSKY,2026-06-01,PSKY,,,Entities,,PSKY,,,,,,,,,PSKY,stock,,,,,,,,,,,,,,PSKY,[],PSKY,,Entity;Stock
world:stock:PSTL,2026-06-01,PSTL,,,Entities,,PSTL,,,,,,,,,PSTL,stock,,,,,,,,,,,,,,PSTL,[],PSTL,,Entity;Stock
world:stock:PSX,2026-06-01,PSX,,,Entities,,PSX,,,,,,,,,PSX,stock,,,,,,,,,,,,,,PSX,[],PSX,,Entity;Stock
world:stock:PTAL.L,2026-06-01,PTAL.L,,,Entities,,PTAL.L,,,,,,,,,PTAL.L,stock,,,,,,,,,,,,,,PTAL.L,[],PTAL.L,,Entity;Stock
world:stock:PTC,2026-06-01,PTC,,,Entities,,PTC,,,,,,,,,PTC,stock,,,,,,,,,,,,,,PTC,[],PTC,,Entity;Stock
world:stock:PTEN,2026-06-01,PTEN,,,Entities,,PTEN,,,,,,,,,PTEN,stock,,,,,,,,,,,,,,PTEN,[],PTEN,,Entity;Stock
world:stock:PTLO,2026-06-01,PTLO,,,Entities,,PTLO,,,,,,,,,PTLO,stock,,,,,,,,,,,,,,PTLO,[],PTLO,,Entity;Stock
world:stock:PTON,2026-06-01,PTON,,,Entities,,PTON,,,,,,,,,PTON,stock,,,,,,,,,,,,,,PTON,[],PTON,,Entity;Stock
world:stock:PUMP,2026-06-01,PUMP,,,Entities,,PUMP,,,,,,,,,PUMP,stock,,,,,,,,,,,,,,PUMP,[],PUMP,,Entity;Stock
world:stock:PVH,2026-06-01,PVH,,,Entities,,PVH,,,,,,,,,PVH,stock,,,,,,,,,,,,,,PVH,[],PVH,,Entity;Stock
world:stock:PVLA,2026-06-01,PVLA,,,Entities,,PVLA,,,,,,,,,PVLA,stock,,,,,,,,,,,,,,PVLA,[],PVLA,,Entity;Stock
world:stock:PWP,2026-06-01,PWP,,,Entities,,PWP,,,,,,,,,PWP,stock,,,,,,,,,,,,,,PWP,[],PWP,,Entity;Stock
world:stock:PWR,2026-06-01,PWR,[[USA]],,Entities,NYSE,PWR,,,,,,,,,PWR,stock,obsidian://open?vault=World_Machine&file=Entities%2FStocks%2FPWR.md,Entities/Stocks/PWR.md,[[Industrials]],Entities,C:\Users\CaveUser\Documents\Obsidian Vault\World_Machine\Entities\Stocks\PWR.md,World_Machine,Entities,C:\Users\CaveUser\Documents\Obsidian Vault\World_Machine\Entities\Stocks\PWR.md,Entities/Stocks/PWR.md,obsidian://open?vault=World_Machine&file=Entities%2FStocks%2FPWR.md,World_Machine,Active,Stocks,PWR,"[""stock"",""industrials"",""grid"",""infrastructure"",""contractor""]",PWR,World_Machine,Entity;Stock
world:stock:PX,2026-06-01,PX,,,Entities,,PX,,,,,,,,,PX,stock,,,,,,,,,,,,,,PX,[],PX,,Entity;Stock
world:stock:PYPL,2026-06-01,PYPL,,,Entities,,PYPL,,,,,,,,,PYPL,stock,,,,,,,,,,,,,,PYPL,[],PYPL,,Entity;Stock
world:stock:PZG,2026-06-01,PZG,,,Entities,,PZG,,,,,,,,,PZG,stock,,,,,,,,,,,,,,PZG,[],PZG,,Entity;Stock
world:stock:PZZA,2026-06-01,PZZA,,,Entities,,PZZA,,,,,,,,,PZZA,stock,,,,,,,,,,,,,,PZZA,[],PZZA,,Entity;Stock
world:stock:Q,2026-06-01,Q,,,Entities,,Q,,,,,,,,,Q,stock,,,,,,,,,,,,,,Q,[],Q,,Entity;Stock
world:stock:QCOM,2026-06-01,QCOM,,,Entities,,QCOM,,,,,,,,,QCOM,stock,,,,,,,,,,,,,,QCOM,[],QCOM,,Entity;Stock
world:stock:QGEN,2026-06-01,QGEN,,,Entities,,QGEN,,,,,,,,,QGEN,stock,,,,,,,,,,,,,,QGEN,[],QGEN,,Entity;Stock
world:stock:QNTM,2026-06-01,QNTM,[[Canada]],,Entities,NASDAQ,QNTM,,,,,,,,,QNTM,stock,obsidian://open?vault=World_Machine&file=Entities%2FStocks%2FQNTM.md,Entities/Stocks/QNTM.md,[[Healthcare]],Entities,C:\Users\CaveUser\Documents\Obsidian Vault\World_Machine\Entities\Stocks\QNTM.md,World_Machine,Entities,C:\Users\CaveUser\Documents\Obsidian Vault\World_Machine\Entities\Stocks\QNTM.md,Entities/Stocks/QNTM.md,obsidian://open?vault=World_Machine&file=Entities%2FStocks%2FQNTM.md,World_Machine,Watching,Stocks,QNTM,"[""stock"",""biotech"",""psychedelics""]",QNTM,World_Machine,Entity;Stock
world:stock:QQQ,2026-06-01,QQQ,,,Entities,,QQQ,,,,,,,,,QQQ,stock,,,,,,,,,,,,,,QQQ,[],QQQ,,Entity;Stock
world:stock:QQQM,2026-06-01,QQQM,,,Entities,,QQQM,,,,,,,,,QQQM,stock,,,,,,,,,,,,,,QQQM,[],QQQM,,Entity;Stock
world:stock:QTI,2026-06-01,QTI,,,Entities,,QTI,,,,,,,,,QTI,stock,,,,,,,,,,,,,,QTI,[],QTI,,Entity;Stock
world:stock:QTRX,2026-06-01,QTRX,,,Entities,,QTRX,,,,,,,,,QTRX,stock,,,,,,,,,,,,,,QTRX,[],QTRX,,Entity;Stock
world:stock:QUBT,2026-06-01,QUBT,,,Entities,,QUBT,,,,,,,,,QUBT,stock,,,,,,,,,,,,,,QUBT,[],QUBT,,Entity;Stock
world:stock:QUIK,2026-06-01,QUIK,,,Entities,,QUIK,,,,,,,,,QUIK,stock,,,,,,,,,,,,,,QUIK,[],QUIK,,Entity;Stock
world:stock:RAMP,2026-06-01,RAMP,,,Entities,,RAMP,,,,,,,,,RAMP,stock,,,,,,,,,,,,,,RAMP,[],RAMP,,Entity;Stock
world:stock:RAPP,2026-06-01,RAPP,,,Entities,,RAPP,,,,,,,,,RAPP,stock,,,,,,,,,,,,,,RAPP,[],RAPP,,Entity;Stock
world:stock:RBLX,2026-06-01,RBLX,,,Entities,,RBLX,,,,,,,,,RBLX,stock,,,,,,,,,,,,,,RBLX,[],RBLX,,Entity;Stock
world:stock:RC,2026-06-01,RC,,,Entities,,RC,,,,,,,,,RC,stock,,,,,,,,,,,,,,RC,[],RC,,Entity;Stock
world:stock:RCAT,2026-06-01,RCAT,[[USA]],,Entities,NASDAQ,RCAT,,,,,,,,,RCAT,stock,obsidian://open?vault=World_Machine&file=Entities%2FStocks%2FRCAT.md,Entities/Stocks/RCAT.md,[[Aerospace & Defense]],Entities,C:\Users\CaveUser\Documents\Obsidian Vault\World_Machine\Entities\Stocks\RCAT.md,World_Machine,Entities,C:\Users\CaveUser\Documents\Obsidian Vault\World_Machine\Entities\Stocks\RCAT.md,Entities/Stocks/RCAT.md,obsidian://open?vault=World_Machine&file=Entities%2FStocks%2FRCAT.md,World_Machine,Active,Stocks,RCAT,"[""stock"",""defense"",""drones"",""military"",""fpv""]",RCAT,World_Machine,Entity;Stock
world:stock:RCKY,2026-06-01,RCKY,,,Entities,,RCKY,,,,,,,,,RCKY,stock,,,,,,,,,,,,,,RCKY,[],RCKY,,Entity;Stock
world:stock:RCL,2026-06-01,RCL,,,Entities,,RCL,,,,,,,,,RCL,stock,,,,,,,,,,,,,,RCL,[],RCL,,Entity;Stock
world:stock:RDDT,2026-06-01,RDDT,,,Entities,,RDDT,,,,,,,,,RDDT,stock,,,,,,,,,,,,,,RDDT,[],RDDT,,Entity;Stock
world:stock:RDW,2026-06-01,RDW,,,Entities,,RDW,,,,,,,,,RDW,stock,,,,,,,,,,,,,,RDW,[],RDW,,Entity;Stock
world:stock:REFI,2026-06-01,REFI,,,Entities,,REFI,,,,,,,,,REFI,stock,,,,,,,,,,,,,,REFI,[],REFI,,Entity;Stock
world:stock:REG,2026-06-01,REG,,,Entities,,REG,,,,,,,,,REG,stock,,,,,,,,,,,,,,REG,[],REG,,Entity;Stock
world:stock:REGN,2026-06-01,REGN,,,Entities,,REGN,,,,,,,,,REGN,stock,,,,,,,,,,,,,,REGN,[],REGN,,Entity;Stock
world:stock:REI,2026-06-01,REI,,,Entities,,REI,,,,,,,,,REI,stock,,,,,,,,,,,,,,REI,[],REI,,Entity;Stock
world:stock:RELL,2026-06-01,RELL,,,Entities,,RELL,,,,,,,,,RELL,stock,,,,,,,,,,,,,,RELL,[],RELL,,Entity;Stock
world:stock:RELY,2026-06-01,RELY,,,Entities,,RELY,,,,,,,,,RELY,stock,,,,,,,,,,,,,,RELY,[],RELY,,Entity;Stock
world:stock:RENX,2026-06-01,RENX,,,Entities,,RENX,,,,,,,,,RENX,stock,,,,,,,,,,,,,,RENX,[],RENX,,Entity;Stock
world:stock:REPL,2026-06-01,REPL,,,Entities,,REPL,,,,,,,,,REPL,stock,,,,,,,,,,,,,,REPL,[],REPL,,Entity;Stock
world:stock:REPX,2026-06-01,REPX,,,Entities,,REPX,,,,,,,,,REPX,stock,,,,,,,,,,,,,,REPX,[],REPX,,Entity;Stock
world:stock:RES,2026-06-01,RES,,,Entities,,RES,,,,,,,,,RES,stock,,,,,,,,,,,,,,RES,[],RES,,Entity;Stock
world:stock:REX,2026-06-01,REX,,,Entities,,REX,,,,,,,,,REX,stock,,,,,,,,,,,,,,REX,[],REX,,Entity;Stock
world:stock:REXR,2026-06-01,REXR,,,Entities,,REXR,,,,,,,,,REXR,stock,,,,,,,,,,,,,,REXR,[],REXR,,Entity;Stock
world:stock:REYN,2026-06-01,REYN,,,Entities,,REYN,,,,,,,,,REYN,stock,,,,,,,,,,,,,,REYN,[],REYN,,Entity;Stock
world:stock:RF,2026-06-01,RF,,,Entities,,RF,,,,,,,,,RF,stock,,,,,,,,,,,,,,RF,[],RF,,Entity;Stock
world:stock:RGTI,2026-06-01,RGTI,,,Entities,,RGTI,,,,,,,,,RGTI,stock,,,,,,,,,,,,,,RGTI,[],RGTI,,Entity;Stock
world:stock:RHLD,2026-06-01,RHLD,,,Entities,,RHLD,,,,,,,,,RHLD,stock,,,,,,,,,,,,,,RHLD,[],RHLD,,Entity;Stock
world:stock:RILY,2026-06-01,RILY,,,Entities,,RILY,,,,,,,,,RILY,stock,,,,,,,,,,,,,,RILY,[],RILY,,Entity;Stock
world:stock:RIVN,2026-06-01,RIVN,,,Entities,,RIVN,,,,,,,,,RIVN,stock,,,,,,,,,,,,,,RIVN,[],RIVN,,Entity;Stock
world:stock:RJF,2026-06-01,RJF,,,Entities,,RJF,,,,,,,,,RJF,stock,,,,,,,,,,,,,,RJF,[],RJF,,Entity;Stock
world:stock:RKLB,2026-06-01,RKLB,,,Entities,,RKLB,,,,,,,,,RKLB,stock,,,,,,,,,,,,,,RKLB,[],RKLB,,Entity;Stock
world:stock:RL,2026-06-01,RL,,,Entities,,RL,,,,,,,,,RL,stock,,,,,,,,,,,,,,RL,[],RL,,Entity;Stock
world:stock:RLAY,2026-06-01,RLAY,,,Entities,,RLAY,,,,,,,,,RLAY,stock,,,,,,,,,,,,,,RLAY,[],RLAY,,Entity;Stock
world:stock:RLI,2026-06-01,RLI,,,Entities,,RLI,,,,,,,,,RLI,stock,,,,,,,,,,,,,,RLI,[],RLI,,Entity;Stock
world:stock:RLJ,2026-06-01,RLJ,,,Entities,,RLJ,,,,,,,,,RLJ,stock,,,,,,,,,,,,,,RLJ,[],RLJ,,Entity;Stock
world:stock:RLMD,2026-06-01,RLMD,[[USA]],,Entities,NASDAQ,RLMD,,,,,,,,,RLMD,stock,obsidian://open?vault=World_Machine&file=Entities%2FStocks%2FRLMD.md,Entities/Stocks/RLMD.md,[[Healthcare]],Entities,C:\Users\CaveUser\Documents\Obsidian Vault\World_Machine\Entities\Stocks\RLMD.md,World_Machine,Entities,C:\Users\CaveUser\Documents\Obsidian Vault\World_Machine\Entities\Stocks\RLMD.md,Entities/Stocks/RLMD.md,obsidian://open?vault=World_Machine&file=Entities%2FStocks%2FRLMD.md,World_Machine,Watching,Stocks,RLMD,"[""stock"",""biotech"",""mental-health""]",RLMD,World_Machine,Entity;Stock
world:stock:RMAX,2026-06-01,RMAX,,,Entities,,RMAX,,,,,,,,,RMAX,stock,,,,,,,,,,,,,,RMAX,[],RMAX,,Entity;Stock
world:stock:RMBI,2026-06-01,RMBI,,,Entities,,RMBI,,,,,,,,,RMBI,stock,,,,,,,,,,,,,,RMBI,[],RMBI,,Entity;Stock
world:stock:RMD,2026-06-01,RMD,,,Entities,,RMD,,,,,,,,,RMD,stock,,,,,,,,,,,,,,RMD,[],RMD,,Entity;Stock
world:stock:RNTX,2026-06-01,RNTX,,,Entities,,RNTX,,,,,,,,,RNTX,stock,,,,,,,,,,,,,,RNTX,[],RNTX,,Entity;Stock
world:stock:ROIV,2026-06-01,ROIV,,,Entities,,ROIV,,,,,,,,,ROIV,stock,,,,,,,,,,,,,,ROIV,[],ROIV,,Entity;Stock
world:stock:ROK,2026-06-01,ROK,,,Entities,,ROK,,,,,,,,,ROK,stock,,,,,,,,,,,,,,ROK,[],ROK,,Entity;Stock
world:stock:ROKU,2026-06-01,ROKU,,,Entities,,ROKU,,,,,,,,,ROKU,stock,,,,,,,,,,,,,,ROKU,[],ROKU,,Entity;Stock
world:stock:ROL,2026-06-01,ROL,,,Entities,,ROL,,,,,,,,,ROL,stock,,,,,,,,,,,,,,ROL,[],ROL,,Entity;Stock
world:stock:ROLR,2026-06-01,ROLR,,,Entities,,ROLR,,,,,,,,,ROLR,stock,,,,,,,,,,,,,,ROLR,[],ROLR,,Entity;Stock
world:stock:ROOT,2026-06-01,ROOT,,,Entities,,ROOT,,,,,,,,,ROOT,stock,,,,,,,,,,,,,,ROOT,[],ROOT,,Entity;Stock
world:stock:ROP,2026-06-01,ROP,,,Entities,,ROP,,,,,,,,,ROP,stock,,,,,,,,,,,,,,ROP,[],ROP,,Entity;Stock
world:stock:ROST,2026-06-01,ROST,,,Entities,,ROST,,,,,,,,,ROST,stock,,,,,,,,,,,,,,ROST,[],ROST,,Entity;Stock
world:stock:RPRX,2026-06-01,RPRX,,,Entities,,RPRX,,,,,,,,,RPRX,stock,,,,,,,,,,,,,,RPRX,[],RPRX,,Entity;Stock
world:stock:RS,2026-06-01,RS,,,Entities,,RS,,,,,,,,,RS,stock,,,,,,,,,,,,,,RS,[],RS,,Entity;Stock
world:stock:RSG,2026-06-01,RSG,,,Entities,,RSG,,,,,,,,,RSG,stock,,,,,,,,,,,,,,RSG,[],RSG,,Entity;Stock
world:stock:RSI,2026-06-01,RSI,,,Entities,,RSI,,,,,,,,,RSI,stock,,,,,,,,,,,,,,RSI,[],RSI,,Entity;Stock
world:stock:RTX,2026-06-01,RTX,[[USA]],,Entities,NYSE,RTX,,,,,,,,,RTX,stock,obsidian://open?vault=World_Machine&file=Entities%2FStocks%2FRTX.md,Entities/Stocks/RTX.md,[[Aerospace & Defense]],Entities,C:\Users\CaveUser\Documents\Obsidian Vault\World_Machine\Entities\Stocks\RTX.md,World_Machine,Entities,C:\Users\CaveUser\Documents\Obsidian Vault\World_Machine\Entities\Stocks\RTX.md,Entities/Stocks/RTX.md,obsidian://open?vault=World_Machine&file=Entities%2FStocks%2FRTX.md,World_Machine,Active,Stocks,RTX,"[""stock"",""defense"",""drones"",""counter-drone"",""large-cap""]",RTX,World_Machine,Entity;Stock
world:stock:RVLV,2026-06-01,RVLV,,,Entities,,RVLV,,,,,,,,,RVLV,stock,,,,,,,,,,,,,,RVLV,[],RVLV,,Entity;Stock
world:stock:RVTY,2026-06-01,RVTY,,,Entities,,RVTY,,,,,,,,,RVTY,stock,,,,,,,,,,,,,,RVTY,[],RVTY,,Entity;Stock
world:stock:RWAY,2026-06-01,RWAY,,,Entities,,RWAY,,,,,,,,,RWAY,stock,,,,,,,,,,,,,,RWAY,[],RWAY,,Entity;Stock
world:stock:SAIC,2026-06-01,SAIC,,,Entities,,SAIC,,,,,,,,,SAIC,stock,,,,,,,,,,,,,,SAIC,[],SAIC,,Entity;Stock
world:stock:SAM,2026-06-01,SAM,,,Entities,,SAM,,,,,,,,,SAM,stock,,,,,,,,,,,,,,SAM,[],SAM,,Entity;Stock
world:stock:SATS,2026-06-01,SATS,,,Entities,,SATS,,,,,,,,,SATS,stock,,,,,,,,,,,,,,SATS,[],SATS,,Entity;Stock
world:stock:SBAC,2026-06-01,SBAC,,,Entities,,SBAC,,,,,,,,,SBAC,stock,,,,,,,,,,,,,,SBAC,[],SBAC,,Entity;Stock
world:stock:SBET,2026-06-01,SBET,,,Entities,,SBET,,,,,,,,,SBET,stock,,,,,,,,,,,,,,SBET,[],SBET,,Entity;Stock
world:stock:SBMT,2026-06-01,SBMT,,,Entities,,SBMT,,,,,,,,,SBMT,stock,,,,,,,,,,,,,,SBMT,[],SBMT,,Entity;Stock
world:stock:SBUX,2026-06-01,SBUX,,,Entities,,SBUX,,,,,,,,,SBUX,stock,,,,,,,,,,,,,,SBUX,[],SBUX,,Entity;Stock
world:stock:SCCO,2026-06-01,SCCO,,,Entities,,SCCO,,,,,,,,,SCCO,stock,,,,,,,,,,,,,,SCCO,[],SCCO,,Entity;Stock
world:stock:SCHA,2026-06-01,SCHA,,,Entities,,SCHA,,,,,,,,,SCHA,stock,,,,,,,,,,,,,,SCHA,[],SCHA,,Entity;Stock
world:stock:SCHL,2026-06-01,SCHL,,,Entities,,SCHL,,,,,,,,,SCHL,stock,,,,,,,,,,,,,,SCHL,[],SCHL,,Entity;Stock
world:stock:SCHW,2026-06-01,SCHW,,,Entities,,SCHW,,,,,,,,,SCHW,stock,,,,,,,,,,,,,,SCHW,[],SCHW,,Entity;Stock
world:stock:SCVL,2026-06-01,SCVL,,,Entities,,SCVL,,,,,,,,,SCVL,stock,,,,,,,,,,,,,,SCVL,[],SCVL,,Entity;Stock
world:stock:SDGR,2026-06-01,SDGR,,,Entities,,SDGR,,,,,,,,,SDGR,stock,,,,,,,,,,,,,,SDGR,[],SDGR,,Entity;Stock
world:stock:SEMR,2026-06-01,SEMR,,,Entities,,SEMR,,,,,,,,,SEMR,stock,,,,,,,,,,,,,,SEMR,[],SEMR,,Entity;Stock
world:stock:SENEA,2026-06-01,SENEA,,,Entities,,SENEA,,,,,,,,,SENEA,stock,,,,,,,,,,,,,,SENEA,[],SENEA,,Entity;Stock
world:stock:SEVN,2026-06-01,SEVN,,,Entities,,SEVN,,,,,,,,,SEVN,stock,,,,,,,,,,,,,,SEVN,[],SEVN,,Entity;Stock
world:stock:SGMT,2026-06-01,SGMT,,,Entities,,SGMT,,,,,,,,,SGMT,stock,,,,,,,,,,,,,,SGMT,[],SGMT,,Entity;Stock
world:stock:SHG,2026-06-01,SHG,,,Entities,,SHG,,,,,,,,,SHG,stock,,,,,,,,,,,,,,SHG,[],SHG,,Entity;Stock
world:stock:SHO,2026-06-01,SHO,,,Entities,,SHO,,,,,,,,,SHO,stock,,,,,,,,,,,,,,SHO,[],SHO,,Entity;Stock
world:stock:SHW,2026-06-01,SHW,,,Entities,,SHW,,,,,,,,,SHW,stock,,,,,,,,,,,,,,SHW,[],SHW,,Entity;Stock
world:stock:SIDU,2026-06-01,SIDU,,,Entities,,SIDU,,,,,,,,,SIDU,stock,,,,,,,,,,,,,,SIDU,[],SIDU,,Entity;Stock
world:stock:SILA,2026-06-01,SILA,,,Entities,,SILA,,,,,,,,,SILA,stock,,,,,,,,,,,,,,SILA,[],SILA,,Entity;Stock
world:stock:SILO,2026-06-01,SILO,[[USA]],,Entities,NASDAQ,SILO,,,,,,,,,SILO,stock,obsidian://open?vault=World_Machine&file=Entities%2FStocks%2FSILO.md,Entities/Stocks/SILO.md,[[Healthcare]],Entities,C:\Users\CaveUser\Documents\Obsidian Vault\World_Machine\Entities\Stocks\SILO.md,World_Machine,Entities,C:\Users\CaveUser\Documents\Obsidian Vault\World_Machine\Entities\Stocks\SILO.md,Entities/Stocks/SILO.md,obsidian://open?vault=World_Machine&file=Entities%2FStocks%2FSILO.md,World_Machine,Watching,Stocks,SILO,"[""stock"",""biotech"",""psychedelics""]",SILO,World_Machine,Entity;Stock
world:stock:SION,2026-06-01,SION,,,Entities,,SION,,,,,,,,,SION,stock,,,,,,,,,,,,,,SION,[],SION,,Entity;Stock
world:stock:SITC,2026-06-01,SITC,,,Entities,,SITC,,,,,,,,,SITC,stock,,,,,,,,,,,,,,SITC,[],SITC,,Entity;Stock
world:stock:SJM,2026-06-01,SJM,,,Entities,,SJM,,,,,,,,,SJM,stock,,,,,,,,,,,,,,SJM,[],SJM,,Entity;Stock
world:stock:SKE,2026-06-01,SKE,,,Entities,,SKE,,,,,,,,,SKE,stock,,,,,,,,,,,,,,SKE,[],SKE,,Entity;Stock
world:stock:SKLZ,2026-06-01,SKLZ,,,Entities,,SKLZ,,,,,,,,,SKLZ,stock,,,,,,,,,,,,,,SKLZ,[],SKLZ,,Entity;Stock
world:stock:SKWD,2026-06-01,SKWD,,,Entities,,SKWD,,,,,,,,,SKWD,stock,,,,,,,,,,,,,,SKWD,[],SKWD,,Entity;Stock
world:stock:SKY,2026-06-01,SKY,,,Entities,,SKY,,,,,,,,,SKY,stock,,,,,,,,,,,,,,SKY,[],SKY,,Entity;Stock
world:stock:SKYT,2026-06-01,SKYT,,,Entities,,SKYT,,,,,,,,,SKYT,stock,,,,,,,,,,,,,,SKYT,[],SKYT,,Entity;Stock
world:stock:SLB,2026-06-01,SLB,[[USA]],,Entities,NYSE,SLB,,,,,,,,,SLB,stock,obsidian://open?vault=World_Machine&file=Entities%2FStocks%2FSLB.md,Entities/Stocks/SLB.md,[[Energy]],Entities,C:\Users\CaveUser\Documents\Obsidian Vault\World_Machine\Entities\Stocks\SLB.md,World_Machine,Entities,C:\Users\CaveUser\Documents\Obsidian Vault\World_Machine\Entities\Stocks\SLB.md,Entities/Stocks/SLB.md,obsidian://open?vault=World_Machine&file=Entities%2FStocks%2FSLB.md,World_Machine,Active,Stocks,SLB,"[""stock"",""energy"",""oil-services"",""capex""]",SLB,World_Machine,Entity;Stock
world:stock:SLGL,2026-06-01,SLGL,,,Entities,,SLGL,,,,,,,,,SLGL,stock,,,,,,,,,,,,,,SLGL,[],SLGL,,Entity;Stock
world:stock:SLNO,2026-06-01,SLNO,,,Entities,,SLNO,,,,,,,,,SLNO,stock,,,,,,,,,,,,,,SLNO,[],SLNO,,Entity;Stock
world:stock:SLV,2026-06-01,SLV,,,Entities,,SLV,,,,,,,,,SLV,stock,,,,,,,,,,,,,,SLV,[],SLV,,Entity;Stock
world:stock:SLVM,2026-06-01,SLVM,,,Entities,,SLVM,,,,,,,,,SLVM,stock,,,,,,,,,,,,,,SLVM,[],SLVM,,Entity;Stock
world:stock:SMA,2026-06-01,SMA,,,Entities,,SMA,,,,,,,,,SMA,stock,,,,,,,,,,,,,,SMA,[],SMA,,Entity;Stock
world:stock:SMCI,2026-06-01,SMCI,,,Entities,,SMCI,,,,,,,,,SMCI,stock,,,,,,,,,,,,,,SMCI,[],SMCI,,Entity;Stock
world:stock:SMCX,2026-06-01,SMCX,,,Entities,,SMCX,,,,,,,,,SMCX,stock,,,,,,,,,,,,,,SMCX,[],SMCX,,Entity;Stock
world:stock:SMH,2026-06-01,SMH,,,Entities,,SMH,,,,,,,,,SMH,stock,,,,,,,,,,,,,,SMH,[],SMH,,Entity;Stock
world:stock:SMJF,2026-06-01,SMJF,,,Entities,,SMJF,,,,,,,,,SMJF,stock,,,,,,,,,,,,,,SMJF,[],SMJF,,Entity;Stock
world:stock:SMPL,2026-06-01,SMPL,,,Entities,,SMPL,,,,,,,,,SMPL,stock,,,,,,,,,,,,,,SMPL,[],SMPL,,Entity;Stock
world:stock:SMR,2026-06-01,SMR,,,Entities,,SMR,,,,,,,,,SMR,stock,,,,,,,,,,,,,,SMR,[],SMR,,Entity;Stock
world:stock:SMRT,2026-06-01,SMRT,,,Entities,,SMRT,,,,,,,,,SMRT,stock,,,,,,,,,,,,,,SMRT,[],SMRT,,Entity;Stock
world:stock:SNA,2026-06-01,SNA,,,Entities,,SNA,,,,,,,,,SNA,stock,,,,,,,,,,,,,,SNA,[],SNA,,Entity;Stock
world:stock:SNDK,2026-06-01,SNDK,,,Entities,,SNDK,,,,,,,,,SNDK,stock,,,,,,,,,,,,,,SNDK,[],SNDK,,Entity;Stock
world:stock:SNDX,2026-06-01,SNDX,,,Entities,,SNDX,,,,,,,,,SNDX,stock,,,,,,,,,,,,,,SNDX,[],SNDX,,Entity;Stock
world:stock:SNPS,2026-06-01,SNPS,,,Entities,,SNPS,,,,,,,,,SNPS,stock,,,,,,,,,,,,,,SNPS,[],SNPS,,Entity;Stock
world:stock:SO,2026-06-01,SO,,,Entities,,SO,,,,,,,,,SO,stock,,,,,,,,,,,,,,SO,[],SO,,Entity;Stock
world:stock:SOC,2026-06-01,SOC,,,Entities,,SOC,,,,,,,,,SOC,stock,,,,,,,,,,,,,,SOC,[],SOC,,Entity;Stock
world:stock:SOFI,2026-06-01,SOFI,,,Entities,,SOFI,,,,,,,,,SOFI,stock,,,,,,,,,,,,,,SOFI,[],SOFI,,Entity;Stock
world:stock:SOLV,2026-06-01,SOLV,,,Entities,,SOLV,,,,,,,,,SOLV,stock,,,,,,,,,,,,,,SOLV,[],SOLV,,Entity;Stock
world:stock:SON,2026-06-01,SON,,,Entities,,SON,,,,,,,,,SON,stock,,,,,,,,,,,,,,SON,[],SON,,Entity;Stock
world:stock:SOUN,2026-06-01,SOUN,,,Entities,,SOUN,,,,,,,,,SOUN,stock,,,,,,,,,,,,,,SOUN,[],SOUN,,Entity;Stock
world:stock:SOXX,2026-06-01,SOXX,,,Entities,,SOXX,,,,,,,,,SOXX,stock,,,,,,,,,,,,,,SOXX,[],SOXX,,Entity;Stock
world:stock:SPAI,2026-06-01,SPAI,,,Entities,,SPAI,,,,,,,,,SPAI,stock,,,,,,,,,,,,,,SPAI,[],SPAI,,Entity;Stock
world:stock:SPB,2026-06-01,SPB,,,Entities,,SPB,,,,,,,,,SPB,stock,,,,,,,,,,,,,,SPB,[],SPB,,Entity;Stock
world:stock:SPCE,2026-06-01,SPCE,,,Entities,,SPCE,,,,,,,,,SPCE,stock,,,,,,,,,,,,,,SPCE,[],SPCE,,Entity;Stock
world:stock:SPEM,2026-06-01,SPEM,,,Entities,,SPEM,,,,,,,,,SPEM,stock,,,,,,,,,,,,,,SPEM,[],SPEM,,Entity;Stock
world:stock:SPG,2026-06-01,SPG,,,Entities,,SPG,,,,,,,,,SPG,stock,,,,,,,,,,,,,,SPG,[],SPG,,Entity;Stock
world:stock:SPGI,2026-06-01,SPGI,,,Entities,,SPGI,,,,,,,,,SPGI,stock,,,,,,,,,,,,,,SPGI,[],SPGI,,Entity;Stock
world:stock:SPIR,2026-06-01,SPIR,,,Entities,,SPIR,,,,,,,,,SPIR,stock,,,,,,,,,,,,,,SPIR,[],SPIR,,Entity;Stock
world:stock:SPRO,2026-06-01,SPRO,,,Entities,,SPRO,,,,,,,,,SPRO,stock,,,,,,,,,,,,,,SPRO,[],SPRO,,Entity;Stock
world:stock:SPXC,2026-06-01,SPXC,,,Entities,,SPXC,,,,,,,,,SPXC,stock,,,,,,,,,,,,,,SPXC,[],SPXC,,Entity;Stock
world:stock:SPY,2026-06-01,SPY,,,Entities,,SPY,,,,,,,,,SPY,stock,,,,,,,,,,,,,,SPY,[],SPY,,Entity;Stock
world:stock:SPYG,2026-06-01,SPYG,,,Entities,,SPYG,,,,,,,,,SPYG,stock,,,,,,,,,,,,,,SPYG,[],SPYG,,Entity;Stock
world:stock:SR,2026-06-01,SR,,,Entities,,SR,,,,,,,,,SR,stock,,,,,,,,,,,,,,SR,[],SR,,Entity;Stock
world:stock:SRBK,2026-06-01,SRBK,,,Entities,,SRBK,,,,,,,,,SRBK,stock,,,,,,,,,,,,,,SRBK,[],SRBK,,Entity;Stock
world:stock:SRE,2026-06-01,SRE,,,Entities,,SRE,,,,,,,,,SRE,stock,,,,,,,,,,,,,,SRE,[],SRE,,Entity;Stock
world:stock:SRI,2026-06-01,SRI,,,Entities,,SRI,,,,,,,,,SRI,stock,,,,,,,,,,,,,,SRI,[],SRI,,Entity;Stock
world:stock:SRPT,2026-06-01,SRPT,,,Entities,,SRPT,,,,,,,,,SRPT,stock,,,,,,,,,,,,,,SRPT,[],SRPT,,Entity;Stock
world:stock:SSRM,2026-06-01,SSRM,,,Entities,,SSRM,,,,,,,,,SSRM,stock,,,,,,,,,,,,,,SSRM,[],SSRM,,Entity;Stock
world:stock:SSSS,2026-06-01,SSSS,,,Entities,,SSSS,,,,,,,,,SSSS,stock,,,,,,,,,,,,,,SSSS,[],SSSS,,Entity;Stock
world:stock:STAA,2026-06-01,STAA,,,Entities,,STAA,,,,,,,,,STAA,stock,,,,,,,,,,,,,,STAA,[],STAA,,Entity;Stock
world:stock:STE,2026-06-01,STE,,,Entities,,STE,,,,,,,,,STE,stock,,,,,,,,,,,,,,STE,[],STE,,Entity;Stock
world:stock:STEM,2026-06-01,STEM,,,Entities,,STEM,,,,,,,,,STEM,stock,,,,,,,,,,,,,,STEM,[],STEM,,Entity;Stock
world:stock:STGW,2026-06-01,STGW,,,Entities,,STGW,,,,,,,,,STGW,stock,,,,,,,,,,,,,,STGW,[],STGW,,Entity;Stock
world:stock:STIM,2026-06-01,STIM,[[USA]],,Entities,NASDAQ,STIM,,,,,,,,,STIM,stock,obsidian://open?vault=World_Machine&file=Entities%2FStocks%2FSTIM.md,Entities/Stocks/STIM.md,[[Healthcare]],Entities,C:\Users\CaveUser\Documents\Obsidian Vault\World_Machine\Entities\Stocks\STIM.md,World_Machine,Entities,C:\Users\CaveUser\Documents\Obsidian Vault\World_Machine\Entities\Stocks\STIM.md,Entities/Stocks/STIM.md,obsidian://open?vault=World_Machine&file=Entities%2FStocks%2FSTIM.md,World_Machine,Active,Stocks,STIM,"[""stock"",""mental-health"",""medtech""]",STIM,World_Machine,Entity;Stock
world:stock:STLD,2026-06-01,STLD,,,Entities,,STLD,,,,,,,,,STLD,stock,,,,,,,,,,,,,,STLD,[],STLD,,Entity;Stock
world:stock:STOK,2026-06-01,STOK,,,Entities,,STOK,,,,,,,,,STOK,stock,,,,,,,,,,,,,,STOK,[],STOK,,Entity;Stock
world:stock:STRA,2026-06-01,STRA,,,Entities,,STRA,,,,,,,,,STRA,stock,,,,,,,,,,,,,,STRA,[],STRA,,Entity;Stock
world:stock:STRL,2026-06-01,STRL,[[USA]],,Entities,NASDAQ,STRL,,,,,,,,,STRL,stock,obsidian://open?vault=World_Machine&file=Entities%2FStocks%2FSTRL.md,Entities/Stocks/STRL.md,[[Industrials]],Entities,C:\Users\CaveUser\Documents\Obsidian Vault\World_Machine\Entities\Stocks\STRL.md,World_Machine,Entities,C:\Users\CaveUser\Documents\Obsidian Vault\World_Machine\Entities\Stocks\STRL.md,Entities/Stocks/STRL.md,obsidian://open?vault=World_Machine&file=Entities%2FStocks%2FSTRL.md,World_Machine,Active,Stocks,STRL,"[""stock"",""industrials"",""data-centers"",""infrastructure"",""contractor""]",STRL,World_Machine,Entity;Stock
world:stock:STRO,2026-06-01,STRO,,,Entities,,STRO,,,,,,,,,STRO,stock,,,,,,,,,,,,,,STRO,[],STRO,,Entity;Stock
world:stock:STRS,2026-06-01,STRS,,,Entities,,STRS,,,,,,,,,STRS,stock,,,,,,,,,,,,,,STRS,[],STRS,,Entity;Stock
world:stock:STT,2026-06-01,STT,,,Entities,,STT,,,,,,,,,STT,stock,,,,,,,,,,,,,,STT,[],STT,,Entity;Stock
world:stock:STX,2026-06-01,STX,,,Entities,,STX,,,,,,,,,STX,stock,,,,,,,,,,,,,,STX,[],STX,,Entity;Stock
world:stock:STZ,2026-06-01,STZ,,,Entities,,STZ,,,,,,,,,STZ,stock,,,,,,,,,,,,,,STZ,[],STZ,,Entity;Stock
world:stock:SUNS,2026-06-01,SUNS,,,Entities,,SUNS,,,,,,,,,SUNS,stock,,,,,,,,,,,,,,SUNS,[],SUNS,,Entity;Stock
world:stock:SUPN,2026-06-01,SUPN,[[USA]],,Entities,NASDAQ,SUPN,,,,,,,,,SUPN,stock,obsidian://open?vault=World_Machine&file=Entities%2FStocks%2FSUPN.md,Entities/Stocks/SUPN.md,[[Healthcare]],Entities,C:\Users\CaveUser\Documents\Obsidian Vault\World_Machine\Entities\Stocks\SUPN.md,World_Machine,Entities,C:\Users\CaveUser\Documents\Obsidian Vault\World_Machine\Entities\Stocks\SUPN.md,Entities/Stocks/SUPN.md,obsidian://open?vault=World_Machine&file=Entities%2FStocks%2FSUPN.md,World_Machine,Active,Stocks,SUPN,"[""stock"",""biotech"",""mental-health""]",SUPN,World_Machine,Entity;Stock
world:stock:SUUN,2026-06-01,SUUN,,,Entities,,SUUN,,,,,,,,,SUUN,stock,,,,,,,,,,,,,,SUUN,[],SUUN,,Entity;Stock
world:stock:SVC,2026-06-01,SVC,,,Entities,,SVC,,,,,,,,,SVC,stock,,,,,,,,,,,,,,SVC,[],SVC,,Entity;Stock
world:stock:SW,2026-06-01,SW,,,Entities,,SW,,,,,,,,,SW,stock,,,,,,,,,,,,,,SW,[],SW,,Entity;Stock
world:stock:SWK,2026-06-01,SWK,,,Entities,,SWK,,,,,,,,,SWK,stock,,,,,,,,,,,,,,SWK,[],SWK,,Entity;Stock
world:stock:SWKH,2026-06-01,SWKH,,,Entities,,SWKH,,,,,,,,,SWKH,stock,,,,,,,,,,,,,,SWKH,[],SWKH,,Entity;Stock
world:stock:SWKS,2026-06-01,SWKS,,,Entities,,SWKS,,,,,,,,,SWKS,stock,,,,,,,,,,,,,,SWKS,[],SWKS,,Entity;Stock
world:stock:SXT,2026-06-01,SXT,,,Entities,,SXT,,,,,,,,,SXT,stock,,,,,,,,,,,,,,SXT,[],SXT,,Entity;Stock
world:stock:SY,2026-06-01,SY,,,Entities,,SY,,,,,,,,,SY,stock,,,,,,,,,,,,,,SY,[],SY,,Entity;Stock
world:stock:SYF,2026-06-01,SYF,,,Entities,,SYF,,,,,,,,,SYF,stock,,,,,,,,,,,,,,SYF,[],SYF,,Entity;Stock
world:stock:SYK,2026-06-01,SYK,,,Entities,,SYK,,,,,,,,,SYK,stock,,,,,,,,,,,,,,SYK,[],SYK,,Entity;Stock
world:stock:SYM,2026-06-01,SYM,,,Entities,,SYM,,,,,,,,,SYM,stock,,,,,,,,,,,,,,SYM,[],SYM,,Entity;Stock
world:stock:SYY,2026-06-01,SYY,,,Entities,,SYY,,,,,,,,,SYY,stock,,,,,,,,,,,,,,SYY,[],SYY,,Entity;Stock
world:stock:T,2026-06-01,T,,,Entities,,T,,,,,,,,,T,stock,,,,,,,,,,,,,,T,[],T,,Entity;Stock
world:stock:TALK,2026-06-01,TALK,,,Entities,,TALK,,,,,,,,,TALK,stock,,,,,,,,,,,,,,TALK,[],TALK,,Entity;Stock
world:stock:TAP,2026-06-01,TAP,,,Entities,,TAP,,,,,,,,,TAP,stock,,,,,,,,,,,,,,TAP,[],TAP,,Entity;Stock
world:stock:TAYD,2026-06-01,TAYD,,,Entities,,TAYD,,,,,,,,,TAYD,stock,,,,,,,,,,,,,,TAYD,[],TAYD,,Entity;Stock
world:stock:TBCH,2026-06-01,TBCH,,,Entities,,TBCH,,,,,,,,,TBCH,stock,,,,,,,,,,,,,,TBCH,[],TBCH,,Entity;Stock
world:stock:TBLA,2026-06-01,TBLA,,,Entities,,TBLA,,,,,,,,,TBLA,stock,,,,,,,,,,,,,,TBLA,[],TBLA,,Entity;Stock
world:stock:TCI,2026-06-01,TCI,,,Entities,,TCI,,,,,,,,,TCI,stock,,,,,,,,,,,,,,TCI,[],TCI,,Entity;Stock
world:stock:TDG,2026-06-01,TDG,,,Entities,,TDG,,,,,,,,,TDG,stock,,,,,,,,,,,,,,TDG,[],TDG,,Entity;Stock
world:stock:TDY,2026-06-01,TDY,[[USA]],,Entities,NYSE,TDY,,,,,,,,,TDY,stock,obsidian://open?vault=World_Machine&file=Entities%2FStocks%2FTDY.md,Entities/Stocks/TDY.md,[[Aerospace & Defense]],Entities,C:\Users\CaveUser\Documents\Obsidian Vault\World_Machine\Entities\Stocks\TDY.md,World_Machine,Entities,C:\Users\CaveUser\Documents\Obsidian Vault\World_Machine\Entities\Stocks\TDY.md,Entities/Stocks/TDY.md,obsidian://open?vault=World_Machine&file=Entities%2FStocks%2FTDY.md,World_Machine,Active,Stocks,TDY,"[""stock"",""defense"",""drones"",""sensors"",""flir""]",TDY,World_Machine,Entity;Stock
world:stock:TEL,2026-06-01,TEL,,,Entities,,TEL,,,,,,,,,TEL,stock,,,,,,,,,,,,,,TEL,[],TEL,,Entity;Stock
world:stock:TENB,2026-06-01,TENB,,,Entities,,TENB,,,,,,,,,TENB,stock,,,,,,,,,,,,,,TENB,[],TENB,,Entity;Stock
world:stock:TENX,2026-06-01,TENX,,,Entities,,TENX,,,,,,,,,TENX,stock,,,,,,,,,,,,,,TENX,[],TENX,,Entity;Stock
world:stock:TER,2026-06-01,TER,,,Entities,,TER,,,,,,,,,TER,stock,,,,,,,,,,,,,,TER,[],TER,,Entity;Stock
world:stock:TFC,2026-06-01,TFC,,,Entities,,TFC,,,,,,,,,TFC,stock,,,,,,,,,,,,,,TFC,[],TFC,,Entity;Stock
world:stock:TFIN,2026-06-01,TFIN,,,Entities,,TFIN,,,,,,,,,TFIN,stock,,,,,,,,,,,,,,TFIN,[],TFIN,,Entity;Stock
world:stock:TGT,2026-06-01,TGT,,,Entities,,TGT,,,,,,,,,TGT,stock,,,,,,,,,,,,,,TGT,[],TGT,,Entity;Stock
world:stock:THAR,2026-06-01,THAR,,,Entities,,THAR,,,,,,,,,THAR,stock,,,,,,,,,,,,,,THAR,[],THAR,,Entity;Stock
world:stock:THO,2026-06-01,THO,,,Entities,,THO,,,,,,,,,THO,stock,,,,,,,,,,,,,,THO,[],THO,,Entity;Stock
world:stock:THR,2026-06-01,THR,,,Entities,,THR,,,,,,,,,THR,stock,,,,,,,,,,,,,,THR,[],THR,,Entity;Stock
world:stock:THRY,2026-06-01,THRY,,,Entities,,THRY,,,,,,,,,THRY,stock,,,,,,,,,,,,,,THRY,[],THRY,,Entity;Stock
world:stock:TITN,2026-06-01,TITN,,,Entities,,TITN,,,,,,,,,TITN,stock,,,,,,,,,,,,,,TITN,[],TITN,,Entity;Stock
world:stock:TJX,2026-06-01,TJX,,,Entities,,TJX,,,,,,,,,TJX,stock,,,,,,,,,,,,,,TJX,[],TJX,,Entity;Stock
world:stock:TK,2026-06-01,TK,,,Entities,,TK,,,,,,,,,TK,stock,,,,,,,,,,,,,,TK,[],TK,,Entity;Stock
world:stock:TKO,2026-06-01,TKO,,,Entities,,TKO,,,,,,,,,TKO,stock,,,,,,,,,,,,,,TKO,[],TKO,,Entity;Stock
world:stock:TLRY,2026-06-01,TLRY,,,Entities,,TLRY,,,,,,,,,TLRY,stock,,,,,,,,,,,,,,TLRY,[],TLRY,,Entity;Stock
world:stock:TLT,2026-06-01,TLT,,,Entities,,TLT,,,,,,,,,TLT,stock,,,,,,,,,,,,,,TLT,[],TLT,,Entity;Stock
world:stock:TLYS,2026-06-01,TLYS,,,Entities,,TLYS,,,,,,,,,TLYS,stock,,,,,,,,,,,,,,TLYS,[],TLYS,,Entity;Stock
world:stock:TMDX,2026-06-01,TMDX,,,Entities,,TMDX,,,,,,,,,TMDX,stock,,,,,,,,,,,,,,TMDX,[],TMDX,,Entity;Stock
world:stock:TMHC,2026-06-01,TMHC,,,Entities,,TMHC,,,,,,,,,TMHC,stock,,,,,,,,,,,,,,TMHC,[],TMHC,,Entity;Stock
world:stock:TMO,2026-06-01,TMO,,,Entities,,TMO,,,,,,,,,TMO,stock,,,,,,,,,,,,,,TMO,[],TMO,,Entity;Stock
world:stock:TMUS,2026-06-01,TMUS,,,Entities,,TMUS,,,,,,,,,TMUS,stock,,,,,,,,,,,,,,TMUS,[],TMUS,,Entity;Stock
world:stock:TNC,2026-06-01,TNC,[[USA]],,Entities,NYSE,TNC,,,,,,,,,TNC,stock,obsidian://open?vault=World_Machine&file=Entities%2FStocks%2FTNC.md,Entities/Stocks/TNC.md,[[Industrials]],Entities,C:\Users\CaveUser\Documents\Obsidian Vault\World_Machine\Entities\Stocks\TNC.md,World_Machine,Entities,C:\Users\CaveUser\Documents\Obsidian Vault\World_Machine\Entities\Stocks\TNC.md,Entities/Stocks/TNC.md,obsidian://open?vault=World_Machine&file=Entities%2FStocks%2FTNC.md,World_Machine,Active,Stocks,TNC,"[""stock"",""smallcap"",""industrials""]",TNC,World_Machine,Entity;Stock
world:stock:TNET,2026-06-01,TNET,,,Entities,,TNET,,,,,,,,,TNET,stock,,,,,,,,,,,,,,TNET,[],TNET,,Entity;Stock
world:stock:TNL,2026-06-01,TNL,,,Entities,,TNL,,,,,,,,,TNL,stock,,,,,,,,,,,,,,TNL,[],TNL,,Entity;Stock
world:stock:TOL,2026-06-01,TOL,,,Entities,,TOL,,,,,,,,,TOL,stock,,,,,,,,,,,,,,TOL,[],TOL,,Entity;Stock
world:stock:TPB,2026-06-01,TPB,,,Entities,,TPB,,,,,,,,,TPB,stock,,,,,,,,,,,,,,TPB,[],TPB,,Entity;Stock
world:stock:TPC,2026-06-01,TPC,,,Entities,,TPC,,,,,,,,,TPC,stock,,,,,,,,,,,,,,TPC,[],TPC,,Entity;Stock
world:stock:TPL,2026-06-01,TPL,,,Entities,,TPL,,,,,,,,,TPL,stock,,,,,,,,,,,,,,TPL,[],TPL,,Entity;Stock
world:stock:TPR,2026-06-01,TPR,,,Entities,,TPR,,,,,,,,,TPR,stock,,,,,,,,,,,,,,TPR,[],TPR,,Entity;Stock
world:stock:TPVG,2026-06-01,TPVG,,,Entities,,TPVG,,,,,,,,,TPVG,stock,,,,,,,,,,,,,,TPVG,[],TPVG,,Entity;Stock
world:stock:TRGP,2026-06-01,TRGP,,,Entities,,TRGP,,,,,,,,,TRGP,stock,,,,,,,,,,,,,,TRGP,[],TRGP,,Entity;Stock
world:stock:TRIB,2026-06-01,TRIB,,,Entities,,TRIB,,,,,,,,,TRIB,stock,,,,,,,,,,,,,,TRIB,[],TRIB,,Entity;Stock
world:stock:TRIN,2026-06-01,TRIN,,,Entities,,TRIN,,,,,,,,,TRIN,stock,,,,,,,,,,,,,,TRIN,[],TRIN,,Entity;Stock
world:stock:TRIP,2026-06-01,TRIP,,,Entities,,TRIP,,,,,,,,,TRIP,stock,,,,,,,,,,,,,,TRIP,[],TRIP,,Entity;Stock
world:stock:TRMB,2026-06-01,TRMB,,,Entities,,TRMB,,,,,,,,,TRMB,stock,,,,,,,,,,,,,,TRMB,[],TRMB,,Entity;Stock
world:stock:TRON,2026-06-01,TRON,,,Entities,,TRON,,,,,,,,,TRON,stock,,,,,,,,,,,,,,TRON,[],TRON,,Entity;Stock
world:stock:TROW,2026-06-01,TROW,,,Entities,,TROW,,,,,,,,,TROW,stock,,,,,,,,,,,,,,TROW,[],TROW,,Entity;Stock
world:stock:TROX,2026-06-01,TROX,,,Entities,,TROX,,,,,,,,,TROX,stock,,,,,,,,,,,,,,TROX,[],TROX,,Entity;Stock
world:stock:TRT,2026-06-01,TRT,,,Entities,,TRT,,,,,,,,,TRT,stock,,,,,,,,,,,,,,TRT,[],TRT,,Entity;Stock
world:stock:TRUP,2026-06-01,TRUP,,,Entities,,TRUP,,,,,,,,,TRUP,stock,,,,,,,,,,,,,,TRUP,[],TRUP,,Entity;Stock
world:stock:TRV,2026-06-01,TRV,,,Entities,,TRV,,,,,,,,,TRV,stock,,,,,,,,,,,,,,TRV,[],TRV,,Entity;Stock
world:stock:TSCO,2026-06-01,TSCO,,,Entities,,TSCO,,,,,,,,,TSCO,stock,,,,,,,,,,,,,,TSCO,[],TSCO,,Entity;Stock
world:stock:TSLA,2026-06-01,TSLA,[[USA]],,Entities,NASDAQ,TSLA,,,,,,,,,TSLA,stock,obsidian://open?vault=World_Machine&file=Entities%2FStocks%2FTSLA.md,Entities/Stocks/TSLA.md,[[Consumer Discretionary]],Entities,C:\Users\CaveUser\Documents\Obsidian Vault\World_Machine\Entities\Stocks\TSLA.md,World_Machine,Entities,C:\Users\CaveUser\Documents\Obsidian Vault\World_Machine\Entities\Stocks\TSLA.md,Entities/Stocks/TSLA.md,obsidian://open?vault=World_Machine&file=Entities%2FStocks%2FTSLA.md,World_Machine,Active,Stocks,TSLA,"[""stock""]",TSLA,World_Machine,Stock
world:stock:TSLA.NE,2026-06-01,TSLA.NE,,,Entities,,TSLA.NE,,,,,,,,,TSLA.NE,stock,,,,,,,,,,,,,,TSLA.NE,[],TSLA.NE,,Entity;Stock
world:stock:TSLX,2026-06-01,TSLX,,,Entities,,TSLX,,,,,,,,,TSLX,stock,,,,,,,,,,,,,,TSLX,[],TSLX,,Entity;Stock
world:stock:TSN,2026-06-01,TSN,,,Entities,,TSN,,,,,,,,,TSN,stock,,,,,,,,,,,,,,TSN,[],TSN,,Entity;Stock
world:stock:TSQ,2026-06-01,TSQ,,,Entities,,TSQ,,,,,,,,,TSQ,stock,,,,,,,,,,,,,,TSQ,[],TSQ,,Entity;Stock
world:stock:TT,2026-06-01,TT,,,Entities,,TT,,,,,,,,,TT,stock,,,,,,,,,,,,,,TT,[],TT,,Entity;Stock
world:stock:TTD,2026-06-01,TTD,,,Entities,,TTD,,,,,,,,,TTD,stock,,,,,,,,,,,,,,TTD,[],TTD,,Entity;Stock
world:stock:TTWO,2026-06-01,TTWO,,,Entities,,TTWO,,,,,,,,,TTWO,stock,,,,,,,,,,,,,,TTWO,[],TTWO,,Entity;Stock
world:stock:TW,2026-06-01,TW,,,Entities,,TW,,,,,,,,,TW,stock,,,,,,,,,,,,,,TW,[],TW,,Entity;Stock
world:stock:TWFG,2026-06-01,TWFG,,,Entities,,TWFG,,,,,,,,,TWFG,stock,,,,,,,,,,,,,,TWFG,[],TWFG,,Entity;Stock
world:stock:TWLO,2026-06-01,TWLO,,,Entities,,TWLO,,,,,,,,,TWLO,stock,,,,,,,,,,,,,,TWLO,[],TWLO,,Entity;Stock
world:stock:TWO,2026-06-01,TWO,,,Entities,,TWO,,,,,,,,,TWO,stock,,,,,,,,,,,,,,TWO,[],TWO,,Entity;Stock
world:stock:TWST,2026-06-01,TWST,,,Entities,,TWST,,,,,,,,,TWST,stock,,,,,,,,,,,,,,TWST,[],TWST,,Entity;Stock
world:stock:TXN,2026-06-01,TXN,,,Entities,,TXN,,,,,,,,,TXN,stock,,,,,,,,,,,,,,TXN,[],TXN,,Entity;Stock
world:stock:TXT,2026-06-01,TXT,[[USA]],,Entities,NYSE,TXT,,,,,,,,,TXT,stock,obsidian://open?vault=World_Machine&file=Entities%2FStocks%2FTXT.md,Entities/Stocks/TXT.md,[[Aerospace & Defense]],Entities,C:\Users\CaveUser\Documents\Obsidian Vault\World_Machine\Entities\Stocks\TXT.md,World_Machine,Entities,C:\Users\CaveUser\Documents\Obsidian Vault\World_Machine\Entities\Stocks\TXT.md,Entities/Stocks/TXT.md,obsidian://open?vault=World_Machine&file=Entities%2FStocks%2FTXT.md,World_Machine,Active,Stocks,TXT,"[""stock"",""defense"",""drones"",""uas-platforms""]",TXT,World_Machine,Entity;Stock
world:stock:TYL,2026-06-01,TYL,,,Entities,,TYL,,,,,,,,,TYL,stock,,,,,,,,,,,,,,TYL,[],TYL,,Entity;Stock
world:stock:TYRA,2026-06-01,TYRA,,,Entities,,TYRA,,,,,,,,,TYRA,stock,,,,,,,,,,,,,,TYRA,[],TYRA,,Entity;Stock
world:stock:TZOO,2026-06-01,TZOO,,,Entities,,TZOO,,,,,,,,,TZOO,stock,,,,,,,,,,,,,,TZOO,[],TZOO,,Entity;Stock
world:stock:UAL,2026-06-01,UAL,,,Entities,,UAL,,,,,,,,,UAL,stock,,,,,,,,,,,,,,UAL,[],UAL,,Entity;Stock
world:stock:UAMY,2026-06-01,UAMY,,,Entities,,UAMY,,,,,,,,,UAMY,stock,,,,,,,,,,,,,,UAMY,[],UAMY,,Entity;Stock
world:stock:UBER,2026-06-01,UBER,,,Entities,,UBER,,,,,,,,,UBER,stock,,,,,,,,,,,,,,UBER,[],UBER,,Entity;Stock
world:stock:UBFO,2026-06-01,UBFO,,,Entities,,UBFO,,,,,,,,,UBFO,stock,,,,,,,,,,,,,,UBFO,[],UBFO,,Entity;Stock
world:stock:UDR,2026-06-01,UDR,,,Entities,,UDR,,,,,,,,,UDR,stock,,,,,,,,,,,,,,UDR,[],UDR,,Entity;Stock
world:stock:UFPT,2026-06-01,UFPT,[[USA]],,Entities,NASDAQ,UFPT,,,,,,,,,UFPT,stock,obsidian://open?vault=World_Machine&file=Entities%2FStocks%2FUFPT.md,Entities/Stocks/UFPT.md,[[Healthcare]],Entities,C:\Users\CaveUser\Documents\Obsidian Vault\World_Machine\Entities\Stocks\UFPT.md,World_Machine,Entities,C:\Users\CaveUser\Documents\Obsidian Vault\World_Machine\Entities\Stocks\UFPT.md,Entities/Stocks/UFPT.md,obsidian://open?vault=World_Machine&file=Entities%2FStocks%2FUFPT.md,World_Machine,Active,Stocks,UFPT,"[""stock"",""smallcap"",""healthcare"",""medtech"",""special-situations""]",UFPT,World_Machine,Entity;Stock
world:stock:UG,2026-06-01,UG,,,Entities,,UG,,,,,,,,,UG,stock,,,,,,,,,,,,,,UG,[],UG,,Entity;Stock
world:stock:UHS,2026-06-01,UHS,,,Entities,,UHS,,,,,,,,,UHS,stock,,,,,,,,,,,,,,UHS,[],UHS,,Entity;Stock
world:stock:UK,2026-06-01,UK,,,Entities,,UK,,,,,,,,,UK,stock,,,,,,,,,,,,,,UK,[],UK,,Entity;Stock
world:stock:ULTA,2026-06-01,ULTA,,,Entities,,ULTA,,,,,,,,,ULTA,stock,,,,,,,,,,,,,,ULTA,[],ULTA,,Entity;Stock
world:stock:UMAC,2026-06-01,UMAC,[[USA]],,Entities,NYSE,UMAC,,,,,,,,,UMAC,stock,obsidian://open?vault=World_Machine&file=Entities%2FStocks%2FUMAC.md,Entities/Stocks/UMAC.md,[[Aerospace & Defense]],Entities,C:\Users\CaveUser\Documents\Obsidian Vault\World_Machine\Entities\Stocks\UMAC.md,World_Machine,Entities,C:\Users\CaveUser\Documents\Obsidian Vault\World_Machine\Entities\Stocks\UMAC.md,Entities/Stocks/UMAC.md,obsidian://open?vault=World_Machine&file=Entities%2FStocks%2FUMAC.md,World_Machine,Active,Stocks,UMAC,"[""stock"",""defense"",""drones"",""fpv"",""consumer""]",UMAC,World_Machine,Entity;Stock
world:stock:UNB,2026-06-01,UNB,,,Entities,,UNB,,,,,,,,,UNB,stock,,,,,,,,,,,,,,UNB,[],UNB,,Entity;Stock
world:stock:UNH,2026-06-01,UNH,,,Entities,,UNH,,,,,,,,,UNH,stock,,,,,,,,,,,,,,UNH,[],UNH,,Entity;Stock
world:stock:UNP,2026-06-01,UNP,,,Entities,,UNP,,,,,,,,,UNP,stock,,,,,,,,,,,,,,UNP,[],UNP,,Entity;Stock
world:stock:UNTY,2026-06-01,UNTY,,,Entities,,UNTY,,,,,,,,,UNTY,stock,,,,,,,,,,,,,,UNTY,[],UNTY,,Entity;Stock
world:stock:UPS,2026-06-01,UPS,,,Entities,,UPS,,,,,,,,,UPS,stock,,,,,,,,,,,,,,UPS,[],UPS,,Entity;Stock
world:stock:UPXI,2026-06-01,UPXI,,,Entities,,UPXI,,,,,,,,,UPXI,stock,,,,,,,,,,,,,,UPXI,[],UPXI,,Entity;Stock
world:stock:URI,2026-06-01,URI,,,Entities,,URI,,,,,,,,,URI,stock,,,,,,,,,,,,,,URI,[],URI,,Entity;Stock
world:stock:USA,2026-06-01,USA,,,Entities,,USA,,,,,,,,,USA,stock,,,,,,,,,,,,,,USA,[],USA,,Entity;Stock
world:stock:USAR,2026-06-01,USAR,,,Entities,,USAR,,,,,,,,,USAR,stock,,,,,,,,,,,,,,USAR,[],USAR,,Entity;Stock
world:stock:USAU,2026-06-01,USAU,,,Entities,,USAU,,,,,,,,,USAU,stock,,,,,,,,,,,,,,USAU,[],USAU,,Entity;Stock
world:stock:USB,2026-06-01,USB,,,Entities,,USB,,,,,,,,,USB,stock,,,,,,,,,,,,,,USB,[],USB,,Entity;Stock
world:stock:USEA,2026-06-01,USEA,,,Entities,,USEA,,,,,,,,,USEA,stock,,,,,,,,,,,,,,USEA,[],USEA,,Entity;Stock
world:stock:USFD,2026-06-01,USFD,,,Entities,,USFD,,,,,,,,,USFD,stock,,,,,,,,,,,,,,USFD,[],USFD,,Entity;Stock
world:stock:USPH,2026-06-01,USPH,,,Entities,,USPH,,,,,,,,,USPH,stock,,,,,,,,,,,,,,USPH,[],USPH,,Entity;Stock
world:stock:UTL,2026-06-01,UTL,,,Entities,,UTL,,,,,,,,,UTL,stock,,,,,,,,,,,,,,UTL,[],UTL,,Entity;Stock
world:stock:UVE,2026-06-01,UVE,,,Entities,,UVE,,,,,,,,,UVE,stock,,,,,,,,,,,,,,UVE,[],UVE,,Entity;Stock
world:stock:V,2026-06-01,V,[[USA]],,Entities,NYSE,V,,,,,,,,,V,stock,obsidian://open?vault=World_Machine&file=Entities%2FStocks%2FV.md,Entities/Stocks/V.md,[[Financials]],Entities,C:\Users\CaveUser\Documents\Obsidian Vault\World_Machine\Entities\Stocks\V.md,World_Machine,Entities,C:\Users\CaveUser\Documents\Obsidian Vault\World_Machine\Entities\Stocks\V.md,Entities/Stocks/V.md,obsidian://open?vault=World_Machine&file=Entities%2FStocks%2FV.md,World_Machine,Active,Stocks,V,"[""stock"",""financials"",""payments"",""networks""]",V,World_Machine,Entity;Stock
world:stock:VB,2026-06-01,VB,,,Entities,,VB,,,,,,,,,VB,stock,,,,,,,,,,,,,,VB,[],VB,,Entity;Stock
world:stock:VCEL,2026-06-01,VCEL,,,Entities,,VCEL,,,,,,,,,VCEL,stock,,,,,,,,,,,,,,VCEL,[],VCEL,,Entity;Stock
world:stock:VEA,2026-06-01,VEA,,,Entities,,VEA,,,,,,,,,VEA,stock,,,,,,,,,,,,,,VEA,[],VEA,,Entity;Stock
world:stock:VEEV,2026-06-01,VEEV,,,Entities,,VEEV,,,,,,,,,VEEV,stock,,,,,,,,,,,,,,VEEV,[],VEEV,,Entity;Stock
world:stock:VELO,2026-06-01,VELO,,,Entities,,VELO,,,,,,,,,VELO,stock,,,,,,,,,,,,,,VELO,[],VELO,,Entity;Stock
world:stock:VENU,2026-06-01,VENU,,,Entities,,VENU,,,,,,,,,VENU,stock,,,,,,,,,,,,,,VENU,[],VENU,,Entity;Stock
world:stock:VERX,2026-06-01,VERX,,,Entities,,VERX,,,,,,,,,VERX,stock,,,,,,,,,,,,,,VERX,[],VERX,,Entity;Stock
world:stock:VET,2026-06-01,VET,,,Entities,,VET,,,,,,,,,VET,stock,,,,,,,,,,,,,,VET,[],VET,,Entity;Stock
world:stock:VEU,2026-06-01,VEU,,,Entities,,VEU,,,,,,,,,VEU,stock,,,,,,,,,,,,,,VEU,[],VEU,,Entity;Stock
world:stock:VG,2026-06-01,VG,,,Entities,,VG,,,,,,,,,VG,stock,,,,,,,,,,,,,,VG,[],VG,,Entity;Stock
world:stock:VGK,2026-06-01,VGK,,,Entities,,VGK,,,,,,,,,VGK,stock,,,,,,,,,,,,,,VGK,[],VGK,,Entity;Stock
world:stock:VGT,2026-06-01,VGT,,,Entities,,VGT,,,,,,,,,VGT,stock,,,,,,,,,,,,,,VGT,[],VGT,,Entity;Stock
world:stock:VGZ,2026-06-01,VGZ,,,Entities,,VGZ,,,,,,,,,VGZ,stock,,,,,,,,,,,,,,VGZ,[],VGZ,,Entity;Stock
world:stock:VICI,2026-06-01,VICI,,,Entities,,VICI,,,,,,,,,VICI,stock,,,,,,,,,,,,,,VICI,[],VICI,,Entity;Stock
world:stock:VIG,2026-06-01,VIG,,,Entities,,VIG,,,,,,,,,VIG,stock,,,,,,,,,,,,,,VIG,[],VIG,,Entity;Stock
world:stock:VIPS,2026-06-01,VIPS,,,Entities,,VIPS,,,,,,,,,VIPS,stock,,,,,,,,,,,,,,VIPS,[],VIPS,,Entity;Stock
world:stock:VIR,2026-06-01,VIR,,,Entities,,VIR,,,,,,,,,VIR,stock,,,,,,,,,,,,,,VIR,[],VIR,,Entity;Stock
world:stock:VITL,2026-06-01,VITL,,,Entities,,VITL,,,,,,,,,VITL,stock,,,,,,,,,,,,,,VITL,[],VITL,,Entity;Stock
world:stock:VIVS,2026-06-01,VIVS,,,Entities,,VIVS,,,,,,,,,VIVS,stock,,,,,,,,,,,,,,VIVS,[],VIVS,,Entity;Stock
world:stock:VIX,2026-06-01,VIX,,,Entities,,VIX,,,,,,,,,VIX,stock,,,,,,,,,,,,,,VIX,[],VIX,,Entity;Stock
world:stock:VIXEQ,2026-06-01,VIXEQ,,,Entities,,VIXEQ,,,,,,,,,VIXEQ,stock,,,,,,,,,,,,,,VIXEQ,[],VIXEQ,,Entity;Stock
world:stock:VKTX,2026-06-01,VKTX,,,Entities,,VKTX,,,,,,,,,VKTX,stock,,,,,,,,,,,,,,VKTX,[],VKTX,,Entity;Stock
world:stock:VLO,2026-06-01,VLO,,,Entities,,VLO,,,,,,,,,VLO,stock,,,,,,,,,,,,,,VLO,[],VLO,,Entity;Stock
world:stock:VLTO,2026-06-01,VLTO,,,Entities,,VLTO,,,,,,,,,VLTO,stock,,,,,,,,,,,,,,VLTO,[],VLTO,,Entity;Stock
world:stock:VMC,2026-06-01,VMC,,,Entities,,VMC,,,,,,,,,VMC,stock,,,,,,,,,,,,,,VMC,[],VMC,,Entity;Stock
world:stock:VNQ,2026-06-01,VNQ,,,Entities,,VNQ,,,,,,,,,VNQ,stock,,,,,,,,,,,,,,VNQ,[],VNQ,,Entity;Stock
world:stock:VONG,2026-06-01,VONG,,,Entities,,VONG,,,,,,,,,VONG,stock,,,,,,,,,,,,,,VONG,[],VONG,,Entity;Stock
world:stock:VOO,2026-06-01,VOO,,,Entities,,VOO,,,,,,,,,VOO,stock,,,,,,,,,,,,,,VOO,[],VOO,,Entity;Stock
world:stock:VOR,2026-06-01,VOR,,,Entities,,VOR,,,,,,,,,VOR,stock,,,,,,,,,,,,,,VOR,[],VOR,,Entity;Stock
world:stock:VOYG,2026-06-01,VOYG,,,Entities,,VOYG,,,,,,,,,VOYG,stock,,,,,,,,,,,,,,VOYG,[],VOYG,,Entity;Stock
world:stock:VPG,2026-06-01,VPG,,,Entities,,VPG,,,,,,,,,VPG,stock,,,,,,,,,,,,,,VPG,[],VPG,,Entity;Stock
world:stock:VRDN,2026-06-01,VRDN,,,Entities,,VRDN,,,,,,,,,VRDN,stock,,,,,,,,,,,,,,VRDN,[],VRDN,,Entity;Stock
world:stock:VRE,2026-06-01,VRE,,,Entities,,VRE,,,,,,,,,VRE,stock,,,,,,,,,,,,,,VRE,[],VRE,,Entity;Stock
world:stock:VRRM,2026-06-01,VRRM,,,Entities,,VRRM,,,,,,,,,VRRM,stock,,,,,,,,,,,,,,VRRM,[],VRRM,,Entity;Stock
world:stock:VRSK,2026-06-01,VRSK,,,Entities,,VRSK,,,,,,,,,VRSK,stock,,,,,,,,,,,,,,VRSK,[],VRSK,,Entity;Stock
world:stock:VRSN,2026-06-01,VRSN,,,Entities,,VRSN,,,,,,,,,VRSN,stock,,,,,,,,,,,,,,VRSN,[],VRSN,,Entity;Stock
world:stock:VRT,2026-06-01,VRT,,,Entities,,VRT,,,,,,,,,VRT,stock,,,,,,,,,,,,,,VRT,[],VRT,,Entity;Stock
world:stock:VRTX,2026-06-01,VRTX,,,Entities,,VRTX,,,,,,,,,VRTX,stock,,,,,,,,,,,,,,VRTX,[],VRTX,,Entity;Stock
world:stock:VST,2026-06-01,VST,[[USA]],,Entities,NYSE,VST,,,,,,,,,VST,stock,obsidian://open?vault=World_Machine&file=Entities%2FStocks%2FVST.md,Entities/Stocks/VST.md,[[Utilities]],Entities,C:\Users\CaveUser\Documents\Obsidian Vault\World_Machine\Entities\Stocks\VST.md,World_Machine,Entities,C:\Users\CaveUser\Documents\Obsidian Vault\World_Machine\Entities\Stocks\VST.md,Entities/Stocks/VST.md,obsidian://open?vault=World_Machine&file=Entities%2FStocks%2FVST.md,World_Machine,Active,Stocks,VST,"[""stock"",""utilities"",""power"",""ai-infrastructure""]",VST,World_Machine,Entity;Stock
world:stock:VTGN,2026-06-01,VTGN,[[USA]],,Entities,NASDAQ,VTGN,,,,,,,,,VTGN,stock,obsidian://open?vault=World_Machine&file=Entities%2FStocks%2FVTGN.md,Entities/Stocks/VTGN.md,[[Healthcare]],Entities,C:\Users\CaveUser\Documents\Obsidian Vault\World_Machine\Entities\Stocks\VTGN.md,World_Machine,Entities,C:\Users\CaveUser\Documents\Obsidian Vault\World_Machine\Entities\Stocks\VTGN.md,Entities/Stocks/VTGN.md,obsidian://open?vault=World_Machine&file=Entities%2FStocks%2FVTGN.md,World_Machine,Watching,Stocks,VTGN,"[""stock"",""biotech"",""mental-health""]",VTGN,World_Machine,Entity;Stock
world:stock:VTOL,2026-06-01,VTOL,,,Entities,,VTOL,,,,,,,,,VTOL,stock,,,,,,,,,,,,,,VTOL,[],VTOL,,Entity;Stock
world:stock:VTR,2026-06-01,VTR,,,Entities,,VTR,,,,,,,,,VTR,stock,,,,,,,,,,,,,,VTR,[],VTR,,Entity;Stock
world:stock:VTRS,2026-06-01,VTRS,,,Entities,,VTRS,,,,,,,,,VTRS,stock,,,,,,,,,,,,,,VTRS,[],VTRS,,Entity;Stock
world:stock:VTS,2026-06-01,VTS,,,Entities,,VTS,,,,,,,,,VTS,stock,,,,,,,,,,,,,,VTS,[],VTS,,Entity;Stock
world:stock:VTV,2026-06-01,VTV,,,Entities,,VTV,,,,,,,,,VTV,stock,,,,,,,,,,,,,,VTV,[],VTV,,Entity;Stock
world:stock:VUG,2026-06-01,VUG,,,Entities,,VUG,,,,,,,,,VUG,stock,,,,,,,,,,,,,,VUG,[],VUG,,Entity;Stock
world:stock:VVOS,2026-06-01,VVOS,,,Entities,,VVOS,,,,,,,,,VVOS,stock,,,,,,,,,,,,,,VVOS,[],VVOS,,Entity;Stock
world:stock:VVX,2026-06-01,VVX,,,Entities,,VVX,,,,,,,,,VVX,stock,,,,,,,,,,,,,,VVX,[],VVX,,Entity;Stock
world:stock:VWAV,2026-06-01,VWAV,,,Entities,,VWAV,,,,,,,,,VWAV,stock,,,,,,,,,,,,,,VWAV,[],VWAV,,Entity;Stock
world:stock:VWO,2026-06-01,VWO,,,Entities,,VWO,,,,,,,,,VWO,stock,,,,,,,,,,,,,,VWO,[],VWO,,Entity;Stock
world:stock:VXUS,2026-06-01,VXUS,,,Entities,,VXUS,,,,,,,,,VXUS,stock,,,,,,,,,,,,,,VXUS,[],VXUS,,Entity;Stock
world:stock:VZ,2026-06-01,VZ,,,Entities,,VZ,,,,,,,,,VZ,stock,,,,,,,,,,,,,,VZ,[],VZ,,Entity;Stock
world:stock:WAB,2026-06-01,WAB,,,Entities,,WAB,,,,,,,,,WAB,stock,,,,,,,,,,,,,,WAB,[],WAB,,Entity;Stock
world:stock:WAL,2026-06-01,WAL,,,Entities,,WAL,,,,,,,,,WAL,stock,,,,,,,,,,,,,,WAL,[],WAL,,Entity;Stock
world:stock:WAT,2026-06-01,WAT,,,Entities,,WAT,,,,,,,,,WAT,stock,,,,,,,,,,,,,,WAT,[],WAT,,Entity;Stock
world:stock:WBD,2026-06-01,WBD,,,Entities,,WBD,,,,,,,,,WBD,stock,,,,,,,,,,,,,,WBD,[],WBD,,Entity;Stock
world:stock:WBI,2026-06-01,WBI,,,Entities,,WBI,,,,,,,,,WBI,stock,,,,,,,,,,,,,,WBI,[],WBI,,Entity;Stock
world:stock:WCC,2026-06-01,WCC,[[USA]],,Entities,NYSE,WCC,,,,,,,,,WCC,stock,obsidian://open?vault=World_Machine&file=Entities%2FStocks%2FWCC.md,Entities/Stocks/WCC.md,[[Industrials]],Entities,C:\Users\CaveUser\Documents\Obsidian Vault\World_Machine\Entities\Stocks\WCC.md,World_Machine,Entities,C:\Users\CaveUser\Documents\Obsidian Vault\World_Machine\Entities\Stocks\WCC.md,Entities/Stocks/WCC.md,obsidian://open?vault=World_Machine&file=Entities%2FStocks%2FWCC.md,World_Machine,Active,Stocks,WCC,"[""stock"",""industrials"",""distribution"",""grid-equipment""]",WCC,World_Machine,Entity;Stock
world:stock:WD,2026-06-01,WD,,,Entities,,WD,,,,,,,,,WD,stock,,,,,,,,,,,,,,WD,[],WD,,Entity;Stock
world:stock:WDAY,2026-06-01,WDAY,,,Entities,,WDAY,,,,,,,,,WDAY,stock,,,,,,,,,,,,,,WDAY,[],WDAY,,Entity;Stock
world:stock:WDC,2026-06-01,WDC,,,Entities,,WDC,,,,,,,,,WDC,stock,,,,,,,,,,,,,,WDC,[],WDC,,Entity;Stock
world:stock:WEC,2026-06-01,WEC,,,Entities,,WEC,,,,,,,,,WEC,stock,,,,,,,,,,,,,,WEC,[],WEC,,Entity;Stock
world:stock:WELL,2026-06-01,WELL,[[USA]],,Entities,NYSE,WELL,,,,,,,,,WELL,stock,obsidian://open?vault=World_Machine&file=Entities%2FStocks%2FWELL.md,Entities/Stocks/WELL.md,[[Real Estate]],Entities,C:\Users\CaveUser\Documents\Obsidian Vault\World_Machine\Entities\Stocks\WELL.md,World_Machine,Entities,C:\Users\CaveUser\Documents\Obsidian Vault\World_Machine\Entities\Stocks\WELL.md,Entities/Stocks/WELL.md,obsidian://open?vault=World_Machine&file=Entities%2FStocks%2FWELL.md,World_Machine,Active,Stocks,WELL,"[""stock"",""real-estate"",""reit"",""healthcare""]",WELL,World_Machine,Entity;Stock
world:stock:WEN,2026-06-01,WEN,,,Entities,,WEN,,,,,,,,,WEN,stock,,,,,,,,,,,,,,WEN,[],WEN,,Entity;Stock
world:stock:WERN,2026-06-01,WERN,,,Entities,,WERN,,,,,,,,,WERN,stock,,,,,,,,,,,,,,WERN,[],WERN,,Entity;Stock
world:stock:WFC,2026-06-01,WFC,,,Entities,,WFC,,,,,,,,,WFC,stock,,,,,,,,,,,,,,WFC,[],WFC,,Entity;Stock
world:stock:WGO,2026-06-01,WGO,,,Entities,,WGO,,,,,,,,,WGO,stock,,,,,,,,,,,,,,WGO,[],WGO,,Entity;Stock
world:stock:WGS,2026-06-01,WGS,,,Entities,,WGS,,,,,,,,,WGS,stock,,,,,,,,,,,,,,WGS,[],WGS,,Entity;Stock
world:stock:WHF,2026-06-01,WHF,,,Entities,,WHF,,,,,,,,,WHF,stock,,,,,,,,,,,,,,WHF,[],WHF,,Entity;Stock
world:stock:WHO,2026-06-01,WHO,,,Entities,,WHO,,,,,,,,,WHO,stock,,,,,,,,,,,,,,WHO,[],WHO,,Entity;Stock
world:stock:WHR,2026-06-01,WHR,,,Entities,,WHR,,,,,,,,,WHR,stock,,,,,,,,,,,,,,WHR,[],WHR,,Entity;Stock
world:stock:WHWK,2026-06-01,WHWK,,,Entities,,WHWK,,,,,,,,,WHWK,stock,,,,,,,,,,,,,,WHWK,[],WHWK,,Entity;Stock
world:stock:WKC,2026-06-01,WKC,,,Entities,,WKC,,,,,,,,,WKC,stock,,,,,,,,,,,,,,WKC,[],WKC,,Entity;Stock
world:stock:WLDN,2026-06-01,WLDN,,,Entities,,WLDN,,,,,,,,,WLDN,stock,,,,,,,,,,,,,,WLDN,[],WLDN,,Entity;Stock
world:stock:WLFC,2026-06-01,WLFC,,,Entities,,WLFC,,,,,,,,,WLFC,stock,,,,,,,,,,,,,,WLFC,[],WLFC,,Entity;Stock
world:stock:WM,2026-06-01,WM,,,Entities,,WM,,,,,,,,,WM,stock,,,,,,,,,,,,,,WM,[],WM,,Entity;Stock
world:stock:WMB,2026-06-01,WMB,,,Entities,,WMB,,,,,,,,,WMB,stock,,,,,,,,,,,,,,WMB,[],WMB,,Entity;Stock
world:stock:WMG,2026-06-01,WMG,,,Entities,,WMG,,,,,,,,,WMG,stock,,,,,,,,,,,,,,WMG,[],WMG,,Entity;Stock
world:stock:WMS,2026-06-01,WMS,,,Entities,,WMS,,,,,,,,,WMS,stock,,,,,,,,,,,,,,WMS,[],WMS,,Entity;Stock
world:stock:WMT,2026-06-01,WMT,,,Entities,,WMT,,,,,,,,,WMT,stock,,,,,,,,,,,,,,WMT,[],WMT,,Entity;Stock
world:stock:WNC,2026-06-01,WNC,,,Entities,,WNC,,,,,,,,,WNC,stock,,,,,,,,,,,,,,WNC,[],WNC,,Entity;Stock
world:stock:WOLF,2026-06-01,WOLF,,,Entities,,WOLF,,,,,,,,,WOLF,stock,,,,,,,,,,,,,,WOLF,[],WOLF,,Entity;Stock
world:stock:WPM,2026-06-01,WPM,[[USA]],,Entities,NYSE,WPM,,,,,,,,,WPM,stock,obsidian://open?vault=World_Machine&file=Entities%2FStocks%2FWPM.md,Entities/Stocks/WPM.md,[[Materials]],Entities,C:\Users\CaveUser\Documents\Obsidian Vault\World_Machine\Entities\Stocks\WPM.md,World_Machine,Entities,C:\Users\CaveUser\Documents\Obsidian Vault\World_Machine\Entities\Stocks\WPM.md,Entities/Stocks/WPM.md,obsidian://open?vault=World_Machine&file=Entities%2FStocks%2FWPM.md,World_Machine,Active,Stocks,WPM,"[""stock"",""materials"",""gold"",""royalties""]",WPM,World_Machine,Entity;Stock
world:stock:WRB,2026-06-01,WRB,,,Entities,,WRB,,,,,,,,,WRB,stock,,,,,,,,,,,,,,WRB,[],WRB,,Entity;Stock
world:stock:WSM,2026-06-01,WSM,,,Entities,,WSM,,,,,,,,,WSM,stock,,,,,,,,,,,,,,WSM,[],WSM,,Entity;Stock
world:stock:WST,2026-06-01,WST,,,Entities,,WST,,,,,,,,,WST,stock,,,,,,,,,,,,,,WST,[],WST,,Entity;Stock
world:stock:WTI,2026-06-01,WTI,,,Entities,,WTI,,,,,,,,,WTI,stock,,,,,,,,,,,,,,WTI,[],WTI,,Entity;Stock
world:stock:WTS,2026-06-01,WTS,,,Entities,,WTS,,,,,,,,,WTS,stock,,,,,,,,,,,,,,WTS,[],WTS,,Entity;Stock
world:stock:WTTR,2026-06-01,WTTR,,,Entities,,WTTR,,,,,,,,,WTTR,stock,,,,,,,,,,,,,,WTTR,[],WTTR,,Entity;Stock
world:stock:WTW,2026-06-01,WTW,,,Entities,,WTW,,,,,,,,,WTW,stock,,,,,,,,,,,,,,WTW,[],WTW,,Entity;Stock
world:stock:WWW,2026-06-01,WWW,,,Entities,,WWW,,,,,,,,,WWW,stock,,,,,,,,,,,,,,WWW,[],WWW,,Entity;Stock
world:stock:WY,2026-06-01,WY,,,Entities,,WY,,,,,,,,,WY,stock,,,,,,,,,,,,,,WY,[],WY,,Entity;Stock
world:stock:WYNN,2026-06-01,WYNN,,,Entities,,WYNN,,,,,,,,,WYNN,stock,,,,,,,,,,,,,,WYNN,[],WYNN,,Entity;Stock
world:stock:X,2026-06-01,X,,,Entities,,X,,,,,,,,,X,stock,,,,,,,,,,,,,,X,[],X,,Entity;Stock
world:stock:XE,2026-06-01,XE,,,Entities,,XE,,,,,,,,,XE,stock,,,,,,,,,,,,,,XE,[],XE,,Entity;Stock
world:stock:XEL,2026-06-01,XEL,,,Entities,,XEL,,,,,,,,,XEL,stock,,,,,,,,,,,,,,XEL,[],XEL,,Entity;Stock
world:stock:XHR,2026-06-01,XHR,,,Entities,,XHR,,,,,,,,,XHR,stock,,,,,,,,,,,,,,XHR,[],XHR,,Entity;Stock
world:stock:XLV,2026-06-01,XLV,,,Entities,,XLV,,,,,,,,,XLV,stock,,,,,,,,,,,,,,XLV,[],XLV,,Entity;Stock
world:stock:XOM,2026-06-01,XOM,[[USA]],,Entities,NYSE,XOM,,,,,,,,,XOM,stock,obsidian://open?vault=World_Machine&file=Entities%2FStocks%2FXOM.md,Entities/Stocks/XOM.md,[[Energy]],Entities,C:\Users\CaveUser\Documents\Obsidian Vault\World_Machine\Entities\Stocks\XOM.md,World_Machine,Entities,C:\Users\CaveUser\Documents\Obsidian Vault\World_Machine\Entities\Stocks\XOM.md,Entities/Stocks/XOM.md,obsidian://open?vault=World_Machine&file=Entities%2FStocks%2FXOM.md,World_Machine,Active,Stocks,XOM,"[""stock""]",XOM,World_Machine,Entity;Stock
world:stock:XOMA,2026-06-01,XOMA,,,Entities,,XOMA,,,,,,,,,XOMA,stock,,,,,,,,,,,,,,XOMA,[],XOMA,,Entity;Stock
world:stock:XPO,2026-06-01,XPO,,,Entities,,XPO,,,,,,,,,XPO,stock,,,,,,,,,,,,,,XPO,[],XPO,,Entity;Stock
world:stock:XPOF,2026-06-01,XPOF,,,Entities,,XPOF,,,,,,,,,XPOF,stock,,,,,,,,,,,,,,XPOF,[],XPOF,,Entity;Stock
world:stock:XPRO,2026-06-01,XPRO,,,Entities,,XPRO,,,,,,,,,XPRO,stock,,,,,,,,,,,,,,XPRO,[],XPRO,,Entity;Stock
world:stock:XXI,2026-06-01,XXI,,,Entities,,XXI,,,,,,,,,XXI,stock,,,,,,,,,,,,,,XXI,[],XXI,,Entity;Stock
world:stock:XYL,2026-06-01,XYL,,,Entities,,XYL,,,,,,,,,XYL,stock,,,,,,,,,,,,,,XYL,[],XYL,,Entity;Stock
world:stock:XYZ,2026-06-01,XYZ,,,Entities,,XYZ,,,,,,,,,XYZ,stock,,,,,,,,,,,,,,XYZ,[],XYZ,,Entity;Stock
world:stock:Y,2026-06-01,Y,,,Entities,,Y,,,,,,,,,Y,stock,,,,,,,,,,,,,,Y,[],Y,,Entity;Stock
world:stock:YELP,2026-06-01,YELP,,,Entities,,YELP,,,,,,,,,YELP,stock,,,,,,,,,,,,,,YELP,[],YELP,,Entity;Stock
world:stock:YI,2026-06-01,YI,,,Entities,,YI,,,,,,,,,YI,stock,,,,,,,,,,,,,,YI,[],YI,,Entity;Stock
world:stock:YMM,2026-06-01,YMM,,,Entities,,YMM,,,,,,,,,YMM,stock,,,,,,,,,,,,,,YMM,[],YMM,,Entity;Stock
world:stock:YORW,2026-06-01,YORW,,,Entities,,YORW,,,,,,,,,YORW,stock,,,,,,,,,,,,,,YORW,[],YORW,,Entity;Stock
world:stock:YUM,2026-06-01,YUM,,,Entities,,YUM,,,,,,,,,YUM,stock,,,,,,,,,,,,,,YUM,[],YUM,,Entity;Stock
world:stock:Z,2026-06-01,Z,,,Entities,,Z,,,,,,,,,Z,stock,,,,,,,,,,,,,,Z,[],Z,,Entity;Stock
world:stock:ZBH,2026-06-01,ZBH,,,Entities,,ZBH,,,,,,,,,ZBH,stock,,,,,,,,,,,,,,ZBH,[],ZBH,,Entity;Stock
world:stock:ZBRA,2026-06-01,ZBRA,,,Entities,,ZBRA,,,,,,,,,ZBRA,stock,,,,,,,,,,,,,,ZBRA,[],ZBRA,,Entity;Stock
world:stock:ZD,2026-06-01,ZD,,,Entities,,ZD,,,,,,,,,ZD,stock,,,,,,,,,,,,,,ZD,[],ZD,,Entity;Stock
world:stock:ZG,2026-06-01,ZG,,,Entities,,ZG,,,,,,,,,ZG,stock,,,,,,,,,,,,,,ZG,[],ZG,,Entity;Stock
world:stock:ZKH,2026-06-01,ZKH,,,Entities,,ZKH,,,,,,,,,ZKH,stock,,,,,,,,,,,,,,ZKH,[],ZKH,,Entity;Stock
world:stock:ZM,2026-06-01,ZM,,,Entities,,ZM,,,,,,,,,ZM,stock,,,,,,,,,,,,,,ZM,[],ZM,,Entity;Stock
world:stock:ZS,2026-06-01,ZS,,,Entities,,ZS,,,,,,,,,ZS,stock,,,,,,,,,,,,,,ZS,[],ZS,,Entity;Stock
world:stock:ZTS,2026-06-01,ZTS,,,Entities,,ZTS,,,,,,,,,ZTS,stock,,,,,,,,,,,,,,ZTS,[],ZTS,,Entity;Stock
world:stock:ZVIA,2026-06-01,ZVIA,,,Entities,,ZVIA,,,,,,,,,ZVIA,stock,,,,,,,,,,,,,,ZVIA,[],ZVIA,,Entity;Stock
world:stock:ZVRA,2026-06-01,ZVRA,,,Entities,,ZVRA,,,,,,,,,ZVRA,stock,,,,,,,,,,,,,,ZVRA,[],ZVRA,,Entity;Stock
world:company:PCYO,2026-06-01,PCYO,,step_a_company_stock_split,Entities,,,,,,,,,,,PCYO,Company,,,,,,,,,,,,,,,[],,,Company;Stock
world:company:AMD.NE,2026-06-01,AMD.NE,,step_a_company_stock_split,Entities,,,,,,,,,,,AMD.NE,Company,,,,,,,,,,,,,,,[],,,Company;Stock
world:company:AME,2026-06-01,AME,,step_a_company_stock_split,Entities,,,,,,,,,,,AME,Company,,,,,,,,,,,,,,,[],,,Company;Stock
world:company:AMKR,2026-06-01,AMKR,,step_a_company_stock_split,Entities,,,,,,,,,,,AMKR,Company,,,,,,,,,,,,,,,[],,,Company;Stock
