id,labels,name,canonicalName,label,vault,relativePath,obsidianUrl,sourcePath,sourceVault,sourceFolder,nodeType,domain,subdomain,assetClass,sector,industry,country,jurisdiction,tags,status,signalStatus,confidence,conviction,timeframe,frequency,lastUpdated,date,asOfDate,ticker,exchange,symbol,currency,instrumentType,currentValue,trend,source,provider,dataType,datePulled,freshnessDate,summary,url
world:stock:A,Stock;Company;Entity,A,A,A,,,,,,,stock,Entities,,,,,,,,,,,,,,,,2026-06-01,A,,A,,,,,,,,,,,
world:stock:AA,Stock;Company;Entity,AA,AA,AA,,,,,,,stock,Entities,,,,,,,,,,,,,,,,2026-06-01,AA,,AA,,,,,,,,,,,
world:stock:AAPL,Stock;Company;Entity,AAPL,AAPL,AAPL,World_Machine,Entities/Stocks/AAPL.md,obsidian://open?vault=World_Machine&file=Entities%2FStocks%2FAAPL.md,C:\Users\CaveUser\Documents\Obsidian Vault\World_Machine\Entities\Stocks\AAPL.md,World_Machine,Entities,stock,Entities,Stocks,,[[Tech Sector]],,[[USA]],,stock,Active,,,,,,,,2026-06-01,AAPL,NASDAQ,AAPL,,,,,,,,,,,
world:stock:ABBV,Stock;Company;Entity,ABBV,ABBV,ABBV,World_Machine,Entities/Stocks/ABBV.md,obsidian://open?vault=World_Machine&file=Entities%2FStocks%2FABBV.md,C:\Users\CaveUser\Documents\Obsidian Vault\World_Machine\Entities\Stocks\ABBV.md,World_Machine,Entities,stock,Entities,Stocks,,[[Healthcare]],,[[USA]],,stock;pharma;mental-health;psychedelics,Active,,,,,,,,2026-06-01,ABBV,NYSE,ABBV,,,,,,,,,,,
world:stock:ABNB,Stock;Company;Entity,ABNB,ABNB,ABNB,,,,,,,stock,Entities,,,,,,,,,,,,,,,,2026-06-01,ABNB,,ABNB,,,,,,,,,,,
world:stock:ABR,Stock;Company;Entity,ABR,ABR,ABR,,,,,,,stock,Entities,,,,,,,,,,,,,,,,2026-06-01,ABR,,ABR,,,,,,,,,,,
world:stock:ABT,Stock;Company;Entity,ABT,ABT,ABT,,,,,,,stock,Entities,,,,,,,,,,,,,,,,2026-06-01,ABT,,ABT,,,,,,,,,,,
world:stock:ABUS,Stock;Company;Entity,ABUS,ABUS,ABUS,,,,,,,stock,Entities,,,,,,,,,,,,,,,,2026-06-01,ABUS,,ABUS,,,,,,,,,,,
world:stock:ACAD,Stock;Company;Entity,ACAD,ACAD,ACAD,,,,,,,stock,Entities,,,,,,,,,,,,,,,,2026-06-01,ACAD,,ACAD,,,,,,,,,,,
world:stock:ACGL,Stock;Company;Entity,ACGL,ACGL,ACGL,,,,,,,stock,Entities,,,,,,,,,,,,,,,,2026-06-01,ACGL,,ACGL,,,,,,,,,,,
world:stock:ACHR,Stock;Company;Entity,ACHR,ACHR,ACHR,World_Machine,Entities/Stocks/ACHR.md,obsidian://open?vault=World_Machine&file=Entities%2FStocks%2FACHR.md,C:\Users\CaveUser\Documents\Obsidian Vault\World_Machine\Entities\Stocks\ACHR.md,World_Machine,Entities,stock,Entities,Stocks,,[[Industrials]],,[[USA]],,stock;evtol;drones;air-mobility,Active,,,,,,,,2026-06-01,ACHR,NYSE,ACHR,,,,,,,,,,,
world:stock:ACI,Stock;Company;Entity,ACI,ACI,ACI,,,,,,,stock,Entities,,,,,,,,,,,,,,,,2026-06-01,ACI,,ACI,,,,,,,,,,,
world:stock:ACN,Stock;Company;Entity,ACN,ACN,ACN,,,,,,,stock,Entities,,,,,,,,,,,,,,,,2026-06-01,ACN,,ACN,,,,,,,,,,,
world:stock:ACNT,Stock;Company;Entity,ACNT,ACNT,ACNT,,,,,,,stock,Entities,,,,,,,,,,,,,,,,2026-06-01,ACNT,,ACNT,,,,,,,,,,,
world:stock:ACRE,Stock;Company;Entity,ACRE,ACRE,ACRE,,,,,,,stock,Entities,,,,,,,,,,,,,,,,2026-06-01,ACRE,,ACRE,,,,,,,,,,,
world:stock:ACVA,Stock;Company;Entity,ACVA,ACVA,ACVA,,,,,,,stock,Entities,,,,,,,,,,,,,,,,2026-06-01,ACVA,,ACVA,,,,,,,,,,,
world:stock:ADAMI,Stock;Company;Entity,ADAMI,ADAMI,ADAMI,,,,,,,stock,Entities,,,,,,,,,,,,,,,,2026-06-01,ADAMI,,ADAMI,,,,,,,,,,,
world:stock:ADAML,Stock;Company;Entity,ADAML,ADAML,ADAML,,,,,,,stock,Entities,,,,,,,,,,,,,,,,2026-06-01,ADAML,,ADAML,,,,,,,,,,,
world:stock:ADAMZ,Stock;Company;Entity,ADAMZ,ADAMZ,ADAMZ,,,,,,,stock,Entities,,,,,,,,,,,,,,,,2026-06-01,ADAMZ,,ADAMZ,,,,,,,,,,,
world:stock:ADBE,Stock;Company;Entity,ADBE,ADBE,ADBE,,,,,,,stock,Entities,,,,,,,,,,,,,,,,2026-06-01,ADBE,,ADBE,,,,,,,,,,,
world:stock:ADC,Stock;Company;Entity,ADC,ADC,ADC,,,,,,,stock,Entities,,,,,,,,,,,,,,,,2026-06-01,ADC,,ADC,,,,,,,,,,,
world:stock:ADI,Stock;Company;Entity,ADI,ADI,ADI,,,,,,,stock,Entities,,,,,,,,,,,,,,,,2026-06-01,ADI,,ADI,,,,,,,,,,,
world:stock:ADM,Stock;Company;Entity,ADM,ADM,ADM,,,,,,,stock,Entities,,,,,,,,,,,,,,,,2026-06-01,ADM,,ADM,,,,,,,,,,,
world:stock:ADMA,Stock;Company;Entity,ADMA,ADMA,ADMA,,,,,,,stock,Entities,,,,,,,,,,,,,,,,2026-06-01,ADMA,,ADMA,,,,,,,,,,,
world:stock:ADP,Stock;Company;Entity,ADP,ADP,ADP,,,,,,,stock,Entities,,,,,,,,,,,,,,,,2026-06-01,ADP,,ADP,,,,,,,,,,,
world:stock:ADSK,Stock;Company;Entity,ADSK,ADSK,ADSK,,,,,,,stock,Entities,,,,,,,,,,,,,,,,2026-06-01,ADSK,,ADSK,,,,,,,,,,,
world:stock:ADTN,Stock;Company;Entity,ADTN,ADTN,ADTN,,,,,,,stock,Entities,,,,,,,,,,,,,,,,2026-06-01,ADTN,,ADTN,,,,,,,,,,,
world:stock:AEE,Stock;Company;Entity,AEE,AEE,AEE,,,,,,,stock,Entities,,,,,,,,,,,,,,,,2026-06-01,AEE,,AEE,,,,,,,,,,,
world:stock:AEHR,Stock;Company;Entity,AEHR,AEHR,AEHR,,,,,,,stock,Entities,,,,,,,,,,,,,,,,2026-06-01,AEHR,,AEHR,,,,,,,,,,,
world:stock:AEP,Stock;Company;Entity,AEP,AEP,AEP,,,,,,,stock,Entities,,,,,,,,,,,,,,,,2026-06-01,AEP,,AEP,,,,,,,,,,,
world:stock:AES,Stock;Company;Entity,AES,AES,AES,,,,,,,stock,Entities,,,,,,,,,,,,,,,,2026-06-01,AES,,AES,,,,,,,,,,,
world:stock:AESI,Stock;Company;Entity,AESI,AESI,AESI,,,,,,,stock,Entities,,,,,,,,,,,,,,,,2026-06-01,AESI,,AESI,,,,,,,,,,,
world:stock:AFBI,Stock;Company;Entity,AFBI,AFBI,AFBI,,,,,,,stock,Entities,,,,,,,,,,,,,,,,2026-06-01,AFBI,,AFBI,,,,,,,,,,,
world:stock:AFL,Stock;Company;Entity,AFL,AFL,AFL,,,,,,,stock,Entities,,,,,,,,,,,,,,,,2026-06-01,AFL,,AFL,,,,,,,,,,,
world:stock:AFRM,Stock;Company;Entity,AFRM,AFRM,AFRM,,,,,,,stock,Entities,,,,,,,,,,,,,,,,2026-06-01,AFRM,,AFRM,,,,,,,,,,,
world:stock:AGG,Stock;Company;Entity,AGG,AGG,AGG,,,,,,,stock,Entities,,,,,,,,,,,,,,,,2026-06-01,AGG,,AGG,,,,,,,,,,,
world:stock:AGH,Stock;Company;Entity,AGH,AGH,AGH,,,,,,,stock,Entities,,,,,,,,,,,,,,,,2026-06-01,AGH,,AGH,,,,,,,,,,,
world:stock:AGL,Stock;Company;Entity,AGL,AGL,AGL,,,,,,,stock,Entities,,,,,,,,,,,,,,,,2026-06-01,AGL,,AGL,,,,,,,,,,,
world:stock:AGM,Stock;Company;Entity,AGM,AGM,AGM,,,,,,,stock,Entities,,,,,,,,,,,,,,,,2026-06-01,AGM,,AGM,,,,,,,,,,,
world:stock:AGYS,Stock;Company;Entity,AGYS,AGYS,AGYS,,,,,,,stock,Entities,,,,,,,,,,,,,,,,2026-06-01,AGYS,,AGYS,,,,,,,,,,,
world:stock:AHR,Stock;Company;Entity,AHR,AHR,AHR,,,,,,,stock,Entities,,,,,,,,,,,,,,,,2026-06-01,AHR,,AHR,,,,,,,,,,,
world:stock:AI,Stock;Company;Entity,AI,AI,AI,,,,,,,stock,Entities,,,,,,,,,,,,,,,,2026-06-01,AI,,AI,,,,,,,,,,,
world:stock:AIG,Stock;Company;Entity,AIG,AIG,AIG,,,,,,,stock,Entities,,,,,,,,,,,,,,,,2026-06-01,AIG,,AIG,,,,,,,,,,,
world:stock:AIN,Stock;Company;Entity,AIN,AIN,AIN,,,,,,,stock,Entities,,,,,,,,,,,,,,,,2026-06-01,AIN,,AIN,,,,,,,,,,,
world:stock:AIOT,Stock;Company;Entity,AIOT,AIOT,AIOT,,,,,,,stock,Entities,,,,,,,,,,,,,,,,2026-06-01,AIOT,,AIOT,,,,,,,,,,,
world:stock:AIP,Stock;Company;Entity,AIP,AIP,AIP,,,,,,,stock,Entities,,,,,,,,,,,,,,,,2026-06-01,AIP,,AIP,,,,,,,,,,,
world:stock:AIRJ,Stock;Company;Entity,AIRJ,AIRJ,AIRJ,,,,,,,stock,Entities,,,,,,,,,,,,,,,,2026-06-01,AIRJ,,AIRJ,,,,,,,,,,,
world:stock:AIRO,Stock;Company;Entity,AIRO,AIRO,AIRO,World_Machine,Entities/Stocks/AIRO.md,obsidian://open?vault=World_Machine&file=Entities%2FStocks%2FAIRO.md,C:\Users\CaveUser\Documents\Obsidian Vault\World_Machine\Entities\Stocks\AIRO.md,World_Machine,Entities,stock,Entities,Stocks,,[[Aerospace & Defense]],,[[USA]],,stock;defense;drones;military,Active,,,,,,,,2026-06-01,AIRO,NASDAQ,AIRO,,,,,,,,,,,
world:stock:AIZ,Stock;Company;Entity,AIZ,AIZ,AIZ,,,,,,,stock,Entities,,,,,,,,,,,,,,,,2026-06-01,AIZ,,AIZ,,,,,,,,,,,
world:stock:AJG,Stock;Company;Entity,AJG,AJG,AJG,,,,,,,stock,Entities,,,,,,,,,,,,,,,,2026-06-01,AJG,,AJG,,,,,,,,,,,
world:stock:AKAM,Stock;Company;Entity,AKAM,AKAM,AKAM,,,,,,,stock,Entities,,,,,,,,,,,,,,,,2026-06-01,AKAM,,AKAM,,,,,,,,,,,
world:stock:ALB,Stock;Company;Entity,ALB,ALB,ALB,,,,,,,stock,Entities,,,,,,,,,,,,,,,,2026-06-01,ALB,,ALB,,,,,,,,,,,
world:stock:ALGN,Stock;Company;Entity,ALGN,ALGN,ALGN,,,,,,,stock,Entities,,,,,,,,,,,,,,,,2026-06-01,ALGN,,ALGN,,,,,,,,,,,
world:stock:ALGT,Stock;Company;Entity,ALGT,ALGT,ALGT,,,,,,,stock,Entities,,,,,,,,,,,,,,,,2026-06-01,ALGT,,ALGT,,,,,,,,,,,
world:stock:ALKS,Stock;Company;Entity,ALKS,ALKS,ALKS,World_Machine,Entities/Stocks/ALKS.md,obsidian://open?vault=World_Machine&file=Entities%2FStocks%2FALKS.md,C:\Users\CaveUser\Documents\Obsidian Vault\World_Machine\Entities\Stocks\ALKS.md,World_Machine,Entities,stock,Entities,Stocks,,[[Healthcare]],,[[USA]],,stock;biotech;mental-health;addiction,Active,,,,,,,,2026-06-01,ALKS,NASDAQ,ALKS,,,,,,,,,,,
world:stock:ALKT,Stock;Company;Entity,ALKT,ALKT,ALKT,,,,,,,stock,Entities,,,,,,,,,,,,,,,,2026-06-01,ALKT,,ALKT,,,,,,,,,,,
world:stock:ALL,Stock;Company;Entity,ALL,ALL,ALL,,,,,,,stock,Entities,,,,,,,,,,,,,,,,2026-06-01,ALL,,ALL,,,,,,,,,,,
world:stock:ALLE,Stock;Company;Entity,ALLE,ALLE,ALLE,,,,,,,stock,Entities,,,,,,,,,,,,,,,,2026-06-01,ALLE,,ALLE,,,,,,,,,,,
world:stock:ALMR,Stock;Company;Entity,ALMR,ALMR,ALMR,,,,,,,stock,Entities,,,,,,,,,,,,,,,,2026-06-01,ALMR,,ALMR,,,,,,,,,,,
world:stock:ALMS,Stock;Company;Entity,ALMS,ALMS,ALMS,,,,,,,stock,Entities,,,,,,,,,,,,,,,,2026-06-01,ALMS,,ALMS,,,,,,,,,,,
world:stock:ALMU,Stock;Company;Entity,ALMU,ALMU,ALMU,,,,,,,stock,Entities,,,,,,,,,,,,,,,,2026-06-01,ALMU,,ALMU,,,,,,,,,,,
world:stock:ALTG,Stock;Company;Entity,ALTG,ALTG,ALTG,,,,,,,stock,Entities,,,,,,,,,,,,,,,,2026-06-01,ALTG,,ALTG,,,,,,,,,,,
world:stock:ALVO,Stock;Company;Entity,ALVO,ALVO,ALVO,,,,,,,stock,Entities,,,,,,,,,,,,,,,,2026-06-01,ALVO,,ALVO,,,,,,,,,,,
world:stock:AMAT,Stock;Company;Entity,AMAT,AMAT,AMAT,,,,,,,stock,Entities,,,,,,,,,,,,,,,,2026-06-01,AMAT,,AMAT,,,,,,,,,,,
world:stock:AMC,Stock;Company;Entity,AMC,AMC,AMC,,,,,,,stock,Entities,,,,,,,,,,,,,,,,2026-06-01,AMC,,AMC,,,,,,,,,,,
world:stock:AMCR,Stock;Company;Entity,AMCR,AMCR,AMCR,,,,,,,stock,Entities,,,,,,,,,,,,,,,,2026-06-01,AMCR,,AMCR,,,,,,,,,,,
world:stock:AMD,Stock;Company;Entity,AMD,AMD,AMD,,,,,,,stock,Entities,,,,,,,,,,,,,,,,2026-06-01,AMD,,AMD,,,,,,,,,,,
world:stock:AMD.NE,Stock;Company;Entity,AMD.NE,AMD.NE,AMD.NE,,,,,,,stock,Entities,,,,,,,,,,,,,,,,2026-06-01,AMD.NE,,AMD.NE,,,,,,,,,,,
world:stock:AME,Stock;Company;Entity,AME,AME,AME,,,,,,,stock,Entities,,,,,,,,,,,,,,,,2026-06-01,AME,,AME,,,,,,,,,,,
world:stock:AMGN,Stock;Company;Entity,AMGN,AMGN,AMGN,,,,,,,stock,Entities,,,,,,,,,,,,,,,,2026-06-01,AMGN,,AMGN,,,,,,,,,,,
world:stock:AMKR,Stock;Company;Entity,AMKR,AMKR,AMKR,,,,,,,stock,Entities,,,,,,,,,,,,,,,,2026-06-01,AMKR,,AMKR,,,,,,,,,,,
world:stock:AMP,Stock;Company;Entity,AMP,AMP,AMP,,,,,,,stock,Entities,,,,,,,,,,,,,,,,2026-06-01,AMP,,AMP,,,,,,,,,,,
world:stock:AMPY,Stock;Company;Entity,AMPY,AMPY,AMPY,,,,,,,stock,Entities,,,,,,,,,,,,,,,,2026-06-01,AMPY,,AMPY,,,,,,,,,,,
world:stock:AMRC,Stock;Company;Entity,AMRC,AMRC,AMRC,,,,,,,stock,Entities,,,,,,,,,,,,,,,,2026-06-01,AMRC,,AMRC,,,,,,,,,,,
world:stock:AMSC,Stock;Company;Entity,AMSC,AMSC,AMSC,World_Machine,Entities/Stocks/AMSC.md,obsidian://open?vault=World_Machine&file=Entities%2FStocks%2FAMSC.md,C:\Users\CaveUser\Documents\Obsidian Vault\World_Machine\Entities\Stocks\AMSC.md,World_Machine,Entities,stock,Entities,Stocks,,[[Industrials]],,[[USA]],,stock;industrials;grid;power-electronics;small-cap,Active,,,,,,,,2026-06-01,AMSC,NASDAQ,AMSC,,,,,,,,,,,
world:stock:AMT,Stock;Company;Entity,AMT,AMT,AMT,,,,,,,stock,Entities,,,,,,,,,,,,,,,,2026-06-01,AMT,,AMT,,,,,,,,,,,
world:stock:AMTX,Stock;Company;Entity,AMTX,AMTX,AMTX,,,,,,,stock,Entities,,,,,,,,,,,,,,,,2026-06-01,AMTX,,AMTX,,,,,,,,,,,
world:stock:AMZN,Stock;Company;Entity,AMZN,AMZN,AMZN,World_Machine,Entities/Stocks/AMZN.md,obsidian://open?vault=World_Machine&file=Entities%2FStocks%2FAMZN.md,C:\Users\CaveUser\Documents\Obsidian Vault\World_Machine\Entities\Stocks\AMZN.md,World_Machine,Entities,stock,Entities,Stocks,,[[Consumer Discretionary]],,[[USA]],,stock;consumer-discretionary;ecommerce;cloud,Active,,,,,,,,2026-06-01,AMZN,NASDAQ,AMZN,,,,,,,,,,,
world:stock:ANAB,Stock;Company;Entity,ANAB,ANAB,ANAB,,,,,,,stock,Entities,,,,,,,,,,,,,,,,2026-06-01,ANAB,,ANAB,,,,,,,,,,,
world:stock:ANET,Stock;Company;Entity,ANET,ANET,ANET,,,,,,,stock,Entities,,,,,,,,,,,,,,,,2026-06-01,ANET,,ANET,,,,,,,,,,,
world:stock:ANGI,Stock;Company;Entity,ANGI,ANGI,ANGI,,,,,,,stock,Entities,,,,,,,,,,,,,,,,2026-06-01,ANGI,,ANGI,,,,,,,,,,,
world:stock:ANIP,Stock;Company;Entity,ANIP,ANIP,ANIP,,,,,,,stock,Entities,,,,,,,,,,,,,,,,2026-06-01,ANIP,,ANIP,,,,,,,,,,,
world:stock:ANNA,Stock;Company;Entity,ANNA,ANNA,ANNA,,,,,,,stock,Entities,,,,,,,,,,,,,,,,2026-06-01,ANNA,,ANNA,,,,,,,,,,,
world:stock:ANRO,Stock;Company;Entity,ANRO,ANRO,ANRO,World_Machine,Entities/Stocks/ANRO.md,obsidian://open?vault=World_Machine&file=Entities%2FStocks%2FANRO.md,C:\Users\CaveUser\Documents\Obsidian Vault\World_Machine\Entities\Stocks\ANRO.md,World_Machine,Entities,stock,Entities,Stocks,,[[Healthcare]],,[[USA]],,stock;biotech;mental-health,Active,,,,,,,,2026-06-01,ANRO,NYSE,ANRO,,,,,,,,,,,
world:stock:AOMR,Stock;Company;Entity,AOMR,AOMR,AOMR,,,,,,,stock,Entities,,,,,,,,,,,,,,,,2026-06-01,AOMR,,AOMR,,,,,,,,,,,
world:stock:AON,Stock;Company;Entity,AON,AON,AON,,,,,,,stock,Entities,,,,,,,,,,,,,,,,2026-06-01,AON,,AON,,,,,,,,,,,
world:stock:AOS,Stock;Company;Entity,AOS,AOS,AOS,,,,,,,stock,Entities,,,,,,,,,,,,,,,,2026-06-01,AOS,,AOS,,,,,,,,,,,
world:stock:AOSL,Stock;Company;Entity,AOSL,AOSL,AOSL,,,,,,,stock,Entities,,,,,,,,,,,,,,,,2026-06-01,AOSL,,AOSL,,,,,,,,,,,
world:stock:AP,Stock;Company;Entity,AP,AP,AP,,,,,,,stock,Entities,,,,,,,,,,,,,,,,2026-06-01,AP,,AP,,,,,,,,,,,
world:stock:APA,Stock;Company;Entity,APA,APA,APA,,,,,,,stock,Entities,,,,,,,,,,,,,,,,2026-06-01,APA,,APA,,,,,,,,,,,
world:stock:APD,Stock;Company;Entity,APD,APD,APD,,,,,,,stock,Entities,,,,,,,,,,,,,,,,2026-06-01,APD,,APD,,,,,,,,,,,
world:stock:APEI,Stock;Company;Entity,APEI,APEI,APEI,,,,,,,stock,Entities,,,,,,,,,,,,,,,,2026-06-01,APEI,,APEI,,,,,,,,,,,
world:stock:APH,Stock;Company;Entity,APH,APH,APH,,,,,,,stock,Entities,,,,,,,,,,,,,,,,2026-06-01,APH,,APH,,,,,,,,,,,
world:stock:APLS,Stock;Company;Entity,APLS,APLS,APLS,,,,,,,stock,Entities,,,,,,,,,,,,,,,,2026-06-01,APLS,,APLS,,,,,,,,,,,
world:stock:APO,Stock;Company;Entity,APO,APO,APO,,,,,,,stock,Entities,,,,,,,,,,,,,,,,2026-06-01,APO,,APO,,,,,,,,,,,
world:stock:APP,Stock;Company;Entity,APP,APP,APP,,,,,,,stock,Entities,,,,,,,,,,,,,,,,2026-06-01,APP,,APP,,,,,,,,,,,
world:stock:APPN,Stock;Company;Entity,APPN,APPN,APPN,,,,,,,stock,Entities,,,,,,,,,,,,,,,,2026-06-01,APPN,,APPN,,,,,,,,,,,
world:stock:APTV,Stock;Company;Entity,APTV,APTV,APTV,,,,,,,stock,Entities,,,,,,,,,,,,,,,,2026-06-01,APTV,,APTV,,,,,,,,,,,
world:stock:ARE,Stock;Company;Entity,ARE,ARE,ARE,,,,,,,stock,Entities,,,,,,,,,,,,,,,,2026-06-01,ARE,,ARE,,,,,,,,,,,
world:stock:AREC,Stock;Company;Entity,AREC,AREC,AREC,,,,,,,stock,Entities,,,,,,,,,,,,,,,,2026-06-01,AREC,,AREC,,,,,,,,,,,
world:stock:ARES,Stock;Company;Entity,ARES,ARES,ARES,,,,,,,stock,Entities,,,,,,,,,,,,,,,,2026-06-01,ARES,,ARES,,,,,,,,,,,
world:stock:ARI,Stock;Company;Entity,ARI,ARI,ARI,,,,,,,stock,Entities,,,,,,,,,,,,,,,,2026-06-01,ARI,,ARI,,,,,,,,,,,
world:stock:ARKO,Stock;Company;Entity,ARKO,ARKO,ARKO,,,,,,,stock,Entities,,,,,,,,,,,,,,,,2026-06-01,ARKO,,ARKO,,,,,,,,,,,
world:stock:ARM,Stock;Company;Entity,ARM,ARM,ARM,,,,,,,stock,Entities,,,,,,,,,,,,,,,,2026-06-01,ARM,,ARM,,,,,,,,,,,
world:stock:ARQ,Stock;Company;Entity,ARQ,ARQ,ARQ,,,,,,,stock,Entities,,,,,,,,,,,,,,,,2026-06-01,ARQ,,ARQ,,,,,,,,,,,
world:stock:ARQQ,Stock;Company;Entity,ARQQ,ARQQ,ARQQ,,,,,,,stock,Entities,,,,,,,,,,,,,,,,2026-06-01,ARQQ,,ARQQ,,,,,,,,,,,
world:stock:ARQQW,Stock;Company;Entity,ARQQW,ARQQW,ARQQW,,,,,,,stock,Entities,,,,,,,,,,,,,,,,2026-06-01,ARQQW,,ARQQW,,,,,,,,,,,
world:stock:ARQT,Stock;Company;Entity,ARQT,ARQT,ARQT,,,,,,,stock,Entities,,,,,,,,,,,,,,,,2026-06-01,ARQT,,ARQT,,,,,,,,,,,
world:stock:ARXS,Stock;Company;Entity,ARXS,ARXS,ARXS,,,,,,,stock,Entities,,,,,,,,,,,,,,,,2026-06-01,ARXS,,ARXS,,,,,,,,,,,
world:stock:ASCU.TO,Stock;Company;Entity,ASCU.TO,ASCU.TO,ASCU.TO,,,,,,,stock,Entities,,,,,,,,,,,,,,,,2026-06-01,ASCU.TO,,ASCU.TO,,,,,,,,,,,
world:stock:ASGN,Stock;Company;Entity,ASGN,ASGN,ASGN,,,,,,,stock,Entities,,,,,,,,,,,,,,,,2026-06-01,ASGN,,ASGN,,,,,,,,,,,
world:stock:ASIC,Stock;Company;Entity,ASIC,ASIC,ASIC,,,,,,,stock,Entities,,,,,,,,,,,,,,,,2026-06-01,ASIC,,ASIC,,,,,,,,,,,
world:stock:ASPN,Stock;Company;Entity,ASPN,ASPN,ASPN,,,,,,,stock,Entities,,,,,,,,,,,,,,,,2026-06-01,ASPN,,ASPN,,,,,,,,,,,
world:stock:ASRT,Stock;Company;Entity,ASRT,ASRT,ASRT,,,,,,,stock,Entities,,,,,,,,,,,,,,,,2026-06-01,ASRT,,ASRT,,,,,,,,,,,
world:stock:ASST,Stock;Company;Entity,ASST,ASST,ASST,,,,,,,stock,Entities,,,,,,,,,,,,,,,,2026-06-01,ASST,,ASST,,,,,,,,,,,
world:stock:ASTH,Stock;Company;Entity,ASTH,ASTH,ASTH,,,,,,,stock,Entities,,,,,,,,,,,,,,,,2026-06-01,ASTH,,ASTH,,,,,,,,,,,
world:stock:ASTS,Stock;Company;Entity,ASTS,ASTS,ASTS,,,,,,,stock,Entities,,,,,,,,,,,,,,,,2026-06-01,ASTS,,ASTS,,,,,,,,,,,
world:stock:ATAI,Stock;Company;Entity,ATAI,ATAI,ATAI,World_Machine,Entities/Stocks/ATAI.md,obsidian://open?vault=World_Machine&file=Entities%2FStocks%2FATAI.md,C:\Users\CaveUser\Documents\Obsidian Vault\World_Machine\Entities\Stocks\ATAI.md,World_Machine,Entities,stock,Entities,Stocks,,[[Healthcare]],,[[USA]],,stock;biotech;psychedelics;mental-health,Active,,,,,,,,2026-06-01,ATAI,NASDAQ,ATAI,,,,,,,,,,,
world:stock:ATEN,Stock;Company;Entity,ATEN,ATEN,ATEN,,,,,,,stock,Entities,,,,,,,,,,,,,,,,2026-06-01,ATEN,,ATEN,,,,,,,,,,,
world:stock:ATEX,Stock;Company;Entity,ATEX,ATEX,ATEX,,,,,,,stock,Entities,,,,,,,,,,,,,,,,2026-06-01,ATEX,,ATEX,,,,,,,,,,,
world:stock:ATLO,Stock;Company;Entity,ATLO,ATLO,ATLO,,,,,,,stock,Entities,,,,,,,,,,,,,,,,2026-06-01,ATLO,,ATLO,,,,,,,,,,,
world:stock:ATLX,Stock;Company;Entity,ATLX,ATLX,ATLX,,,,,,,stock,Entities,,,,,,,,,,,,,,,,2026-06-01,ATLX,,ATLX,,,,,,,,,,,
world:stock:ATO,Stock;Company;Entity,ATO,ATO,ATO,,,,,,,stock,Entities,,,,,,,,,,,,,,,,2026-06-01,ATO,,ATO,,,,,,,,,,,
world:stock:ATRA,Stock;Company;Entity,ATRA,ATRA,ATRA,,,,,,,stock,Entities,,,,,,,,,,,,,,,,2026-06-01,ATRA,,ATRA,,,,,,,,,,,
world:stock:AVAV,Stock;Company;Entity,AVAV,AVAV,AVAV,World_Machine,Entities/Stocks/AVAV.md,obsidian://open?vault=World_Machine&file=Entities%2FStocks%2FAVAV.md,C:\Users\CaveUser\Documents\Obsidian Vault\World_Machine\Entities\Stocks\AVAV.md,World_Machine,Entities,stock,Entities,Stocks,,[[Aerospace & Defense]],,[[USA]],,stock;defense;drones;military;loitering-munitions,Active,,,,,,,,2026-06-01,AVAV,NASDAQ,AVAV,,,,,,,,,,,
world:stock:AVB,Stock;Company;Entity,AVB,AVB,AVB,,,,,,,stock,Entities,,,,,,,,,,,,,,,,2026-06-01,AVB,,AVB,,,,,,,,,,,
world:stock:AVBH,Stock;Company;Entity,AVBH,AVBH,AVBH,,,,,,,stock,Entities,,,,,,,,,,,,,,,,2026-06-01,AVBH,,AVBH,,,,,,,,,,,
world:stock:AVEX,Stock;Company;Entity,AVEX,AVEX,AVEX,,,,,,,stock,Entities,,,,,,,,,,,,,,,,2026-06-01,AVEX,,AVEX,,,,,,,,,,,
world:stock:AVGO,Stock;Company;Entity,AVGO,AVGO,AVGO,,,,,,,stock,Entities,,,,,,,,,,,,,,,,2026-06-01,AVGO,,AVGO,,,,,,,,,,,
world:stock:AVNS,Stock;Company;Entity,AVNS,AVNS,AVNS,,,,,,,stock,Entities,,,,,,,,,,,,,,,,2026-06-01,AVNS,,AVNS,,,,,,,,,,,
world:stock:AVNW,Stock;Company;Entity,AVNW,AVNW,AVNW,,,,,,,stock,Entities,,,,,,,,,,,,,,,,2026-06-01,AVNW,,AVNW,,,,,,,,,,,
world:stock:AVTX,Stock;Company;Entity,AVTX,AVTX,AVTX,,,,,,,stock,Entities,,,,,,,,,,,,,,,,2026-06-01,AVTX,,AVTX,,,,,,,,,,,
world:stock:AVY,Stock;Company;Entity,AVY,AVY,AVY,,,,,,,stock,Entities,,,,,,,,,,,,,,,,2026-06-01,AVY,,AVY,,,,,,,,,,,
world:stock:AWK,Stock;Company;Entity,AWK,AWK,AWK,,,,,,,stock,Entities,,,,,,,,,,,,,,,,2026-06-01,AWK,,AWK,,,,,,,,,,,
world:stock:AXIL,Stock;Company;Entity,AXIL,AXIL,AXIL,,,,,,,stock,Entities,,,,,,,,,,,,,,,,2026-06-01,AXIL,,AXIL,,,,,,,,,,,
world:stock:AXON,Stock;Company;Entity,AXON,AXON,AXON,,,,,,,stock,Entities,,,,,,,,,,,,,,,,2026-06-01,AXON,,AXON,,,,,,,,,,,
world:stock:AXP,Stock;Company;Entity,AXP,AXP,AXP,World_Machine,Entities/Stocks/AXP.md,obsidian://open?vault=World_Machine&file=Entities%2FStocks%2FAXP.md,C:\Users\CaveUser\Documents\Obsidian Vault\World_Machine\Entities\Stocks\AXP.md,World_Machine,Entities,stock,Entities,Stocks,,[[Financials]],,[[USA]],,stock;financials;payments;quality,Active,,,,,,,,2026-06-01,AXP,NYSE,AXP,,,,,,,,,,,
world:stock:AXR,Stock;Company;Entity,AXR,AXR,AXR,,,,,,,stock,Entities,,,,,,,,,,,,,,,,2026-06-01,AXR,,AXR,,,,,,,,,,,
world:stock:AXTI,Stock;Company;Entity,AXTI,AXTI,AXTI,,,,,,,stock,Entities,,,,,,,,,,,,,,,,2026-06-01,AXTI,,AXTI,,,,,,,,,,,
world:stock:AZO,Stock;Company;Entity,AZO,AZO,AZO,,,,,,,stock,Entities,,,,,,,,,,,,,,,,2026-06-01,AZO,,AZO,,,,,,,,,,,
world:stock:AZTA,Stock;Company;Entity,AZTA,AZTA,AZTA,,,,,,,stock,Entities,,,,,,,,,,,,,,,,2026-06-01,AZTA,,AZTA,,,,,,,,,,,
world:stock:BA,Stock;Company;Entity,BA,BA,BA,,,,,,,stock,Entities,,,,,,,,,,,,,,,,2026-06-01,BA,,BA,,,,,,,,,,,
world:stock:BAC,Stock;Company;Entity,BAC,BAC,BAC,,,,,,,stock,Entities,,,,,,,,,,,,,,,,2026-06-01,BAC,,BAC,,,,,,,,,,,
world:stock:BAER,Stock;Company;Entity,BAER,BAER,BAER,,,,,,,stock,Entities,,,,,,,,,,,,,,,,2026-06-01,BAER,,BAER,,,,,,,,,,,
world:stock:BAH,Stock;Company;Entity,BAH,BAH,BAH,,,,,,,stock,Entities,,,,,,,,,,,,,,,,2026-06-01,BAH,,BAH,,,,,,,,,,,
world:stock:BALL,Stock;Company;Entity,BALL,BALL,BALL,,,,,,,stock,Entities,,,,,,,,,,,,,,,,2026-06-01,BALL,,BALL,,,,,,,,,,,
world:stock:BAND,Stock;Company;Entity,BAND,BAND,BAND,,,,,,,stock,Entities,,,,,,,,,,,,,,,,2026-06-01,BAND,,BAND,,,,,,,,,,,
world:stock:BARDA,Stock;Company;Entity,BARDA,BARDA,BARDA,,,,,,,stock,Entities,,,,,,,,,,,,,,,,2026-06-01,BARDA,,BARDA,,,,,,,,,,,
world:stock:BATL,Stock;Company;Entity,BATL,BATL,BATL,,,,,,,stock,Entities,,,,,,,,,,,,,,,,2026-06-01,BATL,,BATL,,,,,,,,,,,
world:stock:BAX,Stock;Company;Entity,BAX,BAX,BAX,,,,,,,stock,Entities,,,,,,,,,,,,,,,,2026-06-01,BAX,,BAX,,,,,,,,,,,
world:stock:BBAI,Stock;Company;Entity,BBAI,BBAI,BBAI,,,,,,,stock,Entities,,,,,,,,,,,,,,,,2026-06-01,BBAI,,BBAI,,,,,,,,,,,
world:stock:BBBY,Stock;Company;Entity,BBBY,BBBY,BBBY,,,,,,,stock,Entities,,,,,,,,,,,,,,,,2026-06-01,BBBY,,BBBY,,,,,,,,,,,
world:stock:BBJP,Stock;Company;Entity,BBJP,BBJP,BBJP,,,,,,,stock,Entities,,,,,,,,,,,,,,,,2026-06-01,BBJP,,BBJP,,,,,,,,,,,
world:stock:BBY,Stock;Company;Entity,BBY,BBY,BBY,,,,,,,stock,Entities,,,,,,,,,,,,,,,,2026-06-01,BBY,,BBY,,,,,,,,,,,
world:stock:BCRX,Stock;Company;Entity,BCRX,BCRX,BCRX,,,,,,,stock,Entities,,,,,,,,,,,,,,,,2026-06-01,BCRX,,BCRX,,,,,,,,,,,
world:stock:BDX,Stock;Company;Entity,BDX,BDX,BDX,,,,,,,stock,Entities,,,,,,,,,,,,,,,,2026-06-01,BDX,,BDX,,,,,,,,,,,
world:stock:BEAM,Stock;Company;Entity,BEAM,BEAM,BEAM,,,,,,,stock,Entities,,,,,,,,,,,,,,,,2026-06-01,BEAM,,BEAM,,,,,,,,,,,
world:stock:BEN,Stock;Company;Entity,BEN,BEN,BEN,,,,,,,stock,Entities,,,,,,,,,,,,,,,,2026-06-01,BEN,,BEN,,,,,,,,,,,
world:stock:BETR,Stock;Company;Entity,BETR,BETR,BETR,,,,,,,stock,Entities,,,,,,,,,,,,,,,,2026-06-01,BETR,,BETR,,,,,,,,,,,
world:stock:BF-B,Stock;Company;Entity,BF-B,BF-B,BF-B,,,,,,,stock,Entities,,,,,,,,,,,,,,,,2026-06-01,BF-B,,BF-B,,,,,,,,,,,
world:stock:BFC,Stock;Company;Entity,BFC,BFC,BFC,,,,,,,stock,Entities,,,,,,,,,,,,,,,,2026-06-01,BFC,,BFC,,,,,,,,,,,
world:stock:BG,Stock;Company;Entity,BG,BG,BG,,,,,,,stock,Entities,,,,,,,,,,,,,,,,2026-06-01,BG,,BG,,,,,,,,,,,
world:stock:BGS,Stock;Company;Entity,BGS,BGS,BGS,,,,,,,stock,Entities,,,,,,,,,,,,,,,,2026-06-01,BGS,,BGS,,,,,,,,,,,
world:stock:BH,Stock;Company;Entity,BH,BH,BH,,,,,,,stock,Entities,,,,,,,,,,,,,,,,2026-06-01,BH,,BH,,,,,,,,,,,
world:stock:BIIB,Stock;Company;Entity,BIIB,BIIB,BIIB,,,,,,,stock,Entities,,,,,,,,,,,,,,,,2026-06-01,BIIB,,BIIB,,,,,,,,,,,
world:stock:BJ,Stock;Company;Entity,BJ,BJ,BJ,,,,,,,stock,Entities,,,,,,,,,,,,,,,,2026-06-01,BJ,,BJ,,,,,,,,,,,
world:stock:BK,Stock;Company;Entity,BK,BK,BK,,,,,,,stock,Entities,,,,,,,,,,,,,,,,2026-06-01,BK,,BK,,,,,,,,,,,
world:stock:BKH,Stock;Company;Entity,BKH,BKH,BKH,,,,,,,stock,Entities,,,,,,,,,,,,,,,,2026-06-01,BKH,,BKH,,,,,,,,,,,
world:stock:BKKT,Stock;Company;Entity,BKKT,BKKT,BKKT,,,,,,,stock,Entities,,,,,,,,,,,,,,,,2026-06-01,BKKT,,BKKT,,,,,,,,,,,
world:stock:BKNG,Stock;Company;Entity,BKNG,BKNG,BKNG,,,,,,,stock,Entities,,,,,,,,,,,,,,,,2026-06-01,BKNG,,BKNG,,,,,,,,,,,
world:stock:BKR,Stock;Company;Entity,BKR,BKR,BKR,,,,,,,stock,Entities,,,,,,,,,,,,,,,,2026-06-01,BKR,,BKR,,,,,,,,,,,
world:stock:BKSY,Stock;Company;Entity,BKSY,BKSY,BKSY,,,,,,,stock,Entities,,,,,,,,,,,,,,,,2026-06-01,BKSY,,BKSY,,,,,,,,,,,
world:stock:BL,Stock;Company;Entity,BL,BL,BL,,,,,,,stock,Entities,,,,,,,,,,,,,,,,2026-06-01,BL,,BL,,,,,,,,,,,
world:stock:BLBD,Stock;Company;Entity,BLBD,BLBD,BLBD,,,,,,,stock,Entities,,,,,,,,,,,,,,,,2026-06-01,BLBD,,BLBD,,,,,,,,,,,
world:stock:BLDR,Stock;Company;Entity,BLDR,BLDR,BLDR,,,,,,,stock,Entities,,,,,,,,,,,,,,,,2026-06-01,BLDR,,BLDR,,,,,,,,,,,
world:stock:BLFY,Stock;Company;Entity,BLFY,BLFY,BLFY,,,,,,,stock,Entities,,,,,,,,,,,,,,,,2026-06-01,BLFY,,BLFY,,,,,,,,,,,
world:stock:BLK,Stock;Company;Entity,BLK,BLK,BLK,,,,,,,stock,Entities,,,,,,,,,,,,,,,,2026-06-01,BLK,,BLK,,,,,,,,,,,
world:stock:BLKB,Stock;Company;Entity,BLKB,BLKB,BLKB,,,,,,,stock,Entities,,,,,,,,,,,,,,,,2026-06-01,BLKB,,BLKB,,,,,,,,,,,
world:stock:BLMN,Stock;Company;Entity,BLMN,BLMN,BLMN,World_Machine,Entities/Stocks/BLMN.md,obsidian://open?vault=World_Machine&file=Entities%2FStocks%2FBLMN.md,C:\Users\CaveUser\Documents\Obsidian Vault\World_Machine\Entities\Stocks\BLMN.md,World_Machine,Entities,stock,Entities,Stocks,,[[Consumer Discretionary]],,[[USA]],,stock;consumer-discretionary;restaurants;turnaround;small-cap;casual-dining,Active,,,,,,,,2026-06-01,BLMN,NASDAQ,BLMN,,,,,,,,,,,
world:stock:BMY,Stock;Company;Entity,BMY,BMY,BMY,,,,,,,stock,Entities,,,,,,,,,,,,,,,,2026-06-01,BMY,,BMY,,,,,,,,,,,
world:stock:BNAI,Stock;Company;Entity,BNAI,BNAI,BNAI,,,,,,,stock,Entities,,,,,,,,,,,,,,,,2026-06-01,BNAI,,BNAI,,,,,,,,,,,
world:stock:BND,Stock;Company;Entity,BND,BND,BND,,,,,,,stock,Entities,,,,,,,,,,,,,,,,2026-06-01,BND,,BND,,,,,,,,,,,
world:stock:BODI,Stock;Company;Entity,BODI,BODI,BODI,,,,,,,stock,Entities,,,,,,,,,,,,,,,,2026-06-01,BODI,,BODI,,,,,,,,,,,
world:stock:BOF,Stock;Company;Entity,BOF,BOF,BOF,,,,,,,stock,Entities,,,,,,,,,,,,,,,,2026-06-01,BOF,,BOF,,,,,,,,,,,
world:stock:BOOM,Stock;Company;Entity,BOOM,BOOM,BOOM,,,,,,,stock,Entities,,,,,,,,,,,,,,,,2026-06-01,BOOM,,BOOM,,,,,,,,,,,
world:stock:BOOT,Stock;Company;Entity,BOOT,BOOT,BOOT,,,,,,,stock,Entities,,,,,,,,,,,,,,,,2026-06-01,BOOT,,BOOT,,,,,,,,,,,
world:stock:BOW,Stock;Company;Entity,BOW,BOW,BOW,,,,,,,stock,Entities,,,,,,,,,,,,,,,,2026-06-01,BOW,,BOW,,,,,,,,,,,
world:stock:BR,Stock;Company;Entity,BR,BR,BR,,,,,,,stock,Entities,,,,,,,,,,,,,,,,2026-06-01,BR,,BR,,,,,,,,,,,
world:stock:BRBR,Stock;Company;Entity,BRBR,BRBR,BRBR,World_Machine,Entities/Stocks/BRBR.md,obsidian://open?vault=World_Machine&file=Entities%2FStocks%2FBRBR.md,C:\Users\CaveUser\Documents\Obsidian Vault\World_Machine\Entities\Stocks\BRBR.md,World_Machine,Entities,stock,Entities,Stocks,,[[Consumer Staples]],,[[USA]],,stock;smallcap;consumer-staples;special-situations,Active,,,,,,,,2026-06-01,BRBR,NYSE,BRBR,,,,,,,,,,,
world:stock:BRCB,Stock;Company;Entity,BRCB,BRCB,BRCB,,,,,,,stock,Entities,,,,,,,,,,,,,,,,2026-06-01,BRCB,,BRCB,,,,,,,,,,,
world:stock:BRK_B,Stock;Company;Entity,BRK_B,BRK_B,BRK_B,World_Machine,Entities/Stocks/BRK_B.md,obsidian://open?vault=World_Machine&file=Entities%2FStocks%2FBRK_B.md,C:\Users\CaveUser\Documents\Obsidian Vault\World_Machine\Entities\Stocks\BRK_B.md,World_Machine,Entities,stock,Entities,Stocks,,[[Financials]],,[[USA]],,stock;financials;conglomerate;insurance,Active,,,,,,,,2026-06-01,BRK_B,NYSE,BRK_B,,,,,,,,,,,
world:stock:BRO,Stock;Company;Entity,BRO,BRO,BRO,,,,,,,stock,Entities,,,,,,,,,,,,,,,,2026-06-01,BRO,,BRO,,,,,,,,,,,
world:stock:BROS,Stock;Company;Entity,BROS,BROS,BROS,,,,,,,stock,Entities,,,,,,,,,,,,,,,,2026-06-01,BROS,,BROS,,,,,,,,,,,
world:stock:BSX,Stock;Company;Entity,BSX,BSX,BSX,,,,,,,stock,Entities,,,,,,,,,,,,,,,,2026-06-01,BSX,,BSX,,,,,,,,,,,
world:stock:BTGO,Stock;Company;Entity,BTGO,BTGO,BTGO,,,,,,,stock,Entities,,,,,,,,,,,,,,,,2026-06-01,BTGO,,BTGO,,,,,,,,,,,
world:stock:BTM,Stock;Company;Entity,BTM,BTM,BTM,,,,,,,stock,Entities,,,,,,,,,,,,,,,,2026-06-01,BTM,,BTM,,,,,,,,,,,
world:stock:BULL,Stock;Company;Entity,BULL,BULL,BULL,,,,,,,stock,Entities,,,,,,,,,,,,,,,,2026-06-01,BULL,,BULL,,,,,,,,,,,
world:stock:BW,Stock;Company;Entity,BW,BW,BW,World_Machine,Entities/Stocks/BW.md,obsidian://open?vault=World_Machine&file=Entities%2FStocks%2FBW.md,C:\Users\CaveUser\Documents\Obsidian Vault\World_Machine\Entities\Stocks\BW.md,World_Machine,Entities,stock,Entities,Stocks,,[[Industrials]],,[[USA]],,stock;smallcap;industrials;special-situations,Active,,,,,,,,2026-06-01,BW,NYSE,BW,,,,,,,,,,,
world:stock:BWA,Stock;Company;Entity,BWA,BWA,BWA,,,,,,,stock,Entities,,,,,,,,,,,,,,,,2026-06-01,BWA,,BWA,,,,,,,,,,,
world:stock:BWEN,Stock;Company;Entity,BWEN,BWEN,BWEN,,,,,,,stock,Entities,,,,,,,,,,,,,,,,2026-06-01,BWEN,,BWEN,,,,,,,,,,,
world:stock:BWIN,Stock;Company;Entity,BWIN,BWIN,BWIN,,,,,,,stock,Entities,,,,,,,,,,,,,,,,2026-06-01,BWIN,,BWIN,,,,,,,,,,,
world:stock:BX,Stock;Company;Entity,BX,BX,BX,,,,,,,stock,Entities,,,,,,,,,,,,,,,,2026-06-01,BX,,BX,,,,,,,,,,,
world:stock:BXP,Stock;Company;Entity,BXP,BXP,BXP,,,,,,,stock,Entities,,,,,,,,,,,,,,,,2026-06-01,BXP,,BXP,,,,,,,,,,,
world:stock:BYND,Stock;Company;Entity,BYND,BYND,BYND,,,,,,,stock,Entities,,,,,,,,,,,,,,,,2026-06-01,BYND,,BYND,,,,,,,,,,,
world:stock:C,Stock;Company;Entity,C,C,C,,,,,,,stock,Entities,,,,,,,,,,,,,,,,2026-06-01,C,,C,,,,,,,,,,,
world:stock:CABO,Stock;Company;Entity,CABO,CABO,CABO,,,,,,,stock,Entities,,,,,,,,,,,,,,,,2026-06-01,CABO,,CABO,,,,,,,,,,,
world:stock:CACI,Stock;Company;Entity,CACI,CACI,CACI,,,,,,,stock,Entities,,,,,,,,,,,,,,,,2026-06-01,CACI,,CACI,,,,,,,,,,,
world:stock:CAE,Stock;Company;Entity,CAE,CAE,CAE,,,,,,,stock,Entities,,,,,,,,,,,,,,,,2026-06-01,CAE,,CAE,,,,,,,,,,,
world:stock:CAG,Stock;Company;Entity,CAG,CAG,CAG,,,,,,,stock,Entities,,,,,,,,,,,,,,,,2026-06-01,CAG,,CAG,,,,,,,,,,,
world:stock:CAH,Stock;Company;Entity,CAH,CAH,CAH,,,,,,,stock,Entities,,,,,,,,,,,,,,,,2026-06-01,CAH,,CAH,,,,,,,,,,,
world:stock:CAPR,Stock;Company;Entity,CAPR,CAPR,CAPR,,,,,,,stock,Entities,,,,,,,,,,,,,,,,2026-06-01,CAPR,,CAPR,,,,,,,,,,,
world:stock:CARR,Stock;Company;Entity,CARR,CARR,CARR,,,,,,,stock,Entities,,,,,,,,,,,,,,,,2026-06-01,CARR,,CARR,,,,,,,,,,,
world:stock:CASH,Stock;Company;Entity,CASH,CASH,CASH,,,,,,,stock,Entities,,,,,,,,,,,,,,,,2026-06-01,CASH,,CASH,,,,,,,,,,,
world:stock:CASY,Stock;Company;Entity,CASY,CASY,CASY,,,,,,,stock,Entities,,,,,,,,,,,,,,,,2026-06-01,CASY,,CASY,,,,,,,,,,,
world:stock:CAT,Stock;Company;Entity,CAT,CAT,CAT,World_Machine,Entities/Stocks/CAT.md,obsidian://open?vault=World_Machine&file=Entities%2FStocks%2FCAT.md,C:\Users\CaveUser\Documents\Obsidian Vault\World_Machine\Entities\Stocks\CAT.md,World_Machine,Entities,stock,Entities,Stocks,,[[Industrials]],,[[USA]],,stock;industrials;machinery;cyclicals,Active,,,,,,,,2026-06-01,CAT,NYSE,CAT,,,,,,,,,,,
world:stock:CATO,Stock;Company;Entity,CATO,CATO,CATO,,,,,,,stock,Entities,,,,,,,,,,,,,,,,2026-06-01,CATO,,CATO,,,,,,,,,,,
world:stock:CAVA,Stock;Company;Entity,CAVA,CAVA,CAVA,,,,,,,stock,Entities,,,,,,,,,,,,,,,,2026-06-01,CAVA,,CAVA,,,,,,,,,,,
world:stock:CB,Stock;Company;Entity,CB,CB,CB,,,,,,,stock,Entities,,,,,,,,,,,,,,,,2026-06-01,CB,,CB,,,,,,,,,,,
world:stock:CBRE,Stock;Company;Entity,CBRE,CBRE,CBRE,,,,,,,stock,Entities,,,,,,,,,,,,,,,,2026-06-01,CBRE,,CBRE,,,,,,,,,,,
world:stock:CBZ,Stock;Company;Entity,CBZ,CBZ,CBZ,,,,,,,stock,Entities,,,,,,,,,,,,,,,,2026-06-01,CBZ,,CBZ,,,,,,,,,,,
world:stock:CCI,Stock;Company;Entity,CCI,CCI,CCI,,,,,,,stock,Entities,,,,,,,,,,,,,,,,2026-06-01,CCI,,CCI,,,,,,,,,,,
world:stock:CCJ,Stock;Company;Entity,CCJ,CCJ,CCJ,,,,,,,stock,Entities,,,,,,,,,,,,,,,,2026-06-01,CCJ,,CCJ,,,,,,,,,,,
world:stock:CCL,Stock;Company;Entity,CCL,CCL,CCL,,,,,,,stock,Entities,,,,,,,,,,,,,,,,2026-06-01,CCL,,CCL,,,,,,,,,,,
world:stock:CCL.L,Stock;Company;Entity,CCL.L,CCL.L,CCL.L,,,,,,,stock,Entities,,,,,,,,,,,,,,,,2026-06-01,CCL.L,,CCL.L,,,,,,,,,,,
world:stock:CCO,Stock;Company;Entity,CCO,CCO,CCO,,,,,,,stock,Entities,,,,,,,,,,,,,,,,2026-06-01,CCO,,CCO,,,,,,,,,,,
world:stock:CCOI,Stock;Company;Entity,CCOI,CCOI,CCOI,,,,,,,stock,Entities,,,,,,,,,,,,,,,,2026-06-01,CCOI,,CCOI,,,,,,,,,,,
world:stock:CDLX,Stock;Company;Entity,CDLX,CDLX,CDLX,,,,,,,stock,Entities,,,,,,,,,,,,,,,,2026-06-01,CDLX,,CDLX,,,,,,,,,,,
world:stock:CDNS,Stock;Company;Entity,CDNS,CDNS,CDNS,,,,,,,stock,Entities,,,,,,,,,,,,,,,,2026-06-01,CDNS,,CDNS,,,,,,,,,,,
world:stock:CDW,Stock;Company;Entity,CDW,CDW,CDW,,,,,,,stock,Entities,,,,,,,,,,,,,,,,2026-06-01,CDW,,CDW,,,,,,,,,,,
world:stock:CDZI,Stock;Company;Entity,CDZI,CDZI,CDZI,,,,,,,stock,Entities,,,,,,,,,,,,,,,,2026-06-01,CDZI,,CDZI,,,,,,,,,,,
world:stock:CEG,Stock;Company;Entity,CEG,CEG,CEG,World_Machine,Entities/Stocks/CEG.md,obsidian://open?vault=World_Machine&file=Entities%2FStocks%2FCEG.md,C:\Users\CaveUser\Documents\Obsidian Vault\World_Machine\Entities\Stocks\CEG.md,World_Machine,Entities,stock,Entities,Stocks,,[[Utilities]],,[[USA]],,stock;utilities;nuclear;power,Active,,,,,,,,2026-06-01,CEG,NASDAQ,CEG,,,,,,,,,,,
world:stock:CELH,Stock;Company;Entity,CELH,CELH,CELH,,,,,,,stock,Entities,,,,,,,,,,,,,,,,2026-06-01,CELH,,CELH,,,,,,,,,,,
world:stock:CENT,Stock;Company;Entity,CENT,CENT,CENT,,,,,,,stock,Entities,,,,,,,,,,,,,,,,2026-06-01,CENT,,CENT,,,,,,,,,,,
world:stock:CF,Stock;Company;Entity,CF,CF,CF,,,,,,,stock,Entities,,,,,,,,,,,,,,,,2026-06-01,CF,,CF,,,,,,,,,,,
world:stock:CFG,Stock;Company;Entity,CFG,CFG,CFG,,,,,,,stock,Entities,,,,,,,,,,,,,,,,2026-06-01,CFG,,CFG,,,,,,,,,,,
world:stock:CGEH,Stock;Company;Entity,CGEH,CGEH,CGEH,,,,,,,stock,Entities,,,,,,,,,,,,,,,,2026-06-01,CGEH,,CGEH,,,,,,,,,,,
world:stock:CGNX,Stock;Company;Entity,CGNX,CGNX,CGNX,,,,,,,stock,Entities,,,,,,,,,,,,,,,,2026-06-01,CGNX,,CGNX,,,,,,,,,,,
world:stock:CGTX,Stock;Company;Entity,CGTX,CGTX,CGTX,,,,,,,stock,Entities,,,,,,,,,,,,,,,,2026-06-01,CGTX,,CGTX,,,,,,,,,,,
world:stock:CHD,Stock;Company;Entity,CHD,CHD,CHD,,,,,,,stock,Entities,,,,,,,,,,,,,,,,2026-06-01,CHD,,CHD,,,,,,,,,,,
world:stock:CHGG,Stock;Company;Entity,CHGG,CHGG,CHGG,,,,,,,stock,Entities,,,,,,,,,,,,,,,,2026-06-01,CHGG,,CHGG,,,,,,,,,,,
world:stock:CHPT,Stock;Company;Entity,CHPT,CHPT,CHPT,,,,,,,stock,Entities,,,,,,,,,,,,,,,,2026-06-01,CHPT,,CHPT,,,,,,,,,,,
world:stock:CHRD,Stock;Company;Entity,CHRD,CHRD,CHRD,,,,,,,stock,Entities,,,,,,,,,,,,,,,,2026-06-01,CHRD,,CHRD,,,,,,,,,,,
world:stock:CHRW,Stock;Company;Entity,CHRW,CHRW,CHRW,,,,,,,stock,Entities,,,,,,,,,,,,,,,,2026-06-01,CHRW,,CHRW,,,,,,,,,,,
world:stock:CHTR,Stock;Company;Entity,CHTR,CHTR,CHTR,,,,,,,stock,Entities,,,,,,,,,,,,,,,,2026-06-01,CHTR,,CHTR,,,,,,,,,,,
world:stock:CHWY,Stock;Company;Entity,CHWY,CHWY,CHWY,,,,,,,stock,Entities,,,,,,,,,,,,,,,,2026-06-01,CHWY,,CHWY,,,,,,,,,,,
world:stock:CI,Stock;Company;Entity,CI,CI,CI,,,,,,,stock,Entities,,,,,,,,,,,,,,,,2026-06-01,CI,,CI,,,,,,,,,,,
world:stock:CIEN,Stock;Company;Entity,CIEN,CIEN,CIEN,,,,,,,stock,Entities,,,,,,,,,,,,,,,,2026-06-01,CIEN,,CIEN,,,,,,,,,,,
world:stock:CINF,Stock;Company;Entity,CINF,CINF,CINF,,,,,,,stock,Entities,,,,,,,,,,,,,,,,2026-06-01,CINF,,CINF,,,,,,,,,,,
world:stock:CL,Stock;Company;Entity,CL,CL,CL,,,,,,,stock,Entities,,,,,,,,,,,,,,,,2026-06-01,CL,,CL,,,,,,,,,,,
world:stock:CLBK,Stock;Company;Entity,CLBK,CLBK,CLBK,,,,,,,stock,Entities,,,,,,,,,,,,,,,,2026-06-01,CLBK,,CLBK,,,,,,,,,,,
world:stock:CLNN,Stock;Company;Entity,CLNN,CLNN,CLNN,,,,,,,stock,Entities,,,,,,,,,,,,,,,,2026-06-01,CLNN,,CLNN,,,,,,,,,,,
world:stock:CLOV,Stock;Company;Entity,CLOV,CLOV,CLOV,,,,,,,stock,Entities,,,,,,,,,,,,,,,,2026-06-01,CLOV,,CLOV,,,,,,,,,,,
world:stock:CLPT,Stock;Company;Entity,CLPT,CLPT,CLPT,,,,,,,stock,Entities,,,,,,,,,,,,,,,,2026-06-01,CLPT,,CLPT,,,,,,,,,,,
world:stock:CLW,Stock;Company;Entity,CLW,CLW,CLW,,,,,,,stock,Entities,,,,,,,,,,,,,,,,2026-06-01,CLW,,CLW,,,,,,,,,,,
world:stock:CLX,Stock;Company;Entity,CLX,CLX,CLX,,,,,,,stock,Entities,,,,,,,,,,,,,,,,2026-06-01,CLX,,CLX,,,,,,,,,,,
world:stock:CMCSA,Stock;Company;Entity,CMCSA,CMCSA,CMCSA,,,,,,,stock,Entities,,,,,,,,,,,,,,,,2026-06-01,CMCSA,,CMCSA,,,,,,,,,,,
world:stock:CME,Stock;Company;Entity,CME,CME,CME,,,,,,,stock,Entities,,,,,,,,,,,,,,,,2026-06-01,CME,,CME,,,,,,,,,,,
world:stock:CMG,Stock;Company;Entity,CMG,CMG,CMG,,,,,,,stock,Entities,,,,,,,,,,,,,,,,2026-06-01,CMG,,CMG,,,,,,,,,,,
world:stock:CMI,Stock;Company;Entity,CMI,CMI,CMI,,,,,,,stock,Entities,,,,,,,,,,,,,,,,2026-06-01,CMI,,CMI,,,,,,,,,,,
world:stock:CMND,Stock;Company;Entity,CMND,CMND,CMND,World_Machine,Entities/Stocks/CMND.md,obsidian://open?vault=World_Machine&file=Entities%2FStocks%2FCMND.md,C:\Users\CaveUser\Documents\Obsidian Vault\World_Machine\Entities\Stocks\CMND.md,World_Machine,Entities,stock,Entities,Stocks,,[[Healthcare]],,[[Canada]],,stock;biotech;psychedelics,Watching,,,,,,,,2026-06-01,CMND,NASDAQ,CMND,,,,,,,,,,,
world:stock:CMP,Stock;Company;Entity,CMP,CMP,CMP,,,,,,,stock,Entities,,,,,,,,,,,,,,,,2026-06-01,CMP,,CMP,,,,,,,,,,,
world:stock:CMPS,Stock;Company;Entity,CMPS,CMPS,CMPS,World_Machine,Entities/Stocks/CMPS.md,obsidian://open?vault=World_Machine&file=Entities%2FStocks%2FCMPS.md,C:\Users\CaveUser\Documents\Obsidian Vault\World_Machine\Entities\Stocks\CMPS.md,World_Machine,Entities,stock,Entities,Stocks,,[[Healthcare]],,[[UK]],,stock;biotech;psychedelics;mental-health,Active,,,,,,,,2026-06-01,CMPS,NASDAQ,CMPS,,,,,,,,,,,
world:stock:CMPX,Stock;Company;Entity,CMPX,CMPX,CMPX,,,,,,,stock,Entities,,,,,,,,,,,,,,,,2026-06-01,CMPX,,CMPX,,,,,,,,,,,
world:stock:CMS,Stock;Company;Entity,CMS,CMS,CMS,,,,,,,stock,Entities,,,,,,,,,,,,,,,,2026-06-01,CMS,,CMS,,,,,,,,,,,
world:stock:CMTG,Stock;Company;Entity,CMTG,CMTG,CMTG,,,,,,,stock,Entities,,,,,,,,,,,,,,,,2026-06-01,CMTG,,CMTG,,,,,,,,,,,
world:stock:CMTL,Stock;Company;Entity,CMTL,CMTL,CMTL,,,,,,,stock,Entities,,,,,,,,,,,,,,,,2026-06-01,CMTL,,CMTL,,,,,,,,,,,
world:stock:CNC,Stock;Company;Entity,CNC,CNC,CNC,,,,,,,stock,Entities,,,,,,,,,,,,,,,,2026-06-01,CNC,,CNC,,,,,,,,,,,
world:stock:CNDT,Stock;Company;Entity,CNDT,CNDT,CNDT,,,,,,,stock,Entities,,,,,,,,,,,,,,,,2026-06-01,CNDT,,CNDT,,,,,,,,,,,
world:stock:CNP,Stock;Company;Entity,CNP,CNP,CNP,,,,,,,stock,Entities,,,,,,,,,,,,,,,,2026-06-01,CNP,,CNP,,,,,,,,,,,
world:stock:CNX,Stock;Company;Entity,CNX,CNX,CNX,,,,,,,stock,Entities,,,,,,,,,,,,,,,,2026-06-01,CNX,,CNX,,,,,,,,,,,
world:stock:CNXC,Stock;Company;Entity,CNXC,CNXC,CNXC,,,,,,,stock,Entities,,,,,,,,,,,,,,,,2026-06-01,CNXC,,CNXC,,,,,,,,,,,
world:stock:COCP,Stock;Company;Entity,COCP,COCP,COCP,,,,,,,stock,Entities,,,,,,,,,,,,,,,,2026-06-01,COCP,,COCP,,,,,,,,,,,
world:stock:CODI-PB,Stock;Company;Entity,CODI-PB,CODI-PB,CODI-PB,,,,,,,stock,Entities,,,,,,,,,,,,,,,,2026-06-01,CODI-PB,,CODI-PB,,,,,,,,,,,
world:stock:COF,Stock;Company;Entity,COF,COF,COF,,,,,,,stock,Entities,,,,,,,,,,,,,,,,2026-06-01,COF,,COF,,,,,,,,,,,
world:stock:COHR,Stock;Company;Entity,COHR,COHR,COHR,,,,,,,stock,Entities,,,,,,,,,,,,,,,,2026-06-01,COHR,,COHR,,,,,,,,,,,
world:stock:COIN,Stock;Company;Entity,COIN,COIN,COIN,World_Machine,Entities/Stocks/COIN.md,obsidian://open?vault=World_Machine&file=Entities%2FStocks%2FCOIN.md,C:\Users\CaveUser\Documents\Obsidian Vault\World_Machine\Entities\Stocks\COIN.md,World_Machine,Entities,stock,Entities,Stocks,,[[Financials]],,[[USA]],,stock;financials;crypto;exchange,Active,,,,,,,,2026-06-01,COIN,NASDAQ,COIN,,,,,,,,,,,
world:stock:COKE,Stock;Company;Entity,COKE,COKE,COKE,,,,,,,stock,Entities,,,,,,,,,,,,,,,,2026-06-01,COKE,,COKE,,,,,,,,,,,
world:stock:COO,Stock;Company;Entity,COO,COO,COO,,,,,,,stock,Entities,,,,,,,,,,,,,,,,2026-06-01,COO,,COO,,,,,,,,,,,
world:stock:COP,Stock;Company;Entity,COP,COP,COP,,,,,,,stock,Entities,,,,,,,,,,,,,,,,2026-06-01,COP,,COP,,,,,,,,,,,
world:stock:COR,Stock;Company;Entity,COR,COR,COR,,,,,,,stock,Entities,,,,,,,,,,,,,,,,2026-06-01,COR,,COR,,,,,,,,,,,
world:stock:CORZ,Stock;Company;Entity,CORZ,CORZ,CORZ,,,,,,,stock,Entities,,,,,,,,,,,,,,,,2026-06-01,CORZ,,CORZ,,,,,,,,,,,
world:stock:COST,Stock;Company;Entity,COST,COST,COST,World_Machine,Entities/Stocks/COST.md,obsidian://open?vault=World_Machine&file=Entities%2FStocks%2FCOST.md,C:\Users\CaveUser\Documents\Obsidian Vault\World_Machine\Entities\Stocks\COST.md,World_Machine,Entities,stock,Entities,Stocks,,[[Consumer Staples]],,[[USA]],,stock;consumer-staples;retail;garp,Active,,,,,,,,2026-06-01,COST,NASDAQ,COST,,,,,,,,,,,
world:stock:COTY,Stock;Company;Entity,COTY,COTY,COTY,,,,,,,stock,Entities,,,,,,,,,,,,,,,,2026-06-01,COTY,,COTY,,,,,,,,,,,
world:stock:CPAY,Stock;Company;Entity,CPAY,CPAY,CPAY,,,,,,,stock,Entities,,,,,,,,,,,,,,,,2026-06-01,CPAY,,CPAY,,,,,,,,,,,
world:stock:CPB,Stock;Company;Entity,CPB,CPB,CPB,,,,,,,stock,Entities,,,,,,,,,,,,,,,,2026-06-01,CPB,,CPB,,,,,,,,,,,
world:stock:CPI,Stock;Company;Entity,CPI,CPI,CPI,,,,,,,stock,Entities,,,,,,,,,,,,,,,,2026-06-01,CPI,,CPI,,,,,,,,,,,
world:stock:CPRT,Stock;Company;Entity,CPRT,CPRT,CPRT,,,,,,,stock,Entities,,,,,,,,,,,,,,,,2026-06-01,CPRT,,CPRT,,,,,,,,,,,
world:stock:CPRX,Stock;Company;Entity,CPRX,CPRX,CPRX,,,,,,,stock,Entities,,,,,,,,,,,,,,,,2026-06-01,CPRX,,CPRX,,,,,,,,,,,
world:stock:CPT,Stock;Company;Entity,CPT,CPT,CPT,,,,,,,stock,Entities,,,,,,,,,,,,,,,,2026-06-01,CPT,,CPT,,,,,,,,,,,
world:stock:CRBG,Stock;Company;Entity,CRBG,CRBG,CRBG,,,,,,,stock,Entities,,,,,,,,,,,,,,,,2026-06-01,CRBG,,CRBG,,,,,,,,,,,
world:stock:CRCL,Stock;Company;Entity,CRCL,CRCL,CRCL,,,,,,,stock,Entities,,,,,,,,,,,,,,,,2026-06-01,CRCL,,CRCL,,,,,,,,,,,
world:stock:CRH,Stock;Company;Entity,CRH,CRH,CRH,,,,,,,stock,Entities,,,,,,,,,,,,,,,,2026-06-01,CRH,,CRH,,,,,,,,,,,
world:stock:CRI,Stock;Company;Entity,CRI,CRI,CRI,,,,,,,stock,Entities,,,,,,,,,,,,,,,,2026-06-01,CRI,,CRI,,,,,,,,,,,
world:stock:CRL,Stock;Company;Entity,CRL,CRL,CRL,,,,,,,stock,Entities,,,,,,,,,,,,,,,,2026-06-01,CRL,,CRL,,,,,,,,,,,
world:stock:CRM,Stock;Company;Entity,CRM,CRM,CRM,,,,,,,stock,Entities,,,,,,,,,,,,,,,,2026-06-01,CRM,,CRM,,,,,,,,,,,
world:stock:CRML,Stock;Company;Entity,CRML,CRML,CRML,,,,,,,stock,Entities,,,,,,,,,,,,,,,,2026-06-01,CRML,,CRML,,,,,,,,,,,
world:stock:CRSP,Stock;Company;Entity,CRSP,CRSP,CRSP,,,,,,,stock,Entities,,,,,,,,,,,,,,,,2026-06-01,CRSP,,CRSP,,,,,,,,,,,
world:stock:CRUS,Stock;Company;Entity,CRUS,CRUS,CRUS,,,,,,,stock,Entities,,,,,,,,,,,,,,,,2026-06-01,CRUS,,CRUS,,,,,,,,,,,
world:stock:CRWD,Stock;Company;Entity,CRWD,CRWD,CRWD,,,,,,,stock,Entities,,,,,,,,,,,,,,,,2026-06-01,CRWD,,CRWD,,,,,,,,,,,
world:stock:CSCO,Stock;Company;Entity,CSCO,CSCO,CSCO,,,,,,,stock,Entities,,,,,,,,,,,,,,,,2026-06-01,CSCO,,CSCO,,,,,,,,,,,
world:stock:CSGP,Stock;Company;Entity,CSGP,CSGP,CSGP,,,,,,,stock,Entities,,,,,,,,,,,,,,,,2026-06-01,CSGP,,CSGP,,,,,,,,,,,
world:stock:CSTE,Stock;Company;Entity,CSTE,CSTE,CSTE,,,,,,,stock,Entities,,,,,,,,,,,,,,,,2026-06-01,CSTE,,CSTE,,,,,,,,,,,
world:stock:CSTL,Stock;Company;Entity,CSTL,CSTL,CSTL,,,,,,,stock,Entities,,,,,,,,,,,,,,,,2026-06-01,CSTL,,CSTL,,,,,,,,,,,
world:stock:CSWC,Stock;Company;Entity,CSWC,CSWC,CSWC,,,,,,,stock,Entities,,,,,,,,,,,,,,,,2026-06-01,CSWC,,CSWC,,,,,,,,,,,
world:stock:CSX,Stock;Company;Entity,CSX,CSX,CSX,,,,,,,stock,Entities,,,,,,,,,,,,,,,,2026-06-01,CSX,,CSX,,,,,,,,,,,
world:stock:CTAS,Stock;Company;Entity,CTAS,CTAS,CTAS,,,,,,,stock,Entities,,,,,,,,,,,,,,,,2026-06-01,CTAS,,CTAS,,,,,,,,,,,
world:stock:CTEV,Stock;Company;Entity,CTEV,CTEV,CTEV,,,,,,,stock,Entities,,,,,,,,,,,,,,,,2026-06-01,CTEV,,CTEV,,,,,,,,,,,
world:stock:CTGO,Stock;Company;Entity,CTGO,CTGO,CTGO,,,,,,,stock,Entities,,,,,,,,,,,,,,,,2026-06-01,CTGO,,CTGO,,,,,,,,,,,
world:stock:CTRA,Stock;Company;Entity,CTRA,CTRA,CTRA,,,,,,,stock,Entities,,,,,,,,,,,,,,,,2026-06-01,CTRA,,CTRA,,,,,,,,,,,
world:stock:CTRE,Stock;Company;Entity,CTRE,CTRE,CTRE,,,,,,,stock,Entities,,,,,,,,,,,,,,,,2026-06-01,CTRE,,CTRE,,,,,,,,,,,
world:stock:CTSH,Stock;Company;Entity,CTSH,CTSH,CTSH,,,,,,,stock,Entities,,,,,,,,,,,,,,,,2026-06-01,CTSH,,CTSH,,,,,,,,,,,
world:stock:CTVA,Stock;Company;Entity,CTVA,CTVA,CTVA,,,,,,,stock,Entities,,,,,,,,,,,,,,,,2026-06-01,CTVA,,CTVA,,,,,,,,,,,
world:stock:CUE,Stock;Company;Entity,CUE,CUE,CUE,,,,,,,stock,Entities,,,,,,,,,,,,,,,,2026-06-01,CUE,,CUE,,,,,,,,,,,
world:stock:CUK,Stock;Company;Entity,CUK,CUK,CUK,,,,,,,stock,Entities,,,,,,,,,,,,,,,,2026-06-01,CUK,,CUK,,,,,,,,,,,
world:stock:CURLF,Stock;Company;Entity,CURLF,CURLF,CURLF,,,,,,,stock,Entities,,,,,,,,,,,,,,,,2026-06-01,CURLF,,CURLF,,,,,,,,,,,
world:stock:CVCO,Stock;Company;Entity,CVCO,CVCO,CVCO,,,,,,,stock,Entities,,,,,,,,,,,,,,,,2026-06-01,CVCO,,CVCO,,,,,,,,,,,
world:stock:CVGI,Stock;Company;Entity,CVGI,CVGI,CVGI,,,,,,,stock,Entities,,,,,,,,,,,,,,,,2026-06-01,CVGI,,CVGI,,,,,,,,,,,
world:stock:CVNA,Stock;Company;Entity,CVNA,CVNA,CVNA,,,,,,,stock,Entities,,,,,,,,,,,,,,,,2026-06-01,CVNA,,CVNA,,,,,,,,,,,
world:stock:CVS,Stock;Company;Entity,CVS,CVS,CVS,,,,,,,stock,Entities,,,,,,,,,,,,,,,,2026-06-01,CVS,,CVS,,,,,,,,,,,
world:stock:CVX,Stock;Company;Entity,CVX,CVX,CVX,World_Machine,Entities/Stocks/CVX.md,obsidian://open?vault=World_Machine&file=Entities%2FStocks%2FCVX.md,C:\Users\CaveUser\Documents\Obsidian Vault\World_Machine\Entities\Stocks\CVX.md,World_Machine,Entities,stock,Entities,Stocks,,[[Energy]],,[[USA]],,stock;energy;oil;integrated,Active,,,,,,,,2026-06-01,CVX,NYSE,CVX,,,,,,,,,,,
world:stock:CWEN,Stock;Company;Entity,CWEN,CWEN,CWEN,,,,,,,stock,Entities,,,,,,,,,,,,,,,,2026-06-01,CWEN,,CWEN,,,,,,,,,,,
world:stock:CXDO,Stock;Company;Entity,CXDO,CXDO,CXDO,,,,,,,stock,Entities,,,,,,,,,,,,,,,,2026-06-01,CXDO,,CXDO,,,,,,,,,,,
world:stock:CXW,Stock;Company;Entity,CXW,CXW,CXW,,,,,,,stock,Entities,,,,,,,,,,,,,,,,2026-06-01,CXW,,CXW,,,,,,,,,,,
world:stock:D,Stock;Company;Entity,D,D,D,,,,,,,stock,Entities,,,,,,,,,,,,,,,,2026-06-01,D,,D,,,,,,,,,,,
world:stock:DAKT,Stock;Company;Entity,DAKT,DAKT,DAKT,,,,,,,stock,Entities,,,,,,,,,,,,,,,,2026-06-01,DAKT,,DAKT,,,,,,,,,,,
world:stock:DAL,Stock;Company;Entity,DAL,DAL,DAL,,,,,,,stock,Entities,,,,,,,,,,,,,,,,2026-06-01,DAL,,DAL,,,,,,,,,,,
world:stock:DAO,Stock;Company;Entity,DAO,DAO,DAO,,,,,,,stock,Entities,,,,,,,,,,,,,,,,2026-06-01,DAO,,DAO,,,,,,,,,,,
world:stock:DAR,Stock;Company;Entity,DAR,DAR,DAR,,,,,,,stock,Entities,,,,,,,,,,,,,,,,2026-06-01,DAR,,DAR,,,,,,,,,,,
world:stock:DASH,Stock;Company;Entity,DASH,DASH,DASH,,,,,,,stock,Entities,,,,,,,,,,,,,,,,2026-06-01,DASH,,DASH,,,,,,,,,,,
world:stock:DAVA,Stock;Company;Entity,DAVA,DAVA,DAVA,,,,,,,stock,Entities,,,,,,,,,,,,,,,,2026-06-01,DAVA,,DAVA,,,,,,,,,,,
world:stock:DBI,Stock;Company;Entity,DBI,DBI,DBI,,,,,,,stock,Entities,,,,,,,,,,,,,,,,2026-06-01,DBI,,DBI,,,,,,,,,,,
world:stock:DCO,Stock;Company;Entity,DCO,DCO,DCO,,,,,,,stock,Entities,,,,,,,,,,,,,,,,2026-06-01,DCO,,DCO,,,,,,,,,,,
world:stock:DCOM,Stock;Company;Entity,DCOM,DCOM,DCOM,,,,,,,stock,Entities,,,,,,,,,,,,,,,,2026-06-01,DCOM,,DCOM,,,,,,,,,,,
world:stock:DD,Stock;Company;Entity,DD,DD,DD,,,,,,,stock,Entities,,,,,,,,,,,,,,,,2026-06-01,DD,,DD,,,,,,,,,,,
world:stock:DDOG,Stock;Company;Entity,DDOG,DDOG,DDOG,,,,,,,stock,Entities,,,,,,,,,,,,,,,,2026-06-01,DDOG,,DDOG,,,,,,,,,,,
world:stock:DE,Stock;Company;Entity,DE,DE,DE,,,,,,,stock,Entities,,,,,,,,,,,,,,,,2026-06-01,DE,,DE,,,,,,,,,,,
world:stock:DEC.L,Stock;Company;Entity,DEC.L,DEC.L,DEC.L,,,,,,,stock,Entities,,,,,,,,,,,,,,,,2026-06-01,DEC.L,,DEC.L,,,,,,,,,,,
world:stock:DECK,Stock;Company;Entity,DECK,DECK,DECK,,,,,,,stock,Entities,,,,,,,,,,,,,,,,2026-06-01,DECK,,DECK,,,,,,,,,,,
world:stock:DEI,Stock;Company;Entity,DEI,DEI,DEI,,,,,,,stock,Entities,,,,,,,,,,,,,,,,2026-06-01,DEI,,DEI,,,,,,,,,,,
world:stock:DELL,Stock;Company;Entity,DELL,DELL,DELL,,,,,,,stock,Entities,,,,,,,,,,,,,,,,2026-06-01,DELL,,DELL,,,,,,,,,,,
world:stock:DFIN,Stock;Company;Entity,DFIN,DFIN,DFIN,,,,,,,stock,Entities,,,,,,,,,,,,,,,,2026-06-01,DFIN,,DFIN,,,,,,,,,,,
world:stock:DFSC,Stock;Company;Entity,DFSC,DFSC,DFSC,,,,,,,stock,Entities,,,,,,,,,,,,,,,,2026-06-01,DFSC,,DFSC,,,,,,,,,,,
world:stock:DFTX,Stock;Company;Entity,DFTX,DFTX,DFTX,World_Machine,Entities/Stocks/DFTX.md,obsidian://open?vault=World_Machine&file=Entities%2FStocks%2FDFTX.md,C:\Users\CaveUser\Documents\Obsidian Vault\World_Machine\Entities\Stocks\DFTX.md,World_Machine,Entities,stock,Entities,Stocks,,[[Healthcare]],,[[USA]],,stock;biotech;psychedelics;mental-health,Active,,,,,,,,2026-06-01,DFTX,NASDAQ,DFTX,,,,,,,,,,,
world:stock:DG,Stock;Company;Entity,DG,DG,DG,,,,,,,stock,Entities,,,,,,,,,,,,,,,,2026-06-01,DG,,DG,,,,,,,,,,,
world:stock:DGX,Stock;Company;Entity,DGX,DGX,DGX,,,,,,,stock,Entities,,,,,,,,,,,,,,,,2026-06-01,DGX,,DGX,,,,,,,,,,,
world:stock:DGX.NE,Stock;Company;Entity,DGX.NE,DGX.NE,DGX.NE,,,,,,,stock,Entities,,,,,,,,,,,,,,,,2026-06-01,DGX.NE,,DGX.NE,,,,,,,,,,,
world:stock:DHI,Stock;Company;Entity,DHI,DHI,DHI,World_Machine,Entities/Stocks/DHI.md,obsidian://open?vault=World_Machine&file=Entities%2FStocks%2FDHI.md,C:\Users\CaveUser\Documents\Obsidian Vault\World_Machine\Entities\Stocks\DHI.md,World_Machine,Entities,stock,Entities,Stocks,,[[Consumer Discretionary]],,[[USA]],,stock;consumer-discretionary;housing;homebuilders,Active,,,,,,,,2026-06-01,DHI,NYSE,DHI,,,,,,,,,,,
world:stock:DHR,Stock;Company;Entity,DHR,DHR,DHR,,,,,,,stock,Entities,,,,,,,,,,,,,,,,2026-06-01,DHR,,DHR,,,,,,,,,,,
world:stock:DIA,Stock;Company;Entity,DIA,DIA,DIA,,,,,,,stock,Entities,,,,,,,,,,,,,,,,2026-06-01,DIA,,DIA,,,,,,,,,,,
world:stock:DIN,Stock;Company;Entity,DIN,DIN,DIN,,,,,,,stock,Entities,,,,,,,,,,,,,,,,2026-06-01,DIN,,DIN,,,,,,,,,,,
world:stock:DIS,Stock;Company;Entity,DIS,DIS,DIS,,,,,,,stock,Entities,,,,,,,,,,,,,,,,2026-06-01,DIS,,DIS,,,,,,,,,,,
world:stock:DJCO,Stock;Company;Entity,DJCO,DJCO,DJCO,,,,,,,stock,Entities,,,,,,,,,,,,,,,,2026-06-01,DJCO,,DJCO,,,,,,,,,,,
world:stock:DLHC,Stock;Company;Entity,DLHC,DLHC,DLHC,,,,,,,stock,Entities,,,,,,,,,,,,,,,,2026-06-01,DLHC,,DLHC,,,,,,,,,,,
world:stock:DLR,Stock;Company;Entity,DLR,DLR,DLR,,,,,,,stock,Entities,,,,,,,,,,,,,,,,2026-06-01,DLR,,DLR,,,,,,,,,,,
world:stock:DLTR,Stock;Company;Entity,DLTR,DLTR,DLTR,,,,,,,stock,Entities,,,,,,,,,,,,,,,,2026-06-01,DLTR,,DLTR,,,,,,,,,,,
world:stock:DLX,Stock;Company;Entity,DLX,DLX,DLX,,,,,,,stock,Entities,,,,,,,,,,,,,,,,2026-06-01,DLX,,DLX,,,,,,,,,,,
world:stock:DNA,Stock;Company;Entity,DNA,DNA,DNA,,,,,,,stock,Entities,,,,,,,,,,,,,,,,2026-06-01,DNA,,DNA,,,,,,,,,,,
world:stock:DNLI,Stock;Company;Entity,DNLI,DNLI,DNLI,,,,,,,stock,Entities,,,,,,,,,,,,,,,,2026-06-01,DNLI,,DNLI,,,,,,,,,,,
world:stock:DNOW,Stock;Company;Entity,DNOW,DNOW,DNOW,,,,,,,stock,Entities,,,,,,,,,,,,,,,,2026-06-01,DNOW,,DNOW,,,,,,,,,,,
world:stock:DOC,Stock;Company;Entity,DOC,DOC,DOC,,,,,,,stock,Entities,,,,,,,,,,,,,,,,2026-06-01,DOC,,DOC,,,,,,,,,,,
world:stock:DOV,Stock;Company;Entity,DOV,DOV,DOV,,,,,,,stock,Entities,,,,,,,,,,,,,,,,2026-06-01,DOV,,DOV,,,,,,,,,,,
world:stock:DOW,Stock;Company;Entity,DOW,DOW,DOW,,,,,,,stock,Entities,,,,,,,,,,,,,,,,2026-06-01,DOW,,DOW,,,,,,,,,,,
world:stock:DPRO,Stock;Company;Entity,DPRO,DPRO,DPRO,World_Machine,Entities/Stocks/DPRO.md,obsidian://open?vault=World_Machine&file=Entities%2FStocks%2FDPRO.md,C:\Users\CaveUser\Documents\Obsidian Vault\World_Machine\Entities\Stocks\DPRO.md,World_Machine,Entities,stock,Entities,Stocks,,[[Industrials]],,[[Canada]],,stock;drones;commercial;canada,Active,,,,,,,,2026-06-01,DPRO,NASDAQ,DPRO,,,,,,,,,,,
world:stock:DPZ,Stock;Company;Entity,DPZ,DPZ,DPZ,,,,,,,stock,Entities,,,,,,,,,,,,,,,,2026-06-01,DPZ,,DPZ,,,,,,,,,,,
world:stock:DRAM,Stock;Company;Entity,DRAM,DRAM,DRAM,,,,,,,stock,Entities,,,,,,,,,,,,,,,,2026-06-01,DRAM,,DRAM,,,,,,,,,,,
world:stock:DRDB,Stock;Company;Entity,DRDB,DRDB,DRDB,,,,,,,stock,Entities,,,,,,,,,,,,,,,,2026-06-01,DRDB,,DRDB,,,,,,,,,,,
world:stock:DRH,Stock;Company;Entity,DRH,DRH,DRH,,,,,,,stock,Entities,,,,,,,,,,,,,,,,2026-06-01,DRH,,DRH,,,,,,,,,,,
world:stock:DRI,Stock;Company;Entity,DRI,DRI,DRI,,,,,,,stock,Entities,,,,,,,,,,,,,,,,2026-06-01,DRI,,DRI,,,,,,,,,,,
world:stock:DRO_AX,Stock;Company;Entity,DRO_AX,DRO_AX,DRO_AX,World_Machine,Entities/Stocks/DRO_AX.md,obsidian://open?vault=World_Machine&file=Entities%2FStocks%2FDRO_AX.md,C:\Users\CaveUser\Documents\Obsidian Vault\World_Machine\Entities\Stocks\DRO_AX.md,World_Machine,Entities,stock,Entities,Stocks,,[[Aerospace & Defense]],,[[Australia]],,stock;defense;drones;counter-drone;australia,Active,,,,,,,,2026-06-01,DRO_AX,ASX,DRO_AX,,,,,,,,,,,
world:stock:DRUG,Stock;Company;Entity,DRUG,DRUG,DRUG,World_Machine,Entities/Stocks/DRUG.md,obsidian://open?vault=World_Machine&file=Entities%2FStocks%2FDRUG.md,C:\Users\CaveUser\Documents\Obsidian Vault\World_Machine\Entities\Stocks\DRUG.md,World_Machine,Entities,stock,Entities,Stocks,,[[Healthcare]],,[[USA]],,stock;biotech;psychedelics;mental-health,Active,,,,,,,,2026-06-01,DRUG,NASDAQ,DRUG,,,,,,,,,,,
world:stock:DTE,Stock;Company;Entity,DTE,DTE,DTE,,,,,,,stock,Entities,,,,,,,,,,,,,,,,2026-06-01,DTE,,DTE,,,,,,,,,,,
world:stock:DTI,Stock;Company;Entity,DTI,DTI,DTI,,,,,,,stock,Entities,,,,,,,,,,,,,,,,2026-06-01,DTI,,DTI,,,,,,,,,,,
world:stock:DUK,Stock;Company;Entity,DUK,DUK,DUK,,,,,,,stock,Entities,,,,,,,,,,,,,,,,2026-06-01,DUK,,DUK,,,,,,,,,,,
world:stock:DUOT,Stock;Company;Entity,DUOT,DUOT,DUOT,,,,,,,stock,Entities,,,,,,,,,,,,,,,,2026-06-01,DUOT,,DUOT,,,,,,,,,,,
world:stock:DVA,Stock;Company;Entity,DVA,DVA,DVA,,,,,,,stock,Entities,,,,,,,,,,,,,,,,2026-06-01,DVA,,DVA,,,,,,,,,,,
world:stock:DVN,Stock;Company;Entity,DVN,DVN,DVN,,,,,,,stock,Entities,,,,,,,,,,,,,,,,2026-06-01,DVN,,DVN,,,,,,,,,,,
world:stock:DX,Stock;Company;Entity,DX,DX,DX,,,,,,,stock,Entities,,,,,,,,,,,,,,,,2026-06-01,DX,,DX,,,,,,,,,,,
world:stock:DXC,Stock;Company;Entity,DXC,DXC,DXC,,,,,,,stock,Entities,,,,,,,,,,,,,,,,2026-06-01,DXC,,DXC,,,,,,,,,,,
world:stock:DXCM,Stock;Company;Entity,DXCM,DXCM,DXCM,,,,,,,stock,Entities,,,,,,,,,,,,,,,,2026-06-01,DXCM,,DXCM,,,,,,,,,,,
world:stock:DXY,Stock;Company;Entity,DXY,DXY,DXY,,,,,,,stock,Entities,,,,,,,,,,,,,,,,2026-06-01,DXY,,DXY,,,,,,,,,,,
world:stock:DXYZ,Stock;Company;Entity,DXYZ,DXYZ,DXYZ,,,,,,,stock,Entities,,,,,,,,,,,,,,,,2026-06-01,DXYZ,,DXYZ,,,,,,,,,,,
world:stock:DYN,Stock;Company;Entity,DYN,DYN,DYN,,,,,,,stock,Entities,,,,,,,,,,,,,,,,2026-06-01,DYN,,DYN,,,,,,,,,,,
world:stock:EA,Stock;Company;Entity,EA,EA,EA,,,,,,,stock,Entities,,,,,,,,,,,,,,,,2026-06-01,EA,,EA,,,,,,,,,,,
world:stock:EAT,Stock;Company;Entity,EAT,EAT,EAT,,,,,,,stock,Entities,,,,,,,,,,,,,,,,2026-06-01,EAT,,EAT,,,,,,,,,,,
world:stock:EBAY,Stock;Company;Entity,EBAY,EBAY,EBAY,,,,,,,stock,Entities,,,,,,,,,,,,,,,,2026-06-01,EBAY,,EBAY,,,,,,,,,,,
world:stock:ECL,Stock;Company;Entity,ECL,ECL,ECL,,,,,,,stock,Entities,,,,,,,,,,,,,,,,2026-06-01,ECL,,ECL,,,,,,,,,,,
world:stock:ECPG,Stock;Company;Entity,ECPG,ECPG,ECPG,World_Machine,Entities/Stocks/ECPG.md,obsidian://open?vault=World_Machine&file=Entities%2FStocks%2FECPG.md,C:\Users\CaveUser\Documents\Obsidian Vault\World_Machine\Entities\Stocks\ECPG.md,World_Machine,Entities,stock,Entities,Stocks,,[[Financials]],,[[USA]],,stock;smallcap;financials;special-situations,Active,,,,,,,,2026-06-01,ECPG,NASDAQ,ECPG,,,,,,,,,,,
world:stock:ECVT,Stock;Company;Entity,ECVT,ECVT,ECVT,,,,,,,stock,Entities,,,,,,,,,,,,,,,,2026-06-01,ECVT,,ECVT,,,,,,,,,,,
world:stock:ED,Stock;Company;Entity,ED,ED,ED,,,,,,,stock,Entities,,,,,,,,,,,,,,,,2026-06-01,ED,,ED,,,,,,,,,,,
world:stock:EDIT,Stock;Company;Entity,EDIT,EDIT,EDIT,,,,,,,stock,Entities,,,,,,,,,,,,,,,,2026-06-01,EDIT,,EDIT,,,,,,,,,,,
world:stock:EE,Stock;Company;Entity,EE,EE,EE,,,,,,,stock,Entities,,,,,,,,,,,,,,,,2026-06-01,EE,,EE,,,,,,,,,,,
world:stock:EFC,Stock;Company;Entity,EFC,EFC,EFC,,,,,,,stock,Entities,,,,,,,,,,,,,,,,2026-06-01,EFC,,EFC,,,,,,,,,,,
world:stock:EFX,Stock;Company;Entity,EFX,EFX,EFX,,,,,,,stock,Entities,,,,,,,,,,,,,,,,2026-06-01,EFX,,EFX,,,,,,,,,,,
world:stock:EG,Stock;Company;Entity,EG,EG,EG,,,,,,,stock,Entities,,,,,,,,,,,,,,,,2026-06-01,EG,,EG,,,,,,,,,,,
world:stock:EH,Stock;Company;Entity,EH,EH,EH,World_Machine,Entities/Stocks/EH.md,obsidian://open?vault=World_Machine&file=Entities%2FStocks%2FEH.md,C:\Users\CaveUser\Documents\Obsidian Vault\World_Machine\Entities\Stocks\EH.md,World_Machine,Entities,stock,Entities,Stocks,,[[Industrials]],,[[China]],,stock;evtol;drones;air-mobility;china,Active,,,,,,,,2026-06-01,EH,NASDAQ,EH,,,,,,,,,,,
world:stock:EIG,Stock;Company;Entity,EIG,EIG,EIG,,,,,,,stock,Entities,,,,,,,,,,,,,,,,2026-06-01,EIG,,EIG,,,,,,,,,,,
world:stock:EIX,Stock;Company;Entity,EIX,EIX,EIX,,,,,,,stock,Entities,,,,,,,,,,,,,,,,2026-06-01,EIX,,EIX,,,,,,,,,,,
world:stock:EL,Stock;Company;Entity,EL,EL,EL,,,,,,,stock,Entities,,,,,,,,,,,,,,,,2026-06-01,EL,,EL,,,,,,,,,,,
world:stock:ELMD,Stock;Company;Entity,ELMD,ELMD,ELMD,,,,,,,stock,Entities,,,,,,,,,,,,,,,,2026-06-01,ELMD,,ELMD,,,,,,,,,,,
world:stock:ELME,Stock;Company;Entity,ELME,ELME,ELME,,,,,,,stock,Entities,,,,,,,,,,,,,,,,2026-06-01,ELME,,ELME,,,,,,,,,,,
world:stock:ELV,Stock;Company;Entity,ELV,ELV,ELV,,,,,,,stock,Entities,,,,,,,,,,,,,,,,2026-06-01,ELV,,ELV,,,,,,,,,,,
world:stock:ELVN,Stock;Company;Entity,ELVN,ELVN,ELVN,,,,,,,stock,Entities,,,,,,,,,,,,,,,,2026-06-01,ELVN,,ELVN,,,,,,,,,,,
world:stock:EMBC,Stock;Company;Entity,EMBC,EMBC,EMBC,,,,,,,stock,Entities,,,,,,,,,,,,,,,,2026-06-01,EMBC,,EMBC,,,,,,,,,,,
world:stock:EME,Stock;Company;Entity,EME,EME,EME,,,,,,,stock,Entities,,,,,,,,,,,,,,,,2026-06-01,EME,,EME,,,,,,,,,,,
world:stock:EMPD,Stock;Company;Entity,EMPD,EMPD,EMPD,,,,,,,stock,Entities,,,,,,,,,,,,,,,,2026-06-01,EMPD,,EMPD,,,,,,,,,,,
world:stock:EMR,Stock;Company;Entity,EMR,EMR,EMR,,,,,,,stock,Entities,,,,,,,,,,,,,,,,2026-06-01,EMR,,EMR,,,,,,,,,,,
world:stock:EMXC,Stock;Company;Entity,EMXC,EMXC,EMXC,,,,,,,stock,Entities,,,,,,,,,,,,,,,,2026-06-01,EMXC,,EMXC,,,,,,,,,,,
world:stock:ENOV,Stock;Company;Entity,ENOV,ENOV,ENOV,,,,,,,stock,Entities,,,,,,,,,,,,,,,,2026-06-01,ENOV,,ENOV,,,,,,,,,,,
world:stock:ENPH,Stock;Company;Entity,ENPH,ENPH,ENPH,,,,,,,stock,Entities,,,,,,,,,,,,,,,,2026-06-01,ENPH,,ENPH,,,,,,,,,,,
world:stock:ENVB,Stock;Company;Entity,ENVB,ENVB,ENVB,World_Machine,Entities/Stocks/ENVB.md,obsidian://open?vault=World_Machine&file=Entities%2FStocks%2FENVB.md,C:\Users\CaveUser\Documents\Obsidian Vault\World_Machine\Entities\Stocks\ENVB.md,World_Machine,Entities,stock,Entities,Stocks,,[[Healthcare]],,[[USA]],,stock;biotech;psychedelics,Watching,,,,,,,,2026-06-01,ENVB,NASDAQ,ENVB,,,,,,,,,,,
world:stock:ENVX,Stock;Company;Entity,ENVX,ENVX,ENVX,,,,,,,stock,Entities,,,,,,,,,,,,,,,,2026-06-01,ENVX,,ENVX,,,,,,,,,,,
world:stock:EOD,Stock;Company;Entity,EOD,EOD,EOD,,,,,,,stock,Entities,,,,,,,,,,,,,,,,2026-06-01,EOD,,EOD,,,,,,,,,,,
world:stock:EOG,Stock;Company;Entity,EOG,EOG,EOG,,,,,,,stock,Entities,,,,,,,,,,,,,,,,2026-06-01,EOG,,EOG,,,,,,,,,,,
world:stock:EPAM,Stock;Company;Entity,EPAM,EPAM,EPAM,,,,,,,stock,Entities,,,,,,,,,,,,,,,,2026-06-01,EPAM,,EPAM,,,,,,,,,,,
world:stock:EPC,Stock;Company;Entity,EPC,EPC,EPC,,,,,,,stock,Entities,,,,,,,,,,,,,,,,2026-06-01,EPC,,EPC,,,,,,,,,,,
world:stock:EPD,Stock;Company;Entity,EPD,EPD,EPD,,,,,,,stock,Entities,,,,,,,,,,,,,,,,2026-06-01,EPD,,EPD,,,,,,,,,,,
world:stock:EQIX,Stock;Company;Entity,EQIX,EQIX,EQIX,World_Machine,Entities/Stocks/EQIX.md,obsidian://open?vault=World_Machine&file=Entities%2FStocks%2FEQIX.md,C:\Users\CaveUser\Documents\Obsidian Vault\World_Machine\Entities\Stocks\EQIX.md,World_Machine,Entities,stock,Entities,Stocks,,[[Real Estate]],,[[USA]],,stock;real-estate;reit;datacenter,Active,,,,,,,,2026-06-01,EQIX,NASDAQ,EQIX,,,,,,,,,,,
world:stock:EQR,Stock;Company;Entity,EQR,EQR,EQR,,,,,,,stock,Entities,,,,,,,,,,,,,,,,2026-06-01,EQR,,EQR,,,,,,,,,,,
world:stock:EQT,Stock;Company;Entity,EQT,EQT,EQT,,,,,,,stock,Entities,,,,,,,,,,,,,,,,2026-06-01,EQT,,EQT,,,,,,,,,,,
world:stock:ERIE,Stock;Company;Entity,ERIE,ERIE,ERIE,,,,,,,stock,Entities,,,,,,,,,,,,,,,,2026-06-01,ERIE,,ERIE,,,,,,,,,,,
world:stock:ES,Stock;Company;Entity,ES,ES,ES,,,,,,,stock,Entities,,,,,,,,,,,,,,,,2026-06-01,ES,,ES,,,,,,,,,,,
world:stock:ESCA,Stock;Company;Entity,ESCA,ESCA,ESCA,,,,,,,stock,Entities,,,,,,,,,,,,,,,,2026-06-01,ESCA,,ESCA,,,,,,,,,,,
world:stock:ESI,Stock;Company;Entity,ESI,ESI,ESI,,,,,,,stock,Entities,,,,,,,,,,,,,,,,2026-06-01,ESI,,ESI,,,,,,,,,,,
world:stock:ESLT,Stock;Company;Entity,ESLT,ESLT,ESLT,World_Machine,Entities/Stocks/ESLT.md,obsidian://open?vault=World_Machine&file=Entities%2FStocks%2FESLT.md,C:\Users\CaveUser\Documents\Obsidian Vault\World_Machine\Entities\Stocks\ESLT.md,World_Machine,Entities,stock,Entities,Stocks,,[[Aerospace & Defense]],,[[Israel]],,stock;defense;drones;military;israel,Active,,,,,,,,2026-06-01,ESLT,NASDAQ,ESLT,,,,,,,,,,,
world:stock:ESOA,Stock;Company;Entity,ESOA,ESOA,ESOA,,,,,,,stock,Entities,,,,,,,,,,,,,,,,2026-06-01,ESOA,,ESOA,,,,,,,,,,,
world:stock:ESS,Stock;Company;Entity,ESS,ESS,ESS,,,,,,,stock,Entities,,,,,,,,,,,,,,,,2026-06-01,ESS,,ESS,,,,,,,,,,,
world:stock:ETN,Stock;Company;Entity,ETN,ETN,ETN,World_Machine,Entities/Stocks/ETN.md,obsidian://open?vault=World_Machine&file=Entities%2FStocks%2FETN.md,C:\Users\CaveUser\Documents\Obsidian Vault\World_Machine\Entities\Stocks\ETN.md,World_Machine,Entities,stock,Entities,Stocks,,[[Industrials]],,[[USA]],,stock;industrials;electrification;power,Active,,,,,,,,2026-06-01,ETN,NYSE,ETN,,,,,,,,,,,
world:stock:ETR,Stock;Company;Entity,ETR,ETR,ETR,,,,,,,stock,Entities,,,,,,,,,,,,,,,,2026-06-01,ETR,,ETR,,,,,,,,,,,
world:stock:EVC,Stock;Company;Entity,EVC,EVC,EVC,,,,,,,stock,Entities,,,,,,,,,,,,,,,,2026-06-01,EVC,,EVC,,,,,,,,,,,
world:stock:EVO,Stock;Company;Entity,EVO,EVO,EVO,,,,,,,stock,Entities,,,,,,,,,,,,,,,,2026-06-01,EVO,,EVO,,,,,,,,,,,
world:stock:EVRG,Stock;Company;Entity,EVRG,EVRG,EVRG,,,,,,,stock,Entities,,,,,,,,,,,,,,,,2026-06-01,EVRG,,EVRG,,,,,,,,,,,
world:stock:EVTL,Stock;Company;Entity,EVTL,EVTL,EVTL,World_Machine,Entities/Stocks/EVTL.md,obsidian://open?vault=World_Machine&file=Entities%2FStocks%2FEVTL.md,C:\Users\CaveUser\Documents\Obsidian Vault\World_Machine\Entities\Stocks\EVTL.md,World_Machine,Entities,stock,Entities,Stocks,,[[Industrials]],,[[UK]],,stock;evtol;drones;air-mobility;uk,Active,,,,,,,,2026-06-01,EVTL,NYSE,EVTL,,,,,,,,,,,
world:stock:EW,Stock;Company;Entity,EW,EW,EW,,,,,,,stock,Entities,,,,,,,,,,,,,,,,2026-06-01,EW,,EW,,,,,,,,,,,
world:stock:EXC,Stock;Company;Entity,EXC,EXC,EXC,,,,,,,stock,Entities,,,,,,,,,,,,,,,,2026-06-01,EXC,,EXC,,,,,,,,,,,
world:stock:EXE,Stock;Company;Entity,EXE,EXE,EXE,,,,,,,stock,Entities,,,,,,,,,,,,,,,,2026-06-01,EXE,,EXE,,,,,,,,,,,
world:stock:EXPD,Stock;Company;Entity,EXPD,EXPD,EXPD,,,,,,,stock,Entities,,,,,,,,,,,,,,,,2026-06-01,EXPD,,EXPD,,,,,,,,,,,
world:stock:EXPE,Stock;Company;Entity,EXPE,EXPE,EXPE,,,,,,,stock,Entities,,,,,,,,,,,,,,,,2026-06-01,EXPE,,EXPE,,,,,,,,,,,
world:stock:EXR,Stock;Company;Entity,EXR,EXR,EXR,,,,,,,stock,Entities,,,,,,,,,,,,,,,,2026-06-01,EXR,,EXR,,,,,,,,,,,
world:stock:EYE,Stock;Company;Entity,EYE,EYE,EYE,,,,,,,stock,Entities,,,,,,,,,,,,,,,,2026-06-01,EYE,,EYE,,,,,,,,,,,
world:stock:EYPT,Stock;Company;Entity,EYPT,EYPT,EYPT,,,,,,,stock,Entities,,,,,,,,,,,,,,,,2026-06-01,EYPT,,EYPT,,,,,,,,,,,
world:stock:EZPW,Stock;Company;Entity,EZPW,EZPW,EZPW,,,,,,,stock,Entities,,,,,,,,,,,,,,,,2026-06-01,EZPW,,EZPW,,,,,,,,,,,
world:stock:F,Stock;Company;Entity,F,F,F,,,,,,,stock,Entities,,,,,,,,,,,,,,,,2026-06-01,F,,F,,,,,,,,,,,
world:stock:FANG,Stock;Company;Entity,FANG,FANG,FANG,,,,,,,stock,Entities,,,,,,,,,,,,,,,,2026-06-01,FANG,,FANG,,,,,,,,,,,
world:stock:FAST,Stock;Company;Entity,FAST,FAST,FAST,,,,,,,stock,Entities,,,,,,,,,,,,,,,,2026-06-01,FAST,,FAST,,,,,,,,,,,
world:stock:FBLA,Stock;Company;Entity,FBLA,FBLA,FBLA,,,,,,,stock,Entities,,,,,,,,,,,,,,,,2026-06-01,FBLA,,FBLA,,,,,,,,,,,
world:stock:FBTC,Stock;Company;Entity,FBTC,FBTC,FBTC,,,,,,,stock,Entities,,,,,,,,,,,,,,,,2026-06-01,FBTC,,FBTC,,,,,,,,,,,
world:stock:FC,Stock;Company;Entity,FC,FC,FC,,,,,,,stock,Entities,,,,,,,,,,,,,,,,2026-06-01,FC,,FC,,,,,,,,,,,
world:stock:FCCO,Stock;Company;Entity,FCCO,FCCO,FCCO,,,,,,,stock,Entities,,,,,,,,,,,,,,,,2026-06-01,FCCO,,FCCO,,,,,,,,,,,
world:stock:FCF,Stock;Company;Entity,FCF,FCF,FCF,,,,,,,stock,Entities,,,,,,,,,,,,,,,,2026-06-01,FCF,,FCF,,,,,,,,,,,
world:stock:FCFS,Stock;Company;Entity,FCFS,FCFS,FCFS,,,,,,,stock,Entities,,,,,,,,,,,,,,,,2026-06-01,FCFS,,FCFS,,,,,,,,,,,
world:stock:FCX,Stock;Company;Entity,FCX,FCX,FCX,World_Machine,Entities/Stocks/FCX.md,obsidian://open?vault=World_Machine&file=Entities%2FStocks%2FFCX.md,C:\Users\CaveUser\Documents\Obsidian Vault\World_Machine\Entities\Stocks\FCX.md,World_Machine,Entities,stock,Entities,Stocks,,[[Materials]],,[[USA]],,stock;materials;copper;mining,Active,,,,,,,,2026-06-01,FCX,NYSE,FCX,,,,,,,,,,,
world:stock:FDS,Stock;Company;Entity,FDS,FDS,FDS,,,,,,,stock,Entities,,,,,,,,,,,,,,,,2026-06-01,FDS,,FDS,,,,,,,,,,,
world:stock:FDX,Stock;Company;Entity,FDX,FDX,FDX,,,,,,,stock,Entities,,,,,,,,,,,,,,,,2026-06-01,FDX,,FDX,,,,,,,,,,,
world:stock:FE,Stock;Company;Entity,FE,FE,FE,,,,,,,stock,Entities,,,,,,,,,,,,,,,,2026-06-01,FE,,FE,,,,,,,,,,,
world:stock:FF,Stock;Company;Entity,FF,FF,FF,,,,,,,stock,Entities,,,,,,,,,,,,,,,,2026-06-01,FF,,FF,,,,,,,,,,,
world:stock:FFIV,Stock;Company;Entity,FFIV,FFIV,FFIV,,,,,,,stock,Entities,,,,,,,,,,,,,,,,2026-06-01,FFIV,,FFIV,,,,,,,,,,,
world:stock:FICO,Stock;Company;Entity,FICO,FICO,FICO,,,,,,,stock,Entities,,,,,,,,,,,,,,,,2026-06-01,FICO,,FICO,,,,,,,,,,,
world:stock:FIGS,Stock;Company;Entity,FIGS,FIGS,FIGS,,,,,,,stock,Entities,,,,,,,,,,,,,,,,2026-06-01,FIGS,,FIGS,,,,,,,,,,,
world:stock:FIS,Stock;Company;Entity,FIS,FIS,FIS,,,,,,,stock,Entities,,,,,,,,,,,,,,,,2026-06-01,FIS,,FIS,,,,,,,,,,,
world:stock:FISV,Stock;Company;Entity,FISV,FISV,FISV,,,,,,,stock,Entities,,,,,,,,,,,,,,,,2026-06-01,FISV,,FISV,,,,,,,,,,,
world:stock:FITB,Stock;Company;Entity,FITB,FITB,FITB,,,,,,,stock,Entities,,,,,,,,,,,,,,,,2026-06-01,FITB,,FITB,,,,,,,,,,,
world:stock:FIVN,Stock;Company;Entity,FIVN,FIVN,FIVN,,,,,,,stock,Entities,,,,,,,,,,,,,,,,2026-06-01,FIVN,,FIVN,,,,,,,,,,,
world:stock:FIX,Stock;Company;Entity,FIX,FIX,FIX,,,,,,,stock,Entities,,,,,,,,,,,,,,,,2026-06-01,FIX,,FIX,,,,,,,,,,,
world:stock:FJET,Stock;Company;Entity,FJET,FJET,FJET,,,,,,,stock,Entities,,,,,,,,,,,,,,,,2026-06-01,FJET,,FJET,,,,,,,,,,,
world:stock:FLNC,Stock;Company;Entity,FLNC,FLNC,FLNC,,,,,,,stock,Entities,,,,,,,,,,,,,,,,2026-06-01,FLNC,,FLNC,,,,,,,,,,,
world:stock:FLNT,Stock;Company;Entity,FLNT,FLNT,FLNT,,,,,,,stock,Entities,,,,,,,,,,,,,,,,2026-06-01,FLNT,,FLNT,,,,,,,,,,,
world:stock:FLO,Stock;Company;Entity,FLO,FLO,FLO,,,,,,,stock,Entities,,,,,,,,,,,,,,,,2026-06-01,FLO,,FLO,,,,,,,,,,,
world:stock:FLOC,Stock;Company;Entity,FLOC,FLOC,FLOC,,,,,,,stock,Entities,,,,,,,,,,,,,,,,2026-06-01,FLOC,,FLOC,,,,,,,,,,,
world:stock:FLWS,Stock;Company;Entity,FLWS,FLWS,FLWS,,,,,,,stock,Entities,,,,,,,,,,,,,,,,2026-06-01,FLWS,,FLWS,,,,,,,,,,,
world:stock:FLX,Stock;Company;Entity,FLX,FLX,FLX,,,,,,,stock,Entities,,,,,,,,,,,,,,,,2026-06-01,FLX,,FLX,,,,,,,,,,,
world:stock:FLYW,Stock;Company;Entity,FLYW,FLYW,FLYW,,,,,,,stock,Entities,,,,,,,,,,,,,,,,2026-06-01,FLYW,,FLYW,,,,,,,,,,,
world:stock:FMC,Stock;Company;Entity,FMC,FMC,FMC,,,,,,,stock,Entities,,,,,,,,,,,,,,,,2026-06-01,FMC,,FMC,,,,,,,,,,,
world:stock:FNDF,Stock;Company;Entity,FNDF,FNDF,FNDF,,,,,,,stock,Entities,,,,,,,,,,,,,,,,2026-06-01,FNDF,,FNDF,,,,,,,,,,,
world:stock:FNKO,Stock;Company;Entity,FNKO,FNKO,FNKO,,,,,,,stock,Entities,,,,,,,,,,,,,,,,2026-06-01,FNKO,,FNKO,,,,,,,,,,,
world:stock:FNWD,Stock;Company;Entity,FNWD,FNWD,FNWD,,,,,,,stock,Entities,,,,,,,,,,,,,,,,2026-06-01,FNWD,,FNWD,,,,,,,,,,,
world:stock:FORM,Stock;Company;Entity,FORM,FORM,FORM,,,,,,,stock,Entities,,,,,,,,,,,,,,,,2026-06-01,FORM,,FORM,,,,,,,,,,,
world:stock:FOX,Stock;Company;Entity,FOX,FOX,FOX,,,,,,,stock,Entities,,,,,,,,,,,,,,,,2026-06-01,FOX,,FOX,,,,,,,,,,,
world:stock:FOXA,Stock;Company;Entity,FOXA,FOXA,FOXA,,,,,,,stock,Entities,,,,,,,,,,,,,,,,2026-06-01,FOXA,,FOXA,,,,,,,,,,,
world:stock:FPDS,Stock;Company;Entity,FPDS,FPDS,FPDS,,,,,,,stock,Entities,,,,,,,,,,,,,,,,2026-06-01,FPDS,,FPDS,,,,,,,,,,,
world:stock:FRD,Stock;Company;Entity,FRD,FRD,FRD,,,,,,,stock,Entities,,,,,,,,,,,,,,,,2026-06-01,FRD,,FRD,,,,,,,,,,,
world:stock:FRT,Stock;Company;Entity,FRT,FRT,FRT,,,,,,,stock,Entities,,,,,,,,,,,,,,,,2026-06-01,FRT,,FRT,,,,,,,,,,,
world:stock:FSLR,Stock;Company;Entity,FSLR,FSLR,FSLR,,,,,,,stock,Entities,,,,,,,,,,,,,,,,2026-06-01,FSLR,,FSLR,,,,,,,,,,,
world:stock:FSLY,Stock;Company;Entity,FSLY,FSLY,FSLY,,,,,,,stock,Entities,,,,,,,,,,,,,,,,2026-06-01,FSLY,,FSLY,,,,,,,,,,,
world:stock:FSUN,Stock;Company;Entity,FSUN,FSUN,FSUN,,,,,,,stock,Entities,,,,,,,,,,,,,,,,2026-06-01,FSUN,,FSUN,,,,,,,,,,,
world:stock:FTAI,Stock;Company;Entity,FTAI,FTAI,FTAI,,,,,,,stock,Entities,,,,,,,,,,,,,,,,2026-06-01,FTAI,,FTAI,,,,,,,,,,,
world:stock:FTNT,Stock;Company;Entity,FTNT,FTNT,FTNT,,,,,,,stock,Entities,,,,,,,,,,,,,,,,2026-06-01,FTNT,,FTNT,,,,,,,,,,,
world:stock:FTV,Stock;Company;Entity,FTV,FTV,FTV,,,,,,,stock,Entities,,,,,,,,,,,,,,,,2026-06-01,FTV,,FTV,,,,,,,,,,,
world:stock:FUBO,Stock;Company;Entity,FUBO,FUBO,FUBO,,,,,,,stock,Entities,,,,,,,,,,,,,,,,2026-06-01,FUBO,,FUBO,,,,,,,,,,,
world:stock:FUN,Stock;Company;Entity,FUN,FUN,FUN,,,,,,,stock,Entities,,,,,,,,,,,,,,,,2026-06-01,FUN,,FUN,,,,,,,,,,,
world:stock:FVCB,Stock;Company;Entity,FVCB,FVCB,FVCB,,,,,,,stock,Entities,,,,,,,,,,,,,,,,2026-06-01,FVCB,,FVCB,,,,,,,,,,,
world:stock:GAIA,Stock;Company;Entity,GAIA,GAIA,GAIA,,,,,,,stock,Entities,,,,,,,,,,,,,,,,2026-06-01,GAIA,,GAIA,,,,,,,,,,,
world:stock:GAIN,Stock;Company;Entity,GAIN,GAIN,GAIN,,,,,,,stock,Entities,,,,,,,,,,,,,,,,2026-06-01,GAIN,,GAIN,,,,,,,,,,,
world:stock:GALT,Stock;Company;Entity,GALT,GALT,GALT,,,,,,,stock,Entities,,,,,,,,,,,,,,,,2026-06-01,GALT,,GALT,,,,,,,,,,,
world:stock:GBLI,Stock;Company;Entity,GBLI,GBLI,GBLI,,,,,,,stock,Entities,,,,,,,,,,,,,,,,2026-06-01,GBLI,,GBLI,,,,,,,,,,,
world:stock:GBX,Stock;Company;Entity,GBX,GBX,GBX,,,,,,,stock,Entities,,,,,,,,,,,,,,,,2026-06-01,GBX,,GBX,,,,,,,,,,,
world:stock:GCMG,Stock;Company;Entity,GCMG,GCMG,GCMG,,,,,,,stock,Entities,,,,,,,,,,,,,,,,2026-06-01,GCMG,,GCMG,,,,,,,,,,,
world:stock:GD,Stock;Company;Entity,GD,GD,GD,,,,,,,stock,Entities,,,,,,,,,,,,,,,,2026-06-01,GD,,GD,,,,,,,,,,,
world:stock:GDDY,Stock;Company;Entity,GDDY,GDDY,GDDY,,,,,,,stock,Entities,,,,,,,,,,,,,,,,2026-06-01,GDDY,,GDDY,,,,,,,,,,,
world:stock:GDP,Stock;Company;Entity,GDP,GDP,GDP,,,,,,,stock,Entities,,,,,,,,,,,,,,,,2026-06-01,GDP,,GDP,,,,,,,,,,,
world:stock:GE,Stock;Company;Entity,GE,GE,GE,,,,,,,stock,Entities,,,,,,,,,,,,,,,,2026-06-01,GE,,GE,,,,,,,,,,,
world:stock:GEHC,Stock;Company;Entity,GEHC,GEHC,GEHC,,,,,,,stock,Entities,,,,,,,,,,,,,,,,2026-06-01,GEHC,,GEHC,,,,,,,,,,,
world:stock:GEL,Stock;Company;Entity,GEL,GEL,GEL,,,,,,,stock,Entities,,,,,,,,,,,,,,,,2026-06-01,GEL,,GEL,,,,,,,,,,,
world:stock:GEN,Stock;Company;Entity,GEN,GEN,GEN,,,,,,,stock,Entities,,,,,,,,,,,,,,,,2026-06-01,GEN,,GEN,,,,,,,,,,,
world:stock:GEV,Stock;Company;Entity,GEV,GEV,GEV,World_Machine,Entities/Stocks/GEV.md,obsidian://open?vault=World_Machine&file=Entities%2FStocks%2FGEV.md,C:\Users\CaveUser\Documents\Obsidian Vault\World_Machine\Entities\Stocks\GEV.md,World_Machine,Entities,stock,Entities,Stocks,,[[Industrials]],,[[USA]],,stock;industrials;electrification;grid,Active,,,,,,,,2026-06-01,GEV,NYSE,GEV,,,,,,,,,,,
world:stock:GFS,Stock;Company;Entity,GFS,GFS,GFS,,,,,,,stock,Entities,,,,,,,,,,,,,,,,2026-06-01,GFS,,GFS,,,,,,,,,,,
world:stock:GGR,Stock;Company;Entity,GGR,GGR,GGR,,,,,,,stock,Entities,,,,,,,,,,,,,,,,2026-06-01,GGR,,GGR,,,,,,,,,,,
world:stock:GHRS,Stock;Company;Entity,GHRS,GHRS,GHRS,World_Machine,Entities/Stocks/GHRS.md,obsidian://open?vault=World_Machine&file=Entities%2FStocks%2FGHRS.md,C:\Users\CaveUser\Documents\Obsidian Vault\World_Machine\Entities\Stocks\GHRS.md,World_Machine,Entities,stock,Entities,Stocks,,[[Healthcare]],,[[USA]],,stock;biotech;psychedelics;mental-health,Active,,,,,,,,2026-06-01,GHRS,NASDAQ,GHRS,,,,,,,,,,,
world:stock:GILD,Stock;Company;Entity,GILD,GILD,GILD,,,,,,,stock,Entities,,,,,,,,,,,,,,,,2026-06-01,GILD,,GILD,,,,,,,,,,,
world:stock:GIS,Stock;Company;Entity,GIS,GIS,GIS,,,,,,,stock,Entities,,,,,,,,,,,,,,,,2026-06-01,GIS,,GIS,,,,,,,,,,,
world:stock:GL,Stock;Company;Entity,GL,GL,GL,,,,,,,stock,Entities,,,,,,,,,,,,,,,,2026-06-01,GL,,GL,,,,,,,,,,,
world:stock:GLD,Stock;Company;Entity,GLD,GLD,GLD,,,,,,,stock,Entities,,,,,,,,,,,,,,,,2026-06-01,GLD,,GLD,,,,,,,,,,,
world:stock:GLDD,Stock;Company;Entity,GLDD,GLDD,GLDD,,,,,,,stock,Entities,,,,,,,,,,,,,,,,2026-06-01,GLDD,,GLDD,,,,,,,,,,,
world:stock:GLND,Stock;Company;Entity,GLND,GLND,GLND,,,,,,,stock,Entities,,,,,,,,,,,,,,,,2026-06-01,GLND,,GLND,,,,,,,,,,,
world:stock:GLOB,Stock;Company;Entity,GLOB,GLOB,GLOB,,,,,,,stock,Entities,,,,,,,,,,,,,,,,2026-06-01,GLOB,,GLOB,,,,,,,,,,,
world:stock:GLW,Stock;Company;Entity,GLW,GLW,GLW,,,,,,,stock,Entities,,,,,,,,,,,,,,,,2026-06-01,GLW,,GLW,,,,,,,,,,,
world:stock:GM,Stock;Company;Entity,GM,GM,GM,,,,,,,stock,Entities,,,,,,,,,,,,,,,,2026-06-01,GM,,GM,,,,,,,,,,,
world:stock:GNE,Stock;Company;Entity,GNE,GNE,GNE,,,,,,,stock,Entities,,,,,,,,,,,,,,,,2026-06-01,GNE,,GNE,,,,,,,,,,,
world:stock:GNL,Stock;Company;Entity,GNL,GNL,GNL,,,,,,,stock,Entities,,,,,,,,,,,,,,,,2026-06-01,GNL,,GNL,,,,,,,,,,,
world:stock:GNRC,Stock;Company;Entity,GNRC,GNRC,GNRC,,,,,,,stock,Entities,,,,,,,,,,,,,,,,2026-06-01,GNRC,,GNRC,,,,,,,,,,,
world:stock:GO,Stock;Company;Entity,GO,GO,GO,,,,,,,stock,Entities,,,,,,,,,,,,,,,,2026-06-01,GO,,GO,,,,,,,,,,,
world:stock:GOGO,Stock;Company;Entity,GOGO,GOGO,GOGO,,,,,,,stock,Entities,,,,,,,,,,,,,,,,2026-06-01,GOGO,,GOGO,,,,,,,,,,,
world:stock:GOLD,Stock;Company;Entity,GOLD,GOLD,GOLD,World_Machine,Entities/Stocks/Barrick Gold (GOLD).md,obsidian://open?vault=World_Machine&file=Entities%2FStocks%2FBarrick%20Gold%20(GOLD).md,C:\Users\CaveUser\Documents\Obsidian Vault\World_Machine\Entities\Stocks\Barrick Gold (GOLD).md,World_Machine,Entities,stock,Entities,Stocks,,[[Materials]],,[[USA]],,stock;materials;gold;miner,Active,,,,,,,,2026-06-01,GOLD,NYSE,GOLD,,,,,,,,,,,
world:stock:GOOG,Stock;Company;Entity,GOOG,GOOG,GOOG,,,,,,,stock,Entities,,,,,,,,,,,,,,,,2026-06-01,GOOG,,GOOG,,,,,,,,,,,
world:stock:GOOGL,Stock;Company;Entity,GOOGL,GOOGL,GOOGL,World_Machine,Entities/Stocks/GOOGL.md,obsidian://open?vault=World_Machine&file=Entities%2FStocks%2FGOOGL.md,C:\Users\CaveUser\Documents\Obsidian Vault\World_Machine\Entities\Stocks\GOOGL.md,World_Machine,Entities,stock,Entities,Stocks,,[[Communication Services]],,[[USA]],,stock;communication-services;tech;ai,Active,,,,,,,,2026-06-01,GOOGL,NASDAQ,GOOGL,,,,,,,,,,,
world:stock:GORO,Stock;Company;Entity,GORO,GORO,GORO,,,,,,,stock,Entities,,,,,,,,,,,,,,,,2026-06-01,GORO,,GORO,,,,,,,,,,,
world:stock:GPC,Stock;Company;Entity,GPC,GPC,GPC,,,,,,,stock,Entities,,,,,,,,,,,,,,,,2026-06-01,GPC,,GPC,,,,,,,,,,,
world:stock:GPN,Stock;Company;Entity,GPN,GPN,GPN,,,,,,,stock,Entities,,,,,,,,,,,,,,,,2026-06-01,GPN,,GPN,,,,,,,,,,,
world:stock:GPRE,Stock;Company;Entity,GPRE,GPRE,GPRE,,,,,,,stock,Entities,,,,,,,,,,,,,,,,2026-06-01,GPRE,,GPRE,,,,,,,,,,,
world:stock:GPRK,Stock;Company;Entity,GPRK,GPRK,GPRK,,,,,,,stock,Entities,,,,,,,,,,,,,,,,2026-06-01,GPRK,,GPRK,,,,,,,,,,,
world:stock:GRAL,Stock;Company;Entity,GRAL,GRAL,GRAL,,,,,,,stock,Entities,,,,,,,,,,,,,,,,2026-06-01,GRAL,,GRAL,,,,,,,,,,,
world:stock:GRC,Stock;Company;Entity,GRC,GRC,GRC,,,,,,,stock,Entities,,,,,,,,,,,,,,,,2026-06-01,GRC,,GRC,,,,,,,,,,,
world:stock:GRDN,Stock;Company;Entity,GRDN,GRDN,GRDN,,,,,,,stock,Entities,,,,,,,,,,,,,,,,2026-06-01,GRDN,,GRDN,,,,,,,,,,,
world:stock:GRMN,Stock;Company;Entity,GRMN,GRMN,GRMN,,,,,,,stock,Entities,,,,,,,,,,,,,,,,2026-06-01,GRMN,,GRMN,,,,,,,,,,,
world:stock:GRO,Stock;Company;Entity,GRO,GRO,GRO,,,,,,,stock,Entities,,,,,,,,,,,,,,,,2026-06-01,GRO,,GRO,,,,,,,,,,,
world:stock:GROV,Stock;Company;Entity,GROV,GROV,GROV,,,,,,,stock,Entities,,,,,,,,,,,,,,,,2026-06-01,GROV,,GROV,,,,,,,,,,,
world:stock:GROY,Stock;Company;Entity,GROY,GROY,GROY,,,,,,,stock,Entities,,,,,,,,,,,,,,,,2026-06-01,GROY,,GROY,,,,,,,,,,,
world:stock:GRPN,Stock;Company;Entity,GRPN,GRPN,GRPN,,,,,,,stock,Entities,,,,,,,,,,,,,,,,2026-06-01,GRPN,,GRPN,,,,,,,,,,,
world:stock:GS,Stock;Company;Entity,GS,GS,GS,World_Machine,Entities/Stocks/GS.md,obsidian://open?vault=World_Machine&file=Entities%2FStocks%2FGS.md,C:\Users\CaveUser\Documents\Obsidian Vault\World_Machine\Entities\Stocks\GS.md,World_Machine,Entities,stock,Entities,Stocks,,[[Financials]],,[[USA]],,stock;financials;investment-banking;markets,Active,,,,,,,,2026-06-01,GS,NYSE,GS,,,,,,,,,,,
world:stock:GSBD,Stock;Company;Entity,GSBD,GSBD,GSBD,,,,,,,stock,Entities,,,,,,,,,,,,,,,,2026-06-01,GSBD,,GSBD,,,,,,,,,,,
world:stock:GSIT,Stock;Company;Entity,GSIT,GSIT,GSIT,,,,,,,stock,Entities,,,,,,,,,,,,,,,,2026-06-01,GSIT,,GSIT,,,,,,,,,,,
world:stock:GSL,Stock;Company;Entity,GSL,GSL,GSL,,,,,,,stock,Entities,,,,,,,,,,,,,,,,2026-06-01,GSL,,GSL,,,,,,,,,,,
world:stock:GSRVU,Stock;Company;Entity,GSRVU,GSRVU,GSRVU,,,,,,,stock,Entities,,,,,,,,,,,,,,,,2026-06-01,GSRVU,,GSRVU,,,,,,,,,,,
world:stock:GT,Stock;Company;Entity,GT,GT,GT,,,,,,,stock,Entities,,,,,,,,,,,,,,,,2026-06-01,GT,,GT,,,,,,,,,,,
world:stock:GTLS,Stock;Company;Entity,GTLS,GTLS,GTLS,,,,,,,stock,Entities,,,,,,,,,,,,,,,,2026-06-01,GTLS,,GTLS,,,,,,,,,,,
world:stock:GUT,Stock;Company;Entity,GUT,GUT,GUT,,,,,,,stock,Entities,,,,,,,,,,,,,,,,2026-06-01,GUT,,GUT,,,,,,,,,,,
world:stock:GWRS,Stock;Company;Entity,GWRS,GWRS,GWRS,,,,,,,stock,Entities,,,,,,,,,,,,,,,,2026-06-01,GWRS,,GWRS,,,,,,,,,,,
world:stock:GWW,Stock;Company;Entity,GWW,GWW,GWW,,,,,,,stock,Entities,,,,,,,,,,,,,,,,2026-06-01,GWW,,GWW,,,,,,,,,,,
world:stock:GXAI,Stock;Company;Entity,GXAI,GXAI,GXAI,,,,,,,stock,Entities,,,,,,,,,,,,,,,,2026-06-01,GXAI,,GXAI,,,,,,,,,,,
world:stock:HAL,Stock;Company;Entity,HAL,HAL,HAL,,,,,,,stock,Entities,,,,,,,,,,,,,,,,2026-06-01,HAL,,HAL,,,,,,,,,,,
world:stock:HAS,Stock;Company;Entity,HAS,HAS,HAS,,,,,,,stock,Entities,,,,,,,,,,,,,,,,2026-06-01,HAS,,HAS,,,,,,,,,,,
world:stock:HBAN,Stock;Company;Entity,HBAN,HBAN,HBAN,,,,,,,stock,Entities,,,,,,,,,,,,,,,,2026-06-01,HBAN,,HBAN,,,,,,,,,,,
world:stock:HCA,Stock;Company;Entity,HCA,HCA,HCA,,,,,,,stock,Entities,,,,,,,,,,,,,,,,2026-06-01,HCA,,HCA,,,,,,,,,,,
world:stock:HCI,Stock;Company;Entity,HCI,HCI,HCI,,,,,,,stock,Entities,,,,,,,,,,,,,,,,2026-06-01,HCI,,HCI,,,,,,,,,,,
world:stock:HD,Stock;Company;Entity,HD,HD,HD,,,,,,,stock,Entities,,,,,,,,,,,,,,,,2026-06-01,HD,,HD,,,,,,,,,,,
world:stock:HDSN,Stock;Company;Entity,HDSN,HDSN,HDSN,,,,,,,stock,Entities,,,,,,,,,,,,,,,,2026-06-01,HDSN,,HDSN,,,,,,,,,,,
world:stock:HELE,Stock;Company;Entity,HELE,HELE,HELE,,,,,,,stock,Entities,,,,,,,,,,,,,,,,2026-06-01,HELE,,HELE,,,,,,,,,,,
world:stock:HELP,Stock;Company;Entity,HELP,HELP,HELP,World_Machine,Entities/Stocks/HELP.md,obsidian://open?vault=World_Machine&file=Entities%2FStocks%2FHELP.md,C:\Users\CaveUser\Documents\Obsidian Vault\World_Machine\Entities\Stocks\HELP.md,World_Machine,Entities,stock,Entities,Stocks,,[[Healthcare]],,[[USA]],,stock;biotech;psychedelics;mental-health,Active,,,,,,,,2026-06-01,HELP,NASDAQ,HELP,,,,,,,,,,,
world:stock:HIG,Stock;Company;Entity,HIG,HIG,HIG,,,,,,,stock,Entities,,,,,,,,,,,,,,,,2026-06-01,HIG,,HIG,,,,,,,,,,,
world:stock:HII,Stock;Company;Entity,HII,HII,HII,,,,,,,stock,Entities,,,,,,,,,,,,,,,,2026-06-01,HII,,HII,,,,,,,,,,,
world:stock:HIMS,Stock;Company;Entity,HIMS,HIMS,HIMS,,,,,,,stock,Entities,,,,,,,,,,,,,,,,2026-06-01,HIMS,,HIMS,,,,,,,,,,,
world:stock:HLF,Stock;Company;Entity,HLF,HLF,HLF,,,,,,,stock,Entities,,,,,,,,,,,,,,,,2026-06-01,HLF,,HLF,,,,,,,,,,,
world:stock:HLT,Stock;Company;Entity,HLT,HLT,HLT,,,,,,,stock,Entities,,,,,,,,,,,,,,,,2026-06-01,HLT,,HLT,,,,,,,,,,,
world:stock:HLX,Stock;Company;Entity,HLX,HLX,HLX,,,,,,,stock,Entities,,,,,,,,,,,,,,,,2026-06-01,HLX,,HLX,,,,,,,,,,,
world:stock:HMN,Stock;Company;Entity,HMN,HMN,HMN,,,,,,,stock,Entities,,,,,,,,,,,,,,,,2026-06-01,HMN,,HMN,,,,,,,,,,,
world:stock:HNRG,Stock;Company;Entity,HNRG,HNRG,HNRG,,,,,,,stock,Entities,,,,,,,,,,,,,,,,2026-06-01,HNRG,,HNRG,,,,,,,,,,,
world:stock:HON,Stock;Company;Entity,HON,HON,HON,,,,,,,stock,Entities,,,,,,,,,,,,,,,,2026-06-01,HON,,HON,,,,,,,,,,,
world:stock:HOOD,Stock;Company;Entity,HOOD,HOOD,HOOD,,,,,,,stock,Entities,,,,,,,,,,,,,,,,2026-06-01,HOOD,,HOOD,,,,,,,,,,,
world:stock:HOV,Stock;Company;Entity,HOV,HOV,HOV,,,,,,,stock,Entities,,,,,,,,,,,,,,,,2026-06-01,HOV,,HOV,,,,,,,,,,,
world:stock:HOVR,Stock;Company;Entity,HOVR,HOVR,HOVR,World_Machine,Entities/Stocks/HOVR.md,obsidian://open?vault=World_Machine&file=Entities%2FStocks%2FHOVR.md,C:\Users\CaveUser\Documents\Obsidian Vault\World_Machine\Entities\Stocks\HOVR.md,World_Machine,Entities,stock,Entities,Stocks,,[[Industrials]],,[[Canada]],,stock;evtol;drones;air-mobility;canada,Active,,,,,,,,2026-06-01,HOVR,NASDAQ,HOVR,,,,,,,,,,,
world:stock:HPE,Stock;Company;Entity,HPE,HPE,HPE,,,,,,,stock,Entities,,,,,,,,,,,,,,,,2026-06-01,HPE,,HPE,,,,,,,,,,,
world:stock:HPQ,Stock;Company;Entity,HPQ,HPQ,HPQ,,,,,,,stock,Entities,,,,,,,,,,,,,,,,2026-06-01,HPQ,,HPQ,,,,,,,,,,,
world:stock:HRB,Stock;Company;Entity,HRB,HRB,HRB,,,,,,,stock,Entities,,,,,,,,,,,,,,,,2026-06-01,HRB,,HRB,,,,,,,,,,,
world:stock:HRL,Stock;Company;Entity,HRL,HRL,HRL,,,,,,,stock,Entities,,,,,,,,,,,,,,,,2026-06-01,HRL,,HRL,,,,,,,,,,,
world:stock:HRMY,Stock;Company;Entity,HRMY,HRMY,HRMY,,,,,,,stock,Entities,,,,,,,,,,,,,,,,2026-06-01,HRMY,,HRMY,,,,,,,,,,,
world:stock:HRZN,Stock;Company;Entity,HRZN,HRZN,HRZN,,,,,,,stock,Entities,,,,,,,,,,,,,,,,2026-06-01,HRZN,,HRZN,,,,,,,,,,,
world:stock:HSHP,Stock;Company;Entity,HSHP,HSHP,HSHP,,,,,,,stock,Entities,,,,,,,,,,,,,,,,2026-06-01,HSHP,,HSHP,,,,,,,,,,,
world:stock:HSIC,Stock;Company;Entity,HSIC,HSIC,HSIC,,,,,,,stock,Entities,,,,,,,,,,,,,,,,2026-06-01,HSIC,,HSIC,,,,,,,,,,,
world:stock:HST,Stock;Company;Entity,HST,HST,HST,,,,,,,stock,Entities,,,,,,,,,,,,,,,,2026-06-01,HST,,HST,,,,,,,,,,,
world:stock:HSY,Stock;Company;Entity,HSY,HSY,HSY,,,,,,,stock,Entities,,,,,,,,,,,,,,,,2026-06-01,HSY,,HSY,,,,,,,,,,,
world:stock:HTO,Stock;Company;Entity,HTO,HTO,HTO,,,,,,,stock,Entities,,,,,,,,,,,,,,,,2026-06-01,HTO,,HTO,,,,,,,,,,,
world:stock:HUBB,Stock;Company;Entity,HUBB,HUBB,HUBB,World_Machine,Entities/Stocks/HUBB.md,obsidian://open?vault=World_Machine&file=Entities%2FStocks%2FHUBB.md,C:\Users\CaveUser\Documents\Obsidian Vault\World_Machine\Entities\Stocks\HUBB.md,World_Machine,Entities,stock,Entities,Stocks,,[[Industrials]],,[[USA]],,stock;industrials;electrification;grid-equipment,Active,,,,,,,,2026-06-01,HUBB,NYSE,HUBB,,,,,,,,,,,
world:stock:HUM,Stock;Company;Entity,HUM,HUM,HUM,,,,,,,stock,Entities,,,,,,,,,,,,,,,,2026-06-01,HUM,,HUM,,,,,,,,,,,
world:stock:HUT,Stock;Company;Entity,HUT,HUT,HUT,,,,,,,stock,Entities,,,,,,,,,,,,,,,,2026-06-01,HUT,,HUT,,,,,,,,,,,
world:stock:HWM,Stock;Company;Entity,HWM,HWM,HWM,,,,,,,stock,Entities,,,,,,,,,,,,,,,,2026-06-01,HWM,,HWM,,,,,,,,,,,
world:stock:IAU,Stock;Company;Entity,IAU,IAU,IAU,,,,,,,stock,Entities,,,,,,,,,,,,,,,,2026-06-01,IAU,,IAU,,,,,,,,,,,
world:stock:IAUX,Stock;Company;Entity,IAUX,IAUX,IAUX,,,,,,,stock,Entities,,,,,,,,,,,,,,,,2026-06-01,IAUX,,IAUX,,,,,,,,,,,
world:stock:IBKR,Stock;Company;Entity,IBKR,IBKR,IBKR,,,,,,,stock,Entities,,,,,,,,,,,,,,,,2026-06-01,IBKR,,IBKR,,,,,,,,,,,
world:stock:IBM,Stock;Company;Entity,IBM,IBM,IBM,,,,,,,stock,Entities,,,,,,,,,,,,,,,,2026-06-01,IBM,,IBM,,,,,,,,,,,
world:stock:IDN,Stock;Company;Entity,IDN,IDN,IDN,,,,,,,stock,Entities,,,,,,,,,,,,,,,,2026-06-01,IDN,,IDN,,,,,,,,,,,
world:stock:IDXX,Stock;Company;Entity,IDXX,IDXX,IDXX,,,,,,,stock,Entities,,,,,,,,,,,,,,,,2026-06-01,IDXX,,IDXX,,,,,,,,,,,
world:stock:IDYA,Stock;Company;Entity,IDYA,IDYA,IDYA,,,,,,,stock,Entities,,,,,,,,,,,,,,,,2026-06-01,IDYA,,IDYA,,,,,,,,,,,
world:stock:IEFA,Stock;Company;Entity,IEFA,IEFA,IEFA,,,,,,,stock,Entities,,,,,,,,,,,,,,,,2026-06-01,IEFA,,IEFA,,,,,,,,,,,
world:stock:IEMG,Stock;Company;Entity,IEMG,IEMG,IEMG,,,,,,,stock,Entities,,,,,,,,,,,,,,,,2026-06-01,IEMG,,IEMG,,,,,,,,,,,
world:stock:IEX,Stock;Company;Entity,IEX,IEX,IEX,,,,,,,stock,Entities,,,,,,,,,,,,,,,,2026-06-01,IEX,,IEX,,,,,,,,,,,
world:stock:IFF,Stock;Company;Entity,IFF,IFF,IFF,,,,,,,stock,Entities,,,,,,,,,,,,,,,,2026-06-01,IFF,,IFF,,,,,,,,,,,
world:stock:IHRT,Stock;Company;Entity,IHRT,IHRT,IHRT,,,,,,,stock,Entities,,,,,,,,,,,,,,,,2026-06-01,IHRT,,IHRT,,,,,,,,,,,
world:stock:IIPR,Stock;Company;Entity,IIPR,IIPR,IIPR,World_Machine,Entities/Stocks/IIPR.md,obsidian://open?vault=World_Machine&file=Entities%2FStocks%2FIIPR.md,C:\Users\CaveUser\Documents\Obsidian Vault\World_Machine\Entities\Stocks\IIPR.md,World_Machine,Entities,stock,Entities,Stocks,,[[Real Estate]],,[[USA]],,stock;smallcap;real-estate;special-situations,Active,,,,,,,,2026-06-01,IIPR,NYSE,IIPR,,,,,,,,,,,
world:stock:ILMN,Stock;Company;Entity,ILMN,ILMN,ILMN,,,,,,,stock,Entities,,,,,,,,,,,,,,,,2026-06-01,ILMN,,ILMN,,,,,,,,,,,
world:stock:IMKTA,Stock;Company;Entity,IMKTA,IMKTA,IMKTA,,,,,,,stock,Entities,,,,,,,,,,,,,,,,2026-06-01,IMKTA,,IMKTA,,,,,,,,,,,
world:stock:INBK,Stock;Company;Entity,INBK,INBK,INBK,,,,,,,stock,Entities,,,,,,,,,,,,,,,,2026-06-01,INBK,,INBK,,,,,,,,,,,
world:stock:INBX,Stock;Company;Entity,INBX,INBX,INBX,,,,,,,stock,Entities,,,,,,,,,,,,,,,,2026-06-01,INBX,,INBX,,,,,,,,,,,
world:stock:INCY,Stock;Company;Entity,INCY,INCY,INCY,,,,,,,stock,Entities,,,,,,,,,,,,,,,,2026-06-01,INCY,,INCY,,,,,,,,,,,
world:stock:INGM,Stock;Company;Entity,INGM,INGM,INGM,,,,,,,stock,Entities,,,,,,,,,,,,,,,,2026-06-01,INGM,,INGM,,,,,,,,,,,
world:stock:INNV,Stock;Company;Entity,INNV,INNV,INNV,,,,,,,stock,Entities,,,,,,,,,,,,,,,,2026-06-01,INNV,,INNV,,,,,,,,,,,
world:stock:INOD,Stock;Company;Entity,INOD,INOD,INOD,,,,,,,stock,Entities,,,,,,,,,,,,,,,,2026-06-01,INOD,,INOD,,,,,,,,,,,
world:stock:INR,Stock;Company;Entity,INR,INR,INR,,,,,,,stock,Entities,,,,,,,,,,,,,,,,2026-06-01,INR,,INR,,,,,,,,,,,
world:stock:INSM,Stock;Company;Entity,INSM,INSM,INSM,,,,,,,stock,Entities,,,,,,,,,,,,,,,,2026-06-01,INSM,,INSM,,,,,,,,,,,
world:stock:INSP,Stock;Company;Entity,INSP,INSP,INSP,,,,,,,stock,Entities,,,,,,,,,,,,,,,,2026-06-01,INSP,,INSP,,,,,,,,,,,
world:stock:INTC,Stock;Company;Entity,INTC,INTC,INTC,,,,,,,stock,Entities,,,,,,,,,,,,,,,,2026-06-01,INTC,,INTC,,,,,,,,,,,
world:stock:INTT,Stock;Company;Entity,INTT,INTT,INTT,,,,,,,stock,Entities,,,,,,,,,,,,,,,,2026-06-01,INTT,,INTT,,,,,,,,,,,
world:stock:INTU,Stock;Company;Entity,INTU,INTU,INTU,,,,,,,stock,Entities,,,,,,,,,,,,,,,,2026-06-01,INTU,,INTU,,,,,,,,,,,
world:stock:INVA,Stock;Company;Entity,INVA,INVA,INVA,,,,,,,stock,Entities,,,,,,,,,,,,,,,,2026-06-01,INVA,,INVA,,,,,,,,,,,
world:stock:INVE,Stock;Company;Entity,INVE,INVE,INVE,,,,,,,stock,Entities,,,,,,,,,,,,,,,,2026-06-01,INVE,,INVE,,,,,,,,,,,
world:stock:INVH,Stock;Company;Entity,INVH,INVH,INVH,,,,,,,stock,Entities,,,,,,,,,,,,,,,,2026-06-01,INVH,,INVH,,,,,,,,,,,
world:stock:INVX,Stock;Company;Entity,INVX,INVX,INVX,,,,,,,stock,Entities,,,,,,,,,,,,,,,,2026-06-01,INVX,,INVX,,,,,,,,,,,
world:stock:IONQ,Stock;Company;Entity,IONQ,IONQ,IONQ,,,,,,,stock,Entities,,,,,,,,,,,,,,,,2026-06-01,IONQ,,IONQ,,,,,,,,,,,
world:stock:IOSP,Stock;Company;Entity,IOSP,IOSP,IOSP,,,,,,,stock,Entities,,,,,,,,,,,,,,,,2026-06-01,IOSP,,IOSP,,,,,,,,,,,
world:stock:IP,Stock;Company;Entity,IP,IP,IP,,,,,,,stock,Entities,,,,,,,,,,,,,,,,2026-06-01,IP,,IP,,,,,,,,,,,
world:stock:IPI,Stock;Company;Entity,IPI,IPI,IPI,,,,,,,stock,Entities,,,,,,,,,,,,,,,,2026-06-01,IPI,,IPI,,,,,,,,,,,
world:stock:IPX,Stock;Company;Entity,IPX,IPX,IPX,,,,,,,stock,Entities,,,,,,,,,,,,,,,,2026-06-01,IPX,,IPX,,,,,,,,,,,
world:stock:IQV,Stock;Company;Entity,IQV,IQV,IQV,,,,,,,stock,Entities,,,,,,,,,,,,,,,,2026-06-01,IQV,,IQV,,,,,,,,,,,
world:stock:IR,Stock;Company;Entity,IR,IR,IR,,,,,,,stock,Entities,,,,,,,,,,,,,,,,2026-06-01,IR,,IR,,,,,,,,,,,
world:stock:IRD,Stock;Company;Entity,IRD,IRD,IRD,,,,,,,stock,Entities,,,,,,,,,,,,,,,,2026-06-01,IRD,,IRD,,,,,,,,,,,
world:stock:IRM,Stock;Company;Entity,IRM,IRM,IRM,,,,,,,stock,Entities,,,,,,,,,,,,,,,,2026-06-01,IRM,,IRM,,,,,,,,,,,
world:stock:IRON,Stock;Company;Entity,IRON,IRON,IRON,,,,,,,stock,Entities,,,,,,,,,,,,,,,,2026-06-01,IRON,,IRON,,,,,,,,,,,
world:stock:IRS,Stock;Company;Entity,IRS,IRS,IRS,,,,,,,stock,Entities,,,,,,,,,,,,,,,,2026-06-01,IRS,,IRS,,,,,,,,,,,
world:stock:IRWD,Stock;Company;Entity,IRWD,IRWD,IRWD,,,,,,,stock,Entities,,,,,,,,,,,,,,,,2026-06-01,IRWD,,IRWD,,,,,,,,,,,
world:stock:ISRG,Stock;Company;Entity,ISRG,ISRG,ISRG,,,,,,,stock,Entities,,,,,,,,,,,,,,,,2026-06-01,ISRG,,ISRG,,,,,,,,,,,
world:stock:ISSC,Stock;Company;Entity,ISSC,ISSC,ISSC,,,,,,,stock,Entities,,,,,,,,,,,,,,,,2026-06-01,ISSC,,ISSC,,,,,,,,,,,
world:stock:ISTR,Stock;Company;Entity,ISTR,ISTR,ISTR,,,,,,,stock,Entities,,,,,,,,,,,,,,,,2026-06-01,ISTR,,ISTR,,,,,,,,,,,
world:stock:IT,Stock;Company;Entity,IT,IT,IT,,,,,,,stock,Entities,,,,,,,,,,,,,,,,2026-06-01,IT,,IT,,,,,,,,,,,
world:stock:ITT,Stock;Company;Entity,ITT,ITT,ITT,,,,,,,stock,Entities,,,,,,,,,,,,,,,,2026-06-01,ITT,,ITT,,,,,,,,,,,
world:stock:ITW,Stock;Company;Entity,ITW,ITW,ITW,,,,,,,stock,Entities,,,,,,,,,,,,,,,,2026-06-01,ITW,,ITW,,,,,,,,,,,
world:stock:IVR,Stock;Company;Entity,IVR,IVR,IVR,,,,,,,stock,Entities,,,,,,,,,,,,,,,,2026-06-01,IVR,,IVR,,,,,,,,,,,
world:stock:IVV,Stock;Company;Entity,IVV,IVV,IVV,,,,,,,stock,Entities,,,,,,,,,,,,,,,,2026-06-01,IVV,,IVV,,,,,,,,,,,
world:stock:IVZ,Stock;Company;Entity,IVZ,IVZ,IVZ,,,,,,,stock,Entities,,,,,,,,,,,,,,,,2026-06-01,IVZ,,IVZ,,,,,,,,,,,
world:stock:IWD,Stock;Company;Entity,IWD,IWD,IWD,,,,,,,stock,Entities,,,,,,,,,,,,,,,,2026-06-01,IWD,,IWD,,,,,,,,,,,
world:stock:IWF,Stock;Company;Entity,IWF,IWF,IWF,,,,,,,stock,Entities,,,,,,,,,,,,,,,,2026-06-01,IWF,,IWF,,,,,,,,,,,
world:stock:IWR,Stock;Company;Entity,IWR,IWR,IWR,,,,,,,stock,Entities,,,,,,,,,,,,,,,,2026-06-01,IWR,,IWR,,,,,,,,,,,
world:stock:IXHL,Stock;Company;Entity,IXHL,IXHL,IXHL,World_Machine,Entities/Stocks/IXHL.md,obsidian://open?vault=World_Machine&file=Entities%2FStocks%2FIXHL.md,C:\Users\CaveUser\Documents\Obsidian Vault\World_Machine\Entities\Stocks\IXHL.md,World_Machine,Entities,stock,Entities,Stocks,,[[Healthcare]],,[[USA]],,stock;biotech;psychedelics;mental-health,Active,,,,,,,,2026-06-01,IXHL,NASDAQ,IXHL,,,,,,,,,,,
world:stock:IXUS,Stock;Company;Entity,IXUS,IXUS,IXUS,,,,,,,stock,Entities,,,,,,,,,,,,,,,,2026-06-01,IXUS,,IXUS,,,,,,,,,,,
world:stock:J,Stock;Company;Entity,J,J,J,,,,,,,stock,Entities,,,,,,,,,,,,,,,,2026-06-01,J,,J,,,,,,,,,,,
world:stock:JACK,Stock;Company;Entity,JACK,JACK,JACK,,,,,,,stock,Entities,,,,,,,,,,,,,,,,2026-06-01,JACK,,JACK,,,,,,,,,,,
world:stock:JAKK,Stock;Company;Entity,JAKK,JAKK,JAKK,,,,,,,stock,Entities,,,,,,,,,,,,,,,,2026-06-01,JAKK,,JAKK,,,,,,,,,,,
world:stock:JANX,Stock;Company;Entity,JANX,JANX,JANX,,,,,,,stock,Entities,,,,,,,,,,,,,,,,2026-06-01,JANX,,JANX,,,,,,,,,,,
world:stock:JBHT,Stock;Company;Entity,JBHT,JBHT,JBHT,,,,,,,stock,Entities,,,,,,,,,,,,,,,,2026-06-01,JBHT,,JBHT,,,,,,,,,,,
world:stock:JBL,Stock;Company;Entity,JBL,JBL,JBL,,,,,,,stock,Entities,,,,,,,,,,,,,,,,2026-06-01,JBL,,JBL,,,,,,,,,,,
world:stock:JBLU,Stock;Company;Entity,JBLU,JBLU,JBLU,,,,,,,stock,Entities,,,,,,,,,,,,,,,,2026-06-01,JBLU,,JBLU,,,,,,,,,,,
world:stock:JCAP,Stock;Company;Entity,JCAP,JCAP,JCAP,,,,,,,stock,Entities,,,,,,,,,,,,,,,,2026-06-01,JCAP,,JCAP,,,,,,,,,,,
world:stock:JCI,Stock;Company;Entity,JCI,JCI,JCI,,,,,,,stock,Entities,,,,,,,,,,,,,,,,2026-06-01,JCI,,JCI,,,,,,,,,,,
world:stock:JELD,Stock;Company;Entity,JELD,JELD,JELD,,,,,,,stock,Entities,,,,,,,,,,,,,,,,2026-06-01,JELD,,JELD,,,,,,,,,,,
world:stock:JJSF,Stock;Company;Entity,JJSF,JJSF,JJSF,,,,,,,stock,Entities,,,,,,,,,,,,,,,,2026-06-01,JJSF,,JJSF,,,,,,,,,,,
world:stock:JKHY,Stock;Company;Entity,JKHY,JKHY,JKHY,,,,,,,stock,Entities,,,,,,,,,,,,,,,,2026-06-01,JKHY,,JKHY,,,,,,,,,,,
world:stock:JNJ,Stock;Company;Entity,JNJ,JNJ,JNJ,World_Machine,Entities/Stocks/JNJ.md,obsidian://open?vault=World_Machine&file=Entities%2FStocks%2FJNJ.md,C:\Users\CaveUser\Documents\Obsidian Vault\World_Machine\Entities\Stocks\JNJ.md,World_Machine,Entities,stock,Entities,Stocks,,[[Healthcare]],,[[USA]],,stock;pharma;mental-health,Active,,,,,,,,2026-06-01,JNJ,NYSE,JNJ,,,,,,,,,,,
world:stock:JOBY,Stock;Company;Entity,JOBY,JOBY,JOBY,World_Machine,Entities/Stocks/JOBY.md,obsidian://open?vault=World_Machine&file=Entities%2FStocks%2FJOBY.md,C:\Users\CaveUser\Documents\Obsidian Vault\World_Machine\Entities\Stocks\JOBY.md,World_Machine,Entities,stock,Entities,Stocks,,[[Industrials]],,[[USA]],,stock;evtol;drones;air-mobility,Active,,,,,,,,2026-06-01,JOBY,NYSE,JOBY,,,,,,,,,,,
world:stock:JPM,Stock;Company;Entity,JPM,JPM,JPM,World_Machine,Entities/Stocks/JPM.md,obsidian://open?vault=World_Machine&file=Entities%2FStocks%2FJPM.md,C:\Users\CaveUser\Documents\Obsidian Vault\World_Machine\Entities\Stocks\JPM.md,World_Machine,Entities,stock,Entities,Stocks,,[[Financials]],,[[USA]],,stock;financials;banking;money-center,Active,,,,,,,,2026-06-01,JPM,NYSE,JPM,,,,,,,,,,,
world:stock:KALV,Stock;Company;Entity,KALV,KALV,KALV,,,,,,,stock,Entities,,,,,,,,,,,,,,,,2026-06-01,KALV,,KALV,,,,,,,,,,,
world:stock:KBDC,Stock;Company;Entity,KBDC,KBDC,KBDC,,,,,,,stock,Entities,,,,,,,,,,,,,,,,2026-06-01,KBDC,,KBDC,,,,,,,,,,,
world:stock:KD,Stock;Company;Entity,KD,KD,KD,,,,,,,stock,Entities,,,,,,,,,,,,,,,,2026-06-01,KD,,KD,,,,,,,,,,,
world:stock:KDP,Stock;Company;Entity,KDP,KDP,KDP,,,,,,,stock,Entities,,,,,,,,,,,,,,,,2026-06-01,KDP,,KDP,,,,,,,,,,,
world:stock:KEY,Stock;Company;Entity,KEY,KEY,KEY,,,,,,,stock,Entities,,,,,,,,,,,,,,,,2026-06-01,KEY,,KEY,,,,,,,,,,,
world:stock:KEYS,Stock;Company;Entity,KEYS,KEYS,KEYS,,,,,,,stock,Entities,,,,,,,,,,,,,,,,2026-06-01,KEYS,,KEYS,,,,,,,,,,,
world:stock:KGEI,Stock;Company;Entity,KGEI,KGEI,KGEI,,,,,,,stock,Entities,,,,,,,,,,,,,,,,2026-06-01,KGEI,,KGEI,,,,,,,,,,,
world:stock:KHC,Stock;Company;Entity,KHC,KHC,KHC,,,,,,,stock,Entities,,,,,,,,,,,,,,,,2026-06-01,KHC,,KHC,,,,,,,,,,,
world:stock:KIM,Stock;Company;Entity,KIM,KIM,KIM,,,,,,,stock,Entities,,,,,,,,,,,,,,,,2026-06-01,KIM,,KIM,,,,,,,,,,,
world:stock:KKR,Stock;Company;Entity,KKR,KKR,KKR,,,,,,,stock,Entities,,,,,,,,,,,,,,,,2026-06-01,KKR,,KKR,,,,,,,,,,,
world:stock:KLAC,Stock;Company;Entity,KLAC,KLAC,KLAC,,,,,,,stock,Entities,,,,,,,,,,,,,,,,2026-06-01,KLAC,,KLAC,,,,,,,,,,,
world:stock:KMB,Stock;Company;Entity,KMB,KMB,KMB,,,,,,,stock,Entities,,,,,,,,,,,,,,,,2026-06-01,KMB,,KMB,,,,,,,,,,,
world:stock:KMI,Stock;Company;Entity,KMI,KMI,KMI,,,,,,,stock,Entities,,,,,,,,,,,,,,,,2026-06-01,KMI,,KMI,,,,,,,,,,,
world:stock:KMPR,Stock;Company;Entity,KMPR,KMPR,KMPR,,,,,,,stock,Entities,,,,,,,,,,,,,,,,2026-06-01,KMPR,,KMPR,,,,,,,,,,,
world:stock:KNTK,Stock;Company;Entity,KNTK,KNTK,KNTK,,,,,,,stock,Entities,,,,,,,,,,,,,,,,2026-06-01,KNTK,,KNTK,,,,,,,,,,,
world:stock:KNX,Stock;Company;Entity,KNX,KNX,KNX,,,,,,,stock,Entities,,,,,,,,,,,,,,,,2026-06-01,KNX,,KNX,,,,,,,,,,,
world:stock:KO,Stock;Company;Entity,KO,KO,KO,World_Machine,Entities/Stocks/KO.md,obsidian://open?vault=World_Machine&file=Entities%2FStocks%2FKO.md,C:\Users\CaveUser\Documents\Obsidian Vault\World_Machine\Entities\Stocks\KO.md,World_Machine,Entities,stock,Entities,Stocks,,[[Consumer Staples]],,[[USA]],,stock;consumer-staples;beverages;defensive,Active,,,,,,,,2026-06-01,KO,NYSE,KO,,,,,,,,,,,
world:stock:KOD,Stock;Company;Entity,KOD,KOD,KOD,,,,,,,stock,Entities,,,,,,,,,,,,,,,,2026-06-01,KOD,,KOD,,,,,,,,,,,
world:stock:KOS,Stock;Company;Entity,KOS,KOS,KOS,,,,,,,stock,Entities,,,,,,,,,,,,,,,,2026-06-01,KOS,,KOS,,,,,,,,,,,
world:stock:KOSS,Stock;Company;Entity,KOSS,KOSS,KOSS,,,,,,,stock,Entities,,,,,,,,,,,,,,,,2026-06-01,KOSS,,KOSS,,,,,,,,,,,
world:stock:KR,Stock;Company;Entity,KR,KR,KR,,,,,,,stock,Entities,,,,,,,,,,,,,,,,2026-06-01,KR,,KR,,,,,,,,,,,
world:stock:KRMD,Stock;Company;Entity,KRMD,KRMD,KRMD,,,,,,,stock,Entities,,,,,,,,,,,,,,,,2026-06-01,KRMD,,KRMD,,,,,,,,,,,
world:stock:KROS,Stock;Company;Entity,KROS,KROS,KROS,,,,,,,stock,Entities,,,,,,,,,,,,,,,,2026-06-01,KROS,,KROS,,,,,,,,,,,
world:stock:KSCP,Stock;Company;Entity,KSCP,KSCP,KSCP,,,,,,,stock,Entities,,,,,,,,,,,,,,,,2026-06-01,KSCP,,KSCP,,,,,,,,,,,
world:stock:KSS,Stock;Company;Entity,KSS,KSS,KSS,,,,,,,stock,Entities,,,,,,,,,,,,,,,,2026-06-01,KSS,,KSS,,,,,,,,,,,
world:stock:KTOS,Stock;Company;Entity,KTOS,KTOS,KTOS,World_Machine,Entities/Stocks/KTOS.md,obsidian://open?vault=World_Machine&file=Entities%2FStocks%2FKTOS.md,C:\Users\CaveUser\Documents\Obsidian Vault\World_Machine\Entities\Stocks\KTOS.md,World_Machine,Entities,stock,Entities,Stocks,,[[Aerospace & Defense]],,[[USA]],,stock;defense;drones;military,Active,,,,,,,,2026-06-01,KTOS,NASDAQ,KTOS,,,,,,,,,,,
world:stock:KTTA,Stock;Company;Entity,KTTA,KTTA,KTTA,World_Machine,Entities/Stocks/KTTA.md,obsidian://open?vault=World_Machine&file=Entities%2FStocks%2FKTTA.md,C:\Users\CaveUser\Documents\Obsidian Vault\World_Machine\Entities\Stocks\KTTA.md,World_Machine,Entities,stock,Entities,Stocks,,[[Healthcare]],,[[USA]],,stock;biotech,Watching,,,,,,,,2026-06-01,KTTA,NASDAQ,KTTA,,,,,,,,,,,
world:stock:KURA,Stock;Company;Entity,KURA,KURA,KURA,,,,,,,stock,Entities,,,,,,,,,,,,,,,,2026-06-01,KURA,,KURA,,,,,,,,,,,
world:stock:KVUE,Stock;Company;Entity,KVUE,KVUE,KVUE,,,,,,,stock,Entities,,,,,,,,,,,,,,,,2026-06-01,KVUE,,KVUE,,,,,,,,,,,
world:stock:KW,Stock;Company;Entity,KW,KW,KW,,,,,,,stock,Entities,,,,,,,,,,,,,,,,2026-06-01,KW,,KW,,,,,,,,,,,
world:stock:L,Stock;Company;Entity,L,L,L,,,,,,,stock,Entities,,,,,,,,,,,,,,,,2026-06-01,L,,L,,,,,,,,,,,
world:stock:LB,Stock;Company;Entity,LB,LB,LB,,,,,,,stock,Entities,,,,,,,,,,,,,,,,2026-06-01,LB,,LB,,,,,,,,,,,
world:stock:LBRDA,Stock;Company;Entity,LBRDA,LBRDA,LBRDA,,,,,,,stock,Entities,,,,,,,,,,,,,,,,2026-06-01,LBRDA,,LBRDA,,,,,,,,,,,
world:stock:LC,Stock;Company;Entity,LC,LC,LC,,,,,,,stock,Entities,,,,,,,,,,,,,,,,2026-06-01,LC,,LC,,,,,,,,,,,
world:stock:LDOS,Stock;Company;Entity,LDOS,LDOS,LDOS,,,,,,,stock,Entities,,,,,,,,,,,,,,,,2026-06-01,LDOS,,LDOS,,,,,,,,,,,
world:stock:LEG,Stock;Company;Entity,LEG,LEG,LEG,,,,,,,stock,Entities,,,,,,,,,,,,,,,,2026-06-01,LEG,,LEG,,,,,,,,,,,
world:stock:LEN,Stock;Company;Entity,LEN,LEN,LEN,World_Machine,Entities/Stocks/LEN.md,obsidian://open?vault=World_Machine&file=Entities%2FStocks%2FLEN.md,C:\Users\CaveUser\Documents\Obsidian Vault\World_Machine\Entities\Stocks\LEN.md,World_Machine,Entities,stock,Entities,Stocks,,[[Consumer Discretionary]],,[[USA]],,stock;consumer-discretionary;housing;homebuilders,Active,,,,,,,,2026-06-01,LEN,NYSE,LEN,,,,,,,,,,,
world:stock:LENZ,Stock;Company;Entity,LENZ,LENZ,LENZ,,,,,,,stock,Entities,,,,,,,,,,,,,,,,2026-06-01,LENZ,,LENZ,,,,,,,,,,,
world:stock:LFVN,Stock;Company;Entity,LFVN,LFVN,LFVN,,,,,,,stock,Entities,,,,,,,,,,,,,,,,2026-06-01,LFVN,,LFVN,,,,,,,,,,,
world:stock:LGIH,Stock;Company;Entity,LGIH,LGIH,LGIH,,,,,,,stock,Entities,,,,,,,,,,,,,,,,2026-06-01,LGIH,,LGIH,,,,,,,,,,,
world:stock:LH,Stock;Company;Entity,LH,LH,LH,,,,,,,stock,Entities,,,,,,,,,,,,,,,,2026-06-01,LH,,LH,,,,,,,,,,,
world:stock:LHX,Stock;Company;Entity,LHX,LHX,LHX,World_Machine,Entities/Stocks/LHX.md,obsidian://open?vault=World_Machine&file=Entities%2FStocks%2FLHX.md,C:\Users\CaveUser\Documents\Obsidian Vault\World_Machine\Entities\Stocks\LHX.md,World_Machine,Entities,stock,Entities,Stocks,,[[Aerospace & Defense]],,[[USA]],,stock;defense;drones;autonomous;counter-drone,Active,,,,,,,,2026-06-01,LHX,NYSE,LHX,,,,,,,,,,,
world:stock:LIFE,Stock;Company;Entity,LIFE,LIFE,LIFE,,,,,,,stock,Entities,,,,,,,,,,,,,,,,2026-06-01,LIFE,,LIFE,,,,,,,,,,,
world:stock:LII,Stock;Company;Entity,LII,LII,LII,,,,,,,stock,Entities,,,,,,,,,,,,,,,,2026-06-01,LII,,LII,,,,,,,,,,,
world:stock:LILAK,Stock;Company;Entity,LILAK,LILAK,LILAK,,,,,,,stock,Entities,,,,,,,,,,,,,,,,2026-06-01,LILAK,,LILAK,,,,,,,,,,,
world:stock:LIN,Stock;Company;Entity,LIN,LIN,LIN,World_Machine,Entities/Stocks/LIN.md,obsidian://open?vault=World_Machine&file=Entities%2FStocks%2FLIN.md,C:\Users\CaveUser\Documents\Obsidian Vault\World_Machine\Entities\Stocks\LIN.md,World_Machine,Entities,stock,Entities,Stocks,,[[Materials]],,[[USA]],,stock;materials;industrial-gases;quality,Active,,,,,,,,2026-06-01,LIN,NASDAQ,LIN,,,,,,,,,,,
world:stock:LITE,Stock;Company;Entity,LITE,LITE,LITE,,,,,,,stock,Entities,,,,,,,,,,,,,,,,2026-06-01,LITE,,LITE,,,,,,,,,,,
world:stock:LIVN,Stock;Company;Entity,LIVN,LIVN,LIVN,,,,,,,stock,Entities,,,,,,,,,,,,,,,,2026-06-01,LIVN,,LIVN,,,,,,,,,,,
world:stock:LKFT,Stock;Company;Entity,LKFT,LKFT,LKFT,,,,,,,stock,Entities,,,,,,,,,,,,,,,,2026-06-01,LKFT,,LKFT,,,,,,,,,,,
world:stock:LLY,Stock;Company;Entity,LLY,LLY,LLY,World_Machine,Entities/Stocks/LLY.md,obsidian://open?vault=World_Machine&file=Entities%2FStocks%2FLLY.md,C:\Users\CaveUser\Documents\Obsidian Vault\World_Machine\Entities\Stocks\LLY.md,World_Machine,Entities,stock,Entities,Stocks,,[[Healthcare]],,[[USA]],,stock;healthcare;pharma;glp1,Active,,,,,,,,2026-06-01,LLY,NYSE,LLY,,,,,,,,,,,
world:stock:LLYVK,Stock;Company;Entity,LLYVK,LLYVK,LLYVK,,,,,,,stock,Entities,,,,,,,,,,,,,,,,2026-06-01,LLYVK,,LLYVK,,,,,,,,,,,
world:stock:LMT,Stock;Company;Entity,LMT,LMT,LMT,World_Machine,Entities/Stocks/LMT.md,obsidian://open?vault=World_Machine&file=Entities%2FStocks%2FLMT.md,C:\Users\CaveUser\Documents\Obsidian Vault\World_Machine\Entities\Stocks\LMT.md,World_Machine,Entities,stock,Entities,Stocks,,[[Aerospace & Defense]],,[[USA]],,stock;defense;drones;military;large-cap,Active,,,,,,,,2026-06-01,LMT,NYSE,LMT,,,,,,,,,,,
world:stock:LNG,Stock;Company;Entity,LNG,LNG,LNG,,,,,,,stock,Entities,,,,,,,,,,,,,,,,2026-06-01,LNG,,LNG,,,,,,,,,,,
world:stock:LNT,Stock;Company;Entity,LNT,LNT,LNT,,,,,,,stock,Entities,,,,,,,,,,,,,,,,2026-06-01,LNT,,LNT,,,,,,,,,,,
world:stock:LODE,Stock;Company;Entity,LODE,LODE,LODE,,,,,,,stock,Entities,,,,,,,,,,,,,,,,2026-06-01,LODE,,LODE,,,,,,,,,,,
world:stock:LOW,Stock;Company;Entity,LOW,LOW,LOW,,,,,,,stock,Entities,,,,,,,,,,,,,,,,2026-06-01,LOW,,LOW,,,,,,,,,,,
world:stock:LPG,Stock;Company;Entity,LPG,LPG,LPG,,,,,,,stock,Entities,,,,,,,,,,,,,,,,2026-06-01,LPG,,LPG,,,,,,,,,,,
world:stock:LRCX,Stock;Company;Entity,LRCX,LRCX,LRCX,,,,,,,stock,Entities,,,,,,,,,,,,,,,,2026-06-01,LRCX,,LRCX,,,,,,,,,,,
world:stock:LSCC,Stock;Company;Entity,LSCC,LSCC,LSCC,,,,,,,stock,Entities,,,,,,,,,,,,,,,,2026-06-01,LSCC,,LSCC,,,,,,,,,,,
world:stock:LTC,Stock;Company;Entity,LTC,LTC,LTC,,,,,,,stock,Entities,,,,,,,,,,,,,,,,2026-06-01,LTC,,LTC,,,,,,,,,,,
world:stock:LTRX,Stock;Company;Entity,LTRX,LTRX,LTRX,,,,,,,stock,Entities,,,,,,,,,,,,,,,,2026-06-01,LTRX,,LTRX,,,,,,,,,,,
world:stock:LULU,Stock;Company;Entity,LULU,LULU,LULU,,,,,,,stock,Entities,,,,,,,,,,,,,,,,2026-06-01,LULU,,LULU,,,,,,,,,,,
world:stock:LUV,Stock;Company;Entity,LUV,LUV,LUV,,,,,,,stock,Entities,,,,,,,,,,,,,,,,2026-06-01,LUV,,LUV,,,,,,,,,,,
world:stock:LVLT,Stock;Company;Entity,LVLT,LVLT,LVLT,,,,,,,stock,Entities,,,,,,,,,,,,,,,,2026-06-01,LVLT,,LVLT,,,,,,,,,,,
world:stock:LVS,Stock;Company;Entity,LVS,LVS,LVS,,,,,,,stock,Entities,,,,,,,,,,,,,,,,2026-06-01,LVS,,LVS,,,,,,,,,,,
world:stock:LWLG,Stock;Company;Entity,LWLG,LWLG,LWLG,,,,,,,stock,Entities,,,,,,,,,,,,,,,,2026-06-01,LWLG,,LWLG,,,,,,,,,,,
world:stock:LX,Stock;Company;Entity,LX,LX,LX,,,,,,,stock,Entities,,,,,,,,,,,,,,,,2026-06-01,LX,,LX,,,,,,,,,,,
world:stock:LXU,Stock;Company;Entity,LXU,LXU,LXU,,,,,,,stock,Entities,,,,,,,,,,,,,,,,2026-06-01,LXU,,LXU,,,,,,,,,,,
world:stock:LYB,Stock;Company;Entity,LYB,LYB,LYB,,,,,,,stock,Entities,,,,,,,,,,,,,,,,2026-06-01,LYB,,LYB,,,,,,,,,,,
world:stock:LYV,Stock;Company;Entity,LYV,LYV,LYV,,,,,,,stock,Entities,,,,,,,,,,,,,,,,2026-06-01,LYV,,LYV,,,,,,,,,,,
world:stock:MA,Stock;Company;Entity,MA,MA,MA,,,,,,,stock,Entities,,,,,,,,,,,,,,,,2026-06-01,MA,,MA,,,,,,,,,,,
world:stock:MAA,Stock;Company;Entity,MAA,MAA,MAA,,,,,,,stock,Entities,,,,,,,,,,,,,,,,2026-06-01,MAA,,MAA,,,,,,,,,,,
world:stock:MAC,Stock;Company;Entity,MAC,MAC,MAC,,,,,,,stock,Entities,,,,,,,,,,,,,,,,2026-06-01,MAC,,MAC,,,,,,,,,,,
world:stock:MAR,Stock;Company;Entity,MAR,MAR,MAR,,,,,,,stock,Entities,,,,,,,,,,,,,,,,2026-06-01,MAR,,MAR,,,,,,,,,,,
world:stock:MAS,Stock;Company;Entity,MAS,MAS,MAS,,,,,,,stock,Entities,,,,,,,,,,,,,,,,2026-06-01,MAS,,MAS,,,,,,,,,,,
world:stock:MASI,Stock;Company;Entity,MASI,MASI,MASI,,,,,,,stock,Entities,,,,,,,,,,,,,,,,2026-06-01,MASI,,MASI,,,,,,,,,,,
world:stock:MASS,Stock;Company;Entity,MASS,MASS,MASS,,,,,,,stock,Entities,,,,,,,,,,,,,,,,2026-06-01,MASS,,MASS,,,,,,,,,,,
world:stock:MAT,Stock;Company;Entity,MAT,MAT,MAT,,,,,,,stock,Entities,,,,,,,,,,,,,,,,2026-06-01,MAT,,MAT,,,,,,,,,,,
world:stock:MC,Stock;Company;Entity,MC,MC,MC,,,,,,,stock,Entities,,,,,,,,,,,,,,,,2026-06-01,MC,,MC,,,,,,,,,,,
world:stock:MCD,Stock;Company;Entity,MCD,MCD,MCD,,,,,,,stock,Entities,,,,,,,,,,,,,,,,2026-06-01,MCD,,MCD,,,,,,,,,,,
world:stock:MCHP,Stock;Company;Entity,MCHP,MCHP,MCHP,,,,,,,stock,Entities,,,,,,,,,,,,,,,,2026-06-01,MCHP,,MCHP,,,,,,,,,,,
world:stock:MCK,Stock;Company;Entity,MCK,MCK,MCK,,,,,,,stock,Entities,,,,,,,,,,,,,,,,2026-06-01,MCK,,MCK,,,,,,,,,,,
world:stock:MCO,Stock;Company;Entity,MCO,MCO,MCO,,,,,,,stock,Entities,,,,,,,,,,,,,,,,2026-06-01,MCO,,MCO,,,,,,,,,,,
world:stock:MCRI,Stock;Company;Entity,MCRI,MCRI,MCRI,,,,,,,stock,Entities,,,,,,,,,,,,,,,,2026-06-01,MCRI,,MCRI,,,,,,,,,,,
world:stock:MDB,Stock;Company;Entity,MDB,MDB,MDB,,,,,,,stock,Entities,,,,,,,,,,,,,,,,2026-06-01,MDB,,MDB,,,,,,,,,,,
world:stock:MDGL,Stock;Company;Entity,MDGL,MDGL,MDGL,,,,,,,stock,Entities,,,,,,,,,,,,,,,,2026-06-01,MDGL,,MDGL,,,,,,,,,,,
world:stock:MDLN,Stock;Company;Entity,MDLN,MDLN,MDLN,,,,,,,stock,Entities,,,,,,,,,,,,,,,,2026-06-01,MDLN,,MDLN,,,,,,,,,,,
world:stock:MDLZ,Stock;Company;Entity,MDLZ,MDLZ,MDLZ,,,,,,,stock,Entities,,,,,,,,,,,,,,,,2026-06-01,MDLZ,,MDLZ,,,,,,,,,,,
world:stock:MDT,Stock;Company;Entity,MDT,MDT,MDT,,,,,,,stock,Entities,,,,,,,,,,,,,,,,2026-06-01,MDT,,MDT,,,,,,,,,,,
world:stock:MEG,Stock;Company;Entity,MEG,MEG,MEG,,,,,,,stock,Entities,,,,,,,,,,,,,,,,2026-06-01,MEG,,MEG,,,,,,,,,,,
world:stock:MET,Stock;Company;Entity,MET,MET,MET,,,,,,,stock,Entities,,,,,,,,,,,,,,,,2026-06-01,MET,,MET,,,,,,,,,,,
world:stock:MET-PF,Stock;Company;Entity,MET-PF,MET-PF,MET-PF,,,,,,,stock,Entities,,,,,,,,,,,,,,,,2026-06-01,MET-PF,,MET-PF,,,,,,,,,,,
world:stock:META,Stock;Company;Entity,META,META,META,World_Machine,Entities/Stocks/META.md,obsidian://open?vault=World_Machine&file=Entities%2FStocks%2FMETA.md,C:\Users\CaveUser\Documents\Obsidian Vault\World_Machine\Entities\Stocks\META.md,World_Machine,Entities,stock,Entities,Stocks,,[[Communication Services]],,[[USA]],,stock;communication-services;social;ads,Active,,,,,,,,2026-06-01,META,NASDAQ,META,,,,,,,,,,,
world:stock:MFA,Stock;Company;Entity,MFA,MFA,MFA,,,,,,,stock,Entities,,,,,,,,,,,,,,,,2026-06-01,MFA,,MFA,,,,,,,,,,,
world:stock:MFIC,Stock;Company;Entity,MFIC,MFIC,MFIC,,,,,,,stock,Entities,,,,,,,,,,,,,,,,2026-06-01,MFIC,,MFIC,,,,,,,,,,,
world:stock:MGLD,Stock;Company;Entity,MGLD,MGLD,MGLD,,,,,,,stock,Entities,,,,,,,,,,,,,,,,2026-06-01,MGLD,,MGLD,,,,,,,,,,,
world:stock:MGM,Stock;Company;Entity,MGM,MGM,MGM,,,,,,,stock,Entities,,,,,,,,,,,,,,,,2026-06-01,MGM,,MGM,,,,,,,,,,,
world:stock:MGNI,Stock;Company;Entity,MGNI,MGNI,MGNI,,,,,,,stock,Entities,,,,,,,,,,,,,,,,2026-06-01,MGNI,,MGNI,,,,,,,,,,,
world:stock:MGNX,Stock;Company;Entity,MGNX,MGNX,MGNX,,,,,,,stock,Entities,,,,,,,,,,,,,,,,2026-06-01,MGNX,,MGNX,,,,,,,,,,,
world:stock:MIAX,Stock;Company;Entity,MIAX,MIAX,MIAX,,,,,,,stock,Entities,,,,,,,,,,,,,,,,2026-06-01,MIAX,,MIAX,,,,,,,,,,,
world:stock:MIN,Stock;Company;Entity,MIN,MIN,MIN,,,,,,,stock,Entities,,,,,,,,,,,,,,,,2026-06-01,MIN,,MIN,,,,,,,,,,,
world:stock:MIRM,Stock;Company;Entity,MIRM,MIRM,MIRM,,,,,,,stock,Entities,,,,,,,,,,,,,,,,2026-06-01,MIRM,,MIRM,,,,,,,,,,,
world:stock:MITT,Stock;Company;Entity,MITT,MITT,MITT,,,,,,,stock,Entities,,,,,,,,,,,,,,,,2026-06-01,MITT,,MITT,,,,,,,,,,,
world:stock:MKC,Stock;Company;Entity,MKC,MKC,MKC,,,,,,,stock,Entities,,,,,,,,,,,,,,,,2026-06-01,MKC,,MKC,,,,,,,,,,,
world:stock:MKSI,Stock;Company;Entity,MKSI,MKSI,MKSI,,,,,,,stock,Entities,,,,,,,,,,,,,,,,2026-06-01,MKSI,,MKSI,,,,,,,,,,,
world:stock:MKTX,Stock;Company;Entity,MKTX,MKTX,MKTX,,,,,,,stock,Entities,,,,,,,,,,,,,,,,2026-06-01,MKTX,,MKTX,,,,,,,,,,,
world:stock:MLM,Stock;Company;Entity,MLM,MLM,MLM,,,,,,,stock,Entities,,,,,,,,,,,,,,,,2026-06-01,MLM,,MLM,,,,,,,,,,,
world:stock:MLYS,Stock;Company;Entity,MLYS,MLYS,MLYS,,,,,,,stock,Entities,,,,,,,,,,,,,,,,2026-06-01,MLYS,,MLYS,,,,,,,,,,,
world:stock:MMM,Stock;Company;Entity,MMM,MMM,MMM,,,,,,,stock,Entities,,,,,,,,,,,,,,,,2026-06-01,MMM,,MMM,,,,,,,,,,,
world:stock:MNSB,Stock;Company;Entity,MNSB,MNSB,MNSB,,,,,,,stock,Entities,,,,,,,,,,,,,,,,2026-06-01,MNSB,,MNSB,,,,,,,,,,,
world:stock:MNSO,Stock;Company;Entity,MNSO,MNSO,MNSO,,,,,,,stock,Entities,,,,,,,,,,,,,,,,2026-06-01,MNSO,,MNSO,,,,,,,,,,,
world:stock:MNST,Stock;Company;Entity,MNST,MNST,MNST,,,,,,,stock,Entities,,,,,,,,,,,,,,,,2026-06-01,MNST,,MNST,,,,,,,,,,,
world:stock:MNTK,Stock;Company;Entity,MNTK,MNTK,MNTK,,,,,,,stock,Entities,,,,,,,,,,,,,,,,2026-06-01,MNTK,,MNTK,,,,,,,,,,,
world:stock:MNTS,Stock;Company;Entity,MNTS,MNTS,MNTS,,,,,,,stock,Entities,,,,,,,,,,,,,,,,2026-06-01,MNTS,,MNTS,,,,,,,,,,,
world:stock:MO,Stock;Company;Entity,MO,MO,MO,,,,,,,stock,Entities,,,,,,,,,,,,,,,,2026-06-01,MO,,MO,,,,,,,,,,,
world:stock:MOG-A,Stock;Company;Entity,MOG-A,MOG-A,MOG-A,,,,,,,stock,Entities,,,,,,,,,,,,,,,,2026-06-01,MOG-A,,MOG-A,,,,,,,,,,,
world:stock:MOH,Stock;Company;Entity,MOH,MOH,MOH,,,,,,,stock,Entities,,,,,,,,,,,,,,,,2026-06-01,MOH,,MOH,,,,,,,,,,,
world:stock:MOS,Stock;Company;Entity,MOS,MOS,MOS,,,,,,,stock,Entities,,,,,,,,,,,,,,,,2026-06-01,MOS,,MOS,,,,,,,,,,,
world:stock:MPC,Stock;Company;Entity,MPC,MPC,MPC,,,,,,,stock,Entities,,,,,,,,,,,,,,,,2026-06-01,MPC,,MPC,,,,,,,,,,,
world:stock:MPLX,Stock;Company;Entity,MPLX,MPLX,MPLX,,,,,,,stock,Entities,,,,,,,,,,,,,,,,2026-06-01,MPLX,,MPLX,,,,,,,,,,,
world:stock:MPWR,Stock;Company;Entity,MPWR,MPWR,MPWR,,,,,,,stock,Entities,,,,,,,,,,,,,,,,2026-06-01,MPWR,,MPWR,,,,,,,,,,,
world:stock:MRAM,Stock;Company;Entity,MRAM,MRAM,MRAM,,,,,,,stock,Entities,,,,,,,,,,,,,,,,2026-06-01,MRAM,,MRAM,,,,,,,,,,,
world:stock:MRBK,Stock;Company;Entity,MRBK,MRBK,MRBK,,,,,,,stock,Entities,,,,,,,,,,,,,,,,2026-06-01,MRBK,,MRBK,,,,,,,,,,,
world:stock:MRK,Stock;Company;Entity,MRK,MRK,MRK,World_Machine,Entities/Stocks/MRK.md,obsidian://open?vault=World_Machine&file=Entities%2FStocks%2FMRK.md,C:\Users\CaveUser\Documents\Obsidian Vault\World_Machine\Entities\Stocks\MRK.md,World_Machine,Entities,stock,Entities,Stocks,,[[Healthcare]],,[[USA]],,stock;healthcare;pharma;oncology,Active,,,,,,,,2026-06-01,MRK,NYSE,MRK,,,,,,,,,,,
world:stock:MRLN,Stock;Company;Entity,MRLN,MRLN,MRLN,,,,,,,stock,Entities,,,,,,,,,,,,,,,,2026-06-01,MRLN,,MRLN,,,,,,,,,,,
world:stock:MRNA,Stock;Company;Entity,MRNA,MRNA,MRNA,,,,,,,stock,Entities,,,,,,,,,,,,,,,,2026-06-01,MRNA,,MRNA,,,,,,,,,,,
world:stock:MRSH,Stock;Company;Entity,MRSH,MRSH,MRSH,,,,,,,stock,Entities,,,,,,,,,,,,,,,,2026-06-01,MRSH,,MRSH,,,,,,,,,,,
world:stock:MRVL,Stock;Company;Entity,MRVL,MRVL,MRVL,,,,,,,stock,Entities,,,,,,,,,,,,,,,,2026-06-01,MRVL,,MRVL,,,,,,,,,,,
world:stock:MS,Stock;Company;Entity,MS,MS,MS,,,,,,,stock,Entities,,,,,,,,,,,,,,,,2026-06-01,MS,,MS,,,,,,,,,,,
world:stock:MSCI,Stock;Company;Entity,MSCI,MSCI,MSCI,,,,,,,stock,Entities,,,,,,,,,,,,,,,,2026-06-01,MSCI,,MSCI,,,,,,,,,,,
world:stock:MSEX,Stock;Company;Entity,MSEX,MSEX,MSEX,,,,,,,stock,Entities,,,,,,,,,,,,,,,,2026-06-01,MSEX,,MSEX,,,,,,,,,,,
world:stock:MSFT,Stock;Company;Entity,MSFT,MSFT,MSFT,World_Machine,Entities/Stocks/MSFT.md,obsidian://open?vault=World_Machine&file=Entities%2FStocks%2FMSFT.md,C:\Users\CaveUser\Documents\Obsidian Vault\World_Machine\Entities\Stocks\MSFT.md,World_Machine,Entities,stock,Entities,Stocks,,[[Tech Sector]],,[[USA]],,stock;tech;software;cloud,Active,,,,,,,,2026-06-01,MSFT,NASDAQ,MSFT,,,,,,,,,,,
world:stock:MSFT.NE,Stock;Company;Entity,MSFT.NE,MSFT.NE,MSFT.NE,,,,,,,stock,Entities,,,,,,,,,,,,,,,,2026-06-01,MSFT.NE,,MSFT.NE,,,,,,,,,,,
world:stock:MSI,Stock;Company;Entity,MSI,MSI,MSI,,,,,,,stock,Entities,,,,,,,,,,,,,,,,2026-06-01,MSI,,MSI,,,,,,,,,,,
world:stock:MSM,Stock;Company;Entity,MSM,MSM,MSM,,,,,,,stock,Entities,,,,,,,,,,,,,,,,2026-06-01,MSM,,MSM,,,,,,,,,,,
world:stock:MSTR,Stock;Company;Entity,MSTR,MSTR,MSTR,,,,,,,stock,Entities,,,,,,,,,,,,,,,,2026-06-01,MSTR,,MSTR,,,,,,,,,,,
world:stock:MTB,Stock;Company;Entity,MTB,MTB,MTB,,,,,,,stock,Entities,,,,,,,,,,,,,,,,2026-06-01,MTB,,MTB,,,,,,,,,,,
world:stock:MTD,Stock;Company;Entity,MTD,MTD,MTD,,,,,,,stock,Entities,,,,,,,,,,,,,,,,2026-06-01,MTD,,MTD,,,,,,,,,,,
world:stock:MTDR,Stock;Company;Entity,MTDR,MTDR,MTDR,,,,,,,stock,Entities,,,,,,,,,,,,,,,,2026-06-01,MTDR,,MTDR,,,,,,,,,,,
world:stock:MTH,Stock;Company;Entity,MTH,MTH,MTH,,,,,,,stock,Entities,,,,,,,,,,,,,,,,2026-06-01,MTH,,MTH,,,,,,,,,,,
world:stock:MTN,Stock;Company;Entity,MTN,MTN,MTN,,,,,,,stock,Entities,,,,,,,,,,,,,,,,2026-06-01,MTN,,MTN,,,,,,,,,,,
world:stock:MTRX,Stock;Company;Entity,MTRX,MTRX,MTRX,,,,,,,stock,Entities,,,,,,,,,,,,,,,,2026-06-01,MTRX,,MTRX,,,,,,,,,,,
world:stock:MTSI,Stock;Company;Entity,MTSI,MTSI,MTSI,,,,,,,stock,Entities,,,,,,,,,,,,,,,,2026-06-01,MTSI,,MTSI,,,,,,,,,,,
world:stock:MTZ,Stock;Company;Entity,MTZ,MTZ,MTZ,World_Machine,Entities/Stocks/MTZ.md,obsidian://open?vault=World_Machine&file=Entities%2FStocks%2FMTZ.md,C:\Users\CaveUser\Documents\Obsidian Vault\World_Machine\Entities\Stocks\MTZ.md,World_Machine,Entities,stock,Entities,Stocks,,[[Industrials]],,[[USA]],,stock;industrials;grid;infrastructure;contractor,Active,,,,,,,,2026-06-01,MTZ,NYSE,MTZ,,,,,,,,,,,
world:stock:MU,Stock;Company;Entity,MU,MU,MU,,,,,,,stock,Entities,,,,,,,,,,,,,,,,2026-06-01,MU,,MU,,,,,,,,,,,
world:stock:MUFG,Stock;Company;Entity,MUFG,MUFG,MUFG,,,,,,,stock,Entities,,,,,,,,,,,,,,,,2026-06-01,MUFG,,MUFG,,,,,,,,,,,
world:stock:MVO,Stock;Company;Entity,MVO,MVO,MVO,,,,,,,stock,Entities,,,,,,,,,,,,,,,,2026-06-01,MVO,,MVO,,,,,,,,,,,
world:stock:MYRG,Stock;Company;Entity,MYRG,MYRG,MYRG,World_Machine,Entities/Stocks/MYRG.md,obsidian://open?vault=World_Machine&file=Entities%2FStocks%2FMYRG.md,C:\Users\CaveUser\Documents\Obsidian Vault\World_Machine\Entities\Stocks\MYRG.md,World_Machine,Entities,stock,Entities,Stocks,,[[Industrials]],,[[USA]],,stock;industrials;grid;contractor;small-cap,Active,,,,,,,,2026-06-01,MYRG,NASDAQ,MYRG,,,,,,,,,,,
world:stock:NAMM,Stock;Company;Entity,NAMM,NAMM,NAMM,,,,,,,stock,Entities,,,,,,,,,,,,,,,,2026-06-01,NAMM,,NAMM,,,,,,,,,,,
world:stock:NATO,Stock;Company;Entity,NATO,NATO,NATO,,,,,,,stock,Entities,,,,,,,,,,,,,,,,2026-06-01,NATO,,NATO,,,,,,,,,,,
world:stock:NB,Stock;Company;Entity,NB,NB,NB,,,,,,,stock,Entities,,,,,,,,,,,,,,,,2026-06-01,NB,,NB,,,,,,,,,,,
world:stock:NBIX,Stock;Company;Entity,NBIX,NBIX,NBIX,World_Machine,Entities/Stocks/NBIX.md,obsidian://open?vault=World_Machine&file=Entities%2FStocks%2FNBIX.md,C:\Users\CaveUser\Documents\Obsidian Vault\World_Machine\Entities\Stocks\NBIX.md,World_Machine,Entities,stock,Entities,Stocks,,[[Healthcare]],,[[USA]],,stock;biotech;mental-health,Active,,,,,,,,2026-06-01,NBIX,NASDAQ,NBIX,,,,,,,,,,,
world:stock:NCLH,Stock;Company;Entity,NCLH,NCLH,NCLH,,,,,,,stock,Entities,,,,,,,,,,,,,,,,2026-06-01,NCLH,,NCLH,,,,,,,,,,,
world:stock:NCMI,Stock;Company;Entity,NCMI,NCMI,NCMI,,,,,,,stock,Entities,,,,,,,,,,,,,,,,2026-06-01,NCMI,,NCMI,,,,,,,,,,,
world:stock:NCNO,Stock;Company;Entity,NCNO,NCNO,NCNO,,,,,,,stock,Entities,,,,,,,,,,,,,,,,2026-06-01,NCNO,,NCNO,,,,,,,,,,,
world:stock:NCSM,Stock;Company;Entity,NCSM,NCSM,NCSM,,,,,,,stock,Entities,,,,,,,,,,,,,,,,2026-06-01,NCSM,,NCSM,,,,,,,,,,,
world:stock:NDAQ,Stock;Company;Entity,NDAQ,NDAQ,NDAQ,,,,,,,stock,Entities,,,,,,,,,,,,,,,,2026-06-01,NDAQ,,NDAQ,,,,,,,,,,,
world:stock:NDLS,Stock;Company;Entity,NDLS,NDLS,NDLS,,,,,,,stock,Entities,,,,,,,,,,,,,,,,2026-06-01,NDLS,,NDLS,,,,,,,,,,,
world:stock:NDRA,Stock;Company;Entity,NDRA,NDRA,NDRA,,,,,,,stock,Entities,,,,,,,,,,,,,,,,2026-06-01,NDRA,,NDRA,,,,,,,,,,,
world:stock:NDSN,Stock;Company;Entity,NDSN,NDSN,NDSN,,,,,,,stock,Entities,,,,,,,,,,,,,,,,2026-06-01,NDSN,,NDSN,,,,,,,,,,,
world:stock:NE,Stock;Company;Entity,NE,NE,NE,,,,,,,stock,Entities,,,,,,,,,,,,,,,,2026-06-01,NE,,NE,,,,,,,,,,,
world:stock:NEE,Stock;Company;Entity,NEE,NEE,NEE,,,,,,,stock,Entities,,,,,,,,,,,,,,,,2026-06-01,NEE,,NEE,,,,,,,,,,,
world:stock:NEM,Stock;Company;Entity,NEM,NEM,NEM,World_Machine,Entities/Stocks/NEM.md,obsidian://open?vault=World_Machine&file=Entities%2FStocks%2FNEM.md,C:\Users\CaveUser\Documents\Obsidian Vault\World_Machine\Entities\Stocks\NEM.md,World_Machine,Entities,stock,Entities,Stocks,,[[Materials]],,[[USA]],,stock;materials;gold;miner,Active,,,,,,,,2026-06-01,NEM,NYSE,NEM,,,,,,,,,,,
world:stock:NEO,Stock;Company;Entity,NEO,NEO,NEO,,,,,,,stock,Entities,,,,,,,,,,,,,,,,2026-06-01,NEO,,NEO,,,,,,,,,,,
world:stock:NEOG,Stock;Company;Entity,NEOG,NEOG,NEOG,,,,,,,stock,Entities,,,,,,,,,,,,,,,,2026-06-01,NEOG,,NEOG,,,,,,,,,,,
world:stock:NEOV,Stock;Company;Entity,NEOV,NEOV,NEOV,,,,,,,stock,Entities,,,,,,,,,,,,,,,,2026-06-01,NEOV,,NEOV,,,,,,,,,,,
world:stock:NET,Stock;Company;Entity,NET,NET,NET,,,,,,,stock,Entities,,,,,,,,,,,,,,,,2026-06-01,NET,,NET,,,,,,,,,,,
world:stock:NEUP,Stock;Company;Entity,NEUP,NEUP,NEUP,World_Machine,Entities/Stocks/NEUP.md,obsidian://open?vault=World_Machine&file=Entities%2FStocks%2FNEUP.md,C:\Users\CaveUser\Documents\Obsidian Vault\World_Machine\Entities\Stocks\NEUP.md,World_Machine,Entities,stock,Entities,Stocks,,[[Healthcare]],,[[USA]],,stock;biotech;mental-health,Watching,,,,,,,,2026-06-01,NEUP,NASDAQ,NEUP,,,,,,,,,,,
world:stock:NEXA,Stock;Company;Entity,NEXA,NEXA,NEXA,,,,,,,stock,Entities,,,,,,,,,,,,,,,,2026-06-01,NEXA,,NEXA,,,,,,,,,,,
world:stock:NEXT,Stock;Company;Entity,NEXT,NEXT,NEXT,,,,,,,stock,Entities,,,,,,,,,,,,,,,,2026-06-01,NEXT,,NEXT,,,,,,,,,,,
world:stock:NFLX,Stock;Company;Entity,NFLX,NFLX,NFLX,World_Machine,Entities/Stocks/NFLX.md,obsidian://open?vault=World_Machine&file=Entities%2FStocks%2FNFLX.md,C:\Users\CaveUser\Documents\Obsidian Vault\World_Machine\Entities\Stocks\NFLX.md,World_Machine,Entities,stock,Entities,Stocks,,[[Communication Services]],,[[USA]],,stock;communication-services;streaming;media,Active,,,,,,,,2026-06-01,NFLX,NASDAQ,NFLX,,,,,,,,,,,
world:stock:NFP,Stock;Company;Entity,NFP,NFP,NFP,,,,,,,stock,Entities,,,,,,,,,,,,,,,,2026-06-01,NFP,,NFP,,,,,,,,,,,
world:stock:NGVT,Stock;Company;Entity,NGVT,NGVT,NGVT,,,,,,,stock,Entities,,,,,,,,,,,,,,,,2026-06-01,NGVT,,NGVT,,,,,,,,,,,
world:stock:NHP,Stock;Company;Entity,NHP,NHP,NHP,,,,,,,stock,Entities,,,,,,,,,,,,,,,,2026-06-01,NHP,,NHP,,,,,,,,,,,
world:stock:NI,Stock;Company;Entity,NI,NI,NI,,,,,,,stock,Entities,,,,,,,,,,,,,,,,2026-06-01,NI,,NI,,,,,,,,,,,
world:stock:NIO,Stock;Company;Entity,NIO,NIO,NIO,,,,,,,stock,Entities,,,,,,,,,,,,,,,,2026-06-01,NIO,,NIO,,,,,,,,,,,
world:stock:NIPG,Stock;Company;Entity,NIPG,NIPG,NIPG,,,,,,,stock,Entities,,,,,,,,,,,,,,,,2026-06-01,NIPG,,NIPG,,,,,,,,,,,
world:stock:NKE,Stock;Company;Entity,NKE,NKE,NKE,,,,,,,stock,Entities,,,,,,,,,,,,,,,,2026-06-01,NKE,,NKE,,,,,,,,,,,
world:stock:NKSH,Stock;Company;Entity,NKSH,NKSH,NKSH,,,,,,,stock,Entities,,,,,,,,,,,,,,,,2026-06-01,NKSH,,NKSH,,,,,,,,,,,
world:stock:NKTR,Stock;Company;Entity,NKTR,NKTR,NKTR,World_Machine,Entities/Stocks/NKTR.md,obsidian://open?vault=World_Machine&file=Entities%2FStocks%2FNKTR.md,C:\Users\CaveUser\Documents\Obsidian Vault\World_Machine\Entities\Stocks\NKTR.md,World_Machine,Entities,stock,Entities,Stocks,,[[Healthcare]],,[[USA]],,stock;smallcap;healthcare;biotech;special-situations,Active,,,,,,,,2026-06-01,NKTR,NASDAQ,NKTR,,,,,,,,,,,
world:stock:NL,Stock;Company;Entity,NL,NL,NL,,,,,,,stock,Entities,,,,,,,,,,,,,,,,2026-06-01,NL,,NL,,,,,,,,,,,
world:stock:NLOP,Stock;Company;Entity,NLOP,NLOP,NLOP,,,,,,,stock,Entities,,,,,,,,,,,,,,,,2026-06-01,NLOP,,NLOP,,,,,,,,,,,
world:stock:NMM,Stock;Company;Entity,NMM,NMM,NMM,,,,,,,stock,Entities,,,,,,,,,,,,,,,,2026-06-01,NMM,,NMM,,,,,,,,,,,
world:stock:NNE,Stock;Company;Entity,NNE,NNE,NNE,,,,,,,stock,Entities,,,,,,,,,,,,,,,,2026-06-01,NNE,,NNE,,,,,,,,,,,
world:stock:NNVC,Stock;Company;Entity,NNVC,NNVC,NNVC,,,,,,,stock,Entities,,,,,,,,,,,,,,,,2026-06-01,NNVC,,NNVC,,,,,,,,,,,
world:stock:NOC,Stock;Company;Entity,NOC,NOC,NOC,World_Machine,Entities/Stocks/NOC.md,obsidian://open?vault=World_Machine&file=Entities%2FStocks%2FNOC.md,C:\Users\CaveUser\Documents\Obsidian Vault\World_Machine\Entities\Stocks\NOC.md,World_Machine,Entities,stock,Entities,Stocks,,[[Aerospace & Defense]],,[[USA]],,stock;aerospace-defense;space;defense,Active,,,,,,,,2026-06-01,NOC,NYSE,NOC,,,,,,,,,,,
world:stock:NOV,Stock;Company;Entity,NOV,NOV,NOV,,,,,,,stock,Entities,,,,,,,,,,,,,,,,2026-06-01,NOV,,NOV,,,,,,,,,,,
world:stock:NOW,Stock;Company;Entity,NOW,NOW,NOW,,,,,,,stock,Entities,,,,,,,,,,,,,,,,2026-06-01,NOW,,NOW,,,,,,,,,,,
world:stock:NPB,Stock;Company;Entity,NPB,NPB,NPB,,,,,,,stock,Entities,,,,,,,,,,,,,,,,2026-06-01,NPB,,NPB,,,,,,,,,,,
world:stock:NPK,Stock;Company;Entity,NPK,NPK,NPK,,,,,,,stock,Entities,,,,,,,,,,,,,,,,2026-06-01,NPK,,NPK,,,,,,,,,,,
world:stock:NPKI,Stock;Company;Entity,NPKI,NPKI,NPKI,,,,,,,stock,Entities,,,,,,,,,,,,,,,,2026-06-01,NPKI,,NPKI,,,,,,,,,,,
world:stock:NRG,Stock;Company;Entity,NRG,NRG,NRG,World_Machine,Entities/Stocks/NRG.md,obsidian://open?vault=World_Machine&file=Entities%2FStocks%2FNRG.md,C:\Users\CaveUser\Documents\Obsidian Vault\World_Machine\Entities\Stocks\NRG.md,World_Machine,Entities,stock,Entities,Stocks,,[[Utilities]],,[[USA]],,stock;utilities;power;merchant-generation,Active,,,,,,,,2026-06-01,NRG,NYSE,NRG,,,,,,,,,,,
world:stock:NRGV,Stock;Company;Entity,NRGV,NRGV,NRGV,,,,,,,stock,Entities,,,,,,,,,,,,,,,,2026-06-01,NRGV,,NRGV,,,,,,,,,,,
world:stock:NRP,Stock;Company;Entity,NRP,NRP,NRP,,,,,,,stock,Entities,,,,,,,,,,,,,,,,2026-06-01,NRP,,NRP,,,,,,,,,,,
world:stock:NRXP,Stock;Company;Entity,NRXP,NRXP,NRXP,World_Machine,Entities/Stocks/NRXP.md,obsidian://open?vault=World_Machine&file=Entities%2FStocks%2FNRXP.md,C:\Users\CaveUser\Documents\Obsidian Vault\World_Machine\Entities\Stocks\NRXP.md,World_Machine,Entities,stock,Entities,Stocks,,[[Healthcare]],,[[USA]],,stock;biotech;mental-health;ketamine,Active,,,,,,,,2026-06-01,NRXP,NASDAQ,NRXP,,,,,,,,,,,
world:stock:NSC,Stock;Company;Entity,NSC,NSC,NSC,,,,,,,stock,Entities,,,,,,,,,,,,,,,,2026-06-01,NSC,,NSC,,,,,,,,,,,
world:stock:NSSC,Stock;Company;Entity,NSSC,NSSC,NSSC,World_Machine,Entities/Stocks/NSSC.md,obsidian://open?vault=World_Machine&file=Entities%2FStocks%2FNSSC.md,C:\Users\CaveUser\Documents\Obsidian Vault\World_Machine\Entities\Stocks\NSSC.md,World_Machine,Entities,stock,Entities,Stocks,,[[Industrials]],,[[USA]],,stock;industrials;security;recurring-revenue;small-cap;quality-compounder,Active,,,,,,,,2026-06-01,NSSC,NASDAQ,NSSC,,,,,,,,,,,
world:stock:NTAP,Stock;Company;Entity,NTAP,NTAP,NTAP,,,,,,,stock,Entities,,,,,,,,,,,,,,,,2026-06-01,NTAP,,NTAP,,,,,,,,,,,
world:stock:NTES,Stock;Company;Entity,NTES,NTES,NTES,,,,,,,stock,Entities,,,,,,,,,,,,,,,,2026-06-01,NTES,,NTES,,,,,,,,,,,
world:stock:NTLA,Stock;Company;Entity,NTLA,NTLA,NTLA,,,,,,,stock,Entities,,,,,,,,,,,,,,,,2026-06-01,NTLA,,NTLA,,,,,,,,,,,
world:stock:NTRA,Stock;Company;Entity,NTRA,NTRA,NTRA,,,,,,,stock,Entities,,,,,,,,,,,,,,,,2026-06-01,NTRA,,NTRA,,,,,,,,,,,
world:stock:NTRS,Stock;Company;Entity,NTRS,NTRS,NTRS,,,,,,,stock,Entities,,,,,,,,,,,,,,,,2026-06-01,NTRS,,NTRS,,,,,,,,,,,
world:stock:NTST,Stock;Company;Entity,NTST,NTST,NTST,,,,,,,stock,Entities,,,,,,,,,,,,,,,,2026-06-01,NTST,,NTST,,,,,,,,,,,
world:stock:NUAI,Stock;Company;Entity,NUAI,NUAI,NUAI,,,,,,,stock,Entities,,,,,,,,,,,,,,,,2026-06-01,NUAI,,NUAI,,,,,,,,,,,
world:stock:NUE,Stock;Company;Entity,NUE,NUE,NUE,,,,,,,stock,Entities,,,,,,,,,,,,,,,,2026-06-01,NUE,,NUE,,,,,,,,,,,
world:stock:NUMI,Stock;Company;Entity,NUMI,NUMI,NUMI,World_Machine,Entities/Stocks/NUMI.md,obsidian://open?vault=World_Machine&file=Entities%2FStocks%2FNUMI.md,C:\Users\CaveUser\Documents\Obsidian Vault\World_Machine\Entities\Stocks\NUMI.md,World_Machine,Entities,stock,Entities,Stocks,,[[Healthcare]],,[[Canada]],,stock;biotech;psychedelics,Watching,,,,,,,,2026-06-01,NUMI,NASDAQ,NUMI,,,,,,,,,,,
world:stock:NUS,Stock;Company;Entity,NUS,NUS,NUS,,,,,,,stock,Entities,,,,,,,,,,,,,,,,2026-06-01,NUS,,NUS,,,,,,,,,,,
world:stock:NVDA,Stock;Company;Entity,NVDA,NVDA,NVDA,World_Machine,Entities/Stocks/NVDA.md,obsidian://open?vault=World_Machine&file=Entities%2FStocks%2FNVDA.md,C:\Users\CaveUser\Documents\Obsidian Vault\World_Machine\Entities\Stocks\NVDA.md,World_Machine,Entities,stock,Entities,Stocks,,[[Tech Sector]],,[[USA]],,stock;tech;semis;ai,Active,,,,,,,,2026-06-01,NVDA,NASDAQ,NVDA,,,,,,,,,,,
world:stock:NVDA.NE,Stock;Company;Entity,NVDA.NE,NVDA.NE,NVDA.NE,,,,,,,stock,Entities,,,,,,,,,,,,,,,,2026-06-01,NVDA.NE,,NVDA.NE,,,,,,,,,,,
world:stock:NVO,Stock;Company;Entity,NVO,NVO,NVO,,,,,,,stock,Entities,,,,,,,,,,,,,,,,2026-06-01,NVO,,NVO,,,,,,,,,,,
world:stock:NVR,Stock;Company;Entity,NVR,NVR,NVR,,,,,,,stock,Entities,,,,,,,,,,,,,,,,2026-06-01,NVR,,NVR,,,,,,,,,,,
world:stock:NVST,Stock;Company;Entity,NVST,NVST,NVST,,,,,,,stock,Entities,,,,,,,,,,,,,,,,2026-06-01,NVST,,NVST,,,,,,,,,,,
world:stock:NWBI,Stock;Company;Entity,NWBI,NWBI,NWBI,,,,,,,stock,Entities,,,,,,,,,,,,,,,,2026-06-01,NWBI,,NWBI,,,,,,,,,,,
world:stock:NWL,Stock;Company;Entity,NWL,NWL,NWL,,,,,,,stock,Entities,,,,,,,,,,,,,,,,2026-06-01,NWL,,NWL,,,,,,,,,,,
world:stock:NWS,Stock;Company;Entity,NWS,NWS,NWS,,,,,,,stock,Entities,,,,,,,,,,,,,,,,2026-06-01,NWS,,NWS,,,,,,,,,,,
world:stock:NWSA,Stock;Company;Entity,NWSA,NWSA,NWSA,,,,,,,stock,Entities,,,,,,,,,,,,,,,,2026-06-01,NWSA,,NWSA,,,,,,,,,,,
world:stock:NXDR,Stock;Company;Entity,NXDR,NXDR,NXDR,,,,,,,stock,Entities,,,,,,,,,,,,,,,,2026-06-01,NXDR,,NXDR,,,,,,,,,,,
world:stock:NXPI,Stock;Company;Entity,NXPI,NXPI,NXPI,,,,,,,stock,Entities,,,,,,,,,,,,,,,,2026-06-01,NXPI,,NXPI,,,,,,,,,,,
world:stock:NXT,Stock;Company;Entity,NXT,NXT,NXT,,,,,,,stock,Entities,,,,,,,,,,,,,,,,2026-06-01,NXT,,NXT,,,,,,,,,,,
world:stock:NYT,Stock;Company;Entity,NYT,NYT,NYT,,,,,,,stock,Entities,,,,,,,,,,,,,,,,2026-06-01,NYT,,NYT,,,,,,,,,,,
world:stock:O,Stock;Company;Entity,O,O,O,,,,,,,stock,Entities,,,,,,,,,,,,,,,,2026-06-01,O,,O,,,,,,,,,,,
world:stock:OC,Stock;Company;Entity,OC,OC,OC,,,,,,,stock,Entities,,,,,,,,,,,,,,,,2026-06-01,OC,,OC,,,,,,,,,,,
world:stock:OCFC,Stock;Company;Entity,OCFC,OCFC,OCFC,,,,,,,stock,Entities,,,,,,,,,,,,,,,,2026-06-01,OCFC,,OCFC,,,,,,,,,,,
world:stock:OCUL,Stock;Company;Entity,OCUL,OCUL,OCUL,,,,,,,stock,Entities,,,,,,,,,,,,,,,,2026-06-01,OCUL,,OCUL,,,,,,,,,,,
world:stock:ODFL,Stock;Company;Entity,ODFL,ODFL,ODFL,,,,,,,stock,Entities,,,,,,,,,,,,,,,,2026-06-01,ODFL,,ODFL,,,,,,,,,,,
world:stock:OFRM,Stock;Company;Entity,OFRM,OFRM,OFRM,,,,,,,stock,Entities,,,,,,,,,,,,,,,,2026-06-01,OFRM,,OFRM,,,,,,,,,,,
world:stock:OKE,Stock;Company;Entity,OKE,OKE,OKE,,,,,,,stock,Entities,,,,,,,,,,,,,,,,2026-06-01,OKE,,OKE,,,,,,,,,,,
world:stock:OKLO,Stock;Company;Entity,OKLO,OKLO,OKLO,,,,,,,stock,Entities,,,,,,,,,,,,,,,,2026-06-01,OKLO,,OKLO,,,,,,,,,,,
world:stock:OMC,Stock;Company;Entity,OMC,OMC,OMC,,,,,,,stock,Entities,,,,,,,,,,,,,,,,2026-06-01,OMC,,OMC,,,,,,,,,,,
world:stock:OMCL,Stock;Company;Entity,OMCL,OMCL,OMCL,,,,,,,stock,Entities,,,,,,,,,,,,,,,,2026-06-01,OMCL,,OMCL,,,,,,,,,,,
world:stock:OMDA,Stock;Company;Entity,OMDA,OMDA,OMDA,,,,,,,stock,Entities,,,,,,,,,,,,,,,,2026-06-01,OMDA,,OMDA,,,,,,,,,,,
world:stock:ON,Stock;Company;Entity,ON,ON,ON,,,,,,,stock,Entities,,,,,,,,,,,,,,,,2026-06-01,ON,,ON,,,,,,,,,,,
world:stock:ONDS,Stock;Company;Entity,ONDS,ONDS,ONDS,World_Machine,Entities/Stocks/ONDS.md,obsidian://open?vault=World_Machine&file=Entities%2FStocks%2FONDS.md,C:\Users\CaveUser\Documents\Obsidian Vault\World_Machine\Entities\Stocks\ONDS.md,World_Machine,Entities,stock,Entities,Stocks,,[[Industrials]],,[[USA]],,stock;drones;commercial;delivery;bvlos,Active,,,,,,,,2026-06-01,ONDS,NASDAQ,ONDS,,,,,,,,,,,
world:stock:ONTO,Stock;Company;Entity,ONTO,ONTO,ONTO,,,,,,,stock,Entities,,,,,,,,,,,,,,,,2026-06-01,ONTO,,ONTO,,,,,,,,,,,
world:stock:OPAL,Stock;Company;Entity,OPAL,OPAL,OPAL,,,,,,,stock,Entities,,,,,,,,,,,,,,,,2026-06-01,OPAL,,OPAL,,,,,,,,,,,
world:stock:OPY,Stock;Company;Entity,OPY,OPY,OPY,,,,,,,stock,Entities,,,,,,,,,,,,,,,,2026-06-01,OPY,,OPY,,,,,,,,,,,
world:stock:OR,Stock;Company;Entity,OR,OR,OR,,,,,,,stock,Entities,,,,,,,,,,,,,,,,2026-06-01,OR,,OR,,,,,,,,,,,
world:stock:ORA,Stock;Company;Entity,ORA,ORA,ORA,,,,,,,stock,Entities,,,,,,,,,,,,,,,,2026-06-01,ORA,,ORA,,,,,,,,,,,
world:stock:ORC,Stock;Company;Entity,ORC,ORC,ORC,,,,,,,stock,Entities,,,,,,,,,,,,,,,,2026-06-01,ORC,,ORC,,,,,,,,,,,
world:stock:ORCL,Stock;Company;Entity,ORCL,ORCL,ORCL,,,,,,,stock,Entities,,,,,,,,,,,,,,,,2026-06-01,ORCL,,ORCL,,,,,,,,,,,
world:stock:ORGO,Stock;Company;Entity,ORGO,ORGO,ORGO,,,,,,,stock,Entities,,,,,,,,,,,,,,,,2026-06-01,ORGO,,ORGO,,,,,,,,,,,
world:stock:ORIC,Stock;Company;Entity,ORIC,ORIC,ORIC,,,,,,,stock,Entities,,,,,,,,,,,,,,,,2026-06-01,ORIC,,ORIC,,,,,,,,,,,
world:stock:ORKA,Stock;Company;Entity,ORKA,ORKA,ORKA,,,,,,,stock,Entities,,,,,,,,,,,,,,,,2026-06-01,ORKA,,ORKA,,,,,,,,,,,
world:stock:ORLY,Stock;Company;Entity,ORLY,ORLY,ORLY,,,,,,,stock,Entities,,,,,,,,,,,,,,,,2026-06-01,ORLY,,ORLY,,,,,,,,,,,
world:stock:OSG,Stock;Company;Entity,OSG,OSG,OSG,,,,,,,stock,Entities,,,,,,,,,,,,,,,,2026-06-01,OSG,,OSG,,,,,,,,,,,
world:stock:OSS,Stock;Company;Entity,OSS,OSS,OSS,,,,,,,stock,Entities,,,,,,,,,,,,,,,,2026-06-01,OSS,,OSS,,,,,,,,,,,
world:stock:OTF,Stock;Company;Entity,OTF,OTF,OTF,,,,,,,stock,Entities,,,,,,,,,,,,,,,,2026-06-01,OTF,,OTF,,,,,,,,,,,
world:stock:OTIS,Stock;Company;Entity,OTIS,OTIS,OTIS,,,,,,,stock,Entities,,,,,,,,,,,,,,,,2026-06-01,OTIS,,OTIS,,,,,,,,,,,
world:stock:OTLK,Stock;Company;Entity,OTLK,OTLK,OTLK,,,,,,,stock,Entities,,,,,,,,,,,,,,,,2026-06-01,OTLK,,OTLK,,,,,,,,,,,
world:stock:OUST,Stock;Company;Entity,OUST,OUST,OUST,,,,,,,stock,Entities,,,,,,,,,,,,,,,,2026-06-01,OUST,,OUST,,,,,,,,,,,
world:stock:OVX,Stock;Company;Entity,OVX,OVX,OVX,,,,,,,stock,Entities,,,,,,,,,,,,,,,,2026-06-01,OVX,,OVX,,,,,,,,,,,
world:stock:OXLC,Stock;Company;Entity,OXLC,OXLC,OXLC,,,,,,,stock,Entities,,,,,,,,,,,,,,,,2026-06-01,OXLC,,OXLC,,,,,,,,,,,
world:stock:OXY,Stock;Company;Entity,OXY,OXY,OXY,World_Machine,Entities/Stocks/OXY.md,obsidian://open?vault=World_Machine&file=Entities%2FStocks%2FOXY.md,C:\Users\CaveUser\Documents\Obsidian Vault\World_Machine\Entities\Stocks\OXY.md,World_Machine,Entities,stock,Entities,Stocks,,[[Energy]],,[[USA]],,stock;energy;oil;shale,Active,,,,,,,,2026-06-01,OXY,NYSE,OXY,,,,,,,,,,,
world:stock:P,Stock;Company;Entity,P,P,P,,,,,,,stock,Entities,,,,,,,,,,,,,,,,2026-06-01,P,,P,,,,,,,,,,,
world:stock:PAA,Stock;Company;Entity,PAA,PAA,PAA,,,,,,,stock,Entities,,,,,,,,,,,,,,,,2026-06-01,PAA,,PAA,,,,,,,,,,,
world:stock:PAHC,Stock;Company;Entity,PAHC,PAHC,PAHC,,,,,,,stock,Entities,,,,,,,,,,,,,,,,2026-06-01,PAHC,,PAHC,,,,,,,,,,,
world:stock:PALI,Stock;Company;Entity,PALI,PALI,PALI,,,,,,,stock,Entities,,,,,,,,,,,,,,,,2026-06-01,PALI,,PALI,,,,,,,,,,,
world:stock:PANW,Stock;Company;Entity,PANW,PANW,PANW,,,,,,,stock,Entities,,,,,,,,,,,,,,,,2026-06-01,PANW,,PANW,,,,,,,,,,,
world:stock:PAYS,Stock;Company;Entity,PAYS,PAYS,PAYS,,,,,,,stock,Entities,,,,,,,,,,,,,,,,2026-06-01,PAYS,,PAYS,,,,,,,,,,,
world:stock:PAYX,Stock;Company;Entity,PAYX,PAYX,PAYX,,,,,,,stock,Entities,,,,,,,,,,,,,,,,2026-06-01,PAYX,,PAYX,,,,,,,,,,,
world:stock:PCAR,Stock;Company;Entity,PCAR,PCAR,PCAR,,,,,,,stock,Entities,,,,,,,,,,,,,,,,2026-06-01,PCAR,,PCAR,,,,,,,,,,,
world:stock:PCG,Stock;Company;Entity,PCG,PCG,PCG,,,,,,,stock,Entities,,,,,,,,,,,,,,,,2026-06-01,PCG,,PCG,,,,,,,,,,,
world:stock:PCT,Stock;Company;Entity,PCT,PCT,PCT,,,,,,,stock,Entities,,,,,,,,,,,,,,,,2026-06-01,PCT,,PCT,,,,,,,,,,,
world:stock:PCVX,Stock;Company;Entity,PCVX,PCVX,PCVX,,,,,,,stock,Entities,,,,,,,,,,,,,,,,2026-06-01,PCVX,,PCVX,,,,,,,,,,,
world:stock:PCYO,Stock;Company;Entity,PCYO,PCYO,PCYO,,,,,,,stock,Entities,,,,,,,,,,,,,,,,2026-06-01,PCYO,,PCYO,,,,,,,,,,,
world:stock:PDFS,Stock;Company;Entity,PDFS,PDFS,PDFS,World_Machine,Entities/Stocks/PDFS.md,obsidian://open?vault=World_Machine&file=Entities%2FStocks%2FPDFS.md,C:\Users\CaveUser\Documents\Obsidian Vault\World_Machine\Entities\Stocks\PDFS.md,World_Machine,Entities,stock,Entities,Stocks,,[[Tech Sector]],,[[USA]],,stock;smallcap;tech;special-situations,Active,,,,,,,,2026-06-01,PDFS,NASDAQ,PDFS,,,,,,,,,,,
world:stock:PDYN,Stock;Company;Entity,PDYN,PDYN,PDYN,,,,,,,stock,Entities,,,,,,,,,,,,,,,,2026-06-01,PDYN,,PDYN,,,,,,,,,,,
world:stock:PEB,Stock;Company;Entity,PEB,PEB,PEB,,,,,,,stock,Entities,,,,,,,,,,,,,,,,2026-06-01,PEB,,PEB,,,,,,,,,,,
world:stock:PECEU,Stock;Company;Entity,PECEU,PECEU,PECEU,,,,,,,stock,Entities,,,,,,,,,,,,,,,,2026-06-01,PECEU,,PECEU,,,,,,,,,,,
world:stock:PEG,Stock;Company;Entity,PEG,PEG,PEG,,,,,,,stock,Entities,,,,,,,,,,,,,,,,2026-06-01,PEG,,PEG,,,,,,,,,,,
world:stock:PENG,Stock;Company;Entity,PENG,PENG,PENG,,,,,,,stock,Entities,,,,,,,,,,,,,,,,2026-06-01,PENG,,PENG,,,,,,,,,,,
world:stock:PENN,Stock;Company;Entity,PENN,PENN,PENN,,,,,,,stock,Entities,,,,,,,,,,,,,,,,2026-06-01,PENN,,PENN,,,,,,,,,,,
world:stock:PEP,Stock;Company;Entity,PEP,PEP,PEP,,,,,,,stock,Entities,,,,,,,,,,,,,,,,2026-06-01,PEP,,PEP,,,,,,,,,,,
world:stock:PEPG,Stock;Company;Entity,PEPG,PEPG,PEPG,,,,,,,stock,Entities,,,,,,,,,,,,,,,,2026-06-01,PEPG,,PEPG,,,,,,,,,,,
world:stock:PESI,Stock;Company;Entity,PESI,PESI,PESI,,,,,,,stock,Entities,,,,,,,,,,,,,,,,2026-06-01,PESI,,PESI,,,,,,,,,,,
world:stock:PFE,Stock;Company;Entity,PFE,PFE,PFE,World_Machine,Entities/Stocks/PFE.md,obsidian://open?vault=World_Machine&file=Entities%2FStocks%2FPFE.md,C:\Users\CaveUser\Documents\Obsidian Vault\World_Machine\Entities\Stocks\PFE.md,World_Machine,Entities,stock,Entities,Stocks,,[[Healthcare]],,[[USA]],,stock;healthcare;pharma;value,Active,,,,,,,,2026-06-01,PFE,NYSE,PFE,,,,,,,,,,,
world:stock:PFG,Stock;Company;Entity,PFG,PFG,PFG,,,,,,,stock,Entities,,,,,,,,,,,,,,,,2026-06-01,PFG,,PFG,,,,,,,,,,,
world:stock:PFLC,Stock;Company;Entity,PFLC,PFLC,PFLC,,,,,,,stock,Entities,,,,,,,,,,,,,,,,2026-06-01,PFLC,,PFLC,,,,,,,,,,,
world:stock:PG,Stock;Company;Entity,PG,PG,PG,World_Machine,Entities/Stocks/PG.md,obsidian://open?vault=World_Machine&file=Entities%2FStocks%2FPG.md,C:\Users\CaveUser\Documents\Obsidian Vault\World_Machine\Entities\Stocks\PG.md,World_Machine,Entities,stock,Entities,Stocks,,[[Consumer Staples]],,[[USA]],,stock;consumer-staples;household;defensive,Active,,,,,,,,2026-06-01,PG,NYSE,PG,,,,,,,,,,,
world:stock:PGNY,Stock;Company;Entity,PGNY,PGNY,PGNY,,,,,,,stock,Entities,,,,,,,,,,,,,,,,2026-06-01,PGNY,,PGNY,,,,,,,,,,,
world:stock:PGR,Stock;Company;Entity,PGR,PGR,PGR,,,,,,,stock,Entities,,,,,,,,,,,,,,,,2026-06-01,PGR,,PGR,,,,,,,,,,,
world:stock:PH,Stock;Company;Entity,PH,PH,PH,,,,,,,stock,Entities,,,,,,,,,,,,,,,,2026-06-01,PH,,PH,,,,,,,,,,,
world:stock:PHG,Stock;Company;Entity,PHG,PHG,PHG,,,,,,,stock,Entities,,,,,,,,,,,,,,,,2026-06-01,PHG,,PHG,,,,,,,,,,,
world:stock:PHM,Stock;Company;Entity,PHM,PHM,PHM,,,,,,,stock,Entities,,,,,,,,,,,,,,,,2026-06-01,PHM,,PHM,,,,,,,,,,,
world:stock:PHR,Stock;Company;Entity,PHR,PHR,PHR,,,,,,,stock,Entities,,,,,,,,,,,,,,,,2026-06-01,PHR,,PHR,,,,,,,,,,,
world:stock:PINE,Stock;Company;Entity,PINE,PINE,PINE,,,,,,,stock,Entities,,,,,,,,,,,,,,,,2026-06-01,PINE,,PINE,,,,,,,,,,,
world:stock:PIPR,Stock;Company;Entity,PIPR,PIPR,PIPR,,,,,,,stock,Entities,,,,,,,,,,,,,,,,2026-06-01,PIPR,,PIPR,,,,,,,,,,,
world:stock:PKG,Stock;Company;Entity,PKG,PKG,PKG,,,,,,,stock,Entities,,,,,,,,,,,,,,,,2026-06-01,PKG,,PKG,,,,,,,,,,,
world:stock:PKOH,Stock;Company;Entity,PKOH,PKOH,PKOH,,,,,,,stock,Entities,,,,,,,,,,,,,,,,2026-06-01,PKOH,,PKOH,,,,,,,,,,,
world:stock:PKST,Stock;Company;Entity,PKST,PKST,PKST,,,,,,,stock,Entities,,,,,,,,,,,,,,,,2026-06-01,PKST,,PKST,,,,,,,,,,,
world:stock:PL,Stock;Company;Entity,PL,PL,PL,,,,,,,stock,Entities,,,,,,,,,,,,,,,,2026-06-01,PL,,PL,,,,,,,,,,,
world:stock:PLAY,Stock;Company;Entity,PLAY,PLAY,PLAY,,,,,,,stock,Entities,,,,,,,,,,,,,,,,2026-06-01,PLAY,,PLAY,,,,,,,,,,,
world:stock:PLD,Stock;Company;Entity,PLD,PLD,PLD,World_Machine,Entities/Stocks/PLD.md,obsidian://open?vault=World_Machine&file=Entities%2FStocks%2FPLD.md,C:\Users\CaveUser\Documents\Obsidian Vault\World_Machine\Entities\Stocks\PLD.md,World_Machine,Entities,stock,Entities,Stocks,,[[Real Estate]],,[[USA]],,stock;real-estate;reit;logistics,Active,,,,,,,,2026-06-01,PLD,NYSE,PLD,,,,,,,,,,,
world:stock:PLMK,Stock;Company;Entity,PLMK,PLMK,PLMK,,,,,,,stock,Entities,,,,,,,,,,,,,,,,2026-06-01,PLMK,,PLMK,,,,,,,,,,,
world:stock:PLOW,Stock;Company;Entity,PLOW,PLOW,PLOW,,,,,,,stock,Entities,,,,,,,,,,,,,,,,2026-06-01,PLOW,,PLOW,,,,,,,,,,,
world:stock:PLPC,Stock;Company;Entity,PLPC,PLPC,PLPC,,,,,,,stock,Entities,,,,,,,,,,,,,,,,2026-06-01,PLPC,,PLPC,,,,,,,,,,,
world:stock:PLTR,Stock;Company;Entity,PLTR,PLTR,PLTR,World_Machine,Entities/Stocks/PLTR.md,obsidian://open?vault=World_Machine&file=Entities%2FStocks%2FPLTR.md,C:\Users\CaveUser\Documents\Obsidian Vault\World_Machine\Entities\Stocks\PLTR.md,World_Machine,Entities,stock,Entities,Stocks,,[[Tech Sector]],,[[USA]],,stock;tech;defense;software,Active,,,,,,,,2026-06-01,PLTR,NASDAQ,PLTR,,,,,,,,,,,
world:stock:PM,Stock;Company;Entity,PM,PM,PM,,,,,,,stock,Entities,,,,,,,,,,,,,,,,2026-06-01,PM,,PM,,,,,,,,,,,
world:stock:PMI,Stock;Company;Entity,PMI,PMI,PMI,,,,,,,stock,Entities,,,,,,,,,,,,,,,,2026-06-01,PMI,,PMI,,,,,,,,,,,
world:stock:PMT,Stock;Company;Entity,PMT,PMT,PMT,,,,,,,stock,Entities,,,,,,,,,,,,,,,,2026-06-01,PMT,,PMT,,,,,,,,,,,
world:stock:PNC,Stock;Company;Entity,PNC,PNC,PNC,,,,,,,stock,Entities,,,,,,,,,,,,,,,,2026-06-01,PNC,,PNC,,,,,,,,,,,
world:stock:PNNT,Stock;Company;Entity,PNNT,PNNT,PNNT,,,,,,,stock,Entities,,,,,,,,,,,,,,,,2026-06-01,PNNT,,PNNT,,,,,,,,,,,
world:stock:PNR,Stock;Company;Entity,PNR,PNR,PNR,,,,,,,stock,Entities,,,,,,,,,,,,,,,,2026-06-01,PNR,,PNR,,,,,,,,,,,
world:stock:PNRG,Stock;Company;Entity,PNRG,PNRG,PNRG,,,,,,,stock,Entities,,,,,,,,,,,,,,,,2026-06-01,PNRG,,PNRG,,,,,,,,,,,
world:stock:PNW,Stock;Company;Entity,PNW,PNW,PNW,,,,,,,stock,Entities,,,,,,,,,,,,,,,,2026-06-01,PNW,,PNW,,,,,,,,,,,
world:stock:PODD,Stock;Company;Entity,PODD,PODD,PODD,,,,,,,stock,Entities,,,,,,,,,,,,,,,,2026-06-01,PODD,,PODD,,,,,,,,,,,
world:stock:POOL,Stock;Company;Entity,POOL,POOL,POOL,,,,,,,stock,Entities,,,,,,,,,,,,,,,,2026-06-01,POOL,,POOL,,,,,,,,,,,
world:stock:POWL,Stock;Company;Entity,POWL,POWL,POWL,World_Machine,Entities/Stocks/POWL.md,obsidian://open?vault=World_Machine&file=Entities%2FStocks%2FPOWL.md,C:\Users\CaveUser\Documents\Obsidian Vault\World_Machine\Entities\Stocks\POWL.md,World_Machine,Entities,stock,Entities,Stocks,,[[Industrials]],,[[USA]],,stock;industrials;electrification;grid-equipment;small-cap,Active,,,,,,,,2026-06-01,POWL,NASDAQ,POWL,,,,,,,,,,,
world:stock:PPG,Stock;Company;Entity,PPG,PPG,PPG,,,,,,,stock,Entities,,,,,,,,,,,,,,,,2026-06-01,PPG,,PPG,,,,,,,,,,,
world:stock:PPI,Stock;Company;Entity,PPI,PPI,PPI,,,,,,,stock,Entities,,,,,,,,,,,,,,,,2026-06-01,PPI,,PPI,,,,,,,,,,,
world:stock:PPIH,Stock;Company;Entity,PPIH,PPIH,PPIH,World_Machine,Entities/Stocks/PPIH.md,obsidian://open?vault=World_Machine&file=Entities%2FStocks%2FPPIH.md,C:\Users\CaveUser\Documents\Obsidian Vault\World_Machine\Entities\Stocks\PPIH.md,World_Machine,Entities,stock,Entities,Stocks,,[[Industrials]],,[[USA]],,stock;microcap;industrials;special-situations,Active,,,,,,,,2026-06-01,PPIH,NASDAQ,PPIH,,,,,,,,,,,
world:stock:PPL,Stock;Company;Entity,PPL,PPL,PPL,,,,,,,stock,Entities,,,,,,,,,,,,,,,,2026-06-01,PPL,,PPL,,,,,,,,,,,
world:stock:PRA,Stock;Company;Entity,PRA,PRA,PRA,,,,,,,stock,Entities,,,,,,,,,,,,,,,,2026-06-01,PRA,,PRA,,,,,,,,,,,
world:stock:PRG,Stock;Company;Entity,PRG,PRG,PRG,,,,,,,stock,Entities,,,,,,,,,,,,,,,,2026-06-01,PRG,,PRG,,,,,,,,,,,
world:stock:PRGS,Stock;Company;Entity,PRGS,PRGS,PRGS,,,,,,,stock,Entities,,,,,,,,,,,,,,,,2026-06-01,PRGS,,PRGS,,,,,,,,,,,
world:stock:PRIM,Stock;Company;Entity,PRIM,PRIM,PRIM,,,,,,,stock,Entities,,,,,,,,,,,,,,,,2026-06-01,PRIM,,PRIM,,,,,,,,,,,
world:stock:PRKS,Stock;Company;Entity,PRKS,PRKS,PRKS,World_Machine,Entities/Stocks/PRKS.md,obsidian://open?vault=World_Machine&file=Entities%2FStocks%2FPRKS.md,C:\Users\CaveUser\Documents\Obsidian Vault\World_Machine\Entities\Stocks\PRKS.md,World_Machine,Entities,stock,Entities,Stocks,,[[Consumer Discretionary]],,[[USA]],,stock;smallcap;consumer-discretionary;special-situations,Active,,,,,,,,2026-06-01,PRKS,NYSE,PRKS,,,,,,,,,,,
world:stock:PRMB,Stock;Company;Entity,PRMB,PRMB,PRMB,,,,,,,stock,Entities,,,,,,,,,,,,,,,,2026-06-01,PRMB,,PRMB,,,,,,,,,,,
world:stock:PROP,Stock;Company;Entity,PROP,PROP,PROP,,,,,,,stock,Entities,,,,,,,,,,,,,,,,2026-06-01,PROP,,PROP,,,,,,,,,,,
world:stock:PRPL,Stock;Company;Entity,PRPL,PRPL,PRPL,,,,,,,stock,Entities,,,,,,,,,,,,,,,,2026-06-01,PRPL,,PRPL,,,,,,,,,,,
world:stock:PRTA,Stock;Company;Entity,PRTA,PRTA,PRTA,,,,,,,stock,Entities,,,,,,,,,,,,,,,,2026-06-01,PRTA,,PRTA,,,,,,,,,,,
world:stock:PRU,Stock;Company;Entity,PRU,PRU,PRU,,,,,,,stock,Entities,,,,,,,,,,,,,,,,2026-06-01,PRU,,PRU,,,,,,,,,,,
world:stock:PSA,Stock;Company;Entity,PSA,PSA,PSA,,,,,,,stock,Entities,,,,,,,,,,,,,,,,2026-06-01,PSA,,PSA,,,,,,,,,,,
world:stock:PSH.L,Stock;Company;Entity,PSH.L,PSH.L,PSH.L,,,,,,,stock,Entities,,,,,,,,,,,,,,,,2026-06-01,PSH.L,,PSH.L,,,,,,,,,,,
world:stock:PSIX,Stock;Company;Entity,PSIX,PSIX,PSIX,,,,,,,stock,Entities,,,,,,,,,,,,,,,,2026-06-01,PSIX,,PSIX,,,,,,,,,,,
world:stock:PSKY,Stock;Company;Entity,PSKY,PSKY,PSKY,,,,,,,stock,Entities,,,,,,,,,,,,,,,,2026-06-01,PSKY,,PSKY,,,,,,,,,,,
world:stock:PSTL,Stock;Company;Entity,PSTL,PSTL,PSTL,,,,,,,stock,Entities,,,,,,,,,,,,,,,,2026-06-01,PSTL,,PSTL,,,,,,,,,,,
world:stock:PSX,Stock;Company;Entity,PSX,PSX,PSX,,,,,,,stock,Entities,,,,,,,,,,,,,,,,2026-06-01,PSX,,PSX,,,,,,,,,,,
world:stock:PTAL.L,Stock;Company;Entity,PTAL.L,PTAL.L,PTAL.L,,,,,,,stock,Entities,,,,,,,,,,,,,,,,2026-06-01,PTAL.L,,PTAL.L,,,,,,,,,,,
world:stock:PTC,Stock;Company;Entity,PTC,PTC,PTC,,,,,,,stock,Entities,,,,,,,,,,,,,,,,2026-06-01,PTC,,PTC,,,,,,,,,,,
world:stock:PTEN,Stock;Company;Entity,PTEN,PTEN,PTEN,,,,,,,stock,Entities,,,,,,,,,,,,,,,,2026-06-01,PTEN,,PTEN,,,,,,,,,,,
world:stock:PTLO,Stock;Company;Entity,PTLO,PTLO,PTLO,,,,,,,stock,Entities,,,,,,,,,,,,,,,,2026-06-01,PTLO,,PTLO,,,,,,,,,,,
world:stock:PTON,Stock;Company;Entity,PTON,PTON,PTON,,,,,,,stock,Entities,,,,,,,,,,,,,,,,2026-06-01,PTON,,PTON,,,,,,,,,,,
world:stock:PUMP,Stock;Company;Entity,PUMP,PUMP,PUMP,,,,,,,stock,Entities,,,,,,,,,,,,,,,,2026-06-01,PUMP,,PUMP,,,,,,,,,,,
world:stock:PVH,Stock;Company;Entity,PVH,PVH,PVH,,,,,,,stock,Entities,,,,,,,,,,,,,,,,2026-06-01,PVH,,PVH,,,,,,,,,,,
world:stock:PVLA,Stock;Company;Entity,PVLA,PVLA,PVLA,,,,,,,stock,Entities,,,,,,,,,,,,,,,,2026-06-01,PVLA,,PVLA,,,,,,,,,,,
world:stock:PWP,Stock;Company;Entity,PWP,PWP,PWP,,,,,,,stock,Entities,,,,,,,,,,,,,,,,2026-06-01,PWP,,PWP,,,,,,,,,,,
world:stock:PWR,Stock;Company;Entity,PWR,PWR,PWR,World_Machine,Entities/Stocks/PWR.md,obsidian://open?vault=World_Machine&file=Entities%2FStocks%2FPWR.md,C:\Users\CaveUser\Documents\Obsidian Vault\World_Machine\Entities\Stocks\PWR.md,World_Machine,Entities,stock,Entities,Stocks,,[[Industrials]],,[[USA]],,stock;industrials;grid;infrastructure;contractor,Active,,,,,,,,2026-06-01,PWR,NYSE,PWR,,,,,,,,,,,
world:stock:PX,Stock;Company;Entity,PX,PX,PX,,,,,,,stock,Entities,,,,,,,,,,,,,,,,2026-06-01,PX,,PX,,,,,,,,,,,
world:stock:PYPL,Stock;Company;Entity,PYPL,PYPL,PYPL,,,,,,,stock,Entities,,,,,,,,,,,,,,,,2026-06-01,PYPL,,PYPL,,,,,,,,,,,
world:stock:PZG,Stock;Company;Entity,PZG,PZG,PZG,,,,,,,stock,Entities,,,,,,,,,,,,,,,,2026-06-01,PZG,,PZG,,,,,,,,,,,
world:stock:PZZA,Stock;Company;Entity,PZZA,PZZA,PZZA,,,,,,,stock,Entities,,,,,,,,,,,,,,,,2026-06-01,PZZA,,PZZA,,,,,,,,,,,
world:stock:Q,Stock;Company;Entity,Q,Q,Q,,,,,,,stock,Entities,,,,,,,,,,,,,,,,2026-06-01,Q,,Q,,,,,,,,,,,
world:stock:QCOM,Stock;Company;Entity,QCOM,QCOM,QCOM,,,,,,,stock,Entities,,,,,,,,,,,,,,,,2026-06-01,QCOM,,QCOM,,,,,,,,,,,
world:stock:QGEN,Stock;Company;Entity,QGEN,QGEN,QGEN,,,,,,,stock,Entities,,,,,,,,,,,,,,,,2026-06-01,QGEN,,QGEN,,,,,,,,,,,
world:stock:QNTM,Stock;Company;Entity,QNTM,QNTM,QNTM,World_Machine,Entities/Stocks/QNTM.md,obsidian://open?vault=World_Machine&file=Entities%2FStocks%2FQNTM.md,C:\Users\CaveUser\Documents\Obsidian Vault\World_Machine\Entities\Stocks\QNTM.md,World_Machine,Entities,stock,Entities,Stocks,,[[Healthcare]],,[[Canada]],,stock;biotech;psychedelics,Watching,,,,,,,,2026-06-01,QNTM,NASDAQ,QNTM,,,,,,,,,,,
world:stock:QQQ,Stock;Company;Entity,QQQ,QQQ,QQQ,,,,,,,stock,Entities,,,,,,,,,,,,,,,,2026-06-01,QQQ,,QQQ,,,,,,,,,,,
world:stock:QQQM,Stock;Company;Entity,QQQM,QQQM,QQQM,,,,,,,stock,Entities,,,,,,,,,,,,,,,,2026-06-01,QQQM,,QQQM,,,,,,,,,,,
world:stock:QTI,Stock;Company;Entity,QTI,QTI,QTI,,,,,,,stock,Entities,,,,,,,,,,,,,,,,2026-06-01,QTI,,QTI,,,,,,,,,,,
world:stock:QTRX,Stock;Company;Entity,QTRX,QTRX,QTRX,,,,,,,stock,Entities,,,,,,,,,,,,,,,,2026-06-01,QTRX,,QTRX,,,,,,,,,,,
world:stock:QUBT,Stock;Company;Entity,QUBT,QUBT,QUBT,,,,,,,stock,Entities,,,,,,,,,,,,,,,,2026-06-01,QUBT,,QUBT,,,,,,,,,,,
world:stock:QUIK,Stock;Company;Entity,QUIK,QUIK,QUIK,,,,,,,stock,Entities,,,,,,,,,,,,,,,,2026-06-01,QUIK,,QUIK,,,,,,,,,,,
world:stock:RAMP,Stock;Company;Entity,RAMP,RAMP,RAMP,,,,,,,stock,Entities,,,,,,,,,,,,,,,,2026-06-01,RAMP,,RAMP,,,,,,,,,,,
world:stock:RAPP,Stock;Company;Entity,RAPP,RAPP,RAPP,,,,,,,stock,Entities,,,,,,,,,,,,,,,,2026-06-01,RAPP,,RAPP,,,,,,,,,,,
world:stock:RBLX,Stock;Company;Entity,RBLX,RBLX,RBLX,,,,,,,stock,Entities,,,,,,,,,,,,,,,,2026-06-01,RBLX,,RBLX,,,,,,,,,,,
world:stock:RC,Stock;Company;Entity,RC,RC,RC,,,,,,,stock,Entities,,,,,,,,,,,,,,,,2026-06-01,RC,,RC,,,,,,,,,,,
world:stock:RCAT,Stock;Company;Entity,RCAT,RCAT,RCAT,World_Machine,Entities/Stocks/RCAT.md,obsidian://open?vault=World_Machine&file=Entities%2FStocks%2FRCAT.md,C:\Users\CaveUser\Documents\Obsidian Vault\World_Machine\Entities\Stocks\RCAT.md,World_Machine,Entities,stock,Entities,Stocks,,[[Aerospace & Defense]],,[[USA]],,stock;defense;drones;military;fpv,Active,,,,,,,,2026-06-01,RCAT,NASDAQ,RCAT,,,,,,,,,,,
world:stock:RCKY,Stock;Company;Entity,RCKY,RCKY,RCKY,,,,,,,stock,Entities,,,,,,,,,,,,,,,,2026-06-01,RCKY,,RCKY,,,,,,,,,,,
world:stock:RCL,Stock;Company;Entity,RCL,RCL,RCL,,,,,,,stock,Entities,,,,,,,,,,,,,,,,2026-06-01,RCL,,RCL,,,,,,,,,,,
world:stock:RDDT,Stock;Company;Entity,RDDT,RDDT,RDDT,,,,,,,stock,Entities,,,,,,,,,,,,,,,,2026-06-01,RDDT,,RDDT,,,,,,,,,,,
world:stock:RDW,Stock;Company;Entity,RDW,RDW,RDW,,,,,,,stock,Entities,,,,,,,,,,,,,,,,2026-06-01,RDW,,RDW,,,,,,,,,,,
world:stock:REFI,Stock;Company;Entity,REFI,REFI,REFI,,,,,,,stock,Entities,,,,,,,,,,,,,,,,2026-06-01,REFI,,REFI,,,,,,,,,,,
world:stock:REG,Stock;Company;Entity,REG,REG,REG,,,,,,,stock,Entities,,,,,,,,,,,,,,,,2026-06-01,REG,,REG,,,,,,,,,,,
world:stock:REGN,Stock;Company;Entity,REGN,REGN,REGN,,,,,,,stock,Entities,,,,,,,,,,,,,,,,2026-06-01,REGN,,REGN,,,,,,,,,,,
world:stock:REI,Stock;Company;Entity,REI,REI,REI,,,,,,,stock,Entities,,,,,,,,,,,,,,,,2026-06-01,REI,,REI,,,,,,,,,,,
world:stock:RELL,Stock;Company;Entity,RELL,RELL,RELL,,,,,,,stock,Entities,,,,,,,,,,,,,,,,2026-06-01,RELL,,RELL,,,,,,,,,,,
world:stock:RELY,Stock;Company;Entity,RELY,RELY,RELY,,,,,,,stock,Entities,,,,,,,,,,,,,,,,2026-06-01,RELY,,RELY,,,,,,,,,,,
world:stock:RENX,Stock;Company;Entity,RENX,RENX,RENX,,,,,,,stock,Entities,,,,,,,,,,,,,,,,2026-06-01,RENX,,RENX,,,,,,,,,,,
world:stock:REPL,Stock;Company;Entity,REPL,REPL,REPL,,,,,,,stock,Entities,,,,,,,,,,,,,,,,2026-06-01,REPL,,REPL,,,,,,,,,,,
world:stock:REPX,Stock;Company;Entity,REPX,REPX,REPX,,,,,,,stock,Entities,,,,,,,,,,,,,,,,2026-06-01,REPX,,REPX,,,,,,,,,,,
world:stock:RES,Stock;Company;Entity,RES,RES,RES,,,,,,,stock,Entities,,,,,,,,,,,,,,,,2026-06-01,RES,,RES,,,,,,,,,,,
world:stock:REX,Stock;Company;Entity,REX,REX,REX,,,,,,,stock,Entities,,,,,,,,,,,,,,,,2026-06-01,REX,,REX,,,,,,,,,,,
world:stock:REXR,Stock;Company;Entity,REXR,REXR,REXR,,,,,,,stock,Entities,,,,,,,,,,,,,,,,2026-06-01,REXR,,REXR,,,,,,,,,,,
world:stock:REYN,Stock;Company;Entity,REYN,REYN,REYN,,,,,,,stock,Entities,,,,,,,,,,,,,,,,2026-06-01,REYN,,REYN,,,,,,,,,,,
world:stock:RF,Stock;Company;Entity,RF,RF,RF,,,,,,,stock,Entities,,,,,,,,,,,,,,,,2026-06-01,RF,,RF,,,,,,,,,,,
world:stock:RGTI,Stock;Company;Entity,RGTI,RGTI,RGTI,,,,,,,stock,Entities,,,,,,,,,,,,,,,,2026-06-01,RGTI,,RGTI,,,,,,,,,,,
world:stock:RHLD,Stock;Company;Entity,RHLD,RHLD,RHLD,,,,,,,stock,Entities,,,,,,,,,,,,,,,,2026-06-01,RHLD,,RHLD,,,,,,,,,,,
world:stock:RILY,Stock;Company;Entity,RILY,RILY,RILY,,,,,,,stock,Entities,,,,,,,,,,,,,,,,2026-06-01,RILY,,RILY,,,,,,,,,,,
world:stock:RIVN,Stock;Company;Entity,RIVN,RIVN,RIVN,,,,,,,stock,Entities,,,,,,,,,,,,,,,,2026-06-01,RIVN,,RIVN,,,,,,,,,,,
world:stock:RJF,Stock;Company;Entity,RJF,RJF,RJF,,,,,,,stock,Entities,,,,,,,,,,,,,,,,2026-06-01,RJF,,RJF,,,,,,,,,,,
world:stock:RKLB,Stock;Company;Entity,RKLB,RKLB,RKLB,,,,,,,stock,Entities,,,,,,,,,,,,,,,,2026-06-01,RKLB,,RKLB,,,,,,,,,,,
world:stock:RL,Stock;Company;Entity,RL,RL,RL,,,,,,,stock,Entities,,,,,,,,,,,,,,,,2026-06-01,RL,,RL,,,,,,,,,,,
world:stock:RLAY,Stock;Company;Entity,RLAY,RLAY,RLAY,,,,,,,stock,Entities,,,,,,,,,,,,,,,,2026-06-01,RLAY,,RLAY,,,,,,,,,,,
world:stock:RLI,Stock;Company;Entity,RLI,RLI,RLI,,,,,,,stock,Entities,,,,,,,,,,,,,,,,2026-06-01,RLI,,RLI,,,,,,,,,,,
world:stock:RLJ,Stock;Company;Entity,RLJ,RLJ,RLJ,,,,,,,stock,Entities,,,,,,,,,,,,,,,,2026-06-01,RLJ,,RLJ,,,,,,,,,,,
world:stock:RLMD,Stock;Company;Entity,RLMD,RLMD,RLMD,World_Machine,Entities/Stocks/RLMD.md,obsidian://open?vault=World_Machine&file=Entities%2FStocks%2FRLMD.md,C:\Users\CaveUser\Documents\Obsidian Vault\World_Machine\Entities\Stocks\RLMD.md,World_Machine,Entities,stock,Entities,Stocks,,[[Healthcare]],,[[USA]],,stock;biotech;mental-health,Watching,,,,,,,,2026-06-01,RLMD,NASDAQ,RLMD,,,,,,,,,,,
world:stock:RMAX,Stock;Company;Entity,RMAX,RMAX,RMAX,,,,,,,stock,Entities,,,,,,,,,,,,,,,,2026-06-01,RMAX,,RMAX,,,,,,,,,,,
world:stock:RMBI,Stock;Company;Entity,RMBI,RMBI,RMBI,,,,,,,stock,Entities,,,,,,,,,,,,,,,,2026-06-01,RMBI,,RMBI,,,,,,,,,,,
world:stock:RMD,Stock;Company;Entity,RMD,RMD,RMD,,,,,,,stock,Entities,,,,,,,,,,,,,,,,2026-06-01,RMD,,RMD,,,,,,,,,,,
world:stock:RNTX,Stock;Company;Entity,RNTX,RNTX,RNTX,,,,,,,stock,Entities,,,,,,,,,,,,,,,,2026-06-01,RNTX,,RNTX,,,,,,,,,,,
world:stock:ROIV,Stock;Company;Entity,ROIV,ROIV,ROIV,,,,,,,stock,Entities,,,,,,,,,,,,,,,,2026-06-01,ROIV,,ROIV,,,,,,,,,,,
world:stock:ROK,Stock;Company;Entity,ROK,ROK,ROK,,,,,,,stock,Entities,,,,,,,,,,,,,,,,2026-06-01,ROK,,ROK,,,,,,,,,,,
world:stock:ROKU,Stock;Company;Entity,ROKU,ROKU,ROKU,,,,,,,stock,Entities,,,,,,,,,,,,,,,,2026-06-01,ROKU,,ROKU,,,,,,,,,,,
world:stock:ROL,Stock;Company;Entity,ROL,ROL,ROL,,,,,,,stock,Entities,,,,,,,,,,,,,,,,2026-06-01,ROL,,ROL,,,,,,,,,,,
world:stock:ROLR,Stock;Company;Entity,ROLR,ROLR,ROLR,,,,,,,stock,Entities,,,,,,,,,,,,,,,,2026-06-01,ROLR,,ROLR,,,,,,,,,,,
world:stock:ROOT,Stock;Company;Entity,ROOT,ROOT,ROOT,,,,,,,stock,Entities,,,,,,,,,,,,,,,,2026-06-01,ROOT,,ROOT,,,,,,,,,,,
world:stock:ROP,Stock;Company;Entity,ROP,ROP,ROP,,,,,,,stock,Entities,,,,,,,,,,,,,,,,2026-06-01,ROP,,ROP,,,,,,,,,,,
world:stock:ROST,Stock;Company;Entity,ROST,ROST,ROST,,,,,,,stock,Entities,,,,,,,,,,,,,,,,2026-06-01,ROST,,ROST,,,,,,,,,,,
world:stock:RPRX,Stock;Company;Entity,RPRX,RPRX,RPRX,,,,,,,stock,Entities,,,,,,,,,,,,,,,,2026-06-01,RPRX,,RPRX,,,,,,,,,,,
world:stock:RS,Stock;Company;Entity,RS,RS,RS,,,,,,,stock,Entities,,,,,,,,,,,,,,,,2026-06-01,RS,,RS,,,,,,,,,,,
world:stock:RSG,Stock;Company;Entity,RSG,RSG,RSG,,,,,,,stock,Entities,,,,,,,,,,,,,,,,2026-06-01,RSG,,RSG,,,,,,,,,,,
world:stock:RSI,Stock;Company;Entity,RSI,RSI,RSI,,,,,,,stock,Entities,,,,,,,,,,,,,,,,2026-06-01,RSI,,RSI,,,,,,,,,,,
world:stock:RTX,Stock;Company;Entity,RTX,RTX,RTX,World_Machine,Entities/Stocks/RTX.md,obsidian://open?vault=World_Machine&file=Entities%2FStocks%2FRTX.md,C:\Users\CaveUser\Documents\Obsidian Vault\World_Machine\Entities\Stocks\RTX.md,World_Machine,Entities,stock,Entities,Stocks,,[[Aerospace & Defense]],,[[USA]],,stock;defense;drones;counter-drone;large-cap,Active,,,,,,,,2026-06-01,RTX,NYSE,RTX,,,,,,,,,,,
world:stock:RVLV,Stock;Company;Entity,RVLV,RVLV,RVLV,,,,,,,stock,Entities,,,,,,,,,,,,,,,,2026-06-01,RVLV,,RVLV,,,,,,,,,,,
world:stock:RVTY,Stock;Company;Entity,RVTY,RVTY,RVTY,,,,,,,stock,Entities,,,,,,,,,,,,,,,,2026-06-01,RVTY,,RVTY,,,,,,,,,,,
world:stock:RWAY,Stock;Company;Entity,RWAY,RWAY,RWAY,,,,,,,stock,Entities,,,,,,,,,,,,,,,,2026-06-01,RWAY,,RWAY,,,,,,,,,,,
world:stock:SAIC,Stock;Company;Entity,SAIC,SAIC,SAIC,,,,,,,stock,Entities,,,,,,,,,,,,,,,,2026-06-01,SAIC,,SAIC,,,,,,,,,,,
world:stock:SAM,Stock;Company;Entity,SAM,SAM,SAM,,,,,,,stock,Entities,,,,,,,,,,,,,,,,2026-06-01,SAM,,SAM,,,,,,,,,,,
world:stock:SATS,Stock;Company;Entity,SATS,SATS,SATS,,,,,,,stock,Entities,,,,,,,,,,,,,,,,2026-06-01,SATS,,SATS,,,,,,,,,,,
world:stock:SBAC,Stock;Company;Entity,SBAC,SBAC,SBAC,,,,,,,stock,Entities,,,,,,,,,,,,,,,,2026-06-01,SBAC,,SBAC,,,,,,,,,,,
world:stock:SBET,Stock;Company;Entity,SBET,SBET,SBET,,,,,,,stock,Entities,,,,,,,,,,,,,,,,2026-06-01,SBET,,SBET,,,,,,,,,,,
world:stock:SBMT,Stock;Company;Entity,SBMT,SBMT,SBMT,,,,,,,stock,Entities,,,,,,,,,,,,,,,,2026-06-01,SBMT,,SBMT,,,,,,,,,,,
world:stock:SBUX,Stock;Company;Entity,SBUX,SBUX,SBUX,,,,,,,stock,Entities,,,,,,,,,,,,,,,,2026-06-01,SBUX,,SBUX,,,,,,,,,,,
world:stock:SCCO,Stock;Company;Entity,SCCO,SCCO,SCCO,,,,,,,stock,Entities,,,,,,,,,,,,,,,,2026-06-01,SCCO,,SCCO,,,,,,,,,,,
world:stock:SCHA,Stock;Company;Entity,SCHA,SCHA,SCHA,,,,,,,stock,Entities,,,,,,,,,,,,,,,,2026-06-01,SCHA,,SCHA,,,,,,,,,,,
world:stock:SCHL,Stock;Company;Entity,SCHL,SCHL,SCHL,,,,,,,stock,Entities,,,,,,,,,,,,,,,,2026-06-01,SCHL,,SCHL,,,,,,,,,,,
world:stock:SCHW,Stock;Company;Entity,SCHW,SCHW,SCHW,,,,,,,stock,Entities,,,,,,,,,,,,,,,,2026-06-01,SCHW,,SCHW,,,,,,,,,,,
world:stock:SCVL,Stock;Company;Entity,SCVL,SCVL,SCVL,,,,,,,stock,Entities,,,,,,,,,,,,,,,,2026-06-01,SCVL,,SCVL,,,,,,,,,,,
world:stock:SDGR,Stock;Company;Entity,SDGR,SDGR,SDGR,,,,,,,stock,Entities,,,,,,,,,,,,,,,,2026-06-01,SDGR,,SDGR,,,,,,,,,,,
world:stock:SEMR,Stock;Company;Entity,SEMR,SEMR,SEMR,,,,,,,stock,Entities,,,,,,,,,,,,,,,,2026-06-01,SEMR,,SEMR,,,,,,,,,,,
world:stock:SENEA,Stock;Company;Entity,SENEA,SENEA,SENEA,,,,,,,stock,Entities,,,,,,,,,,,,,,,,2026-06-01,SENEA,,SENEA,,,,,,,,,,,
world:stock:SEVN,Stock;Company;Entity,SEVN,SEVN,SEVN,,,,,,,stock,Entities,,,,,,,,,,,,,,,,2026-06-01,SEVN,,SEVN,,,,,,,,,,,
world:stock:SGMT,Stock;Company;Entity,SGMT,SGMT,SGMT,,,,,,,stock,Entities,,,,,,,,,,,,,,,,2026-06-01,SGMT,,SGMT,,,,,,,,,,,
world:stock:SHG,Stock;Company;Entity,SHG,SHG,SHG,,,,,,,stock,Entities,,,,,,,,,,,,,,,,2026-06-01,SHG,,SHG,,,,,,,,,,,
world:stock:SHO,Stock;Company;Entity,SHO,SHO,SHO,,,,,,,stock,Entities,,,,,,,,,,,,,,,,2026-06-01,SHO,,SHO,,,,,,,,,,,
world:stock:SHW,Stock;Company;Entity,SHW,SHW,SHW,,,,,,,stock,Entities,,,,,,,,,,,,,,,,2026-06-01,SHW,,SHW,,,,,,,,,,,
world:stock:SIDU,Stock;Company;Entity,SIDU,SIDU,SIDU,,,,,,,stock,Entities,,,,,,,,,,,,,,,,2026-06-01,SIDU,,SIDU,,,,,,,,,,,
world:stock:SILA,Stock;Company;Entity,SILA,SILA,SILA,,,,,,,stock,Entities,,,,,,,,,,,,,,,,2026-06-01,SILA,,SILA,,,,,,,,,,,
world:stock:SILO,Stock;Company;Entity,SILO,SILO,SILO,World_Machine,Entities/Stocks/SILO.md,obsidian://open?vault=World_Machine&file=Entities%2FStocks%2FSILO.md,C:\Users\CaveUser\Documents\Obsidian Vault\World_Machine\Entities\Stocks\SILO.md,World_Machine,Entities,stock,Entities,Stocks,,[[Healthcare]],,[[USA]],,stock;biotech;psychedelics,Watching,,,,,,,,2026-06-01,SILO,NASDAQ,SILO,,,,,,,,,,,
world:stock:SION,Stock;Company;Entity,SION,SION,SION,,,,,,,stock,Entities,,,,,,,,,,,,,,,,2026-06-01,SION,,SION,,,,,,,,,,,
world:stock:SITC,Stock;Company;Entity,SITC,SITC,SITC,,,,,,,stock,Entities,,,,,,,,,,,,,,,,2026-06-01,SITC,,SITC,,,,,,,,,,,
world:stock:SJM,Stock;Company;Entity,SJM,SJM,SJM,,,,,,,stock,Entities,,,,,,,,,,,,,,,,2026-06-01,SJM,,SJM,,,,,,,,,,,
world:stock:SKE,Stock;Company;Entity,SKE,SKE,SKE,,,,,,,stock,Entities,,,,,,,,,,,,,,,,2026-06-01,SKE,,SKE,,,,,,,,,,,
world:stock:SKLZ,Stock;Company;Entity,SKLZ,SKLZ,SKLZ,,,,,,,stock,Entities,,,,,,,,,,,,,,,,2026-06-01,SKLZ,,SKLZ,,,,,,,,,,,
world:stock:SKWD,Stock;Company;Entity,SKWD,SKWD,SKWD,,,,,,,stock,Entities,,,,,,,,,,,,,,,,2026-06-01,SKWD,,SKWD,,,,,,,,,,,
world:stock:SKY,Stock;Company;Entity,SKY,SKY,SKY,,,,,,,stock,Entities,,,,,,,,,,,,,,,,2026-06-01,SKY,,SKY,,,,,,,,,,,
world:stock:SKYT,Stock;Company;Entity,SKYT,SKYT,SKYT,,,,,,,stock,Entities,,,,,,,,,,,,,,,,2026-06-01,SKYT,,SKYT,,,,,,,,,,,
world:stock:SLB,Stock;Company;Entity,SLB,SLB,SLB,World_Machine,Entities/Stocks/SLB.md,obsidian://open?vault=World_Machine&file=Entities%2FStocks%2FSLB.md,C:\Users\CaveUser\Documents\Obsidian Vault\World_Machine\Entities\Stocks\SLB.md,World_Machine,Entities,stock,Entities,Stocks,,[[Energy]],,[[USA]],,stock;energy;oil-services;capex,Active,,,,,,,,2026-06-01,SLB,NYSE,SLB,,,,,,,,,,,
world:stock:SLGL,Stock;Company;Entity,SLGL,SLGL,SLGL,,,,,,,stock,Entities,,,,,,,,,,,,,,,,2026-06-01,SLGL,,SLGL,,,,,,,,,,,
world:stock:SLNO,Stock;Company;Entity,SLNO,SLNO,SLNO,,,,,,,stock,Entities,,,,,,,,,,,,,,,,2026-06-01,SLNO,,SLNO,,,,,,,,,,,
world:stock:SLV,Stock;Company;Entity,SLV,SLV,SLV,,,,,,,stock,Entities,,,,,,,,,,,,,,,,2026-06-01,SLV,,SLV,,,,,,,,,,,
world:stock:SLVM,Stock;Company;Entity,SLVM,SLVM,SLVM,,,,,,,stock,Entities,,,,,,,,,,,,,,,,2026-06-01,SLVM,,SLVM,,,,,,,,,,,
world:stock:SMA,Stock;Company;Entity,SMA,SMA,SMA,,,,,,,stock,Entities,,,,,,,,,,,,,,,,2026-06-01,SMA,,SMA,,,,,,,,,,,
world:stock:SMCI,Stock;Company;Entity,SMCI,SMCI,SMCI,,,,,,,stock,Entities,,,,,,,,,,,,,,,,2026-06-01,SMCI,,SMCI,,,,,,,,,,,
world:stock:SMCX,Stock;Company;Entity,SMCX,SMCX,SMCX,,,,,,,stock,Entities,,,,,,,,,,,,,,,,2026-06-01,SMCX,,SMCX,,,,,,,,,,,
world:stock:SMH,Stock;Company;Entity,SMH,SMH,SMH,,,,,,,stock,Entities,,,,,,,,,,,,,,,,2026-06-01,SMH,,SMH,,,,,,,,,,,
world:stock:SMJF,Stock;Company;Entity,SMJF,SMJF,SMJF,,,,,,,stock,Entities,,,,,,,,,,,,,,,,2026-06-01,SMJF,,SMJF,,,,,,,,,,,
world:stock:SMPL,Stock;Company;Entity,SMPL,SMPL,SMPL,,,,,,,stock,Entities,,,,,,,,,,,,,,,,2026-06-01,SMPL,,SMPL,,,,,,,,,,,
world:stock:SMR,Stock;Company;Entity,SMR,SMR,SMR,,,,,,,stock,Entities,,,,,,,,,,,,,,,,2026-06-01,SMR,,SMR,,,,,,,,,,,
world:stock:SMRT,Stock;Company;Entity,SMRT,SMRT,SMRT,,,,,,,stock,Entities,,,,,,,,,,,,,,,,2026-06-01,SMRT,,SMRT,,,,,,,,,,,
world:stock:SNA,Stock;Company;Entity,SNA,SNA,SNA,,,,,,,stock,Entities,,,,,,,,,,,,,,,,2026-06-01,SNA,,SNA,,,,,,,,,,,
world:stock:SNDK,Stock;Company;Entity,SNDK,SNDK,SNDK,,,,,,,stock,Entities,,,,,,,,,,,,,,,,2026-06-01,SNDK,,SNDK,,,,,,,,,,,
world:stock:SNDX,Stock;Company;Entity,SNDX,SNDX,SNDX,,,,,,,stock,Entities,,,,,,,,,,,,,,,,2026-06-01,SNDX,,SNDX,,,,,,,,,,,
world:stock:SNPS,Stock;Company;Entity,SNPS,SNPS,SNPS,,,,,,,stock,Entities,,,,,,,,,,,,,,,,2026-06-01,SNPS,,SNPS,,,,,,,,,,,
world:stock:SO,Stock;Company;Entity,SO,SO,SO,,,,,,,stock,Entities,,,,,,,,,,,,,,,,2026-06-01,SO,,SO,,,,,,,,,,,
world:stock:SOC,Stock;Company;Entity,SOC,SOC,SOC,,,,,,,stock,Entities,,,,,,,,,,,,,,,,2026-06-01,SOC,,SOC,,,,,,,,,,,
world:stock:SOFI,Stock;Company;Entity,SOFI,SOFI,SOFI,,,,,,,stock,Entities,,,,,,,,,,,,,,,,2026-06-01,SOFI,,SOFI,,,,,,,,,,,
world:stock:SOLV,Stock;Company;Entity,SOLV,SOLV,SOLV,,,,,,,stock,Entities,,,,,,,,,,,,,,,,2026-06-01,SOLV,,SOLV,,,,,,,,,,,
world:stock:SON,Stock;Company;Entity,SON,SON,SON,,,,,,,stock,Entities,,,,,,,,,,,,,,,,2026-06-01,SON,,SON,,,,,,,,,,,
world:stock:SOUN,Stock;Company;Entity,SOUN,SOUN,SOUN,,,,,,,stock,Entities,,,,,,,,,,,,,,,,2026-06-01,SOUN,,SOUN,,,,,,,,,,,
world:stock:SOXX,Stock;Company;Entity,SOXX,SOXX,SOXX,,,,,,,stock,Entities,,,,,,,,,,,,,,,,2026-06-01,SOXX,,SOXX,,,,,,,,,,,
world:stock:SPAI,Stock;Company;Entity,SPAI,SPAI,SPAI,,,,,,,stock,Entities,,,,,,,,,,,,,,,,2026-06-01,SPAI,,SPAI,,,,,,,,,,,
world:stock:SPB,Stock;Company;Entity,SPB,SPB,SPB,,,,,,,stock,Entities,,,,,,,,,,,,,,,,2026-06-01,SPB,,SPB,,,,,,,,,,,
world:stock:SPCE,Stock;Company;Entity,SPCE,SPCE,SPCE,,,,,,,stock,Entities,,,,,,,,,,,,,,,,2026-06-01,SPCE,,SPCE,,,,,,,,,,,
world:stock:SPEM,Stock;Company;Entity,SPEM,SPEM,SPEM,,,,,,,stock,Entities,,,,,,,,,,,,,,,,2026-06-01,SPEM,,SPEM,,,,,,,,,,,
world:stock:SPG,Stock;Company;Entity,SPG,SPG,SPG,,,,,,,stock,Entities,,,,,,,,,,,,,,,,2026-06-01,SPG,,SPG,,,,,,,,,,,
world:stock:SPGI,Stock;Company;Entity,SPGI,SPGI,SPGI,,,,,,,stock,Entities,,,,,,,,,,,,,,,,2026-06-01,SPGI,,SPGI,,,,,,,,,,,
world:stock:SPIR,Stock;Company;Entity,SPIR,SPIR,SPIR,,,,,,,stock,Entities,,,,,,,,,,,,,,,,2026-06-01,SPIR,,SPIR,,,,,,,,,,,
world:stock:SPRO,Stock;Company;Entity,SPRO,SPRO,SPRO,,,,,,,stock,Entities,,,,,,,,,,,,,,,,2026-06-01,SPRO,,SPRO,,,,,,,,,,,
world:stock:SPXC,Stock;Company;Entity,SPXC,SPXC,SPXC,,,,,,,stock,Entities,,,,,,,,,,,,,,,,2026-06-01,SPXC,,SPXC,,,,,,,,,,,
world:stock:SPY,Stock;Company;Entity,SPY,SPY,SPY,,,,,,,stock,Entities,,,,,,,,,,,,,,,,2026-06-01,SPY,,SPY,,,,,,,,,,,
world:stock:SPYG,Stock;Company;Entity,SPYG,SPYG,SPYG,,,,,,,stock,Entities,,,,,,,,,,,,,,,,2026-06-01,SPYG,,SPYG,,,,,,,,,,,
world:stock:SR,Stock;Company;Entity,SR,SR,SR,,,,,,,stock,Entities,,,,,,,,,,,,,,,,2026-06-01,SR,,SR,,,,,,,,,,,
world:stock:SRBK,Stock;Company;Entity,SRBK,SRBK,SRBK,,,,,,,stock,Entities,,,,,,,,,,,,,,,,2026-06-01,SRBK,,SRBK,,,,,,,,,,,
world:stock:SRE,Stock;Company;Entity,SRE,SRE,SRE,,,,,,,stock,Entities,,,,,,,,,,,,,,,,2026-06-01,SRE,,SRE,,,,,,,,,,,
world:stock:SRI,Stock;Company;Entity,SRI,SRI,SRI,,,,,,,stock,Entities,,,,,,,,,,,,,,,,2026-06-01,SRI,,SRI,,,,,,,,,,,
world:stock:SRPT,Stock;Company;Entity,SRPT,SRPT,SRPT,,,,,,,stock,Entities,,,,,,,,,,,,,,,,2026-06-01,SRPT,,SRPT,,,,,,,,,,,
world:stock:SSRM,Stock;Company;Entity,SSRM,SSRM,SSRM,,,,,,,stock,Entities,,,,,,,,,,,,,,,,2026-06-01,SSRM,,SSRM,,,,,,,,,,,
world:stock:SSSS,Stock;Company;Entity,SSSS,SSSS,SSSS,,,,,,,stock,Entities,,,,,,,,,,,,,,,,2026-06-01,SSSS,,SSSS,,,,,,,,,,,
world:stock:STAA,Stock;Company;Entity,STAA,STAA,STAA,,,,,,,stock,Entities,,,,,,,,,,,,,,,,2026-06-01,STAA,,STAA,,,,,,,,,,,
world:stock:STE,Stock;Company;Entity,STE,STE,STE,,,,,,,stock,Entities,,,,,,,,,,,,,,,,2026-06-01,STE,,STE,,,,,,,,,,,
world:stock:STEM,Stock;Company;Entity,STEM,STEM,STEM,,,,,,,stock,Entities,,,,,,,,,,,,,,,,2026-06-01,STEM,,STEM,,,,,,,,,,,
world:stock:STGW,Stock;Company;Entity,STGW,STGW,STGW,,,,,,,stock,Entities,,,,,,,,,,,,,,,,2026-06-01,STGW,,STGW,,,,,,,,,,,
world:stock:STIM,Stock;Company;Entity,STIM,STIM,STIM,World_Machine,Entities/Stocks/STIM.md,obsidian://open?vault=World_Machine&file=Entities%2FStocks%2FSTIM.md,C:\Users\CaveUser\Documents\Obsidian Vault\World_Machine\Entities\Stocks\STIM.md,World_Machine,Entities,stock,Entities,Stocks,,[[Healthcare]],,[[USA]],,stock;mental-health;medtech,Active,,,,,,,,2026-06-01,STIM,NASDAQ,STIM,,,,,,,,,,,
world:stock:STLD,Stock;Company;Entity,STLD,STLD,STLD,,,,,,,stock,Entities,,,,,,,,,,,,,,,,2026-06-01,STLD,,STLD,,,,,,,,,,,
world:stock:STOK,Stock;Company;Entity,STOK,STOK,STOK,,,,,,,stock,Entities,,,,,,,,,,,,,,,,2026-06-01,STOK,,STOK,,,,,,,,,,,
world:stock:STRA,Stock;Company;Entity,STRA,STRA,STRA,,,,,,,stock,Entities,,,,,,,,,,,,,,,,2026-06-01,STRA,,STRA,,,,,,,,,,,
world:stock:STRL,Stock;Company;Entity,STRL,STRL,STRL,World_Machine,Entities/Stocks/STRL.md,obsidian://open?vault=World_Machine&file=Entities%2FStocks%2FSTRL.md,C:\Users\CaveUser\Documents\Obsidian Vault\World_Machine\Entities\Stocks\STRL.md,World_Machine,Entities,stock,Entities,Stocks,,[[Industrials]],,[[USA]],,stock;industrials;data-centers;infrastructure;contractor,Active,,,,,,,,2026-06-01,STRL,NASDAQ,STRL,,,,,,,,,,,
world:stock:STRO,Stock;Company;Entity,STRO,STRO,STRO,,,,,,,stock,Entities,,,,,,,,,,,,,,,,2026-06-01,STRO,,STRO,,,,,,,,,,,
world:stock:STRS,Stock;Company;Entity,STRS,STRS,STRS,,,,,,,stock,Entities,,,,,,,,,,,,,,,,2026-06-01,STRS,,STRS,,,,,,,,,,,
world:stock:STT,Stock;Company;Entity,STT,STT,STT,,,,,,,stock,Entities,,,,,,,,,,,,,,,,2026-06-01,STT,,STT,,,,,,,,,,,
world:stock:STX,Stock;Company;Entity,STX,STX,STX,,,,,,,stock,Entities,,,,,,,,,,,,,,,,2026-06-01,STX,,STX,,,,,,,,,,,
world:stock:STZ,Stock;Company;Entity,STZ,STZ,STZ,,,,,,,stock,Entities,,,,,,,,,,,,,,,,2026-06-01,STZ,,STZ,,,,,,,,,,,
world:stock:SUNS,Stock;Company;Entity,SUNS,SUNS,SUNS,,,,,,,stock,Entities,,,,,,,,,,,,,,,,2026-06-01,SUNS,,SUNS,,,,,,,,,,,
world:stock:SUPN,Stock;Company;Entity,SUPN,SUPN,SUPN,World_Machine,Entities/Stocks/SUPN.md,obsidian://open?vault=World_Machine&file=Entities%2FStocks%2FSUPN.md,C:\Users\CaveUser\Documents\Obsidian Vault\World_Machine\Entities\Stocks\SUPN.md,World_Machine,Entities,stock,Entities,Stocks,,[[Healthcare]],,[[USA]],,stock;biotech;mental-health,Active,,,,,,,,2026-06-01,SUPN,NASDAQ,SUPN,,,,,,,,,,,
world:stock:SUUN,Stock;Company;Entity,SUUN,SUUN,SUUN,,,,,,,stock,Entities,,,,,,,,,,,,,,,,2026-06-01,SUUN,,SUUN,,,,,,,,,,,
world:stock:SVC,Stock;Company;Entity,SVC,SVC,SVC,,,,,,,stock,Entities,,,,,,,,,,,,,,,,2026-06-01,SVC,,SVC,,,,,,,,,,,
world:stock:SW,Stock;Company;Entity,SW,SW,SW,,,,,,,stock,Entities,,,,,,,,,,,,,,,,2026-06-01,SW,,SW,,,,,,,,,,,
world:stock:SWK,Stock;Company;Entity,SWK,SWK,SWK,,,,,,,stock,Entities,,,,,,,,,,,,,,,,2026-06-01,SWK,,SWK,,,,,,,,,,,
world:stock:SWKH,Stock;Company;Entity,SWKH,SWKH,SWKH,,,,,,,stock,Entities,,,,,,,,,,,,,,,,2026-06-01,SWKH,,SWKH,,,,,,,,,,,
world:stock:SWKS,Stock;Company;Entity,SWKS,SWKS,SWKS,,,,,,,stock,Entities,,,,,,,,,,,,,,,,2026-06-01,SWKS,,SWKS,,,,,,,,,,,
world:stock:SXT,Stock;Company;Entity,SXT,SXT,SXT,,,,,,,stock,Entities,,,,,,,,,,,,,,,,2026-06-01,SXT,,SXT,,,,,,,,,,,
world:stock:SY,Stock;Company;Entity,SY,SY,SY,,,,,,,stock,Entities,,,,,,,,,,,,,,,,2026-06-01,SY,,SY,,,,,,,,,,,
world:stock:SYF,Stock;Company;Entity,SYF,SYF,SYF,,,,,,,stock,Entities,,,,,,,,,,,,,,,,2026-06-01,SYF,,SYF,,,,,,,,,,,
world:stock:SYK,Stock;Company;Entity,SYK,SYK,SYK,,,,,,,stock,Entities,,,,,,,,,,,,,,,,2026-06-01,SYK,,SYK,,,,,,,,,,,
world:stock:SYM,Stock;Company;Entity,SYM,SYM,SYM,,,,,,,stock,Entities,,,,,,,,,,,,,,,,2026-06-01,SYM,,SYM,,,,,,,,,,,
world:stock:SYY,Stock;Company;Entity,SYY,SYY,SYY,,,,,,,stock,Entities,,,,,,,,,,,,,,,,2026-06-01,SYY,,SYY,,,,,,,,,,,
world:stock:T,Stock;Company;Entity,T,T,T,,,,,,,stock,Entities,,,,,,,,,,,,,,,,2026-06-01,T,,T,,,,,,,,,,,
world:stock:TALK,Stock;Company;Entity,TALK,TALK,TALK,,,,,,,stock,Entities,,,,,,,,,,,,,,,,2026-06-01,TALK,,TALK,,,,,,,,,,,
world:stock:TAP,Stock;Company;Entity,TAP,TAP,TAP,,,,,,,stock,Entities,,,,,,,,,,,,,,,,2026-06-01,TAP,,TAP,,,,,,,,,,,
world:stock:TAYD,Stock;Company;Entity,TAYD,TAYD,TAYD,,,,,,,stock,Entities,,,,,,,,,,,,,,,,2026-06-01,TAYD,,TAYD,,,,,,,,,,,
world:stock:TBCH,Stock;Company;Entity,TBCH,TBCH,TBCH,,,,,,,stock,Entities,,,,,,,,,,,,,,,,2026-06-01,TBCH,,TBCH,,,,,,,,,,,
world:stock:TBLA,Stock;Company;Entity,TBLA,TBLA,TBLA,,,,,,,stock,Entities,,,,,,,,,,,,,,,,2026-06-01,TBLA,,TBLA,,,,,,,,,,,
world:stock:TCI,Stock;Company;Entity,TCI,TCI,TCI,,,,,,,stock,Entities,,,,,,,,,,,,,,,,2026-06-01,TCI,,TCI,,,,,,,,,,,
world:stock:TDG,Stock;Company;Entity,TDG,TDG,TDG,,,,,,,stock,Entities,,,,,,,,,,,,,,,,2026-06-01,TDG,,TDG,,,,,,,,,,,
world:stock:TDY,Stock;Company;Entity,TDY,TDY,TDY,World_Machine,Entities/Stocks/TDY.md,obsidian://open?vault=World_Machine&file=Entities%2FStocks%2FTDY.md,C:\Users\CaveUser\Documents\Obsidian Vault\World_Machine\Entities\Stocks\TDY.md,World_Machine,Entities,stock,Entities,Stocks,,[[Aerospace & Defense]],,[[USA]],,stock;defense;drones;sensors;flir,Active,,,,,,,,2026-06-01,TDY,NYSE,TDY,,,,,,,,,,,
world:stock:TEL,Stock;Company;Entity,TEL,TEL,TEL,,,,,,,stock,Entities,,,,,,,,,,,,,,,,2026-06-01,TEL,,TEL,,,,,,,,,,,
world:stock:TENB,Stock;Company;Entity,TENB,TENB,TENB,,,,,,,stock,Entities,,,,,,,,,,,,,,,,2026-06-01,TENB,,TENB,,,,,,,,,,,
world:stock:TENX,Stock;Company;Entity,TENX,TENX,TENX,,,,,,,stock,Entities,,,,,,,,,,,,,,,,2026-06-01,TENX,,TENX,,,,,,,,,,,
world:stock:TER,Stock;Company;Entity,TER,TER,TER,,,,,,,stock,Entities,,,,,,,,,,,,,,,,2026-06-01,TER,,TER,,,,,,,,,,,
world:stock:TFC,Stock;Company;Entity,TFC,TFC,TFC,,,,,,,stock,Entities,,,,,,,,,,,,,,,,2026-06-01,TFC,,TFC,,,,,,,,,,,
world:stock:TFIN,Stock;Company;Entity,TFIN,TFIN,TFIN,,,,,,,stock,Entities,,,,,,,,,,,,,,,,2026-06-01,TFIN,,TFIN,,,,,,,,,,,
world:stock:TGT,Stock;Company;Entity,TGT,TGT,TGT,,,,,,,stock,Entities,,,,,,,,,,,,,,,,2026-06-01,TGT,,TGT,,,,,,,,,,,
world:stock:THAR,Stock;Company;Entity,THAR,THAR,THAR,,,,,,,stock,Entities,,,,,,,,,,,,,,,,2026-06-01,THAR,,THAR,,,,,,,,,,,
world:stock:THO,Stock;Company;Entity,THO,THO,THO,,,,,,,stock,Entities,,,,,,,,,,,,,,,,2026-06-01,THO,,THO,,,,,,,,,,,
world:stock:THR,Stock;Company;Entity,THR,THR,THR,,,,,,,stock,Entities,,,,,,,,,,,,,,,,2026-06-01,THR,,THR,,,,,,,,,,,
world:stock:THRY,Stock;Company;Entity,THRY,THRY,THRY,,,,,,,stock,Entities,,,,,,,,,,,,,,,,2026-06-01,THRY,,THRY,,,,,,,,,,,
world:stock:TITN,Stock;Company;Entity,TITN,TITN,TITN,,,,,,,stock,Entities,,,,,,,,,,,,,,,,2026-06-01,TITN,,TITN,,,,,,,,,,,
world:stock:TJX,Stock;Company;Entity,TJX,TJX,TJX,,,,,,,stock,Entities,,,,,,,,,,,,,,,,2026-06-01,TJX,,TJX,,,,,,,,,,,
world:stock:TK,Stock;Company;Entity,TK,TK,TK,,,,,,,stock,Entities,,,,,,,,,,,,,,,,2026-06-01,TK,,TK,,,,,,,,,,,
world:stock:TKO,Stock;Company;Entity,TKO,TKO,TKO,,,,,,,stock,Entities,,,,,,,,,,,,,,,,2026-06-01,TKO,,TKO,,,,,,,,,,,
world:stock:TLRY,Stock;Company;Entity,TLRY,TLRY,TLRY,,,,,,,stock,Entities,,,,,,,,,,,,,,,,2026-06-01,TLRY,,TLRY,,,,,,,,,,,
world:stock:TLT,Stock;Company;Entity,TLT,TLT,TLT,,,,,,,stock,Entities,,,,,,,,,,,,,,,,2026-06-01,TLT,,TLT,,,,,,,,,,,
world:stock:TLYS,Stock;Company;Entity,TLYS,TLYS,TLYS,,,,,,,stock,Entities,,,,,,,,,,,,,,,,2026-06-01,TLYS,,TLYS,,,,,,,,,,,
world:stock:TMDX,Stock;Company;Entity,TMDX,TMDX,TMDX,,,,,,,stock,Entities,,,,,,,,,,,,,,,,2026-06-01,TMDX,,TMDX,,,,,,,,,,,
world:stock:TMHC,Stock;Company;Entity,TMHC,TMHC,TMHC,,,,,,,stock,Entities,,,,,,,,,,,,,,,,2026-06-01,TMHC,,TMHC,,,,,,,,,,,
world:stock:TMO,Stock;Company;Entity,TMO,TMO,TMO,,,,,,,stock,Entities,,,,,,,,,,,,,,,,2026-06-01,TMO,,TMO,,,,,,,,,,,
world:stock:TMUS,Stock;Company;Entity,TMUS,TMUS,TMUS,,,,,,,stock,Entities,,,,,,,,,,,,,,,,2026-06-01,TMUS,,TMUS,,,,,,,,,,,
world:stock:TNC,Stock;Company;Entity,TNC,TNC,TNC,World_Machine,Entities/Stocks/TNC.md,obsidian://open?vault=World_Machine&file=Entities%2FStocks%2FTNC.md,C:\Users\CaveUser\Documents\Obsidian Vault\World_Machine\Entities\Stocks\TNC.md,World_Machine,Entities,stock,Entities,Stocks,,[[Industrials]],,[[USA]],,stock;smallcap;industrials,Active,,,,,,,,2026-06-01,TNC,NYSE,TNC,,,,,,,,,,,
world:stock:TNET,Stock;Company;Entity,TNET,TNET,TNET,,,,,,,stock,Entities,,,,,,,,,,,,,,,,2026-06-01,TNET,,TNET,,,,,,,,,,,
world:stock:TNL,Stock;Company;Entity,TNL,TNL,TNL,,,,,,,stock,Entities,,,,,,,,,,,,,,,,2026-06-01,TNL,,TNL,,,,,,,,,,,
world:stock:TOL,Stock;Company;Entity,TOL,TOL,TOL,,,,,,,stock,Entities,,,,,,,,,,,,,,,,2026-06-01,TOL,,TOL,,,,,,,,,,,
world:stock:TPB,Stock;Company;Entity,TPB,TPB,TPB,,,,,,,stock,Entities,,,,,,,,,,,,,,,,2026-06-01,TPB,,TPB,,,,,,,,,,,
world:stock:TPC,Stock;Company;Entity,TPC,TPC,TPC,,,,,,,stock,Entities,,,,,,,,,,,,,,,,2026-06-01,TPC,,TPC,,,,,,,,,,,
world:stock:TPL,Stock;Company;Entity,TPL,TPL,TPL,,,,,,,stock,Entities,,,,,,,,,,,,,,,,2026-06-01,TPL,,TPL,,,,,,,,,,,
world:stock:TPR,Stock;Company;Entity,TPR,TPR,TPR,,,,,,,stock,Entities,,,,,,,,,,,,,,,,2026-06-01,TPR,,TPR,,,,,,,,,,,
world:stock:TPVG,Stock;Company;Entity,TPVG,TPVG,TPVG,,,,,,,stock,Entities,,,,,,,,,,,,,,,,2026-06-01,TPVG,,TPVG,,,,,,,,,,,
world:stock:TRGP,Stock;Company;Entity,TRGP,TRGP,TRGP,,,,,,,stock,Entities,,,,,,,,,,,,,,,,2026-06-01,TRGP,,TRGP,,,,,,,,,,,
world:stock:TRIB,Stock;Company;Entity,TRIB,TRIB,TRIB,,,,,,,stock,Entities,,,,,,,,,,,,,,,,2026-06-01,TRIB,,TRIB,,,,,,,,,,,
world:stock:TRIN,Stock;Company;Entity,TRIN,TRIN,TRIN,,,,,,,stock,Entities,,,,,,,,,,,,,,,,2026-06-01,TRIN,,TRIN,,,,,,,,,,,
world:stock:TRIP,Stock;Company;Entity,TRIP,TRIP,TRIP,,,,,,,stock,Entities,,,,,,,,,,,,,,,,2026-06-01,TRIP,,TRIP,,,,,,,,,,,
world:stock:TRMB,Stock;Company;Entity,TRMB,TRMB,TRMB,,,,,,,stock,Entities,,,,,,,,,,,,,,,,2026-06-01,TRMB,,TRMB,,,,,,,,,,,
world:stock:TRON,Stock;Company;Entity,TRON,TRON,TRON,,,,,,,stock,Entities,,,,,,,,,,,,,,,,2026-06-01,TRON,,TRON,,,,,,,,,,,
world:stock:TROW,Stock;Company;Entity,TROW,TROW,TROW,,,,,,,stock,Entities,,,,,,,,,,,,,,,,2026-06-01,TROW,,TROW,,,,,,,,,,,
world:stock:TROX,Stock;Company;Entity,TROX,TROX,TROX,,,,,,,stock,Entities,,,,,,,,,,,,,,,,2026-06-01,TROX,,TROX,,,,,,,,,,,
world:stock:TRT,Stock;Company;Entity,TRT,TRT,TRT,,,,,,,stock,Entities,,,,,,,,,,,,,,,,2026-06-01,TRT,,TRT,,,,,,,,,,,
world:stock:TRUP,Stock;Company;Entity,TRUP,TRUP,TRUP,,,,,,,stock,Entities,,,,,,,,,,,,,,,,2026-06-01,TRUP,,TRUP,,,,,,,,,,,
world:stock:TRV,Stock;Company;Entity,TRV,TRV,TRV,,,,,,,stock,Entities,,,,,,,,,,,,,,,,2026-06-01,TRV,,TRV,,,,,,,,,,,
world:stock:TSCO,Stock;Company;Entity,TSCO,TSCO,TSCO,,,,,,,stock,Entities,,,,,,,,,,,,,,,,2026-06-01,TSCO,,TSCO,,,,,,,,,,,
world:stock:TSLA,Stock;Company;Entity,TSLA,TSLA,TSLA,World_Machine,Entities/Stocks/TSLA.md,obsidian://open?vault=World_Machine&file=Entities%2FStocks%2FTSLA.md,C:\Users\CaveUser\Documents\Obsidian Vault\World_Machine\Entities\Stocks\TSLA.md,World_Machine,Entities,stock,Entities,Stocks,,[[Consumer Discretionary]],,[[USA]],,stock,Active,,,,,,,,2026-06-01,TSLA,NASDAQ,TSLA,,,,,,,,,,,
world:stock:TSLA.NE,Stock;Company;Entity,TSLA.NE,TSLA.NE,TSLA.NE,,,,,,,stock,Entities,,,,,,,,,,,,,,,,2026-06-01,TSLA.NE,,TSLA.NE,,,,,,,,,,,
world:stock:TSLX,Stock;Company;Entity,TSLX,TSLX,TSLX,,,,,,,stock,Entities,,,,,,,,,,,,,,,,2026-06-01,TSLX,,TSLX,,,,,,,,,,,
world:stock:TSN,Stock;Company;Entity,TSN,TSN,TSN,,,,,,,stock,Entities,,,,,,,,,,,,,,,,2026-06-01,TSN,,TSN,,,,,,,,,,,
world:stock:TSQ,Stock;Company;Entity,TSQ,TSQ,TSQ,,,,,,,stock,Entities,,,,,,,,,,,,,,,,2026-06-01,TSQ,,TSQ,,,,,,,,,,,
world:stock:TT,Stock;Company;Entity,TT,TT,TT,,,,,,,stock,Entities,,,,,,,,,,,,,,,,2026-06-01,TT,,TT,,,,,,,,,,,
world:stock:TTD,Stock;Company;Entity,TTD,TTD,TTD,,,,,,,stock,Entities,,,,,,,,,,,,,,,,2026-06-01,TTD,,TTD,,,,,,,,,,,
world:stock:TTWO,Stock;Company;Entity,TTWO,TTWO,TTWO,,,,,,,stock,Entities,,,,,,,,,,,,,,,,2026-06-01,TTWO,,TTWO,,,,,,,,,,,
world:stock:TW,Stock;Company;Entity,TW,TW,TW,,,,,,,stock,Entities,,,,,,,,,,,,,,,,2026-06-01,TW,,TW,,,,,,,,,,,
world:stock:TWFG,Stock;Company;Entity,TWFG,TWFG,TWFG,,,,,,,stock,Entities,,,,,,,,,,,,,,,,2026-06-01,TWFG,,TWFG,,,,,,,,,,,
world:stock:TWLO,Stock;Company;Entity,TWLO,TWLO,TWLO,,,,,,,stock,Entities,,,,,,,,,,,,,,,,2026-06-01,TWLO,,TWLO,,,,,,,,,,,
world:stock:TWO,Stock;Company;Entity,TWO,TWO,TWO,,,,,,,stock,Entities,,,,,,,,,,,,,,,,2026-06-01,TWO,,TWO,,,,,,,,,,,
world:stock:TWST,Stock;Company;Entity,TWST,TWST,TWST,,,,,,,stock,Entities,,,,,,,,,,,,,,,,2026-06-01,TWST,,TWST,,,,,,,,,,,
world:stock:TXN,Stock;Company;Entity,TXN,TXN,TXN,,,,,,,stock,Entities,,,,,,,,,,,,,,,,2026-06-01,TXN,,TXN,,,,,,,,,,,
world:stock:TXT,Stock;Company;Entity,TXT,TXT,TXT,World_Machine,Entities/Stocks/TXT.md,obsidian://open?vault=World_Machine&file=Entities%2FStocks%2FTXT.md,C:\Users\CaveUser\Documents\Obsidian Vault\World_Machine\Entities\Stocks\TXT.md,World_Machine,Entities,stock,Entities,Stocks,,[[Aerospace & Defense]],,[[USA]],,stock;defense;drones;uas-platforms,Active,,,,,,,,2026-06-01,TXT,NYSE,TXT,,,,,,,,,,,
world:stock:TYL,Stock;Company;Entity,TYL,TYL,TYL,,,,,,,stock,Entities,,,,,,,,,,,,,,,,2026-06-01,TYL,,TYL,,,,,,,,,,,
world:stock:TYRA,Stock;Company;Entity,TYRA,TYRA,TYRA,,,,,,,stock,Entities,,,,,,,,,,,,,,,,2026-06-01,TYRA,,TYRA,,,,,,,,,,,
world:stock:TZOO,Stock;Company;Entity,TZOO,TZOO,TZOO,,,,,,,stock,Entities,,,,,,,,,,,,,,,,2026-06-01,TZOO,,TZOO,,,,,,,,,,,
world:stock:UAL,Stock;Company;Entity,UAL,UAL,UAL,,,,,,,stock,Entities,,,,,,,,,,,,,,,,2026-06-01,UAL,,UAL,,,,,,,,,,,
world:stock:UAMY,Stock;Company;Entity,UAMY,UAMY,UAMY,,,,,,,stock,Entities,,,,,,,,,,,,,,,,2026-06-01,UAMY,,UAMY,,,,,,,,,,,
world:stock:UBER,Stock;Company;Entity,UBER,UBER,UBER,,,,,,,stock,Entities,,,,,,,,,,,,,,,,2026-06-01,UBER,,UBER,,,,,,,,,,,
world:stock:UBFO,Stock;Company;Entity,UBFO,UBFO,UBFO,,,,,,,stock,Entities,,,,,,,,,,,,,,,,2026-06-01,UBFO,,UBFO,,,,,,,,,,,
world:stock:UDR,Stock;Company;Entity,UDR,UDR,UDR,,,,,,,stock,Entities,,,,,,,,,,,,,,,,2026-06-01,UDR,,UDR,,,,,,,,,,,
world:stock:UFPT,Stock;Company;Entity,UFPT,UFPT,UFPT,World_Machine,Entities/Stocks/UFPT.md,obsidian://open?vault=World_Machine&file=Entities%2FStocks%2FUFPT.md,C:\Users\CaveUser\Documents\Obsidian Vault\World_Machine\Entities\Stocks\UFPT.md,World_Machine,Entities,stock,Entities,Stocks,,[[Healthcare]],,[[USA]],,stock;smallcap;healthcare;medtech;special-situations,Active,,,,,,,,2026-06-01,UFPT,NASDAQ,UFPT,,,,,,,,,,,
world:stock:UG,Stock;Company;Entity,UG,UG,UG,,,,,,,stock,Entities,,,,,,,,,,,,,,,,2026-06-01,UG,,UG,,,,,,,,,,,
world:stock:UHS,Stock;Company;Entity,UHS,UHS,UHS,,,,,,,stock,Entities,,,,,,,,,,,,,,,,2026-06-01,UHS,,UHS,,,,,,,,,,,
world:stock:UK,Stock;Company;Entity,UK,UK,UK,,,,,,,stock,Entities,,,,,,,,,,,,,,,,2026-06-01,UK,,UK,,,,,,,,,,,
world:stock:ULTA,Stock;Company;Entity,ULTA,ULTA,ULTA,,,,,,,stock,Entities,,,,,,,,,,,,,,,,2026-06-01,ULTA,,ULTA,,,,,,,,,,,
world:stock:UMAC,Stock;Company;Entity,UMAC,UMAC,UMAC,World_Machine,Entities/Stocks/UMAC.md,obsidian://open?vault=World_Machine&file=Entities%2FStocks%2FUMAC.md,C:\Users\CaveUser\Documents\Obsidian Vault\World_Machine\Entities\Stocks\UMAC.md,World_Machine,Entities,stock,Entities,Stocks,,[[Aerospace & Defense]],,[[USA]],,stock;defense;drones;fpv;consumer,Active,,,,,,,,2026-06-01,UMAC,NYSE,UMAC,,,,,,,,,,,
world:stock:UNB,Stock;Company;Entity,UNB,UNB,UNB,,,,,,,stock,Entities,,,,,,,,,,,,,,,,2026-06-01,UNB,,UNB,,,,,,,,,,,
world:stock:UNH,Stock;Company;Entity,UNH,UNH,UNH,,,,,,,stock,Entities,,,,,,,,,,,,,,,,2026-06-01,UNH,,UNH,,,,,,,,,,,
world:stock:UNP,Stock;Company;Entity,UNP,UNP,UNP,,,,,,,stock,Entities,,,,,,,,,,,,,,,,2026-06-01,UNP,,UNP,,,,,,,,,,,
world:stock:UNTY,Stock;Company;Entity,UNTY,UNTY,UNTY,,,,,,,stock,Entities,,,,,,,,,,,,,,,,2026-06-01,UNTY,,UNTY,,,,,,,,,,,
world:stock:UPS,Stock;Company;Entity,UPS,UPS,UPS,,,,,,,stock,Entities,,,,,,,,,,,,,,,,2026-06-01,UPS,,UPS,,,,,,,,,,,
world:stock:UPXI,Stock;Company;Entity,UPXI,UPXI,UPXI,,,,,,,stock,Entities,,,,,,,,,,,,,,,,2026-06-01,UPXI,,UPXI,,,,,,,,,,,
world:stock:URI,Stock;Company;Entity,URI,URI,URI,,,,,,,stock,Entities,,,,,,,,,,,,,,,,2026-06-01,URI,,URI,,,,,,,,,,,
world:stock:USA,Stock;Company;Entity,USA,USA,USA,,,,,,,stock,Entities,,,,,,,,,,,,,,,,2026-06-01,USA,,USA,,,,,,,,,,,
world:stock:USAR,Stock;Company;Entity,USAR,USAR,USAR,,,,,,,stock,Entities,,,,,,,,,,,,,,,,2026-06-01,USAR,,USAR,,,,,,,,,,,
world:stock:USAU,Stock;Company;Entity,USAU,USAU,USAU,,,,,,,stock,Entities,,,,,,,,,,,,,,,,2026-06-01,USAU,,USAU,,,,,,,,,,,
world:stock:USB,Stock;Company;Entity,USB,USB,USB,,,,,,,stock,Entities,,,,,,,,,,,,,,,,2026-06-01,USB,,USB,,,,,,,,,,,
world:stock:USEA,Stock;Company;Entity,USEA,USEA,USEA,,,,,,,stock,Entities,,,,,,,,,,,,,,,,2026-06-01,USEA,,USEA,,,,,,,,,,,
world:stock:USFD,Stock;Company;Entity,USFD,USFD,USFD,,,,,,,stock,Entities,,,,,,,,,,,,,,,,2026-06-01,USFD,,USFD,,,,,,,,,,,
world:stock:USPH,Stock;Company;Entity,USPH,USPH,USPH,,,,,,,stock,Entities,,,,,,,,,,,,,,,,2026-06-01,USPH,,USPH,,,,,,,,,,,
world:stock:UTL,Stock;Company;Entity,UTL,UTL,UTL,,,,,,,stock,Entities,,,,,,,,,,,,,,,,2026-06-01,UTL,,UTL,,,,,,,,,,,
world:stock:UVE,Stock;Company;Entity,UVE,UVE,UVE,,,,,,,stock,Entities,,,,,,,,,,,,,,,,2026-06-01,UVE,,UVE,,,,,,,,,,,
world:stock:V,Stock;Company;Entity,V,V,V,World_Machine,Entities/Stocks/V.md,obsidian://open?vault=World_Machine&file=Entities%2FStocks%2FV.md,C:\Users\CaveUser\Documents\Obsidian Vault\World_Machine\Entities\Stocks\V.md,World_Machine,Entities,stock,Entities,Stocks,,[[Financials]],,[[USA]],,stock;financials;payments;networks,Active,,,,,,,,2026-06-01,V,NYSE,V,,,,,,,,,,,
world:stock:VB,Stock;Company;Entity,VB,VB,VB,,,,,,,stock,Entities,,,,,,,,,,,,,,,,2026-06-01,VB,,VB,,,,,,,,,,,
world:stock:VCEL,Stock;Company;Entity,VCEL,VCEL,VCEL,,,,,,,stock,Entities,,,,,,,,,,,,,,,,2026-06-01,VCEL,,VCEL,,,,,,,,,,,
world:stock:VEA,Stock;Company;Entity,VEA,VEA,VEA,,,,,,,stock,Entities,,,,,,,,,,,,,,,,2026-06-01,VEA,,VEA,,,,,,,,,,,
world:stock:VEEV,Stock;Company;Entity,VEEV,VEEV,VEEV,,,,,,,stock,Entities,,,,,,,,,,,,,,,,2026-06-01,VEEV,,VEEV,,,,,,,,,,,
world:stock:VELO,Stock;Company;Entity,VELO,VELO,VELO,,,,,,,stock,Entities,,,,,,,,,,,,,,,,2026-06-01,VELO,,VELO,,,,,,,,,,,
world:stock:VENU,Stock;Company;Entity,VENU,VENU,VENU,,,,,,,stock,Entities,,,,,,,,,,,,,,,,2026-06-01,VENU,,VENU,,,,,,,,,,,
world:stock:VERX,Stock;Company;Entity,VERX,VERX,VERX,,,,,,,stock,Entities,,,,,,,,,,,,,,,,2026-06-01,VERX,,VERX,,,,,,,,,,,
world:stock:VET,Stock;Company;Entity,VET,VET,VET,,,,,,,stock,Entities,,,,,,,,,,,,,,,,2026-06-01,VET,,VET,,,,,,,,,,,
world:stock:VEU,Stock;Company;Entity,VEU,VEU,VEU,,,,,,,stock,Entities,,,,,,,,,,,,,,,,2026-06-01,VEU,,VEU,,,,,,,,,,,
world:stock:VG,Stock;Company;Entity,VG,VG,VG,,,,,,,stock,Entities,,,,,,,,,,,,,,,,2026-06-01,VG,,VG,,,,,,,,,,,
world:stock:VGK,Stock;Company;Entity,VGK,VGK,VGK,,,,,,,stock,Entities,,,,,,,,,,,,,,,,2026-06-01,VGK,,VGK,,,,,,,,,,,
world:stock:VGT,Stock;Company;Entity,VGT,VGT,VGT,,,,,,,stock,Entities,,,,,,,,,,,,,,,,2026-06-01,VGT,,VGT,,,,,,,,,,,
world:stock:VGZ,Stock;Company;Entity,VGZ,VGZ,VGZ,,,,,,,stock,Entities,,,,,,,,,,,,,,,,2026-06-01,VGZ,,VGZ,,,,,,,,,,,
world:stock:VICI,Stock;Company;Entity,VICI,VICI,VICI,,,,,,,stock,Entities,,,,,,,,,,,,,,,,2026-06-01,VICI,,VICI,,,,,,,,,,,
world:stock:VIG,Stock;Company;Entity,VIG,VIG,VIG,,,,,,,stock,Entities,,,,,,,,,,,,,,,,2026-06-01,VIG,,VIG,,,,,,,,,,,
world:stock:VIPS,Stock;Company;Entity,VIPS,VIPS,VIPS,,,,,,,stock,Entities,,,,,,,,,,,,,,,,2026-06-01,VIPS,,VIPS,,,,,,,,,,,
world:stock:VIR,Stock;Company;Entity,VIR,VIR,VIR,,,,,,,stock,Entities,,,,,,,,,,,,,,,,2026-06-01,VIR,,VIR,,,,,,,,,,,
world:stock:VITL,Stock;Company;Entity,VITL,VITL,VITL,,,,,,,stock,Entities,,,,,,,,,,,,,,,,2026-06-01,VITL,,VITL,,,,,,,,,,,
world:stock:VIVS,Stock;Company;Entity,VIVS,VIVS,VIVS,,,,,,,stock,Entities,,,,,,,,,,,,,,,,2026-06-01,VIVS,,VIVS,,,,,,,,,,,
world:stock:VIX,Stock;Company;Entity,VIX,VIX,VIX,,,,,,,stock,Entities,,,,,,,,,,,,,,,,2026-06-01,VIX,,VIX,,,,,,,,,,,
world:stock:VIXEQ,Stock;Company;Entity,VIXEQ,VIXEQ,VIXEQ,,,,,,,stock,Entities,,,,,,,,,,,,,,,,2026-06-01,VIXEQ,,VIXEQ,,,,,,,,,,,
world:stock:VKTX,Stock;Company;Entity,VKTX,VKTX,VKTX,,,,,,,stock,Entities,,,,,,,,,,,,,,,,2026-06-01,VKTX,,VKTX,,,,,,,,,,,
world:stock:VLO,Stock;Company;Entity,VLO,VLO,VLO,,,,,,,stock,Entities,,,,,,,,,,,,,,,,2026-06-01,VLO,,VLO,,,,,,,,,,,
world:stock:VLTO,Stock;Company;Entity,VLTO,VLTO,VLTO,,,,,,,stock,Entities,,,,,,,,,,,,,,,,2026-06-01,VLTO,,VLTO,,,,,,,,,,,
world:stock:VMC,Stock;Company;Entity,VMC,VMC,VMC,,,,,,,stock,Entities,,,,,,,,,,,,,,,,2026-06-01,VMC,,VMC,,,,,,,,,,,
world:stock:VNQ,Stock;Company;Entity,VNQ,VNQ,VNQ,,,,,,,stock,Entities,,,,,,,,,,,,,,,,2026-06-01,VNQ,,VNQ,,,,,,,,,,,
world:stock:VONG,Stock;Company;Entity,VONG,VONG,VONG,,,,,,,stock,Entities,,,,,,,,,,,,,,,,2026-06-01,VONG,,VONG,,,,,,,,,,,
world:stock:VOO,Stock;Company;Entity,VOO,VOO,VOO,,,,,,,stock,Entities,,,,,,,,,,,,,,,,2026-06-01,VOO,,VOO,,,,,,,,,,,
world:stock:VOR,Stock;Company;Entity,VOR,VOR,VOR,,,,,,,stock,Entities,,,,,,,,,,,,,,,,2026-06-01,VOR,,VOR,,,,,,,,,,,
world:stock:VOYG,Stock;Company;Entity,VOYG,VOYG,VOYG,,,,,,,stock,Entities,,,,,,,,,,,,,,,,2026-06-01,VOYG,,VOYG,,,,,,,,,,,
world:stock:VPG,Stock;Company;Entity,VPG,VPG,VPG,,,,,,,stock,Entities,,,,,,,,,,,,,,,,2026-06-01,VPG,,VPG,,,,,,,,,,,
world:stock:VRDN,Stock;Company;Entity,VRDN,VRDN,VRDN,,,,,,,stock,Entities,,,,,,,,,,,,,,,,2026-06-01,VRDN,,VRDN,,,,,,,,,,,
world:stock:VRE,Stock;Company;Entity,VRE,VRE,VRE,,,,,,,stock,Entities,,,,,,,,,,,,,,,,2026-06-01,VRE,,VRE,,,,,,,,,,,
world:stock:VRRM,Stock;Company;Entity,VRRM,VRRM,VRRM,,,,,,,stock,Entities,,,,,,,,,,,,,,,,2026-06-01,VRRM,,VRRM,,,,,,,,,,,
world:stock:VRSK,Stock;Company;Entity,VRSK,VRSK,VRSK,,,,,,,stock,Entities,,,,,,,,,,,,,,,,2026-06-01,VRSK,,VRSK,,,,,,,,,,,
world:stock:VRSN,Stock;Company;Entity,VRSN,VRSN,VRSN,,,,,,,stock,Entities,,,,,,,,,,,,,,,,2026-06-01,VRSN,,VRSN,,,,,,,,,,,
world:stock:VRT,Stock;Company;Entity,VRT,VRT,VRT,,,,,,,stock,Entities,,,,,,,,,,,,,,,,2026-06-01,VRT,,VRT,,,,,,,,,,,
world:stock:VRTX,Stock;Company;Entity,VRTX,VRTX,VRTX,,,,,,,stock,Entities,,,,,,,,,,,,,,,,2026-06-01,VRTX,,VRTX,,,,,,,,,,,
world:stock:VST,Stock;Company;Entity,VST,VST,VST,World_Machine,Entities/Stocks/VST.md,obsidian://open?vault=World_Machine&file=Entities%2FStocks%2FVST.md,C:\Users\CaveUser\Documents\Obsidian Vault\World_Machine\Entities\Stocks\VST.md,World_Machine,Entities,stock,Entities,Stocks,,[[Utilities]],,[[USA]],,stock;utilities;power;ai-infrastructure,Active,,,,,,,,2026-06-01,VST,NYSE,VST,,,,,,,,,,,
world:stock:VTGN,Stock;Company;Entity,VTGN,VTGN,VTGN,World_Machine,Entities/Stocks/VTGN.md,obsidian://open?vault=World_Machine&file=Entities%2FStocks%2FVTGN.md,C:\Users\CaveUser\Documents\Obsidian Vault\World_Machine\Entities\Stocks\VTGN.md,World_Machine,Entities,stock,Entities,Stocks,,[[Healthcare]],,[[USA]],,stock;biotech;mental-health,Watching,,,,,,,,2026-06-01,VTGN,NASDAQ,VTGN,,,,,,,,,,,
world:stock:VTOL,Stock;Company;Entity,VTOL,VTOL,VTOL,,,,,,,stock,Entities,,,,,,,,,,,,,,,,2026-06-01,VTOL,,VTOL,,,,,,,,,,,
world:stock:VTR,Stock;Company;Entity,VTR,VTR,VTR,,,,,,,stock,Entities,,,,,,,,,,,,,,,,2026-06-01,VTR,,VTR,,,,,,,,,,,
world:stock:VTRS,Stock;Company;Entity,VTRS,VTRS,VTRS,,,,,,,stock,Entities,,,,,,,,,,,,,,,,2026-06-01,VTRS,,VTRS,,,,,,,,,,,
world:stock:VTS,Stock;Company;Entity,VTS,VTS,VTS,,,,,,,stock,Entities,,,,,,,,,,,,,,,,2026-06-01,VTS,,VTS,,,,,,,,,,,
world:stock:VTV,Stock;Company;Entity,VTV,VTV,VTV,,,,,,,stock,Entities,,,,,,,,,,,,,,,,2026-06-01,VTV,,VTV,,,,,,,,,,,
world:stock:VUG,Stock;Company;Entity,VUG,VUG,VUG,,,,,,,stock,Entities,,,,,,,,,,,,,,,,2026-06-01,VUG,,VUG,,,,,,,,,,,
world:stock:VVOS,Stock;Company;Entity,VVOS,VVOS,VVOS,,,,,,,stock,Entities,,,,,,,,,,,,,,,,2026-06-01,VVOS,,VVOS,,,,,,,,,,,
world:stock:VVX,Stock;Company;Entity,VVX,VVX,VVX,,,,,,,stock,Entities,,,,,,,,,,,,,,,,2026-06-01,VVX,,VVX,,,,,,,,,,,
world:stock:VWAV,Stock;Company;Entity,VWAV,VWAV,VWAV,,,,,,,stock,Entities,,,,,,,,,,,,,,,,2026-06-01,VWAV,,VWAV,,,,,,,,,,,
world:stock:VWO,Stock;Company;Entity,VWO,VWO,VWO,,,,,,,stock,Entities,,,,,,,,,,,,,,,,2026-06-01,VWO,,VWO,,,,,,,,,,,
world:stock:VXUS,Stock;Company;Entity,VXUS,VXUS,VXUS,,,,,,,stock,Entities,,,,,,,,,,,,,,,,2026-06-01,VXUS,,VXUS,,,,,,,,,,,
world:stock:VZ,Stock;Company;Entity,VZ,VZ,VZ,,,,,,,stock,Entities,,,,,,,,,,,,,,,,2026-06-01,VZ,,VZ,,,,,,,,,,,
world:stock:WAB,Stock;Company;Entity,WAB,WAB,WAB,,,,,,,stock,Entities,,,,,,,,,,,,,,,,2026-06-01,WAB,,WAB,,,,,,,,,,,
world:stock:WAL,Stock;Company;Entity,WAL,WAL,WAL,,,,,,,stock,Entities,,,,,,,,,,,,,,,,2026-06-01,WAL,,WAL,,,,,,,,,,,
world:stock:WAT,Stock;Company;Entity,WAT,WAT,WAT,,,,,,,stock,Entities,,,,,,,,,,,,,,,,2026-06-01,WAT,,WAT,,,,,,,,,,,
world:stock:WBD,Stock;Company;Entity,WBD,WBD,WBD,,,,,,,stock,Entities,,,,,,,,,,,,,,,,2026-06-01,WBD,,WBD,,,,,,,,,,,
world:stock:WBI,Stock;Company;Entity,WBI,WBI,WBI,,,,,,,stock,Entities,,,,,,,,,,,,,,,,2026-06-01,WBI,,WBI,,,,,,,,,,,
world:stock:WCC,Stock;Company;Entity,WCC,WCC,WCC,World_Machine,Entities/Stocks/WCC.md,obsidian://open?vault=World_Machine&file=Entities%2FStocks%2FWCC.md,C:\Users\CaveUser\Documents\Obsidian Vault\World_Machine\Entities\Stocks\WCC.md,World_Machine,Entities,stock,Entities,Stocks,,[[Industrials]],,[[USA]],,stock;industrials;distribution;grid-equipment,Active,,,,,,,,2026-06-01,WCC,NYSE,WCC,,,,,,,,,,,
world:stock:WD,Stock;Company;Entity,WD,WD,WD,,,,,,,stock,Entities,,,,,,,,,,,,,,,,2026-06-01,WD,,WD,,,,,,,,,,,
world:stock:WDAY,Stock;Company;Entity,WDAY,WDAY,WDAY,,,,,,,stock,Entities,,,,,,,,,,,,,,,,2026-06-01,WDAY,,WDAY,,,,,,,,,,,
world:stock:WDC,Stock;Company;Entity,WDC,WDC,WDC,,,,,,,stock,Entities,,,,,,,,,,,,,,,,2026-06-01,WDC,,WDC,,,,,,,,,,,
world:stock:WEC,Stock;Company;Entity,WEC,WEC,WEC,,,,,,,stock,Entities,,,,,,,,,,,,,,,,2026-06-01,WEC,,WEC,,,,,,,,,,,
world:stock:WELL,Stock;Company;Entity,WELL,WELL,WELL,World_Machine,Entities/Stocks/WELL.md,obsidian://open?vault=World_Machine&file=Entities%2FStocks%2FWELL.md,C:\Users\CaveUser\Documents\Obsidian Vault\World_Machine\Entities\Stocks\WELL.md,World_Machine,Entities,stock,Entities,Stocks,,[[Real Estate]],,[[USA]],,stock;real-estate;reit;healthcare,Active,,,,,,,,2026-06-01,WELL,NYSE,WELL,,,,,,,,,,,
world:stock:WEN,Stock;Company;Entity,WEN,WEN,WEN,,,,,,,stock,Entities,,,,,,,,,,,,,,,,2026-06-01,WEN,,WEN,,,,,,,,,,,
world:stock:WERN,Stock;Company;Entity,WERN,WERN,WERN,,,,,,,stock,Entities,,,,,,,,,,,,,,,,2026-06-01,WERN,,WERN,,,,,,,,,,,
world:stock:WFC,Stock;Company;Entity,WFC,WFC,WFC,,,,,,,stock,Entities,,,,,,,,,,,,,,,,2026-06-01,WFC,,WFC,,,,,,,,,,,
world:stock:WGO,Stock;Company;Entity,WGO,WGO,WGO,,,,,,,stock,Entities,,,,,,,,,,,,,,,,2026-06-01,WGO,,WGO,,,,,,,,,,,
world:stock:WGS,Stock;Company;Entity,WGS,WGS,WGS,,,,,,,stock,Entities,,,,,,,,,,,,,,,,2026-06-01,WGS,,WGS,,,,,,,,,,,
world:stock:WHF,Stock;Company;Entity,WHF,WHF,WHF,,,,,,,stock,Entities,,,,,,,,,,,,,,,,2026-06-01,WHF,,WHF,,,,,,,,,,,
world:stock:WHO,Stock;Company;Entity,WHO,WHO,WHO,,,,,,,stock,Entities,,,,,,,,,,,,,,,,2026-06-01,WHO,,WHO,,,,,,,,,,,
world:stock:WHR,Stock;Company;Entity,WHR,WHR,WHR,,,,,,,stock,Entities,,,,,,,,,,,,,,,,2026-06-01,WHR,,WHR,,,,,,,,,,,
world:stock:WHWK,Stock;Company;Entity,WHWK,WHWK,WHWK,,,,,,,stock,Entities,,,,,,,,,,,,,,,,2026-06-01,WHWK,,WHWK,,,,,,,,,,,
world:stock:WKC,Stock;Company;Entity,WKC,WKC,WKC,,,,,,,stock,Entities,,,,,,,,,,,,,,,,2026-06-01,WKC,,WKC,,,,,,,,,,,
world:stock:WLDN,Stock;Company;Entity,WLDN,WLDN,WLDN,,,,,,,stock,Entities,,,,,,,,,,,,,,,,2026-06-01,WLDN,,WLDN,,,,,,,,,,,
world:stock:WLFC,Stock;Company;Entity,WLFC,WLFC,WLFC,,,,,,,stock,Entities,,,,,,,,,,,,,,,,2026-06-01,WLFC,,WLFC,,,,,,,,,,,
world:stock:WM,Stock;Company;Entity,WM,WM,WM,,,,,,,stock,Entities,,,,,,,,,,,,,,,,2026-06-01,WM,,WM,,,,,,,,,,,
world:stock:WMB,Stock;Company;Entity,WMB,WMB,WMB,,,,,,,stock,Entities,,,,,,,,,,,,,,,,2026-06-01,WMB,,WMB,,,,,,,,,,,
world:stock:WMG,Stock;Company;Entity,WMG,WMG,WMG,,,,,,,stock,Entities,,,,,,,,,,,,,,,,2026-06-01,WMG,,WMG,,,,,,,,,,,
world:stock:WMS,Stock;Company;Entity,WMS,WMS,WMS,,,,,,,stock,Entities,,,,,,,,,,,,,,,,2026-06-01,WMS,,WMS,,,,,,,,,,,
world:stock:WMT,Stock;Company;Entity,WMT,WMT,WMT,,,,,,,stock,Entities,,,,,,,,,,,,,,,,2026-06-01,WMT,,WMT,,,,,,,,,,,
world:stock:WNC,Stock;Company;Entity,WNC,WNC,WNC,,,,,,,stock,Entities,,,,,,,,,,,,,,,,2026-06-01,WNC,,WNC,,,,,,,,,,,
world:stock:WOLF,Stock;Company;Entity,WOLF,WOLF,WOLF,,,,,,,stock,Entities,,,,,,,,,,,,,,,,2026-06-01,WOLF,,WOLF,,,,,,,,,,,
world:stock:WPM,Stock;Company;Entity,WPM,WPM,WPM,World_Machine,Entities/Stocks/WPM.md,obsidian://open?vault=World_Machine&file=Entities%2FStocks%2FWPM.md,C:\Users\CaveUser\Documents\Obsidian Vault\World_Machine\Entities\Stocks\WPM.md,World_Machine,Entities,stock,Entities,Stocks,,[[Materials]],,[[USA]],,stock;materials;gold;royalties,Active,,,,,,,,2026-06-01,WPM,NYSE,WPM,,,,,,,,,,,
world:stock:WRB,Stock;Company;Entity,WRB,WRB,WRB,,,,,,,stock,Entities,,,,,,,,,,,,,,,,2026-06-01,WRB,,WRB,,,,,,,,,,,
world:stock:WSM,Stock;Company;Entity,WSM,WSM,WSM,,,,,,,stock,Entities,,,,,,,,,,,,,,,,2026-06-01,WSM,,WSM,,,,,,,,,,,
world:stock:WST,Stock;Company;Entity,WST,WST,WST,,,,,,,stock,Entities,,,,,,,,,,,,,,,,2026-06-01,WST,,WST,,,,,,,,,,,
world:stock:WTI,Stock;Company;Entity,WTI,WTI,WTI,,,,,,,stock,Entities,,,,,,,,,,,,,,,,2026-06-01,WTI,,WTI,,,,,,,,,,,
world:stock:WTS,Stock;Company;Entity,WTS,WTS,WTS,,,,,,,stock,Entities,,,,,,,,,,,,,,,,2026-06-01,WTS,,WTS,,,,,,,,,,,
world:stock:WTTR,Stock;Company;Entity,WTTR,WTTR,WTTR,,,,,,,stock,Entities,,,,,,,,,,,,,,,,2026-06-01,WTTR,,WTTR,,,,,,,,,,,
world:stock:WTW,Stock;Company;Entity,WTW,WTW,WTW,,,,,,,stock,Entities,,,,,,,,,,,,,,,,2026-06-01,WTW,,WTW,,,,,,,,,,,
world:stock:WWW,Stock;Company;Entity,WWW,WWW,WWW,,,,,,,stock,Entities,,,,,,,,,,,,,,,,2026-06-01,WWW,,WWW,,,,,,,,,,,
world:stock:WY,Stock;Company;Entity,WY,WY,WY,,,,,,,stock,Entities,,,,,,,,,,,,,,,,2026-06-01,WY,,WY,,,,,,,,,,,
world:stock:WYNN,Stock;Company;Entity,WYNN,WYNN,WYNN,,,,,,,stock,Entities,,,,,,,,,,,,,,,,2026-06-01,WYNN,,WYNN,,,,,,,,,,,
world:stock:X,Stock;Company;Entity,X,X,X,,,,,,,stock,Entities,,,,,,,,,,,,,,,,2026-06-01,X,,X,,,,,,,,,,,
world:stock:XE,Stock;Company;Entity,XE,XE,XE,,,,,,,stock,Entities,,,,,,,,,,,,,,,,2026-06-01,XE,,XE,,,,,,,,,,,
world:stock:XEL,Stock;Company;Entity,XEL,XEL,XEL,,,,,,,stock,Entities,,,,,,,,,,,,,,,,2026-06-01,XEL,,XEL,,,,,,,,,,,
world:stock:XHR,Stock;Company;Entity,XHR,XHR,XHR,,,,,,,stock,Entities,,,,,,,,,,,,,,,,2026-06-01,XHR,,XHR,,,,,,,,,,,
world:stock:XLV,Stock;Company;Entity,XLV,XLV,XLV,,,,,,,stock,Entities,,,,,,,,,,,,,,,,2026-06-01,XLV,,XLV,,,,,,,,,,,
world:stock:XOM,Stock;Company;Entity,XOM,XOM,XOM,World_Machine,Entities/Stocks/XOM.md,obsidian://open?vault=World_Machine&file=Entities%2FStocks%2FXOM.md,C:\Users\CaveUser\Documents\Obsidian Vault\World_Machine\Entities\Stocks\XOM.md,World_Machine,Entities,stock,Entities,Stocks,,[[Energy]],,[[USA]],,stock,Active,,,,,,,,2026-06-01,XOM,NYSE,XOM,,,,,,,,,,,
world:stock:XOMA,Stock;Company;Entity,XOMA,XOMA,XOMA,,,,,,,stock,Entities,,,,,,,,,,,,,,,,2026-06-01,XOMA,,XOMA,,,,,,,,,,,
world:stock:XPO,Stock;Company;Entity,XPO,XPO,XPO,,,,,,,stock,Entities,,,,,,,,,,,,,,,,2026-06-01,XPO,,XPO,,,,,,,,,,,
world:stock:XPOF,Stock;Company;Entity,XPOF,XPOF,XPOF,,,,,,,stock,Entities,,,,,,,,,,,,,,,,2026-06-01,XPOF,,XPOF,,,,,,,,,,,
world:stock:XPRO,Stock;Company;Entity,XPRO,XPRO,XPRO,,,,,,,stock,Entities,,,,,,,,,,,,,,,,2026-06-01,XPRO,,XPRO,,,,,,,,,,,
world:stock:XXI,Stock;Company;Entity,XXI,XXI,XXI,,,,,,,stock,Entities,,,,,,,,,,,,,,,,2026-06-01,XXI,,XXI,,,,,,,,,,,
world:stock:XYL,Stock;Company;Entity,XYL,XYL,XYL,,,,,,,stock,Entities,,,,,,,,,,,,,,,,2026-06-01,XYL,,XYL,,,,,,,,,,,
world:stock:XYZ,Stock;Company;Entity,XYZ,XYZ,XYZ,,,,,,,stock,Entities,,,,,,,,,,,,,,,,2026-06-01,XYZ,,XYZ,,,,,,,,,,,
world:stock:Y,Stock;Company;Entity,Y,Y,Y,,,,,,,stock,Entities,,,,,,,,,,,,,,,,2026-06-01,Y,,Y,,,,,,,,,,,
world:stock:YELP,Stock;Company;Entity,YELP,YELP,YELP,,,,,,,stock,Entities,,,,,,,,,,,,,,,,2026-06-01,YELP,,YELP,,,,,,,,,,,
world:stock:YI,Stock;Company;Entity,YI,YI,YI,,,,,,,stock,Entities,,,,,,,,,,,,,,,,2026-06-01,YI,,YI,,,,,,,,,,,
world:stock:YMM,Stock;Company;Entity,YMM,YMM,YMM,,,,,,,stock,Entities,,,,,,,,,,,,,,,,2026-06-01,YMM,,YMM,,,,,,,,,,,
world:stock:YORW,Stock;Company;Entity,YORW,YORW,YORW,,,,,,,stock,Entities,,,,,,,,,,,,,,,,2026-06-01,YORW,,YORW,,,,,,,,,,,
world:stock:YUM,Stock;Company;Entity,YUM,YUM,YUM,,,,,,,stock,Entities,,,,,,,,,,,,,,,,2026-06-01,YUM,,YUM,,,,,,,,,,,
world:stock:Z,Stock;Company;Entity,Z,Z,Z,,,,,,,stock,Entities,,,,,,,,,,,,,,,,2026-06-01,Z,,Z,,,,,,,,,,,
world:stock:ZBH,Stock;Company;Entity,ZBH,ZBH,ZBH,,,,,,,stock,Entities,,,,,,,,,,,,,,,,2026-06-01,ZBH,,ZBH,,,,,,,,,,,
world:stock:ZBRA,Stock;Company;Entity,ZBRA,ZBRA,ZBRA,,,,,,,stock,Entities,,,,,,,,,,,,,,,,2026-06-01,ZBRA,,ZBRA,,,,,,,,,,,
world:stock:ZD,Stock;Company;Entity,ZD,ZD,ZD,,,,,,,stock,Entities,,,,,,,,,,,,,,,,2026-06-01,ZD,,ZD,,,,,,,,,,,
world:stock:ZG,Stock;Company;Entity,ZG,ZG,ZG,,,,,,,stock,Entities,,,,,,,,,,,,,,,,2026-06-01,ZG,,ZG,,,,,,,,,,,
world:stock:ZKH,Stock;Company;Entity,ZKH,ZKH,ZKH,,,,,,,stock,Entities,,,,,,,,,,,,,,,,2026-06-01,ZKH,,ZKH,,,,,,,,,,,
world:stock:ZM,Stock;Company;Entity,ZM,ZM,ZM,,,,,,,stock,Entities,,,,,,,,,,,,,,,,2026-06-01,ZM,,ZM,,,,,,,,,,,
world:stock:ZS,Stock;Company;Entity,ZS,ZS,ZS,,,,,,,stock,Entities,,,,,,,,,,,,,,,,2026-06-01,ZS,,ZS,,,,,,,,,,,
world:stock:ZTS,Stock;Company;Entity,ZTS,ZTS,ZTS,,,,,,,stock,Entities,,,,,,,,,,,,,,,,2026-06-01,ZTS,,ZTS,,,,,,,,,,,
world:stock:ZVIA,Stock;Company;Entity,ZVIA,ZVIA,ZVIA,,,,,,,stock,Entities,,,,,,,,,,,,,,,,2026-06-01,ZVIA,,ZVIA,,,,,,,,,,,
world:stock:ZVRA,Stock;Company;Entity,ZVRA,ZVRA,ZVRA,,,,,,,stock,Entities,,,,,,,,,,,,,,,,2026-06-01,ZVRA,,ZVRA,,,,,,,,,,,
