id,labels,name,canonicalName,label,vault,relativePath,obsidianUrl,sourcePath,sourceVault,sourceFolder,nodeType,domain,subdomain,assetClass,sector,industry,country,jurisdiction,tags,status,signalStatus,confidence,conviction,timeframe,frequency,lastUpdated,date,asOfDate,ticker,exchange,symbol,currency,instrumentType,currentValue,trend,source,provider,dataType,datePulled,freshnessDate,summary,url
world:entity:0jt5-l,Entity,0JT5.L,0JT5.L,0JT5.L,,,,,,,entity,Entities,,,,,,,,,,,,,,,,2026-06-01,,,,,,,,,,,,,,
world:entity:0q16-l,Entity,0Q16.L,0Q16.L,0Q16.L,,,,,,,entity,Entities,,,,,,,,,,,,,,,,2026-06-01,,,,,,,,,,,,,,
world:entity:0q1f-l,Entity,0Q1F.L,0Q1F.L,0Q1F.L,,,,,,,entity,Entities,,,,,,,,,,,,,,,,2026-06-01,,,,,,,,,,,,,,
world:entity:2026-03-24-fred-inflation,Entity,2026-03-24_FRED_Inflation,2026-03-24_FRED_Inflation,2026-03-24_FRED_Inflation,,,,,,,entity,Entities,,,,,,,,,,,,,,,,2026-06-01,,,,,,,,,,,,,,
world:entity:2026-03-27-bea-gdp,Entity,2026-03-27_BEA_GDP,2026-03-27_BEA_GDP,2026-03-27_BEA_GDP,,,,,,,entity,Entities,,,,,,,,,,,,,,,,2026-06-01,,,,,,,,,,,,,,
world:entity:2026-03-27-cboe-vix-term-structure,Entity,2026-03-27_CBOE_VIX_Term_Structure,2026-03-27_CBOE_VIX_Term_Structure,2026-03-27_CBOE_VIX_Term_Structure,,,,,,,entity,Entities,,,,,,,,,,,,,,,,2026-06-01,,,,,,,,,,,,,,
world:entity:2026-04-02-catalyst-abbv,Entity,2026-04-02_Catalyst_ABBV,2026-04-02_Catalyst_ABBV,2026-04-02_Catalyst_ABBV,,,,,,,entity,Entities,,,,,,,,,,,,,,,,2026-06-01,,,,,,,,,,,,,,
world:entity:2026-04-02-catalyst-acad,Entity,2026-04-02_Catalyst_ACAD,2026-04-02_Catalyst_ACAD,2026-04-02_Catalyst_ACAD,,,,,,,entity,Entities,,,,,,,,,,,,,,,,2026-06-01,,,,,,,,,,,,,,
world:entity:2026-04-02-catalyst-achr,Entity,2026-04-02_Catalyst_ACHR,2026-04-02_Catalyst_ACHR,2026-04-02_Catalyst_ACHR,,,,,,,entity,Entities,,,,,,,,,,,,,,,,2026-06-01,,,,,,,,,,,,,,
world:entity:2026-04-02-catalyst-airo,Entity,2026-04-02_Catalyst_AIRO,2026-04-02_Catalyst_AIRO,2026-04-02_Catalyst_AIRO,,,,,,,entity,Entities,,,,,,,,,,,,,,,,2026-06-01,,,,,,,,,,,,,,
world:entity:2026-04-02-catalyst-alks,Entity,2026-04-02_Catalyst_ALKS,2026-04-02_Catalyst_ALKS,2026-04-02_Catalyst_ALKS,,,,,,,entity,Entities,,,,,,,,,,,,,,,,2026-06-01,,,,,,,,,,,,,,
world:entity:2026-04-02-catalyst-alvo,Entity,2026-04-02_Catalyst_ALVO,2026-04-02_Catalyst_ALVO,2026-04-02_Catalyst_ALVO,,,,,,,entity,Entities,,,,,,,,,,,,,,,,2026-06-01,,,,,,,,,,,,,,
world:entity:2026-04-02-catalyst-amat,Entity,2026-04-02_Catalyst_AMAT,2026-04-02_Catalyst_AMAT,2026-04-02_Catalyst_AMAT,,,,,,,entity,Entities,,,,,,,,,,,,,,,,2026-06-01,,,,,,,,,,,,,,
world:entity:2026-04-02-catalyst-amgn,Entity,2026-04-02_Catalyst_AMGN,2026-04-02_Catalyst_AMGN,2026-04-02_Catalyst_AMGN,,,,,,,entity,Entities,,,,,,,,,,,,,,,,2026-06-01,,,,,,,,,,,,,,
world:entity:2026-04-02-catalyst-amzn,Entity,2026-04-02_Catalyst_AMZN,2026-04-02_Catalyst_AMZN,2026-04-02_Catalyst_AMZN,,,,,,,entity,Entities,,,,,,,,,,,,,,,,2026-06-01,,,,,,,,,,,,,,
world:entity:2026-04-02-catalyst-asts,Entity,2026-04-02_Catalyst_ASTS,2026-04-02_Catalyst_ASTS,2026-04-02_Catalyst_ASTS,,,,,,,entity,Entities,,,,,,,,,,,,,,,,2026-06-01,,,,,,,,,,,,,,
world:entity:2026-04-02-catalyst-atai,Entity,2026-04-02_Catalyst_ATAI,2026-04-02_Catalyst_ATAI,2026-04-02_Catalyst_ATAI,,,,,,,entity,Entities,,,,,,,,,,,,,,,,2026-06-01,,,,,,,,,,,,,,
world:entity:2026-04-02-catalyst-avav,Entity,2026-04-02_Catalyst_AVAV,2026-04-02_Catalyst_AVAV,2026-04-02_Catalyst_AVAV,,,,,,,entity,Entities,,,,,,,,,,,,,,,,2026-06-01,,,,,,,,,,,,,,
world:entity:2026-04-02-catalyst-bah,Entity,2026-04-02_Catalyst_BAH,2026-04-02_Catalyst_BAH,2026-04-02_Catalyst_BAH,,,,,,,entity,Entities,,,,,,,,,,,,,,,,2026-06-01,,,,,,,,,,,,,,
world:entity:2026-04-02-catalyst-bbai,Entity,2026-04-02_Catalyst_BBAI,2026-04-02_Catalyst_BBAI,2026-04-02_Catalyst_BBAI,,,,,,,entity,Entities,,,,,,,,,,,,,,,,2026-06-01,,,,,,,,,,,,,,
world:entity:2026-04-02-catalyst-beam,Entity,2026-04-02_Catalyst_BEAM,2026-04-02_Catalyst_BEAM,2026-04-02_Catalyst_BEAM,,,,,,,entity,Entities,,,,,,,,,,,,,,,,2026-06-01,,,,,,,,,,,,,,
world:entity:2026-04-02-catalyst-biib,Entity,2026-04-02_Catalyst_BIIB,2026-04-02_Catalyst_BIIB,2026-04-02_Catalyst_BIIB,,,,,,,entity,Entities,,,,,,,,,,,,,,,,2026-06-01,,,,,,,,,,,,,,
world:entity:2026-04-02-catalyst-bksy,Entity,2026-04-02_Catalyst_BKSY,2026-04-02_Catalyst_BKSY,2026-04-02_Catalyst_BKSY,,,,,,,entity,Entities,,,,,,,,,,,,,,,,2026-06-01,,,,,,,,,,,,,,
world:entity:2026-04-02-catalyst-caci,Entity,2026-04-02_Catalyst_CACI,2026-04-02_Catalyst_CACI,2026-04-02_Catalyst_CACI,,,,,,,entity,Entities,,,,,,,,,,,,,,,,2026-06-01,,,,,,,,,,,,,,
world:entity:2026-04-02-catalyst-ccj,Entity,2026-04-02_Catalyst_CCJ,2026-04-02_Catalyst_CCJ,2026-04-02_Catalyst_CCJ,,,,,,,entity,Entities,,,,,,,,,,,,,,,,2026-06-01,,,,,,,,,,,,,,
world:entity:2026-04-02-catalyst-ceg,Entity,2026-04-02_Catalyst_CEG,2026-04-02_Catalyst_CEG,2026-04-02_Catalyst_CEG,,,,,,,entity,Entities,,,,,,,,,,,,,,,,2026-06-01,,,,,,,,,,,,,,
world:entity:2026-04-02-catalyst-cmps,Entity,2026-04-02_Catalyst_CMPS,2026-04-02_Catalyst_CMPS,2026-04-02_Catalyst_CMPS,,,,,,,entity,Entities,,,,,,,,,,,,,,,,2026-06-01,,,,,,,,,,,,,,
world:entity:2026-04-02-catalyst-coin,Entity,2026-04-02_Catalyst_COIN,2026-04-02_Catalyst_COIN,2026-04-02_Catalyst_COIN,,,,,,,entity,Entities,,,,,,,,,,,,,,,,2026-06-01,,,,,,,,,,,,,,
world:entity:2026-04-02-catalyst-crsp,Entity,2026-04-02_Catalyst_CRSP,2026-04-02_Catalyst_CRSP,2026-04-02_Catalyst_CRSP,,,,,,,entity,Entities,,,,,,,,,,,,,,,,2026-06-01,,,,,,,,,,,,,,
world:entity:2026-04-02-catalyst-dftx,Entity,2026-04-02_Catalyst_DFTX,2026-04-02_Catalyst_DFTX,2026-04-02_Catalyst_DFTX,,,,,,,entity,Entities,,,,,,,,,,,,,,,,2026-06-01,,,,,,,,,,,,,,
world:entity:2026-04-02-catalyst-dhi,Entity,2026-04-02_Catalyst_DHI,2026-04-02_Catalyst_DHI,2026-04-02_Catalyst_DHI,,,,,,,entity,Entities,,,,,,,,,,,,,,,,2026-06-01,,,,,,,,,,,,,,
world:entity:2026-04-02-catalyst-dpro,Entity,2026-04-02_Catalyst_DPRO,2026-04-02_Catalyst_DPRO,2026-04-02_Catalyst_DPRO,,,,,,,entity,Entities,,,,,,,,,,,,,,,,2026-06-01,,,,,,,,,,,,,,
world:entity:2026-04-02-catalyst-dro-ax,Entity,2026-04-02_Catalyst_DRO_AX,2026-04-02_Catalyst_DRO_AX,2026-04-02_Catalyst_DRO_AX,,,,,,,entity,Entities,,,,,,,,,,,,,,,,2026-06-01,,,,,,,,,,,,,,
world:entity:2026-04-02-catalyst-edit,Entity,2026-04-02_Catalyst_EDIT,2026-04-02_Catalyst_EDIT,2026-04-02_Catalyst_EDIT,,,,,,,entity,Entities,,,,,,,,,,,,,,,,2026-06-01,,,,,,,,,,,,,,
world:entity:2026-04-02-catalyst-eh,Entity,2026-04-02_Catalyst_EH,2026-04-02_Catalyst_EH,2026-04-02_Catalyst_EH,,,,,,,entity,Entities,,,,,,,,,,,,,,,,2026-06-01,,,,,,,,,,,,,,
world:entity:2026-04-02-catalyst-envx,Entity,2026-04-02_Catalyst_ENVX,2026-04-02_Catalyst_ENVX,2026-04-02_Catalyst_ENVX,,,,,,,entity,Entities,,,,,,,,,,,,,,,,2026-06-01,,,,,,,,,,,,,,
world:entity:2026-04-02-catalyst-eslt,Entity,2026-04-02_Catalyst_ESLT,2026-04-02_Catalyst_ESLT,2026-04-02_Catalyst_ESLT,,,,,,,entity,Entities,,,,,,,,,,,,,,,,2026-06-01,,,,,,,,,,,,,,
world:entity:2026-04-02-catalyst-etn,Entity,2026-04-02_Catalyst_ETN,2026-04-02_Catalyst_ETN,2026-04-02_Catalyst_ETN,,,,,,,entity,Entities,,,,,,,,,,,,,,,,2026-06-01,,,,,,,,,,,,,,
world:entity:2026-04-02-catalyst-evtl,Entity,2026-04-02_Catalyst_EVTL,2026-04-02_Catalyst_EVTL,2026-04-02_Catalyst_EVTL,,,,,,,entity,Entities,,,,,,,,,,,,,,,,2026-06-01,,,,,,,,,,,,,,
world:entity:2026-04-02-catalyst-flnc,Entity,2026-04-02_Catalyst_FLNC,2026-04-02_Catalyst_FLNC,2026-04-02_Catalyst_FLNC,,,,,,,entity,Entities,,,,,,,,,,,,,,,,2026-06-01,,,,,,,,,,,,,,
world:entity:2026-04-02-catalyst-gd,Entity,2026-04-02_Catalyst_GD,2026-04-02_Catalyst_GD,2026-04-02_Catalyst_GD,,,,,,,entity,Entities,,,,,,,,,,,,,,,,2026-06-01,,,,,,,,,,,,,,
world:entity:2026-04-02-catalyst-gev,Entity,2026-04-02_Catalyst_GEV,2026-04-02_Catalyst_GEV,2026-04-02_Catalyst_GEV,,,,,,,entity,Entities,,,,,,,,,,,,,,,,2026-06-01,,,,,,,,,,,,,,
world:entity:2026-04-02-catalyst-ghrs,Entity,2026-04-02_Catalyst_GHRS,2026-04-02_Catalyst_GHRS,2026-04-02_Catalyst_GHRS,,,,,,,entity,Entities,,,,,,,,,,,,,,,,2026-06-01,,,,,,,,,,,,,,
world:entity:2026-04-02-catalyst-gold,Entity,2026-04-02_Catalyst_GOLD,2026-04-02_Catalyst_GOLD,2026-04-02_Catalyst_GOLD,,,,,,,entity,Entities,,,,,,,,,,,,,,,,2026-06-01,,,,,,,,,,,,,,
world:entity:2026-04-02-catalyst-googl,Entity,2026-04-02_Catalyst_GOOGL,2026-04-02_Catalyst_GOOGL,2026-04-02_Catalyst_GOOGL,,,,,,,entity,Entities,,,,,,,,,,,,,,,,2026-06-01,,,,,,,,,,,,,,
world:entity:2026-04-02-catalyst-help,Entity,2026-04-02_Catalyst_HELP,2026-04-02_Catalyst_HELP,2026-04-02_Catalyst_HELP,,,,,,,entity,Entities,,,,,,,,,,,,,,,,2026-06-01,,,,,,,,,,,,,,
world:entity:2026-04-02-catalyst-hims,Entity,2026-04-02_Catalyst_HIMS,2026-04-02_Catalyst_HIMS,2026-04-02_Catalyst_HIMS,,,,,,,entity,Entities,,,,,,,,,,,,,,,,2026-06-01,,,,,,,,,,,,,,
world:entity:2026-04-02-catalyst-hovr,Entity,2026-04-02_Catalyst_HOVR,2026-04-02_Catalyst_HOVR,2026-04-02_Catalyst_HOVR,,,,,,,entity,Entities,,,,,,,,,,,,,,,,2026-06-01,,,,,,,,,,,,,,
world:entity:2026-04-02-catalyst-inva,Entity,2026-04-02_Catalyst_INVA,2026-04-02_Catalyst_INVA,2026-04-02_Catalyst_INVA,,,,,,,entity,Entities,,,,,,,,,,,,,,,,2026-06-01,,,,,,,,,,,,,,
world:entity:2026-04-02-catalyst-ionq,Entity,2026-04-02_Catalyst_IONQ,2026-04-02_Catalyst_IONQ,2026-04-02_Catalyst_IONQ,,,,,,,entity,Entities,,,,,,,,,,,,,,,,2026-06-01,,,,,,,,,,,,,,
world:entity:2026-04-02-catalyst-jnj,Entity,2026-04-02_Catalyst_JNJ,2026-04-02_Catalyst_JNJ,2026-04-02_Catalyst_JNJ,,,,,,,entity,Entities,,,,,,,,,,,,,,,,2026-06-01,,,,,,,,,,,,,,
world:entity:2026-04-02-catalyst-joby,Entity,2026-04-02_Catalyst_JOBY,2026-04-02_Catalyst_JOBY,2026-04-02_Catalyst_JOBY,,,,,,,entity,Entities,,,,,,,,,,,,,,,,2026-06-01,,,,,,,,,,,,,,
world:entity:2026-04-02-catalyst-klac,Entity,2026-04-02_Catalyst_KLAC,2026-04-02_Catalyst_KLAC,2026-04-02_Catalyst_KLAC,,,,,,,entity,Entities,,,,,,,,,,,,,,,,2026-06-01,,,,,,,,,,,,,,
world:entity:2026-04-02-catalyst-ktos,Entity,2026-04-02_Catalyst_KTOS,2026-04-02_Catalyst_KTOS,2026-04-02_Catalyst_KTOS,,,,,,,entity,Entities,,,,,,,,,,,,,,,,2026-06-01,,,,,,,,,,,,,,
world:entity:2026-04-02-catalyst-ldos,Entity,2026-04-02_Catalyst_LDOS,2026-04-02_Catalyst_LDOS,2026-04-02_Catalyst_LDOS,,,,,,,entity,Entities,,,,,,,,,,,,,,,,2026-06-01,,,,,,,,,,,,,,
world:entity:2026-04-02-catalyst-len,Entity,2026-04-02_Catalyst_LEN,2026-04-02_Catalyst_LEN,2026-04-02_Catalyst_LEN,,,,,,,entity,Entities,,,,,,,,,,,,,,,,2026-06-01,,,,,,,,,,,,,,
world:entity:2026-04-02-catalyst-lhx,Entity,2026-04-02_Catalyst_LHX,2026-04-02_Catalyst_LHX,2026-04-02_Catalyst_LHX,,,,,,,entity,Entities,,,,,,,,,,,,,,,,2026-06-01,,,,,,,,,,,,,,
world:entity:2026-04-02-catalyst-lly,Entity,2026-04-02_Catalyst_LLY,2026-04-02_Catalyst_LLY,2026-04-02_Catalyst_LLY,,,,,,,entity,Entities,,,,,,,,,,,,,,,,2026-06-01,,,,,,,,,,,,,,
world:entity:2026-04-02-catalyst-lmt,Entity,2026-04-02_Catalyst_LMT,2026-04-02_Catalyst_LMT,2026-04-02_Catalyst_LMT,,,,,,,entity,Entities,,,,,,,,,,,,,,,,2026-06-01,,,,,,,,,,,,,,
world:entity:2026-04-02-catalyst-lrcx,Entity,2026-04-02_Catalyst_LRCX,2026-04-02_Catalyst_LRCX,2026-04-02_Catalyst_LRCX,,,,,,,entity,Entities,,,,,,,,,,,,,,,,2026-06-01,,,,,,,,,,,,,,
world:entity:2026-04-02-catalyst-mnts,Entity,2026-04-02_Catalyst_MNTS,2026-04-02_Catalyst_MNTS,2026-04-02_Catalyst_MNTS,,,,,,,entity,Entities,,,,,,,,,,,,,,,,2026-06-01,,,,,,,,,,,,,,
world:entity:2026-04-02-catalyst-mrk,Entity,2026-04-02_Catalyst_MRK,2026-04-02_Catalyst_MRK,2026-04-02_Catalyst_MRK,,,,,,,entity,Entities,,,,,,,,,,,,,,,,2026-06-01,,,,,,,,,,,,,,
world:entity:2026-04-02-catalyst-msft,Entity,2026-04-02_Catalyst_MSFT,2026-04-02_Catalyst_MSFT,2026-04-02_Catalyst_MSFT,,,,,,,entity,Entities,,,,,,,,,,,,,,,,2026-06-01,,,,,,,,,,,,,,
world:entity:2026-04-02-catalyst-mstr,Entity,2026-04-02_Catalyst_MSTR,2026-04-02_Catalyst_MSTR,2026-04-02_Catalyst_MSTR,,,,,,,entity,Entities,,,,,,,,,,,,,,,,2026-06-01,,,,,,,,,,,,,,
world:entity:2026-04-02-catalyst-nbix,Entity,2026-04-02_Catalyst_NBIX,2026-04-02_Catalyst_NBIX,2026-04-02_Catalyst_NBIX,,,,,,,entity,Entities,,,,,,,,,,,,,,,,2026-06-01,,,,,,,,,,,,,,
world:entity:2026-04-02-catalyst-nem,Entity,2026-04-02_Catalyst_NEM,2026-04-02_Catalyst_NEM,2026-04-02_Catalyst_NEM,,,,,,,entity,Entities,,,,,,,,,,,,,,,,2026-06-01,,,,,,,,,,,,,,
world:entity:2026-04-02-catalyst-nne,Entity,2026-04-02_Catalyst_NNE,2026-04-02_Catalyst_NNE,2026-04-02_Catalyst_NNE,,,,,,,entity,Entities,,,,,,,,,,,,,,,,2026-06-01,,,,,,,,,,,,,,
world:entity:2026-04-02-catalyst-noc,Entity,2026-04-02_Catalyst_NOC,2026-04-02_Catalyst_NOC,2026-04-02_Catalyst_NOC,,,,,,,entity,Entities,,,,,,,,,,,,,,,,2026-06-01,,,,,,,,,,,,,,
world:entity:2026-04-02-catalyst-nrg,Entity,2026-04-02_Catalyst_NRG,2026-04-02_Catalyst_NRG,2026-04-02_Catalyst_NRG,,,,,,,entity,Entities,,,,,,,,,,,,,,,,2026-06-01,,,,,,,,,,,,,,
world:entity:2026-04-02-catalyst-ntla,Entity,2026-04-02_Catalyst_NTLA,2026-04-02_Catalyst_NTLA,2026-04-02_Catalyst_NTLA,,,,,,,entity,Entities,,,,,,,,,,,,,,,,2026-06-01,,,,,,,,,,,,,,
world:entity:2026-04-02-catalyst-nvda,Entity,2026-04-02_Catalyst_NVDA,2026-04-02_Catalyst_NVDA,2026-04-02_Catalyst_NVDA,,,,,,,entity,Entities,,,,,,,,,,,,,,,,2026-06-01,,,,,,,,,,,,,,
world:entity:2026-04-02-catalyst-nvr,Entity,2026-04-02_Catalyst_NVR,2026-04-02_Catalyst_NVR,2026-04-02_Catalyst_NVR,,,,,,,entity,Entities,,,,,,,,,,,,,,,,2026-06-01,,,,,,,,,,,,,,
world:entity:2026-04-02-catalyst-oklo,Entity,2026-04-02_Catalyst_OKLO,2026-04-02_Catalyst_OKLO,2026-04-02_Catalyst_OKLO,,,,,,,entity,Entities,,,,,,,,,,,,,,,,2026-06-01,,,,,,,,,,,,,,
world:entity:2026-04-02-catalyst-on,Entity,2026-04-02_Catalyst_ON,2026-04-02_Catalyst_ON,2026-04-02_Catalyst_ON,,,,,,,entity,Entities,,,,,,,,,,,,,,,,2026-06-01,,,,,,,,,,,,,,
world:entity:2026-04-02-catalyst-onds,Entity,2026-04-02_Catalyst_ONDS,2026-04-02_Catalyst_ONDS,2026-04-02_Catalyst_ONDS,,,,,,,entity,Entities,,,,,,,,,,,,,,,,2026-06-01,,,,,,,,,,,,,,
world:entity:2026-04-02-catalyst-onto,Entity,2026-04-02_Catalyst_ONTO,2026-04-02_Catalyst_ONTO,2026-04-02_Catalyst_ONTO,,,,,,,entity,Entities,,,,,,,,,,,,,,,,2026-06-01,,,,,,,,,,,,,,
world:entity:2026-04-02-catalyst-pfe,Entity,2026-04-02_Catalyst_PFE,2026-04-02_Catalyst_PFE,2026-04-02_Catalyst_PFE,,,,,,,entity,Entities,,,,,,,,,,,,,,,,2026-06-01,,,,,,,,,,,,,,
world:entity:2026-04-02-catalyst-pl,Entity,2026-04-02_Catalyst_PL,2026-04-02_Catalyst_PL,2026-04-02_Catalyst_PL,,,,,,,entity,Entities,,,,,,,,,,,,,,,,2026-06-01,,,,,,,,,,,,,,
world:entity:2026-04-02-catalyst-pltr,Entity,2026-04-02_Catalyst_PLTR,2026-04-02_Catalyst_PLTR,2026-04-02_Catalyst_PLTR,,,,,,,entity,Entities,,,,,,,,,,,,,,,,2026-06-01,,,,,,,,,,,,,,
world:entity:2026-04-02-catalyst-prta,Entity,2026-04-02_Catalyst_PRTA,2026-04-02_Catalyst_PRTA,2026-04-02_Catalyst_PRTA,,,,,,,entity,Entities,,,,,,,,,,,,,,,,2026-06-01,,,,,,,,,,,,,,
world:entity:2026-04-02-catalyst-psil,Entity,2026-04-02_Catalyst_PSIL,2026-04-02_Catalyst_PSIL,2026-04-02_Catalyst_PSIL,,,,,,,entity,Entities,,,,,,,,,,,,,,,,2026-06-01,,,,,,,,,,,,,,
world:entity:2026-04-02-catalyst-qubt,Entity,2026-04-02_Catalyst_QUBT,2026-04-02_Catalyst_QUBT,2026-04-02_Catalyst_QUBT,,,,,,,entity,Entities,,,,,,,,,,,,,,,,2026-06-01,,,,,,,,,,,,,,
world:entity:2026-04-02-catalyst-rcat,Entity,2026-04-02_Catalyst_RCAT,2026-04-02_Catalyst_RCAT,2026-04-02_Catalyst_RCAT,,,,,,,entity,Entities,,,,,,,,,,,,,,,,2026-06-01,,,,,,,,,,,,,,
world:entity:2026-04-02-catalyst-rgti,Entity,2026-04-02_Catalyst_RGTI,2026-04-02_Catalyst_RGTI,2026-04-02_Catalyst_RGTI,,,,,,,entity,Entities,,,,,,,,,,,,,,,,2026-06-01,,,,,,,,,,,,,,
world:entity:2026-04-02-catalyst-rklb,Entity,2026-04-02_Catalyst_RKLB,2026-04-02_Catalyst_RKLB,2026-04-02_Catalyst_RKLB,,,,,,,entity,Entities,,,,,,,,,,,,,,,,2026-06-01,,,,,,,,,,,,,,
world:entity:2026-04-02-catalyst-rprx,Entity,2026-04-02_Catalyst_RPRX,2026-04-02_Catalyst_RPRX,2026-04-02_Catalyst_RPRX,,,,,,,entity,Entities,,,,,,,,,,,,,,,,2026-06-01,,,,,,,,,,,,,,
world:entity:2026-04-02-catalyst-rtx,Entity,2026-04-02_Catalyst_RTX,2026-04-02_Catalyst_RTX,2026-04-02_Catalyst_RTX,,,,,,,entity,Entities,,,,,,,,,,,,,,,,2026-06-01,,,,,,,,,,,,,,
world:entity:2026-04-02-catalyst-saic,Entity,2026-04-02_Catalyst_SAIC,2026-04-02_Catalyst_SAIC,2026-04-02_Catalyst_SAIC,,,,,,,entity,Entities,,,,,,,,,,,,,,,,2026-06-01,,,,,,,,,,,,,,
world:entity:2026-04-02-catalyst-sky,Entity,2026-04-02_Catalyst_SKY,2026-04-02_Catalyst_SKY,2026-04-02_Catalyst_SKY,,,,,,,entity,Entities,,,,,,,,,,,,,,,,2026-06-01,,,,,,,,,,,,,,
world:entity:2026-04-02-catalyst-smr,Entity,2026-04-02_Catalyst_SMR,2026-04-02_Catalyst_SMR,2026-04-02_Catalyst_SMR,,,,,,,entity,Entities,,,,,,,,,,,,,,,,2026-06-01,,,,,,,,,,,,,,
world:entity:2026-04-02-catalyst-spir,Entity,2026-04-02_Catalyst_SPIR,2026-04-02_Catalyst_SPIR,2026-04-02_Catalyst_SPIR,,,,,,,entity,Entities,,,,,,,,,,,,,,,,2026-06-01,,,,,,,,,,,,,,
world:entity:2026-04-02-catalyst-spro,Entity,2026-04-02_Catalyst_SPRO,2026-04-02_Catalyst_SPRO,2026-04-02_Catalyst_SPRO,,,,,,,entity,Entities,,,,,,,,,,,,,,,,2026-06-01,,,,,,,,,,,,,,
world:entity:2026-04-02-catalyst-stem,Entity,2026-04-02_Catalyst_STEM,2026-04-02_Catalyst_STEM,2026-04-02_Catalyst_STEM,,,,,,,entity,Entities,,,,,,,,,,,,,,,,2026-06-01,,,,,,,,,,,,,,
world:entity:2026-04-02-catalyst-strl,Entity,2026-04-02_Catalyst_STRL,2026-04-02_Catalyst_STRL,2026-04-02_Catalyst_STRL,,,,,,,entity,Entities,,,,,,,,,,,,,,,,2026-06-01,,,,,,,,,,,,,,
world:entity:2026-04-02-catalyst-tdy,Entity,2026-04-02_Catalyst_TDY,2026-04-02_Catalyst_TDY,2026-04-02_Catalyst_TDY,,,,,,,entity,Entities,,,,,,,,,,,,,,,,2026-06-01,,,,,,,,,,,,,,
world:entity:2026-04-02-catalyst-tmhc,Entity,2026-04-02_Catalyst_TMHC,2026-04-02_Catalyst_TMHC,2026-04-02_Catalyst_TMHC,,,,,,,entity,Entities,,,,,,,,,,,,,,,,2026-06-01,,,,,,,,,,,,,,
world:entity:2026-04-02-catalyst-tol,Entity,2026-04-02_Catalyst_TOL,2026-04-02_Catalyst_TOL,2026-04-02_Catalyst_TOL,,,,,,,entity,Entities,,,,,,,,,,,,,,,,2026-06-01,,,,,,,,,,,,,,
world:entity:2026-04-02-catalyst-tsla,Entity,2026-04-02_Catalyst_TSLA,2026-04-02_Catalyst_TSLA,2026-04-02_Catalyst_TSLA,,,,,,,entity,Entities,,,,,,,,,,,,,,,,2026-06-01,,,,,,,,,,,,,,
world:entity:2026-04-02-catalyst-txt,Entity,2026-04-02_Catalyst_TXT,2026-04-02_Catalyst_TXT,2026-04-02_Catalyst_TXT,,,,,,,entity,Entities,,,,,,,,,,,,,,,,2026-06-01,,,,,,,,,,,,,,
world:entity:2026-04-02-catalyst-umac,Entity,2026-04-02_Catalyst_UMAC,2026-04-02_Catalyst_UMAC,2026-04-02_Catalyst_UMAC,,,,,,,entity,Entities,,,,,,,,,,,,,,,,2026-06-01,,,,,,,,,,,,,,
world:entity:2026-04-02-catalyst-unty,Entity,2026-04-02_Catalyst_UNTY,2026-04-02_Catalyst_UNTY,2026-04-02_Catalyst_UNTY,,,,,,,entity,Entities,,,,,,,,,,,,,,,,2026-06-01,,,,,,,,,,,,,,
world:entity:2026-04-02-catalyst-vktx,Entity,2026-04-02_Catalyst_VKTX,2026-04-02_Catalyst_VKTX,2026-04-02_Catalyst_VKTX,,,,,,,entity,Entities,,,,,,,,,,,,,,,,2026-06-01,,,,,,,,,,,,,,
world:entity:2026-04-02-catalyst-vst,Entity,2026-04-02_Catalyst_VST,2026-04-02_Catalyst_VST,2026-04-02_Catalyst_VST,,,,,,,entity,Entities,,,,,,,,,,,,,,,,2026-06-01,,,,,,,,,,,,,,
world:entity:2026-04-02-catalyst-wolf,Entity,2026-04-02_Catalyst_WOLF,2026-04-02_Catalyst_WOLF,2026-04-02_Catalyst_WOLF,,,,,,,entity,Entities,,,,,,,,,,,,,,,,2026-06-01,,,,,,,,,,,,,,
world:entity:2026-04-02-catalyst-wpm,Entity,2026-04-02_Catalyst_WPM,2026-04-02_Catalyst_WPM,2026-04-02_Catalyst_WPM,,,,,,,entity,Entities,,,,,,,,,,,,,,,,2026-06-01,,,,,,,,,,,,,,
world:entity:2026-04-02-catalyst-xoma,Entity,2026-04-02_Catalyst_XOMA,2026-04-02_Catalyst_XOMA,2026-04-02_Catalyst_XOMA,,,,,,,entity,Entities,,,,,,,,,,,,,,,,2026-06-01,,,,,,,,,,,,,,
world:entity:2026-04-02-faa-regulatory-progress,Entity,2026-04-02_FAA_Regulatory_Progress,2026-04-02_FAA_Regulatory_Progress,2026-04-02_FAA_Regulatory_Progress,,,,,,,entity,Entities,,,,,,,,,,,,,,,,2026-06-01,,,,,,,,,,,,,,
world:entity:2026-04-02-fmp-earnings-calendar-thesis-watchlists,Entity,2026-04-02_FMP_Earnings_Calendar_Thesis_Watchlists,2026-04-02_FMP_Earnings_Calendar_Thesis_Watchlists,2026-04-02_FMP_Earnings_Calendar_Thesis_Watchlists,,,,,,,entity,Entities,,,,,,,,,,,,,,,,2026-06-01,,,,,,,,,,,,,,
world:entity:2026-04-02-fmp-technicals-abbv-daily,Entity,2026-04-02_FMP_Technicals_ABBV_daily,2026-04-02_FMP_Technicals_ABBV_daily,2026-04-02_FMP_Technicals_ABBV_daily,,,,,,,entity,Entities,,,,,,,,,,,,,,,,2026-06-01,,,,,,,,,,,,,,
world:entity:2026-04-02-fmp-technicals-acad-daily,Entity,2026-04-02_FMP_Technicals_ACAD_daily,2026-04-02_FMP_Technicals_ACAD_daily,2026-04-02_FMP_Technicals_ACAD_daily,,,,,,,entity,Entities,,,,,,,,,,,,,,,,2026-06-01,,,,,,,,,,,,,,
world:entity:2026-04-02-fmp-technicals-achr-daily,Entity,2026-04-02_FMP_Technicals_ACHR_daily,2026-04-02_FMP_Technicals_ACHR_daily,2026-04-02_FMP_Technicals_ACHR_daily,,,,,,,entity,Entities,,,,,,,,,,,,,,,,2026-06-01,,,,,,,,,,,,,,
world:entity:2026-04-02-fmp-technicals-airo-daily,Entity,2026-04-02_FMP_Technicals_AIRO_daily,2026-04-02_FMP_Technicals_AIRO_daily,2026-04-02_FMP_Technicals_AIRO_daily,,,,,,,entity,Entities,,,,,,,,,,,,,,,,2026-06-01,,,,,,,,,,,,,,
world:entity:2026-04-02-fmp-technicals-alks-daily,Entity,2026-04-02_FMP_Technicals_ALKS_daily,2026-04-02_FMP_Technicals_ALKS_daily,2026-04-02_FMP_Technicals_ALKS_daily,,,,,,,entity,Entities,,,,,,,,,,,,,,,,2026-06-01,,,,,,,,,,,,,,
world:entity:2026-04-02-fmp-technicals-alvo-daily,Entity,2026-04-02_FMP_Technicals_ALVO_daily,2026-04-02_FMP_Technicals_ALVO_daily,2026-04-02_FMP_Technicals_ALVO_daily,,,,,,,entity,Entities,,,,,,,,,,,,,,,,2026-06-01,,,,,,,,,,,,,,
world:entity:2026-04-02-fmp-technicals-amat-daily,Entity,2026-04-02_FMP_Technicals_AMAT_daily,2026-04-02_FMP_Technicals_AMAT_daily,2026-04-02_FMP_Technicals_AMAT_daily,,,,,,,entity,Entities,,,,,,,,,,,,,,,,2026-06-01,,,,,,,,,,,,,,
world:entity:2026-04-02-fmp-technicals-amgn-daily,Entity,2026-04-02_FMP_Technicals_AMGN_daily,2026-04-02_FMP_Technicals_AMGN_daily,2026-04-02_FMP_Technicals_AMGN_daily,,,,,,,entity,Entities,,,,,,,,,,,,,,,,2026-06-01,,,,,,,,,,,,,,
world:entity:2026-04-02-fmp-technicals-amzn-daily,Entity,2026-04-02_FMP_Technicals_AMZN_daily,2026-04-02_FMP_Technicals_AMZN_daily,2026-04-02_FMP_Technicals_AMZN_daily,,,,,,,entity,Entities,,,,,,,,,,,,,,,,2026-06-01,,,,,,,,,,,,,,
world:entity:2026-04-02-fmp-technicals-asts-daily,Entity,2026-04-02_FMP_Technicals_ASTS_daily,2026-04-02_FMP_Technicals_ASTS_daily,2026-04-02_FMP_Technicals_ASTS_daily,,,,,,,entity,Entities,,,,,,,,,,,,,,,,2026-06-01,,,,,,,,,,,,,,
world:entity:2026-04-02-fmp-technicals-atai-daily,Entity,2026-04-02_FMP_Technicals_ATAI_daily,2026-04-02_FMP_Technicals_ATAI_daily,2026-04-02_FMP_Technicals_ATAI_daily,,,,,,,entity,Entities,,,,,,,,,,,,,,,,2026-06-01,,,,,,,,,,,,,,
world:entity:2026-04-02-fmp-technicals-avav-daily,Entity,2026-04-02_FMP_Technicals_AVAV_daily,2026-04-02_FMP_Technicals_AVAV_daily,2026-04-02_FMP_Technicals_AVAV_daily,,,,,,,entity,Entities,,,,,,,,,,,,,,,,2026-06-01,,,,,,,,,,,,,,
world:entity:2026-04-02-fmp-technicals-bah-daily,Entity,2026-04-02_FMP_Technicals_BAH_daily,2026-04-02_FMP_Technicals_BAH_daily,2026-04-02_FMP_Technicals_BAH_daily,,,,,,,entity,Entities,,,,,,,,,,,,,,,,2026-06-01,,,,,,,,,,,,,,
world:entity:2026-04-02-fmp-technicals-bbai-daily,Entity,2026-04-02_FMP_Technicals_BBAI_daily,2026-04-02_FMP_Technicals_BBAI_daily,2026-04-02_FMP_Technicals_BBAI_daily,,,,,,,entity,Entities,,,,,,,,,,,,,,,,2026-06-01,,,,,,,,,,,,,,
world:entity:2026-04-02-fmp-technicals-beam-daily,Entity,2026-04-02_FMP_Technicals_BEAM_daily,2026-04-02_FMP_Technicals_BEAM_daily,2026-04-02_FMP_Technicals_BEAM_daily,,,,,,,entity,Entities,,,,,,,,,,,,,,,,2026-06-01,,,,,,,,,,,,,,
world:entity:2026-04-02-fmp-technicals-biib-daily,Entity,2026-04-02_FMP_Technicals_BIIB_daily,2026-04-02_FMP_Technicals_BIIB_daily,2026-04-02_FMP_Technicals_BIIB_daily,,,,,,,entity,Entities,,,,,,,,,,,,,,,,2026-06-01,,,,,,,,,,,,,,
world:entity:2026-04-02-fmp-technicals-bksy-daily,Entity,2026-04-02_FMP_Technicals_BKSY_daily,2026-04-02_FMP_Technicals_BKSY_daily,2026-04-02_FMP_Technicals_BKSY_daily,,,,,,,entity,Entities,,,,,,,,,,,,,,,,2026-06-01,,,,,,,,,,,,,,
world:entity:2026-04-02-fmp-technicals-caci-daily,Entity,2026-04-02_FMP_Technicals_CACI_daily,2026-04-02_FMP_Technicals_CACI_daily,2026-04-02_FMP_Technicals_CACI_daily,,,,,,,entity,Entities,,,,,,,,,,,,,,,,2026-06-01,,,,,,,,,,,,,,
world:entity:2026-04-02-fmp-technicals-ccj-daily,Entity,2026-04-02_FMP_Technicals_CCJ_daily,2026-04-02_FMP_Technicals_CCJ_daily,2026-04-02_FMP_Technicals_CCJ_daily,,,,,,,entity,Entities,,,,,,,,,,,,,,,,2026-06-01,,,,,,,,,,,,,,
world:entity:2026-04-02-fmp-technicals-ceg-daily,Entity,2026-04-02_FMP_Technicals_CEG_daily,2026-04-02_FMP_Technicals_CEG_daily,2026-04-02_FMP_Technicals_CEG_daily,,,,,,,entity,Entities,,,,,,,,,,,,,,,,2026-06-01,,,,,,,,,,,,,,
world:entity:2026-04-02-fmp-technicals-cmps-daily,Entity,2026-04-02_FMP_Technicals_CMPS_daily,2026-04-02_FMP_Technicals_CMPS_daily,2026-04-02_FMP_Technicals_CMPS_daily,,,,,,,entity,Entities,,,,,,,,,,,,,,,,2026-06-01,,,,,,,,,,,,,,
world:entity:2026-04-02-fmp-technicals-coin-daily,Entity,2026-04-02_FMP_Technicals_COIN_daily,2026-04-02_FMP_Technicals_COIN_daily,2026-04-02_FMP_Technicals_COIN_daily,,,,,,,entity,Entities,,,,,,,,,,,,,,,,2026-06-01,,,,,,,,,,,,,,
world:entity:2026-04-02-fmp-technicals-crsp-daily,Entity,2026-04-02_FMP_Technicals_CRSP_daily,2026-04-02_FMP_Technicals_CRSP_daily,2026-04-02_FMP_Technicals_CRSP_daily,,,,,,,entity,Entities,,,,,,,,,,,,,,,,2026-06-01,,,,,,,,,,,,,,
world:entity:2026-04-02-fmp-technicals-dftx-daily,Entity,2026-04-02_FMP_Technicals_DFTX_daily,2026-04-02_FMP_Technicals_DFTX_daily,2026-04-02_FMP_Technicals_DFTX_daily,,,,,,,entity,Entities,,,,,,,,,,,,,,,,2026-06-01,,,,,,,,,,,,,,
world:entity:2026-04-02-fmp-technicals-dhi-daily,Entity,2026-04-02_FMP_Technicals_DHI_daily,2026-04-02_FMP_Technicals_DHI_daily,2026-04-02_FMP_Technicals_DHI_daily,,,,,,,entity,Entities,,,,,,,,,,,,,,,,2026-06-01,,,,,,,,,,,,,,
world:entity:2026-04-02-fmp-technicals-dpro-daily,Entity,2026-04-02_FMP_Technicals_DPRO_daily,2026-04-02_FMP_Technicals_DPRO_daily,2026-04-02_FMP_Technicals_DPRO_daily,,,,,,,entity,Entities,,,,,,,,,,,,,,,,2026-06-01,,,,,,,,,,,,,,
world:entity:2026-04-02-fmp-technicals-edit-daily,Entity,2026-04-02_FMP_Technicals_EDIT_daily,2026-04-02_FMP_Technicals_EDIT_daily,2026-04-02_FMP_Technicals_EDIT_daily,,,,,,,entity,Entities,,,,,,,,,,,,,,,,2026-06-01,,,,,,,,,,,,,,
world:entity:2026-04-02-fmp-technicals-eh-daily,Entity,2026-04-02_FMP_Technicals_EH_daily,2026-04-02_FMP_Technicals_EH_daily,2026-04-02_FMP_Technicals_EH_daily,,,,,,,entity,Entities,,,,,,,,,,,,,,,,2026-06-01,,,,,,,,,,,,,,
world:entity:2026-04-02-fmp-technicals-envx-daily,Entity,2026-04-02_FMP_Technicals_ENVX_daily,2026-04-02_FMP_Technicals_ENVX_daily,2026-04-02_FMP_Technicals_ENVX_daily,,,,,,,entity,Entities,,,,,,,,,,,,,,,,2026-06-01,,,,,,,,,,,,,,
world:entity:2026-04-02-fmp-technicals-eslt-daily,Entity,2026-04-02_FMP_Technicals_ESLT_daily,2026-04-02_FMP_Technicals_ESLT_daily,2026-04-02_FMP_Technicals_ESLT_daily,,,,,,,entity,Entities,,,,,,,,,,,,,,,,2026-06-01,,,,,,,,,,,,,,
world:entity:2026-04-02-fmp-technicals-etn-daily,Entity,2026-04-02_FMP_Technicals_ETN_daily,2026-04-02_FMP_Technicals_ETN_daily,2026-04-02_FMP_Technicals_ETN_daily,,,,,,,entity,Entities,,,,,,,,,,,,,,,,2026-06-01,,,,,,,,,,,,,,
world:entity:2026-04-02-fmp-technicals-evtl-daily,Entity,2026-04-02_FMP_Technicals_EVTL_daily,2026-04-02_FMP_Technicals_EVTL_daily,2026-04-02_FMP_Technicals_EVTL_daily,,,,,,,entity,Entities,,,,,,,,,,,,,,,,2026-06-01,,,,,,,,,,,,,,
world:entity:2026-04-02-fmp-technicals-flnc-daily,Entity,2026-04-02_FMP_Technicals_FLNC_daily,2026-04-02_FMP_Technicals_FLNC_daily,2026-04-02_FMP_Technicals_FLNC_daily,,,,,,,entity,Entities,,,,,,,,,,,,,,,,2026-06-01,,,,,,,,,,,,,,
world:entity:2026-04-02-fmp-technicals-gd-daily,Entity,2026-04-02_FMP_Technicals_GD_daily,2026-04-02_FMP_Technicals_GD_daily,2026-04-02_FMP_Technicals_GD_daily,,,,,,,entity,Entities,,,,,,,,,,,,,,,,2026-06-01,,,,,,,,,,,,,,
world:entity:2026-04-02-fmp-technicals-gev-daily,Entity,2026-04-02_FMP_Technicals_GEV_daily,2026-04-02_FMP_Technicals_GEV_daily,2026-04-02_FMP_Technicals_GEV_daily,,,,,,,entity,Entities,,,,,,,,,,,,,,,,2026-06-01,,,,,,,,,,,,,,
world:entity:2026-04-02-fmp-technicals-ghrs-daily,Entity,2026-04-02_FMP_Technicals_GHRS_daily,2026-04-02_FMP_Technicals_GHRS_daily,2026-04-02_FMP_Technicals_GHRS_daily,,,,,,,entity,Entities,,,,,,,,,,,,,,,,2026-06-01,,,,,,,,,,,,,,
world:entity:2026-04-02-fmp-technicals-gold-daily,Entity,2026-04-02_FMP_Technicals_GOLD_daily,2026-04-02_FMP_Technicals_GOLD_daily,2026-04-02_FMP_Technicals_GOLD_daily,,,,,,,entity,Entities,,,,,,,,,,,,,,,,2026-06-01,,,,,,,,,,,,,,
world:entity:2026-04-02-fmp-technicals-googl-daily,Entity,2026-04-02_FMP_Technicals_GOOGL_daily,2026-04-02_FMP_Technicals_GOOGL_daily,2026-04-02_FMP_Technicals_GOOGL_daily,,,,,,,entity,Entities,,,,,,,,,,,,,,,,2026-06-01,,,,,,,,,,,,,,
world:entity:2026-04-02-fmp-technicals-help-daily,Entity,2026-04-02_FMP_Technicals_HELP_daily,2026-04-02_FMP_Technicals_HELP_daily,2026-04-02_FMP_Technicals_HELP_daily,,,,,,,entity,Entities,,,,,,,,,,,,,,,,2026-06-01,,,,,,,,,,,,,,
world:entity:2026-04-02-fmp-technicals-hims-daily,Entity,2026-04-02_FMP_Technicals_HIMS_daily,2026-04-02_FMP_Technicals_HIMS_daily,2026-04-02_FMP_Technicals_HIMS_daily,,,,,,,entity,Entities,,,,,,,,,,,,,,,,2026-06-01,,,,,,,,,,,,,,
world:entity:2026-04-02-fmp-technicals-hovr-daily,Entity,2026-04-02_FMP_Technicals_HOVR_daily,2026-04-02_FMP_Technicals_HOVR_daily,2026-04-02_FMP_Technicals_HOVR_daily,,,,,,,entity,Entities,,,,,,,,,,,,,,,,2026-06-01,,,,,,,,,,,,,,
world:entity:2026-04-02-fmp-technicals-inva-daily,Entity,2026-04-02_FMP_Technicals_INVA_daily,2026-04-02_FMP_Technicals_INVA_daily,2026-04-02_FMP_Technicals_INVA_daily,,,,,,,entity,Entities,,,,,,,,,,,,,,,,2026-06-01,,,,,,,,,,,,,,
world:entity:2026-04-02-fmp-technicals-ionq-daily,Entity,2026-04-02_FMP_Technicals_IONQ_daily,2026-04-02_FMP_Technicals_IONQ_daily,2026-04-02_FMP_Technicals_IONQ_daily,,,,,,,entity,Entities,,,,,,,,,,,,,,,,2026-06-01,,,,,,,,,,,,,,
world:entity:2026-04-02-fmp-technicals-jnj-daily,Entity,2026-04-02_FMP_Technicals_JNJ_daily,2026-04-02_FMP_Technicals_JNJ_daily,2026-04-02_FMP_Technicals_JNJ_daily,,,,,,,entity,Entities,,,,,,,,,,,,,,,,2026-06-01,,,,,,,,,,,,,,
world:entity:2026-04-02-fmp-technicals-joby-daily,Entity,2026-04-02_FMP_Technicals_JOBY_daily,2026-04-02_FMP_Technicals_JOBY_daily,2026-04-02_FMP_Technicals_JOBY_daily,,,,,,,entity,Entities,,,,,,,,,,,,,,,,2026-06-01,,,,,,,,,,,,,,
world:entity:2026-04-02-fmp-technicals-klac-daily,Entity,2026-04-02_FMP_Technicals_KLAC_daily,2026-04-02_FMP_Technicals_KLAC_daily,2026-04-02_FMP_Technicals_KLAC_daily,,,,,,,entity,Entities,,,,,,,,,,,,,,,,2026-06-01,,,,,,,,,,,,,,
world:entity:2026-04-02-fmp-technicals-ktos-daily,Entity,2026-04-02_FMP_Technicals_KTOS_daily,2026-04-02_FMP_Technicals_KTOS_daily,2026-04-02_FMP_Technicals_KTOS_daily,,,,,,,entity,Entities,,,,,,,,,,,,,,,,2026-06-01,,,,,,,,,,,,,,
world:entity:2026-04-02-fmp-technicals-ldos-daily,Entity,2026-04-02_FMP_Technicals_LDOS_daily,2026-04-02_FMP_Technicals_LDOS_daily,2026-04-02_FMP_Technicals_LDOS_daily,,,,,,,entity,Entities,,,,,,,,,,,,,,,,2026-06-01,,,,,,,,,,,,,,
world:entity:2026-04-02-fmp-technicals-len-daily,Entity,2026-04-02_FMP_Technicals_LEN_daily,2026-04-02_FMP_Technicals_LEN_daily,2026-04-02_FMP_Technicals_LEN_daily,,,,,,,entity,Entities,,,,,,,,,,,,,,,,2026-06-01,,,,,,,,,,,,,,
world:entity:2026-04-02-fmp-technicals-lhx-daily,Entity,2026-04-02_FMP_Technicals_LHX_daily,2026-04-02_FMP_Technicals_LHX_daily,2026-04-02_FMP_Technicals_LHX_daily,,,,,,,entity,Entities,,,,,,,,,,,,,,,,2026-06-01,,,,,,,,,,,,,,
world:entity:2026-04-02-fmp-technicals-lly-daily,Entity,2026-04-02_FMP_Technicals_LLY_daily,2026-04-02_FMP_Technicals_LLY_daily,2026-04-02_FMP_Technicals_LLY_daily,,,,,,,entity,Entities,,,,,,,,,,,,,,,,2026-06-01,,,,,,,,,,,,,,
world:entity:2026-04-02-fmp-technicals-lmt-daily,Entity,2026-04-02_FMP_Technicals_LMT_daily,2026-04-02_FMP_Technicals_LMT_daily,2026-04-02_FMP_Technicals_LMT_daily,,,,,,,entity,Entities,,,,,,,,,,,,,,,,2026-06-01,,,,,,,,,,,,,,
world:entity:2026-04-02-fmp-technicals-lrcx-daily,Entity,2026-04-02_FMP_Technicals_LRCX_daily,2026-04-02_FMP_Technicals_LRCX_daily,2026-04-02_FMP_Technicals_LRCX_daily,,,,,,,entity,Entities,,,,,,,,,,,,,,,,2026-06-01,,,,,,,,,,,,,,
world:entity:2026-04-02-fmp-technicals-mnts-daily,Entity,2026-04-02_FMP_Technicals_MNTS_daily,2026-04-02_FMP_Technicals_MNTS_daily,2026-04-02_FMP_Technicals_MNTS_daily,,,,,,,entity,Entities,,,,,,,,,,,,,,,,2026-06-01,,,,,,,,,,,,,,
world:entity:2026-04-02-fmp-technicals-mrk-daily,Entity,2026-04-02_FMP_Technicals_MRK_daily,2026-04-02_FMP_Technicals_MRK_daily,2026-04-02_FMP_Technicals_MRK_daily,,,,,,,entity,Entities,,,,,,,,,,,,,,,,2026-06-01,,,,,,,,,,,,,,
world:entity:2026-04-02-fmp-technicals-msft-daily,Entity,2026-04-02_FMP_Technicals_MSFT_daily,2026-04-02_FMP_Technicals_MSFT_daily,2026-04-02_FMP_Technicals_MSFT_daily,,,,,,,entity,Entities,,,,,,,,,,,,,,,,2026-06-01,,,,,,,,,,,,,,
world:entity:2026-04-02-fmp-technicals-mstr-daily,Entity,2026-04-02_FMP_Technicals_MSTR_daily,2026-04-02_FMP_Technicals_MSTR_daily,2026-04-02_FMP_Technicals_MSTR_daily,,,,,,,entity,Entities,,,,,,,,,,,,,,,,2026-06-01,,,,,,,,,,,,,,
world:entity:2026-04-02-fmp-technicals-nbix-daily,Entity,2026-04-02_FMP_Technicals_NBIX_daily,2026-04-02_FMP_Technicals_NBIX_daily,2026-04-02_FMP_Technicals_NBIX_daily,,,,,,,entity,Entities,,,,,,,,,,,,,,,,2026-06-01,,,,,,,,,,,,,,
world:entity:2026-04-02-fmp-technicals-nem-daily,Entity,2026-04-02_FMP_Technicals_NEM_daily,2026-04-02_FMP_Technicals_NEM_daily,2026-04-02_FMP_Technicals_NEM_daily,,,,,,,entity,Entities,,,,,,,,,,,,,,,,2026-06-01,,,,,,,,,,,,,,
world:entity:2026-04-02-fmp-technicals-nne-daily,Entity,2026-04-02_FMP_Technicals_NNE_daily,2026-04-02_FMP_Technicals_NNE_daily,2026-04-02_FMP_Technicals_NNE_daily,,,,,,,entity,Entities,,,,,,,,,,,,,,,,2026-06-01,,,,,,,,,,,,,,
world:entity:2026-04-02-fmp-technicals-noc-daily,Entity,2026-04-02_FMP_Technicals_NOC_daily,2026-04-02_FMP_Technicals_NOC_daily,2026-04-02_FMP_Technicals_NOC_daily,,,,,,,entity,Entities,,,,,,,,,,,,,,,,2026-06-01,,,,,,,,,,,,,,
world:entity:2026-04-02-fmp-technicals-nrg-daily,Entity,2026-04-02_FMP_Technicals_NRG_daily,2026-04-02_FMP_Technicals_NRG_daily,2026-04-02_FMP_Technicals_NRG_daily,,,,,,,entity,Entities,,,,,,,,,,,,,,,,2026-06-01,,,,,,,,,,,,,,
world:entity:2026-04-02-fmp-technicals-ntla-daily,Entity,2026-04-02_FMP_Technicals_NTLA_daily,2026-04-02_FMP_Technicals_NTLA_daily,2026-04-02_FMP_Technicals_NTLA_daily,,,,,,,entity,Entities,,,,,,,,,,,,,,,,2026-06-01,,,,,,,,,,,,,,
world:entity:2026-04-02-fmp-technicals-nvda-daily,Entity,2026-04-02_FMP_Technicals_NVDA_daily,2026-04-02_FMP_Technicals_NVDA_daily,2026-04-02_FMP_Technicals_NVDA_daily,,,,,,,entity,Entities,,,,,,,,,,,,,,,,2026-06-01,,,,,,,,,,,,,,
world:entity:2026-04-02-fmp-technicals-nvr-daily,Entity,2026-04-02_FMP_Technicals_NVR_daily,2026-04-02_FMP_Technicals_NVR_daily,2026-04-02_FMP_Technicals_NVR_daily,,,,,,,entity,Entities,,,,,,,,,,,,,,,,2026-06-01,,,,,,,,,,,,,,
world:entity:2026-04-02-fmp-technicals-oklo-daily,Entity,2026-04-02_FMP_Technicals_OKLO_daily,2026-04-02_FMP_Technicals_OKLO_daily,2026-04-02_FMP_Technicals_OKLO_daily,,,,,,,entity,Entities,,,,,,,,,,,,,,,,2026-06-01,,,,,,,,,,,,,,
world:entity:2026-04-02-fmp-technicals-on-daily,Entity,2026-04-02_FMP_Technicals_ON_daily,2026-04-02_FMP_Technicals_ON_daily,2026-04-02_FMP_Technicals_ON_daily,,,,,,,entity,Entities,,,,,,,,,,,,,,,,2026-06-01,,,,,,,,,,,,,,
world:entity:2026-04-02-fmp-technicals-onds-daily,Entity,2026-04-02_FMP_Technicals_ONDS_daily,2026-04-02_FMP_Technicals_ONDS_daily,2026-04-02_FMP_Technicals_ONDS_daily,,,,,,,entity,Entities,,,,,,,,,,,,,,,,2026-06-01,,,,,,,,,,,,,,
world:entity:2026-04-02-fmp-technicals-onto-daily,Entity,2026-04-02_FMP_Technicals_ONTO_daily,2026-04-02_FMP_Technicals_ONTO_daily,2026-04-02_FMP_Technicals_ONTO_daily,,,,,,,entity,Entities,,,,,,,,,,,,,,,,2026-06-01,,,,,,,,,,,,,,
world:entity:2026-04-02-fmp-technicals-pfe-daily,Entity,2026-04-02_FMP_Technicals_PFE_daily,2026-04-02_FMP_Technicals_PFE_daily,2026-04-02_FMP_Technicals_PFE_daily,,,,,,,entity,Entities,,,,,,,,,,,,,,,,2026-06-01,,,,,,,,,,,,,,
world:entity:2026-04-02-fmp-technicals-pl-daily,Entity,2026-04-02_FMP_Technicals_PL_daily,2026-04-02_FMP_Technicals_PL_daily,2026-04-02_FMP_Technicals_PL_daily,,,,,,,entity,Entities,,,,,,,,,,,,,,,,2026-06-01,,,,,,,,,,,,,,
world:entity:2026-04-02-fmp-technicals-pltr-daily,Entity,2026-04-02_FMP_Technicals_PLTR_daily,2026-04-02_FMP_Technicals_PLTR_daily,2026-04-02_FMP_Technicals_PLTR_daily,,,,,,,entity,Entities,,,,,,,,,,,,,,,,2026-06-01,,,,,,,,,,,,,,
world:entity:2026-04-02-fmp-technicals-prta-daily,Entity,2026-04-02_FMP_Technicals_PRTA_daily,2026-04-02_FMP_Technicals_PRTA_daily,2026-04-02_FMP_Technicals_PRTA_daily,,,,,,,entity,Entities,,,,,,,,,,,,,,,,2026-06-01,,,,,,,,,,,,,,
world:entity:2026-04-02-fmp-technicals-psil-daily,Entity,2026-04-02_FMP_Technicals_PSIL_daily,2026-04-02_FMP_Technicals_PSIL_daily,2026-04-02_FMP_Technicals_PSIL_daily,,,,,,,entity,Entities,,,,,,,,,,,,,,,,2026-06-01,,,,,,,,,,,,,,
world:entity:2026-04-02-fmp-technicals-qubt-daily,Entity,2026-04-02_FMP_Technicals_QUBT_daily,2026-04-02_FMP_Technicals_QUBT_daily,2026-04-02_FMP_Technicals_QUBT_daily,,,,,,,entity,Entities,,,,,,,,,,,,,,,,2026-06-01,,,,,,,,,,,,,,
world:entity:2026-04-02-fmp-technicals-rcat-daily,Entity,2026-04-02_FMP_Technicals_RCAT_daily,2026-04-02_FMP_Technicals_RCAT_daily,2026-04-02_FMP_Technicals_RCAT_daily,,,,,,,entity,Entities,,,,,,,,,,,,,,,,2026-06-01,,,,,,,,,,,,,,
world:entity:2026-04-02-fmp-technicals-rgti-daily,Entity,2026-04-02_FMP_Technicals_RGTI_daily,2026-04-02_FMP_Technicals_RGTI_daily,2026-04-02_FMP_Technicals_RGTI_daily,,,,,,,entity,Entities,,,,,,,,,,,,,,,,2026-06-01,,,,,,,,,,,,,,
world:entity:2026-04-02-fmp-technicals-rklb-daily,Entity,2026-04-02_FMP_Technicals_RKLB_daily,2026-04-02_FMP_Technicals_RKLB_daily,2026-04-02_FMP_Technicals_RKLB_daily,,,,,,,entity,Entities,,,,,,,,,,,,,,,,2026-06-01,,,,,,,,,,,,,,
world:entity:2026-04-02-fmp-technicals-rprx-daily,Entity,2026-04-02_FMP_Technicals_RPRX_daily,2026-04-02_FMP_Technicals_RPRX_daily,2026-04-02_FMP_Technicals_RPRX_daily,,,,,,,entity,Entities,,,,,,,,,,,,,,,,2026-06-01,,,,,,,,,,,,,,
world:entity:2026-04-02-fmp-technicals-rtx-daily,Entity,2026-04-02_FMP_Technicals_RTX_daily,2026-04-02_FMP_Technicals_RTX_daily,2026-04-02_FMP_Technicals_RTX_daily,,,,,,,entity,Entities,,,,,,,,,,,,,,,,2026-06-01,,,,,,,,,,,,,,
world:entity:2026-04-02-fmp-technicals-saic-daily,Entity,2026-04-02_FMP_Technicals_SAIC_daily,2026-04-02_FMP_Technicals_SAIC_daily,2026-04-02_FMP_Technicals_SAIC_daily,,,,,,,entity,Entities,,,,,,,,,,,,,,,,2026-06-01,,,,,,,,,,,,,,
world:entity:2026-04-02-fmp-technicals-sky-daily,Entity,2026-04-02_FMP_Technicals_SKY_daily,2026-04-02_FMP_Technicals_SKY_daily,2026-04-02_FMP_Technicals_SKY_daily,,,,,,,entity,Entities,,,,,,,,,,,,,,,,2026-06-01,,,,,,,,,,,,,,
world:entity:2026-04-02-fmp-technicals-smr-daily,Entity,2026-04-02_FMP_Technicals_SMR_daily,2026-04-02_FMP_Technicals_SMR_daily,2026-04-02_FMP_Technicals_SMR_daily,,,,,,,entity,Entities,,,,,,,,,,,,,,,,2026-06-01,,,,,,,,,,,,,,
world:entity:2026-04-02-fmp-technicals-spir-daily,Entity,2026-04-02_FMP_Technicals_SPIR_daily,2026-04-02_FMP_Technicals_SPIR_daily,2026-04-02_FMP_Technicals_SPIR_daily,,,,,,,entity,Entities,,,,,,,,,,,,,,,,2026-06-01,,,,,,,,,,,,,,
world:entity:2026-04-02-fmp-technicals-spro-daily,Entity,2026-04-02_FMP_Technicals_SPRO_daily,2026-04-02_FMP_Technicals_SPRO_daily,2026-04-02_FMP_Technicals_SPRO_daily,,,,,,,entity,Entities,,,,,,,,,,,,,,,,2026-06-01,,,,,,,,,,,,,,
world:entity:2026-04-02-fmp-technicals-stem-daily,Entity,2026-04-02_FMP_Technicals_STEM_daily,2026-04-02_FMP_Technicals_STEM_daily,2026-04-02_FMP_Technicals_STEM_daily,,,,,,,entity,Entities,,,,,,,,,,,,,,,,2026-06-01,,,,,,,,,,,,,,
world:entity:2026-04-02-fmp-technicals-strl-daily,Entity,2026-04-02_FMP_Technicals_STRL_daily,2026-04-02_FMP_Technicals_STRL_daily,2026-04-02_FMP_Technicals_STRL_daily,,,,,,,entity,Entities,,,,,,,,,,,,,,,,2026-06-01,,,,,,,,,,,,,,
world:entity:2026-04-02-fmp-technicals-tdy-daily,Entity,2026-04-02_FMP_Technicals_TDY_daily,2026-04-02_FMP_Technicals_TDY_daily,2026-04-02_FMP_Technicals_TDY_daily,,,,,,,entity,Entities,,,,,,,,,,,,,,,,2026-06-01,,,,,,,,,,,,,,
world:entity:2026-04-02-fmp-technicals-tmhc-daily,Entity,2026-04-02_FMP_Technicals_TMHC_daily,2026-04-02_FMP_Technicals_TMHC_daily,2026-04-02_FMP_Technicals_TMHC_daily,,,,,,,entity,Entities,,,,,,,,,,,,,,,,2026-06-01,,,,,,,,,,,,,,
world:entity:2026-04-02-fmp-technicals-tol-daily,Entity,2026-04-02_FMP_Technicals_TOL_daily,2026-04-02_FMP_Technicals_TOL_daily,2026-04-02_FMP_Technicals_TOL_daily,,,,,,,entity,Entities,,,,,,,,,,,,,,,,2026-06-01,,,,,,,,,,,,,,
world:entity:2026-04-02-fmp-technicals-tsla-daily,Entity,2026-04-02_FMP_Technicals_TSLA_daily,2026-04-02_FMP_Technicals_TSLA_daily,2026-04-02_FMP_Technicals_TSLA_daily,,,,,,,entity,Entities,,,,,,,,,,,,,,,,2026-06-01,,,,,,,,,,,,,,
world:entity:2026-04-02-fmp-technicals-txt-daily,Entity,2026-04-02_FMP_Technicals_TXT_daily,2026-04-02_FMP_Technicals_TXT_daily,2026-04-02_FMP_Technicals_TXT_daily,,,,,,,entity,Entities,,,,,,,,,,,,,,,,2026-06-01,,,,,,,,,,,,,,
world:entity:2026-04-02-fmp-technicals-umac-daily,Entity,2026-04-02_FMP_Technicals_UMAC_daily,2026-04-02_FMP_Technicals_UMAC_daily,2026-04-02_FMP_Technicals_UMAC_daily,,,,,,,entity,Entities,,,,,,,,,,,,,,,,2026-06-01,,,,,,,,,,,,,,
world:entity:2026-04-02-fmp-technicals-unty-daily,Entity,2026-04-02_FMP_Technicals_UNTY_daily,2026-04-02_FMP_Technicals_UNTY_daily,2026-04-02_FMP_Technicals_UNTY_daily,,,,,,,entity,Entities,,,,,,,,,,,,,,,,2026-06-01,,,,,,,,,,,,,,
world:entity:2026-04-02-fmp-technicals-vktx-daily,Entity,2026-04-02_FMP_Technicals_VKTX_daily,2026-04-02_FMP_Technicals_VKTX_daily,2026-04-02_FMP_Technicals_VKTX_daily,,,,,,,entity,Entities,,,,,,,,,,,,,,,,2026-06-01,,,,,,,,,,,,,,
world:entity:2026-04-02-fmp-technicals-vst-daily,Entity,2026-04-02_FMP_Technicals_VST_daily,2026-04-02_FMP_Technicals_VST_daily,2026-04-02_FMP_Technicals_VST_daily,,,,,,,entity,Entities,,,,,,,,,,,,,,,,2026-06-01,,,,,,,,,,,,,,
world:entity:2026-04-02-fmp-technicals-wolf-daily,Entity,2026-04-02_FMP_Technicals_WOLF_daily,2026-04-02_FMP_Technicals_WOLF_daily,2026-04-02_FMP_Technicals_WOLF_daily,,,,,,,entity,Entities,,,,,,,,,,,,,,,,2026-06-01,,,,,,,,,,,,,,
world:entity:2026-04-02-fmp-technicals-wpm-daily,Entity,2026-04-02_FMP_Technicals_WPM_daily,2026-04-02_FMP_Technicals_WPM_daily,2026-04-02_FMP_Technicals_WPM_daily,,,,,,,entity,Entities,,,,,,,,,,,,,,,,2026-06-01,,,,,,,,,,,,,,
world:entity:2026-04-02-fmp-technicals-xoma-daily,Entity,2026-04-02_FMP_Technicals_XOMA_daily,2026-04-02_FMP_Technicals_XOMA_daily,2026-04-02_FMP_Technicals_XOMA_daily,,,,,,,entity,Entities,,,,,,,,,,,,,,,,2026-06-01,,,,,,,,,,,,,,
world:entity:2026-04-02-fmp-thesis-watchlist-ai-power-defense-stack,Entity,2026-04-02_FMP_Thesis_Watchlist_AI_Power_Defense_Stack,2026-04-02_FMP_Thesis_Watchlist_AI_Power_Defense_Stack,2026-04-02_FMP_Thesis_Watchlist_AI_Power_Defense_Stack,,,,,,,entity,Entities,,,,,,,,,,,,,,,,2026-06-01,,,,,,,,,,,,,,
world:entity:2026-04-02-fmp-thesis-watchlist-ai-power-infrastructure,Entity,2026-04-02_FMP_Thesis_Watchlist_AI_Power_Infrastructure,2026-04-02_FMP_Thesis_Watchlist_AI_Power_Infrastructure,2026-04-02_FMP_Thesis_Watchlist_AI_Power_Infrastructure,,,,,,,entity,Entities,,,,,,,,,,,,,,,,2026-06-01,,,,,,,,,,,,,,
world:entity:2026-04-02-fmp-thesis-watchlist-alzheimer-s-disease-modification,Entity,2026-04-02_FMP_Thesis_Watchlist_Alzheimer's_Disease_Modification,2026-04-02_FMP_Thesis_Watchlist_Alzheimer's_Disease_Modification,2026-04-02_FMP_Thesis_Watchlist_Alzheimer's_Disease_Modification,,,,,,,entity,Entities,,,,,,,,,,,,,,,,2026-06-01,,,,,,,,,,,,,,
world:entity:2026-04-02-fmp-thesis-watchlist-antimicrobial-resistance-pipeline,Entity,2026-04-02_FMP_Thesis_Watchlist_Antimicrobial_Resistance_Pipeline,2026-04-02_FMP_Thesis_Watchlist_Antimicrobial_Resistance_Pipeline,2026-04-02_FMP_Thesis_Watchlist_Antimicrobial_Resistance_Pipeline,,,,,,,entity,Entities,,,,,,,,,,,,,,,,2026-06-01,,,,,,,,,,,,,,
world:entity:2026-04-02-fmp-thesis-watchlist-biosecurity-compute-convergence,Entity,2026-04-02_FMP_Thesis_Watchlist_Biosecurity_Compute_Convergence,2026-04-02_FMP_Thesis_Watchlist_Biosecurity_Compute_Convergence,2026-04-02_FMP_Thesis_Watchlist_Biosecurity_Compute_Convergence,,,,,,,entity,Entities,,,,,,,,,,,,,,,,2026-06-01,,,,,,,,,,,,,,
world:entity:2026-04-02-fmp-thesis-watchlist-defense-ai-autonomous-warfare,Entity,2026-04-02_FMP_Thesis_Watchlist_Defense_AI_&_Autonomous_Warfare,2026-04-02_FMP_Thesis_Watchlist_Defense_AI_&_Autonomous_Warfare,2026-04-02_FMP_Thesis_Watchlist_Defense_AI_&_Autonomous_Warfare,,,,,,,entity,Entities,,,,,,,,,,,,,,,,2026-06-01,,,,,,,,,,,,,,
world:entity:2026-04-02-fmp-thesis-watchlist-dollar-debasement-hard-money,Entity,2026-04-02_FMP_Thesis_Watchlist_Dollar_Debasement_&_Hard_Money,2026-04-02_FMP_Thesis_Watchlist_Dollar_Debasement_&_Hard_Money,2026-04-02_FMP_Thesis_Watchlist_Dollar_Debasement_&_Hard_Money,,,,,,,entity,Entities,,,,,,,,,,,,,,,,2026-06-01,,,,,,,,,,,,,,
world:entity:2026-04-02-fmp-thesis-watchlist-drone-autonomous-systems-revolution,Entity,2026-04-02_FMP_Thesis_Watchlist_Drone_&_Autonomous_Systems_Revolution,2026-04-02_FMP_Thesis_Watchlist_Drone_&_Autonomous_Systems_Revolution,2026-04-02_FMP_Thesis_Watchlist_Drone_&_Autonomous_Systems_Revolution,,,,,,,entity,Entities,,,,,,,,,,,,,,,,2026-06-01,,,,,,,,,,,,,,
world:entity:2026-04-02-fmp-thesis-watchlist-fiscal-scarcity-rearmament,Entity,2026-04-02_FMP_Thesis_Watchlist_Fiscal_Scarcity_Rearmament,2026-04-02_FMP_Thesis_Watchlist_Fiscal_Scarcity_Rearmament,2026-04-02_FMP_Thesis_Watchlist_Fiscal_Scarcity_Rearmament,,,,,,,entity,Entities,,,,,,,,,,,,,,,,2026-06-01,,,,,,,,,,,,,,
world:entity:2026-04-02-fmp-thesis-watchlist-gene-editing-crispr-therapeutics,Entity,2026-04-02_FMP_Thesis_Watchlist_Gene_Editing_&_CRISPR_Therapeutics,2026-04-02_FMP_Thesis_Watchlist_Gene_Editing_&_CRISPR_Therapeutics,2026-04-02_FMP_Thesis_Watchlist_Gene_Editing_&_CRISPR_Therapeutics,,,,,,,entity,Entities,,,,,,,,,,,,,,,,2026-06-01,,,,,,,,,,,,,,
world:entity:2026-04-02-fmp-thesis-watchlist-glp-1-metabolic-disease-revolution,Entity,2026-04-02_FMP_Thesis_Watchlist_GLP-1_Metabolic_Disease_Revolution,2026-04-02_FMP_Thesis_Watchlist_GLP-1_Metabolic_Disease_Revolution,2026-04-02_FMP_Thesis_Watchlist_GLP-1_Metabolic_Disease_Revolution,,,,,,,entity,Entities,,,,,,,,,,,,,,,,2026-06-01,,,,,,,,,,,,,,
world:entity:2026-04-02-fmp-thesis-watchlist-grid-scale-battery-storage,Entity,2026-04-02_FMP_Thesis_Watchlist_Grid-Scale_Battery_Storage,2026-04-02_FMP_Thesis_Watchlist_Grid-Scale_Battery_Storage,2026-04-02_FMP_Thesis_Watchlist_Grid-Scale_Battery_Storage,,,,,,,entity,Entities,,,,,,,,,,,,,,,,2026-06-01,,,,,,,,,,,,,,
world:entity:2026-04-02-fmp-thesis-watchlist-housing-supply-correction,Entity,2026-04-02_FMP_Thesis_Watchlist_Housing_Supply_Correction,2026-04-02_FMP_Thesis_Watchlist_Housing_Supply_Correction,2026-04-02_FMP_Thesis_Watchlist_Housing_Supply_Correction,,,,,,,entity,Entities,,,,,,,,,,,,,,,,2026-06-01,,,,,,,,,,,,,,
world:entity:2026-04-02-fmp-thesis-watchlist-humanoid-robotics,Entity,2026-04-02_FMP_Thesis_Watchlist_Humanoid_Robotics,2026-04-02_FMP_Thesis_Watchlist_Humanoid_Robotics,2026-04-02_FMP_Thesis_Watchlist_Humanoid_Robotics,,,,,,,entity,Entities,,,,,,,,,,,,,,,,2026-06-01,,,,,,,,,,,,,,
world:entity:2026-04-02-fmp-thesis-watchlist-hypersonic-weapons-advanced-defense-systems,Entity,2026-04-02_FMP_Thesis_Watchlist_Hypersonic_Weapons_&_Advanced_Defense_Systems,2026-04-02_FMP_Thesis_Watchlist_Hypersonic_Weapons_&_Advanced_Defense_Systems,2026-04-02_FMP_Thesis_Watchlist_Hypersonic_Weapons_&_Advanced_Defense_Systems,,,,,,,entity,Entities,,,,,,,,,,,,,,,,2026-06-01,,,,,,,,,,,,,,
world:entity:2026-04-02-fmp-thesis-watchlist-longevity-aging-biology,Entity,2026-04-02_FMP_Thesis_Watchlist_Longevity_&_Aging_Biology,2026-04-02_FMP_Thesis_Watchlist_Longevity_&_Aging_Biology,2026-04-02_FMP_Thesis_Watchlist_Longevity_&_Aging_Biology,,,,,,,entity,Entities,,,,,,,,,,,,,,,,2026-06-01,,,,,,,,,,,,,,
world:entity:2026-04-02-fmp-thesis-watchlist-nuclear-renaissance-small-modular-reactors,Entity,2026-04-02_FMP_Thesis_Watchlist_Nuclear_Renaissance_&_Small_Modular_Reactors,2026-04-02_FMP_Thesis_Watchlist_Nuclear_Renaissance_&_Small_Modular_Reactors,2026-04-02_FMP_Thesis_Watchlist_Nuclear_Renaissance_&_Small_Modular_Reactors,,,,,,,entity,Entities,,,,,,,,,,,,,,,,2026-06-01,,,,,,,,,,,,,,
world:entity:2026-04-02-fmp-thesis-watchlist-psychedelic-mental-health-revolution,Entity,2026-04-02_FMP_Thesis_Watchlist_Psychedelic_Mental_Health_Revolution,2026-04-02_FMP_Thesis_Watchlist_Psychedelic_Mental_Health_Revolution,2026-04-02_FMP_Thesis_Watchlist_Psychedelic_Mental_Health_Revolution,,,,,,,entity,Entities,,,,,,,,,,,,,,,,2026-06-01,,,,,,,,,,,,,,
world:entity:2026-04-02-fmp-thesis-watchlist-quantum-computing,Entity,2026-04-02_FMP_Thesis_Watchlist_Quantum_Computing,2026-04-02_FMP_Thesis_Watchlist_Quantum_Computing,2026-04-02_FMP_Thesis_Watchlist_Quantum_Computing,,,,,,,entity,Entities,,,,,,,,,,,,,,,,2026-06-01,,,,,,,,,,,,,,
world:entity:2026-04-02-fmp-thesis-watchlist-semiconductor-sovereignty-chips-act,Entity,2026-04-02_FMP_Thesis_Watchlist_Semiconductor_Sovereignty_&_CHIPS_Act,2026-04-02_FMP_Thesis_Watchlist_Semiconductor_Sovereignty_&_CHIPS_Act,2026-04-02_FMP_Thesis_Watchlist_Semiconductor_Sovereignty_&_CHIPS_Act,,,,,,,entity,Entities,,,,,,,,,,,,,,,,2026-06-01,,,,,,,,,,,,,,
world:entity:2026-04-02-fmp-thesis-watchlist-space-domain-awareness-commercial-space,Entity,2026-04-02_FMP_Thesis_Watchlist_Space_Domain_Awareness_&_Commercial_Space,2026-04-02_FMP_Thesis_Watchlist_Space_Domain_Awareness_&_Commercial_Space,2026-04-02_FMP_Thesis_Watchlist_Space_Domain_Awareness_&_Commercial_Space,,,,,,,entity,Entities,,,,,,,,,,,,,,,,2026-06-01,,,,,,,,,,,,,,
world:entity:2026-04-02-fred-housing,Entity,2026-04-02_FRED_Housing,2026-04-02_FRED_Housing,2026-04-02_FRED_Housing,,,,,,,entity,Entities,,,,,,,,,,,,,,,,2026-06-01,,,,,,,,,,,,,,
world:entity:2026-04-02-fred-interest-rates,Entity,2026-04-02_FRED_Interest_Rates,2026-04-02_FRED_Interest_Rates,2026-04-02_FRED_Interest_Rates,,,,,,,entity,Entities,,,,,,,,,,,,,,,,2026-06-01,,,,,,,,,,,,,,
world:entity:2026-04-02-macro-bridge-indicators,Entity,2026-04-02_Macro_Bridge_Indicators,2026-04-02_Macro_Bridge_Indicators,2026-04-02_Macro_Bridge_Indicators,,,,,,,entity,Entities,,,,,,,,,,,,,,,,2026-06-01,,,,,,,,,,,,,,
world:entity:2026-04-02-nahb-builder-confidence,Entity,2026-04-02_NAHB_Builder_Confidence,2026-04-02_NAHB_Builder_Confidence,2026-04-02_NAHB_Builder_Confidence,,,,,,,entity,Entities,,,,,,,,,,,,,,,,2026-06-01,,,,,,,,,,,,,,
world:entity:2026-04-04-fmp-earnings-calendar-thesis-watchlists,Entity,2026-04-04_FMP_Earnings_Calendar_Thesis_Watchlists,2026-04-04_FMP_Earnings_Calendar_Thesis_Watchlists,2026-04-04_FMP_Earnings_Calendar_Thesis_Watchlists,,,,,,,entity,Entities,,,,,,,,,,,,,,,,2026-06-01,,,,,,,,,,,,,,
world:entity:2026-04-04-fmp-technicals-abbv-daily,Entity,2026-04-04_FMP_Technicals_ABBV_daily,2026-04-04_FMP_Technicals_ABBV_daily,2026-04-04_FMP_Technicals_ABBV_daily,,,,,,,entity,Entities,,,,,,,,,,,,,,,,2026-06-01,,,,,,,,,,,,,,
world:entity:2026-04-04-fmp-technicals-acad-daily,Entity,2026-04-04_FMP_Technicals_ACAD_daily,2026-04-04_FMP_Technicals_ACAD_daily,2026-04-04_FMP_Technicals_ACAD_daily,,,,,,,entity,Entities,,,,,,,,,,,,,,,,2026-06-01,,,,,,,,,,,,,,
world:entity:2026-04-04-fmp-technicals-achr-daily,Entity,2026-04-04_FMP_Technicals_ACHR_daily,2026-04-04_FMP_Technicals_ACHR_daily,2026-04-04_FMP_Technicals_ACHR_daily,,,,,,,entity,Entities,,,,,,,,,,,,,,,,2026-06-01,,,,,,,,,,,,,,
world:entity:2026-04-04-fmp-technicals-airo-daily,Entity,2026-04-04_FMP_Technicals_AIRO_daily,2026-04-04_FMP_Technicals_AIRO_daily,2026-04-04_FMP_Technicals_AIRO_daily,,,,,,,entity,Entities,,,,,,,,,,,,,,,,2026-06-01,,,,,,,,,,,,,,
world:entity:2026-04-04-fmp-technicals-alks-daily,Entity,2026-04-04_FMP_Technicals_ALKS_daily,2026-04-04_FMP_Technicals_ALKS_daily,2026-04-04_FMP_Technicals_ALKS_daily,,,,,,,entity,Entities,,,,,,,,,,,,,,,,2026-06-01,,,,,,,,,,,,,,
world:entity:2026-04-04-fmp-technicals-alvo-daily,Entity,2026-04-04_FMP_Technicals_ALVO_daily,2026-04-04_FMP_Technicals_ALVO_daily,2026-04-04_FMP_Technicals_ALVO_daily,,,,,,,entity,Entities,,,,,,,,,,,,,,,,2026-06-01,,,,,,,,,,,,,,
world:entity:2026-04-04-fmp-technicals-amat-daily,Entity,2026-04-04_FMP_Technicals_AMAT_daily,2026-04-04_FMP_Technicals_AMAT_daily,2026-04-04_FMP_Technicals_AMAT_daily,,,,,,,entity,Entities,,,,,,,,,,,,,,,,2026-06-01,,,,,,,,,,,,,,
world:entity:2026-04-04-fmp-technicals-amgn-daily,Entity,2026-04-04_FMP_Technicals_AMGN_daily,2026-04-04_FMP_Technicals_AMGN_daily,2026-04-04_FMP_Technicals_AMGN_daily,,,,,,,entity,Entities,,,,,,,,,,,,,,,,2026-06-01,,,,,,,,,,,,,,
world:entity:2026-04-04-fmp-technicals-amzn-daily,Entity,2026-04-04_FMP_Technicals_AMZN_daily,2026-04-04_FMP_Technicals_AMZN_daily,2026-04-04_FMP_Technicals_AMZN_daily,,,,,,,entity,Entities,,,,,,,,,,,,,,,,2026-06-01,,,,,,,,,,,,,,
world:entity:2026-04-04-fmp-technicals-asts-daily,Entity,2026-04-04_FMP_Technicals_ASTS_daily,2026-04-04_FMP_Technicals_ASTS_daily,2026-04-04_FMP_Technicals_ASTS_daily,,,,,,,entity,Entities,,,,,,,,,,,,,,,,2026-06-01,,,,,,,,,,,,,,
world:entity:2026-04-04-fmp-technicals-atai-daily,Entity,2026-04-04_FMP_Technicals_ATAI_daily,2026-04-04_FMP_Technicals_ATAI_daily,2026-04-04_FMP_Technicals_ATAI_daily,,,,,,,entity,Entities,,,,,,,,,,,,,,,,2026-06-01,,,,,,,,,,,,,,
world:entity:2026-04-04-fmp-technicals-avav-daily,Entity,2026-04-04_FMP_Technicals_AVAV_daily,2026-04-04_FMP_Technicals_AVAV_daily,2026-04-04_FMP_Technicals_AVAV_daily,,,,,,,entity,Entities,,,,,,,,,,,,,,,,2026-06-01,,,,,,,,,,,,,,
world:entity:2026-04-04-fmp-technicals-bah-daily,Entity,2026-04-04_FMP_Technicals_BAH_daily,2026-04-04_FMP_Technicals_BAH_daily,2026-04-04_FMP_Technicals_BAH_daily,,,,,,,entity,Entities,,,,,,,,,,,,,,,,2026-06-01,,,,,,,,,,,,,,
world:entity:2026-04-04-fmp-technicals-bbai-daily,Entity,2026-04-04_FMP_Technicals_BBAI_daily,2026-04-04_FMP_Technicals_BBAI_daily,2026-04-04_FMP_Technicals_BBAI_daily,,,,,,,entity,Entities,,,,,,,,,,,,,,,,2026-06-01,,,,,,,,,,,,,,
world:entity:2026-04-04-fmp-technicals-beam-daily,Entity,2026-04-04_FMP_Technicals_BEAM_daily,2026-04-04_FMP_Technicals_BEAM_daily,2026-04-04_FMP_Technicals_BEAM_daily,,,,,,,entity,Entities,,,,,,,,,,,,,,,,2026-06-01,,,,,,,,,,,,,,
world:entity:2026-04-04-fmp-technicals-biib-daily,Entity,2026-04-04_FMP_Technicals_BIIB_daily,2026-04-04_FMP_Technicals_BIIB_daily,2026-04-04_FMP_Technicals_BIIB_daily,,,,,,,entity,Entities,,,,,,,,,,,,,,,,2026-06-01,,,,,,,,,,,,,,
world:entity:2026-04-04-fmp-technicals-bksy-daily,Entity,2026-04-04_FMP_Technicals_BKSY_daily,2026-04-04_FMP_Technicals_BKSY_daily,2026-04-04_FMP_Technicals_BKSY_daily,,,,,,,entity,Entities,,,,,,,,,,,,,,,,2026-06-01,,,,,,,,,,,,,,
world:entity:2026-04-04-fmp-technicals-caci-daily,Entity,2026-04-04_FMP_Technicals_CACI_daily,2026-04-04_FMP_Technicals_CACI_daily,2026-04-04_FMP_Technicals_CACI_daily,,,,,,,entity,Entities,,,,,,,,,,,,,,,,2026-06-01,,,,,,,,,,,,,,
world:entity:2026-04-04-fmp-technicals-ccj-daily,Entity,2026-04-04_FMP_Technicals_CCJ_daily,2026-04-04_FMP_Technicals_CCJ_daily,2026-04-04_FMP_Technicals_CCJ_daily,,,,,,,entity,Entities,,,,,,,,,,,,,,,,2026-06-01,,,,,,,,,,,,,,
world:entity:2026-04-04-fmp-technicals-ceg-daily,Entity,2026-04-04_FMP_Technicals_CEG_daily,2026-04-04_FMP_Technicals_CEG_daily,2026-04-04_FMP_Technicals_CEG_daily,,,,,,,entity,Entities,,,,,,,,,,,,,,,,2026-06-01,,,,,,,,,,,,,,
world:entity:2026-04-04-fmp-technicals-cmps-daily,Entity,2026-04-04_FMP_Technicals_CMPS_daily,2026-04-04_FMP_Technicals_CMPS_daily,2026-04-04_FMP_Technicals_CMPS_daily,,,,,,,entity,Entities,,,,,,,,,,,,,,,,2026-06-01,,,,,,,,,,,,,,
world:entity:2026-04-04-fmp-technicals-coin-daily,Entity,2026-04-04_FMP_Technicals_COIN_daily,2026-04-04_FMP_Technicals_COIN_daily,2026-04-04_FMP_Technicals_COIN_daily,,,,,,,entity,Entities,,,,,,,,,,,,,,,,2026-06-01,,,,,,,,,,,,,,
world:entity:2026-04-04-fmp-technicals-crsp-daily,Entity,2026-04-04_FMP_Technicals_CRSP_daily,2026-04-04_FMP_Technicals_CRSP_daily,2026-04-04_FMP_Technicals_CRSP_daily,,,,,,,entity,Entities,,,,,,,,,,,,,,,,2026-06-01,,,,,,,,,,,,,,
world:entity:2026-04-04-fmp-technicals-dftx-daily,Entity,2026-04-04_FMP_Technicals_DFTX_daily,2026-04-04_FMP_Technicals_DFTX_daily,2026-04-04_FMP_Technicals_DFTX_daily,,,,,,,entity,Entities,,,,,,,,,,,,,,,,2026-06-01,,,,,,,,,,,,,,
world:entity:2026-04-04-fmp-technicals-dhi-daily,Entity,2026-04-04_FMP_Technicals_DHI_daily,2026-04-04_FMP_Technicals_DHI_daily,2026-04-04_FMP_Technicals_DHI_daily,,,,,,,entity,Entities,,,,,,,,,,,,,,,,2026-06-01,,,,,,,,,,,,,,
world:entity:2026-04-04-fmp-technicals-dpro-daily,Entity,2026-04-04_FMP_Technicals_DPRO_daily,2026-04-04_FMP_Technicals_DPRO_daily,2026-04-04_FMP_Technicals_DPRO_daily,,,,,,,entity,Entities,,,,,,,,,,,,,,,,2026-06-01,,,,,,,,,,,,,,
world:entity:2026-04-04-fmp-technicals-edit-daily,Entity,2026-04-04_FMP_Technicals_EDIT_daily,2026-04-04_FMP_Technicals_EDIT_daily,2026-04-04_FMP_Technicals_EDIT_daily,,,,,,,entity,Entities,,,,,,,,,,,,,,,,2026-06-01,,,,,,,,,,,,,,
world:entity:2026-04-04-fmp-technicals-eh-daily,Entity,2026-04-04_FMP_Technicals_EH_daily,2026-04-04_FMP_Technicals_EH_daily,2026-04-04_FMP_Technicals_EH_daily,,,,,,,entity,Entities,,,,,,,,,,,,,,,,2026-06-01,,,,,,,,,,,,,,
world:entity:2026-04-04-fmp-technicals-envx-daily,Entity,2026-04-04_FMP_Technicals_ENVX_daily,2026-04-04_FMP_Technicals_ENVX_daily,2026-04-04_FMP_Technicals_ENVX_daily,,,,,,,entity,Entities,,,,,,,,,,,,,,,,2026-06-01,,,,,,,,,,,,,,
world:entity:2026-04-04-fmp-technicals-eslt-daily,Entity,2026-04-04_FMP_Technicals_ESLT_daily,2026-04-04_FMP_Technicals_ESLT_daily,2026-04-04_FMP_Technicals_ESLT_daily,,,,,,,entity,Entities,,,,,,,,,,,,,,,,2026-06-01,,,,,,,,,,,,,,
world:entity:2026-04-04-fmp-technicals-etn-daily,Entity,2026-04-04_FMP_Technicals_ETN_daily,2026-04-04_FMP_Technicals_ETN_daily,2026-04-04_FMP_Technicals_ETN_daily,,,,,,,entity,Entities,,,,,,,,,,,,,,,,2026-06-01,,,,,,,,,,,,,,
world:entity:2026-04-04-fmp-technicals-evtl-daily,Entity,2026-04-04_FMP_Technicals_EVTL_daily,2026-04-04_FMP_Technicals_EVTL_daily,2026-04-04_FMP_Technicals_EVTL_daily,,,,,,,entity,Entities,,,,,,,,,,,,,,,,2026-06-01,,,,,,,,,,,,,,
world:entity:2026-04-04-fmp-technicals-flnc-daily,Entity,2026-04-04_FMP_Technicals_FLNC_daily,2026-04-04_FMP_Technicals_FLNC_daily,2026-04-04_FMP_Technicals_FLNC_daily,,,,,,,entity,Entities,,,,,,,,,,,,,,,,2026-06-01,,,,,,,,,,,,,,
world:entity:2026-04-04-fmp-technicals-gd-daily,Entity,2026-04-04_FMP_Technicals_GD_daily,2026-04-04_FMP_Technicals_GD_daily,2026-04-04_FMP_Technicals_GD_daily,,,,,,,entity,Entities,,,,,,,,,,,,,,,,2026-06-01,,,,,,,,,,,,,,
world:entity:2026-04-04-fmp-technicals-gev-daily,Entity,2026-04-04_FMP_Technicals_GEV_daily,2026-04-04_FMP_Technicals_GEV_daily,2026-04-04_FMP_Technicals_GEV_daily,,,,,,,entity,Entities,,,,,,,,,,,,,,,,2026-06-01,,,,,,,,,,,,,,
world:entity:2026-04-04-fmp-technicals-ghrs-daily,Entity,2026-04-04_FMP_Technicals_GHRS_daily,2026-04-04_FMP_Technicals_GHRS_daily,2026-04-04_FMP_Technicals_GHRS_daily,,,,,,,entity,Entities,,,,,,,,,,,,,,,,2026-06-01,,,,,,,,,,,,,,
world:entity:2026-04-04-fmp-technicals-gold-daily,Entity,2026-04-04_FMP_Technicals_GOLD_daily,2026-04-04_FMP_Technicals_GOLD_daily,2026-04-04_FMP_Technicals_GOLD_daily,,,,,,,entity,Entities,,,,,,,,,,,,,,,,2026-06-01,,,,,,,,,,,,,,
world:entity:2026-04-04-fmp-technicals-googl-daily,Entity,2026-04-04_FMP_Technicals_GOOGL_daily,2026-04-04_FMP_Technicals_GOOGL_daily,2026-04-04_FMP_Technicals_GOOGL_daily,,,,,,,entity,Entities,,,,,,,,,,,,,,,,2026-06-01,,,,,,,,,,,,,,
world:entity:2026-04-04-fmp-technicals-help-daily,Entity,2026-04-04_FMP_Technicals_HELP_daily,2026-04-04_FMP_Technicals_HELP_daily,2026-04-04_FMP_Technicals_HELP_daily,,,,,,,entity,Entities,,,,,,,,,,,,,,,,2026-06-01,,,,,,,,,,,,,,
world:entity:2026-04-04-fmp-technicals-hims-daily,Entity,2026-04-04_FMP_Technicals_HIMS_daily,2026-04-04_FMP_Technicals_HIMS_daily,2026-04-04_FMP_Technicals_HIMS_daily,,,,,,,entity,Entities,,,,,,,,,,,,,,,,2026-06-01,,,,,,,,,,,,,,
world:entity:2026-04-04-fmp-technicals-hovr-daily,Entity,2026-04-04_FMP_Technicals_HOVR_daily,2026-04-04_FMP_Technicals_HOVR_daily,2026-04-04_FMP_Technicals_HOVR_daily,,,,,,,entity,Entities,,,,,,,,,,,,,,,,2026-06-01,,,,,,,,,,,,,,
world:entity:2026-04-04-fmp-technicals-inva-daily,Entity,2026-04-04_FMP_Technicals_INVA_daily,2026-04-04_FMP_Technicals_INVA_daily,2026-04-04_FMP_Technicals_INVA_daily,,,,,,,entity,Entities,,,,,,,,,,,,,,,,2026-06-01,,,,,,,,,,,,,,
world:entity:2026-04-04-fmp-technicals-ionq-daily,Entity,2026-04-04_FMP_Technicals_IONQ_daily,2026-04-04_FMP_Technicals_IONQ_daily,2026-04-04_FMP_Technicals_IONQ_daily,,,,,,,entity,Entities,,,,,,,,,,,,,,,,2026-06-01,,,,,,,,,,,,,,
world:entity:2026-04-04-fmp-technicals-jnj-daily,Entity,2026-04-04_FMP_Technicals_JNJ_daily,2026-04-04_FMP_Technicals_JNJ_daily,2026-04-04_FMP_Technicals_JNJ_daily,,,,,,,entity,Entities,,,,,,,,,,,,,,,,2026-06-01,,,,,,,,,,,,,,
world:entity:2026-04-04-fmp-technicals-joby-daily,Entity,2026-04-04_FMP_Technicals_JOBY_daily,2026-04-04_FMP_Technicals_JOBY_daily,2026-04-04_FMP_Technicals_JOBY_daily,,,,,,,entity,Entities,,,,,,,,,,,,,,,,2026-06-01,,,,,,,,,,,,,,
world:entity:2026-04-04-fmp-technicals-klac-daily,Entity,2026-04-04_FMP_Technicals_KLAC_daily,2026-04-04_FMP_Technicals_KLAC_daily,2026-04-04_FMP_Technicals_KLAC_daily,,,,,,,entity,Entities,,,,,,,,,,,,,,,,2026-06-01,,,,,,,,,,,,,,
world:entity:2026-04-04-fmp-technicals-ktos-daily,Entity,2026-04-04_FMP_Technicals_KTOS_daily,2026-04-04_FMP_Technicals_KTOS_daily,2026-04-04_FMP_Technicals_KTOS_daily,,,,,,,entity,Entities,,,,,,,,,,,,,,,,2026-06-01,,,,,,,,,,,,,,
world:entity:2026-04-04-fmp-technicals-ldos-daily,Entity,2026-04-04_FMP_Technicals_LDOS_daily,2026-04-04_FMP_Technicals_LDOS_daily,2026-04-04_FMP_Technicals_LDOS_daily,,,,,,,entity,Entities,,,,,,,,,,,,,,,,2026-06-01,,,,,,,,,,,,,,
world:entity:2026-04-04-fmp-technicals-len-daily,Entity,2026-04-04_FMP_Technicals_LEN_daily,2026-04-04_FMP_Technicals_LEN_daily,2026-04-04_FMP_Technicals_LEN_daily,,,,,,,entity,Entities,,,,,,,,,,,,,,,,2026-06-01,,,,,,,,,,,,,,
world:entity:2026-04-04-fmp-technicals-lhx-daily,Entity,2026-04-04_FMP_Technicals_LHX_daily,2026-04-04_FMP_Technicals_LHX_daily,2026-04-04_FMP_Technicals_LHX_daily,,,,,,,entity,Entities,,,,,,,,,,,,,,,,2026-06-01,,,,,,,,,,,,,,
world:entity:2026-04-04-fmp-technicals-lly-daily,Entity,2026-04-04_FMP_Technicals_LLY_daily,2026-04-04_FMP_Technicals_LLY_daily,2026-04-04_FMP_Technicals_LLY_daily,,,,,,,entity,Entities,,,,,,,,,,,,,,,,2026-06-01,,,,,,,,,,,,,,
world:entity:2026-04-04-fmp-technicals-lmt-daily,Entity,2026-04-04_FMP_Technicals_LMT_daily,2026-04-04_FMP_Technicals_LMT_daily,2026-04-04_FMP_Technicals_LMT_daily,,,,,,,entity,Entities,,,,,,,,,,,,,,,,2026-06-01,,,,,,,,,,,,,,
world:entity:2026-04-04-fmp-technicals-lrcx-daily,Entity,2026-04-04_FMP_Technicals_LRCX_daily,2026-04-04_FMP_Technicals_LRCX_daily,2026-04-04_FMP_Technicals_LRCX_daily,,,,,,,entity,Entities,,,,,,,,,,,,,,,,2026-06-01,,,,,,,,,,,,,,
world:entity:2026-04-04-fmp-technicals-mnts-daily,Entity,2026-04-04_FMP_Technicals_MNTS_daily,2026-04-04_FMP_Technicals_MNTS_daily,2026-04-04_FMP_Technicals_MNTS_daily,,,,,,,entity,Entities,,,,,,,,,,,,,,,,2026-06-01,,,,,,,,,,,,,,
world:entity:2026-04-04-fmp-technicals-mrk-daily,Entity,2026-04-04_FMP_Technicals_MRK_daily,2026-04-04_FMP_Technicals_MRK_daily,2026-04-04_FMP_Technicals_MRK_daily,,,,,,,entity,Entities,,,,,,,,,,,,,,,,2026-06-01,,,,,,,,,,,,,,
world:entity:2026-04-04-fmp-technicals-msft-daily,Entity,2026-04-04_FMP_Technicals_MSFT_daily,2026-04-04_FMP_Technicals_MSFT_daily,2026-04-04_FMP_Technicals_MSFT_daily,,,,,,,entity,Entities,,,,,,,,,,,,,,,,2026-06-01,,,,,,,,,,,,,,
world:entity:2026-04-04-fmp-technicals-mstr-daily,Entity,2026-04-04_FMP_Technicals_MSTR_daily,2026-04-04_FMP_Technicals_MSTR_daily,2026-04-04_FMP_Technicals_MSTR_daily,,,,,,,entity,Entities,,,,,,,,,,,,,,,,2026-06-01,,,,,,,,,,,,,,
world:entity:2026-04-04-fmp-technicals-nbix-daily,Entity,2026-04-04_FMP_Technicals_NBIX_daily,2026-04-04_FMP_Technicals_NBIX_daily,2026-04-04_FMP_Technicals_NBIX_daily,,,,,,,entity,Entities,,,,,,,,,,,,,,,,2026-06-01,,,,,,,,,,,,,,
world:entity:2026-04-04-fmp-technicals-nem-daily,Entity,2026-04-04_FMP_Technicals_NEM_daily,2026-04-04_FMP_Technicals_NEM_daily,2026-04-04_FMP_Technicals_NEM_daily,,,,,,,entity,Entities,,,,,,,,,,,,,,,,2026-06-01,,,,,,,,,,,,,,
world:entity:2026-04-04-fmp-technicals-nne-daily,Entity,2026-04-04_FMP_Technicals_NNE_daily,2026-04-04_FMP_Technicals_NNE_daily,2026-04-04_FMP_Technicals_NNE_daily,,,,,,,entity,Entities,,,,,,,,,,,,,,,,2026-06-01,,,,,,,,,,,,,,
world:entity:2026-04-04-fmp-technicals-noc-daily,Entity,2026-04-04_FMP_Technicals_NOC_daily,2026-04-04_FMP_Technicals_NOC_daily,2026-04-04_FMP_Technicals_NOC_daily,,,,,,,entity,Entities,,,,,,,,,,,,,,,,2026-06-01,,,,,,,,,,,,,,
world:entity:2026-04-04-fmp-technicals-nrg-daily,Entity,2026-04-04_FMP_Technicals_NRG_daily,2026-04-04_FMP_Technicals_NRG_daily,2026-04-04_FMP_Technicals_NRG_daily,,,,,,,entity,Entities,,,,,,,,,,,,,,,,2026-06-01,,,,,,,,,,,,,,
world:entity:2026-04-04-fmp-technicals-ntla-daily,Entity,2026-04-04_FMP_Technicals_NTLA_daily,2026-04-04_FMP_Technicals_NTLA_daily,2026-04-04_FMP_Technicals_NTLA_daily,,,,,,,entity,Entities,,,,,,,,,,,,,,,,2026-06-01,,,,,,,,,,,,,,
world:entity:2026-04-04-fmp-technicals-nvda-daily,Entity,2026-04-04_FMP_Technicals_NVDA_daily,2026-04-04_FMP_Technicals_NVDA_daily,2026-04-04_FMP_Technicals_NVDA_daily,,,,,,,entity,Entities,,,,,,,,,,,,,,,,2026-06-01,,,,,,,,,,,,,,
world:entity:2026-04-04-fmp-technicals-nvr-daily,Entity,2026-04-04_FMP_Technicals_NVR_daily,2026-04-04_FMP_Technicals_NVR_daily,2026-04-04_FMP_Technicals_NVR_daily,,,,,,,entity,Entities,,,,,,,,,,,,,,,,2026-06-01,,,,,,,,,,,,,,
world:entity:2026-04-04-fmp-technicals-oklo-daily,Entity,2026-04-04_FMP_Technicals_OKLO_daily,2026-04-04_FMP_Technicals_OKLO_daily,2026-04-04_FMP_Technicals_OKLO_daily,,,,,,,entity,Entities,,,,,,,,,,,,,,,,2026-06-01,,,,,,,,,,,,,,
world:entity:2026-04-04-fmp-technicals-on-daily,Entity,2026-04-04_FMP_Technicals_ON_daily,2026-04-04_FMP_Technicals_ON_daily,2026-04-04_FMP_Technicals_ON_daily,,,,,,,entity,Entities,,,,,,,,,,,,,,,,2026-06-01,,,,,,,,,,,,,,
world:entity:2026-04-04-fmp-technicals-onds-daily,Entity,2026-04-04_FMP_Technicals_ONDS_daily,2026-04-04_FMP_Technicals_ONDS_daily,2026-04-04_FMP_Technicals_ONDS_daily,,,,,,,entity,Entities,,,,,,,,,,,,,,,,2026-06-01,,,,,,,,,,,,,,
world:entity:2026-04-04-fmp-technicals-onto-daily,Entity,2026-04-04_FMP_Technicals_ONTO_daily,2026-04-04_FMP_Technicals_ONTO_daily,2026-04-04_FMP_Technicals_ONTO_daily,,,,,,,entity,Entities,,,,,,,,,,,,,,,,2026-06-01,,,,,,,,,,,,,,
world:entity:2026-04-04-fmp-technicals-pfe-daily,Entity,2026-04-04_FMP_Technicals_PFE_daily,2026-04-04_FMP_Technicals_PFE_daily,2026-04-04_FMP_Technicals_PFE_daily,,,,,,,entity,Entities,,,,,,,,,,,,,,,,2026-06-01,,,,,,,,,,,,,,
world:entity:2026-04-04-fmp-technicals-pl-daily,Entity,2026-04-04_FMP_Technicals_PL_daily,2026-04-04_FMP_Technicals_PL_daily,2026-04-04_FMP_Technicals_PL_daily,,,,,,,entity,Entities,,,,,,,,,,,,,,,,2026-06-01,,,,,,,,,,,,,,
world:entity:2026-04-04-fmp-technicals-pltr-daily,Entity,2026-04-04_FMP_Technicals_PLTR_daily,2026-04-04_FMP_Technicals_PLTR_daily,2026-04-04_FMP_Technicals_PLTR_daily,,,,,,,entity,Entities,,,,,,,,,,,,,,,,2026-06-01,,,,,,,,,,,,,,
world:entity:2026-04-04-fmp-technicals-prta-daily,Entity,2026-04-04_FMP_Technicals_PRTA_daily,2026-04-04_FMP_Technicals_PRTA_daily,2026-04-04_FMP_Technicals_PRTA_daily,,,,,,,entity,Entities,,,,,,,,,,,,,,,,2026-06-01,,,,,,,,,,,,,,
world:entity:2026-04-04-fmp-technicals-psil-daily,Entity,2026-04-04_FMP_Technicals_PSIL_daily,2026-04-04_FMP_Technicals_PSIL_daily,2026-04-04_FMP_Technicals_PSIL_daily,,,,,,,entity,Entities,,,,,,,,,,,,,,,,2026-06-01,,,,,,,,,,,,,,
world:entity:2026-04-04-fmp-technicals-qubt-daily,Entity,2026-04-04_FMP_Technicals_QUBT_daily,2026-04-04_FMP_Technicals_QUBT_daily,2026-04-04_FMP_Technicals_QUBT_daily,,,,,,,entity,Entities,,,,,,,,,,,,,,,,2026-06-01,,,,,,,,,,,,,,
world:entity:2026-04-04-fmp-technicals-rcat-daily,Entity,2026-04-04_FMP_Technicals_RCAT_daily,2026-04-04_FMP_Technicals_RCAT_daily,2026-04-04_FMP_Technicals_RCAT_daily,,,,,,,entity,Entities,,,,,,,,,,,,,,,,2026-06-01,,,,,,,,,,,,,,
world:entity:2026-04-04-fmp-technicals-rgti-daily,Entity,2026-04-04_FMP_Technicals_RGTI_daily,2026-04-04_FMP_Technicals_RGTI_daily,2026-04-04_FMP_Technicals_RGTI_daily,,,,,,,entity,Entities,,,,,,,,,,,,,,,,2026-06-01,,,,,,,,,,,,,,
world:entity:2026-04-04-fmp-technicals-rklb-daily,Entity,2026-04-04_FMP_Technicals_RKLB_daily,2026-04-04_FMP_Technicals_RKLB_daily,2026-04-04_FMP_Technicals_RKLB_daily,,,,,,,entity,Entities,,,,,,,,,,,,,,,,2026-06-01,,,,,,,,,,,,,,
world:entity:2026-04-04-fmp-technicals-rprx-daily,Entity,2026-04-04_FMP_Technicals_RPRX_daily,2026-04-04_FMP_Technicals_RPRX_daily,2026-04-04_FMP_Technicals_RPRX_daily,,,,,,,entity,Entities,,,,,,,,,,,,,,,,2026-06-01,,,,,,,,,,,,,,
world:entity:2026-04-04-fmp-technicals-rtx-daily,Entity,2026-04-04_FMP_Technicals_RTX_daily,2026-04-04_FMP_Technicals_RTX_daily,2026-04-04_FMP_Technicals_RTX_daily,,,,,,,entity,Entities,,,,,,,,,,,,,,,,2026-06-01,,,,,,,,,,,,,,
world:entity:2026-04-04-fmp-technicals-saic-daily,Entity,2026-04-04_FMP_Technicals_SAIC_daily,2026-04-04_FMP_Technicals_SAIC_daily,2026-04-04_FMP_Technicals_SAIC_daily,,,,,,,entity,Entities,,,,,,,,,,,,,,,,2026-06-01,,,,,,,,,,,,,,
world:entity:2026-04-04-fmp-technicals-sky-daily,Entity,2026-04-04_FMP_Technicals_SKY_daily,2026-04-04_FMP_Technicals_SKY_daily,2026-04-04_FMP_Technicals_SKY_daily,,,,,,,entity,Entities,,,,,,,,,,,,,,,,2026-06-01,,,,,,,,,,,,,,
world:entity:2026-04-04-fmp-technicals-smr-daily,Entity,2026-04-04_FMP_Technicals_SMR_daily,2026-04-04_FMP_Technicals_SMR_daily,2026-04-04_FMP_Technicals_SMR_daily,,,,,,,entity,Entities,,,,,,,,,,,,,,,,2026-06-01,,,,,,,,,,,,,,
world:entity:2026-04-04-fmp-technicals-spir-daily,Entity,2026-04-04_FMP_Technicals_SPIR_daily,2026-04-04_FMP_Technicals_SPIR_daily,2026-04-04_FMP_Technicals_SPIR_daily,,,,,,,entity,Entities,,,,,,,,,,,,,,,,2026-06-01,,,,,,,,,,,,,,
world:entity:2026-04-04-fmp-technicals-spro-daily,Entity,2026-04-04_FMP_Technicals_SPRO_daily,2026-04-04_FMP_Technicals_SPRO_daily,2026-04-04_FMP_Technicals_SPRO_daily,,,,,,,entity,Entities,,,,,,,,,,,,,,,,2026-06-01,,,,,,,,,,,,,,
world:entity:2026-04-04-fmp-technicals-stem-daily,Entity,2026-04-04_FMP_Technicals_STEM_daily,2026-04-04_FMP_Technicals_STEM_daily,2026-04-04_FMP_Technicals_STEM_daily,,,,,,,entity,Entities,,,,,,,,,,,,,,,,2026-06-01,,,,,,,,,,,,,,
world:entity:2026-04-04-fmp-technicals-strl-daily,Entity,2026-04-04_FMP_Technicals_STRL_daily,2026-04-04_FMP_Technicals_STRL_daily,2026-04-04_FMP_Technicals_STRL_daily,,,,,,,entity,Entities,,,,,,,,,,,,,,,,2026-06-01,,,,,,,,,,,,,,
world:entity:2026-04-04-fmp-technicals-tdy-daily,Entity,2026-04-04_FMP_Technicals_TDY_daily,2026-04-04_FMP_Technicals_TDY_daily,2026-04-04_FMP_Technicals_TDY_daily,,,,,,,entity,Entities,,,,,,,,,,,,,,,,2026-06-01,,,,,,,,,,,,,,
world:entity:2026-04-04-fmp-technicals-tmhc-daily,Entity,2026-04-04_FMP_Technicals_TMHC_daily,2026-04-04_FMP_Technicals_TMHC_daily,2026-04-04_FMP_Technicals_TMHC_daily,,,,,,,entity,Entities,,,,,,,,,,,,,,,,2026-06-01,,,,,,,,,,,,,,
world:entity:2026-04-04-fmp-technicals-tol-daily,Entity,2026-04-04_FMP_Technicals_TOL_daily,2026-04-04_FMP_Technicals_TOL_daily,2026-04-04_FMP_Technicals_TOL_daily,,,,,,,entity,Entities,,,,,,,,,,,,,,,,2026-06-01,,,,,,,,,,,,,,
world:entity:2026-04-04-fmp-technicals-tsla-daily,Entity,2026-04-04_FMP_Technicals_TSLA_daily,2026-04-04_FMP_Technicals_TSLA_daily,2026-04-04_FMP_Technicals_TSLA_daily,,,,,,,entity,Entities,,,,,,,,,,,,,,,,2026-06-01,,,,,,,,,,,,,,
world:entity:2026-04-04-fmp-technicals-txt-daily,Entity,2026-04-04_FMP_Technicals_TXT_daily,2026-04-04_FMP_Technicals_TXT_daily,2026-04-04_FMP_Technicals_TXT_daily,,,,,,,entity,Entities,,,,,,,,,,,,,,,,2026-06-01,,,,,,,,,,,,,,
world:entity:2026-04-04-fmp-technicals-umac-daily,Entity,2026-04-04_FMP_Technicals_UMAC_daily,2026-04-04_FMP_Technicals_UMAC_daily,2026-04-04_FMP_Technicals_UMAC_daily,,,,,,,entity,Entities,,,,,,,,,,,,,,,,2026-06-01,,,,,,,,,,,,,,
world:entity:2026-04-04-fmp-technicals-unty-daily,Entity,2026-04-04_FMP_Technicals_UNTY_daily,2026-04-04_FMP_Technicals_UNTY_daily,2026-04-04_FMP_Technicals_UNTY_daily,,,,,,,entity,Entities,,,,,,,,,,,,,,,,2026-06-01,,,,,,,,,,,,,,
world:entity:2026-04-04-fmp-technicals-vktx-daily,Entity,2026-04-04_FMP_Technicals_VKTX_daily,2026-04-04_FMP_Technicals_VKTX_daily,2026-04-04_FMP_Technicals_VKTX_daily,,,,,,,entity,Entities,,,,,,,,,,,,,,,,2026-06-01,,,,,,,,,,,,,,
world:entity:2026-04-04-fmp-technicals-vst-daily,Entity,2026-04-04_FMP_Technicals_VST_daily,2026-04-04_FMP_Technicals_VST_daily,2026-04-04_FMP_Technicals_VST_daily,,,,,,,entity,Entities,,,,,,,,,,,,,,,,2026-06-01,,,,,,,,,,,,,,
world:entity:2026-04-04-fmp-technicals-wolf-daily,Entity,2026-04-04_FMP_Technicals_WOLF_daily,2026-04-04_FMP_Technicals_WOLF_daily,2026-04-04_FMP_Technicals_WOLF_daily,,,,,,,entity,Entities,,,,,,,,,,,,,,,,2026-06-01,,,,,,,,,,,,,,
world:entity:2026-04-04-fmp-technicals-wpm-daily,Entity,2026-04-04_FMP_Technicals_WPM_daily,2026-04-04_FMP_Technicals_WPM_daily,2026-04-04_FMP_Technicals_WPM_daily,,,,,,,entity,Entities,,,,,,,,,,,,,,,,2026-06-01,,,,,,,,,,,,,,
world:entity:2026-04-04-fmp-technicals-xoma-daily,Entity,2026-04-04_FMP_Technicals_XOMA_daily,2026-04-04_FMP_Technicals_XOMA_daily,2026-04-04_FMP_Technicals_XOMA_daily,,,,,,,entity,Entities,,,,,,,,,,,,,,,,2026-06-01,,,,,,,,,,,,,,
world:entity:2026-04-06-fmp-earnings-calendar-thesis-watchlists,Entity,2026-04-06_FMP_Earnings_Calendar_Thesis_Watchlists,2026-04-06_FMP_Earnings_Calendar_Thesis_Watchlists,2026-04-06_FMP_Earnings_Calendar_Thesis_Watchlists,,,,,,,entity,Entities,,,,,,,,,,,,,,,,2026-06-01,,,,,,,,,,,,,,
world:entity:2026-04-06-fmp-technicals-abbv-daily,Entity,2026-04-06_FMP_Technicals_ABBV_daily,2026-04-06_FMP_Technicals_ABBV_daily,2026-04-06_FMP_Technicals_ABBV_daily,,,,,,,entity,Entities,,,,,,,,,,,,,,,,2026-06-01,,,,,,,,,,,,,,
world:entity:2026-04-06-fmp-technicals-acad-daily,Entity,2026-04-06_FMP_Technicals_ACAD_daily,2026-04-06_FMP_Technicals_ACAD_daily,2026-04-06_FMP_Technicals_ACAD_daily,,,,,,,entity,Entities,,,,,,,,,,,,,,,,2026-06-01,,,,,,,,,,,,,,
world:entity:2026-04-06-fmp-technicals-achr-daily,Entity,2026-04-06_FMP_Technicals_ACHR_daily,2026-04-06_FMP_Technicals_ACHR_daily,2026-04-06_FMP_Technicals_ACHR_daily,,,,,,,entity,Entities,,,,,,,,,,,,,,,,2026-06-01,,,,,,,,,,,,,,
world:entity:2026-04-06-fmp-technicals-airo-daily,Entity,2026-04-06_FMP_Technicals_AIRO_daily,2026-04-06_FMP_Technicals_AIRO_daily,2026-04-06_FMP_Technicals_AIRO_daily,,,,,,,entity,Entities,,,,,,,,,,,,,,,,2026-06-01,,,,,,,,,,,,,,
world:entity:2026-04-06-fmp-technicals-alks-daily,Entity,2026-04-06_FMP_Technicals_ALKS_daily,2026-04-06_FMP_Technicals_ALKS_daily,2026-04-06_FMP_Technicals_ALKS_daily,,,,,,,entity,Entities,,,,,,,,,,,,,,,,2026-06-01,,,,,,,,,,,,,,
world:entity:2026-04-06-fmp-technicals-alvo-daily,Entity,2026-04-06_FMP_Technicals_ALVO_daily,2026-04-06_FMP_Technicals_ALVO_daily,2026-04-06_FMP_Technicals_ALVO_daily,,,,,,,entity,Entities,,,,,,,,,,,,,,,,2026-06-01,,,,,,,,,,,,,,
world:entity:2026-04-06-fmp-technicals-amat-daily,Entity,2026-04-06_FMP_Technicals_AMAT_daily,2026-04-06_FMP_Technicals_AMAT_daily,2026-04-06_FMP_Technicals_AMAT_daily,,,,,,,entity,Entities,,,,,,,,,,,,,,,,2026-06-01,,,,,,,,,,,,,,
world:entity:2026-04-06-fmp-technicals-amgn-daily,Entity,2026-04-06_FMP_Technicals_AMGN_daily,2026-04-06_FMP_Technicals_AMGN_daily,2026-04-06_FMP_Technicals_AMGN_daily,,,,,,,entity,Entities,,,,,,,,,,,,,,,,2026-06-01,,,,,,,,,,,,,,
world:entity:2026-04-06-fmp-technicals-amzn-daily,Entity,2026-04-06_FMP_Technicals_AMZN_daily,2026-04-06_FMP_Technicals_AMZN_daily,2026-04-06_FMP_Technicals_AMZN_daily,,,,,,,entity,Entities,,,,,,,,,,,,,,,,2026-06-01,,,,,,,,,,,,,,
world:entity:2026-04-06-fmp-technicals-asts-daily,Entity,2026-04-06_FMP_Technicals_ASTS_daily,2026-04-06_FMP_Technicals_ASTS_daily,2026-04-06_FMP_Technicals_ASTS_daily,,,,,,,entity,Entities,,,,,,,,,,,,,,,,2026-06-01,,,,,,,,,,,,,,
world:entity:2026-04-06-fmp-technicals-atai-daily,Entity,2026-04-06_FMP_Technicals_ATAI_daily,2026-04-06_FMP_Technicals_ATAI_daily,2026-04-06_FMP_Technicals_ATAI_daily,,,,,,,entity,Entities,,,,,,,,,,,,,,,,2026-06-01,,,,,,,,,,,,,,
world:entity:2026-04-06-fmp-technicals-avav-daily,Entity,2026-04-06_FMP_Technicals_AVAV_daily,2026-04-06_FMP_Technicals_AVAV_daily,2026-04-06_FMP_Technicals_AVAV_daily,,,,,,,entity,Entities,,,,,,,,,,,,,,,,2026-06-01,,,,,,,,,,,,,,
world:entity:2026-04-06-fmp-technicals-bah-daily,Entity,2026-04-06_FMP_Technicals_BAH_daily,2026-04-06_FMP_Technicals_BAH_daily,2026-04-06_FMP_Technicals_BAH_daily,,,,,,,entity,Entities,,,,,,,,,,,,,,,,2026-06-01,,,,,,,,,,,,,,
world:entity:2026-04-06-fmp-technicals-bbai-daily,Entity,2026-04-06_FMP_Technicals_BBAI_daily,2026-04-06_FMP_Technicals_BBAI_daily,2026-04-06_FMP_Technicals_BBAI_daily,,,,,,,entity,Entities,,,,,,,,,,,,,,,,2026-06-01,,,,,,,,,,,,,,
world:entity:2026-04-06-fmp-technicals-beam-daily,Entity,2026-04-06_FMP_Technicals_BEAM_daily,2026-04-06_FMP_Technicals_BEAM_daily,2026-04-06_FMP_Technicals_BEAM_daily,,,,,,,entity,Entities,,,,,,,,,,,,,,,,2026-06-01,,,,,,,,,,,,,,
world:entity:2026-04-06-fmp-technicals-biib-daily,Entity,2026-04-06_FMP_Technicals_BIIB_daily,2026-04-06_FMP_Technicals_BIIB_daily,2026-04-06_FMP_Technicals_BIIB_daily,,,,,,,entity,Entities,,,,,,,,,,,,,,,,2026-06-01,,,,,,,,,,,,,,
world:entity:2026-04-06-fmp-technicals-bksy-daily,Entity,2026-04-06_FMP_Technicals_BKSY_daily,2026-04-06_FMP_Technicals_BKSY_daily,2026-04-06_FMP_Technicals_BKSY_daily,,,,,,,entity,Entities,,,,,,,,,,,,,,,,2026-06-01,,,,,,,,,,,,,,
world:entity:2026-04-06-fmp-technicals-caci-daily,Entity,2026-04-06_FMP_Technicals_CACI_daily,2026-04-06_FMP_Technicals_CACI_daily,2026-04-06_FMP_Technicals_CACI_daily,,,,,,,entity,Entities,,,,,,,,,,,,,,,,2026-06-01,,,,,,,,,,,,,,
world:entity:2026-04-06-fmp-technicals-ccj-daily,Entity,2026-04-06_FMP_Technicals_CCJ_daily,2026-04-06_FMP_Technicals_CCJ_daily,2026-04-06_FMP_Technicals_CCJ_daily,,,,,,,entity,Entities,,,,,,,,,,,,,,,,2026-06-01,,,,,,,,,,,,,,
world:entity:2026-04-06-fmp-technicals-ceg-daily,Entity,2026-04-06_FMP_Technicals_CEG_daily,2026-04-06_FMP_Technicals_CEG_daily,2026-04-06_FMP_Technicals_CEG_daily,,,,,,,entity,Entities,,,,,,,,,,,,,,,,2026-06-01,,,,,,,,,,,,,,
world:entity:2026-04-06-fmp-technicals-cmps-daily,Entity,2026-04-06_FMP_Technicals_CMPS_daily,2026-04-06_FMP_Technicals_CMPS_daily,2026-04-06_FMP_Technicals_CMPS_daily,,,,,,,entity,Entities,,,,,,,,,,,,,,,,2026-06-01,,,,,,,,,,,,,,
world:entity:2026-04-06-fmp-technicals-coin-daily,Entity,2026-04-06_FMP_Technicals_COIN_daily,2026-04-06_FMP_Technicals_COIN_daily,2026-04-06_FMP_Technicals_COIN_daily,,,,,,,entity,Entities,,,,,,,,,,,,,,,,2026-06-01,,,,,,,,,,,,,,
world:entity:2026-04-06-fmp-technicals-crsp-daily,Entity,2026-04-06_FMP_Technicals_CRSP_daily,2026-04-06_FMP_Technicals_CRSP_daily,2026-04-06_FMP_Technicals_CRSP_daily,,,,,,,entity,Entities,,,,,,,,,,,,,,,,2026-06-01,,,,,,,,,,,,,,
world:entity:2026-04-06-fmp-technicals-dftx-daily,Entity,2026-04-06_FMP_Technicals_DFTX_daily,2026-04-06_FMP_Technicals_DFTX_daily,2026-04-06_FMP_Technicals_DFTX_daily,,,,,,,entity,Entities,,,,,,,,,,,,,,,,2026-06-01,,,,,,,,,,,,,,
world:entity:2026-04-06-fmp-technicals-dhi-daily,Entity,2026-04-06_FMP_Technicals_DHI_daily,2026-04-06_FMP_Technicals_DHI_daily,2026-04-06_FMP_Technicals_DHI_daily,,,,,,,entity,Entities,,,,,,,,,,,,,,,,2026-06-01,,,,,,,,,,,,,,
world:entity:2026-04-06-fmp-technicals-dpro-daily,Entity,2026-04-06_FMP_Technicals_DPRO_daily,2026-04-06_FMP_Technicals_DPRO_daily,2026-04-06_FMP_Technicals_DPRO_daily,,,,,,,entity,Entities,,,,,,,,,,,,,,,,2026-06-01,,,,,,,,,,,,,,
world:entity:2026-04-06-fmp-technicals-edit-daily,Entity,2026-04-06_FMP_Technicals_EDIT_daily,2026-04-06_FMP_Technicals_EDIT_daily,2026-04-06_FMP_Technicals_EDIT_daily,,,,,,,entity,Entities,,,,,,,,,,,,,,,,2026-06-01,,,,,,,,,,,,,,
world:entity:2026-04-06-fmp-technicals-eh-daily,Entity,2026-04-06_FMP_Technicals_EH_daily,2026-04-06_FMP_Technicals_EH_daily,2026-04-06_FMP_Technicals_EH_daily,,,,,,,entity,Entities,,,,,,,,,,,,,,,,2026-06-01,,,,,,,,,,,,,,
world:entity:2026-04-06-fmp-technicals-envx-daily,Entity,2026-04-06_FMP_Technicals_ENVX_daily,2026-04-06_FMP_Technicals_ENVX_daily,2026-04-06_FMP_Technicals_ENVX_daily,,,,,,,entity,Entities,,,,,,,,,,,,,,,,2026-06-01,,,,,,,,,,,,,,
world:entity:2026-04-06-fmp-technicals-eslt-daily,Entity,2026-04-06_FMP_Technicals_ESLT_daily,2026-04-06_FMP_Technicals_ESLT_daily,2026-04-06_FMP_Technicals_ESLT_daily,,,,,,,entity,Entities,,,,,,,,,,,,,,,,2026-06-01,,,,,,,,,,,,,,
world:entity:2026-04-06-fmp-technicals-etn-daily,Entity,2026-04-06_FMP_Technicals_ETN_daily,2026-04-06_FMP_Technicals_ETN_daily,2026-04-06_FMP_Technicals_ETN_daily,,,,,,,entity,Entities,,,,,,,,,,,,,,,,2026-06-01,,,,,,,,,,,,,,
world:entity:2026-04-06-fmp-technicals-evtl-daily,Entity,2026-04-06_FMP_Technicals_EVTL_daily,2026-04-06_FMP_Technicals_EVTL_daily,2026-04-06_FMP_Technicals_EVTL_daily,,,,,,,entity,Entities,,,,,,,,,,,,,,,,2026-06-01,,,,,,,,,,,,,,
world:entity:2026-04-06-fmp-technicals-flnc-daily,Entity,2026-04-06_FMP_Technicals_FLNC_daily,2026-04-06_FMP_Technicals_FLNC_daily,2026-04-06_FMP_Technicals_FLNC_daily,,,,,,,entity,Entities,,,,,,,,,,,,,,,,2026-06-01,,,,,,,,,,,,,,
world:entity:2026-04-06-fmp-technicals-gd-daily,Entity,2026-04-06_FMP_Technicals_GD_daily,2026-04-06_FMP_Technicals_GD_daily,2026-04-06_FMP_Technicals_GD_daily,,,,,,,entity,Entities,,,,,,,,,,,,,,,,2026-06-01,,,,,,,,,,,,,,
world:entity:2026-04-06-fmp-technicals-gev-daily,Entity,2026-04-06_FMP_Technicals_GEV_daily,2026-04-06_FMP_Technicals_GEV_daily,2026-04-06_FMP_Technicals_GEV_daily,,,,,,,entity,Entities,,,,,,,,,,,,,,,,2026-06-01,,,,,,,,,,,,,,
world:entity:2026-04-06-fmp-technicals-ghrs-daily,Entity,2026-04-06_FMP_Technicals_GHRS_daily,2026-04-06_FMP_Technicals_GHRS_daily,2026-04-06_FMP_Technicals_GHRS_daily,,,,,,,entity,Entities,,,,,,,,,,,,,,,,2026-06-01,,,,,,,,,,,,,,
world:entity:2026-04-06-fmp-technicals-gold-daily,Entity,2026-04-06_FMP_Technicals_GOLD_daily,2026-04-06_FMP_Technicals_GOLD_daily,2026-04-06_FMP_Technicals_GOLD_daily,,,,,,,entity,Entities,,,,,,,,,,,,,,,,2026-06-01,,,,,,,,,,,,,,
world:entity:2026-04-06-fmp-technicals-googl-daily,Entity,2026-04-06_FMP_Technicals_GOOGL_daily,2026-04-06_FMP_Technicals_GOOGL_daily,2026-04-06_FMP_Technicals_GOOGL_daily,,,,,,,entity,Entities,,,,,,,,,,,,,,,,2026-06-01,,,,,,,,,,,,,,
world:entity:2026-04-06-fmp-technicals-help-daily,Entity,2026-04-06_FMP_Technicals_HELP_daily,2026-04-06_FMP_Technicals_HELP_daily,2026-04-06_FMP_Technicals_HELP_daily,,,,,,,entity,Entities,,,,,,,,,,,,,,,,2026-06-01,,,,,,,,,,,,,,
world:entity:2026-04-06-fmp-technicals-hims-daily,Entity,2026-04-06_FMP_Technicals_HIMS_daily,2026-04-06_FMP_Technicals_HIMS_daily,2026-04-06_FMP_Technicals_HIMS_daily,,,,,,,entity,Entities,,,,,,,,,,,,,,,,2026-06-01,,,,,,,,,,,,,,
world:entity:2026-04-06-fmp-technicals-hovr-daily,Entity,2026-04-06_FMP_Technicals_HOVR_daily,2026-04-06_FMP_Technicals_HOVR_daily,2026-04-06_FMP_Technicals_HOVR_daily,,,,,,,entity,Entities,,,,,,,,,,,,,,,,2026-06-01,,,,,,,,,,,,,,
world:entity:2026-04-06-fmp-technicals-inva-daily,Entity,2026-04-06_FMP_Technicals_INVA_daily,2026-04-06_FMP_Technicals_INVA_daily,2026-04-06_FMP_Technicals_INVA_daily,,,,,,,entity,Entities,,,,,,,,,,,,,,,,2026-06-01,,,,,,,,,,,,,,
world:entity:2026-04-06-fmp-technicals-ionq-daily,Entity,2026-04-06_FMP_Technicals_IONQ_daily,2026-04-06_FMP_Technicals_IONQ_daily,2026-04-06_FMP_Technicals_IONQ_daily,,,,,,,entity,Entities,,,,,,,,,,,,,,,,2026-06-01,,,,,,,,,,,,,,
world:entity:2026-04-06-fmp-technicals-jnj-daily,Entity,2026-04-06_FMP_Technicals_JNJ_daily,2026-04-06_FMP_Technicals_JNJ_daily,2026-04-06_FMP_Technicals_JNJ_daily,,,,,,,entity,Entities,,,,,,,,,,,,,,,,2026-06-01,,,,,,,,,,,,,,
world:entity:2026-04-06-fmp-technicals-joby-daily,Entity,2026-04-06_FMP_Technicals_JOBY_daily,2026-04-06_FMP_Technicals_JOBY_daily,2026-04-06_FMP_Technicals_JOBY_daily,,,,,,,entity,Entities,,,,,,,,,,,,,,,,2026-06-01,,,,,,,,,,,,,,
world:entity:2026-04-06-fmp-technicals-klac-daily,Entity,2026-04-06_FMP_Technicals_KLAC_daily,2026-04-06_FMP_Technicals_KLAC_daily,2026-04-06_FMP_Technicals_KLAC_daily,,,,,,,entity,Entities,,,,,,,,,,,,,,,,2026-06-01,,,,,,,,,,,,,,
world:entity:2026-04-06-fmp-technicals-ktos-daily,Entity,2026-04-06_FMP_Technicals_KTOS_daily,2026-04-06_FMP_Technicals_KTOS_daily,2026-04-06_FMP_Technicals_KTOS_daily,,,,,,,entity,Entities,,,,,,,,,,,,,,,,2026-06-01,,,,,,,,,,,,,,
world:entity:2026-04-06-fmp-technicals-ldos-daily,Entity,2026-04-06_FMP_Technicals_LDOS_daily,2026-04-06_FMP_Technicals_LDOS_daily,2026-04-06_FMP_Technicals_LDOS_daily,,,,,,,entity,Entities,,,,,,,,,,,,,,,,2026-06-01,,,,,,,,,,,,,,
world:entity:2026-04-06-fmp-technicals-len-daily,Entity,2026-04-06_FMP_Technicals_LEN_daily,2026-04-06_FMP_Technicals_LEN_daily,2026-04-06_FMP_Technicals_LEN_daily,,,,,,,entity,Entities,,,,,,,,,,,,,,,,2026-06-01,,,,,,,,,,,,,,
world:entity:2026-04-06-fmp-technicals-lhx-daily,Entity,2026-04-06_FMP_Technicals_LHX_daily,2026-04-06_FMP_Technicals_LHX_daily,2026-04-06_FMP_Technicals_LHX_daily,,,,,,,entity,Entities,,,,,,,,,,,,,,,,2026-06-01,,,,,,,,,,,,,,
world:entity:2026-04-06-fmp-technicals-lly-daily,Entity,2026-04-06_FMP_Technicals_LLY_daily,2026-04-06_FMP_Technicals_LLY_daily,2026-04-06_FMP_Technicals_LLY_daily,,,,,,,entity,Entities,,,,,,,,,,,,,,,,2026-06-01,,,,,,,,,,,,,,
world:entity:2026-04-06-fmp-technicals-lmt-daily,Entity,2026-04-06_FMP_Technicals_LMT_daily,2026-04-06_FMP_Technicals_LMT_daily,2026-04-06_FMP_Technicals_LMT_daily,,,,,,,entity,Entities,,,,,,,,,,,,,,,,2026-06-01,,,,,,,,,,,,,,
world:entity:2026-04-06-fmp-technicals-lrcx-daily,Entity,2026-04-06_FMP_Technicals_LRCX_daily,2026-04-06_FMP_Technicals_LRCX_daily,2026-04-06_FMP_Technicals_LRCX_daily,,,,,,,entity,Entities,,,,,,,,,,,,,,,,2026-06-01,,,,,,,,,,,,,,
world:entity:2026-04-06-fmp-technicals-mnts-daily,Entity,2026-04-06_FMP_Technicals_MNTS_daily,2026-04-06_FMP_Technicals_MNTS_daily,2026-04-06_FMP_Technicals_MNTS_daily,,,,,,,entity,Entities,,,,,,,,,,,,,,,,2026-06-01,,,,,,,,,,,,,,
world:entity:2026-04-06-fmp-technicals-mrk-daily,Entity,2026-04-06_FMP_Technicals_MRK_daily,2026-04-06_FMP_Technicals_MRK_daily,2026-04-06_FMP_Technicals_MRK_daily,,,,,,,entity,Entities,,,,,,,,,,,,,,,,2026-06-01,,,,,,,,,,,,,,
world:entity:2026-04-06-fmp-technicals-msft-daily,Entity,2026-04-06_FMP_Technicals_MSFT_daily,2026-04-06_FMP_Technicals_MSFT_daily,2026-04-06_FMP_Technicals_MSFT_daily,,,,,,,entity,Entities,,,,,,,,,,,,,,,,2026-06-01,,,,,,,,,,,,,,
world:entity:2026-04-06-fmp-technicals-mstr-daily,Entity,2026-04-06_FMP_Technicals_MSTR_daily,2026-04-06_FMP_Technicals_MSTR_daily,2026-04-06_FMP_Technicals_MSTR_daily,,,,,,,entity,Entities,,,,,,,,,,,,,,,,2026-06-01,,,,,,,,,,,,,,
world:entity:2026-04-06-fmp-technicals-nbix-daily,Entity,2026-04-06_FMP_Technicals_NBIX_daily,2026-04-06_FMP_Technicals_NBIX_daily,2026-04-06_FMP_Technicals_NBIX_daily,,,,,,,entity,Entities,,,,,,,,,,,,,,,,2026-06-01,,,,,,,,,,,,,,
world:entity:2026-04-06-fmp-technicals-nem-daily,Entity,2026-04-06_FMP_Technicals_NEM_daily,2026-04-06_FMP_Technicals_NEM_daily,2026-04-06_FMP_Technicals_NEM_daily,,,,,,,entity,Entities,,,,,,,,,,,,,,,,2026-06-01,,,,,,,,,,,,,,
world:entity:2026-04-06-fmp-technicals-nne-daily,Entity,2026-04-06_FMP_Technicals_NNE_daily,2026-04-06_FMP_Technicals_NNE_daily,2026-04-06_FMP_Technicals_NNE_daily,,,,,,,entity,Entities,,,,,,,,,,,,,,,,2026-06-01,,,,,,,,,,,,,,
world:entity:2026-04-06-fmp-technicals-noc-daily,Entity,2026-04-06_FMP_Technicals_NOC_daily,2026-04-06_FMP_Technicals_NOC_daily,2026-04-06_FMP_Technicals_NOC_daily,,,,,,,entity,Entities,,,,,,,,,,,,,,,,2026-06-01,,,,,,,,,,,,,,
world:entity:2026-04-06-fmp-technicals-nrg-daily,Entity,2026-04-06_FMP_Technicals_NRG_daily,2026-04-06_FMP_Technicals_NRG_daily,2026-04-06_FMP_Technicals_NRG_daily,,,,,,,entity,Entities,,,,,,,,,,,,,,,,2026-06-01,,,,,,,,,,,,,,
world:entity:2026-04-06-fmp-technicals-ntla-daily,Entity,2026-04-06_FMP_Technicals_NTLA_daily,2026-04-06_FMP_Technicals_NTLA_daily,2026-04-06_FMP_Technicals_NTLA_daily,,,,,,,entity,Entities,,,,,,,,,,,,,,,,2026-06-01,,,,,,,,,,,,,,
world:entity:2026-04-06-fmp-technicals-nvda-daily,Entity,2026-04-06_FMP_Technicals_NVDA_daily,2026-04-06_FMP_Technicals_NVDA_daily,2026-04-06_FMP_Technicals_NVDA_daily,,,,,,,entity,Entities,,,,,,,,,,,,,,,,2026-06-01,,,,,,,,,,,,,,
world:entity:2026-04-06-fmp-technicals-nvr-daily,Entity,2026-04-06_FMP_Technicals_NVR_daily,2026-04-06_FMP_Technicals_NVR_daily,2026-04-06_FMP_Technicals_NVR_daily,,,,,,,entity,Entities,,,,,,,,,,,,,,,,2026-06-01,,,,,,,,,,,,,,
world:entity:2026-04-06-fmp-technicals-oklo-daily,Entity,2026-04-06_FMP_Technicals_OKLO_daily,2026-04-06_FMP_Technicals_OKLO_daily,2026-04-06_FMP_Technicals_OKLO_daily,,,,,,,entity,Entities,,,,,,,,,,,,,,,,2026-06-01,,,,,,,,,,,,,,
world:entity:2026-04-06-fmp-technicals-on-daily,Entity,2026-04-06_FMP_Technicals_ON_daily,2026-04-06_FMP_Technicals_ON_daily,2026-04-06_FMP_Technicals_ON_daily,,,,,,,entity,Entities,,,,,,,,,,,,,,,,2026-06-01,,,,,,,,,,,,,,
world:entity:2026-04-06-fmp-technicals-onds-daily,Entity,2026-04-06_FMP_Technicals_ONDS_daily,2026-04-06_FMP_Technicals_ONDS_daily,2026-04-06_FMP_Technicals_ONDS_daily,,,,,,,entity,Entities,,,,,,,,,,,,,,,,2026-06-01,,,,,,,,,,,,,,
world:entity:2026-04-06-fmp-technicals-onto-daily,Entity,2026-04-06_FMP_Technicals_ONTO_daily,2026-04-06_FMP_Technicals_ONTO_daily,2026-04-06_FMP_Technicals_ONTO_daily,,,,,,,entity,Entities,,,,,,,,,,,,,,,,2026-06-01,,,,,,,,,,,,,,
world:entity:2026-04-06-fmp-technicals-pfe-daily,Entity,2026-04-06_FMP_Technicals_PFE_daily,2026-04-06_FMP_Technicals_PFE_daily,2026-04-06_FMP_Technicals_PFE_daily,,,,,,,entity,Entities,,,,,,,,,,,,,,,,2026-06-01,,,,,,,,,,,,,,
world:entity:2026-04-06-fmp-technicals-pl-daily,Entity,2026-04-06_FMP_Technicals_PL_daily,2026-04-06_FMP_Technicals_PL_daily,2026-04-06_FMP_Technicals_PL_daily,,,,,,,entity,Entities,,,,,,,,,,,,,,,,2026-06-01,,,,,,,,,,,,,,
world:entity:2026-04-06-fmp-technicals-pltr-daily,Entity,2026-04-06_FMP_Technicals_PLTR_daily,2026-04-06_FMP_Technicals_PLTR_daily,2026-04-06_FMP_Technicals_PLTR_daily,,,,,,,entity,Entities,,,,,,,,,,,,,,,,2026-06-01,,,,,,,,,,,,,,
world:entity:2026-04-06-fmp-technicals-prta-daily,Entity,2026-04-06_FMP_Technicals_PRTA_daily,2026-04-06_FMP_Technicals_PRTA_daily,2026-04-06_FMP_Technicals_PRTA_daily,,,,,,,entity,Entities,,,,,,,,,,,,,,,,2026-06-01,,,,,,,,,,,,,,
world:entity:2026-04-06-fmp-technicals-psil-daily,Entity,2026-04-06_FMP_Technicals_PSIL_daily,2026-04-06_FMP_Technicals_PSIL_daily,2026-04-06_FMP_Technicals_PSIL_daily,,,,,,,entity,Entities,,,,,,,,,,,,,,,,2026-06-01,,,,,,,,,,,,,,
world:entity:2026-04-06-fmp-technicals-qubt-daily,Entity,2026-04-06_FMP_Technicals_QUBT_daily,2026-04-06_FMP_Technicals_QUBT_daily,2026-04-06_FMP_Technicals_QUBT_daily,,,,,,,entity,Entities,,,,,,,,,,,,,,,,2026-06-01,,,,,,,,,,,,,,
world:entity:2026-04-06-fmp-technicals-rcat-daily,Entity,2026-04-06_FMP_Technicals_RCAT_daily,2026-04-06_FMP_Technicals_RCAT_daily,2026-04-06_FMP_Technicals_RCAT_daily,,,,,,,entity,Entities,,,,,,,,,,,,,,,,2026-06-01,,,,,,,,,,,,,,
world:entity:2026-04-06-fmp-technicals-rgti-daily,Entity,2026-04-06_FMP_Technicals_RGTI_daily,2026-04-06_FMP_Technicals_RGTI_daily,2026-04-06_FMP_Technicals_RGTI_daily,,,,,,,entity,Entities,,,,,,,,,,,,,,,,2026-06-01,,,,,,,,,,,,,,
world:entity:2026-04-06-fmp-technicals-rklb-daily,Entity,2026-04-06_FMP_Technicals_RKLB_daily,2026-04-06_FMP_Technicals_RKLB_daily,2026-04-06_FMP_Technicals_RKLB_daily,,,,,,,entity,Entities,,,,,,,,,,,,,,,,2026-06-01,,,,,,,,,,,,,,
world:entity:2026-04-06-fmp-technicals-rprx-daily,Entity,2026-04-06_FMP_Technicals_RPRX_daily,2026-04-06_FMP_Technicals_RPRX_daily,2026-04-06_FMP_Technicals_RPRX_daily,,,,,,,entity,Entities,,,,,,,,,,,,,,,,2026-06-01,,,,,,,,,,,,,,
world:entity:2026-04-06-fmp-technicals-rtx-daily,Entity,2026-04-06_FMP_Technicals_RTX_daily,2026-04-06_FMP_Technicals_RTX_daily,2026-04-06_FMP_Technicals_RTX_daily,,,,,,,entity,Entities,,,,,,,,,,,,,,,,2026-06-01,,,,,,,,,,,,,,
world:entity:2026-04-06-fmp-technicals-saic-daily,Entity,2026-04-06_FMP_Technicals_SAIC_daily,2026-04-06_FMP_Technicals_SAIC_daily,2026-04-06_FMP_Technicals_SAIC_daily,,,,,,,entity,Entities,,,,,,,,,,,,,,,,2026-06-01,,,,,,,,,,,,,,
world:entity:2026-04-06-fmp-technicals-sky-daily,Entity,2026-04-06_FMP_Technicals_SKY_daily,2026-04-06_FMP_Technicals_SKY_daily,2026-04-06_FMP_Technicals_SKY_daily,,,,,,,entity,Entities,,,,,,,,,,,,,,,,2026-06-01,,,,,,,,,,,,,,
world:entity:2026-04-06-fmp-technicals-smr-daily,Entity,2026-04-06_FMP_Technicals_SMR_daily,2026-04-06_FMP_Technicals_SMR_daily,2026-04-06_FMP_Technicals_SMR_daily,,,,,,,entity,Entities,,,,,,,,,,,,,,,,2026-06-01,,,,,,,,,,,,,,
world:entity:2026-04-06-fmp-technicals-spir-daily,Entity,2026-04-06_FMP_Technicals_SPIR_daily,2026-04-06_FMP_Technicals_SPIR_daily,2026-04-06_FMP_Technicals_SPIR_daily,,,,,,,entity,Entities,,,,,,,,,,,,,,,,2026-06-01,,,,,,,,,,,,,,
world:entity:2026-04-06-fmp-technicals-spro-daily,Entity,2026-04-06_FMP_Technicals_SPRO_daily,2026-04-06_FMP_Technicals_SPRO_daily,2026-04-06_FMP_Technicals_SPRO_daily,,,,,,,entity,Entities,,,,,,,,,,,,,,,,2026-06-01,,,,,,,,,,,,,,
world:entity:2026-04-06-fmp-technicals-stem-daily,Entity,2026-04-06_FMP_Technicals_STEM_daily,2026-04-06_FMP_Technicals_STEM_daily,2026-04-06_FMP_Technicals_STEM_daily,,,,,,,entity,Entities,,,,,,,,,,,,,,,,2026-06-01,,,,,,,,,,,,,,
world:entity:2026-04-06-fmp-technicals-strl-daily,Entity,2026-04-06_FMP_Technicals_STRL_daily,2026-04-06_FMP_Technicals_STRL_daily,2026-04-06_FMP_Technicals_STRL_daily,,,,,,,entity,Entities,,,,,,,,,,,,,,,,2026-06-01,,,,,,,,,,,,,,
world:entity:2026-04-06-fmp-technicals-tdy-daily,Entity,2026-04-06_FMP_Technicals_TDY_daily,2026-04-06_FMP_Technicals_TDY_daily,2026-04-06_FMP_Technicals_TDY_daily,,,,,,,entity,Entities,,,,,,,,,,,,,,,,2026-06-01,,,,,,,,,,,,,,
world:entity:2026-04-06-fmp-technicals-tmhc-daily,Entity,2026-04-06_FMP_Technicals_TMHC_daily,2026-04-06_FMP_Technicals_TMHC_daily,2026-04-06_FMP_Technicals_TMHC_daily,,,,,,,entity,Entities,,,,,,,,,,,,,,,,2026-06-01,,,,,,,,,,,,,,
world:entity:2026-04-06-fmp-technicals-tol-daily,Entity,2026-04-06_FMP_Technicals_TOL_daily,2026-04-06_FMP_Technicals_TOL_daily,2026-04-06_FMP_Technicals_TOL_daily,,,,,,,entity,Entities,,,,,,,,,,,,,,,,2026-06-01,,,,,,,,,,,,,,
world:entity:2026-04-06-fmp-technicals-tsla-daily,Entity,2026-04-06_FMP_Technicals_TSLA_daily,2026-04-06_FMP_Technicals_TSLA_daily,2026-04-06_FMP_Technicals_TSLA_daily,,,,,,,entity,Entities,,,,,,,,,,,,,,,,2026-06-01,,,,,,,,,,,,,,
world:entity:2026-04-06-fmp-technicals-txt-daily,Entity,2026-04-06_FMP_Technicals_TXT_daily,2026-04-06_FMP_Technicals_TXT_daily,2026-04-06_FMP_Technicals_TXT_daily,,,,,,,entity,Entities,,,,,,,,,,,,,,,,2026-06-01,,,,,,,,,,,,,,
world:entity:2026-04-06-fmp-technicals-umac-daily,Entity,2026-04-06_FMP_Technicals_UMAC_daily,2026-04-06_FMP_Technicals_UMAC_daily,2026-04-06_FMP_Technicals_UMAC_daily,,,,,,,entity,Entities,,,,,,,,,,,,,,,,2026-06-01,,,,,,,,,,,,,,
world:entity:2026-04-06-fmp-technicals-unty-daily,Entity,2026-04-06_FMP_Technicals_UNTY_daily,2026-04-06_FMP_Technicals_UNTY_daily,2026-04-06_FMP_Technicals_UNTY_daily,,,,,,,entity,Entities,,,,,,,,,,,,,,,,2026-06-01,,,,,,,,,,,,,,
world:entity:2026-04-06-fmp-technicals-vktx-daily,Entity,2026-04-06_FMP_Technicals_VKTX_daily,2026-04-06_FMP_Technicals_VKTX_daily,2026-04-06_FMP_Technicals_VKTX_daily,,,,,,,entity,Entities,,,,,,,,,,,,,,,,2026-06-01,,,,,,,,,,,,,,
world:entity:2026-04-06-fmp-technicals-vst-daily,Entity,2026-04-06_FMP_Technicals_VST_daily,2026-04-06_FMP_Technicals_VST_daily,2026-04-06_FMP_Technicals_VST_daily,,,,,,,entity,Entities,,,,,,,,,,,,,,,,2026-06-01,,,,,,,,,,,,,,
world:entity:2026-04-06-fmp-technicals-wolf-daily,Entity,2026-04-06_FMP_Technicals_WOLF_daily,2026-04-06_FMP_Technicals_WOLF_daily,2026-04-06_FMP_Technicals_WOLF_daily,,,,,,,entity,Entities,,,,,,,,,,,,,,,,2026-06-01,,,,,,,,,,,,,,
world:entity:2026-04-06-fmp-technicals-wpm-daily,Entity,2026-04-06_FMP_Technicals_WPM_daily,2026-04-06_FMP_Technicals_WPM_daily,2026-04-06_FMP_Technicals_WPM_daily,,,,,,,entity,Entities,,,,,,,,,,,,,,,,2026-06-01,,,,,,,,,,,,,,
world:entity:2026-04-06-fmp-technicals-xoma-daily,Entity,2026-04-06_FMP_Technicals_XOMA_daily,2026-04-06_FMP_Technicals_XOMA_daily,2026-04-06_FMP_Technicals_XOMA_daily,,,,,,,entity,Entities,,,,,,,,,,,,,,,,2026-06-01,,,,,,,,,,,,,,
world:entity:2026-04-07-bea-gdp,Entity,2026-04-07_BEA_GDP,2026-04-07_BEA_GDP,2026-04-07_BEA_GDP,,,,,,,entity,Entities,,,,,,,,,,,,,,,,2026-06-01,,,,,,,,,,,,,,
world:entity:2026-04-07-fmp-earnings-calendar-thesis-watchlists,Entity,2026-04-07_FMP_Earnings_Calendar_Thesis_Watchlists,2026-04-07_FMP_Earnings_Calendar_Thesis_Watchlists,2026-04-07_FMP_Earnings_Calendar_Thesis_Watchlists,,,,,,,entity,Entities,,,,,,,,,,,,,,,,2026-06-01,,,,,,,,,,,,,,
world:entity:2026-04-07-fmp-technicals-abbv-daily,Entity,2026-04-07_FMP_Technicals_ABBV_daily,2026-04-07_FMP_Technicals_ABBV_daily,2026-04-07_FMP_Technicals_ABBV_daily,,,,,,,entity,Entities,,,,,,,,,,,,,,,,2026-06-01,,,,,,,,,,,,,,
world:entity:2026-04-07-fmp-technicals-acad-daily,Entity,2026-04-07_FMP_Technicals_ACAD_daily,2026-04-07_FMP_Technicals_ACAD_daily,2026-04-07_FMP_Technicals_ACAD_daily,,,,,,,entity,Entities,,,,,,,,,,,,,,,,2026-06-01,,,,,,,,,,,,,,
world:entity:2026-04-07-fmp-technicals-achr-daily,Entity,2026-04-07_FMP_Technicals_ACHR_daily,2026-04-07_FMP_Technicals_ACHR_daily,2026-04-07_FMP_Technicals_ACHR_daily,,,,,,,entity,Entities,,,,,,,,,,,,,,,,2026-06-01,,,,,,,,,,,,,,
world:entity:2026-04-07-fmp-technicals-airo-daily,Entity,2026-04-07_FMP_Technicals_AIRO_daily,2026-04-07_FMP_Technicals_AIRO_daily,2026-04-07_FMP_Technicals_AIRO_daily,,,,,,,entity,Entities,,,,,,,,,,,,,,,,2026-06-01,,,,,,,,,,,,,,
world:entity:2026-04-07-fmp-technicals-alks-daily,Entity,2026-04-07_FMP_Technicals_ALKS_daily,2026-04-07_FMP_Technicals_ALKS_daily,2026-04-07_FMP_Technicals_ALKS_daily,,,,,,,entity,Entities,,,,,,,,,,,,,,,,2026-06-01,,,,,,,,,,,,,,
world:entity:2026-04-07-fmp-technicals-alvo-daily,Entity,2026-04-07_FMP_Technicals_ALVO_daily,2026-04-07_FMP_Technicals_ALVO_daily,2026-04-07_FMP_Technicals_ALVO_daily,,,,,,,entity,Entities,,,,,,,,,,,,,,,,2026-06-01,,,,,,,,,,,,,,
world:entity:2026-04-07-fmp-technicals-amat-daily,Entity,2026-04-07_FMP_Technicals_AMAT_daily,2026-04-07_FMP_Technicals_AMAT_daily,2026-04-07_FMP_Technicals_AMAT_daily,,,,,,,entity,Entities,,,,,,,,,,,,,,,,2026-06-01,,,,,,,,,,,,,,
world:entity:2026-04-07-fmp-technicals-amgn-daily,Entity,2026-04-07_FMP_Technicals_AMGN_daily,2026-04-07_FMP_Technicals_AMGN_daily,2026-04-07_FMP_Technicals_AMGN_daily,,,,,,,entity,Entities,,,,,,,,,,,,,,,,2026-06-01,,,,,,,,,,,,,,
world:entity:2026-04-07-fmp-technicals-amzn-daily,Entity,2026-04-07_FMP_Technicals_AMZN_daily,2026-04-07_FMP_Technicals_AMZN_daily,2026-04-07_FMP_Technicals_AMZN_daily,,,,,,,entity,Entities,,,,,,,,,,,,,,,,2026-06-01,,,,,,,,,,,,,,
world:entity:2026-04-07-fmp-technicals-asts-daily,Entity,2026-04-07_FMP_Technicals_ASTS_daily,2026-04-07_FMP_Technicals_ASTS_daily,2026-04-07_FMP_Technicals_ASTS_daily,,,,,,,entity,Entities,,,,,,,,,,,,,,,,2026-06-01,,,,,,,,,,,,,,
world:entity:2026-04-07-fmp-technicals-atai-daily,Entity,2026-04-07_FMP_Technicals_ATAI_daily,2026-04-07_FMP_Technicals_ATAI_daily,2026-04-07_FMP_Technicals_ATAI_daily,,,,,,,entity,Entities,,,,,,,,,,,,,,,,2026-06-01,,,,,,,,,,,,,,
world:entity:2026-04-07-fmp-technicals-avav-daily,Entity,2026-04-07_FMP_Technicals_AVAV_daily,2026-04-07_FMP_Technicals_AVAV_daily,2026-04-07_FMP_Technicals_AVAV_daily,,,,,,,entity,Entities,,,,,,,,,,,,,,,,2026-06-01,,,,,,,,,,,,,,
world:entity:2026-04-07-fmp-technicals-bah-daily,Entity,2026-04-07_FMP_Technicals_BAH_daily,2026-04-07_FMP_Technicals_BAH_daily,2026-04-07_FMP_Technicals_BAH_daily,,,,,,,entity,Entities,,,,,,,,,,,,,,,,2026-06-01,,,,,,,,,,,,,,
world:entity:2026-04-07-fmp-technicals-bbai-daily,Entity,2026-04-07_FMP_Technicals_BBAI_daily,2026-04-07_FMP_Technicals_BBAI_daily,2026-04-07_FMP_Technicals_BBAI_daily,,,,,,,entity,Entities,,,,,,,,,,,,,,,,2026-06-01,,,,,,,,,,,,,,
world:entity:2026-04-07-fmp-technicals-beam-daily,Entity,2026-04-07_FMP_Technicals_BEAM_daily,2026-04-07_FMP_Technicals_BEAM_daily,2026-04-07_FMP_Technicals_BEAM_daily,,,,,,,entity,Entities,,,,,,,,,,,,,,,,2026-06-01,,,,,,,,,,,,,,
world:entity:2026-04-07-fmp-technicals-biib-daily,Entity,2026-04-07_FMP_Technicals_BIIB_daily,2026-04-07_FMP_Technicals_BIIB_daily,2026-04-07_FMP_Technicals_BIIB_daily,,,,,,,entity,Entities,,,,,,,,,,,,,,,,2026-06-01,,,,,,,,,,,,,,
world:entity:2026-04-07-fmp-technicals-bksy-daily,Entity,2026-04-07_FMP_Technicals_BKSY_daily,2026-04-07_FMP_Technicals_BKSY_daily,2026-04-07_FMP_Technicals_BKSY_daily,,,,,,,entity,Entities,,,,,,,,,,,,,,,,2026-06-01,,,,,,,,,,,,,,
world:entity:2026-04-07-fmp-technicals-caci-daily,Entity,2026-04-07_FMP_Technicals_CACI_daily,2026-04-07_FMP_Technicals_CACI_daily,2026-04-07_FMP_Technicals_CACI_daily,,,,,,,entity,Entities,,,,,,,,,,,,,,,,2026-06-01,,,,,,,,,,,,,,
world:entity:2026-04-07-fmp-technicals-ccj-daily,Entity,2026-04-07_FMP_Technicals_CCJ_daily,2026-04-07_FMP_Technicals_CCJ_daily,2026-04-07_FMP_Technicals_CCJ_daily,,,,,,,entity,Entities,,,,,,,,,,,,,,,,2026-06-01,,,,,,,,,,,,,,
world:entity:2026-04-07-fmp-technicals-ceg-daily,Entity,2026-04-07_FMP_Technicals_CEG_daily,2026-04-07_FMP_Technicals_CEG_daily,2026-04-07_FMP_Technicals_CEG_daily,,,,,,,entity,Entities,,,,,,,,,,,,,,,,2026-06-01,,,,,,,,,,,,,,
world:entity:2026-04-07-fmp-technicals-cmps-daily,Entity,2026-04-07_FMP_Technicals_CMPS_daily,2026-04-07_FMP_Technicals_CMPS_daily,2026-04-07_FMP_Technicals_CMPS_daily,,,,,,,entity,Entities,,,,,,,,,,,,,,,,2026-06-01,,,,,,,,,,,,,,
world:entity:2026-04-07-fmp-technicals-coin-daily,Entity,2026-04-07_FMP_Technicals_COIN_daily,2026-04-07_FMP_Technicals_COIN_daily,2026-04-07_FMP_Technicals_COIN_daily,,,,,,,entity,Entities,,,,,,,,,,,,,,,,2026-06-01,,,,,,,,,,,,,,
world:entity:2026-04-07-fmp-technicals-crsp-daily,Entity,2026-04-07_FMP_Technicals_CRSP_daily,2026-04-07_FMP_Technicals_CRSP_daily,2026-04-07_FMP_Technicals_CRSP_daily,,,,,,,entity,Entities,,,,,,,,,,,,,,,,2026-06-01,,,,,,,,,,,,,,
world:entity:2026-04-07-fmp-technicals-dftx-daily,Entity,2026-04-07_FMP_Technicals_DFTX_daily,2026-04-07_FMP_Technicals_DFTX_daily,2026-04-07_FMP_Technicals_DFTX_daily,,,,,,,entity,Entities,,,,,,,,,,,,,,,,2026-06-01,,,,,,,,,,,,,,
world:entity:2026-04-07-fmp-technicals-dhi-daily,Entity,2026-04-07_FMP_Technicals_DHI_daily,2026-04-07_FMP_Technicals_DHI_daily,2026-04-07_FMP_Technicals_DHI_daily,,,,,,,entity,Entities,,,,,,,,,,,,,,,,2026-06-01,,,,,,,,,,,,,,
world:entity:2026-04-07-fmp-technicals-dpro-daily,Entity,2026-04-07_FMP_Technicals_DPRO_daily,2026-04-07_FMP_Technicals_DPRO_daily,2026-04-07_FMP_Technicals_DPRO_daily,,,,,,,entity,Entities,,,,,,,,,,,,,,,,2026-06-01,,,,,,,,,,,,,,
world:entity:2026-04-07-fmp-technicals-edit-daily,Entity,2026-04-07_FMP_Technicals_EDIT_daily,2026-04-07_FMP_Technicals_EDIT_daily,2026-04-07_FMP_Technicals_EDIT_daily,,,,,,,entity,Entities,,,,,,,,,,,,,,,,2026-06-01,,,,,,,,,,,,,,
world:entity:2026-04-07-fmp-technicals-eh-daily,Entity,2026-04-07_FMP_Technicals_EH_daily,2026-04-07_FMP_Technicals_EH_daily,2026-04-07_FMP_Technicals_EH_daily,,,,,,,entity,Entities,,,,,,,,,,,,,,,,2026-06-01,,,,,,,,,,,,,,
world:entity:2026-04-07-fmp-technicals-envx-daily,Entity,2026-04-07_FMP_Technicals_ENVX_daily,2026-04-07_FMP_Technicals_ENVX_daily,2026-04-07_FMP_Technicals_ENVX_daily,,,,,,,entity,Entities,,,,,,,,,,,,,,,,2026-06-01,,,,,,,,,,,,,,
world:entity:2026-04-07-fmp-technicals-eslt-daily,Entity,2026-04-07_FMP_Technicals_ESLT_daily,2026-04-07_FMP_Technicals_ESLT_daily,2026-04-07_FMP_Technicals_ESLT_daily,,,,,,,entity,Entities,,,,,,,,,,,,,,,,2026-06-01,,,,,,,,,,,,,,
world:entity:2026-04-07-fmp-technicals-etn-daily,Entity,2026-04-07_FMP_Technicals_ETN_daily,2026-04-07_FMP_Technicals_ETN_daily,2026-04-07_FMP_Technicals_ETN_daily,,,,,,,entity,Entities,,,,,,,,,,,,,,,,2026-06-01,,,,,,,,,,,,,,
world:entity:2026-04-07-fmp-technicals-evtl-daily,Entity,2026-04-07_FMP_Technicals_EVTL_daily,2026-04-07_FMP_Technicals_EVTL_daily,2026-04-07_FMP_Technicals_EVTL_daily,,,,,,,entity,Entities,,,,,,,,,,,,,,,,2026-06-01,,,,,,,,,,,,,,
world:entity:2026-04-07-fmp-technicals-flnc-daily,Entity,2026-04-07_FMP_Technicals_FLNC_daily,2026-04-07_FMP_Technicals_FLNC_daily,2026-04-07_FMP_Technicals_FLNC_daily,,,,,,,entity,Entities,,,,,,,,,,,,,,,,2026-06-01,,,,,,,,,,,,,,
world:entity:2026-04-07-fmp-technicals-gd-daily,Entity,2026-04-07_FMP_Technicals_GD_daily,2026-04-07_FMP_Technicals_GD_daily,2026-04-07_FMP_Technicals_GD_daily,,,,,,,entity,Entities,,,,,,,,,,,,,,,,2026-06-01,,,,,,,,,,,,,,
world:entity:2026-04-07-fmp-technicals-gev-daily,Entity,2026-04-07_FMP_Technicals_GEV_daily,2026-04-07_FMP_Technicals_GEV_daily,2026-04-07_FMP_Technicals_GEV_daily,,,,,,,entity,Entities,,,,,,,,,,,,,,,,2026-06-01,,,,,,,,,,,,,,
world:entity:2026-04-07-fmp-technicals-ghrs-daily,Entity,2026-04-07_FMP_Technicals_GHRS_daily,2026-04-07_FMP_Technicals_GHRS_daily,2026-04-07_FMP_Technicals_GHRS_daily,,,,,,,entity,Entities,,,,,,,,,,,,,,,,2026-06-01,,,,,,,,,,,,,,
world:entity:2026-04-07-fmp-technicals-gold-daily,Entity,2026-04-07_FMP_Technicals_GOLD_daily,2026-04-07_FMP_Technicals_GOLD_daily,2026-04-07_FMP_Technicals_GOLD_daily,,,,,,,entity,Entities,,,,,,,,,,,,,,,,2026-06-01,,,,,,,,,,,,,,
world:entity:2026-04-07-fmp-technicals-googl-daily,Entity,2026-04-07_FMP_Technicals_GOOGL_daily,2026-04-07_FMP_Technicals_GOOGL_daily,2026-04-07_FMP_Technicals_GOOGL_daily,,,,,,,entity,Entities,,,,,,,,,,,,,,,,2026-06-01,,,,,,,,,,,,,,
world:entity:2026-04-07-fmp-technicals-help-daily,Entity,2026-04-07_FMP_Technicals_HELP_daily,2026-04-07_FMP_Technicals_HELP_daily,2026-04-07_FMP_Technicals_HELP_daily,,,,,,,entity,Entities,,,,,,,,,,,,,,,,2026-06-01,,,,,,,,,,,,,,
world:entity:2026-04-07-fmp-technicals-hims-daily,Entity,2026-04-07_FMP_Technicals_HIMS_daily,2026-04-07_FMP_Technicals_HIMS_daily,2026-04-07_FMP_Technicals_HIMS_daily,,,,,,,entity,Entities,,,,,,,,,,,,,,,,2026-06-01,,,,,,,,,,,,,,
world:entity:2026-04-07-fmp-technicals-hovr-daily,Entity,2026-04-07_FMP_Technicals_HOVR_daily,2026-04-07_FMP_Technicals_HOVR_daily,2026-04-07_FMP_Technicals_HOVR_daily,,,,,,,entity,Entities,,,,,,,,,,,,,,,,2026-06-01,,,,,,,,,,,,,,
world:entity:2026-04-07-fmp-technicals-inva-daily,Entity,2026-04-07_FMP_Technicals_INVA_daily,2026-04-07_FMP_Technicals_INVA_daily,2026-04-07_FMP_Technicals_INVA_daily,,,,,,,entity,Entities,,,,,,,,,,,,,,,,2026-06-01,,,,,,,,,,,,,,
world:entity:2026-04-07-fmp-technicals-ionq-daily,Entity,2026-04-07_FMP_Technicals_IONQ_daily,2026-04-07_FMP_Technicals_IONQ_daily,2026-04-07_FMP_Technicals_IONQ_daily,,,,,,,entity,Entities,,,,,,,,,,,,,,,,2026-06-01,,,,,,,,,,,,,,
world:entity:2026-04-07-fmp-technicals-jnj-daily,Entity,2026-04-07_FMP_Technicals_JNJ_daily,2026-04-07_FMP_Technicals_JNJ_daily,2026-04-07_FMP_Technicals_JNJ_daily,,,,,,,entity,Entities,,,,,,,,,,,,,,,,2026-06-01,,,,,,,,,,,,,,
world:entity:2026-04-07-fmp-technicals-joby-daily,Entity,2026-04-07_FMP_Technicals_JOBY_daily,2026-04-07_FMP_Technicals_JOBY_daily,2026-04-07_FMP_Technicals_JOBY_daily,,,,,,,entity,Entities,,,,,,,,,,,,,,,,2026-06-01,,,,,,,,,,,,,,
world:entity:2026-04-07-fmp-technicals-klac-daily,Entity,2026-04-07_FMP_Technicals_KLAC_daily,2026-04-07_FMP_Technicals_KLAC_daily,2026-04-07_FMP_Technicals_KLAC_daily,,,,,,,entity,Entities,,,,,,,,,,,,,,,,2026-06-01,,,,,,,,,,,,,,
world:entity:2026-04-07-fmp-technicals-ktos-daily,Entity,2026-04-07_FMP_Technicals_KTOS_daily,2026-04-07_FMP_Technicals_KTOS_daily,2026-04-07_FMP_Technicals_KTOS_daily,,,,,,,entity,Entities,,,,,,,,,,,,,,,,2026-06-01,,,,,,,,,,,,,,
world:entity:2026-04-07-fmp-technicals-ldos-daily,Entity,2026-04-07_FMP_Technicals_LDOS_daily,2026-04-07_FMP_Technicals_LDOS_daily,2026-04-07_FMP_Technicals_LDOS_daily,,,,,,,entity,Entities,,,,,,,,,,,,,,,,2026-06-01,,,,,,,,,,,,,,
world:entity:2026-04-07-fmp-technicals-len-daily,Entity,2026-04-07_FMP_Technicals_LEN_daily,2026-04-07_FMP_Technicals_LEN_daily,2026-04-07_FMP_Technicals_LEN_daily,,,,,,,entity,Entities,,,,,,,,,,,,,,,,2026-06-01,,,,,,,,,,,,,,
world:entity:2026-04-07-fmp-technicals-lhx-daily,Entity,2026-04-07_FMP_Technicals_LHX_daily,2026-04-07_FMP_Technicals_LHX_daily,2026-04-07_FMP_Technicals_LHX_daily,,,,,,,entity,Entities,,,,,,,,,,,,,,,,2026-06-01,,,,,,,,,,,,,,
world:entity:2026-04-07-fmp-technicals-lly-daily,Entity,2026-04-07_FMP_Technicals_LLY_daily,2026-04-07_FMP_Technicals_LLY_daily,2026-04-07_FMP_Technicals_LLY_daily,,,,,,,entity,Entities,,,,,,,,,,,,,,,,2026-06-01,,,,,,,,,,,,,,
world:entity:2026-04-07-fmp-technicals-lmt-daily,Entity,2026-04-07_FMP_Technicals_LMT_daily,2026-04-07_FMP_Technicals_LMT_daily,2026-04-07_FMP_Technicals_LMT_daily,,,,,,,entity,Entities,,,,,,,,,,,,,,,,2026-06-01,,,,,,,,,,,,,,
world:entity:2026-04-07-fmp-technicals-lrcx-daily,Entity,2026-04-07_FMP_Technicals_LRCX_daily,2026-04-07_FMP_Technicals_LRCX_daily,2026-04-07_FMP_Technicals_LRCX_daily,,,,,,,entity,Entities,,,,,,,,,,,,,,,,2026-06-01,,,,,,,,,,,,,,
world:entity:2026-04-07-fmp-technicals-mnts-daily,Entity,2026-04-07_FMP_Technicals_MNTS_daily,2026-04-07_FMP_Technicals_MNTS_daily,2026-04-07_FMP_Technicals_MNTS_daily,,,,,,,entity,Entities,,,,,,,,,,,,,,,,2026-06-01,,,,,,,,,,,,,,
world:entity:2026-04-07-fmp-technicals-mrk-daily,Entity,2026-04-07_FMP_Technicals_MRK_daily,2026-04-07_FMP_Technicals_MRK_daily,2026-04-07_FMP_Technicals_MRK_daily,,,,,,,entity,Entities,,,,,,,,,,,,,,,,2026-06-01,,,,,,,,,,,,,,
world:entity:2026-04-07-fmp-technicals-msft-daily,Entity,2026-04-07_FMP_Technicals_MSFT_daily,2026-04-07_FMP_Technicals_MSFT_daily,2026-04-07_FMP_Technicals_MSFT_daily,,,,,,,entity,Entities,,,,,,,,,,,,,,,,2026-06-01,,,,,,,,,,,,,,
world:entity:2026-04-07-fmp-technicals-mstr-daily,Entity,2026-04-07_FMP_Technicals_MSTR_daily,2026-04-07_FMP_Technicals_MSTR_daily,2026-04-07_FMP_Technicals_MSTR_daily,,,,,,,entity,Entities,,,,,,,,,,,,,,,,2026-06-01,,,,,,,,,,,,,,
world:entity:2026-04-07-fmp-technicals-nbix-daily,Entity,2026-04-07_FMP_Technicals_NBIX_daily,2026-04-07_FMP_Technicals_NBIX_daily,2026-04-07_FMP_Technicals_NBIX_daily,,,,,,,entity,Entities,,,,,,,,,,,,,,,,2026-06-01,,,,,,,,,,,,,,
world:entity:2026-04-07-fmp-technicals-nem-daily,Entity,2026-04-07_FMP_Technicals_NEM_daily,2026-04-07_FMP_Technicals_NEM_daily,2026-04-07_FMP_Technicals_NEM_daily,,,,,,,entity,Entities,,,,,,,,,,,,,,,,2026-06-01,,,,,,,,,,,,,,
world:entity:2026-04-07-fmp-technicals-nne-daily,Entity,2026-04-07_FMP_Technicals_NNE_daily,2026-04-07_FMP_Technicals_NNE_daily,2026-04-07_FMP_Technicals_NNE_daily,,,,,,,entity,Entities,,,,,,,,,,,,,,,,2026-06-01,,,,,,,,,,,,,,
world:entity:2026-04-07-fmp-technicals-noc-daily,Entity,2026-04-07_FMP_Technicals_NOC_daily,2026-04-07_FMP_Technicals_NOC_daily,2026-04-07_FMP_Technicals_NOC_daily,,,,,,,entity,Entities,,,,,,,,,,,,,,,,2026-06-01,,,,,,,,,,,,,,
world:entity:2026-04-07-fmp-technicals-nrg-daily,Entity,2026-04-07_FMP_Technicals_NRG_daily,2026-04-07_FMP_Technicals_NRG_daily,2026-04-07_FMP_Technicals_NRG_daily,,,,,,,entity,Entities,,,,,,,,,,,,,,,,2026-06-01,,,,,,,,,,,,,,
world:entity:2026-04-07-fmp-technicals-ntla-daily,Entity,2026-04-07_FMP_Technicals_NTLA_daily,2026-04-07_FMP_Technicals_NTLA_daily,2026-04-07_FMP_Technicals_NTLA_daily,,,,,,,entity,Entities,,,,,,,,,,,,,,,,2026-06-01,,,,,,,,,,,,,,
world:entity:2026-04-07-fmp-technicals-nvda-daily,Entity,2026-04-07_FMP_Technicals_NVDA_daily,2026-04-07_FMP_Technicals_NVDA_daily,2026-04-07_FMP_Technicals_NVDA_daily,,,,,,,entity,Entities,,,,,,,,,,,,,,,,2026-06-01,,,,,,,,,,,,,,
world:entity:2026-04-07-fmp-technicals-nvr-daily,Entity,2026-04-07_FMP_Technicals_NVR_daily,2026-04-07_FMP_Technicals_NVR_daily,2026-04-07_FMP_Technicals_NVR_daily,,,,,,,entity,Entities,,,,,,,,,,,,,,,,2026-06-01,,,,,,,,,,,,,,
world:entity:2026-04-07-fmp-technicals-oklo-daily,Entity,2026-04-07_FMP_Technicals_OKLO_daily,2026-04-07_FMP_Technicals_OKLO_daily,2026-04-07_FMP_Technicals_OKLO_daily,,,,,,,entity,Entities,,,,,,,,,,,,,,,,2026-06-01,,,,,,,,,,,,,,
world:entity:2026-04-07-fmp-technicals-on-daily,Entity,2026-04-07_FMP_Technicals_ON_daily,2026-04-07_FMP_Technicals_ON_daily,2026-04-07_FMP_Technicals_ON_daily,,,,,,,entity,Entities,,,,,,,,,,,,,,,,2026-06-01,,,,,,,,,,,,,,
world:entity:2026-04-07-fmp-technicals-onds-daily,Entity,2026-04-07_FMP_Technicals_ONDS_daily,2026-04-07_FMP_Technicals_ONDS_daily,2026-04-07_FMP_Technicals_ONDS_daily,,,,,,,entity,Entities,,,,,,,,,,,,,,,,2026-06-01,,,,,,,,,,,,,,
world:entity:2026-04-07-fmp-technicals-onto-daily,Entity,2026-04-07_FMP_Technicals_ONTO_daily,2026-04-07_FMP_Technicals_ONTO_daily,2026-04-07_FMP_Technicals_ONTO_daily,,,,,,,entity,Entities,,,,,,,,,,,,,,,,2026-06-01,,,,,,,,,,,,,,
world:entity:2026-04-07-fmp-technicals-pfe-daily,Entity,2026-04-07_FMP_Technicals_PFE_daily,2026-04-07_FMP_Technicals_PFE_daily,2026-04-07_FMP_Technicals_PFE_daily,,,,,,,entity,Entities,,,,,,,,,,,,,,,,2026-06-01,,,,,,,,,,,,,,
world:entity:2026-04-07-fmp-technicals-pl-daily,Entity,2026-04-07_FMP_Technicals_PL_daily,2026-04-07_FMP_Technicals_PL_daily,2026-04-07_FMP_Technicals_PL_daily,,,,,,,entity,Entities,,,,,,,,,,,,,,,,2026-06-01,,,,,,,,,,,,,,
world:entity:2026-04-07-fmp-technicals-pltr-daily,Entity,2026-04-07_FMP_Technicals_PLTR_daily,2026-04-07_FMP_Technicals_PLTR_daily,2026-04-07_FMP_Technicals_PLTR_daily,,,,,,,entity,Entities,,,,,,,,,,,,,,,,2026-06-01,,,,,,,,,,,,,,
world:entity:2026-04-07-fmp-technicals-prta-daily,Entity,2026-04-07_FMP_Technicals_PRTA_daily,2026-04-07_FMP_Technicals_PRTA_daily,2026-04-07_FMP_Technicals_PRTA_daily,,,,,,,entity,Entities,,,,,,,,,,,,,,,,2026-06-01,,,,,,,,,,,,,,
world:entity:2026-04-07-fmp-technicals-psil-daily,Entity,2026-04-07_FMP_Technicals_PSIL_daily,2026-04-07_FMP_Technicals_PSIL_daily,2026-04-07_FMP_Technicals_PSIL_daily,,,,,,,entity,Entities,,,,,,,,,,,,,,,,2026-06-01,,,,,,,,,,,,,,
world:entity:2026-04-07-fmp-technicals-qubt-daily,Entity,2026-04-07_FMP_Technicals_QUBT_daily,2026-04-07_FMP_Technicals_QUBT_daily,2026-04-07_FMP_Technicals_QUBT_daily,,,,,,,entity,Entities,,,,,,,,,,,,,,,,2026-06-01,,,,,,,,,,,,,,
world:entity:2026-04-07-fmp-technicals-rcat-daily,Entity,2026-04-07_FMP_Technicals_RCAT_daily,2026-04-07_FMP_Technicals_RCAT_daily,2026-04-07_FMP_Technicals_RCAT_daily,,,,,,,entity,Entities,,,,,,,,,,,,,,,,2026-06-01,,,,,,,,,,,,,,
world:entity:2026-04-07-fmp-technicals-rgti-daily,Entity,2026-04-07_FMP_Technicals_RGTI_daily,2026-04-07_FMP_Technicals_RGTI_daily,2026-04-07_FMP_Technicals_RGTI_daily,,,,,,,entity,Entities,,,,,,,,,,,,,,,,2026-06-01,,,,,,,,,,,,,,
world:entity:2026-04-07-fmp-technicals-rklb-daily,Entity,2026-04-07_FMP_Technicals_RKLB_daily,2026-04-07_FMP_Technicals_RKLB_daily,2026-04-07_FMP_Technicals_RKLB_daily,,,,,,,entity,Entities,,,,,,,,,,,,,,,,2026-06-01,,,,,,,,,,,,,,
world:entity:2026-04-07-fmp-technicals-rprx-daily,Entity,2026-04-07_FMP_Technicals_RPRX_daily,2026-04-07_FMP_Technicals_RPRX_daily,2026-04-07_FMP_Technicals_RPRX_daily,,,,,,,entity,Entities,,,,,,,,,,,,,,,,2026-06-01,,,,,,,,,,,,,,
world:entity:2026-04-07-fmp-technicals-rtx-daily,Entity,2026-04-07_FMP_Technicals_RTX_daily,2026-04-07_FMP_Technicals_RTX_daily,2026-04-07_FMP_Technicals_RTX_daily,,,,,,,entity,Entities,,,,,,,,,,,,,,,,2026-06-01,,,,,,,,,,,,,,
world:entity:2026-04-07-fmp-technicals-saic-daily,Entity,2026-04-07_FMP_Technicals_SAIC_daily,2026-04-07_FMP_Technicals_SAIC_daily,2026-04-07_FMP_Technicals_SAIC_daily,,,,,,,entity,Entities,,,,,,,,,,,,,,,,2026-06-01,,,,,,,,,,,,,,
world:entity:2026-04-07-fmp-technicals-sky-daily,Entity,2026-04-07_FMP_Technicals_SKY_daily,2026-04-07_FMP_Technicals_SKY_daily,2026-04-07_FMP_Technicals_SKY_daily,,,,,,,entity,Entities,,,,,,,,,,,,,,,,2026-06-01,,,,,,,,,,,,,,
world:entity:2026-04-07-fmp-technicals-smr-daily,Entity,2026-04-07_FMP_Technicals_SMR_daily,2026-04-07_FMP_Technicals_SMR_daily,2026-04-07_FMP_Technicals_SMR_daily,,,,,,,entity,Entities,,,,,,,,,,,,,,,,2026-06-01,,,,,,,,,,,,,,
world:entity:2026-04-07-fmp-technicals-spir-daily,Entity,2026-04-07_FMP_Technicals_SPIR_daily,2026-04-07_FMP_Technicals_SPIR_daily,2026-04-07_FMP_Technicals_SPIR_daily,,,,,,,entity,Entities,,,,,,,,,,,,,,,,2026-06-01,,,,,,,,,,,,,,
world:entity:2026-04-07-fmp-technicals-spro-daily,Entity,2026-04-07_FMP_Technicals_SPRO_daily,2026-04-07_FMP_Technicals_SPRO_daily,2026-04-07_FMP_Technicals_SPRO_daily,,,,,,,entity,Entities,,,,,,,,,,,,,,,,2026-06-01,,,,,,,,,,,,,,
world:entity:2026-04-07-fmp-technicals-stem-daily,Entity,2026-04-07_FMP_Technicals_STEM_daily,2026-04-07_FMP_Technicals_STEM_daily,2026-04-07_FMP_Technicals_STEM_daily,,,,,,,entity,Entities,,,,,,,,,,,,,,,,2026-06-01,,,,,,,,,,,,,,
world:entity:2026-04-07-fmp-technicals-strl-daily,Entity,2026-04-07_FMP_Technicals_STRL_daily,2026-04-07_FMP_Technicals_STRL_daily,2026-04-07_FMP_Technicals_STRL_daily,,,,,,,entity,Entities,,,,,,,,,,,,,,,,2026-06-01,,,,,,,,,,,,,,
world:entity:2026-04-07-fmp-technicals-tdy-daily,Entity,2026-04-07_FMP_Technicals_TDY_daily,2026-04-07_FMP_Technicals_TDY_daily,2026-04-07_FMP_Technicals_TDY_daily,,,,,,,entity,Entities,,,,,,,,,,,,,,,,2026-06-01,,,,,,,,,,,,,,
world:entity:2026-04-07-fmp-technicals-tmhc-daily,Entity,2026-04-07_FMP_Technicals_TMHC_daily,2026-04-07_FMP_Technicals_TMHC_daily,2026-04-07_FMP_Technicals_TMHC_daily,,,,,,,entity,Entities,,,,,,,,,,,,,,,,2026-06-01,,,,,,,,,,,,,,
world:entity:2026-04-07-fmp-technicals-tol-daily,Entity,2026-04-07_FMP_Technicals_TOL_daily,2026-04-07_FMP_Technicals_TOL_daily,2026-04-07_FMP_Technicals_TOL_daily,,,,,,,entity,Entities,,,,,,,,,,,,,,,,2026-06-01,,,,,,,,,,,,,,
world:entity:2026-04-07-fmp-technicals-tsla-daily,Entity,2026-04-07_FMP_Technicals_TSLA_daily,2026-04-07_FMP_Technicals_TSLA_daily,2026-04-07_FMP_Technicals_TSLA_daily,,,,,,,entity,Entities,,,,,,,,,,,,,,,,2026-06-01,,,,,,,,,,,,,,
world:entity:2026-04-07-fmp-technicals-txt-daily,Entity,2026-04-07_FMP_Technicals_TXT_daily,2026-04-07_FMP_Technicals_TXT_daily,2026-04-07_FMP_Technicals_TXT_daily,,,,,,,entity,Entities,,,,,,,,,,,,,,,,2026-06-01,,,,,,,,,,,,,,
world:entity:2026-04-07-fmp-technicals-umac-daily,Entity,2026-04-07_FMP_Technicals_UMAC_daily,2026-04-07_FMP_Technicals_UMAC_daily,2026-04-07_FMP_Technicals_UMAC_daily,,,,,,,entity,Entities,,,,,,,,,,,,,,,,2026-06-01,,,,,,,,,,,,,,
world:entity:2026-04-07-fmp-technicals-unty-daily,Entity,2026-04-07_FMP_Technicals_UNTY_daily,2026-04-07_FMP_Technicals_UNTY_daily,2026-04-07_FMP_Technicals_UNTY_daily,,,,,,,entity,Entities,,,,,,,,,,,,,,,,2026-06-01,,,,,,,,,,,,,,
world:entity:2026-04-07-fmp-technicals-vktx-daily,Entity,2026-04-07_FMP_Technicals_VKTX_daily,2026-04-07_FMP_Technicals_VKTX_daily,2026-04-07_FMP_Technicals_VKTX_daily,,,,,,,entity,Entities,,,,,,,,,,,,,,,,2026-06-01,,,,,,,,,,,,,,
world:entity:2026-04-07-fmp-technicals-vst-daily,Entity,2026-04-07_FMP_Technicals_VST_daily,2026-04-07_FMP_Technicals_VST_daily,2026-04-07_FMP_Technicals_VST_daily,,,,,,,entity,Entities,,,,,,,,,,,,,,,,2026-06-01,,,,,,,,,,,,,,
world:entity:2026-04-07-fmp-technicals-wolf-daily,Entity,2026-04-07_FMP_Technicals_WOLF_daily,2026-04-07_FMP_Technicals_WOLF_daily,2026-04-07_FMP_Technicals_WOLF_daily,,,,,,,entity,Entities,,,,,,,,,,,,,,,,2026-06-01,,,,,,,,,,,,,,
world:entity:2026-04-07-fmp-technicals-wpm-daily,Entity,2026-04-07_FMP_Technicals_WPM_daily,2026-04-07_FMP_Technicals_WPM_daily,2026-04-07_FMP_Technicals_WPM_daily,,,,,,,entity,Entities,,,,,,,,,,,,,,,,2026-06-01,,,,,,,,,,,,,,
world:entity:2026-04-07-fmp-technicals-xoma-daily,Entity,2026-04-07_FMP_Technicals_XOMA_daily,2026-04-07_FMP_Technicals_XOMA_daily,2026-04-07_FMP_Technicals_XOMA_daily,,,,,,,entity,Entities,,,,,,,,,,,,,,,,2026-06-01,,,,,,,,,,,,,,
world:entity:2026-04-20-confirm-antimicrobial-resistance-pipeline,Entity,2026-04-20_CONFIRM_ANTIMICROBIAL_RESISTANCE_PIPELINE,2026-04-20_CONFIRM_ANTIMICROBIAL_RESISTANCE_PIPELINE,2026-04-20_CONFIRM_ANTIMICROBIAL_RESISTANCE_PIPELINE,,,,,,,entity,Entities,,,,,,,,,,,,,,,,2026-06-01,,,,,,,,,,,,,,
world:entity:2026-04-20-fmp-earnings-calendar-thesis-watchlists,Entity,2026-04-20_FMP_Earnings_Calendar_Thesis_Watchlists,2026-04-20_FMP_Earnings_Calendar_Thesis_Watchlists,2026-04-20_FMP_Earnings_Calendar_Thesis_Watchlists,,,,,,,entity,Entities,,,,,,,,,,,,,,,,2026-06-01,,,,,,,,,,,,,,
world:entity:2026-04-20-fmp-technicals-abbv-daily,Entity,2026-04-20_FMP_Technicals_ABBV_daily,2026-04-20_FMP_Technicals_ABBV_daily,2026-04-20_FMP_Technicals_ABBV_daily,,,,,,,entity,Entities,,,,,,,,,,,,,,,,2026-06-01,,,,,,,,,,,,,,
world:entity:2026-04-20-fmp-technicals-acad-daily,Entity,2026-04-20_FMP_Technicals_ACAD_daily,2026-04-20_FMP_Technicals_ACAD_daily,2026-04-20_FMP_Technicals_ACAD_daily,,,,,,,entity,Entities,,,,,,,,,,,,,,,,2026-06-01,,,,,,,,,,,,,,
world:entity:2026-04-20-fmp-technicals-achr-daily,Entity,2026-04-20_FMP_Technicals_ACHR_daily,2026-04-20_FMP_Technicals_ACHR_daily,2026-04-20_FMP_Technicals_ACHR_daily,,,,,,,entity,Entities,,,,,,,,,,,,,,,,2026-06-01,,,,,,,,,,,,,,
world:entity:2026-04-20-fmp-technicals-airo-daily,Entity,2026-04-20_FMP_Technicals_AIRO_daily,2026-04-20_FMP_Technicals_AIRO_daily,2026-04-20_FMP_Technicals_AIRO_daily,,,,,,,entity,Entities,,,,,,,,,,,,,,,,2026-06-01,,,,,,,,,,,,,,
world:entity:2026-04-20-fmp-technicals-alks-daily,Entity,2026-04-20_FMP_Technicals_ALKS_daily,2026-04-20_FMP_Technicals_ALKS_daily,2026-04-20_FMP_Technicals_ALKS_daily,,,,,,,entity,Entities,,,,,,,,,,,,,,,,2026-06-01,,,,,,,,,,,,,,
world:entity:2026-04-20-fmp-technicals-alvo-daily,Entity,2026-04-20_FMP_Technicals_ALVO_daily,2026-04-20_FMP_Technicals_ALVO_daily,2026-04-20_FMP_Technicals_ALVO_daily,,,,,,,entity,Entities,,,,,,,,,,,,,,,,2026-06-01,,,,,,,,,,,,,,
world:entity:2026-04-20-fmp-technicals-amat-daily,Entity,2026-04-20_FMP_Technicals_AMAT_daily,2026-04-20_FMP_Technicals_AMAT_daily,2026-04-20_FMP_Technicals_AMAT_daily,,,,,,,entity,Entities,,,,,,,,,,,,,,,,2026-06-01,,,,,,,,,,,,,,
world:entity:2026-04-20-fmp-technicals-amgn-daily,Entity,2026-04-20_FMP_Technicals_AMGN_daily,2026-04-20_FMP_Technicals_AMGN_daily,2026-04-20_FMP_Technicals_AMGN_daily,,,,,,,entity,Entities,,,,,,,,,,,,,,,,2026-06-01,,,,,,,,,,,,,,
world:entity:2026-04-20-fmp-technicals-amzn-daily,Entity,2026-04-20_FMP_Technicals_AMZN_daily,2026-04-20_FMP_Technicals_AMZN_daily,2026-04-20_FMP_Technicals_AMZN_daily,,,,,,,entity,Entities,,,,,,,,,,,,,,,,2026-06-01,,,,,,,,,,,,,,
world:entity:2026-04-20-fmp-technicals-asts-daily,Entity,2026-04-20_FMP_Technicals_ASTS_daily,2026-04-20_FMP_Technicals_ASTS_daily,2026-04-20_FMP_Technicals_ASTS_daily,,,,,,,entity,Entities,,,,,,,,,,,,,,,,2026-06-01,,,,,,,,,,,,,,
world:entity:2026-04-20-fmp-technicals-atai-daily,Entity,2026-04-20_FMP_Technicals_ATAI_daily,2026-04-20_FMP_Technicals_ATAI_daily,2026-04-20_FMP_Technicals_ATAI_daily,,,,,,,entity,Entities,,,,,,,,,,,,,,,,2026-06-01,,,,,,,,,,,,,,
world:entity:2026-04-20-fmp-technicals-avav-daily,Entity,2026-04-20_FMP_Technicals_AVAV_daily,2026-04-20_FMP_Technicals_AVAV_daily,2026-04-20_FMP_Technicals_AVAV_daily,,,,,,,entity,Entities,,,,,,,,,,,,,,,,2026-06-01,,,,,,,,,,,,,,
world:entity:2026-04-20-fmp-technicals-bah-daily,Entity,2026-04-20_FMP_Technicals_BAH_daily,2026-04-20_FMP_Technicals_BAH_daily,2026-04-20_FMP_Technicals_BAH_daily,,,,,,,entity,Entities,,,,,,,,,,,,,,,,2026-06-01,,,,,,,,,,,,,,
world:entity:2026-04-20-fmp-technicals-bbai-daily,Entity,2026-04-20_FMP_Technicals_BBAI_daily,2026-04-20_FMP_Technicals_BBAI_daily,2026-04-20_FMP_Technicals_BBAI_daily,,,,,,,entity,Entities,,,,,,,,,,,,,,,,2026-06-01,,,,,,,,,,,,,,
world:entity:2026-04-20-fmp-technicals-beam-daily,Entity,2026-04-20_FMP_Technicals_BEAM_daily,2026-04-20_FMP_Technicals_BEAM_daily,2026-04-20_FMP_Technicals_BEAM_daily,,,,,,,entity,Entities,,,,,,,,,,,,,,,,2026-06-01,,,,,,,,,,,,,,
world:entity:2026-04-20-fmp-technicals-biib-daily,Entity,2026-04-20_FMP_Technicals_BIIB_daily,2026-04-20_FMP_Technicals_BIIB_daily,2026-04-20_FMP_Technicals_BIIB_daily,,,,,,,entity,Entities,,,,,,,,,,,,,,,,2026-06-01,,,,,,,,,,,,,,
world:entity:2026-04-20-fmp-technicals-bksy-daily,Entity,2026-04-20_FMP_Technicals_BKSY_daily,2026-04-20_FMP_Technicals_BKSY_daily,2026-04-20_FMP_Technicals_BKSY_daily,,,,,,,entity,Entities,,,,,,,,,,,,,,,,2026-06-01,,,,,,,,,,,,,,
world:entity:2026-04-20-fmp-technicals-caci-daily,Entity,2026-04-20_FMP_Technicals_CACI_daily,2026-04-20_FMP_Technicals_CACI_daily,2026-04-20_FMP_Technicals_CACI_daily,,,,,,,entity,Entities,,,,,,,,,,,,,,,,2026-06-01,,,,,,,,,,,,,,
world:entity:2026-04-20-fmp-technicals-ccj-daily,Entity,2026-04-20_FMP_Technicals_CCJ_daily,2026-04-20_FMP_Technicals_CCJ_daily,2026-04-20_FMP_Technicals_CCJ_daily,,,,,,,entity,Entities,,,,,,,,,,,,,,,,2026-06-01,,,,,,,,,,,,,,
world:entity:2026-04-20-fmp-technicals-ceg-daily,Entity,2026-04-20_FMP_Technicals_CEG_daily,2026-04-20_FMP_Technicals_CEG_daily,2026-04-20_FMP_Technicals_CEG_daily,,,,,,,entity,Entities,,,,,,,,,,,,,,,,2026-06-01,,,,,,,,,,,,,,
world:entity:2026-04-20-fmp-technicals-cmps-daily,Entity,2026-04-20_FMP_Technicals_CMPS_daily,2026-04-20_FMP_Technicals_CMPS_daily,2026-04-20_FMP_Technicals_CMPS_daily,,,,,,,entity,Entities,,,,,,,,,,,,,,,,2026-06-01,,,,,,,,,,,,,,
world:entity:2026-04-20-fmp-technicals-coin-daily,Entity,2026-04-20_FMP_Technicals_COIN_daily,2026-04-20_FMP_Technicals_COIN_daily,2026-04-20_FMP_Technicals_COIN_daily,,,,,,,entity,Entities,,,,,,,,,,,,,,,,2026-06-01,,,,,,,,,,,,,,
world:entity:2026-04-20-fmp-technicals-crsp-daily,Entity,2026-04-20_FMP_Technicals_CRSP_daily,2026-04-20_FMP_Technicals_CRSP_daily,2026-04-20_FMP_Technicals_CRSP_daily,,,,,,,entity,Entities,,,,,,,,,,,,,,,,2026-06-01,,,,,,,,,,,,,,
world:entity:2026-04-20-fmp-technicals-dftx-daily,Entity,2026-04-20_FMP_Technicals_DFTX_daily,2026-04-20_FMP_Technicals_DFTX_daily,2026-04-20_FMP_Technicals_DFTX_daily,,,,,,,entity,Entities,,,,,,,,,,,,,,,,2026-06-01,,,,,,,,,,,,,,
world:entity:2026-04-20-fmp-technicals-dhi-daily,Entity,2026-04-20_FMP_Technicals_DHI_daily,2026-04-20_FMP_Technicals_DHI_daily,2026-04-20_FMP_Technicals_DHI_daily,,,,,,,entity,Entities,,,,,,,,,,,,,,,,2026-06-01,,,,,,,,,,,,,,
world:entity:2026-04-20-fmp-technicals-dpro-daily,Entity,2026-04-20_FMP_Technicals_DPRO_daily,2026-04-20_FMP_Technicals_DPRO_daily,2026-04-20_FMP_Technicals_DPRO_daily,,,,,,,entity,Entities,,,,,,,,,,,,,,,,2026-06-01,,,,,,,,,,,,,,
world:entity:2026-04-20-fmp-technicals-edit-daily,Entity,2026-04-20_FMP_Technicals_EDIT_daily,2026-04-20_FMP_Technicals_EDIT_daily,2026-04-20_FMP_Technicals_EDIT_daily,,,,,,,entity,Entities,,,,,,,,,,,,,,,,2026-06-01,,,,,,,,,,,,,,
world:entity:2026-04-20-fmp-technicals-eh-daily,Entity,2026-04-20_FMP_Technicals_EH_daily,2026-04-20_FMP_Technicals_EH_daily,2026-04-20_FMP_Technicals_EH_daily,,,,,,,entity,Entities,,,,,,,,,,,,,,,,2026-06-01,,,,,,,,,,,,,,
world:entity:2026-04-20-fmp-technicals-envx-daily,Entity,2026-04-20_FMP_Technicals_ENVX_daily,2026-04-20_FMP_Technicals_ENVX_daily,2026-04-20_FMP_Technicals_ENVX_daily,,,,,,,entity,Entities,,,,,,,,,,,,,,,,2026-06-01,,,,,,,,,,,,,,
world:entity:2026-04-20-fmp-technicals-eslt-daily,Entity,2026-04-20_FMP_Technicals_ESLT_daily,2026-04-20_FMP_Technicals_ESLT_daily,2026-04-20_FMP_Technicals_ESLT_daily,,,,,,,entity,Entities,,,,,,,,,,,,,,,,2026-06-01,,,,,,,,,,,,,,
world:entity:2026-04-20-fmp-technicals-etn-daily,Entity,2026-04-20_FMP_Technicals_ETN_daily,2026-04-20_FMP_Technicals_ETN_daily,2026-04-20_FMP_Technicals_ETN_daily,,,,,,,entity,Entities,,,,,,,,,,,,,,,,2026-06-01,,,,,,,,,,,,,,
world:entity:2026-04-20-fmp-technicals-evtl-daily,Entity,2026-04-20_FMP_Technicals_EVTL_daily,2026-04-20_FMP_Technicals_EVTL_daily,2026-04-20_FMP_Technicals_EVTL_daily,,,,,,,entity,Entities,,,,,,,,,,,,,,,,2026-06-01,,,,,,,,,,,,,,
world:entity:2026-04-20-fmp-technicals-flnc-daily,Entity,2026-04-20_FMP_Technicals_FLNC_daily,2026-04-20_FMP_Technicals_FLNC_daily,2026-04-20_FMP_Technicals_FLNC_daily,,,,,,,entity,Entities,,,,,,,,,,,,,,,,2026-06-01,,,,,,,,,,,,,,
world:entity:2026-04-20-fmp-technicals-gd-daily,Entity,2026-04-20_FMP_Technicals_GD_daily,2026-04-20_FMP_Technicals_GD_daily,2026-04-20_FMP_Technicals_GD_daily,,,,,,,entity,Entities,,,,,,,,,,,,,,,,2026-06-01,,,,,,,,,,,,,,
world:entity:2026-04-20-fmp-technicals-gev-daily,Entity,2026-04-20_FMP_Technicals_GEV_daily,2026-04-20_FMP_Technicals_GEV_daily,2026-04-20_FMP_Technicals_GEV_daily,,,,,,,entity,Entities,,,,,,,,,,,,,,,,2026-06-01,,,,,,,,,,,,,,
world:entity:2026-04-20-fmp-technicals-ghrs-daily,Entity,2026-04-20_FMP_Technicals_GHRS_daily,2026-04-20_FMP_Technicals_GHRS_daily,2026-04-20_FMP_Technicals_GHRS_daily,,,,,,,entity,Entities,,,,,,,,,,,,,,,,2026-06-01,,,,,,,,,,,,,,
world:entity:2026-04-20-fmp-technicals-gold-daily,Entity,2026-04-20_FMP_Technicals_GOLD_daily,2026-04-20_FMP_Technicals_GOLD_daily,2026-04-20_FMP_Technicals_GOLD_daily,,,,,,,entity,Entities,,,,,,,,,,,,,,,,2026-06-01,,,,,,,,,,,,,,
world:entity:2026-04-20-fmp-technicals-googl-daily,Entity,2026-04-20_FMP_Technicals_GOOGL_daily,2026-04-20_FMP_Technicals_GOOGL_daily,2026-04-20_FMP_Technicals_GOOGL_daily,,,,,,,entity,Entities,,,,,,,,,,,,,,,,2026-06-01,,,,,,,,,,,,,,
world:entity:2026-04-20-fmp-technicals-help-daily,Entity,2026-04-20_FMP_Technicals_HELP_daily,2026-04-20_FMP_Technicals_HELP_daily,2026-04-20_FMP_Technicals_HELP_daily,,,,,,,entity,Entities,,,,,,,,,,,,,,,,2026-06-01,,,,,,,,,,,,,,
world:entity:2026-04-20-fmp-technicals-hims-daily,Entity,2026-04-20_FMP_Technicals_HIMS_daily,2026-04-20_FMP_Technicals_HIMS_daily,2026-04-20_FMP_Technicals_HIMS_daily,,,,,,,entity,Entities,,,,,,,,,,,,,,,,2026-06-01,,,,,,,,,,,,,,
world:entity:2026-04-20-fmp-technicals-hovr-daily,Entity,2026-04-20_FMP_Technicals_HOVR_daily,2026-04-20_FMP_Technicals_HOVR_daily,2026-04-20_FMP_Technicals_HOVR_daily,,,,,,,entity,Entities,,,,,,,,,,,,,,,,2026-06-01,,,,,,,,,,,,,,
world:entity:2026-04-20-fmp-technicals-inva-daily,Entity,2026-04-20_FMP_Technicals_INVA_daily,2026-04-20_FMP_Technicals_INVA_daily,2026-04-20_FMP_Technicals_INVA_daily,,,,,,,entity,Entities,,,,,,,,,,,,,,,,2026-06-01,,,,,,,,,,,,,,
world:entity:2026-04-20-fmp-technicals-ionq-daily,Entity,2026-04-20_FMP_Technicals_IONQ_daily,2026-04-20_FMP_Technicals_IONQ_daily,2026-04-20_FMP_Technicals_IONQ_daily,,,,,,,entity,Entities,,,,,,,,,,,,,,,,2026-06-01,,,,,,,,,,,,,,
world:entity:2026-04-20-fmp-technicals-jnj-daily,Entity,2026-04-20_FMP_Technicals_JNJ_daily,2026-04-20_FMP_Technicals_JNJ_daily,2026-04-20_FMP_Technicals_JNJ_daily,,,,,,,entity,Entities,,,,,,,,,,,,,,,,2026-06-01,,,,,,,,,,,,,,
world:entity:2026-04-20-fmp-technicals-joby-daily,Entity,2026-04-20_FMP_Technicals_JOBY_daily,2026-04-20_FMP_Technicals_JOBY_daily,2026-04-20_FMP_Technicals_JOBY_daily,,,,,,,entity,Entities,,,,,,,,,,,,,,,,2026-06-01,,,,,,,,,,,,,,
world:entity:2026-04-20-fmp-technicals-klac-daily,Entity,2026-04-20_FMP_Technicals_KLAC_daily,2026-04-20_FMP_Technicals_KLAC_daily,2026-04-20_FMP_Technicals_KLAC_daily,,,,,,,entity,Entities,,,,,,,,,,,,,,,,2026-06-01,,,,,,,,,,,,,,
world:entity:2026-04-20-fmp-technicals-ktos-daily,Entity,2026-04-20_FMP_Technicals_KTOS_daily,2026-04-20_FMP_Technicals_KTOS_daily,2026-04-20_FMP_Technicals_KTOS_daily,,,,,,,entity,Entities,,,,,,,,,,,,,,,,2026-06-01,,,,,,,,,,,,,,
world:entity:2026-04-20-fmp-technicals-ldos-daily,Entity,2026-04-20_FMP_Technicals_LDOS_daily,2026-04-20_FMP_Technicals_LDOS_daily,2026-04-20_FMP_Technicals_LDOS_daily,,,,,,,entity,Entities,,,,,,,,,,,,,,,,2026-06-01,,,,,,,,,,,,,,
world:entity:2026-04-20-fmp-technicals-len-daily,Entity,2026-04-20_FMP_Technicals_LEN_daily,2026-04-20_FMP_Technicals_LEN_daily,2026-04-20_FMP_Technicals_LEN_daily,,,,,,,entity,Entities,,,,,,,,,,,,,,,,2026-06-01,,,,,,,,,,,,,,
world:entity:2026-04-20-fmp-technicals-lhx-daily,Entity,2026-04-20_FMP_Technicals_LHX_daily,2026-04-20_FMP_Technicals_LHX_daily,2026-04-20_FMP_Technicals_LHX_daily,,,,,,,entity,Entities,,,,,,,,,,,,,,,,2026-06-01,,,,,,,,,,,,,,
world:entity:2026-04-20-fmp-technicals-lly-daily,Entity,2026-04-20_FMP_Technicals_LLY_daily,2026-04-20_FMP_Technicals_LLY_daily,2026-04-20_FMP_Technicals_LLY_daily,,,,,,,entity,Entities,,,,,,,,,,,,,,,,2026-06-01,,,,,,,,,,,,,,
world:entity:2026-04-20-fmp-technicals-lmt-daily,Entity,2026-04-20_FMP_Technicals_LMT_daily,2026-04-20_FMP_Technicals_LMT_daily,2026-04-20_FMP_Technicals_LMT_daily,,,,,,,entity,Entities,,,,,,,,,,,,,,,,2026-06-01,,,,,,,,,,,,,,
world:entity:2026-04-20-fmp-technicals-lrcx-daily,Entity,2026-04-20_FMP_Technicals_LRCX_daily,2026-04-20_FMP_Technicals_LRCX_daily,2026-04-20_FMP_Technicals_LRCX_daily,,,,,,,entity,Entities,,,,,,,,,,,,,,,,2026-06-01,,,,,,,,,,,,,,
world:entity:2026-04-20-fmp-technicals-mnts-daily,Entity,2026-04-20_FMP_Technicals_MNTS_daily,2026-04-20_FMP_Technicals_MNTS_daily,2026-04-20_FMP_Technicals_MNTS_daily,,,,,,,entity,Entities,,,,,,,,,,,,,,,,2026-06-01,,,,,,,,,,,,,,
world:entity:2026-04-20-fmp-technicals-mrk-daily,Entity,2026-04-20_FMP_Technicals_MRK_daily,2026-04-20_FMP_Technicals_MRK_daily,2026-04-20_FMP_Technicals_MRK_daily,,,,,,,entity,Entities,,,,,,,,,,,,,,,,2026-06-01,,,,,,,,,,,,,,
world:entity:2026-04-20-fmp-technicals-msft-daily,Entity,2026-04-20_FMP_Technicals_MSFT_daily,2026-04-20_FMP_Technicals_MSFT_daily,2026-04-20_FMP_Technicals_MSFT_daily,,,,,,,entity,Entities,,,,,,,,,,,,,,,,2026-06-01,,,,,,,,,,,,,,
world:entity:2026-04-20-fmp-technicals-mstr-daily,Entity,2026-04-20_FMP_Technicals_MSTR_daily,2026-04-20_FMP_Technicals_MSTR_daily,2026-04-20_FMP_Technicals_MSTR_daily,,,,,,,entity,Entities,,,,,,,,,,,,,,,,2026-06-01,,,,,,,,,,,,,,
world:entity:2026-04-20-fmp-technicals-nbix-daily,Entity,2026-04-20_FMP_Technicals_NBIX_daily,2026-04-20_FMP_Technicals_NBIX_daily,2026-04-20_FMP_Technicals_NBIX_daily,,,,,,,entity,Entities,,,,,,,,,,,,,,,,2026-06-01,,,,,,,,,,,,,,
world:entity:2026-04-20-fmp-technicals-nem-daily,Entity,2026-04-20_FMP_Technicals_NEM_daily,2026-04-20_FMP_Technicals_NEM_daily,2026-04-20_FMP_Technicals_NEM_daily,,,,,,,entity,Entities,,,,,,,,,,,,,,,,2026-06-01,,,,,,,,,,,,,,
world:entity:2026-04-20-fmp-technicals-nne-daily,Entity,2026-04-20_FMP_Technicals_NNE_daily,2026-04-20_FMP_Technicals_NNE_daily,2026-04-20_FMP_Technicals_NNE_daily,,,,,,,entity,Entities,,,,,,,,,,,,,,,,2026-06-01,,,,,,,,,,,,,,
world:entity:2026-04-20-fmp-technicals-noc-daily,Entity,2026-04-20_FMP_Technicals_NOC_daily,2026-04-20_FMP_Technicals_NOC_daily,2026-04-20_FMP_Technicals_NOC_daily,,,,,,,entity,Entities,,,,,,,,,,,,,,,,2026-06-01,,,,,,,,,,,,,,
world:entity:2026-04-20-fmp-technicals-nrg-daily,Entity,2026-04-20_FMP_Technicals_NRG_daily,2026-04-20_FMP_Technicals_NRG_daily,2026-04-20_FMP_Technicals_NRG_daily,,,,,,,entity,Entities,,,,,,,,,,,,,,,,2026-06-01,,,,,,,,,,,,,,
world:entity:2026-04-20-fmp-technicals-ntla-daily,Entity,2026-04-20_FMP_Technicals_NTLA_daily,2026-04-20_FMP_Technicals_NTLA_daily,2026-04-20_FMP_Technicals_NTLA_daily,,,,,,,entity,Entities,,,,,,,,,,,,,,,,2026-06-01,,,,,,,,,,,,,,
world:entity:2026-04-20-fmp-technicals-nvda-daily,Entity,2026-04-20_FMP_Technicals_NVDA_daily,2026-04-20_FMP_Technicals_NVDA_daily,2026-04-20_FMP_Technicals_NVDA_daily,,,,,,,entity,Entities,,,,,,,,,,,,,,,,2026-06-01,,,,,,,,,,,,,,
world:entity:2026-04-20-fmp-technicals-nvr-daily,Entity,2026-04-20_FMP_Technicals_NVR_daily,2026-04-20_FMP_Technicals_NVR_daily,2026-04-20_FMP_Technicals_NVR_daily,,,,,,,entity,Entities,,,,,,,,,,,,,,,,2026-06-01,,,,,,,,,,,,,,
world:entity:2026-04-20-fmp-technicals-oklo-daily,Entity,2026-04-20_FMP_Technicals_OKLO_daily,2026-04-20_FMP_Technicals_OKLO_daily,2026-04-20_FMP_Technicals_OKLO_daily,,,,,,,entity,Entities,,,,,,,,,,,,,,,,2026-06-01,,,,,,,,,,,,,,
world:entity:2026-04-20-fmp-technicals-on-daily,Entity,2026-04-20_FMP_Technicals_ON_daily,2026-04-20_FMP_Technicals_ON_daily,2026-04-20_FMP_Technicals_ON_daily,,,,,,,entity,Entities,,,,,,,,,,,,,,,,2026-06-01,,,,,,,,,,,,,,
world:entity:2026-04-20-fmp-technicals-onds-daily,Entity,2026-04-20_FMP_Technicals_ONDS_daily,2026-04-20_FMP_Technicals_ONDS_daily,2026-04-20_FMP_Technicals_ONDS_daily,,,,,,,entity,Entities,,,,,,,,,,,,,,,,2026-06-01,,,,,,,,,,,,,,
world:entity:2026-04-20-fmp-technicals-onto-daily,Entity,2026-04-20_FMP_Technicals_ONTO_daily,2026-04-20_FMP_Technicals_ONTO_daily,2026-04-20_FMP_Technicals_ONTO_daily,,,,,,,entity,Entities,,,,,,,,,,,,,,,,2026-06-01,,,,,,,,,,,,,,
world:entity:2026-04-20-fmp-technicals-pfe-daily,Entity,2026-04-20_FMP_Technicals_PFE_daily,2026-04-20_FMP_Technicals_PFE_daily,2026-04-20_FMP_Technicals_PFE_daily,,,,,,,entity,Entities,,,,,,,,,,,,,,,,2026-06-01,,,,,,,,,,,,,,
world:entity:2026-04-20-fmp-technicals-pl-daily,Entity,2026-04-20_FMP_Technicals_PL_daily,2026-04-20_FMP_Technicals_PL_daily,2026-04-20_FMP_Technicals_PL_daily,,,,,,,entity,Entities,,,,,,,,,,,,,,,,2026-06-01,,,,,,,,,,,,,,
world:entity:2026-04-20-fmp-technicals-pltr-daily,Entity,2026-04-20_FMP_Technicals_PLTR_daily,2026-04-20_FMP_Technicals_PLTR_daily,2026-04-20_FMP_Technicals_PLTR_daily,,,,,,,entity,Entities,,,,,,,,,,,,,,,,2026-06-01,,,,,,,,,,,,,,
world:entity:2026-04-20-fmp-technicals-prta-daily,Entity,2026-04-20_FMP_Technicals_PRTA_daily,2026-04-20_FMP_Technicals_PRTA_daily,2026-04-20_FMP_Technicals_PRTA_daily,,,,,,,entity,Entities,,,,,,,,,,,,,,,,2026-06-01,,,,,,,,,,,,,,
world:entity:2026-04-20-fmp-technicals-psil-daily,Entity,2026-04-20_FMP_Technicals_PSIL_daily,2026-04-20_FMP_Technicals_PSIL_daily,2026-04-20_FMP_Technicals_PSIL_daily,,,,,,,entity,Entities,,,,,,,,,,,,,,,,2026-06-01,,,,,,,,,,,,,,
world:entity:2026-04-20-fmp-technicals-qubt-daily,Entity,2026-04-20_FMP_Technicals_QUBT_daily,2026-04-20_FMP_Technicals_QUBT_daily,2026-04-20_FMP_Technicals_QUBT_daily,,,,,,,entity,Entities,,,,,,,,,,,,,,,,2026-06-01,,,,,,,,,,,,,,
world:entity:2026-04-20-fmp-technicals-rcat-daily,Entity,2026-04-20_FMP_Technicals_RCAT_daily,2026-04-20_FMP_Technicals_RCAT_daily,2026-04-20_FMP_Technicals_RCAT_daily,,,,,,,entity,Entities,,,,,,,,,,,,,,,,2026-06-01,,,,,,,,,,,,,,
world:entity:2026-04-20-fmp-technicals-rgti-daily,Entity,2026-04-20_FMP_Technicals_RGTI_daily,2026-04-20_FMP_Technicals_RGTI_daily,2026-04-20_FMP_Technicals_RGTI_daily,,,,,,,entity,Entities,,,,,,,,,,,,,,,,2026-06-01,,,,,,,,,,,,,,
world:entity:2026-04-20-fmp-technicals-rklb-daily,Entity,2026-04-20_FMP_Technicals_RKLB_daily,2026-04-20_FMP_Technicals_RKLB_daily,2026-04-20_FMP_Technicals_RKLB_daily,,,,,,,entity,Entities,,,,,,,,,,,,,,,,2026-06-01,,,,,,,,,,,,,,
world:entity:2026-04-20-fmp-technicals-rprx-daily,Entity,2026-04-20_FMP_Technicals_RPRX_daily,2026-04-20_FMP_Technicals_RPRX_daily,2026-04-20_FMP_Technicals_RPRX_daily,,,,,,,entity,Entities,,,,,,,,,,,,,,,,2026-06-01,,,,,,,,,,,,,,
world:entity:2026-04-20-fmp-technicals-rtx-daily,Entity,2026-04-20_FMP_Technicals_RTX_daily,2026-04-20_FMP_Technicals_RTX_daily,2026-04-20_FMP_Technicals_RTX_daily,,,,,,,entity,Entities,,,,,,,,,,,,,,,,2026-06-01,,,,,,,,,,,,,,
world:entity:2026-04-20-fmp-technicals-saic-daily,Entity,2026-04-20_FMP_Technicals_SAIC_daily,2026-04-20_FMP_Technicals_SAIC_daily,2026-04-20_FMP_Technicals_SAIC_daily,,,,,,,entity,Entities,,,,,,,,,,,,,,,,2026-06-01,,,,,,,,,,,,,,
world:entity:2026-04-20-fmp-technicals-sky-daily,Entity,2026-04-20_FMP_Technicals_SKY_daily,2026-04-20_FMP_Technicals_SKY_daily,2026-04-20_FMP_Technicals_SKY_daily,,,,,,,entity,Entities,,,,,,,,,,,,,,,,2026-06-01,,,,,,,,,,,,,,
world:entity:2026-04-20-fmp-technicals-smr-daily,Entity,2026-04-20_FMP_Technicals_SMR_daily,2026-04-20_FMP_Technicals_SMR_daily,2026-04-20_FMP_Technicals_SMR_daily,,,,,,,entity,Entities,,,,,,,,,,,,,,,,2026-06-01,,,,,,,,,,,,,,
world:entity:2026-04-20-fmp-technicals-spir-daily,Entity,2026-04-20_FMP_Technicals_SPIR_daily,2026-04-20_FMP_Technicals_SPIR_daily,2026-04-20_FMP_Technicals_SPIR_daily,,,,,,,entity,Entities,,,,,,,,,,,,,,,,2026-06-01,,,,,,,,,,,,,,
world:entity:2026-04-20-fmp-technicals-spro-daily,Entity,2026-04-20_FMP_Technicals_SPRO_daily,2026-04-20_FMP_Technicals_SPRO_daily,2026-04-20_FMP_Technicals_SPRO_daily,,,,,,,entity,Entities,,,,,,,,,,,,,,,,2026-06-01,,,,,,,,,,,,,,
world:entity:2026-04-20-fmp-technicals-stem-daily,Entity,2026-04-20_FMP_Technicals_STEM_daily,2026-04-20_FMP_Technicals_STEM_daily,2026-04-20_FMP_Technicals_STEM_daily,,,,,,,entity,Entities,,,,,,,,,,,,,,,,2026-06-01,,,,,,,,,,,,,,
world:entity:2026-04-20-fmp-technicals-strl-daily,Entity,2026-04-20_FMP_Technicals_STRL_daily,2026-04-20_FMP_Technicals_STRL_daily,2026-04-20_FMP_Technicals_STRL_daily,,,,,,,entity,Entities,,,,,,,,,,,,,,,,2026-06-01,,,,,,,,,,,,,,
world:entity:2026-04-20-fmp-technicals-tdy-daily,Entity,2026-04-20_FMP_Technicals_TDY_daily,2026-04-20_FMP_Technicals_TDY_daily,2026-04-20_FMP_Technicals_TDY_daily,,,,,,,entity,Entities,,,,,,,,,,,,,,,,2026-06-01,,,,,,,,,,,,,,
world:entity:2026-04-20-fmp-technicals-tmhc-daily,Entity,2026-04-20_FMP_Technicals_TMHC_daily,2026-04-20_FMP_Technicals_TMHC_daily,2026-04-20_FMP_Technicals_TMHC_daily,,,,,,,entity,Entities,,,,,,,,,,,,,,,,2026-06-01,,,,,,,,,,,,,,
world:entity:2026-04-20-fmp-technicals-tol-daily,Entity,2026-04-20_FMP_Technicals_TOL_daily,2026-04-20_FMP_Technicals_TOL_daily,2026-04-20_FMP_Technicals_TOL_daily,,,,,,,entity,Entities,,,,,,,,,,,,,,,,2026-06-01,,,,,,,,,,,,,,
world:entity:2026-04-20-fmp-technicals-tsla-daily,Entity,2026-04-20_FMP_Technicals_TSLA_daily,2026-04-20_FMP_Technicals_TSLA_daily,2026-04-20_FMP_Technicals_TSLA_daily,,,,,,,entity,Entities,,,,,,,,,,,,,,,,2026-06-01,,,,,,,,,,,,,,
world:entity:2026-04-20-fmp-technicals-txt-daily,Entity,2026-04-20_FMP_Technicals_TXT_daily,2026-04-20_FMP_Technicals_TXT_daily,2026-04-20_FMP_Technicals_TXT_daily,,,,,,,entity,Entities,,,,,,,,,,,,,,,,2026-06-01,,,,,,,,,,,,,,
world:entity:2026-04-20-fmp-technicals-umac-daily,Entity,2026-04-20_FMP_Technicals_UMAC_daily,2026-04-20_FMP_Technicals_UMAC_daily,2026-04-20_FMP_Technicals_UMAC_daily,,,,,,,entity,Entities,,,,,,,,,,,,,,,,2026-06-01,,,,,,,,,,,,,,
world:entity:2026-04-20-fmp-technicals-unty-daily,Entity,2026-04-20_FMP_Technicals_UNTY_daily,2026-04-20_FMP_Technicals_UNTY_daily,2026-04-20_FMP_Technicals_UNTY_daily,,,,,,,entity,Entities,,,,,,,,,,,,,,,,2026-06-01,,,,,,,,,,,,,,
world:entity:2026-04-20-fmp-technicals-vktx-daily,Entity,2026-04-20_FMP_Technicals_VKTX_daily,2026-04-20_FMP_Technicals_VKTX_daily,2026-04-20_FMP_Technicals_VKTX_daily,,,,,,,entity,Entities,,,,,,,,,,,,,,,,2026-06-01,,,,,,,,,,,,,,
world:entity:2026-04-20-fmp-technicals-vst-daily,Entity,2026-04-20_FMP_Technicals_VST_daily,2026-04-20_FMP_Technicals_VST_daily,2026-04-20_FMP_Technicals_VST_daily,,,,,,,entity,Entities,,,,,,,,,,,,,,,,2026-06-01,,,,,,,,,,,,,,
world:entity:2026-04-20-fmp-technicals-wolf-daily,Entity,2026-04-20_FMP_Technicals_WOLF_daily,2026-04-20_FMP_Technicals_WOLF_daily,2026-04-20_FMP_Technicals_WOLF_daily,,,,,,,entity,Entities,,,,,,,,,,,,,,,,2026-06-01,,,,,,,,,,,,,,
world:entity:2026-04-20-fmp-technicals-wpm-daily,Entity,2026-04-20_FMP_Technicals_WPM_daily,2026-04-20_FMP_Technicals_WPM_daily,2026-04-20_FMP_Technicals_WPM_daily,,,,,,,entity,Entities,,,,,,,,,,,,,,,,2026-06-01,,,,,,,,,,,,,,
world:entity:2026-04-20-fmp-technicals-xoma-daily,Entity,2026-04-20_FMP_Technicals_XOMA_daily,2026-04-20_FMP_Technicals_XOMA_daily,2026-04-20_FMP_Technicals_XOMA_daily,,,,,,,entity,Entities,,,,,,,,,,,,,,,,2026-06-01,,,,,,,,,,,,,,
world:entity:2026-04-23-aerospace-defense-sector,Entity,2026-04-23_Aerospace_&_Defense_Sector,2026-04-23_Aerospace_&_Defense_Sector,2026-04-23_Aerospace_&_Defense_Sector,,,,,,,entity,Entities,,,,,,,,,,,,,,,,2026-06-01,,,,,,,,,,,,,,
world:entity:2026-04-23-catalyst-aapl,Entity,2026-04-23_Catalyst_AAPL,2026-04-23_Catalyst_AAPL,2026-04-23_Catalyst_AAPL,,,,,,,entity,Entities,,,,,,,,,,,,,,,,2026-06-01,,,,,,,,,,,,,,
world:entity:2026-04-23-catalyst-abbv,Entity,2026-04-23_Catalyst_ABBV,2026-04-23_Catalyst_ABBV,2026-04-23_Catalyst_ABBV,,,,,,,entity,Entities,,,,,,,,,,,,,,,,2026-06-01,,,,,,,,,,,,,,
world:entity:2026-04-23-catalyst-abt,Entity,2026-04-23_Catalyst_ABT,2026-04-23_Catalyst_ABT,2026-04-23_Catalyst_ABT,,,,,,,entity,Entities,,,,,,,,,,,,,,,,2026-06-01,,,,,,,,,,,,,,
world:entity:2026-04-23-catalyst-acad,Entity,2026-04-23_Catalyst_ACAD,2026-04-23_Catalyst_ACAD,2026-04-23_Catalyst_ACAD,,,,,,,entity,Entities,,,,,,,,,,,,,,,,2026-06-01,,,,,,,,,,,,,,
world:entity:2026-04-23-catalyst-achr,Entity,2026-04-23_Catalyst_ACHR,2026-04-23_Catalyst_ACHR,2026-04-23_Catalyst_ACHR,,,,,,,entity,Entities,,,,,,,,,,,,,,,,2026-06-01,,,,,,,,,,,,,,
world:entity:2026-04-23-catalyst-adbe,Entity,2026-04-23_Catalyst_ADBE,2026-04-23_Catalyst_ADBE,2026-04-23_Catalyst_ADBE,,,,,,,entity,Entities,,,,,,,,,,,,,,,,2026-06-01,,,,,,,,,,,,,,
world:entity:2026-04-23-catalyst-aep,Entity,2026-04-23_Catalyst_AEP,2026-04-23_Catalyst_AEP,2026-04-23_Catalyst_AEP,,,,,,,entity,Entities,,,,,,,,,,,,,,,,2026-06-01,,,,,,,,,,,,,,
world:entity:2026-04-23-catalyst-airo,Entity,2026-04-23_Catalyst_AIRO,2026-04-23_Catalyst_AIRO,2026-04-23_Catalyst_AIRO,,,,,,,entity,Entities,,,,,,,,,,,,,,,,2026-06-01,,,,,,,,,,,,,,
world:entity:2026-04-23-catalyst-alb,Entity,2026-04-23_Catalyst_ALB,2026-04-23_Catalyst_ALB,2026-04-23_Catalyst_ALB,,,,,,,entity,Entities,,,,,,,,,,,,,,,,2026-06-01,,,,,,,,,,,,,,
world:entity:2026-04-23-catalyst-alks,Entity,2026-04-23_Catalyst_ALKS,2026-04-23_Catalyst_ALKS,2026-04-23_Catalyst_ALKS,,,,,,,entity,Entities,,,,,,,,,,,,,,,,2026-06-01,,,,,,,,,,,,,,
world:entity:2026-04-23-catalyst-alvo,Entity,2026-04-23_Catalyst_ALVO,2026-04-23_Catalyst_ALVO,2026-04-23_Catalyst_ALVO,,,,,,,entity,Entities,,,,,,,,,,,,,,,,2026-06-01,,,,,,,,,,,,,,
world:entity:2026-04-23-catalyst-amat,Entity,2026-04-23_Catalyst_AMAT,2026-04-23_Catalyst_AMAT,2026-04-23_Catalyst_AMAT,,,,,,,entity,Entities,,,,,,,,,,,,,,,,2026-06-01,,,,,,,,,,,,,,
world:entity:2026-04-23-catalyst-amd,Entity,2026-04-23_Catalyst_AMD,2026-04-23_Catalyst_AMD,2026-04-23_Catalyst_AMD,,,,,,,entity,Entities,,,,,,,,,,,,,,,,2026-06-01,,,,,,,,,,,,,,
world:entity:2026-04-23-catalyst-amgn,Entity,2026-04-23_Catalyst_AMGN,2026-04-23_Catalyst_AMGN,2026-04-23_Catalyst_AMGN,,,,,,,entity,Entities,,,,,,,,,,,,,,,,2026-06-01,,,,,,,,,,,,,,
world:entity:2026-04-23-catalyst-amt,Entity,2026-04-23_Catalyst_AMT,2026-04-23_Catalyst_AMT,2026-04-23_Catalyst_AMT,,,,,,,entity,Entities,,,,,,,,,,,,,,,,2026-06-01,,,,,,,,,,,,,,
world:entity:2026-04-23-catalyst-amzn,Entity,2026-04-23_Catalyst_AMZN,2026-04-23_Catalyst_AMZN,2026-04-23_Catalyst_AMZN,,,,,,,entity,Entities,,,,,,,,,,,,,,,,2026-06-01,,,,,,,,,,,,,,
world:entity:2026-04-23-catalyst-apd,Entity,2026-04-23_Catalyst_APD,2026-04-23_Catalyst_APD,2026-04-23_Catalyst_APD,,,,,,,entity,Entities,,,,,,,,,,,,,,,,2026-06-01,,,,,,,,,,,,,,
world:entity:2026-04-23-catalyst-atai,Entity,2026-04-23_Catalyst_ATAI,2026-04-23_Catalyst_ATAI,2026-04-23_Catalyst_ATAI,,,,,,,entity,Entities,,,,,,,,,,,,,,,,2026-06-01,,,,,,,,,,,,,,
world:entity:2026-04-23-catalyst-avav,Entity,2026-04-23_Catalyst_AVAV,2026-04-23_Catalyst_AVAV,2026-04-23_Catalyst_AVAV,,,,,,,entity,Entities,,,,,,,,,,,,,,,,2026-06-01,,,,,,,,,,,,,,
world:entity:2026-04-23-catalyst-avb,Entity,2026-04-23_Catalyst_AVB,2026-04-23_Catalyst_AVB,2026-04-23_Catalyst_AVB,,,,,,,entity,Entities,,,,,,,,,,,,,,,,2026-06-01,,,,,,,,,,,,,,
world:entity:2026-04-23-catalyst-avgo,Entity,2026-04-23_Catalyst_AVGO,2026-04-23_Catalyst_AVGO,2026-04-23_Catalyst_AVGO,,,,,,,entity,Entities,,,,,,,,,,,,,,,,2026-06-01,,,,,,,,,,,,,,
world:entity:2026-04-23-catalyst-axon,Entity,2026-04-23_Catalyst_AXON,2026-04-23_Catalyst_AXON,2026-04-23_Catalyst_AXON,,,,,,,entity,Entities,,,,,,,,,,,,,,,,2026-06-01,,,,,,,,,,,,,,
world:entity:2026-04-23-catalyst-axp,Entity,2026-04-23_Catalyst_AXP,2026-04-23_Catalyst_AXP,2026-04-23_Catalyst_AXP,,,,,,,entity,Entities,,,,,,,,,,,,,,,,2026-06-01,,,,,,,,,,,,,,
world:entity:2026-04-23-catalyst-bah,Entity,2026-04-23_Catalyst_BAH,2026-04-23_Catalyst_BAH,2026-04-23_Catalyst_BAH,,,,,,,entity,Entities,,,,,,,,,,,,,,,,2026-06-01,,,,,,,,,,,,,,
world:entity:2026-04-23-catalyst-bbai,Entity,2026-04-23_Catalyst_BBAI,2026-04-23_Catalyst_BBAI,2026-04-23_Catalyst_BBAI,,,,,,,entity,Entities,,,,,,,,,,,,,,,,2026-06-01,,,,,,,,,,,,,,
world:entity:2026-04-23-catalyst-beam,Entity,2026-04-23_Catalyst_BEAM,2026-04-23_Catalyst_BEAM,2026-04-23_Catalyst_BEAM,,,,,,,entity,Entities,,,,,,,,,,,,,,,,2026-06-01,,,,,,,,,,,,,,
world:entity:2026-04-23-catalyst-biib,Entity,2026-04-23_Catalyst_BIIB,2026-04-23_Catalyst_BIIB,2026-04-23_Catalyst_BIIB,,,,,,,entity,Entities,,,,,,,,,,,,,,,,2026-06-01,,,,,,,,,,,,,,
world:entity:2026-04-23-catalyst-bkng,Entity,2026-04-23_Catalyst_BKNG,2026-04-23_Catalyst_BKNG,2026-04-23_Catalyst_BKNG,,,,,,,entity,Entities,,,,,,,,,,,,,,,,2026-06-01,,,,,,,,,,,,,,
world:entity:2026-04-23-catalyst-bksy,Entity,2026-04-23_Catalyst_BKSY,2026-04-23_Catalyst_BKSY,2026-04-23_Catalyst_BKSY,,,,,,,entity,Entities,,,,,,,,,,,,,,,,2026-06-01,,,,,,,,,,,,,,
world:entity:2026-04-23-catalyst-blk,Entity,2026-04-23_Catalyst_BLK,2026-04-23_Catalyst_BLK,2026-04-23_Catalyst_BLK,,,,,,,entity,Entities,,,,,,,,,,,,,,,,2026-06-01,,,,,,,,,,,,,,
world:entity:2026-04-23-catalyst-brk-b,Entity,2026-04-23_Catalyst_BRK_B,2026-04-23_Catalyst_BRK_B,2026-04-23_Catalyst_BRK_B,,,,,,,entity,Entities,,,,,,,,,,,,,,,,2026-06-01,,,,,,,,,,,,,,
world:entity:2026-04-23-catalyst-caci,Entity,2026-04-23_Catalyst_CACI,2026-04-23_Catalyst_CACI,2026-04-23_Catalyst_CACI,,,,,,,entity,Entities,,,,,,,,,,,,,,,,2026-06-01,,,,,,,,,,,,,,
world:entity:2026-04-23-catalyst-cat,Entity,2026-04-23_Catalyst_CAT,2026-04-23_Catalyst_CAT,2026-04-23_Catalyst_CAT,,,,,,,entity,Entities,,,,,,,,,,,,,,,,2026-06-01,,,,,,,,,,,,,,
world:entity:2026-04-23-catalyst-cci,Entity,2026-04-23_Catalyst_CCI,2026-04-23_Catalyst_CCI,2026-04-23_Catalyst_CCI,,,,,,,entity,Entities,,,,,,,,,,,,,,,,2026-06-01,,,,,,,,,,,,,,
world:entity:2026-04-23-catalyst-ccj,Entity,2026-04-23_Catalyst_CCJ,2026-04-23_Catalyst_CCJ,2026-04-23_Catalyst_CCJ,,,,,,,entity,Entities,,,,,,,,,,,,,,,,2026-06-01,,,,,,,,,,,,,,
world:entity:2026-04-23-catalyst-ceg,Entity,2026-04-23_Catalyst_CEG,2026-04-23_Catalyst_CEG,2026-04-23_Catalyst_CEG,,,,,,,entity,Entities,,,,,,,,,,,,,,,,2026-06-01,,,,,,,,,,,,,,
world:entity:2026-04-23-catalyst-chtr,Entity,2026-04-23_Catalyst_CHTR,2026-04-23_Catalyst_CHTR,2026-04-23_Catalyst_CHTR,,,,,,,entity,Entities,,,,,,,,,,,,,,,,2026-06-01,,,,,,,,,,,,,,
world:entity:2026-04-23-catalyst-cl,Entity,2026-04-23_Catalyst_CL,2026-04-23_Catalyst_CL,2026-04-23_Catalyst_CL,,,,,,,entity,Entities,,,,,,,,,,,,,,,,2026-06-01,,,,,,,,,,,,,,
world:entity:2026-04-23-catalyst-cmps,Entity,2026-04-23_Catalyst_CMPS,2026-04-23_Catalyst_CMPS,2026-04-23_Catalyst_CMPS,,,,,,,entity,Entities,,,,,,,,,,,,,,,,2026-06-01,,,,,,,,,,,,,,
world:entity:2026-04-23-catalyst-coin,Entity,2026-04-23_Catalyst_COIN,2026-04-23_Catalyst_COIN,2026-04-23_Catalyst_COIN,,,,,,,entity,Entities,,,,,,,,,,,,,,,,2026-06-01,,,,,,,,,,,,,,
world:entity:2026-04-23-catalyst-cop,Entity,2026-04-23_Catalyst_COP,2026-04-23_Catalyst_COP,2026-04-23_Catalyst_COP,,,,,,,entity,Entities,,,,,,,,,,,,,,,,2026-06-01,,,,,,,,,,,,,,
world:entity:2026-04-23-catalyst-crm,Entity,2026-04-23_Catalyst_CRM,2026-04-23_Catalyst_CRM,2026-04-23_Catalyst_CRM,,,,,,,entity,Entities,,,,,,,,,,,,,,,,2026-06-01,,,,,,,,,,,,,,
world:entity:2026-04-23-catalyst-crsp,Entity,2026-04-23_Catalyst_CRSP,2026-04-23_Catalyst_CRSP,2026-04-23_Catalyst_CRSP,,,,,,,entity,Entities,,,,,,,,,,,,,,,,2026-06-01,,,,,,,,,,,,,,
world:entity:2026-04-23-catalyst-cvx,Entity,2026-04-23_Catalyst_CVX,2026-04-23_Catalyst_CVX,2026-04-23_Catalyst_CVX,,,,,,,entity,Entities,,,,,,,,,,,,,,,,2026-06-01,,,,,,,,,,,,,,
world:entity:2026-04-23-catalyst-d,Entity,2026-04-23_Catalyst_D,2026-04-23_Catalyst_D,2026-04-23_Catalyst_D,,,,,,,entity,Entities,,,,,,,,,,,,,,,,2026-06-01,,,,,,,,,,,,,,
world:entity:2026-04-23-catalyst-dftx,Entity,2026-04-23_Catalyst_DFTX,2026-04-23_Catalyst_DFTX,2026-04-23_Catalyst_DFTX,,,,,,,entity,Entities,,,,,,,,,,,,,,,,2026-06-01,,,,,,,,,,,,,,
world:entity:2026-04-23-catalyst-dhi,Entity,2026-04-23_Catalyst_DHI,2026-04-23_Catalyst_DHI,2026-04-23_Catalyst_DHI,,,,,,,entity,Entities,,,,,,,,,,,,,,,,2026-06-01,,,,,,,,,,,,,,
world:entity:2026-04-23-catalyst-dhr,Entity,2026-04-23_Catalyst_DHR,2026-04-23_Catalyst_DHR,2026-04-23_Catalyst_DHR,,,,,,,entity,Entities,,,,,,,,,,,,,,,,2026-06-01,,,,,,,,,,,,,,
world:entity:2026-04-23-catalyst-dis,Entity,2026-04-23_Catalyst_DIS,2026-04-23_Catalyst_DIS,2026-04-23_Catalyst_DIS,,,,,,,entity,Entities,,,,,,,,,,,,,,,,2026-06-01,,,,,,,,,,,,,,
world:entity:2026-04-23-catalyst-dlr,Entity,2026-04-23_Catalyst_DLR,2026-04-23_Catalyst_DLR,2026-04-23_Catalyst_DLR,,,,,,,entity,Entities,,,,,,,,,,,,,,,,2026-06-01,,,,,,,,,,,,,,
world:entity:2026-04-23-catalyst-dpro,Entity,2026-04-23_Catalyst_DPRO,2026-04-23_Catalyst_DPRO,2026-04-23_Catalyst_DPRO,,,,,,,entity,Entities,,,,,,,,,,,,,,,,2026-06-01,,,,,,,,,,,,,,
world:entity:2026-04-23-catalyst-duk,Entity,2026-04-23_Catalyst_DUK,2026-04-23_Catalyst_DUK,2026-04-23_Catalyst_DUK,,,,,,,entity,Entities,,,,,,,,,,,,,,,,2026-06-01,,,,,,,,,,,,,,
world:entity:2026-04-23-catalyst-dvn,Entity,2026-04-23_Catalyst_DVN,2026-04-23_Catalyst_DVN,2026-04-23_Catalyst_DVN,,,,,,,entity,Entities,,,,,,,,,,,,,,,,2026-06-01,,,,,,,,,,,,,,
world:entity:2026-04-23-catalyst-ea,Entity,2026-04-23_Catalyst_EA,2026-04-23_Catalyst_EA,2026-04-23_Catalyst_EA,,,,,,,entity,Entities,,,,,,,,,,,,,,,,2026-06-01,,,,,,,,,,,,,,
world:entity:2026-04-23-catalyst-ecl,Entity,2026-04-23_Catalyst_ECL,2026-04-23_Catalyst_ECL,2026-04-23_Catalyst_ECL,,,,,,,entity,Entities,,,,,,,,,,,,,,,,2026-06-01,,,,,,,,,,,,,,
world:entity:2026-04-23-catalyst-eh,Entity,2026-04-23_Catalyst_EH,2026-04-23_Catalyst_EH,2026-04-23_Catalyst_EH,,,,,,,entity,Entities,,,,,,,,,,,,,,,,2026-06-01,,,,,,,,,,,,,,
world:entity:2026-04-23-catalyst-envx,Entity,2026-04-23_Catalyst_ENVX,2026-04-23_Catalyst_ENVX,2026-04-23_Catalyst_ENVX,,,,,,,entity,Entities,,,,,,,,,,,,,,,,2026-06-01,,,,,,,,,,,,,,
world:entity:2026-04-23-catalyst-eog,Entity,2026-04-23_Catalyst_EOG,2026-04-23_Catalyst_EOG,2026-04-23_Catalyst_EOG,,,,,,,entity,Entities,,,,,,,,,,,,,,,,2026-06-01,,,,,,,,,,,,,,
world:entity:2026-04-23-catalyst-eqix,Entity,2026-04-23_Catalyst_EQIX,2026-04-23_Catalyst_EQIX,2026-04-23_Catalyst_EQIX,,,,,,,entity,Entities,,,,,,,,,,,,,,,,2026-06-01,,,,,,,,,,,,,,
world:entity:2026-04-23-catalyst-etn,Entity,2026-04-23_Catalyst_ETN,2026-04-23_Catalyst_ETN,2026-04-23_Catalyst_ETN,,,,,,,entity,Entities,,,,,,,,,,,,,,,,2026-06-01,,,,,,,,,,,,,,
world:entity:2026-04-23-catalyst-evtl,Entity,2026-04-23_Catalyst_EVTL,2026-04-23_Catalyst_EVTL,2026-04-23_Catalyst_EVTL,,,,,,,entity,Entities,,,,,,,,,,,,,,,,2026-06-01,,,,,,,,,,,,,,
world:entity:2026-04-23-catalyst-exc,Entity,2026-04-23_Catalyst_EXC,2026-04-23_Catalyst_EXC,2026-04-23_Catalyst_EXC,,,,,,,entity,Entities,,,,,,,,,,,,,,,,2026-06-01,,,,,,,,,,,,,,
world:entity:2026-04-23-catalyst-flnc,Entity,2026-04-23_Catalyst_FLNC,2026-04-23_Catalyst_FLNC,2026-04-23_Catalyst_FLNC,,,,,,,entity,Entities,,,,,,,,,,,,,,,,2026-06-01,,,,,,,,,,,,,,
world:entity:2026-04-23-catalyst-gd,Entity,2026-04-23_Catalyst_GD,2026-04-23_Catalyst_GD,2026-04-23_Catalyst_GD,,,,,,,entity,Entities,,,,,,,,,,,,,,,,2026-06-01,,,,,,,,,,,,,,
world:entity:2026-04-23-catalyst-ge,Entity,2026-04-23_Catalyst_GE,2026-04-23_Catalyst_GE,2026-04-23_Catalyst_GE,,,,,,,entity,Entities,,,,,,,,,,,,,,,,2026-06-01,,,,,,,,,,,,,,
world:entity:2026-04-23-catalyst-gev,Entity,2026-04-23_Catalyst_GEV,2026-04-23_Catalyst_GEV,2026-04-23_Catalyst_GEV,,,,,,,entity,Entities,,,,,,,,,,,,,,,,2026-06-01,,,,,,,,,,,,,,
world:entity:2026-04-23-catalyst-ghrs,Entity,2026-04-23_Catalyst_GHRS,2026-04-23_Catalyst_GHRS,2026-04-23_Catalyst_GHRS,,,,,,,entity,Entities,,,,,,,,,,,,,,,,2026-06-01,,,,,,,,,,,,,,
world:entity:2026-04-23-catalyst-gis,Entity,2026-04-23_Catalyst_GIS,2026-04-23_Catalyst_GIS,2026-04-23_Catalyst_GIS,,,,,,,entity,Entities,,,,,,,,,,,,,,,,2026-06-01,,,,,,,,,,,,,,
world:entity:2026-04-23-catalyst-gold,Entity,2026-04-23_Catalyst_GOLD,2026-04-23_Catalyst_GOLD,2026-04-23_Catalyst_GOLD,,,,,,,entity,Entities,,,,,,,,,,,,,,,,2026-06-01,,,,,,,,,,,,,,
world:entity:2026-04-23-catalyst-googl,Entity,2026-04-23_Catalyst_GOOGL,2026-04-23_Catalyst_GOOGL,2026-04-23_Catalyst_GOOGL,,,,,,,entity,Entities,,,,,,,,,,,,,,,,2026-06-01,,,,,,,,,,,,,,
world:entity:2026-04-23-catalyst-hd,Entity,2026-04-23_Catalyst_HD,2026-04-23_Catalyst_HD,2026-04-23_Catalyst_HD,,,,,,,entity,Entities,,,,,,,,,,,,,,,,2026-06-01,,,,,,,,,,,,,,
world:entity:2026-04-23-catalyst-hii,Entity,2026-04-23_Catalyst_HII,2026-04-23_Catalyst_HII,2026-04-23_Catalyst_HII,,,,,,,entity,Entities,,,,,,,,,,,,,,,,2026-06-01,,,,,,,,,,,,,,
world:entity:2026-04-23-catalyst-hims,Entity,2026-04-23_Catalyst_HIMS,2026-04-23_Catalyst_HIMS,2026-04-23_Catalyst_HIMS,,,,,,,entity,Entities,,,,,,,,,,,,,,,,2026-06-01,,,,,,,,,,,,,,
world:entity:2026-04-23-catalyst-hon,Entity,2026-04-23_Catalyst_HON,2026-04-23_Catalyst_HON,2026-04-23_Catalyst_HON,,,,,,,entity,Entities,,,,,,,,,,,,,,,,2026-06-01,,,,,,,,,,,,,,
world:entity:2026-04-23-catalyst-hovr,Entity,2026-04-23_Catalyst_HOVR,2026-04-23_Catalyst_HOVR,2026-04-23_Catalyst_HOVR,,,,,,,entity,Entities,,,,,,,,,,,,,,,,2026-06-01,,,,,,,,,,,,,,
world:entity:2026-04-23-catalyst-inva,Entity,2026-04-23_Catalyst_INVA,2026-04-23_Catalyst_INVA,2026-04-23_Catalyst_INVA,,,,,,,entity,Entities,,,,,,,,,,,,,,,,2026-06-01,,,,,,,,,,,,,,
world:entity:2026-04-23-catalyst-ionq,Entity,2026-04-23_Catalyst_IONQ,2026-04-23_Catalyst_IONQ,2026-04-23_Catalyst_IONQ,,,,,,,entity,Entities,,,,,,,,,,,,,,,,2026-06-01,,,,,,,,,,,,,,
world:entity:2026-04-23-catalyst-isrg,Entity,2026-04-23_Catalyst_ISRG,2026-04-23_Catalyst_ISRG,2026-04-23_Catalyst_ISRG,,,,,,,entity,Entities,,,,,,,,,,,,,,,,2026-06-01,,,,,,,,,,,,,,
world:entity:2026-04-23-catalyst-jnj,Entity,2026-04-23_Catalyst_JNJ,2026-04-23_Catalyst_JNJ,2026-04-23_Catalyst_JNJ,,,,,,,entity,Entities,,,,,,,,,,,,,,,,2026-06-01,,,,,,,,,,,,,,
world:entity:2026-04-23-catalyst-joby,Entity,2026-04-23_Catalyst_JOBY,2026-04-23_Catalyst_JOBY,2026-04-23_Catalyst_JOBY,,,,,,,entity,Entities,,,,,,,,,,,,,,,,2026-06-01,,,,,,,,,,,,,,
world:entity:2026-04-23-catalyst-klac,Entity,2026-04-23_Catalyst_KLAC,2026-04-23_Catalyst_KLAC,2026-04-23_Catalyst_KLAC,,,,,,,entity,Entities,,,,,,,,,,,,,,,,2026-06-01,,,,,,,,,,,,,,
world:entity:2026-04-23-catalyst-kmb,Entity,2026-04-23_Catalyst_KMB,2026-04-23_Catalyst_KMB,2026-04-23_Catalyst_KMB,,,,,,,entity,Entities,,,,,,,,,,,,,,,,2026-06-01,,,,,,,,,,,,,,
world:entity:2026-04-23-catalyst-ktos,Entity,2026-04-23_Catalyst_KTOS,2026-04-23_Catalyst_KTOS,2026-04-23_Catalyst_KTOS,,,,,,,entity,Entities,,,,,,,,,,,,,,,,2026-06-01,,,,,,,,,,,,,,
world:entity:2026-04-23-catalyst-ldos,Entity,2026-04-23_Catalyst_LDOS,2026-04-23_Catalyst_LDOS,2026-04-23_Catalyst_LDOS,,,,,,,entity,Entities,,,,,,,,,,,,,,,,2026-06-01,,,,,,,,,,,,,,
world:entity:2026-04-23-catalyst-len,Entity,2026-04-23_Catalyst_LEN,2026-04-23_Catalyst_LEN,2026-04-23_Catalyst_LEN,,,,,,,entity,Entities,,,,,,,,,,,,,,,,2026-06-01,,,,,,,,,,,,,,
world:entity:2026-04-23-catalyst-lhx,Entity,2026-04-23_Catalyst_LHX,2026-04-23_Catalyst_LHX,2026-04-23_Catalyst_LHX,,,,,,,entity,Entities,,,,,,,,,,,,,,,,2026-06-01,,,,,,,,,,,,,,
world:entity:2026-04-23-catalyst-lin,Entity,2026-04-23_Catalyst_LIN,2026-04-23_Catalyst_LIN,2026-04-23_Catalyst_LIN,,,,,,,entity,Entities,,,,,,,,,,,,,,,,2026-06-01,,,,,,,,,,,,,,
world:entity:2026-04-23-catalyst-lly,Entity,2026-04-23_Catalyst_LLY,2026-04-23_Catalyst_LLY,2026-04-23_Catalyst_LLY,,,,,,,entity,Entities,,,,,,,,,,,,,,,,2026-06-01,,,,,,,,,,,,,,
world:entity:2026-04-23-catalyst-lmt,Entity,2026-04-23_Catalyst_LMT,2026-04-23_Catalyst_LMT,2026-04-23_Catalyst_LMT,,,,,,,entity,Entities,,,,,,,,,,,,,,,,2026-06-01,,,,,,,,,,,,,,
world:entity:2026-04-23-catalyst-low,Entity,2026-04-23_Catalyst_LOW,2026-04-23_Catalyst_LOW,2026-04-23_Catalyst_LOW,,,,,,,entity,Entities,,,,,,,,,,,,,,,,2026-06-01,,,,,,,,,,,,,,
world:entity:2026-04-23-catalyst-lrcx,Entity,2026-04-23_Catalyst_LRCX,2026-04-23_Catalyst_LRCX,2026-04-23_Catalyst_LRCX,,,,,,,entity,Entities,,,,,,,,,,,,,,,,2026-06-01,,,,,,,,,,,,,,
world:entity:2026-04-23-catalyst-ma,Entity,2026-04-23_Catalyst_MA,2026-04-23_Catalyst_MA,2026-04-23_Catalyst_MA,,,,,,,entity,Entities,,,,,,,,,,,,,,,,2026-06-01,,,,,,,,,,,,,,
world:entity:2026-04-23-catalyst-mcd,Entity,2026-04-23_Catalyst_MCD,2026-04-23_Catalyst_MCD,2026-04-23_Catalyst_MCD,,,,,,,entity,Entities,,,,,,,,,,,,,,,,2026-06-01,,,,,,,,,,,,,,
world:entity:2026-04-23-catalyst-meta,Entity,2026-04-23_Catalyst_META,2026-04-23_Catalyst_META,2026-04-23_Catalyst_META,,,,,,,entity,Entities,,,,,,,,,,,,,,,,2026-06-01,,,,,,,,,,,,,,
world:entity:2026-04-23-catalyst-mmm,Entity,2026-04-23_Catalyst_MMM,2026-04-23_Catalyst_MMM,2026-04-23_Catalyst_MMM,,,,,,,entity,Entities,,,,,,,,,,,,,,,,2026-06-01,,,,,,,,,,,,,,
world:entity:2026-04-23-catalyst-mnts,Entity,2026-04-23_Catalyst_MNTS,2026-04-23_Catalyst_MNTS,2026-04-23_Catalyst_MNTS,,,,,,,entity,Entities,,,,,,,,,,,,,,,,2026-06-01,,,,,,,,,,,,,,
world:entity:2026-04-23-catalyst-mo,Entity,2026-04-23_Catalyst_MO,2026-04-23_Catalyst_MO,2026-04-23_Catalyst_MO,,,,,,,entity,Entities,,,,,,,,,,,,,,,,2026-06-01,,,,,,,,,,,,,,
world:entity:2026-04-23-catalyst-mos,Entity,2026-04-23_Catalyst_MOS,2026-04-23_Catalyst_MOS,2026-04-23_Catalyst_MOS,,,,,,,entity,Entities,,,,,,,,,,,,,,,,2026-06-01,,,,,,,,,,,,,,
world:entity:2026-04-23-catalyst-mpc,Entity,2026-04-23_Catalyst_MPC,2026-04-23_Catalyst_MPC,2026-04-23_Catalyst_MPC,,,,,,,entity,Entities,,,,,,,,,,,,,,,,2026-06-01,,,,,,,,,,,,,,
world:entity:2026-04-23-catalyst-mrk,Entity,2026-04-23_Catalyst_MRK,2026-04-23_Catalyst_MRK,2026-04-23_Catalyst_MRK,,,,,,,entity,Entities,,,,,,,,,,,,,,,,2026-06-01,,,,,,,,,,,,,,
world:entity:2026-04-23-catalyst-msft,Entity,2026-04-23_Catalyst_MSFT,2026-04-23_Catalyst_MSFT,2026-04-23_Catalyst_MSFT,,,,,,,entity,Entities,,,,,,,,,,,,,,,,2026-06-01,,,,,,,,,,,,,,
world:entity:2026-04-23-catalyst-mstr,Entity,2026-04-23_Catalyst_MSTR,2026-04-23_Catalyst_MSTR,2026-04-23_Catalyst_MSTR,,,,,,,entity,Entities,,,,,,,,,,,,,,,,2026-06-01,,,,,,,,,,,,,,
world:entity:2026-04-23-catalyst-nbix,Entity,2026-04-23_Catalyst_NBIX,2026-04-23_Catalyst_NBIX,2026-04-23_Catalyst_NBIX,,,,,,,entity,Entities,,,,,,,,,,,,,,,,2026-06-01,,,,,,,,,,,,,,
world:entity:2026-04-23-catalyst-nem,Entity,2026-04-23_Catalyst_NEM,2026-04-23_Catalyst_NEM,2026-04-23_Catalyst_NEM,,,,,,,entity,Entities,,,,,,,,,,,,,,,,2026-06-01,,,,,,,,,,,,,,
world:entity:2026-04-23-catalyst-nflx,Entity,2026-04-23_Catalyst_NFLX,2026-04-23_Catalyst_NFLX,2026-04-23_Catalyst_NFLX,,,,,,,entity,Entities,,,,,,,,,,,,,,,,2026-06-01,,,,,,,,,,,,,,
world:entity:2026-04-23-catalyst-nke,Entity,2026-04-23_Catalyst_NKE,2026-04-23_Catalyst_NKE,2026-04-23_Catalyst_NKE,,,,,,,entity,Entities,,,,,,,,,,,,,,,,2026-06-01,,,,,,,,,,,,,,
world:entity:2026-04-23-catalyst-nne,Entity,2026-04-23_Catalyst_NNE,2026-04-23_Catalyst_NNE,2026-04-23_Catalyst_NNE,,,,,,,entity,Entities,,,,,,,,,,,,,,,,2026-06-01,,,,,,,,,,,,,,
world:entity:2026-04-23-catalyst-noc,Entity,2026-04-23_Catalyst_NOC,2026-04-23_Catalyst_NOC,2026-04-23_Catalyst_NOC,,,,,,,entity,Entities,,,,,,,,,,,,,,,,2026-06-01,,,,,,,,,,,,,,
world:entity:2026-04-23-catalyst-nrg,Entity,2026-04-23_Catalyst_NRG,2026-04-23_Catalyst_NRG,2026-04-23_Catalyst_NRG,,,,,,,entity,Entities,,,,,,,,,,,,,,,,2026-06-01,,,,,,,,,,,,,,
world:entity:2026-04-23-catalyst-nue,Entity,2026-04-23_Catalyst_NUE,2026-04-23_Catalyst_NUE,2026-04-23_Catalyst_NUE,,,,,,,entity,Entities,,,,,,,,,,,,,,,,2026-06-01,,,,,,,,,,,,,,
world:entity:2026-04-23-catalyst-nvr,Entity,2026-04-23_Catalyst_NVR,2026-04-23_Catalyst_NVR,2026-04-23_Catalyst_NVR,,,,,,,entity,Entities,,,,,,,,,,,,,,,,2026-06-01,,,,,,,,,,,,,,
world:entity:2026-04-23-catalyst-o,Entity,2026-04-23_Catalyst_O,2026-04-23_Catalyst_O,2026-04-23_Catalyst_O,,,,,,,entity,Entities,,,,,,,,,,,,,,,,2026-06-01,,,,,,,,,,,,,,
world:entity:2026-04-23-catalyst-oklo,Entity,2026-04-23_Catalyst_OKLO,2026-04-23_Catalyst_OKLO,2026-04-23_Catalyst_OKLO,,,,,,,entity,Entities,,,,,,,,,,,,,,,,2026-06-01,,,,,,,,,,,,,,
world:entity:2026-04-23-catalyst-on,Entity,2026-04-23_Catalyst_ON,2026-04-23_Catalyst_ON,2026-04-23_Catalyst_ON,,,,,,,entity,Entities,,,,,,,,,,,,,,,,2026-06-01,,,,,,,,,,,,,,
world:entity:2026-04-23-catalyst-onto,Entity,2026-04-23_Catalyst_ONTO,2026-04-23_Catalyst_ONTO,2026-04-23_Catalyst_ONTO,,,,,,,entity,Entities,,,,,,,,,,,,,,,,2026-06-01,,,,,,,,,,,,,,
world:entity:2026-04-23-catalyst-orcl,Entity,2026-04-23_Catalyst_ORCL,2026-04-23_Catalyst_ORCL,2026-04-23_Catalyst_ORCL,,,,,,,entity,Entities,,,,,,,,,,,,,,,,2026-06-01,,,,,,,,,,,,,,
world:entity:2026-04-23-catalyst-oxy,Entity,2026-04-23_Catalyst_OXY,2026-04-23_Catalyst_OXY,2026-04-23_Catalyst_OXY,,,,,,,entity,Entities,,,,,,,,,,,,,,,,2026-06-01,,,,,,,,,,,,,,
world:entity:2026-04-23-catalyst-pfe,Entity,2026-04-23_Catalyst_PFE,2026-04-23_Catalyst_PFE,2026-04-23_Catalyst_PFE,,,,,,,entity,Entities,,,,,,,,,,,,,,,,2026-06-01,,,,,,,,,,,,,,
world:entity:2026-04-23-catalyst-pg,Entity,2026-04-23_Catalyst_PG,2026-04-23_Catalyst_PG,2026-04-23_Catalyst_PG,,,,,,,entity,Entities,,,,,,,,,,,,,,,,2026-06-01,,,,,,,,,,,,,,
world:entity:2026-04-23-catalyst-pltr,Entity,2026-04-23_Catalyst_PLTR,2026-04-23_Catalyst_PLTR,2026-04-23_Catalyst_PLTR,,,,,,,entity,Entities,,,,,,,,,,,,,,,,2026-06-01,,,,,,,,,,,,,,
world:entity:2026-04-23-catalyst-qcom,Entity,2026-04-23_Catalyst_QCOM,2026-04-23_Catalyst_QCOM,2026-04-23_Catalyst_QCOM,,,,,,,entity,Entities,,,,,,,,,,,,,,,,2026-06-01,,,,,,,,,,,,,,
world:entity:2026-04-23-catalyst-qubt,Entity,2026-04-23_Catalyst_QUBT,2026-04-23_Catalyst_QUBT,2026-04-23_Catalyst_QUBT,,,,,,,entity,Entities,,,,,,,,,,,,,,,,2026-06-01,,,,,,,,,,,,,,
world:entity:2026-04-23-catalyst-rcat,Entity,2026-04-23_Catalyst_RCAT,2026-04-23_Catalyst_RCAT,2026-04-23_Catalyst_RCAT,,,,,,,entity,Entities,,,,,,,,,,,,,,,,2026-06-01,,,,,,,,,,,,,,
world:entity:2026-04-23-catalyst-rgti,Entity,2026-04-23_Catalyst_RGTI,2026-04-23_Catalyst_RGTI,2026-04-23_Catalyst_RGTI,,,,,,,entity,Entities,,,,,,,,,,,,,,,,2026-06-01,,,,,,,,,,,,,,
world:entity:2026-04-23-catalyst-rklb,Entity,2026-04-23_Catalyst_RKLB,2026-04-23_Catalyst_RKLB,2026-04-23_Catalyst_RKLB,,,,,,,entity,Entities,,,,,,,,,,,,,,,,2026-06-01,,,,,,,,,,,,,,
world:entity:2026-04-23-catalyst-rprx,Entity,2026-04-23_Catalyst_RPRX,2026-04-23_Catalyst_RPRX,2026-04-23_Catalyst_RPRX,,,,,,,entity,Entities,,,,,,,,,,,,,,,,2026-06-01,,,,,,,,,,,,,,
world:entity:2026-04-23-catalyst-rtx,Entity,2026-04-23_Catalyst_RTX,2026-04-23_Catalyst_RTX,2026-04-23_Catalyst_RTX,,,,,,,entity,Entities,,,,,,,,,,,,,,,,2026-06-01,,,,,,,,,,,,,,
world:entity:2026-04-23-catalyst-saic,Entity,2026-04-23_Catalyst_SAIC,2026-04-23_Catalyst_SAIC,2026-04-23_Catalyst_SAIC,,,,,,,entity,Entities,,,,,,,,,,,,,,,,2026-06-01,,,,,,,,,,,,,,
world:entity:2026-04-23-catalyst-shw,Entity,2026-04-23_Catalyst_SHW,2026-04-23_Catalyst_SHW,2026-04-23_Catalyst_SHW,,,,,,,entity,Entities,,,,,,,,,,,,,,,,2026-06-01,,,,,,,,,,,,,,
world:entity:2026-04-23-catalyst-sky,Entity,2026-04-23_Catalyst_SKY,2026-04-23_Catalyst_SKY,2026-04-23_Catalyst_SKY,,,,,,,entity,Entities,,,,,,,,,,,,,,,,2026-06-01,,,,,,,,,,,,,,
world:entity:2026-04-23-catalyst-smr,Entity,2026-04-23_Catalyst_SMR,2026-04-23_Catalyst_SMR,2026-04-23_Catalyst_SMR,,,,,,,entity,Entities,,,,,,,,,,,,,,,,2026-06-01,,,,,,,,,,,,,,
world:entity:2026-04-23-catalyst-so,Entity,2026-04-23_Catalyst_SO,2026-04-23_Catalyst_SO,2026-04-23_Catalyst_SO,,,,,,,entity,Entities,,,,,,,,,,,,,,,,2026-06-01,,,,,,,,,,,,,,
world:entity:2026-04-23-catalyst-sre,Entity,2026-04-23_Catalyst_SRE,2026-04-23_Catalyst_SRE,2026-04-23_Catalyst_SRE,,,,,,,entity,Entities,,,,,,,,,,,,,,,,2026-06-01,,,,,,,,,,,,,,
world:entity:2026-04-23-catalyst-stem,Entity,2026-04-23_Catalyst_STEM,2026-04-23_Catalyst_STEM,2026-04-23_Catalyst_STEM,,,,,,,entity,Entities,,,,,,,,,,,,,,,,2026-06-01,,,,,,,,,,,,,,
world:entity:2026-04-23-catalyst-strl,Entity,2026-04-23_Catalyst_STRL,2026-04-23_Catalyst_STRL,2026-04-23_Catalyst_STRL,,,,,,,entity,Entities,,,,,,,,,,,,,,,,2026-06-01,,,,,,,,,,,,,,
world:entity:2026-04-23-catalyst-t,Entity,2026-04-23_Catalyst_T,2026-04-23_Catalyst_T,2026-04-23_Catalyst_T,,,,,,,entity,Entities,,,,,,,,,,,,,,,,2026-06-01,,,,,,,,,,,,,,
world:entity:2026-04-23-catalyst-tdg,Entity,2026-04-23_Catalyst_TDG,2026-04-23_Catalyst_TDG,2026-04-23_Catalyst_TDG,,,,,,,entity,Entities,,,,,,,,,,,,,,,,2026-06-01,,,,,,,,,,,,,,
world:entity:2026-04-23-catalyst-tmhc,Entity,2026-04-23_Catalyst_TMHC,2026-04-23_Catalyst_TMHC,2026-04-23_Catalyst_TMHC,,,,,,,entity,Entities,,,,,,,,,,,,,,,,2026-06-01,,,,,,,,,,,,,,
world:entity:2026-04-23-catalyst-tmo,Entity,2026-04-23_Catalyst_TMO,2026-04-23_Catalyst_TMO,2026-04-23_Catalyst_TMO,,,,,,,entity,Entities,,,,,,,,,,,,,,,,2026-06-01,,,,,,,,,,,,,,
world:entity:2026-04-23-catalyst-tol,Entity,2026-04-23_Catalyst_TOL,2026-04-23_Catalyst_TOL,2026-04-23_Catalyst_TOL,,,,,,,entity,Entities,,,,,,,,,,,,,,,,2026-06-01,,,,,,,,,,,,,,
world:entity:2026-04-23-catalyst-tsla,Entity,2026-04-23_Catalyst_TSLA,2026-04-23_Catalyst_TSLA,2026-04-23_Catalyst_TSLA,,,,,,,entity,Entities,,,,,,,,,,,,,,,,2026-06-01,,,,,,,,,,,,,,
world:entity:2026-04-23-catalyst-txt,Entity,2026-04-23_Catalyst_TXT,2026-04-23_Catalyst_TXT,2026-04-23_Catalyst_TXT,,,,,,,entity,Entities,,,,,,,,,,,,,,,,2026-06-01,,,,,,,,,,,,,,
world:entity:2026-04-23-catalyst-unh,Entity,2026-04-23_Catalyst_UNH,2026-04-23_Catalyst_UNH,2026-04-23_Catalyst_UNH,,,,,,,entity,Entities,,,,,,,,,,,,,,,,2026-06-01,,,,,,,,,,,,,,
world:entity:2026-04-23-catalyst-unp,Entity,2026-04-23_Catalyst_UNP,2026-04-23_Catalyst_UNP,2026-04-23_Catalyst_UNP,,,,,,,entity,Entities,,,,,,,,,,,,,,,,2026-06-01,,,,,,,,,,,,,,
world:entity:2026-04-23-catalyst-unty,Entity,2026-04-23_Catalyst_UNTY,2026-04-23_Catalyst_UNTY,2026-04-23_Catalyst_UNTY,,,,,,,entity,Entities,,,,,,,,,,,,,,,,2026-06-01,,,,,,,,,,,,,,
world:entity:2026-04-23-catalyst-v,Entity,2026-04-23_Catalyst_V,2026-04-23_Catalyst_V,2026-04-23_Catalyst_V,,,,,,,entity,Entities,,,,,,,,,,,,,,,,2026-06-01,,,,,,,,,,,,,,
world:entity:2026-04-23-catalyst-vlo,Entity,2026-04-23_Catalyst_VLO,2026-04-23_Catalyst_VLO,2026-04-23_Catalyst_VLO,,,,,,,entity,Entities,,,,,,,,,,,,,,,,2026-06-01,,,,,,,,,,,,,,
world:entity:2026-04-23-catalyst-vst,Entity,2026-04-23_Catalyst_VST,2026-04-23_Catalyst_VST,2026-04-23_Catalyst_VST,,,,,,,entity,Entities,,,,,,,,,,,,,,,,2026-06-01,,,,,,,,,,,,,,
world:entity:2026-04-23-catalyst-wfc,Entity,2026-04-23_Catalyst_WFC,2026-04-23_Catalyst_WFC,2026-04-23_Catalyst_WFC,,,,,,,entity,Entities,,,,,,,,,,,,,,,,2026-06-01,,,,,,,,,,,,,,
world:entity:2026-04-23-catalyst-wolf,Entity,2026-04-23_Catalyst_WOLF,2026-04-23_Catalyst_WOLF,2026-04-23_Catalyst_WOLF,,,,,,,entity,Entities,,,,,,,,,,,,,,,,2026-06-01,,,,,,,,,,,,,,
world:entity:2026-04-23-catalyst-wpm,Entity,2026-04-23_Catalyst_WPM,2026-04-23_Catalyst_WPM,2026-04-23_Catalyst_WPM,,,,,,,entity,Entities,,,,,,,,,,,,,,,,2026-06-01,,,,,,,,,,,,,,
world:entity:2026-04-23-catalyst-xom,Entity,2026-04-23_Catalyst_XOM,2026-04-23_Catalyst_XOM,2026-04-23_Catalyst_XOM,,,,,,,entity,Entities,,,,,,,,,,,,,,,,2026-06-01,,,,,,,,,,,,,,
world:entity:2026-04-23-cboe-vix-term-structure,Entity,2026-04-23_CBOE_VIX_Term_Structure,2026-04-23_CBOE_VIX_Term_Structure,2026-04-23_CBOE_VIX_Term_Structure,,,,,,,entity,Entities,,,,,,,,,,,,,,,,2026-06-01,,,,,,,,,,,,,,
world:entity:2026-04-23-communication-services-sector,Entity,2026-04-23_Communication_Services_Sector,2026-04-23_Communication_Services_Sector,2026-04-23_Communication_Services_Sector,,,,,,,entity,Entities,,,,,,,,,,,,,,,,2026-06-01,,,,,,,,,,,,,,
world:entity:2026-04-23-consumer-discretionary-sector,Entity,2026-04-23_Consumer_Discretionary_Sector,2026-04-23_Consumer_Discretionary_Sector,2026-04-23_Consumer_Discretionary_Sector,,,,,,,entity,Entities,,,,,,,,,,,,,,,,2026-06-01,,,,,,,,,,,,,,
world:entity:2026-04-23-consumer-staples-sector,Entity,2026-04-23_Consumer_Staples_Sector,2026-04-23_Consumer_Staples_Sector,2026-04-23_Consumer_Staples_Sector,,,,,,,entity,Entities,,,,,,,,,,,,,,,,2026-06-01,,,,,,,,,,,,,,
world:entity:2026-04-23-detailed-aerospace-defense-sector-report,Entity,2026-04-23_Detailed_aerospace-defense_Sector_Report,2026-04-23_Detailed_aerospace-defense_Sector_Report,2026-04-23_Detailed_aerospace-defense_Sector_Report,,,,,,,entity,Entities,,,,,,,,,,,,,,,,2026-06-01,,,,,,,,,,,,,,
world:entity:2026-04-23-detailed-communication-services-sector-report,Entity,2026-04-23_Detailed_communication-services_Sector_Report,2026-04-23_Detailed_communication-services_Sector_Report,2026-04-23_Detailed_communication-services_Sector_Report,,,,,,,entity,Entities,,,,,,,,,,,,,,,,2026-06-01,,,,,,,,,,,,,,
world:entity:2026-04-23-detailed-consumer-discretionary-sector-report,Entity,2026-04-23_Detailed_consumer-discretionary_Sector_Report,2026-04-23_Detailed_consumer-discretionary_Sector_Report,2026-04-23_Detailed_consumer-discretionary_Sector_Report,,,,,,,entity,Entities,,,,,,,,,,,,,,,,2026-06-01,,,,,,,,,,,,,,
world:entity:2026-04-23-detailed-consumer-staples-sector-report,Entity,2026-04-23_Detailed_consumer-staples_Sector_Report,2026-04-23_Detailed_consumer-staples_Sector_Report,2026-04-23_Detailed_consumer-staples_Sector_Report,,,,,,,entity,Entities,,,,,,,,,,,,,,,,2026-06-01,,,,,,,,,,,,,,
world:entity:2026-04-23-detailed-energy-sector-report,Entity,2026-04-23_Detailed_energy_Sector_Report,2026-04-23_Detailed_energy_Sector_Report,2026-04-23_Detailed_energy_Sector_Report,,,,,,,entity,Entities,,,,,,,,,,,,,,,,2026-06-01,,,,,,,,,,,,,,
world:entity:2026-04-23-detailed-financials-sector-report,Entity,2026-04-23_Detailed_financials_Sector_Report,2026-04-23_Detailed_financials_Sector_Report,2026-04-23_Detailed_financials_Sector_Report,,,,,,,entity,Entities,,,,,,,,,,,,,,,,2026-06-01,,,,,,,,,,,,,,
world:entity:2026-04-23-detailed-healthcare-sector-report,Entity,2026-04-23_Detailed_healthcare_Sector_Report,2026-04-23_Detailed_healthcare_Sector_Report,2026-04-23_Detailed_healthcare_Sector_Report,,,,,,,entity,Entities,,,,,,,,,,,,,,,,2026-06-01,,,,,,,,,,,,,,
world:entity:2026-04-23-detailed-industrials-sector-report,Entity,2026-04-23_Detailed_industrials_Sector_Report,2026-04-23_Detailed_industrials_Sector_Report,2026-04-23_Detailed_industrials_Sector_Report,,,,,,,entity,Entities,,,,,,,,,,,,,,,,2026-06-01,,,,,,,,,,,,,,
world:entity:2026-04-23-detailed-materials-sector-report,Entity,2026-04-23_Detailed_materials_Sector_Report,2026-04-23_Detailed_materials_Sector_Report,2026-04-23_Detailed_materials_Sector_Report,,,,,,,entity,Entities,,,,,,,,,,,,,,,,2026-06-01,,,,,,,,,,,,,,
world:entity:2026-04-23-detailed-real-estate-sector-report,Entity,2026-04-23_Detailed_real-estate_Sector_Report,2026-04-23_Detailed_real-estate_Sector_Report,2026-04-23_Detailed_real-estate_Sector_Report,,,,,,,entity,Entities,,,,,,,,,,,,,,,,2026-06-01,,,,,,,,,,,,,,
world:entity:2026-04-23-detailed-tech-sector-report,Entity,2026-04-23_Detailed_tech_Sector_Report,2026-04-23_Detailed_tech_Sector_Report,2026-04-23_Detailed_tech_Sector_Report,,,,,,,entity,Entities,,,,,,,,,,,,,,,,2026-06-01,,,,,,,,,,,,,,
world:entity:2026-04-23-detailed-utilities-sector-report,Entity,2026-04-23_Detailed_utilities_Sector_Report,2026-04-23_Detailed_utilities_Sector_Report,2026-04-23_Detailed_utilities_Sector_Report,,,,,,,entity,Entities,,,,,,,,,,,,,,,,2026-06-01,,,,,,,,,,,,,,
world:entity:2026-04-23-dilution-mnts,Entity,2026-04-23_DILUTION_MNTS,2026-04-23_DILUTION_MNTS,2026-04-23_DILUTION_MNTS,,,,,,,entity,Entities,,,,,,,,,,,,,,,,2026-06-01,,,,,,,,,,,,,,
world:entity:2026-04-23-dilution-rcat,Entity,2026-04-23_DILUTION_RCAT,2026-04-23_DILUTION_RCAT,2026-04-23_DILUTION_RCAT,,,,,,,entity,Entities,,,,,,,,,,,,,,,,2026-06-01,,,,,,,,,,,,,,
world:entity:2026-04-23-energy-sector,Entity,2026-04-23_Energy_Sector,2026-04-23_Energy_Sector,2026-04-23_Energy_Sector,,,,,,,entity,Entities,,,,,,,,,,,,,,,,2026-06-01,,,,,,,,,,,,,,
world:entity:2026-04-23-faa-regulatory-progress,Entity,2026-04-23_FAA_Regulatory_Progress,2026-04-23_FAA_Regulatory_Progress,2026-04-23_FAA_Regulatory_Progress,,,,,,,entity,Entities,,,,,,,,,,,,,,,,2026-06-01,,,,,,,,,,,,,,
world:entity:2026-04-23-financials-sector,Entity,2026-04-23_Financials_Sector,2026-04-23_Financials_Sector,2026-04-23_Financials_Sector,,,,,,,entity,Entities,,,,,,,,,,,,,,,,2026-06-01,,,,,,,,,,,,,,
world:entity:2026-04-23-fmp-basket-watchlist-aerospace-defense-sector-basket,Entity,2026-04-23_FMP_Basket_Watchlist_Aerospace_&_Defense_Sector_Basket,2026-04-23_FMP_Basket_Watchlist_Aerospace_&_Defense_Sector_Basket,2026-04-23_FMP_Basket_Watchlist_Aerospace_&_Defense_Sector_Basket,,,,,,,entity,Entities,,,,,,,,,,,,,,,,2026-06-01,,,,,,,,,,,,,,
world:entity:2026-04-23-fmp-basket-watchlist-buffett-style-quality-compounders,Entity,2026-04-23_FMP_Basket_Watchlist_Buffett_Style_Quality_Compounders,2026-04-23_FMP_Basket_Watchlist_Buffett_Style_Quality_Compounders,2026-04-23_FMP_Basket_Watchlist_Buffett_Style_Quality_Compounders,,,,,,,entity,Entities,,,,,,,,,,,,,,,,2026-06-01,,,,,,,,,,,,,,
world:entity:2026-04-23-fmp-basket-watchlist-communication-services-sector-basket,Entity,2026-04-23_FMP_Basket_Watchlist_Communication_Services_Sector_Basket,2026-04-23_FMP_Basket_Watchlist_Communication_Services_Sector_Basket,2026-04-23_FMP_Basket_Watchlist_Communication_Services_Sector_Basket,,,,,,,entity,Entities,,,,,,,,,,,,,,,,2026-06-01,,,,,,,,,,,,,,
world:entity:2026-04-23-fmp-basket-watchlist-consumer-discretionary-sector-basket,Entity,2026-04-23_FMP_Basket_Watchlist_Consumer_Discretionary_Sector_Basket,2026-04-23_FMP_Basket_Watchlist_Consumer_Discretionary_Sector_Basket,2026-04-23_FMP_Basket_Watchlist_Consumer_Discretionary_Sector_Basket,,,,,,,entity,Entities,,,,,,,,,,,,,,,,2026-06-01,,,,,,,,,,,,,,
world:entity:2026-04-23-fmp-basket-watchlist-consumer-staples-sector-basket,Entity,2026-04-23_FMP_Basket_Watchlist_Consumer_Staples_Sector_Basket,2026-04-23_FMP_Basket_Watchlist_Consumer_Staples_Sector_Basket,2026-04-23_FMP_Basket_Watchlist_Consumer_Staples_Sector_Basket,,,,,,,entity,Entities,,,,,,,,,,,,,,,,2026-06-01,,,,,,,,,,,,,,
world:entity:2026-04-23-fmp-basket-watchlist-dalio-style-all-weather-hard-assets,Entity,2026-04-23_FMP_Basket_Watchlist_Dalio_Style_All-Weather_Hard_Assets,2026-04-23_FMP_Basket_Watchlist_Dalio_Style_All-Weather_Hard_Assets,2026-04-23_FMP_Basket_Watchlist_Dalio_Style_All-Weather_Hard_Assets,,,,,,,entity,Entities,,,,,,,,,,,,,,,,2026-06-01,,,,,,,,,,,,,,
world:entity:2026-04-23-fmp-basket-watchlist-druckenmiller-style-secular-trend-leaders,Entity,2026-04-23_FMP_Basket_Watchlist_Druckenmiller_Style_Secular_Trend_Leaders,2026-04-23_FMP_Basket_Watchlist_Druckenmiller_Style_Secular_Trend_Leaders,2026-04-23_FMP_Basket_Watchlist_Druckenmiller_Style_Secular_Trend_Leaders,,,,,,,entity,Entities,,,,,,,,,,,,,,,,2026-06-01,,,,,,,,,,,,,,
world:entity:2026-04-23-fmp-basket-watchlist-energy-sector-basket,Entity,2026-04-23_FMP_Basket_Watchlist_Energy_Sector_Basket,2026-04-23_FMP_Basket_Watchlist_Energy_Sector_Basket,2026-04-23_FMP_Basket_Watchlist_Energy_Sector_Basket,,,,,,,entity,Entities,,,,,,,,,,,,,,,,2026-06-01,,,,,,,,,,,,,,
world:entity:2026-04-23-fmp-basket-watchlist-financials-sector-basket,Entity,2026-04-23_FMP_Basket_Watchlist_Financials_Sector_Basket,2026-04-23_FMP_Basket_Watchlist_Financials_Sector_Basket,2026-04-23_FMP_Basket_Watchlist_Financials_Sector_Basket,,,,,,,entity,Entities,,,,,,,,,,,,,,,,2026-06-01,,,,,,,,,,,,,,
world:entity:2026-04-23-fmp-basket-watchlist-graham-style-deep-value-re-rating,Entity,2026-04-23_FMP_Basket_Watchlist_Graham_Style_Deep_Value_Re-Rating,2026-04-23_FMP_Basket_Watchlist_Graham_Style_Deep_Value_Re-Rating,2026-04-23_FMP_Basket_Watchlist_Graham_Style_Deep_Value_Re-Rating,,,,,,,entity,Entities,,,,,,,,,,,,,,,,2026-06-01,,,,,,,,,,,,,,
world:entity:2026-04-23-fmp-basket-watchlist-healthcare-sector-basket,Entity,2026-04-23_FMP_Basket_Watchlist_Healthcare_Sector_Basket,2026-04-23_FMP_Basket_Watchlist_Healthcare_Sector_Basket,2026-04-23_FMP_Basket_Watchlist_Healthcare_Sector_Basket,,,,,,,entity,Entities,,,,,,,,,,,,,,,,2026-06-01,,,,,,,,,,,,,,
world:entity:2026-04-23-fmp-basket-watchlist-industrials-sector-basket,Entity,2026-04-23_FMP_Basket_Watchlist_Industrials_Sector_Basket,2026-04-23_FMP_Basket_Watchlist_Industrials_Sector_Basket,2026-04-23_FMP_Basket_Watchlist_Industrials_Sector_Basket,,,,,,,entity,Entities,,,,,,,,,,,,,,,,2026-06-01,,,,,,,,,,,,,,
world:entity:2026-04-23-fmp-basket-watchlist-lynch-style-garp-leaders,Entity,2026-04-23_FMP_Basket_Watchlist_Lynch_Style_GARP_Leaders,2026-04-23_FMP_Basket_Watchlist_Lynch_Style_GARP_Leaders,2026-04-23_FMP_Basket_Watchlist_Lynch_Style_GARP_Leaders,,,,,,,entity,Entities,,,,,,,,,,,,,,,,2026-06-01,,,,,,,,,,,,,,
world:entity:2026-04-23-fmp-basket-watchlist-materials-sector-basket,Entity,2026-04-23_FMP_Basket_Watchlist_Materials_Sector_Basket,2026-04-23_FMP_Basket_Watchlist_Materials_Sector_Basket,2026-04-23_FMP_Basket_Watchlist_Materials_Sector_Basket,,,,,,,entity,Entities,,,,,,,,,,,,,,,,2026-06-01,,,,,,,,,,,,,,
world:entity:2026-04-23-fmp-basket-watchlist-real-estate-sector-basket,Entity,2026-04-23_FMP_Basket_Watchlist_Real_Estate_Sector_Basket,2026-04-23_FMP_Basket_Watchlist_Real_Estate_Sector_Basket,2026-04-23_FMP_Basket_Watchlist_Real_Estate_Sector_Basket,,,,,,,entity,Entities,,,,,,,,,,,,,,,,2026-06-01,,,,,,,,,,,,,,
world:entity:2026-04-23-fmp-basket-watchlist-simons-style-quant-momentum-breadth,Entity,2026-04-23_FMP_Basket_Watchlist_Simons_Style_Quant_Momentum_Breadth,2026-04-23_FMP_Basket_Watchlist_Simons_Style_Quant_Momentum_Breadth,2026-04-23_FMP_Basket_Watchlist_Simons_Style_Quant_Momentum_Breadth,,,,,,,entity,Entities,,,,,,,,,,,,,,,,2026-06-01,,,,,,,,,,,,,,
world:entity:2026-04-23-fmp-basket-watchlist-tech-sector-basket,Entity,2026-04-23_FMP_Basket_Watchlist_Tech_Sector_Basket,2026-04-23_FMP_Basket_Watchlist_Tech_Sector_Basket,2026-04-23_FMP_Basket_Watchlist_Tech_Sector_Basket,,,,,,,entity,Entities,,,,,,,,,,,,,,,,2026-06-01,,,,,,,,,,,,,,
world:entity:2026-04-23-fmp-basket-watchlist-utilities-sector-basket,Entity,2026-04-23_FMP_Basket_Watchlist_Utilities_Sector_Basket,2026-04-23_FMP_Basket_Watchlist_Utilities_Sector_Basket,2026-04-23_FMP_Basket_Watchlist_Utilities_Sector_Basket,,,,,,,entity,Entities,,,,,,,,,,,,,,,,2026-06-01,,,,,,,,,,,,,,
world:entity:2026-04-23-fmp-communication-services-micro-small-cap-search,Entity,2026-04-23_FMP_Communication_Services_Micro_Small_Cap_Search,2026-04-23_FMP_Communication_Services_Micro_Small_Cap_Search,2026-04-23_FMP_Communication_Services_Micro_Small_Cap_Search,,,,,,,entity,Entities,,,,,,,,,,,,,,,,2026-06-01,,,,,,,,,,,,,,
world:entity:2026-04-23-fmp-consumer-discretionary-micro-small-cap-search,Entity,2026-04-23_FMP_Consumer_Discretionary_Micro_Small_Cap_Search,2026-04-23_FMP_Consumer_Discretionary_Micro_Small_Cap_Search,2026-04-23_FMP_Consumer_Discretionary_Micro_Small_Cap_Search,,,,,,,entity,Entities,,,,,,,,,,,,,,,,2026-06-01,,,,,,,,,,,,,,
world:entity:2026-04-23-fmp-consumer-staples-micro-small-cap-search,Entity,2026-04-23_FMP_Consumer_Staples_Micro_Small_Cap_Search,2026-04-23_FMP_Consumer_Staples_Micro_Small_Cap_Search,2026-04-23_FMP_Consumer_Staples_Micro_Small_Cap_Search,,,,,,,entity,Entities,,,,,,,,,,,,,,,,2026-06-01,,,,,,,,,,,,,,
world:entity:2026-04-23-fmp-earnings-calendar-thesis-watchlists,Entity,2026-04-23_FMP_Earnings_Calendar_Thesis_Watchlists,2026-04-23_FMP_Earnings_Calendar_Thesis_Watchlists,2026-04-23_FMP_Earnings_Calendar_Thesis_Watchlists,,,,,,,entity,Entities,,,,,,,,,,,,,,,,2026-06-01,,,,,,,,,,,,,,
world:entity:2026-04-23-fmp-energy-micro-small-cap-search,Entity,2026-04-23_FMP_Energy_Micro_Small_Cap_Search,2026-04-23_FMP_Energy_Micro_Small_Cap_Search,2026-04-23_FMP_Energy_Micro_Small_Cap_Search,,,,,,,entity,Entities,,,,,,,,,,,,,,,,2026-06-01,,,,,,,,,,,,,,
world:entity:2026-04-23-fmp-financials-micro-small-cap-search,Entity,2026-04-23_FMP_Financials_Micro_Small_Cap_Search,2026-04-23_FMP_Financials_Micro_Small_Cap_Search,2026-04-23_FMP_Financials_Micro_Small_Cap_Search,,,,,,,entity,Entities,,,,,,,,,,,,,,,,2026-06-01,,,,,,,,,,,,,,
world:entity:2026-04-23-fmp-healthcare-micro-small-cap-search,Entity,2026-04-23_FMP_Healthcare_Micro_Small_Cap_Search,2026-04-23_FMP_Healthcare_Micro_Small_Cap_Search,2026-04-23_FMP_Healthcare_Micro_Small_Cap_Search,,,,,,,entity,Entities,,,,,,,,,,,,,,,,2026-06-01,,,,,,,,,,,,,,
world:entity:2026-04-23-fmp-industrials-micro-small-cap-search,Entity,2026-04-23_FMP_Industrials_Micro_Small_Cap_Search,2026-04-23_FMP_Industrials_Micro_Small_Cap_Search,2026-04-23_FMP_Industrials_Micro_Small_Cap_Search,,,,,,,entity,Entities,,,,,,,,,,,,,,,,2026-06-01,,,,,,,,,,,,,,
world:entity:2026-04-23-fmp-materials-micro-small-cap-search,Entity,2026-04-23_FMP_Materials_Micro_Small_Cap_Search,2026-04-23_FMP_Materials_Micro_Small_Cap_Search,2026-04-23_FMP_Materials_Micro_Small_Cap_Search,,,,,,,entity,Entities,,,,,,,,,,,,,,,,2026-06-01,,,,,,,,,,,,,,
world:entity:2026-04-23-fmp-real-estate-micro-small-cap-search,Entity,2026-04-23_FMP_Real_Estate_Micro_Small_Cap_Search,2026-04-23_FMP_Real_Estate_Micro_Small_Cap_Search,2026-04-23_FMP_Real_Estate_Micro_Small_Cap_Search,,,,,,,entity,Entities,,,,,,,,,,,,,,,,2026-06-01,,,,,,,,,,,,,,
world:entity:2026-04-23-fmp-tech-sector-micro-small-cap-search,Entity,2026-04-23_FMP_Tech_Sector_Micro_Small_Cap_Search,2026-04-23_FMP_Tech_Sector_Micro_Small_Cap_Search,2026-04-23_FMP_Tech_Sector_Micro_Small_Cap_Search,,,,,,,entity,Entities,,,,,,,,,,,,,,,,2026-06-01,,,,,,,,,,,,,,
world:entity:2026-04-23-fmp-technicals-aapl-daily,Entity,2026-04-23_FMP_Technicals_AAPL_daily,2026-04-23_FMP_Technicals_AAPL_daily,2026-04-23_FMP_Technicals_AAPL_daily,,,,,,,entity,Entities,,,,,,,,,,,,,,,,2026-06-01,,,,,,,,,,,,,,
world:entity:2026-04-23-fmp-technicals-abbv-daily,Entity,2026-04-23_FMP_Technicals_ABBV_daily,2026-04-23_FMP_Technicals_ABBV_daily,2026-04-23_FMP_Technicals_ABBV_daily,,,,,,,entity,Entities,,,,,,,,,,,,,,,,2026-06-01,,,,,,,,,,,,,,
world:entity:2026-04-23-fmp-technicals-abt-daily,Entity,2026-04-23_FMP_Technicals_ABT_daily,2026-04-23_FMP_Technicals_ABT_daily,2026-04-23_FMP_Technicals_ABT_daily,,,,,,,entity,Entities,,,,,,,,,,,,,,,,2026-06-01,,,,,,,,,,,,,,
world:entity:2026-04-23-fmp-technicals-acad-daily,Entity,2026-04-23_FMP_Technicals_ACAD_daily,2026-04-23_FMP_Technicals_ACAD_daily,2026-04-23_FMP_Technicals_ACAD_daily,,,,,,,entity,Entities,,,,,,,,,,,,,,,,2026-06-01,,,,,,,,,,,,,,
world:entity:2026-04-23-fmp-technicals-achr-daily,Entity,2026-04-23_FMP_Technicals_ACHR_daily,2026-04-23_FMP_Technicals_ACHR_daily,2026-04-23_FMP_Technicals_ACHR_daily,,,,,,,entity,Entities,,,,,,,,,,,,,,,,2026-06-01,,,,,,,,,,,,,,
world:entity:2026-04-23-fmp-technicals-adbe-daily,Entity,2026-04-23_FMP_Technicals_ADBE_daily,2026-04-23_FMP_Technicals_ADBE_daily,2026-04-23_FMP_Technicals_ADBE_daily,,,,,,,entity,Entities,,,,,,,,,,,,,,,,2026-06-01,,,,,,,,,,,,,,
world:entity:2026-04-23-fmp-technicals-aep-daily,Entity,2026-04-23_FMP_Technicals_AEP_daily,2026-04-23_FMP_Technicals_AEP_daily,2026-04-23_FMP_Technicals_AEP_daily,,,,,,,entity,Entities,,,,,,,,,,,,,,,,2026-06-01,,,,,,,,,,,,,,
world:entity:2026-04-23-fmp-technicals-airo-daily,Entity,2026-04-23_FMP_Technicals_AIRO_daily,2026-04-23_FMP_Technicals_AIRO_daily,2026-04-23_FMP_Technicals_AIRO_daily,,,,,,,entity,Entities,,,,,,,,,,,,,,,,2026-06-01,,,,,,,,,,,,,,
world:entity:2026-04-23-fmp-technicals-alb-daily,Entity,2026-04-23_FMP_Technicals_ALB_daily,2026-04-23_FMP_Technicals_ALB_daily,2026-04-23_FMP_Technicals_ALB_daily,,,,,,,entity,Entities,,,,,,,,,,,,,,,,2026-06-01,,,,,,,,,,,,,,
world:entity:2026-04-23-fmp-technicals-alks-daily,Entity,2026-04-23_FMP_Technicals_ALKS_daily,2026-04-23_FMP_Technicals_ALKS_daily,2026-04-23_FMP_Technicals_ALKS_daily,,,,,,,entity,Entities,,,,,,,,,,,,,,,,2026-06-01,,,,,,,,,,,,,,
world:entity:2026-04-23-fmp-technicals-alvo-daily,Entity,2026-04-23_FMP_Technicals_ALVO_daily,2026-04-23_FMP_Technicals_ALVO_daily,2026-04-23_FMP_Technicals_ALVO_daily,,,,,,,entity,Entities,,,,,,,,,,,,,,,,2026-06-01,,,,,,,,,,,,,,
world:entity:2026-04-23-fmp-technicals-amat-daily,Entity,2026-04-23_FMP_Technicals_AMAT_daily,2026-04-23_FMP_Technicals_AMAT_daily,2026-04-23_FMP_Technicals_AMAT_daily,,,,,,,entity,Entities,,,,,,,,,,,,,,,,2026-06-01,,,,,,,,,,,,,,
world:entity:2026-04-23-fmp-technicals-amd-daily,Entity,2026-04-23_FMP_Technicals_AMD_daily,2026-04-23_FMP_Technicals_AMD_daily,2026-04-23_FMP_Technicals_AMD_daily,,,,,,,entity,Entities,,,,,,,,,,,,,,,,2026-06-01,,,,,,,,,,,,,,
world:entity:2026-04-23-fmp-technicals-amgn-daily,Entity,2026-04-23_FMP_Technicals_AMGN_daily,2026-04-23_FMP_Technicals_AMGN_daily,2026-04-23_FMP_Technicals_AMGN_daily,,,,,,,entity,Entities,,,,,,,,,,,,,,,,2026-06-01,,,,,,,,,,,,,,
world:entity:2026-04-23-fmp-technicals-amt-daily,Entity,2026-04-23_FMP_Technicals_AMT_daily,2026-04-23_FMP_Technicals_AMT_daily,2026-04-23_FMP_Technicals_AMT_daily,,,,,,,entity,Entities,,,,,,,,,,,,,,,,2026-06-01,,,,,,,,,,,,,,
world:entity:2026-04-23-fmp-technicals-amzn-daily,Entity,2026-04-23_FMP_Technicals_AMZN_daily,2026-04-23_FMP_Technicals_AMZN_daily,2026-04-23_FMP_Technicals_AMZN_daily,,,,,,,entity,Entities,,,,,,,,,,,,,,,,2026-06-01,,,,,,,,,,,,,,
world:entity:2026-04-23-fmp-technicals-apd-daily,Entity,2026-04-23_FMP_Technicals_APD_daily,2026-04-23_FMP_Technicals_APD_daily,2026-04-23_FMP_Technicals_APD_daily,,,,,,,entity,Entities,,,,,,,,,,,,,,,,2026-06-01,,,,,,,,,,,,,,
world:entity:2026-04-23-fmp-technicals-asts-daily,Entity,2026-04-23_FMP_Technicals_ASTS_daily,2026-04-23_FMP_Technicals_ASTS_daily,2026-04-23_FMP_Technicals_ASTS_daily,,,,,,,entity,Entities,,,,,,,,,,,,,,,,2026-06-01,,,,,,,,,,,,,,
world:entity:2026-04-23-fmp-technicals-atai-daily,Entity,2026-04-23_FMP_Technicals_ATAI_daily,2026-04-23_FMP_Technicals_ATAI_daily,2026-04-23_FMP_Technicals_ATAI_daily,,,,,,,entity,Entities,,,,,,,,,,,,,,,,2026-06-01,,,,,,,,,,,,,,
world:entity:2026-04-23-fmp-technicals-avav-daily,Entity,2026-04-23_FMP_Technicals_AVAV_daily,2026-04-23_FMP_Technicals_AVAV_daily,2026-04-23_FMP_Technicals_AVAV_daily,,,,,,,entity,Entities,,,,,,,,,,,,,,,,2026-06-01,,,,,,,,,,,,,,
world:entity:2026-04-23-fmp-technicals-avb-daily,Entity,2026-04-23_FMP_Technicals_AVB_daily,2026-04-23_FMP_Technicals_AVB_daily,2026-04-23_FMP_Technicals_AVB_daily,,,,,,,entity,Entities,,,,,,,,,,,,,,,,2026-06-01,,,,,,,,,,,,,,
world:entity:2026-04-23-fmp-technicals-avgo-daily,Entity,2026-04-23_FMP_Technicals_AVGO_daily,2026-04-23_FMP_Technicals_AVGO_daily,2026-04-23_FMP_Technicals_AVGO_daily,,,,,,,entity,Entities,,,,,,,,,,,,,,,,2026-06-01,,,,,,,,,,,,,,
world:entity:2026-04-23-fmp-technicals-axon-daily,Entity,2026-04-23_FMP_Technicals_AXON_daily,2026-04-23_FMP_Technicals_AXON_daily,2026-04-23_FMP_Technicals_AXON_daily,,,,,,,entity,Entities,,,,,,,,,,,,,,,,2026-06-01,,,,,,,,,,,,,,
world:entity:2026-04-23-fmp-technicals-axp-daily,Entity,2026-04-23_FMP_Technicals_AXP_daily,2026-04-23_FMP_Technicals_AXP_daily,2026-04-23_FMP_Technicals_AXP_daily,,,,,,,entity,Entities,,,,,,,,,,,,,,,,2026-06-01,,,,,,,,,,,,,,
world:entity:2026-04-23-fmp-technicals-ba-daily,Entity,2026-04-23_FMP_Technicals_BA_daily,2026-04-23_FMP_Technicals_BA_daily,2026-04-23_FMP_Technicals_BA_daily,,,,,,,entity,Entities,,,,,,,,,,,,,,,,2026-06-01,,,,,,,,,,,,,,
world:entity:2026-04-23-fmp-technicals-bac-daily,Entity,2026-04-23_FMP_Technicals_BAC_daily,2026-04-23_FMP_Technicals_BAC_daily,2026-04-23_FMP_Technicals_BAC_daily,,,,,,,entity,Entities,,,,,,,,,,,,,,,,2026-06-01,,,,,,,,,,,,,,
world:entity:2026-04-23-fmp-technicals-bah-daily,Entity,2026-04-23_FMP_Technicals_BAH_daily,2026-04-23_FMP_Technicals_BAH_daily,2026-04-23_FMP_Technicals_BAH_daily,,,,,,,entity,Entities,,,,,,,,,,,,,,,,2026-06-01,,,,,,,,,,,,,,
world:entity:2026-04-23-fmp-technicals-bbai-daily,Entity,2026-04-23_FMP_Technicals_BBAI_daily,2026-04-23_FMP_Technicals_BBAI_daily,2026-04-23_FMP_Technicals_BBAI_daily,,,,,,,entity,Entities,,,,,,,,,,,,,,,,2026-06-01,,,,,,,,,,,,,,
world:entity:2026-04-23-fmp-technicals-beam-daily,Entity,2026-04-23_FMP_Technicals_BEAM_daily,2026-04-23_FMP_Technicals_BEAM_daily,2026-04-23_FMP_Technicals_BEAM_daily,,,,,,,entity,Entities,,,,,,,,,,,,,,,,2026-06-01,,,,,,,,,,,,,,
world:entity:2026-04-23-fmp-technicals-biib-daily,Entity,2026-04-23_FMP_Technicals_BIIB_daily,2026-04-23_FMP_Technicals_BIIB_daily,2026-04-23_FMP_Technicals_BIIB_daily,,,,,,,entity,Entities,,,,,,,,,,,,,,,,2026-06-01,,,,,,,,,,,,,,
world:entity:2026-04-23-fmp-technicals-bkng-daily,Entity,2026-04-23_FMP_Technicals_BKNG_daily,2026-04-23_FMP_Technicals_BKNG_daily,2026-04-23_FMP_Technicals_BKNG_daily,,,,,,,entity,Entities,,,,,,,,,,,,,,,,2026-06-01,,,,,,,,,,,,,,
world:entity:2026-04-23-fmp-technicals-bksy-daily,Entity,2026-04-23_FMP_Technicals_BKSY_daily,2026-04-23_FMP_Technicals_BKSY_daily,2026-04-23_FMP_Technicals_BKSY_daily,,,,,,,entity,Entities,,,,,,,,,,,,,,,,2026-06-01,,,,,,,,,,,,,,
world:entity:2026-04-23-fmp-technicals-blk-daily,Entity,2026-04-23_FMP_Technicals_BLK_daily,2026-04-23_FMP_Technicals_BLK_daily,2026-04-23_FMP_Technicals_BLK_daily,,,,,,,entity,Entities,,,,,,,,,,,,,,,,2026-06-01,,,,,,,,,,,,,,
world:entity:2026-04-23-fmp-technicals-c-daily,Entity,2026-04-23_FMP_Technicals_C_daily,2026-04-23_FMP_Technicals_C_daily,2026-04-23_FMP_Technicals_C_daily,,,,,,,entity,Entities,,,,,,,,,,,,,,,,2026-06-01,,,,,,,,,,,,,,
world:entity:2026-04-23-fmp-technicals-caci-daily,Entity,2026-04-23_FMP_Technicals_CACI_daily,2026-04-23_FMP_Technicals_CACI_daily,2026-04-23_FMP_Technicals_CACI_daily,,,,,,,entity,Entities,,,,,,,,,,,,,,,,2026-06-01,,,,,,,,,,,,,,
world:entity:2026-04-23-fmp-technicals-cat-daily,Entity,2026-04-23_FMP_Technicals_CAT_daily,2026-04-23_FMP_Technicals_CAT_daily,2026-04-23_FMP_Technicals_CAT_daily,,,,,,,entity,Entities,,,,,,,,,,,,,,,,2026-06-01,,,,,,,,,,,,,,
world:entity:2026-04-23-fmp-technicals-cci-daily,Entity,2026-04-23_FMP_Technicals_CCI_daily,2026-04-23_FMP_Technicals_CCI_daily,2026-04-23_FMP_Technicals_CCI_daily,,,,,,,entity,Entities,,,,,,,,,,,,,,,,2026-06-01,,,,,,,,,,,,,,
world:entity:2026-04-23-fmp-technicals-ccj-daily,Entity,2026-04-23_FMP_Technicals_CCJ_daily,2026-04-23_FMP_Technicals_CCJ_daily,2026-04-23_FMP_Technicals_CCJ_daily,,,,,,,entity,Entities,,,,,,,,,,,,,,,,2026-06-01,,,,,,,,,,,,,,
world:entity:2026-04-23-fmp-technicals-ceg-daily,Entity,2026-04-23_FMP_Technicals_CEG_daily,2026-04-23_FMP_Technicals_CEG_daily,2026-04-23_FMP_Technicals_CEG_daily,,,,,,,entity,Entities,,,,,,,,,,,,,,,,2026-06-01,,,,,,,,,,,,,,
world:entity:2026-04-23-fmp-technicals-chtr-daily,Entity,2026-04-23_FMP_Technicals_CHTR_daily,2026-04-23_FMP_Technicals_CHTR_daily,2026-04-23_FMP_Technicals_CHTR_daily,,,,,,,entity,Entities,,,,,,,,,,,,,,,,2026-06-01,,,,,,,,,,,,,,
world:entity:2026-04-23-fmp-technicals-cl-daily,Entity,2026-04-23_FMP_Technicals_CL_daily,2026-04-23_FMP_Technicals_CL_daily,2026-04-23_FMP_Technicals_CL_daily,,,,,,,entity,Entities,,,,,,,,,,,,,,,,2026-06-01,,,,,,,,,,,,,,
world:entity:2026-04-23-fmp-technicals-cmcsa-daily,Entity,2026-04-23_FMP_Technicals_CMCSA_daily,2026-04-23_FMP_Technicals_CMCSA_daily,2026-04-23_FMP_Technicals_CMCSA_daily,,,,,,,entity,Entities,,,,,,,,,,,,,,,,2026-06-01,,,,,,,,,,,,,,
world:entity:2026-04-23-fmp-technicals-cmps-daily,Entity,2026-04-23_FMP_Technicals_CMPS_daily,2026-04-23_FMP_Technicals_CMPS_daily,2026-04-23_FMP_Technicals_CMPS_daily,,,,,,,entity,Entities,,,,,,,,,,,,,,,,2026-06-01,,,,,,,,,,,,,,
world:entity:2026-04-23-fmp-technicals-coin-daily,Entity,2026-04-23_FMP_Technicals_COIN_daily,2026-04-23_FMP_Technicals_COIN_daily,2026-04-23_FMP_Technicals_COIN_daily,,,,,,,entity,Entities,,,,,,,,,,,,,,,,2026-06-01,,,,,,,,,,,,,,
world:entity:2026-04-23-fmp-technicals-cop-daily,Entity,2026-04-23_FMP_Technicals_COP_daily,2026-04-23_FMP_Technicals_COP_daily,2026-04-23_FMP_Technicals_COP_daily,,,,,,,entity,Entities,,,,,,,,,,,,,,,,2026-06-01,,,,,,,,,,,,,,
world:entity:2026-04-23-fmp-technicals-cost-daily,Entity,2026-04-23_FMP_Technicals_COST_daily,2026-04-23_FMP_Technicals_COST_daily,2026-04-23_FMP_Technicals_COST_daily,,,,,,,entity,Entities,,,,,,,,,,,,,,,,2026-06-01,,,,,,,,,,,,,,
world:entity:2026-04-23-fmp-technicals-crm-daily,Entity,2026-04-23_FMP_Technicals_CRM_daily,2026-04-23_FMP_Technicals_CRM_daily,2026-04-23_FMP_Technicals_CRM_daily,,,,,,,entity,Entities,,,,,,,,,,,,,,,,2026-06-01,,,,,,,,,,,,,,
world:entity:2026-04-23-fmp-technicals-crsp-daily,Entity,2026-04-23_FMP_Technicals_CRSP_daily,2026-04-23_FMP_Technicals_CRSP_daily,2026-04-23_FMP_Technicals_CRSP_daily,,,,,,,entity,Entities,,,,,,,,,,,,,,,,2026-06-01,,,,,,,,,,,,,,
world:entity:2026-04-23-fmp-technicals-cvx-daily,Entity,2026-04-23_FMP_Technicals_CVX_daily,2026-04-23_FMP_Technicals_CVX_daily,2026-04-23_FMP_Technicals_CVX_daily,,,,,,,entity,Entities,,,,,,,,,,,,,,,,2026-06-01,,,,,,,,,,,,,,
world:entity:2026-04-23-fmp-technicals-d-daily,Entity,2026-04-23_FMP_Technicals_D_daily,2026-04-23_FMP_Technicals_D_daily,2026-04-23_FMP_Technicals_D_daily,,,,,,,entity,Entities,,,,,,,,,,,,,,,,2026-06-01,,,,,,,,,,,,,,
world:entity:2026-04-23-fmp-technicals-de-daily,Entity,2026-04-23_FMP_Technicals_DE_daily,2026-04-23_FMP_Technicals_DE_daily,2026-04-23_FMP_Technicals_DE_daily,,,,,,,entity,Entities,,,,,,,,,,,,,,,,2026-06-01,,,,,,,,,,,,,,
world:entity:2026-04-23-fmp-technicals-dftx-daily,Entity,2026-04-23_FMP_Technicals_DFTX_daily,2026-04-23_FMP_Technicals_DFTX_daily,2026-04-23_FMP_Technicals_DFTX_daily,,,,,,,entity,Entities,,,,,,,,,,,,,,,,2026-06-01,,,,,,,,,,,,,,
world:entity:2026-04-23-fmp-technicals-dhi-daily,Entity,2026-04-23_FMP_Technicals_DHI_daily,2026-04-23_FMP_Technicals_DHI_daily,2026-04-23_FMP_Technicals_DHI_daily,,,,,,,entity,Entities,,,,,,,,,,,,,,,,2026-06-01,,,,,,,,,,,,,,
world:entity:2026-04-23-fmp-technicals-dhr-daily,Entity,2026-04-23_FMP_Technicals_DHR_daily,2026-04-23_FMP_Technicals_DHR_daily,2026-04-23_FMP_Technicals_DHR_daily,,,,,,,entity,Entities,,,,,,,,,,,,,,,,2026-06-01,,,,,,,,,,,,,,
world:entity:2026-04-23-fmp-technicals-dis-daily,Entity,2026-04-23_FMP_Technicals_DIS_daily,2026-04-23_FMP_Technicals_DIS_daily,2026-04-23_FMP_Technicals_DIS_daily,,,,,,,entity,Entities,,,,,,,,,,,,,,,,2026-06-01,,,,,,,,,,,,,,
world:entity:2026-04-23-fmp-technicals-dlr-daily,Entity,2026-04-23_FMP_Technicals_DLR_daily,2026-04-23_FMP_Technicals_DLR_daily,2026-04-23_FMP_Technicals_DLR_daily,,,,,,,entity,Entities,,,,,,,,,,,,,,,,2026-06-01,,,,,,,,,,,,,,
world:entity:2026-04-23-fmp-technicals-dpro-daily,Entity,2026-04-23_FMP_Technicals_DPRO_daily,2026-04-23_FMP_Technicals_DPRO_daily,2026-04-23_FMP_Technicals_DPRO_daily,,,,,,,entity,Entities,,,,,,,,,,,,,,,,2026-06-01,,,,,,,,,,,,,,
world:entity:2026-04-23-fmp-technicals-duk-daily,Entity,2026-04-23_FMP_Technicals_DUK_daily,2026-04-23_FMP_Technicals_DUK_daily,2026-04-23_FMP_Technicals_DUK_daily,,,,,,,entity,Entities,,,,,,,,,,,,,,,,2026-06-01,,,,,,,,,,,,,,
world:entity:2026-04-23-fmp-technicals-dvn-daily,Entity,2026-04-23_FMP_Technicals_DVN_daily,2026-04-23_FMP_Technicals_DVN_daily,2026-04-23_FMP_Technicals_DVN_daily,,,,,,,entity,Entities,,,,,,,,,,,,,,,,2026-06-01,,,,,,,,,,,,,,
world:entity:2026-04-23-fmp-technicals-ea-daily,Entity,2026-04-23_FMP_Technicals_EA_daily,2026-04-23_FMP_Technicals_EA_daily,2026-04-23_FMP_Technicals_EA_daily,,,,,,,entity,Entities,,,,,,,,,,,,,,,,2026-06-01,,,,,,,,,,,,,,
world:entity:2026-04-23-fmp-technicals-ecl-daily,Entity,2026-04-23_FMP_Technicals_ECL_daily,2026-04-23_FMP_Technicals_ECL_daily,2026-04-23_FMP_Technicals_ECL_daily,,,,,,,entity,Entities,,,,,,,,,,,,,,,,2026-06-01,,,,,,,,,,,,,,
world:entity:2026-04-23-fmp-technicals-edit-daily,Entity,2026-04-23_FMP_Technicals_EDIT_daily,2026-04-23_FMP_Technicals_EDIT_daily,2026-04-23_FMP_Technicals_EDIT_daily,,,,,,,entity,Entities,,,,,,,,,,,,,,,,2026-06-01,,,,,,,,,,,,,,
world:entity:2026-04-23-fmp-technicals-eh-daily,Entity,2026-04-23_FMP_Technicals_EH_daily,2026-04-23_FMP_Technicals_EH_daily,2026-04-23_FMP_Technicals_EH_daily,,,,,,,entity,Entities,,,,,,,,,,,,,,,,2026-06-01,,,,,,,,,,,,,,
world:entity:2026-04-23-fmp-technicals-envx-daily,Entity,2026-04-23_FMP_Technicals_ENVX_daily,2026-04-23_FMP_Technicals_ENVX_daily,2026-04-23_FMP_Technicals_ENVX_daily,,,,,,,entity,Entities,,,,,,,,,,,,,,,,2026-06-01,,,,,,,,,,,,,,
world:entity:2026-04-23-fmp-technicals-eog-daily,Entity,2026-04-23_FMP_Technicals_EOG_daily,2026-04-23_FMP_Technicals_EOG_daily,2026-04-23_FMP_Technicals_EOG_daily,,,,,,,entity,Entities,,,,,,,,,,,,,,,,2026-06-01,,,,,,,,,,,,,,
world:entity:2026-04-23-fmp-technicals-eqix-daily,Entity,2026-04-23_FMP_Technicals_EQIX_daily,2026-04-23_FMP_Technicals_EQIX_daily,2026-04-23_FMP_Technicals_EQIX_daily,,,,,,,entity,Entities,,,,,,,,,,,,,,,,2026-06-01,,,,,,,,,,,,,,
world:entity:2026-04-23-fmp-technicals-eslt-daily,Entity,2026-04-23_FMP_Technicals_ESLT_daily,2026-04-23_FMP_Technicals_ESLT_daily,2026-04-23_FMP_Technicals_ESLT_daily,,,,,,,entity,Entities,,,,,,,,,,,,,,,,2026-06-01,,,,,,,,,,,,,,
world:entity:2026-04-23-fmp-technicals-etn-daily,Entity,2026-04-23_FMP_Technicals_ETN_daily,2026-04-23_FMP_Technicals_ETN_daily,2026-04-23_FMP_Technicals_ETN_daily,,,,,,,entity,Entities,,,,,,,,,,,,,,,,2026-06-01,,,,,,,,,,,,,,
world:entity:2026-04-23-fmp-technicals-evtl-daily,Entity,2026-04-23_FMP_Technicals_EVTL_daily,2026-04-23_FMP_Technicals_EVTL_daily,2026-04-23_FMP_Technicals_EVTL_daily,,,,,,,entity,Entities,,,,,,,,,,,,,,,,2026-06-01,,,,,,,,,,,,,,
world:entity:2026-04-23-fmp-technicals-exc-daily,Entity,2026-04-23_FMP_Technicals_EXC_daily,2026-04-23_FMP_Technicals_EXC_daily,2026-04-23_FMP_Technicals_EXC_daily,,,,,,,entity,Entities,,,,,,,,,,,,,,,,2026-06-01,,,,,,,,,,,,,,
world:entity:2026-04-23-fmp-technicals-fcx-daily,Entity,2026-04-23_FMP_Technicals_FCX_daily,2026-04-23_FMP_Technicals_FCX_daily,2026-04-23_FMP_Technicals_FCX_daily,,,,,,,entity,Entities,,,,,,,,,,,,,,,,2026-06-01,,,,,,,,,,,,,,
world:entity:2026-04-23-fmp-technicals-flnc-daily,Entity,2026-04-23_FMP_Technicals_FLNC_daily,2026-04-23_FMP_Technicals_FLNC_daily,2026-04-23_FMP_Technicals_FLNC_daily,,,,,,,entity,Entities,,,,,,,,,,,,,,,,2026-06-01,,,,,,,,,,,,,,
world:entity:2026-04-23-fmp-technicals-gd-daily,Entity,2026-04-23_FMP_Technicals_GD_daily,2026-04-23_FMP_Technicals_GD_daily,2026-04-23_FMP_Technicals_GD_daily,,,,,,,entity,Entities,,,,,,,,,,,,,,,,2026-06-01,,,,,,,,,,,,,,
world:entity:2026-04-23-fmp-technicals-ge-daily,Entity,2026-04-23_FMP_Technicals_GE_daily,2026-04-23_FMP_Technicals_GE_daily,2026-04-23_FMP_Technicals_GE_daily,,,,,,,entity,Entities,,,,,,,,,,,,,,,,2026-06-01,,,,,,,,,,,,,,
world:entity:2026-04-23-fmp-technicals-gev-daily,Entity,2026-04-23_FMP_Technicals_GEV_daily,2026-04-23_FMP_Technicals_GEV_daily,2026-04-23_FMP_Technicals_GEV_daily,,,,,,,entity,Entities,,,,,,,,,,,,,,,,2026-06-01,,,,,,,,,,,,,,
world:entity:2026-04-23-fmp-technicals-ghrs-daily,Entity,2026-04-23_FMP_Technicals_GHRS_daily,2026-04-23_FMP_Technicals_GHRS_daily,2026-04-23_FMP_Technicals_GHRS_daily,,,,,,,entity,Entities,,,,,,,,,,,,,,,,2026-06-01,,,,,,,,,,,,,,
world:entity:2026-04-23-fmp-technicals-gis-daily,Entity,2026-04-23_FMP_Technicals_GIS_daily,2026-04-23_FMP_Technicals_GIS_daily,2026-04-23_FMP_Technicals_GIS_daily,,,,,,,entity,Entities,,,,,,,,,,,,,,,,2026-06-01,,,,,,,,,,,,,,
world:entity:2026-04-23-fmp-technicals-gold-daily,Entity,2026-04-23_FMP_Technicals_GOLD_daily,2026-04-23_FMP_Technicals_GOLD_daily,2026-04-23_FMP_Technicals_GOLD_daily,,,,,,,entity,Entities,,,,,,,,,,,,,,,,2026-06-01,,,,,,,,,,,,,,
world:entity:2026-04-23-fmp-technicals-googl-daily,Entity,2026-04-23_FMP_Technicals_GOOGL_daily,2026-04-23_FMP_Technicals_GOOGL_daily,2026-04-23_FMP_Technicals_GOOGL_daily,,,,,,,entity,Entities,,,,,,,,,,,,,,,,2026-06-01,,,,,,,,,,,,,,
world:entity:2026-04-23-fmp-technicals-gs-daily,Entity,2026-04-23_FMP_Technicals_GS_daily,2026-04-23_FMP_Technicals_GS_daily,2026-04-23_FMP_Technicals_GS_daily,,,,,,,entity,Entities,,,,,,,,,,,,,,,,2026-06-01,,,,,,,,,,,,,,
world:entity:2026-04-23-fmp-technicals-hal-daily,Entity,2026-04-23_FMP_Technicals_HAL_daily,2026-04-23_FMP_Technicals_HAL_daily,2026-04-23_FMP_Technicals_HAL_daily,,,,,,,entity,Entities,,,,,,,,,,,,,,,,2026-06-01,,,,,,,,,,,,,,
world:entity:2026-04-23-fmp-technicals-hd-daily,Entity,2026-04-23_FMP_Technicals_HD_daily,2026-04-23_FMP_Technicals_HD_daily,2026-04-23_FMP_Technicals_HD_daily,,,,,,,entity,Entities,,,,,,,,,,,,,,,,2026-06-01,,,,,,,,,,,,,,
world:entity:2026-04-23-fmp-technicals-help-daily,Entity,2026-04-23_FMP_Technicals_HELP_daily,2026-04-23_FMP_Technicals_HELP_daily,2026-04-23_FMP_Technicals_HELP_daily,,,,,,,entity,Entities,,,,,,,,,,,,,,,,2026-06-01,,,,,,,,,,,,,,
world:entity:2026-04-23-fmp-technicals-hii-daily,Entity,2026-04-23_FMP_Technicals_HII_daily,2026-04-23_FMP_Technicals_HII_daily,2026-04-23_FMP_Technicals_HII_daily,,,,,,,entity,Entities,,,,,,,,,,,,,,,,2026-06-01,,,,,,,,,,,,,,
world:entity:2026-04-23-fmp-technicals-hims-daily,Entity,2026-04-23_FMP_Technicals_HIMS_daily,2026-04-23_FMP_Technicals_HIMS_daily,2026-04-23_FMP_Technicals_HIMS_daily,,,,,,,entity,Entities,,,,,,,,,,,,,,,,2026-06-01,,,,,,,,,,,,,,
world:entity:2026-04-23-fmp-technicals-hon-daily,Entity,2026-04-23_FMP_Technicals_HON_daily,2026-04-23_FMP_Technicals_HON_daily,2026-04-23_FMP_Technicals_HON_daily,,,,,,,entity,Entities,,,,,,,,,,,,,,,,2026-06-01,,,,,,,,,,,,,,
world:entity:2026-04-23-fmp-technicals-hovr-daily,Entity,2026-04-23_FMP_Technicals_HOVR_daily,2026-04-23_FMP_Technicals_HOVR_daily,2026-04-23_FMP_Technicals_HOVR_daily,,,,,,,entity,Entities,,,,,,,,,,,,,,,,2026-06-01,,,,,,,,,,,,,,
world:entity:2026-04-23-fmp-technicals-inva-daily,Entity,2026-04-23_FMP_Technicals_INVA_daily,2026-04-23_FMP_Technicals_INVA_daily,2026-04-23_FMP_Technicals_INVA_daily,,,,,,,entity,Entities,,,,,,,,,,,,,,,,2026-06-01,,,,,,,,,,,,,,
world:entity:2026-04-23-fmp-technicals-ionq-daily,Entity,2026-04-23_FMP_Technicals_IONQ_daily,2026-04-23_FMP_Technicals_IONQ_daily,2026-04-23_FMP_Technicals_IONQ_daily,,,,,,,entity,Entities,,,,,,,,,,,,,,,,2026-06-01,,,,,,,,,,,,,,
world:entity:2026-04-23-fmp-technicals-isrg-daily,Entity,2026-04-23_FMP_Technicals_ISRG_daily,2026-04-23_FMP_Technicals_ISRG_daily,2026-04-23_FMP_Technicals_ISRG_daily,,,,,,,entity,Entities,,,,,,,,,,,,,,,,2026-06-01,,,,,,,,,,,,,,
world:entity:2026-04-23-fmp-technicals-jnj-daily,Entity,2026-04-23_FMP_Technicals_JNJ_daily,2026-04-23_FMP_Technicals_JNJ_daily,2026-04-23_FMP_Technicals_JNJ_daily,,,,,,,entity,Entities,,,,,,,,,,,,,,,,2026-06-01,,,,,,,,,,,,,,
world:entity:2026-04-23-fmp-technicals-joby-daily,Entity,2026-04-23_FMP_Technicals_JOBY_daily,2026-04-23_FMP_Technicals_JOBY_daily,2026-04-23_FMP_Technicals_JOBY_daily,,,,,,,entity,Entities,,,,,,,,,,,,,,,,2026-06-01,,,,,,,,,,,,,,
world:entity:2026-04-23-fmp-technicals-jpm-daily,Entity,2026-04-23_FMP_Technicals_JPM_daily,2026-04-23_FMP_Technicals_JPM_daily,2026-04-23_FMP_Technicals_JPM_daily,,,,,,,entity,Entities,,,,,,,,,,,,,,,,2026-06-01,,,,,,,,,,,,,,
world:entity:2026-04-23-fmp-technicals-klac-daily,Entity,2026-04-23_FMP_Technicals_KLAC_daily,2026-04-23_FMP_Technicals_KLAC_daily,2026-04-23_FMP_Technicals_KLAC_daily,,,,,,,entity,Entities,,,,,,,,,,,,,,,,2026-06-01,,,,,,,,,,,,,,
world:entity:2026-04-23-fmp-technicals-kmb-daily,Entity,2026-04-23_FMP_Technicals_KMB_daily,2026-04-23_FMP_Technicals_KMB_daily,2026-04-23_FMP_Technicals_KMB_daily,,,,,,,entity,Entities,,,,,,,,,,,,,,,,2026-06-01,,,,,,,,,,,,,,
world:entity:2026-04-23-fmp-technicals-ko-daily,Entity,2026-04-23_FMP_Technicals_KO_daily,2026-04-23_FMP_Technicals_KO_daily,2026-04-23_FMP_Technicals_KO_daily,,,,,,,entity,Entities,,,,,,,,,,,,,,,,2026-06-01,,,,,,,,,,,,,,
world:entity:2026-04-23-fmp-technicals-ktos-daily,Entity,2026-04-23_FMP_Technicals_KTOS_daily,2026-04-23_FMP_Technicals_KTOS_daily,2026-04-23_FMP_Technicals_KTOS_daily,,,,,,,entity,Entities,,,,,,,,,,,,,,,,2026-06-01,,,,,,,,,,,,,,
world:entity:2026-04-23-fmp-technicals-ldos-daily,Entity,2026-04-23_FMP_Technicals_LDOS_daily,2026-04-23_FMP_Technicals_LDOS_daily,2026-04-23_FMP_Technicals_LDOS_daily,,,,,,,entity,Entities,,,,,,,,,,,,,,,,2026-06-01,,,,,,,,,,,,,,
world:entity:2026-04-23-fmp-technicals-len-daily,Entity,2026-04-23_FMP_Technicals_LEN_daily,2026-04-23_FMP_Technicals_LEN_daily,2026-04-23_FMP_Technicals_LEN_daily,,,,,,,entity,Entities,,,,,,,,,,,,,,,,2026-06-01,,,,,,,,,,,,,,
world:entity:2026-04-23-fmp-technicals-lhx-daily,Entity,2026-04-23_FMP_Technicals_LHX_daily,2026-04-23_FMP_Technicals_LHX_daily,2026-04-23_FMP_Technicals_LHX_daily,,,,,,,entity,Entities,,,,,,,,,,,,,,,,2026-06-01,,,,,,,,,,,,,,
world:entity:2026-04-23-fmp-technicals-lin-daily,Entity,2026-04-23_FMP_Technicals_LIN_daily,2026-04-23_FMP_Technicals_LIN_daily,2026-04-23_FMP_Technicals_LIN_daily,,,,,,,entity,Entities,,,,,,,,,,,,,,,,2026-06-01,,,,,,,,,,,,,,
world:entity:2026-04-23-fmp-technicals-lly-daily,Entity,2026-04-23_FMP_Technicals_LLY_daily,2026-04-23_FMP_Technicals_LLY_daily,2026-04-23_FMP_Technicals_LLY_daily,,,,,,,entity,Entities,,,,,,,,,,,,,,,,2026-06-01,,,,,,,,,,,,,,
world:entity:2026-04-23-fmp-technicals-lmt-daily,Entity,2026-04-23_FMP_Technicals_LMT_daily,2026-04-23_FMP_Technicals_LMT_daily,2026-04-23_FMP_Technicals_LMT_daily,,,,,,,entity,Entities,,,,,,,,,,,,,,,,2026-06-01,,,,,,,,,,,,,,
world:entity:2026-04-23-fmp-technicals-low-daily,Entity,2026-04-23_FMP_Technicals_LOW_daily,2026-04-23_FMP_Technicals_LOW_daily,2026-04-23_FMP_Technicals_LOW_daily,,,,,,,entity,Entities,,,,,,,,,,,,,,,,2026-06-01,,,,,,,,,,,,,,
world:entity:2026-04-23-fmp-technicals-lrcx-daily,Entity,2026-04-23_FMP_Technicals_LRCX_daily,2026-04-23_FMP_Technicals_LRCX_daily,2026-04-23_FMP_Technicals_LRCX_daily,,,,,,,entity,Entities,,,,,,,,,,,,,,,,2026-06-01,,,,,,,,,,,,,,
world:entity:2026-04-23-fmp-technicals-ma-daily,Entity,2026-04-23_FMP_Technicals_MA_daily,2026-04-23_FMP_Technicals_MA_daily,2026-04-23_FMP_Technicals_MA_daily,,,,,,,entity,Entities,,,,,,,,,,,,,,,,2026-06-01,,,,,,,,,,,,,,
world:entity:2026-04-23-fmp-technicals-mcd-daily,Entity,2026-04-23_FMP_Technicals_MCD_daily,2026-04-23_FMP_Technicals_MCD_daily,2026-04-23_FMP_Technicals_MCD_daily,,,,,,,entity,Entities,,,,,,,,,,,,,,,,2026-06-01,,,,,,,,,,,,,,
world:entity:2026-04-23-fmp-technicals-meta-daily,Entity,2026-04-23_FMP_Technicals_META_daily,2026-04-23_FMP_Technicals_META_daily,2026-04-23_FMP_Technicals_META_daily,,,,,,,entity,Entities,,,,,,,,,,,,,,,,2026-06-01,,,,,,,,,,,,,,
world:entity:2026-04-23-fmp-technicals-mmm-daily,Entity,2026-04-23_FMP_Technicals_MMM_daily,2026-04-23_FMP_Technicals_MMM_daily,2026-04-23_FMP_Technicals_MMM_daily,,,,,,,entity,Entities,,,,,,,,,,,,,,,,2026-06-01,,,,,,,,,,,,,,
world:entity:2026-04-23-fmp-technicals-mnts-daily,Entity,2026-04-23_FMP_Technicals_MNTS_daily,2026-04-23_FMP_Technicals_MNTS_daily,2026-04-23_FMP_Technicals_MNTS_daily,,,,,,,entity,Entities,,,,,,,,,,,,,,,,2026-06-01,,,,,,,,,,,,,,
world:entity:2026-04-23-fmp-technicals-mo-daily,Entity,2026-04-23_FMP_Technicals_MO_daily,2026-04-23_FMP_Technicals_MO_daily,2026-04-23_FMP_Technicals_MO_daily,,,,,,,entity,Entities,,,,,,,,,,,,,,,,2026-06-01,,,,,,,,,,,,,,
world:entity:2026-04-23-fmp-technicals-mos-daily,Entity,2026-04-23_FMP_Technicals_MOS_daily,2026-04-23_FMP_Technicals_MOS_daily,2026-04-23_FMP_Technicals_MOS_daily,,,,,,,entity,Entities,,,,,,,,,,,,,,,,2026-06-01,,,,,,,,,,,,,,
world:entity:2026-04-23-fmp-technicals-mpc-daily,Entity,2026-04-23_FMP_Technicals_MPC_daily,2026-04-23_FMP_Technicals_MPC_daily,2026-04-23_FMP_Technicals_MPC_daily,,,,,,,entity,Entities,,,,,,,,,,,,,,,,2026-06-01,,,,,,,,,,,,,,
world:entity:2026-04-23-fmp-technicals-mrk-daily,Entity,2026-04-23_FMP_Technicals_MRK_daily,2026-04-23_FMP_Technicals_MRK_daily,2026-04-23_FMP_Technicals_MRK_daily,,,,,,,entity,Entities,,,,,,,,,,,,,,,,2026-06-01,,,,,,,,,,,,,,
world:entity:2026-04-23-fmp-technicals-ms-daily,Entity,2026-04-23_FMP_Technicals_MS_daily,2026-04-23_FMP_Technicals_MS_daily,2026-04-23_FMP_Technicals_MS_daily,,,,,,,entity,Entities,,,,,,,,,,,,,,,,2026-06-01,,,,,,,,,,,,,,
world:entity:2026-04-23-fmp-technicals-msft-daily,Entity,2026-04-23_FMP_Technicals_MSFT_daily,2026-04-23_FMP_Technicals_MSFT_daily,2026-04-23_FMP_Technicals_MSFT_daily,,,,,,,entity,Entities,,,,,,,,,,,,,,,,2026-06-01,,,,,,,,,,,,,,
world:entity:2026-04-23-fmp-technicals-mstr-daily,Entity,2026-04-23_FMP_Technicals_MSTR_daily,2026-04-23_FMP_Technicals_MSTR_daily,2026-04-23_FMP_Technicals_MSTR_daily,,,,,,,entity,Entities,,,,,,,,,,,,,,,,2026-06-01,,,,,,,,,,,,,,
world:entity:2026-04-23-fmp-technicals-nbix-daily,Entity,2026-04-23_FMP_Technicals_NBIX_daily,2026-04-23_FMP_Technicals_NBIX_daily,2026-04-23_FMP_Technicals_NBIX_daily,,,,,,,entity,Entities,,,,,,,,,,,,,,,,2026-06-01,,,,,,,,,,,,,,
world:entity:2026-04-23-fmp-technicals-nee-daily,Entity,2026-04-23_FMP_Technicals_NEE_daily,2026-04-23_FMP_Technicals_NEE_daily,2026-04-23_FMP_Technicals_NEE_daily,,,,,,,entity,Entities,,,,,,,,,,,,,,,,2026-06-01,,,,,,,,,,,,,,
world:entity:2026-04-23-fmp-technicals-nem-daily,Entity,2026-04-23_FMP_Technicals_NEM_daily,2026-04-23_FMP_Technicals_NEM_daily,2026-04-23_FMP_Technicals_NEM_daily,,,,,,,entity,Entities,,,,,,,,,,,,,,,,2026-06-01,,,,,,,,,,,,,,
world:entity:2026-04-23-fmp-technicals-nflx-daily,Entity,2026-04-23_FMP_Technicals_NFLX_daily,2026-04-23_FMP_Technicals_NFLX_daily,2026-04-23_FMP_Technicals_NFLX_daily,,,,,,,entity,Entities,,,,,,,,,,,,,,,,2026-06-01,,,,,,,,,,,,,,
world:entity:2026-04-23-fmp-technicals-nke-daily,Entity,2026-04-23_FMP_Technicals_NKE_daily,2026-04-23_FMP_Technicals_NKE_daily,2026-04-23_FMP_Technicals_NKE_daily,,,,,,,entity,Entities,,,,,,,,,,,,,,,,2026-06-01,,,,,,,,,,,,,,
world:entity:2026-04-23-fmp-technicals-nne-daily,Entity,2026-04-23_FMP_Technicals_NNE_daily,2026-04-23_FMP_Technicals_NNE_daily,2026-04-23_FMP_Technicals_NNE_daily,,,,,,,entity,Entities,,,,,,,,,,,,,,,,2026-06-01,,,,,,,,,,,,,,
world:entity:2026-04-23-fmp-technicals-noc-daily,Entity,2026-04-23_FMP_Technicals_NOC_daily,2026-04-23_FMP_Technicals_NOC_daily,2026-04-23_FMP_Technicals_NOC_daily,,,,,,,entity,Entities,,,,,,,,,,,,,,,,2026-06-01,,,,,,,,,,,,,,
world:entity:2026-04-23-fmp-technicals-nrg-daily,Entity,2026-04-23_FMP_Technicals_NRG_daily,2026-04-23_FMP_Technicals_NRG_daily,2026-04-23_FMP_Technicals_NRG_daily,,,,,,,entity,Entities,,,,,,,,,,,,,,,,2026-06-01,,,,,,,,,,,,,,
world:entity:2026-04-23-fmp-technicals-ntla-daily,Entity,2026-04-23_FMP_Technicals_NTLA_daily,2026-04-23_FMP_Technicals_NTLA_daily,2026-04-23_FMP_Technicals_NTLA_daily,,,,,,,entity,Entities,,,,,,,,,,,,,,,,2026-06-01,,,,,,,,,,,,,,
world:entity:2026-04-23-fmp-technicals-nue-daily,Entity,2026-04-23_FMP_Technicals_NUE_daily,2026-04-23_FMP_Technicals_NUE_daily,2026-04-23_FMP_Technicals_NUE_daily,,,,,,,entity,Entities,,,,,,,,,,,,,,,,2026-06-01,,,,,,,,,,,,,,
world:entity:2026-04-23-fmp-technicals-nvda-daily,Entity,2026-04-23_FMP_Technicals_NVDA_daily,2026-04-23_FMP_Technicals_NVDA_daily,2026-04-23_FMP_Technicals_NVDA_daily,,,,,,,entity,Entities,,,,,,,,,,,,,,,,2026-06-01,,,,,,,,,,,,,,
world:entity:2026-04-23-fmp-technicals-nvr-daily,Entity,2026-04-23_FMP_Technicals_NVR_daily,2026-04-23_FMP_Technicals_NVR_daily,2026-04-23_FMP_Technicals_NVR_daily,,,,,,,entity,Entities,,,,,,,,,,,,,,,,2026-06-01,,,,,,,,,,,,,,
world:entity:2026-04-23-fmp-technicals-o-daily,Entity,2026-04-23_FMP_Technicals_O_daily,2026-04-23_FMP_Technicals_O_daily,2026-04-23_FMP_Technicals_O_daily,,,,,,,entity,Entities,,,,,,,,,,,,,,,,2026-06-01,,,,,,,,,,,,,,
world:entity:2026-04-23-fmp-technicals-oklo-daily,Entity,2026-04-23_FMP_Technicals_OKLO_daily,2026-04-23_FMP_Technicals_OKLO_daily,2026-04-23_FMP_Technicals_OKLO_daily,,,,,,,entity,Entities,,,,,,,,,,,,,,,,2026-06-01,,,,,,,,,,,,,,
world:entity:2026-04-23-fmp-technicals-on-daily,Entity,2026-04-23_FMP_Technicals_ON_daily,2026-04-23_FMP_Technicals_ON_daily,2026-04-23_FMP_Technicals_ON_daily,,,,,,,entity,Entities,,,,,,,,,,,,,,,,2026-06-01,,,,,,,,,,,,,,
world:entity:2026-04-23-fmp-technicals-onds-daily,Entity,2026-04-23_FMP_Technicals_ONDS_daily,2026-04-23_FMP_Technicals_ONDS_daily,2026-04-23_FMP_Technicals_ONDS_daily,,,,,,,entity,Entities,,,,,,,,,,,,,,,,2026-06-01,,,,,,,,,,,,,,
world:entity:2026-04-23-fmp-technicals-onto-daily,Entity,2026-04-23_FMP_Technicals_ONTO_daily,2026-04-23_FMP_Technicals_ONTO_daily,2026-04-23_FMP_Technicals_ONTO_daily,,,,,,,entity,Entities,,,,,,,,,,,,,,,,2026-06-01,,,,,,,,,,,,,,
world:entity:2026-04-23-fmp-technicals-orcl-daily,Entity,2026-04-23_FMP_Technicals_ORCL_daily,2026-04-23_FMP_Technicals_ORCL_daily,2026-04-23_FMP_Technicals_ORCL_daily,,,,,,,entity,Entities,,,,,,,,,,,,,,,,2026-06-01,,,,,,,,,,,,,,
world:entity:2026-04-23-fmp-technicals-oxy-daily,Entity,2026-04-23_FMP_Technicals_OXY_daily,2026-04-23_FMP_Technicals_OXY_daily,2026-04-23_FMP_Technicals_OXY_daily,,,,,,,entity,Entities,,,,,,,,,,,,,,,,2026-06-01,,,,,,,,,,,,,,
world:entity:2026-04-23-fmp-technicals-pep-daily,Entity,2026-04-23_FMP_Technicals_PEP_daily,2026-04-23_FMP_Technicals_PEP_daily,2026-04-23_FMP_Technicals_PEP_daily,,,,,,,entity,Entities,,,,,,,,,,,,,,,,2026-06-01,,,,,,,,,,,,,,
world:entity:2026-04-23-fmp-technicals-pfe-daily,Entity,2026-04-23_FMP_Technicals_PFE_daily,2026-04-23_FMP_Technicals_PFE_daily,2026-04-23_FMP_Technicals_PFE_daily,,,,,,,entity,Entities,,,,,,,,,,,,,,,,2026-06-01,,,,,,,,,,,,,,
world:entity:2026-04-23-fmp-technicals-pg-daily,Entity,2026-04-23_FMP_Technicals_PG_daily,2026-04-23_FMP_Technicals_PG_daily,2026-04-23_FMP_Technicals_PG_daily,,,,,,,entity,Entities,,,,,,,,,,,,,,,,2026-06-01,,,,,,,,,,,,,,
world:entity:2026-04-23-fmp-technicals-pl-daily,Entity,2026-04-23_FMP_Technicals_PL_daily,2026-04-23_FMP_Technicals_PL_daily,2026-04-23_FMP_Technicals_PL_daily,,,,,,,entity,Entities,,,,,,,,,,,,,,,,2026-06-01,,,,,,,,,,,,,,
world:entity:2026-04-23-fmp-technicals-pld-daily,Entity,2026-04-23_FMP_Technicals_PLD_daily,2026-04-23_FMP_Technicals_PLD_daily,2026-04-23_FMP_Technicals_PLD_daily,,,,,,,entity,Entities,,,,,,,,,,,,,,,,2026-06-01,,,,,,,,,,,,,,
world:entity:2026-04-23-fmp-technicals-pltr-daily,Entity,2026-04-23_FMP_Technicals_PLTR_daily,2026-04-23_FMP_Technicals_PLTR_daily,2026-04-23_FMP_Technicals_PLTR_daily,,,,,,,entity,Entities,,,,,,,,,,,,,,,,2026-06-01,,,,,,,,,,,,,,
world:entity:2026-04-23-fmp-technicals-pm-daily,Entity,2026-04-23_FMP_Technicals_PM_daily,2026-04-23_FMP_Technicals_PM_daily,2026-04-23_FMP_Technicals_PM_daily,,,,,,,entity,Entities,,,,,,,,,,,,,,,,2026-06-01,,,,,,,,,,,,,,
world:entity:2026-04-23-fmp-technicals-ppg-daily,Entity,2026-04-23_FMP_Technicals_PPG_daily,2026-04-23_FMP_Technicals_PPG_daily,2026-04-23_FMP_Technicals_PPG_daily,,,,,,,entity,Entities,,,,,,,,,,,,,,,,2026-06-01,,,,,,,,,,,,,,
world:entity:2026-04-23-fmp-technicals-prta-daily,Entity,2026-04-23_FMP_Technicals_PRTA_daily,2026-04-23_FMP_Technicals_PRTA_daily,2026-04-23_FMP_Technicals_PRTA_daily,,,,,,,entity,Entities,,,,,,,,,,,,,,,,2026-06-01,,,,,,,,,,,,,,
world:entity:2026-04-23-fmp-technicals-psa-daily,Entity,2026-04-23_FMP_Technicals_PSA_daily,2026-04-23_FMP_Technicals_PSA_daily,2026-04-23_FMP_Technicals_PSA_daily,,,,,,,entity,Entities,,,,,,,,,,,,,,,,2026-06-01,,,,,,,,,,,,,,
world:entity:2026-04-23-fmp-technicals-psil-daily,Entity,2026-04-23_FMP_Technicals_PSIL_daily,2026-04-23_FMP_Technicals_PSIL_daily,2026-04-23_FMP_Technicals_PSIL_daily,,,,,,,entity,Entities,,,,,,,,,,,,,,,,2026-06-01,,,,,,,,,,,,,,
world:entity:2026-04-23-fmp-technicals-psx-daily,Entity,2026-04-23_FMP_Technicals_PSX_daily,2026-04-23_FMP_Technicals_PSX_daily,2026-04-23_FMP_Technicals_PSX_daily,,,,,,,entity,Entities,,,,,,,,,,,,,,,,2026-06-01,,,,,,,,,,,,,,
world:entity:2026-04-23-fmp-technicals-qcom-daily,Entity,2026-04-23_FMP_Technicals_QCOM_daily,2026-04-23_FMP_Technicals_QCOM_daily,2026-04-23_FMP_Technicals_QCOM_daily,,,,,,,entity,Entities,,,,,,,,,,,,,,,,2026-06-01,,,,,,,,,,,,,,
world:entity:2026-04-23-fmp-technicals-qubt-daily,Entity,2026-04-23_FMP_Technicals_QUBT_daily,2026-04-23_FMP_Technicals_QUBT_daily,2026-04-23_FMP_Technicals_QUBT_daily,,,,,,,entity,Entities,,,,,,,,,,,,,,,,2026-06-01,,,,,,,,,,,,,,
world:entity:2026-04-23-fmp-technicals-rcat-daily,Entity,2026-04-23_FMP_Technicals_RCAT_daily,2026-04-23_FMP_Technicals_RCAT_daily,2026-04-23_FMP_Technicals_RCAT_daily,,,,,,,entity,Entities,,,,,,,,,,,,,,,,2026-06-01,,,,,,,,,,,,,,
world:entity:2026-04-23-fmp-technicals-rgti-daily,Entity,2026-04-23_FMP_Technicals_RGTI_daily,2026-04-23_FMP_Technicals_RGTI_daily,2026-04-23_FMP_Technicals_RGTI_daily,,,,,,,entity,Entities,,,,,,,,,,,,,,,,2026-06-01,,,,,,,,,,,,,,
world:entity:2026-04-23-fmp-technicals-rklb-daily,Entity,2026-04-23_FMP_Technicals_RKLB_daily,2026-04-23_FMP_Technicals_RKLB_daily,2026-04-23_FMP_Technicals_RKLB_daily,,,,,,,entity,Entities,,,,,,,,,,,,,,,,2026-06-01,,,,,,,,,,,,,,
world:entity:2026-04-23-fmp-technicals-rprx-daily,Entity,2026-04-23_FMP_Technicals_RPRX_daily,2026-04-23_FMP_Technicals_RPRX_daily,2026-04-23_FMP_Technicals_RPRX_daily,,,,,,,entity,Entities,,,,,,,,,,,,,,,,2026-06-01,,,,,,,,,,,,,,
world:entity:2026-04-23-fmp-technicals-rtx-daily,Entity,2026-04-23_FMP_Technicals_RTX_daily,2026-04-23_FMP_Technicals_RTX_daily,2026-04-23_FMP_Technicals_RTX_daily,,,,,,,entity,Entities,,,,,,,,,,,,,,,,2026-06-01,,,,,,,,,,,,,,
world:entity:2026-04-23-fmp-technicals-saic-daily,Entity,2026-04-23_FMP_Technicals_SAIC_daily,2026-04-23_FMP_Technicals_SAIC_daily,2026-04-23_FMP_Technicals_SAIC_daily,,,,,,,entity,Entities,,,,,,,,,,,,,,,,2026-06-01,,,,,,,,,,,,,,
world:entity:2026-04-23-fmp-technicals-sbux-daily,Entity,2026-04-23_FMP_Technicals_SBUX_daily,2026-04-23_FMP_Technicals_SBUX_daily,2026-04-23_FMP_Technicals_SBUX_daily,,,,,,,entity,Entities,,,,,,,,,,,,,,,,2026-06-01,,,,,,,,,,,,,,
world:entity:2026-04-23-fmp-technicals-shw-daily,Entity,2026-04-23_FMP_Technicals_SHW_daily,2026-04-23_FMP_Technicals_SHW_daily,2026-04-23_FMP_Technicals_SHW_daily,,,,,,,entity,Entities,,,,,,,,,,,,,,,,2026-06-01,,,,,,,,,,,,,,
world:entity:2026-04-23-fmp-technicals-sky-daily,Entity,2026-04-23_FMP_Technicals_SKY_daily,2026-04-23_FMP_Technicals_SKY_daily,2026-04-23_FMP_Technicals_SKY_daily,,,,,,,entity,Entities,,,,,,,,,,,,,,,,2026-06-01,,,,,,,,,,,,,,
world:entity:2026-04-23-fmp-technicals-slb-daily,Entity,2026-04-23_FMP_Technicals_SLB_daily,2026-04-23_FMP_Technicals_SLB_daily,2026-04-23_FMP_Technicals_SLB_daily,,,,,,,entity,Entities,,,,,,,,,,,,,,,,2026-06-01,,,,,,,,,,,,,,
world:entity:2026-04-23-fmp-technicals-smr-daily,Entity,2026-04-23_FMP_Technicals_SMR_daily,2026-04-23_FMP_Technicals_SMR_daily,2026-04-23_FMP_Technicals_SMR_daily,,,,,,,entity,Entities,,,,,,,,,,,,,,,,2026-06-01,,,,,,,,,,,,,,
world:entity:2026-04-23-fmp-technicals-so-daily,Entity,2026-04-23_FMP_Technicals_SO_daily,2026-04-23_FMP_Technicals_SO_daily,2026-04-23_FMP_Technicals_SO_daily,,,,,,,entity,Entities,,,,,,,,,,,,,,,,2026-06-01,,,,,,,,,,,,,,
world:entity:2026-04-23-fmp-technicals-spg-daily,Entity,2026-04-23_FMP_Technicals_SPG_daily,2026-04-23_FMP_Technicals_SPG_daily,2026-04-23_FMP_Technicals_SPG_daily,,,,,,,entity,Entities,,,,,,,,,,,,,,,,2026-06-01,,,,,,,,,,,,,,
world:entity:2026-04-23-fmp-technicals-spir-daily,Entity,2026-04-23_FMP_Technicals_SPIR_daily,2026-04-23_FMP_Technicals_SPIR_daily,2026-04-23_FMP_Technicals_SPIR_daily,,,,,,,entity,Entities,,,,,,,,,,,,,,,,2026-06-01,,,,,,,,,,,,,,
world:entity:2026-04-23-fmp-technicals-spro-daily,Entity,2026-04-23_FMP_Technicals_SPRO_daily,2026-04-23_FMP_Technicals_SPRO_daily,2026-04-23_FMP_Technicals_SPRO_daily,,,,,,,entity,Entities,,,,,,,,,,,,,,,,2026-06-01,,,,,,,,,,,,,,
world:entity:2026-04-23-fmp-technicals-sre-daily,Entity,2026-04-23_FMP_Technicals_SRE_daily,2026-04-23_FMP_Technicals_SRE_daily,2026-04-23_FMP_Technicals_SRE_daily,,,,,,,entity,Entities,,,,,,,,,,,,,,,,2026-06-01,,,,,,,,,,,,,,
world:entity:2026-04-23-fmp-technicals-stem-daily,Entity,2026-04-23_FMP_Technicals_STEM_daily,2026-04-23_FMP_Technicals_STEM_daily,2026-04-23_FMP_Technicals_STEM_daily,,,,,,,entity,Entities,,,,,,,,,,,,,,,,2026-06-01,,,,,,,,,,,,,,
world:entity:2026-04-23-fmp-technicals-strl-daily,Entity,2026-04-23_FMP_Technicals_STRL_daily,2026-04-23_FMP_Technicals_STRL_daily,2026-04-23_FMP_Technicals_STRL_daily,,,,,,,entity,Entities,,,,,,,,,,,,,,,,2026-06-01,,,,,,,,,,,,,,
world:entity:2026-04-23-fmp-technicals-t-daily,Entity,2026-04-23_FMP_Technicals_T_daily,2026-04-23_FMP_Technicals_T_daily,2026-04-23_FMP_Technicals_T_daily,,,,,,,entity,Entities,,,,,,,,,,,,,,,,2026-06-01,,,,,,,,,,,,,,
world:entity:2026-04-23-fmp-technicals-tdg-daily,Entity,2026-04-23_FMP_Technicals_TDG_daily,2026-04-23_FMP_Technicals_TDG_daily,2026-04-23_FMP_Technicals_TDG_daily,,,,,,,entity,Entities,,,,,,,,,,,,,,,,2026-06-01,,,,,,,,,,,,,,
world:entity:2026-04-23-fmp-technicals-tdy-daily,Entity,2026-04-23_FMP_Technicals_TDY_daily,2026-04-23_FMP_Technicals_TDY_daily,2026-04-23_FMP_Technicals_TDY_daily,,,,,,,entity,Entities,,,,,,,,,,,,,,,,2026-06-01,,,,,,,,,,,,,,
world:entity:2026-04-23-fmp-technicals-tjx-daily,Entity,2026-04-23_FMP_Technicals_TJX_daily,2026-04-23_FMP_Technicals_TJX_daily,2026-04-23_FMP_Technicals_TJX_daily,,,,,,,entity,Entities,,,,,,,,,,,,,,,,2026-06-01,,,,,,,,,,,,,,
world:entity:2026-04-23-fmp-technicals-tmhc-daily,Entity,2026-04-23_FMP_Technicals_TMHC_daily,2026-04-23_FMP_Technicals_TMHC_daily,2026-04-23_FMP_Technicals_TMHC_daily,,,,,,,entity,Entities,,,,,,,,,,,,,,,,2026-06-01,,,,,,,,,,,,,,
world:entity:2026-04-23-fmp-technicals-tmo-daily,Entity,2026-04-23_FMP_Technicals_TMO_daily,2026-04-23_FMP_Technicals_TMO_daily,2026-04-23_FMP_Technicals_TMO_daily,,,,,,,entity,Entities,,,,,,,,,,,,,,,,2026-06-01,,,,,,,,,,,,,,
world:entity:2026-04-23-fmp-technicals-tol-daily,Entity,2026-04-23_FMP_Technicals_TOL_daily,2026-04-23_FMP_Technicals_TOL_daily,2026-04-23_FMP_Technicals_TOL_daily,,,,,,,entity,Entities,,,,,,,,,,,,,,,,2026-06-01,,,,,,,,,,,,,,
world:entity:2026-04-23-fmp-technicals-tsla-daily,Entity,2026-04-23_FMP_Technicals_TSLA_daily,2026-04-23_FMP_Technicals_TSLA_daily,2026-04-23_FMP_Technicals_TSLA_daily,,,,,,,entity,Entities,,,,,,,,,,,,,,,,2026-06-01,,,,,,,,,,,,,,
world:entity:2026-04-23-fmp-technicals-txt-daily,Entity,2026-04-23_FMP_Technicals_TXT_daily,2026-04-23_FMP_Technicals_TXT_daily,2026-04-23_FMP_Technicals_TXT_daily,,,,,,,entity,Entities,,,,,,,,,,,,,,,,2026-06-01,,,,,,,,,,,,,,
world:entity:2026-04-23-fmp-technicals-umac-daily,Entity,2026-04-23_FMP_Technicals_UMAC_daily,2026-04-23_FMP_Technicals_UMAC_daily,2026-04-23_FMP_Technicals_UMAC_daily,,,,,,,entity,Entities,,,,,,,,,,,,,,,,2026-06-01,,,,,,,,,,,,,,
world:entity:2026-04-23-fmp-technicals-unh-daily,Entity,2026-04-23_FMP_Technicals_UNH_daily,2026-04-23_FMP_Technicals_UNH_daily,2026-04-23_FMP_Technicals_UNH_daily,,,,,,,entity,Entities,,,,,,,,,,,,,,,,2026-06-01,,,,,,,,,,,,,,
world:entity:2026-04-23-fmp-technicals-unp-daily,Entity,2026-04-23_FMP_Technicals_UNP_daily,2026-04-23_FMP_Technicals_UNP_daily,2026-04-23_FMP_Technicals_UNP_daily,,,,,,,entity,Entities,,,,,,,,,,,,,,,,2026-06-01,,,,,,,,,,,,,,
world:entity:2026-04-23-fmp-technicals-unty-daily,Entity,2026-04-23_FMP_Technicals_UNTY_daily,2026-04-23_FMP_Technicals_UNTY_daily,2026-04-23_FMP_Technicals_UNTY_daily,,,,,,,entity,Entities,,,,,,,,,,,,,,,,2026-06-01,,,,,,,,,,,,,,
world:entity:2026-04-23-fmp-technicals-v-daily,Entity,2026-04-23_FMP_Technicals_V_daily,2026-04-23_FMP_Technicals_V_daily,2026-04-23_FMP_Technicals_V_daily,,,,,,,entity,Entities,,,,,,,,,,,,,,,,2026-06-01,,,,,,,,,,,,,,
world:entity:2026-04-23-fmp-technicals-vktx-daily,Entity,2026-04-23_FMP_Technicals_VKTX_daily,2026-04-23_FMP_Technicals_VKTX_daily,2026-04-23_FMP_Technicals_VKTX_daily,,,,,,,entity,Entities,,,,,,,,,,,,,,,,2026-06-01,,,,,,,,,,,,,,
world:entity:2026-04-23-fmp-technicals-vlo-daily,Entity,2026-04-23_FMP_Technicals_VLO_daily,2026-04-23_FMP_Technicals_VLO_daily,2026-04-23_FMP_Technicals_VLO_daily,,,,,,,entity,Entities,,,,,,,,,,,,,,,,2026-06-01,,,,,,,,,,,,,,
world:entity:2026-04-23-fmp-technicals-vst-daily,Entity,2026-04-23_FMP_Technicals_VST_daily,2026-04-23_FMP_Technicals_VST_daily,2026-04-23_FMP_Technicals_VST_daily,,,,,,,entity,Entities,,,,,,,,,,,,,,,,2026-06-01,,,,,,,,,,,,,,
world:entity:2026-04-23-fmp-technicals-vz-daily,Entity,2026-04-23_FMP_Technicals_VZ_daily,2026-04-23_FMP_Technicals_VZ_daily,2026-04-23_FMP_Technicals_VZ_daily,,,,,,,entity,Entities,,,,,,,,,,,,,,,,2026-06-01,,,,,,,,,,,,,,
world:entity:2026-04-23-fmp-technicals-well-daily,Entity,2026-04-23_FMP_Technicals_WELL_daily,2026-04-23_FMP_Technicals_WELL_daily,2026-04-23_FMP_Technicals_WELL_daily,,,,,,,entity,Entities,,,,,,,,,,,,,,,,2026-06-01,,,,,,,,,,,,,,
world:entity:2026-04-23-fmp-technicals-wfc-daily,Entity,2026-04-23_FMP_Technicals_WFC_daily,2026-04-23_FMP_Technicals_WFC_daily,2026-04-23_FMP_Technicals_WFC_daily,,,,,,,entity,Entities,,,,,,,,,,,,,,,,2026-06-01,,,,,,,,,,,,,,
world:entity:2026-04-23-fmp-technicals-wm-daily,Entity,2026-04-23_FMP_Technicals_WM_daily,2026-04-23_FMP_Technicals_WM_daily,2026-04-23_FMP_Technicals_WM_daily,,,,,,,entity,Entities,,,,,,,,,,,,,,,,2026-06-01,,,,,,,,,,,,,,
world:entity:2026-04-23-fmp-technicals-wmt-daily,Entity,2026-04-23_FMP_Technicals_WMT_daily,2026-04-23_FMP_Technicals_WMT_daily,2026-04-23_FMP_Technicals_WMT_daily,,,,,,,entity,Entities,,,,,,,,,,,,,,,,2026-06-01,,,,,,,,,,,,,,
world:entity:2026-04-23-fmp-technicals-wolf-daily,Entity,2026-04-23_FMP_Technicals_WOLF_daily,2026-04-23_FMP_Technicals_WOLF_daily,2026-04-23_FMP_Technicals_WOLF_daily,,,,,,,entity,Entities,,,,,,,,,,,,,,,,2026-06-01,,,,,,,,,,,,,,
world:entity:2026-04-23-fmp-technicals-wpm-daily,Entity,2026-04-23_FMP_Technicals_WPM_daily,2026-04-23_FMP_Technicals_WPM_daily,2026-04-23_FMP_Technicals_WPM_daily,,,,,,,entity,Entities,,,,,,,,,,,,,,,,2026-06-01,,,,,,,,,,,,,,
world:entity:2026-04-23-fmp-technicals-xel-daily,Entity,2026-04-23_FMP_Technicals_XEL_daily,2026-04-23_FMP_Technicals_XEL_daily,2026-04-23_FMP_Technicals_XEL_daily,,,,,,,entity,Entities,,,,,,,,,,,,,,,,2026-06-01,,,,,,,,,,,,,,
world:entity:2026-04-23-fmp-technicals-xom-daily,Entity,2026-04-23_FMP_Technicals_XOM_daily,2026-04-23_FMP_Technicals_XOM_daily,2026-04-23_FMP_Technicals_XOM_daily,,,,,,,entity,Entities,,,,,,,,,,,,,,,,2026-06-01,,,,,,,,,,,,,,
world:entity:2026-04-23-fmp-technicals-xoma-daily,Entity,2026-04-23_FMP_Technicals_XOMA_daily,2026-04-23_FMP_Technicals_XOMA_daily,2026-04-23_FMP_Technicals_XOMA_daily,,,,,,,entity,Entities,,,,,,,,,,,,,,,,2026-06-01,,,,,,,,,,,,,,
world:entity:2026-04-23-fmp-thesis-watchlist-ai-power-defense-stack,Entity,2026-04-23_FMP_Thesis_Watchlist_AI_Power_Defense_Stack,2026-04-23_FMP_Thesis_Watchlist_AI_Power_Defense_Stack,2026-04-23_FMP_Thesis_Watchlist_AI_Power_Defense_Stack,,,,,,,entity,Entities,,,,,,,,,,,,,,,,2026-06-01,,,,,,,,,,,,,,
world:entity:2026-04-23-fmp-thesis-watchlist-ai-power-infrastructure,Entity,2026-04-23_FMP_Thesis_Watchlist_AI_Power_Infrastructure,2026-04-23_FMP_Thesis_Watchlist_AI_Power_Infrastructure,2026-04-23_FMP_Thesis_Watchlist_AI_Power_Infrastructure,,,,,,,entity,Entities,,,,,,,,,,,,,,,,2026-06-01,,,,,,,,,,,,,,
world:entity:2026-04-23-fmp-thesis-watchlist-alzheimer-s-disease-modification,Entity,2026-04-23_FMP_Thesis_Watchlist_Alzheimer's_Disease_Modification,2026-04-23_FMP_Thesis_Watchlist_Alzheimer's_Disease_Modification,2026-04-23_FMP_Thesis_Watchlist_Alzheimer's_Disease_Modification,,,,,,,entity,Entities,,,,,,,,,,,,,,,,2026-06-01,,,,,,,,,,,,,,
world:entity:2026-04-23-fmp-thesis-watchlist-antimicrobial-resistance-pipeline,Entity,2026-04-23_FMP_Thesis_Watchlist_Antimicrobial_Resistance_Pipeline,2026-04-23_FMP_Thesis_Watchlist_Antimicrobial_Resistance_Pipeline,2026-04-23_FMP_Thesis_Watchlist_Antimicrobial_Resistance_Pipeline,,,,,,,entity,Entities,,,,,,,,,,,,,,,,2026-06-01,,,,,,,,,,,,,,
world:entity:2026-04-23-fmp-thesis-watchlist-biosecurity-compute-convergence,Entity,2026-04-23_FMP_Thesis_Watchlist_Biosecurity_Compute_Convergence,2026-04-23_FMP_Thesis_Watchlist_Biosecurity_Compute_Convergence,2026-04-23_FMP_Thesis_Watchlist_Biosecurity_Compute_Convergence,,,,,,,entity,Entities,,,,,,,,,,,,,,,,2026-06-01,,,,,,,,,,,,,,
world:entity:2026-04-23-fmp-thesis-watchlist-defense-ai-autonomous-warfare,Entity,2026-04-23_FMP_Thesis_Watchlist_Defense_AI_&_Autonomous_Warfare,2026-04-23_FMP_Thesis_Watchlist_Defense_AI_&_Autonomous_Warfare,2026-04-23_FMP_Thesis_Watchlist_Defense_AI_&_Autonomous_Warfare,,,,,,,entity,Entities,,,,,,,,,,,,,,,,2026-06-01,,,,,,,,,,,,,,
world:entity:2026-04-23-fmp-thesis-watchlist-dollar-debasement-hard-money,Entity,2026-04-23_FMP_Thesis_Watchlist_Dollar_Debasement_&_Hard_Money,2026-04-23_FMP_Thesis_Watchlist_Dollar_Debasement_&_Hard_Money,2026-04-23_FMP_Thesis_Watchlist_Dollar_Debasement_&_Hard_Money,,,,,,,entity,Entities,,,,,,,,,,,,,,,,2026-06-01,,,,,,,,,,,,,,
world:entity:2026-04-23-fmp-thesis-watchlist-drone-autonomous-systems-revolution,Entity,2026-04-23_FMP_Thesis_Watchlist_Drone_&_Autonomous_Systems_Revolution,2026-04-23_FMP_Thesis_Watchlist_Drone_&_Autonomous_Systems_Revolution,2026-04-23_FMP_Thesis_Watchlist_Drone_&_Autonomous_Systems_Revolution,,,,,,,entity,Entities,,,,,,,,,,,,,,,,2026-06-01,,,,,,,,,,,,,,
world:entity:2026-04-23-fmp-thesis-watchlist-fiscal-scarcity-rearmament,Entity,2026-04-23_FMP_Thesis_Watchlist_Fiscal_Scarcity_Rearmament,2026-04-23_FMP_Thesis_Watchlist_Fiscal_Scarcity_Rearmament,2026-04-23_FMP_Thesis_Watchlist_Fiscal_Scarcity_Rearmament,,,,,,,entity,Entities,,,,,,,,,,,,,,,,2026-06-01,,,,,,,,,,,,,,
world:entity:2026-04-23-fmp-thesis-watchlist-gene-editing-crispr-therapeutics,Entity,2026-04-23_FMP_Thesis_Watchlist_Gene_Editing_&_CRISPR_Therapeutics,2026-04-23_FMP_Thesis_Watchlist_Gene_Editing_&_CRISPR_Therapeutics,2026-04-23_FMP_Thesis_Watchlist_Gene_Editing_&_CRISPR_Therapeutics,,,,,,,entity,Entities,,,,,,,,,,,,,,,,2026-06-01,,,,,,,,,,,,,,
world:entity:2026-04-23-fmp-thesis-watchlist-glp-1-metabolic-disease-revolution,Entity,2026-04-23_FMP_Thesis_Watchlist_GLP-1_Metabolic_Disease_Revolution,2026-04-23_FMP_Thesis_Watchlist_GLP-1_Metabolic_Disease_Revolution,2026-04-23_FMP_Thesis_Watchlist_GLP-1_Metabolic_Disease_Revolution,,,,,,,entity,Entities,,,,,,,,,,,,,,,,2026-06-01,,,,,,,,,,,,,,
world:entity:2026-04-23-fmp-thesis-watchlist-grid-scale-battery-storage,Entity,2026-04-23_FMP_Thesis_Watchlist_Grid-Scale_Battery_Storage,2026-04-23_FMP_Thesis_Watchlist_Grid-Scale_Battery_Storage,2026-04-23_FMP_Thesis_Watchlist_Grid-Scale_Battery_Storage,,,,,,,entity,Entities,,,,,,,,,,,,,,,,2026-06-01,,,,,,,,,,,,,,
world:entity:2026-04-23-fmp-thesis-watchlist-housing-supply-correction,Entity,2026-04-23_FMP_Thesis_Watchlist_Housing_Supply_Correction,2026-04-23_FMP_Thesis_Watchlist_Housing_Supply_Correction,2026-04-23_FMP_Thesis_Watchlist_Housing_Supply_Correction,,,,,,,entity,Entities,,,,,,,,,,,,,,,,2026-06-01,,,,,,,,,,,,,,
world:entity:2026-04-23-fmp-thesis-watchlist-humanoid-robotics,Entity,2026-04-23_FMP_Thesis_Watchlist_Humanoid_Robotics,2026-04-23_FMP_Thesis_Watchlist_Humanoid_Robotics,2026-04-23_FMP_Thesis_Watchlist_Humanoid_Robotics,,,,,,,entity,Entities,,,,,,,,,,,,,,,,2026-06-01,,,,,,,,,,,,,,
world:entity:2026-04-23-fmp-thesis-watchlist-hypersonic-weapons-advanced-defense-systems,Entity,2026-04-23_FMP_Thesis_Watchlist_Hypersonic_Weapons_&_Advanced_Defense_Systems,2026-04-23_FMP_Thesis_Watchlist_Hypersonic_Weapons_&_Advanced_Defense_Systems,2026-04-23_FMP_Thesis_Watchlist_Hypersonic_Weapons_&_Advanced_Defense_Systems,,,,,,,entity,Entities,,,,,,,,,,,,,,,,2026-06-01,,,,,,,,,,,,,,
world:entity:2026-04-23-fmp-thesis-watchlist-longevity-aging-biology,Entity,2026-04-23_FMP_Thesis_Watchlist_Longevity_&_Aging_Biology,2026-04-23_FMP_Thesis_Watchlist_Longevity_&_Aging_Biology,2026-04-23_FMP_Thesis_Watchlist_Longevity_&_Aging_Biology,,,,,,,entity,Entities,,,,,,,,,,,,,,,,2026-06-01,,,,,,,,,,,,,,
world:entity:2026-04-23-fmp-thesis-watchlist-nuclear-renaissance-small-modular-reactors,Entity,2026-04-23_FMP_Thesis_Watchlist_Nuclear_Renaissance_&_Small_Modular_Reactors,2026-04-23_FMP_Thesis_Watchlist_Nuclear_Renaissance_&_Small_Modular_Reactors,2026-04-23_FMP_Thesis_Watchlist_Nuclear_Renaissance_&_Small_Modular_Reactors,,,,,,,entity,Entities,,,,,,,,,,,,,,,,2026-06-01,,,,,,,,,,,,,,
world:entity:2026-04-23-fmp-thesis-watchlist-psychedelic-mental-health-revolution,Entity,2026-04-23_FMP_Thesis_Watchlist_Psychedelic_Mental_Health_Revolution,2026-04-23_FMP_Thesis_Watchlist_Psychedelic_Mental_Health_Revolution,2026-04-23_FMP_Thesis_Watchlist_Psychedelic_Mental_Health_Revolution,,,,,,,entity,Entities,,,,,,,,,,,,,,,,2026-06-01,,,,,,,,,,,,,,
world:entity:2026-04-23-fmp-thesis-watchlist-quantum-computing,Entity,2026-04-23_FMP_Thesis_Watchlist_Quantum_Computing,2026-04-23_FMP_Thesis_Watchlist_Quantum_Computing,2026-04-23_FMP_Thesis_Watchlist_Quantum_Computing,,,,,,,entity,Entities,,,,,,,,,,,,,,,,2026-06-01,,,,,,,,,,,,,,
world:entity:2026-04-23-fmp-thesis-watchlist-semiconductor-sovereignty-chips-act,Entity,2026-04-23_FMP_Thesis_Watchlist_Semiconductor_Sovereignty_&_CHIPS_Act,2026-04-23_FMP_Thesis_Watchlist_Semiconductor_Sovereignty_&_CHIPS_Act,2026-04-23_FMP_Thesis_Watchlist_Semiconductor_Sovereignty_&_CHIPS_Act,,,,,,,entity,Entities,,,,,,,,,,,,,,,,2026-06-01,,,,,,,,,,,,,,
world:entity:2026-04-23-fmp-thesis-watchlist-space-domain-awareness-commercial-space,Entity,2026-04-23_FMP_Thesis_Watchlist_Space_Domain_Awareness_&_Commercial_Space,2026-04-23_FMP_Thesis_Watchlist_Space_Domain_Awareness_&_Commercial_Space,2026-04-23_FMP_Thesis_Watchlist_Space_Domain_Awareness_&_Commercial_Space,,,,,,,entity,Entities,,,,,,,,,,,,,,,,2026-06-01,,,,,,,,,,,,,,
world:entity:2026-04-23-fmp-utilities-micro-small-cap-search,Entity,2026-04-23_FMP_Utilities_Micro_Small_Cap_Search,2026-04-23_FMP_Utilities_Micro_Small_Cap_Search,2026-04-23_FMP_Utilities_Micro_Small_Cap_Search,,,,,,,entity,Entities,,,,,,,,,,,,,,,,2026-06-01,,,,,,,,,,,,,,
world:entity:2026-04-23-fred-housing,Entity,2026-04-23_FRED_Housing,2026-04-23_FRED_Housing,2026-04-23_FRED_Housing,,,,,,,entity,Entities,,,,,,,,,,,,,,,,2026-06-01,,,,,,,,,,,,,,
world:entity:2026-04-23-fred-interest-rates,Entity,2026-04-23_FRED_Interest_Rates,2026-04-23_FRED_Interest_Rates,2026-04-23_FRED_Interest_Rates,,,,,,,entity,Entities,,,,,,,,,,,,,,,,2026-06-01,,,,,,,,,,,,,,
world:entity:2026-04-23-fred-labor-market,Entity,2026-04-23_FRED_Labor_Market,2026-04-23_FRED_Labor_Market,2026-04-23_FRED_Labor_Market,,,,,,,entity,Entities,,,,,,,,,,,,,,,,2026-06-01,,,,,,,,,,,,,,
world:entity:2026-04-23-healthcare-sector,Entity,2026-04-23_Healthcare_Sector,2026-04-23_Healthcare_Sector,2026-04-23_Healthcare_Sector,,,,,,,entity,Entities,,,,,,,,,,,,,,,,2026-06-01,,,,,,,,,,,,,,
world:entity:2026-04-23-industrials-sector,Entity,2026-04-23_Industrials_Sector,2026-04-23_Industrials_Sector,2026-04-23_Industrials_Sector,,,,,,,entity,Entities,,,,,,,,,,,,,,,,2026-06-01,,,,,,,,,,,,,,
world:entity:2026-04-23-macro-bridge-indicators,Entity,2026-04-23_Macro_Bridge_Indicators,2026-04-23_Macro_Bridge_Indicators,2026-04-23_Macro_Bridge_Indicators,,,,,,,entity,Entities,,,,,,,,,,,,,,,,2026-06-01,,,,,,,,,,,,,,
world:entity:2026-04-23-materials-sector,Entity,2026-04-23_Materials_Sector,2026-04-23_Materials_Sector,2026-04-23_Materials_Sector,,,,,,,entity,Entities,,,,,,,,,,,,,,,,2026-06-01,,,,,,,,,,,,,,
world:entity:2026-04-23-nahb-builder-confidence,Entity,2026-04-23_NAHB_Builder_Confidence,2026-04-23_NAHB_Builder_Confidence,2026-04-23_NAHB_Builder_Confidence,,,,,,,entity,Entities,,,,,,,,,,,,,,,,2026-06-01,,,,,,,,,,,,,,
world:entity:2026-04-23-news-commodities,Entity,2026-04-23_News_commodities,2026-04-23_News_commodities,2026-04-23_News_commodities,,,,,,,entity,Entities,,,,,,,,,,,,,,,,2026-06-01,,,,,,,,,,,,,,
world:entity:2026-04-23-news-consumer,Entity,2026-04-23_News_consumer,2026-04-23_News_consumer,2026-04-23_News_consumer,,,,,,,entity,Entities,,,,,,,,,,,,,,,,2026-06-01,,,,,,,,,,,,,,
world:entity:2026-04-23-news-defense,Entity,2026-04-23_News_defense,2026-04-23_News_defense,2026-04-23_News_defense,,,,,,,entity,Entities,,,,,,,,,,,,,,,,2026-06-01,,,,,,,,,,,,,,
world:entity:2026-04-23-news-energy,Entity,2026-04-23_News_energy,2026-04-23_News_energy,2026-04-23_News_energy,,,,,,,entity,Entities,,,,,,,,,,,,,,,,2026-06-01,,,,,,,,,,,,,,
world:entity:2026-04-23-news-finance,Entity,2026-04-23_News_finance,2026-04-23_News_finance,2026-04-23_News_finance,,,,,,,entity,Entities,,,,,,,,,,,,,,,,2026-06-01,,,,,,,,,,,,,,
world:entity:2026-04-23-news-health,Entity,2026-04-23_News_health,2026-04-23_News_health,2026-04-23_News_health,,,,,,,entity,Entities,,,,,,,,,,,,,,,,2026-06-01,,,,,,,,,,,,,,
world:entity:2026-04-23-news-housing,Entity,2026-04-23_News_housing,2026-04-23_News_housing,2026-04-23_News_housing,,,,,,,entity,Entities,,,,,,,,,,,,,,,,2026-06-01,,,,,,,,,,,,,,
world:entity:2026-04-23-news-manufacturing,Entity,2026-04-23_News_manufacturing,2026-04-23_News_manufacturing,2026-04-23_News_manufacturing,,,,,,,entity,Entities,,,,,,,,,,,,,,,,2026-06-01,,,,,,,,,,,,,,
world:entity:2026-04-23-news-technology,Entity,2026-04-23_News_technology,2026-04-23_News_technology,2026-04-23_News_technology,,,,,,,entity,Entities,,,,,,,,,,,,,,,,2026-06-01,,,,,,,,,,,,,,
world:entity:2026-04-23-real-estate-sector,Entity,2026-04-23_Real_Estate_Sector,2026-04-23_Real_Estate_Sector,2026-04-23_Real_Estate_Sector,,,,,,,entity,Entities,,,,,,,,,,,,,,,,2026-06-01,,,,,,,,,,,,,,
world:entity:2026-04-23-sec-aerospace-defense-overview,Entity,2026-04-23_SEC_aerospace-defense_Overview,2026-04-23_SEC_aerospace-defense_Overview,2026-04-23_SEC_aerospace-defense_Overview,,,,,,,entity,Entities,,,,,,,,,,,,,,,,2026-06-01,,,,,,,,,,,,,,
world:entity:2026-04-23-sec-communication-services-overview,Entity,2026-04-23_SEC_communication-services_Overview,2026-04-23_SEC_communication-services_Overview,2026-04-23_SEC_communication-services_Overview,,,,,,,entity,Entities,,,,,,,,,,,,,,,,2026-06-01,,,,,,,,,,,,,,
world:entity:2026-04-23-sec-consumer-discretionary-overview,Entity,2026-04-23_SEC_consumer-discretionary_Overview,2026-04-23_SEC_consumer-discretionary_Overview,2026-04-23_SEC_consumer-discretionary_Overview,,,,,,,entity,Entities,,,,,,,,,,,,,,,,2026-06-01,,,,,,,,,,,,,,
world:entity:2026-04-23-sec-consumer-staples-overview,Entity,2026-04-23_SEC_consumer-staples_Overview,2026-04-23_SEC_consumer-staples_Overview,2026-04-23_SEC_consumer-staples_Overview,,,,,,,entity,Entities,,,,,,,,,,,,,,,,2026-06-01,,,,,,,,,,,,,,
world:entity:2026-04-23-sec-energy-overview,Entity,2026-04-23_SEC_energy_Overview,2026-04-23_SEC_energy_Overview,2026-04-23_SEC_energy_Overview,,,,,,,entity,Entities,,,,,,,,,,,,,,,,2026-06-01,,,,,,,,,,,,,,
world:entity:2026-04-23-sec-financials-overview,Entity,2026-04-23_SEC_financials_Overview,2026-04-23_SEC_financials_Overview,2026-04-23_SEC_financials_Overview,,,,,,,entity,Entities,,,,,,,,,,,,,,,,2026-06-01,,,,,,,,,,,,,,
world:entity:2026-04-23-sec-healthcare-overview,Entity,2026-04-23_SEC_healthcare_Overview,2026-04-23_SEC_healthcare_Overview,2026-04-23_SEC_healthcare_Overview,,,,,,,entity,Entities,,,,,,,,,,,,,,,,2026-06-01,,,,,,,,,,,,,,
world:entity:2026-04-23-sec-industrials-overview,Entity,2026-04-23_SEC_industrials_Overview,2026-04-23_SEC_industrials_Overview,2026-04-23_SEC_industrials_Overview,,,,,,,entity,Entities,,,,,,,,,,,,,,,,2026-06-01,,,,,,,,,,,,,,
world:entity:2026-04-23-sec-materials-overview,Entity,2026-04-23_SEC_materials_Overview,2026-04-23_SEC_materials_Overview,2026-04-23_SEC_materials_Overview,,,,,,,entity,Entities,,,,,,,,,,,,,,,,2026-06-01,,,,,,,,,,,,,,
world:entity:2026-04-23-sec-real-estate-overview,Entity,2026-04-23_SEC_real-estate_Overview,2026-04-23_SEC_real-estate_Overview,2026-04-23_SEC_real-estate_Overview,,,,,,,entity,Entities,,,,,,,,,,,,,,,,2026-06-01,,,,,,,,,,,,,,
world:entity:2026-04-23-sec-tech-overview,Entity,2026-04-23_SEC_tech_Overview,2026-04-23_SEC_tech_Overview,2026-04-23_SEC_tech_Overview,,,,,,,entity,Entities,,,,,,,,,,,,,,,,2026-06-01,,,,,,,,,,,,,,
world:entity:2026-04-23-sec-utilities-overview,Entity,2026-04-23_SEC_utilities_Overview,2026-04-23_SEC_utilities_Overview,2026-04-23_SEC_utilities_Overview,,,,,,,entity,Entities,,,,,,,,,,,,,,,,2026-06-01,,,,,,,,,,,,,,
world:entity:2026-04-23-tech-sector,Entity,2026-04-23_Tech_Sector,2026-04-23_Tech_Sector,2026-04-23_Tech_Sector,,,,,,,entity,Entities,,,,,,,,,,,,,,,,2026-06-01,,,,,,,,,,,,,,
world:entity:2026-04-23-thesis-full-picture-aerospace-defense-sector-basket,Entity,2026-04-23_Thesis_Full_Picture_Aerospace_&_Defense_Sector_Basket,2026-04-23_Thesis_Full_Picture_Aerospace_&_Defense_Sector_Basket,2026-04-23_Thesis_Full_Picture_Aerospace_&_Defense_Sector_Basket,,,,,,,entity,Entities,,,,,,,,,,,,,,,,2026-06-01,,,,,,,,,,,,,,
world:entity:2026-04-23-thesis-full-picture-communication-services-sector-basket,Entity,2026-04-23_Thesis_Full_Picture_Communication_Services_Sector_Basket,2026-04-23_Thesis_Full_Picture_Communication_Services_Sector_Basket,2026-04-23_Thesis_Full_Picture_Communication_Services_Sector_Basket,,,,,,,entity,Entities,,,,,,,,,,,,,,,,2026-06-01,,,,,,,,,,,,,,
world:entity:2026-04-23-thesis-full-picture-consumer-discretionary-sector-basket,Entity,2026-04-23_Thesis_Full_Picture_Consumer_Discretionary_Sector_Basket,2026-04-23_Thesis_Full_Picture_Consumer_Discretionary_Sector_Basket,2026-04-23_Thesis_Full_Picture_Consumer_Discretionary_Sector_Basket,,,,,,,entity,Entities,,,,,,,,,,,,,,,,2026-06-01,,,,,,,,,,,,,,
world:entity:2026-04-23-thesis-full-picture-consumer-staples-sector-basket,Entity,2026-04-23_Thesis_Full_Picture_Consumer_Staples_Sector_Basket,2026-04-23_Thesis_Full_Picture_Consumer_Staples_Sector_Basket,2026-04-23_Thesis_Full_Picture_Consumer_Staples_Sector_Basket,,,,,,,entity,Entities,,,,,,,,,,,,,,,,2026-06-01,,,,,,,,,,,,,,
world:entity:2026-04-23-thesis-full-picture-energy-sector-basket,Entity,2026-04-23_Thesis_Full_Picture_Energy_Sector_Basket,2026-04-23_Thesis_Full_Picture_Energy_Sector_Basket,2026-04-23_Thesis_Full_Picture_Energy_Sector_Basket,,,,,,,entity,Entities,,,,,,,,,,,,,,,,2026-06-01,,,,,,,,,,,,,,
world:entity:2026-04-23-thesis-full-picture-financials-sector-basket,Entity,2026-04-23_Thesis_Full_Picture_Financials_Sector_Basket,2026-04-23_Thesis_Full_Picture_Financials_Sector_Basket,2026-04-23_Thesis_Full_Picture_Financials_Sector_Basket,,,,,,,entity,Entities,,,,,,,,,,,,,,,,2026-06-01,,,,,,,,,,,,,,
world:entity:2026-04-23-thesis-full-picture-healthcare-sector-basket,Entity,2026-04-23_Thesis_Full_Picture_Healthcare_Sector_Basket,2026-04-23_Thesis_Full_Picture_Healthcare_Sector_Basket,2026-04-23_Thesis_Full_Picture_Healthcare_Sector_Basket,,,,,,,entity,Entities,,,,,,,,,,,,,,,,2026-06-01,,,,,,,,,,,,,,
world:entity:2026-04-23-thesis-full-picture-industrials-sector-basket,Entity,2026-04-23_Thesis_Full_Picture_Industrials_Sector_Basket,2026-04-23_Thesis_Full_Picture_Industrials_Sector_Basket,2026-04-23_Thesis_Full_Picture_Industrials_Sector_Basket,,,,,,,entity,Entities,,,,,,,,,,,,,,,,2026-06-01,,,,,,,,,,,,,,
world:entity:2026-04-23-thesis-full-picture-materials-sector-basket,Entity,2026-04-23_Thesis_Full_Picture_Materials_Sector_Basket,2026-04-23_Thesis_Full_Picture_Materials_Sector_Basket,2026-04-23_Thesis_Full_Picture_Materials_Sector_Basket,,,,,,,entity,Entities,,,,,,,,,,,,,,,,2026-06-01,,,,,,,,,,,,,,
world:entity:2026-04-23-thesis-full-picture-real-estate-sector-basket,Entity,2026-04-23_Thesis_Full_Picture_Real_Estate_Sector_Basket,2026-04-23_Thesis_Full_Picture_Real_Estate_Sector_Basket,2026-04-23_Thesis_Full_Picture_Real_Estate_Sector_Basket,,,,,,,entity,Entities,,,,,,,,,,,,,,,,2026-06-01,,,,,,,,,,,,,,
world:entity:2026-04-23-thesis-full-picture-tech-sector-basket,Entity,2026-04-23_Thesis_Full_Picture_Tech_Sector_Basket,2026-04-23_Thesis_Full_Picture_Tech_Sector_Basket,2026-04-23_Thesis_Full_Picture_Tech_Sector_Basket,,,,,,,entity,Entities,,,,,,,,,,,,,,,,2026-06-01,,,,,,,,,,,,,,
world:entity:2026-04-23-thesis-full-picture-utilities-sector-basket,Entity,2026-04-23_Thesis_Full_Picture_Utilities_Sector_Basket,2026-04-23_Thesis_Full_Picture_Utilities_Sector_Basket,2026-04-23_Thesis_Full_Picture_Utilities_Sector_Basket,,,,,,,entity,Entities,,,,,,,,,,,,,,,,2026-06-01,,,,,,,,,,,,,,
world:entity:2026-04-23-utilities-sector,Entity,2026-04-23_Utilities_Sector,2026-04-23_Utilities_Sector,2026-04-23_Utilities_Sector,,,,,,,entity,Entities,,,,,,,,,,,,,,,,2026-06-01,,,,,,,,,,,,,,
world:entity:2026-04-24-aerospace-defense-sector,Entity,2026-04-24_Aerospace_&_Defense_Sector,2026-04-24_Aerospace_&_Defense_Sector,2026-04-24_Aerospace_&_Defense_Sector,,,,,,,entity,Entities,,,,,,,,,,,,,,,,2026-06-01,,,,,,,,,,,,,,
world:entity:2026-04-24-capital-raise,Entity,2026-04-24_Capital_Raise,2026-04-24_Capital_Raise,2026-04-24_Capital_Raise,,,,,,,entity,Entities,,,,,,,,,,,,,,,,2026-06-01,,,,,,,,,,,,,,
world:entity:2026-04-24-catalyst-aapl,Entity,2026-04-24_Catalyst_AAPL,2026-04-24_Catalyst_AAPL,2026-04-24_Catalyst_AAPL,,,,,,,entity,Entities,,,,,,,,,,,,,,,,2026-06-01,,,,,,,,,,,,,,
world:entity:2026-04-24-catalyst-abbv,Entity,2026-04-24_Catalyst_ABBV,2026-04-24_Catalyst_ABBV,2026-04-24_Catalyst_ABBV,,,,,,,entity,Entities,,,,,,,,,,,,,,,,2026-06-01,,,,,,,,,,,,,,
world:entity:2026-04-24-catalyst-abt,Entity,2026-04-24_Catalyst_ABT,2026-04-24_Catalyst_ABT,2026-04-24_Catalyst_ABT,,,,,,,entity,Entities,,,,,,,,,,,,,,,,2026-06-01,,,,,,,,,,,,,,
world:entity:2026-04-24-catalyst-acad,Entity,2026-04-24_Catalyst_ACAD,2026-04-24_Catalyst_ACAD,2026-04-24_Catalyst_ACAD,,,,,,,entity,Entities,,,,,,,,,,,,,,,,2026-06-01,,,,,,,,,,,,,,
world:entity:2026-04-24-catalyst-achr,Entity,2026-04-24_Catalyst_ACHR,2026-04-24_Catalyst_ACHR,2026-04-24_Catalyst_ACHR,,,,,,,entity,Entities,,,,,,,,,,,,,,,,2026-06-01,,,,,,,,,,,,,,
world:entity:2026-04-24-catalyst-adbe,Entity,2026-04-24_Catalyst_ADBE,2026-04-24_Catalyst_ADBE,2026-04-24_Catalyst_ADBE,,,,,,,entity,Entities,,,,,,,,,,,,,,,,2026-06-01,,,,,,,,,,,,,,
world:entity:2026-04-24-catalyst-aep,Entity,2026-04-24_Catalyst_AEP,2026-04-24_Catalyst_AEP,2026-04-24_Catalyst_AEP,,,,,,,entity,Entities,,,,,,,,,,,,,,,,2026-06-01,,,,,,,,,,,,,,
world:entity:2026-04-24-catalyst-airo,Entity,2026-04-24_Catalyst_AIRO,2026-04-24_Catalyst_AIRO,2026-04-24_Catalyst_AIRO,,,,,,,entity,Entities,,,,,,,,,,,,,,,,2026-06-01,,,,,,,,,,,,,,
world:entity:2026-04-24-catalyst-alb,Entity,2026-04-24_Catalyst_ALB,2026-04-24_Catalyst_ALB,2026-04-24_Catalyst_ALB,,,,,,,entity,Entities,,,,,,,,,,,,,,,,2026-06-01,,,,,,,,,,,,,,
world:entity:2026-04-24-catalyst-alks,Entity,2026-04-24_Catalyst_ALKS,2026-04-24_Catalyst_ALKS,2026-04-24_Catalyst_ALKS,,,,,,,entity,Entities,,,,,,,,,,,,,,,,2026-06-01,,,,,,,,,,,,,,
world:entity:2026-04-24-catalyst-alvo,Entity,2026-04-24_Catalyst_ALVO,2026-04-24_Catalyst_ALVO,2026-04-24_Catalyst_ALVO,,,,,,,entity,Entities,,,,,,,,,,,,,,,,2026-06-01,,,,,,,,,,,,,,
world:entity:2026-04-24-catalyst-amat,Entity,2026-04-24_Catalyst_AMAT,2026-04-24_Catalyst_AMAT,2026-04-24_Catalyst_AMAT,,,,,,,entity,Entities,,,,,,,,,,,,,,,,2026-06-01,,,,,,,,,,,,,,
world:entity:2026-04-24-catalyst-amd,Entity,2026-04-24_Catalyst_AMD,2026-04-24_Catalyst_AMD,2026-04-24_Catalyst_AMD,,,,,,,entity,Entities,,,,,,,,,,,,,,,,2026-06-01,,,,,,,,,,,,,,
world:entity:2026-04-24-catalyst-amgn,Entity,2026-04-24_Catalyst_AMGN,2026-04-24_Catalyst_AMGN,2026-04-24_Catalyst_AMGN,,,,,,,entity,Entities,,,,,,,,,,,,,,,,2026-06-01,,,,,,,,,,,,,,
world:entity:2026-04-24-catalyst-amt,Entity,2026-04-24_Catalyst_AMT,2026-04-24_Catalyst_AMT,2026-04-24_Catalyst_AMT,,,,,,,entity,Entities,,,,,,,,,,,,,,,,2026-06-01,,,,,,,,,,,,,,
world:entity:2026-04-24-catalyst-amzn,Entity,2026-04-24_Catalyst_AMZN,2026-04-24_Catalyst_AMZN,2026-04-24_Catalyst_AMZN,,,,,,,entity,Entities,,,,,,,,,,,,,,,,2026-06-01,,,,,,,,,,,,,,
world:entity:2026-04-24-catalyst-apd,Entity,2026-04-24_Catalyst_APD,2026-04-24_Catalyst_APD,2026-04-24_Catalyst_APD,,,,,,,entity,Entities,,,,,,,,,,,,,,,,2026-06-01,,,,,,,,,,,,,,
world:entity:2026-04-24-catalyst-avav,Entity,2026-04-24_Catalyst_AVAV,2026-04-24_Catalyst_AVAV,2026-04-24_Catalyst_AVAV,,,,,,,entity,Entities,,,,,,,,,,,,,,,,2026-06-01,,,,,,,,,,,,,,
world:entity:2026-04-24-catalyst-avb,Entity,2026-04-24_Catalyst_AVB,2026-04-24_Catalyst_AVB,2026-04-24_Catalyst_AVB,,,,,,,entity,Entities,,,,,,,,,,,,,,,,2026-06-01,,,,,,,,,,,,,,
world:entity:2026-04-24-catalyst-avgo,Entity,2026-04-24_Catalyst_AVGO,2026-04-24_Catalyst_AVGO,2026-04-24_Catalyst_AVGO,,,,,,,entity,Entities,,,,,,,,,,,,,,,,2026-06-01,,,,,,,,,,,,,,
world:entity:2026-04-24-catalyst-axon,Entity,2026-04-24_Catalyst_AXON,2026-04-24_Catalyst_AXON,2026-04-24_Catalyst_AXON,,,,,,,entity,Entities,,,,,,,,,,,,,,,,2026-06-01,,,,,,,,,,,,,,
world:entity:2026-04-24-catalyst-axp,Entity,2026-04-24_Catalyst_AXP,2026-04-24_Catalyst_AXP,2026-04-24_Catalyst_AXP,,,,,,,entity,Entities,,,,,,,,,,,,,,,,2026-06-01,,,,,,,,,,,,,,
world:entity:2026-04-24-catalyst-bah,Entity,2026-04-24_Catalyst_BAH,2026-04-24_Catalyst_BAH,2026-04-24_Catalyst_BAH,,,,,,,entity,Entities,,,,,,,,,,,,,,,,2026-06-01,,,,,,,,,,,,,,
world:entity:2026-04-24-catalyst-bbai,Entity,2026-04-24_Catalyst_BBAI,2026-04-24_Catalyst_BBAI,2026-04-24_Catalyst_BBAI,,,,,,,entity,Entities,,,,,,,,,,,,,,,,2026-06-01,,,,,,,,,,,,,,
world:entity:2026-04-24-catalyst-beam,Entity,2026-04-24_Catalyst_BEAM,2026-04-24_Catalyst_BEAM,2026-04-24_Catalyst_BEAM,,,,,,,entity,Entities,,,,,,,,,,,,,,,,2026-06-01,,,,,,,,,,,,,,
world:entity:2026-04-24-catalyst-biib,Entity,2026-04-24_Catalyst_BIIB,2026-04-24_Catalyst_BIIB,2026-04-24_Catalyst_BIIB,,,,,,,entity,Entities,,,,,,,,,,,,,,,,2026-06-01,,,,,,,,,,,,,,
world:entity:2026-04-24-catalyst-bkng,Entity,2026-04-24_Catalyst_BKNG,2026-04-24_Catalyst_BKNG,2026-04-24_Catalyst_BKNG,,,,,,,entity,Entities,,,,,,,,,,,,,,,,2026-06-01,,,,,,,,,,,,,,
world:entity:2026-04-24-catalyst-bksy,Entity,2026-04-24_Catalyst_BKSY,2026-04-24_Catalyst_BKSY,2026-04-24_Catalyst_BKSY,,,,,,,entity,Entities,,,,,,,,,,,,,,,,2026-06-01,,,,,,,,,,,,,,
world:entity:2026-04-24-catalyst-blk,Entity,2026-04-24_Catalyst_BLK,2026-04-24_Catalyst_BLK,2026-04-24_Catalyst_BLK,,,,,,,entity,Entities,,,,,,,,,,,,,,,,2026-06-01,,,,,,,,,,,,,,
world:entity:2026-04-24-catalyst-brk-b,Entity,2026-04-24_Catalyst_BRK_B,2026-04-24_Catalyst_BRK_B,2026-04-24_Catalyst_BRK_B,,,,,,,entity,Entities,,,,,,,,,,,,,,,,2026-06-01,,,,,,,,,,,,,,
world:entity:2026-04-24-catalyst-caci,Entity,2026-04-24_Catalyst_CACI,2026-04-24_Catalyst_CACI,2026-04-24_Catalyst_CACI,,,,,,,entity,Entities,,,,,,,,,,,,,,,,2026-06-01,,,,,,,,,,,,,,
world:entity:2026-04-24-catalyst-cat,Entity,2026-04-24_Catalyst_CAT,2026-04-24_Catalyst_CAT,2026-04-24_Catalyst_CAT,,,,,,,entity,Entities,,,,,,,,,,,,,,,,2026-06-01,,,,,,,,,,,,,,
world:entity:2026-04-24-catalyst-cci,Entity,2026-04-24_Catalyst_CCI,2026-04-24_Catalyst_CCI,2026-04-24_Catalyst_CCI,,,,,,,entity,Entities,,,,,,,,,,,,,,,,2026-06-01,,,,,,,,,,,,,,
world:entity:2026-04-24-catalyst-ccj,Entity,2026-04-24_Catalyst_CCJ,2026-04-24_Catalyst_CCJ,2026-04-24_Catalyst_CCJ,,,,,,,entity,Entities,,,,,,,,,,,,,,,,2026-06-01,,,,,,,,,,,,,,
world:entity:2026-04-24-catalyst-ceg,Entity,2026-04-24_Catalyst_CEG,2026-04-24_Catalyst_CEG,2026-04-24_Catalyst_CEG,,,,,,,entity,Entities,,,,,,,,,,,,,,,,2026-06-01,,,,,,,,,,,,,,
world:entity:2026-04-24-catalyst-chtr,Entity,2026-04-24_Catalyst_CHTR,2026-04-24_Catalyst_CHTR,2026-04-24_Catalyst_CHTR,,,,,,,entity,Entities,,,,,,,,,,,,,,,,2026-06-01,,,,,,,,,,,,,,
world:entity:2026-04-24-catalyst-cl,Entity,2026-04-24_Catalyst_CL,2026-04-24_Catalyst_CL,2026-04-24_Catalyst_CL,,,,,,,entity,Entities,,,,,,,,,,,,,,,,2026-06-01,,,,,,,,,,,,,,
world:entity:2026-04-24-catalyst-cmcsa,Entity,2026-04-24_Catalyst_CMCSA,2026-04-24_Catalyst_CMCSA,2026-04-24_Catalyst_CMCSA,,,,,,,entity,Entities,,,,,,,,,,,,,,,,2026-06-01,,,,,,,,,,,,,,
world:entity:2026-04-24-catalyst-cmps,Entity,2026-04-24_Catalyst_CMPS,2026-04-24_Catalyst_CMPS,2026-04-24_Catalyst_CMPS,,,,,,,entity,Entities,,,,,,,,,,,,,,,,2026-06-01,,,,,,,,,,,,,,
world:entity:2026-04-24-catalyst-coin,Entity,2026-04-24_Catalyst_COIN,2026-04-24_Catalyst_COIN,2026-04-24_Catalyst_COIN,,,,,,,entity,Entities,,,,,,,,,,,,,,,,2026-06-01,,,,,,,,,,,,,,
world:entity:2026-04-24-catalyst-cop,Entity,2026-04-24_Catalyst_COP,2026-04-24_Catalyst_COP,2026-04-24_Catalyst_COP,,,,,,,entity,Entities,,,,,,,,,,,,,,,,2026-06-01,,,,,,,,,,,,,,
world:entity:2026-04-24-catalyst-crm,Entity,2026-04-24_Catalyst_CRM,2026-04-24_Catalyst_CRM,2026-04-24_Catalyst_CRM,,,,,,,entity,Entities,,,,,,,,,,,,,,,,2026-06-01,,,,,,,,,,,,,,
world:entity:2026-04-24-catalyst-crsp,Entity,2026-04-24_Catalyst_CRSP,2026-04-24_Catalyst_CRSP,2026-04-24_Catalyst_CRSP,,,,,,,entity,Entities,,,,,,,,,,,,,,,,2026-06-01,,,,,,,,,,,,,,
world:entity:2026-04-24-catalyst-cvx,Entity,2026-04-24_Catalyst_CVX,2026-04-24_Catalyst_CVX,2026-04-24_Catalyst_CVX,,,,,,,entity,Entities,,,,,,,,,,,,,,,,2026-06-01,,,,,,,,,,,,,,
world:entity:2026-04-24-catalyst-d,Entity,2026-04-24_Catalyst_D,2026-04-24_Catalyst_D,2026-04-24_Catalyst_D,,,,,,,entity,Entities,,,,,,,,,,,,,,,,2026-06-01,,,,,,,,,,,,,,
world:entity:2026-04-24-catalyst-dftx,Entity,2026-04-24_Catalyst_DFTX,2026-04-24_Catalyst_DFTX,2026-04-24_Catalyst_DFTX,,,,,,,entity,Entities,,,,,,,,,,,,,,,,2026-06-01,,,,,,,,,,,,,,
world:entity:2026-04-24-catalyst-dhi,Entity,2026-04-24_Catalyst_DHI,2026-04-24_Catalyst_DHI,2026-04-24_Catalyst_DHI,,,,,,,entity,Entities,,,,,,,,,,,,,,,,2026-06-01,,,,,,,,,,,,,,
world:entity:2026-04-24-catalyst-dhr,Entity,2026-04-24_Catalyst_DHR,2026-04-24_Catalyst_DHR,2026-04-24_Catalyst_DHR,,,,,,,entity,Entities,,,,,,,,,,,,,,,,2026-06-01,,,,,,,,,,,,,,
world:entity:2026-04-24-catalyst-dis,Entity,2026-04-24_Catalyst_DIS,2026-04-24_Catalyst_DIS,2026-04-24_Catalyst_DIS,,,,,,,entity,Entities,,,,,,,,,,,,,,,,2026-06-01,,,,,,,,,,,,,,
world:entity:2026-04-24-catalyst-dlr,Entity,2026-04-24_Catalyst_DLR,2026-04-24_Catalyst_DLR,2026-04-24_Catalyst_DLR,,,,,,,entity,Entities,,,,,,,,,,,,,,,,2026-06-01,,,,,,,,,,,,,,
world:entity:2026-04-24-catalyst-dpro,Entity,2026-04-24_Catalyst_DPRO,2026-04-24_Catalyst_DPRO,2026-04-24_Catalyst_DPRO,,,,,,,entity,Entities,,,,,,,,,,,,,,,,2026-06-01,,,,,,,,,,,,,,
world:entity:2026-04-24-catalyst-duk,Entity,2026-04-24_Catalyst_DUK,2026-04-24_Catalyst_DUK,2026-04-24_Catalyst_DUK,,,,,,,entity,Entities,,,,,,,,,,,,,,,,2026-06-01,,,,,,,,,,,,,,
world:entity:2026-04-24-catalyst-dvn,Entity,2026-04-24_Catalyst_DVN,2026-04-24_Catalyst_DVN,2026-04-24_Catalyst_DVN,,,,,,,entity,Entities,,,,,,,,,,,,,,,,2026-06-01,,,,,,,,,,,,,,
world:entity:2026-04-24-catalyst-ea,Entity,2026-04-24_Catalyst_EA,2026-04-24_Catalyst_EA,2026-04-24_Catalyst_EA,,,,,,,entity,Entities,,,,,,,,,,,,,,,,2026-06-01,,,,,,,,,,,,,,
world:entity:2026-04-24-catalyst-ecl,Entity,2026-04-24_Catalyst_ECL,2026-04-24_Catalyst_ECL,2026-04-24_Catalyst_ECL,,,,,,,entity,Entities,,,,,,,,,,,,,,,,2026-06-01,,,,,,,,,,,,,,
world:entity:2026-04-24-catalyst-eh,Entity,2026-04-24_Catalyst_EH,2026-04-24_Catalyst_EH,2026-04-24_Catalyst_EH,,,,,,,entity,Entities,,,,,,,,,,,,,,,,2026-06-01,,,,,,,,,,,,,,
world:entity:2026-04-24-catalyst-envx,Entity,2026-04-24_Catalyst_ENVX,2026-04-24_Catalyst_ENVX,2026-04-24_Catalyst_ENVX,,,,,,,entity,Entities,,,,,,,,,,,,,,,,2026-06-01,,,,,,,,,,,,,,
world:entity:2026-04-24-catalyst-eog,Entity,2026-04-24_Catalyst_EOG,2026-04-24_Catalyst_EOG,2026-04-24_Catalyst_EOG,,,,,,,entity,Entities,,,,,,,,,,,,,,,,2026-06-01,,,,,,,,,,,,,,
world:entity:2026-04-24-catalyst-eqix,Entity,2026-04-24_Catalyst_EQIX,2026-04-24_Catalyst_EQIX,2026-04-24_Catalyst_EQIX,,,,,,,entity,Entities,,,,,,,,,,,,,,,,2026-06-01,,,,,,,,,,,,,,
world:entity:2026-04-24-catalyst-etn,Entity,2026-04-24_Catalyst_ETN,2026-04-24_Catalyst_ETN,2026-04-24_Catalyst_ETN,,,,,,,entity,Entities,,,,,,,,,,,,,,,,2026-06-01,,,,,,,,,,,,,,
world:entity:2026-04-24-catalyst-evtl,Entity,2026-04-24_Catalyst_EVTL,2026-04-24_Catalyst_EVTL,2026-04-24_Catalyst_EVTL,,,,,,,entity,Entities,,,,,,,,,,,,,,,,2026-06-01,,,,,,,,,,,,,,
world:entity:2026-04-24-catalyst-exc,Entity,2026-04-24_Catalyst_EXC,2026-04-24_Catalyst_EXC,2026-04-24_Catalyst_EXC,,,,,,,entity,Entities,,,,,,,,,,,,,,,,2026-06-01,,,,,,,,,,,,,,
world:entity:2026-04-24-catalyst-flnc,Entity,2026-04-24_Catalyst_FLNC,2026-04-24_Catalyst_FLNC,2026-04-24_Catalyst_FLNC,,,,,,,entity,Entities,,,,,,,,,,,,,,,,2026-06-01,,,,,,,,,,,,,,
world:entity:2026-04-24-catalyst-gd,Entity,2026-04-24_Catalyst_GD,2026-04-24_Catalyst_GD,2026-04-24_Catalyst_GD,,,,,,,entity,Entities,,,,,,,,,,,,,,,,2026-06-01,,,,,,,,,,,,,,
world:entity:2026-04-24-catalyst-ge,Entity,2026-04-24_Catalyst_GE,2026-04-24_Catalyst_GE,2026-04-24_Catalyst_GE,,,,,,,entity,Entities,,,,,,,,,,,,,,,,2026-06-01,,,,,,,,,,,,,,
world:entity:2026-04-24-catalyst-gev,Entity,2026-04-24_Catalyst_GEV,2026-04-24_Catalyst_GEV,2026-04-24_Catalyst_GEV,,,,,,,entity,Entities,,,,,,,,,,,,,,,,2026-06-01,,,,,,,,,,,,,,
world:entity:2026-04-24-catalyst-ghrs,Entity,2026-04-24_Catalyst_GHRS,2026-04-24_Catalyst_GHRS,2026-04-24_Catalyst_GHRS,,,,,,,entity,Entities,,,,,,,,,,,,,,,,2026-06-01,,,,,,,,,,,,,,
world:entity:2026-04-24-catalyst-gis,Entity,2026-04-24_Catalyst_GIS,2026-04-24_Catalyst_GIS,2026-04-24_Catalyst_GIS,,,,,,,entity,Entities,,,,,,,,,,,,,,,,2026-06-01,,,,,,,,,,,,,,
world:entity:2026-04-24-catalyst-gold,Entity,2026-04-24_Catalyst_GOLD,2026-04-24_Catalyst_GOLD,2026-04-24_Catalyst_GOLD,,,,,,,entity,Entities,,,,,,,,,,,,,,,,2026-06-01,,,,,,,,,,,,,,
world:entity:2026-04-24-catalyst-googl,Entity,2026-04-24_Catalyst_GOOGL,2026-04-24_Catalyst_GOOGL,2026-04-24_Catalyst_GOOGL,,,,,,,entity,Entities,,,,,,,,,,,,,,,,2026-06-01,,,,,,,,,,,,,,
world:entity:2026-04-24-catalyst-hd,Entity,2026-04-24_Catalyst_HD,2026-04-24_Catalyst_HD,2026-04-24_Catalyst_HD,,,,,,,entity,Entities,,,,,,,,,,,,,,,,2026-06-01,,,,,,,,,,,,,,
world:entity:2026-04-24-catalyst-hii,Entity,2026-04-24_Catalyst_HII,2026-04-24_Catalyst_HII,2026-04-24_Catalyst_HII,,,,,,,entity,Entities,,,,,,,,,,,,,,,,2026-06-01,,,,,,,,,,,,,,
world:entity:2026-04-24-catalyst-hims,Entity,2026-04-24_Catalyst_HIMS,2026-04-24_Catalyst_HIMS,2026-04-24_Catalyst_HIMS,,,,,,,entity,Entities,,,,,,,,,,,,,,,,2026-06-01,,,,,,,,,,,,,,
world:entity:2026-04-24-catalyst-hon,Entity,2026-04-24_Catalyst_HON,2026-04-24_Catalyst_HON,2026-04-24_Catalyst_HON,,,,,,,entity,Entities,,,,,,,,,,,,,,,,2026-06-01,,,,,,,,,,,,,,
world:entity:2026-04-24-catalyst-hovr,Entity,2026-04-24_Catalyst_HOVR,2026-04-24_Catalyst_HOVR,2026-04-24_Catalyst_HOVR,,,,,,,entity,Entities,,,,,,,,,,,,,,,,2026-06-01,,,,,,,,,,,,,,
world:entity:2026-04-24-catalyst-inva,Entity,2026-04-24_Catalyst_INVA,2026-04-24_Catalyst_INVA,2026-04-24_Catalyst_INVA,,,,,,,entity,Entities,,,,,,,,,,,,,,,,2026-06-01,,,,,,,,,,,,,,
world:entity:2026-04-24-catalyst-ionq,Entity,2026-04-24_Catalyst_IONQ,2026-04-24_Catalyst_IONQ,2026-04-24_Catalyst_IONQ,,,,,,,entity,Entities,,,,,,,,,,,,,,,,2026-06-01,,,,,,,,,,,,,,
world:entity:2026-04-24-catalyst-isrg,Entity,2026-04-24_Catalyst_ISRG,2026-04-24_Catalyst_ISRG,2026-04-24_Catalyst_ISRG,,,,,,,entity,Entities,,,,,,,,,,,,,,,,2026-06-01,,,,,,,,,,,,,,
world:entity:2026-04-24-catalyst-jnj,Entity,2026-04-24_Catalyst_JNJ,2026-04-24_Catalyst_JNJ,2026-04-24_Catalyst_JNJ,,,,,,,entity,Entities,,,,,,,,,,,,,,,,2026-06-01,,,,,,,,,,,,,,
world:entity:2026-04-24-catalyst-joby,Entity,2026-04-24_Catalyst_JOBY,2026-04-24_Catalyst_JOBY,2026-04-24_Catalyst_JOBY,,,,,,,entity,Entities,,,,,,,,,,,,,,,,2026-06-01,,,,,,,,,,,,,,
world:entity:2026-04-24-catalyst-klac,Entity,2026-04-24_Catalyst_KLAC,2026-04-24_Catalyst_KLAC,2026-04-24_Catalyst_KLAC,,,,,,,entity,Entities,,,,,,,,,,,,,,,,2026-06-01,,,,,,,,,,,,,,
world:entity:2026-04-24-catalyst-kmb,Entity,2026-04-24_Catalyst_KMB,2026-04-24_Catalyst_KMB,2026-04-24_Catalyst_KMB,,,,,,,entity,Entities,,,,,,,,,,,,,,,,2026-06-01,,,,,,,,,,,,,,
world:entity:2026-04-24-catalyst-ktos,Entity,2026-04-24_Catalyst_KTOS,2026-04-24_Catalyst_KTOS,2026-04-24_Catalyst_KTOS,,,,,,,entity,Entities,,,,,,,,,,,,,,,,2026-06-01,,,,,,,,,,,,,,
world:entity:2026-04-24-catalyst-ldos,Entity,2026-04-24_Catalyst_LDOS,2026-04-24_Catalyst_LDOS,2026-04-24_Catalyst_LDOS,,,,,,,entity,Entities,,,,,,,,,,,,,,,,2026-06-01,,,,,,,,,,,,,,
world:entity:2026-04-24-catalyst-len,Entity,2026-04-24_Catalyst_LEN,2026-04-24_Catalyst_LEN,2026-04-24_Catalyst_LEN,,,,,,,entity,Entities,,,,,,,,,,,,,,,,2026-06-01,,,,,,,,,,,,,,
world:entity:2026-04-24-catalyst-lhx,Entity,2026-04-24_Catalyst_LHX,2026-04-24_Catalyst_LHX,2026-04-24_Catalyst_LHX,,,,,,,entity,Entities,,,,,,,,,,,,,,,,2026-06-01,,,,,,,,,,,,,,
world:entity:2026-04-24-catalyst-lin,Entity,2026-04-24_Catalyst_LIN,2026-04-24_Catalyst_LIN,2026-04-24_Catalyst_LIN,,,,,,,entity,Entities,,,,,,,,,,,,,,,,2026-06-01,,,,,,,,,,,,,,
world:entity:2026-04-24-catalyst-lly,Entity,2026-04-24_Catalyst_LLY,2026-04-24_Catalyst_LLY,2026-04-24_Catalyst_LLY,,,,,,,entity,Entities,,,,,,,,,,,,,,,,2026-06-01,,,,,,,,,,,,,,
world:entity:2026-04-24-catalyst-lmt,Entity,2026-04-24_Catalyst_LMT,2026-04-24_Catalyst_LMT,2026-04-24_Catalyst_LMT,,,,,,,entity,Entities,,,,,,,,,,,,,,,,2026-06-01,,,,,,,,,,,,,,
world:entity:2026-04-24-catalyst-low,Entity,2026-04-24_Catalyst_LOW,2026-04-24_Catalyst_LOW,2026-04-24_Catalyst_LOW,,,,,,,entity,Entities,,,,,,,,,,,,,,,,2026-06-01,,,,,,,,,,,,,,
world:entity:2026-04-24-catalyst-lrcx,Entity,2026-04-24_Catalyst_LRCX,2026-04-24_Catalyst_LRCX,2026-04-24_Catalyst_LRCX,,,,,,,entity,Entities,,,,,,,,,,,,,,,,2026-06-01,,,,,,,,,,,,,,
world:entity:2026-04-24-catalyst-ma,Entity,2026-04-24_Catalyst_MA,2026-04-24_Catalyst_MA,2026-04-24_Catalyst_MA,,,,,,,entity,Entities,,,,,,,,,,,,,,,,2026-06-01,,,,,,,,,,,,,,
world:entity:2026-04-24-catalyst-mcd,Entity,2026-04-24_Catalyst_MCD,2026-04-24_Catalyst_MCD,2026-04-24_Catalyst_MCD,,,,,,,entity,Entities,,,,,,,,,,,,,,,,2026-06-01,,,,,,,,,,,,,,
world:entity:2026-04-24-catalyst-meta,Entity,2026-04-24_Catalyst_META,2026-04-24_Catalyst_META,2026-04-24_Catalyst_META,,,,,,,entity,Entities,,,,,,,,,,,,,,,,2026-06-01,,,,,,,,,,,,,,
world:entity:2026-04-24-catalyst-mmm,Entity,2026-04-24_Catalyst_MMM,2026-04-24_Catalyst_MMM,2026-04-24_Catalyst_MMM,,,,,,,entity,Entities,,,,,,,,,,,,,,,,2026-06-01,,,,,,,,,,,,,,
world:entity:2026-04-24-catalyst-mnts,Entity,2026-04-24_Catalyst_MNTS,2026-04-24_Catalyst_MNTS,2026-04-24_Catalyst_MNTS,,,,,,,entity,Entities,,,,,,,,,,,,,,,,2026-06-01,,,,,,,,,,,,,,
world:entity:2026-04-24-catalyst-mo,Entity,2026-04-24_Catalyst_MO,2026-04-24_Catalyst_MO,2026-04-24_Catalyst_MO,,,,,,,entity,Entities,,,,,,,,,,,,,,,,2026-06-01,,,,,,,,,,,,,,
world:entity:2026-04-24-catalyst-mos,Entity,2026-04-24_Catalyst_MOS,2026-04-24_Catalyst_MOS,2026-04-24_Catalyst_MOS,,,,,,,entity,Entities,,,,,,,,,,,,,,,,2026-06-01,,,,,,,,,,,,,,
world:entity:2026-04-24-catalyst-mpc,Entity,2026-04-24_Catalyst_MPC,2026-04-24_Catalyst_MPC,2026-04-24_Catalyst_MPC,,,,,,,entity,Entities,,,,,,,,,,,,,,,,2026-06-01,,,,,,,,,,,,,,
world:entity:2026-04-24-catalyst-mrk,Entity,2026-04-24_Catalyst_MRK,2026-04-24_Catalyst_MRK,2026-04-24_Catalyst_MRK,,,,,,,entity,Entities,,,,,,,,,,,,,,,,2026-06-01,,,,,,,,,,,,,,
world:entity:2026-04-24-catalyst-msft,Entity,2026-04-24_Catalyst_MSFT,2026-04-24_Catalyst_MSFT,2026-04-24_Catalyst_MSFT,,,,,,,entity,Entities,,,,,,,,,,,,,,,,2026-06-01,,,,,,,,,,,,,,
world:entity:2026-04-24-catalyst-mstr,Entity,2026-04-24_Catalyst_MSTR,2026-04-24_Catalyst_MSTR,2026-04-24_Catalyst_MSTR,,,,,,,entity,Entities,,,,,,,,,,,,,,,,2026-06-01,,,,,,,,,,,,,,
world:entity:2026-04-24-catalyst-nbix,Entity,2026-04-24_Catalyst_NBIX,2026-04-24_Catalyst_NBIX,2026-04-24_Catalyst_NBIX,,,,,,,entity,Entities,,,,,,,,,,,,,,,,2026-06-01,,,,,,,,,,,,,,
world:entity:2026-04-24-catalyst-nem,Entity,2026-04-24_Catalyst_NEM,2026-04-24_Catalyst_NEM,2026-04-24_Catalyst_NEM,,,,,,,entity,Entities,,,,,,,,,,,,,,,,2026-06-01,,,,,,,,,,,,,,
world:entity:2026-04-24-catalyst-nflx,Entity,2026-04-24_Catalyst_NFLX,2026-04-24_Catalyst_NFLX,2026-04-24_Catalyst_NFLX,,,,,,,entity,Entities,,,,,,,,,,,,,,,,2026-06-01,,,,,,,,,,,,,,
world:entity:2026-04-24-catalyst-nke,Entity,2026-04-24_Catalyst_NKE,2026-04-24_Catalyst_NKE,2026-04-24_Catalyst_NKE,,,,,,,entity,Entities,,,,,,,,,,,,,,,,2026-06-01,,,,,,,,,,,,,,
world:entity:2026-04-24-catalyst-nne,Entity,2026-04-24_Catalyst_NNE,2026-04-24_Catalyst_NNE,2026-04-24_Catalyst_NNE,,,,,,,entity,Entities,,,,,,,,,,,,,,,,2026-06-01,,,,,,,,,,,,,,
world:entity:2026-04-24-catalyst-noc,Entity,2026-04-24_Catalyst_NOC,2026-04-24_Catalyst_NOC,2026-04-24_Catalyst_NOC,,,,,,,entity,Entities,,,,,,,,,,,,,,,,2026-06-01,,,,,,,,,,,,,,
world:entity:2026-04-24-catalyst-nrg,Entity,2026-04-24_Catalyst_NRG,2026-04-24_Catalyst_NRG,2026-04-24_Catalyst_NRG,,,,,,,entity,Entities,,,,,,,,,,,,,,,,2026-06-01,,,,,,,,,,,,,,
world:entity:2026-04-24-catalyst-nue,Entity,2026-04-24_Catalyst_NUE,2026-04-24_Catalyst_NUE,2026-04-24_Catalyst_NUE,,,,,,,entity,Entities,,,,,,,,,,,,,,,,2026-06-01,,,,,,,,,,,,,,
world:entity:2026-04-24-catalyst-nvda,Entity,2026-04-24_Catalyst_NVDA,2026-04-24_Catalyst_NVDA,2026-04-24_Catalyst_NVDA,,,,,,,entity,Entities,,,,,,,,,,,,,,,,2026-06-01,,,,,,,,,,,,,,
world:entity:2026-04-24-catalyst-nvr,Entity,2026-04-24_Catalyst_NVR,2026-04-24_Catalyst_NVR,2026-04-24_Catalyst_NVR,,,,,,,entity,Entities,,,,,,,,,,,,,,,,2026-06-01,,,,,,,,,,,,,,
world:entity:2026-04-24-catalyst-o,Entity,2026-04-24_Catalyst_O,2026-04-24_Catalyst_O,2026-04-24_Catalyst_O,,,,,,,entity,Entities,,,,,,,,,,,,,,,,2026-06-01,,,,,,,,,,,,,,
world:entity:2026-04-24-catalyst-oklo,Entity,2026-04-24_Catalyst_OKLO,2026-04-24_Catalyst_OKLO,2026-04-24_Catalyst_OKLO,,,,,,,entity,Entities,,,,,,,,,,,,,,,,2026-06-01,,,,,,,,,,,,,,
world:entity:2026-04-24-catalyst-on,Entity,2026-04-24_Catalyst_ON,2026-04-24_Catalyst_ON,2026-04-24_Catalyst_ON,,,,,,,entity,Entities,,,,,,,,,,,,,,,,2026-06-01,,,,,,,,,,,,,,
world:entity:2026-04-24-catalyst-onto,Entity,2026-04-24_Catalyst_ONTO,2026-04-24_Catalyst_ONTO,2026-04-24_Catalyst_ONTO,,,,,,,entity,Entities,,,,,,,,,,,,,,,,2026-06-01,,,,,,,,,,,,,,
world:entity:2026-04-24-catalyst-orcl,Entity,2026-04-24_Catalyst_ORCL,2026-04-24_Catalyst_ORCL,2026-04-24_Catalyst_ORCL,,,,,,,entity,Entities,,,,,,,,,,,,,,,,2026-06-01,,,,,,,,,,,,,,
world:entity:2026-04-24-catalyst-oxy,Entity,2026-04-24_Catalyst_OXY,2026-04-24_Catalyst_OXY,2026-04-24_Catalyst_OXY,,,,,,,entity,Entities,,,,,,,,,,,,,,,,2026-06-01,,,,,,,,,,,,,,
world:entity:2026-04-24-catalyst-pfe,Entity,2026-04-24_Catalyst_PFE,2026-04-24_Catalyst_PFE,2026-04-24_Catalyst_PFE,,,,,,,entity,Entities,,,,,,,,,,,,,,,,2026-06-01,,,,,,,,,,,,,,
world:entity:2026-04-24-catalyst-pg,Entity,2026-04-24_Catalyst_PG,2026-04-24_Catalyst_PG,2026-04-24_Catalyst_PG,,,,,,,entity,Entities,,,,,,,,,,,,,,,,2026-06-01,,,,,,,,,,,,,,
world:entity:2026-04-24-catalyst-pltr,Entity,2026-04-24_Catalyst_PLTR,2026-04-24_Catalyst_PLTR,2026-04-24_Catalyst_PLTR,,,,,,,entity,Entities,,,,,,,,,,,,,,,,2026-06-01,,,,,,,,,,,,,,
world:entity:2026-04-24-catalyst-pm,Entity,2026-04-24_Catalyst_PM,2026-04-24_Catalyst_PM,2026-04-24_Catalyst_PM,,,,,,,entity,Entities,,,,,,,,,,,,,,,,2026-06-01,,,,,,,,,,,,,,
world:entity:2026-04-24-catalyst-qcom,Entity,2026-04-24_Catalyst_QCOM,2026-04-24_Catalyst_QCOM,2026-04-24_Catalyst_QCOM,,,,,,,entity,Entities,,,,,,,,,,,,,,,,2026-06-01,,,,,,,,,,,,,,
world:entity:2026-04-24-catalyst-qubt,Entity,2026-04-24_Catalyst_QUBT,2026-04-24_Catalyst_QUBT,2026-04-24_Catalyst_QUBT,,,,,,,entity,Entities,,,,,,,,,,,,,,,,2026-06-01,,,,,,,,,,,,,,
world:entity:2026-04-24-catalyst-rcat,Entity,2026-04-24_Catalyst_RCAT,2026-04-24_Catalyst_RCAT,2026-04-24_Catalyst_RCAT,,,,,,,entity,Entities,,,,,,,,,,,,,,,,2026-06-01,,,,,,,,,,,,,,
world:entity:2026-04-24-catalyst-rgti,Entity,2026-04-24_Catalyst_RGTI,2026-04-24_Catalyst_RGTI,2026-04-24_Catalyst_RGTI,,,,,,,entity,Entities,,,,,,,,,,,,,,,,2026-06-01,,,,,,,,,,,,,,
world:entity:2026-04-24-catalyst-rklb,Entity,2026-04-24_Catalyst_RKLB,2026-04-24_Catalyst_RKLB,2026-04-24_Catalyst_RKLB,,,,,,,entity,Entities,,,,,,,,,,,,,,,,2026-06-01,,,,,,,,,,,,,,
world:entity:2026-04-24-catalyst-rprx,Entity,2026-04-24_Catalyst_RPRX,2026-04-24_Catalyst_RPRX,2026-04-24_Catalyst_RPRX,,,,,,,entity,Entities,,,,,,,,,,,,,,,,2026-06-01,,,,,,,,,,,,,,
world:entity:2026-04-24-catalyst-rtx,Entity,2026-04-24_Catalyst_RTX,2026-04-24_Catalyst_RTX,2026-04-24_Catalyst_RTX,,,,,,,entity,Entities,,,,,,,,,,,,,,,,2026-06-01,,,,,,,,,,,,,,
world:entity:2026-04-24-catalyst-saic,Entity,2026-04-24_Catalyst_SAIC,2026-04-24_Catalyst_SAIC,2026-04-24_Catalyst_SAIC,,,,,,,entity,Entities,,,,,,,,,,,,,,,,2026-06-01,,,,,,,,,,,,,,
world:entity:2026-04-24-catalyst-shw,Entity,2026-04-24_Catalyst_SHW,2026-04-24_Catalyst_SHW,2026-04-24_Catalyst_SHW,,,,,,,entity,Entities,,,,,,,,,,,,,,,,2026-06-01,,,,,,,,,,,,,,
world:entity:2026-04-24-catalyst-sky,Entity,2026-04-24_Catalyst_SKY,2026-04-24_Catalyst_SKY,2026-04-24_Catalyst_SKY,,,,,,,entity,Entities,,,,,,,,,,,,,,,,2026-06-01,,,,,,,,,,,,,,
world:entity:2026-04-24-catalyst-smr,Entity,2026-04-24_Catalyst_SMR,2026-04-24_Catalyst_SMR,2026-04-24_Catalyst_SMR,,,,,,,entity,Entities,,,,,,,,,,,,,,,,2026-06-01,,,,,,,,,,,,,,
world:entity:2026-04-24-catalyst-so,Entity,2026-04-24_Catalyst_SO,2026-04-24_Catalyst_SO,2026-04-24_Catalyst_SO,,,,,,,entity,Entities,,,,,,,,,,,,,,,,2026-06-01,,,,,,,,,,,,,,
world:entity:2026-04-24-catalyst-sre,Entity,2026-04-24_Catalyst_SRE,2026-04-24_Catalyst_SRE,2026-04-24_Catalyst_SRE,,,,,,,entity,Entities,,,,,,,,,,,,,,,,2026-06-01,,,,,,,,,,,,,,
world:entity:2026-04-24-catalyst-stem,Entity,2026-04-24_Catalyst_STEM,2026-04-24_Catalyst_STEM,2026-04-24_Catalyst_STEM,,,,,,,entity,Entities,,,,,,,,,,,,,,,,2026-06-01,,,,,,,,,,,,,,
world:entity:2026-04-24-catalyst-strl,Entity,2026-04-24_Catalyst_STRL,2026-04-24_Catalyst_STRL,2026-04-24_Catalyst_STRL,,,,,,,entity,Entities,,,,,,,,,,,,,,,,2026-06-01,,,,,,,,,,,,,,
world:entity:2026-04-24-catalyst-t,Entity,2026-04-24_Catalyst_T,2026-04-24_Catalyst_T,2026-04-24_Catalyst_T,,,,,,,entity,Entities,,,,,,,,,,,,,,,,2026-06-01,,,,,,,,,,,,,,
world:entity:2026-04-24-catalyst-tdg,Entity,2026-04-24_Catalyst_TDG,2026-04-24_Catalyst_TDG,2026-04-24_Catalyst_TDG,,,,,,,entity,Entities,,,,,,,,,,,,,,,,2026-06-01,,,,,,,,,,,,,,
world:entity:2026-04-24-catalyst-tmhc,Entity,2026-04-24_Catalyst_TMHC,2026-04-24_Catalyst_TMHC,2026-04-24_Catalyst_TMHC,,,,,,,entity,Entities,,,,,,,,,,,,,,,,2026-06-01,,,,,,,,,,,,,,
world:entity:2026-04-24-catalyst-tmo,Entity,2026-04-24_Catalyst_TMO,2026-04-24_Catalyst_TMO,2026-04-24_Catalyst_TMO,,,,,,,entity,Entities,,,,,,,,,,,,,,,,2026-06-01,,,,,,,,,,,,,,
world:entity:2026-04-24-catalyst-tol,Entity,2026-04-24_Catalyst_TOL,2026-04-24_Catalyst_TOL,2026-04-24_Catalyst_TOL,,,,,,,entity,Entities,,,,,,,,,,,,,,,,2026-06-01,,,,,,,,,,,,,,
world:entity:2026-04-24-catalyst-tsla,Entity,2026-04-24_Catalyst_TSLA,2026-04-24_Catalyst_TSLA,2026-04-24_Catalyst_TSLA,,,,,,,entity,Entities,,,,,,,,,,,,,,,,2026-06-01,,,,,,,,,,,,,,
world:entity:2026-04-24-catalyst-txt,Entity,2026-04-24_Catalyst_TXT,2026-04-24_Catalyst_TXT,2026-04-24_Catalyst_TXT,,,,,,,entity,Entities,,,,,,,,,,,,,,,,2026-06-01,,,,,,,,,,,,,,
world:entity:2026-04-24-catalyst-unh,Entity,2026-04-24_Catalyst_UNH,2026-04-24_Catalyst_UNH,2026-04-24_Catalyst_UNH,,,,,,,entity,Entities,,,,,,,,,,,,,,,,2026-06-01,,,,,,,,,,,,,,
world:entity:2026-04-24-catalyst-unp,Entity,2026-04-24_Catalyst_UNP,2026-04-24_Catalyst_UNP,2026-04-24_Catalyst_UNP,,,,,,,entity,Entities,,,,,,,,,,,,,,,,2026-06-01,,,,,,,,,,,,,,
world:entity:2026-04-24-catalyst-unty,Entity,2026-04-24_Catalyst_UNTY,2026-04-24_Catalyst_UNTY,2026-04-24_Catalyst_UNTY,,,,,,,entity,Entities,,,,,,,,,,,,,,,,2026-06-01,,,,,,,,,,,,,,
world:entity:2026-04-24-catalyst-v,Entity,2026-04-24_Catalyst_V,2026-04-24_Catalyst_V,2026-04-24_Catalyst_V,,,,,,,entity,Entities,,,,,,,,,,,,,,,,2026-06-01,,,,,,,,,,,,,,
world:entity:2026-04-24-catalyst-vktx,Entity,2026-04-24_Catalyst_VKTX,2026-04-24_Catalyst_VKTX,2026-04-24_Catalyst_VKTX,,,,,,,entity,Entities,,,,,,,,,,,,,,,,2026-06-01,,,,,,,,,,,,,,
world:entity:2026-04-24-catalyst-vlo,Entity,2026-04-24_Catalyst_VLO,2026-04-24_Catalyst_VLO,2026-04-24_Catalyst_VLO,,,,,,,entity,Entities,,,,,,,,,,,,,,,,2026-06-01,,,,,,,,,,,,,,
world:entity:2026-04-24-catalyst-vst,Entity,2026-04-24_Catalyst_VST,2026-04-24_Catalyst_VST,2026-04-24_Catalyst_VST,,,,,,,entity,Entities,,,,,,,,,,,,,,,,2026-06-01,,,,,,,,,,,,,,
world:entity:2026-04-24-catalyst-wfc,Entity,2026-04-24_Catalyst_WFC,2026-04-24_Catalyst_WFC,2026-04-24_Catalyst_WFC,,,,,,,entity,Entities,,,,,,,,,,,,,,,,2026-06-01,,,,,,,,,,,,,,
world:entity:2026-04-24-catalyst-wolf,Entity,2026-04-24_Catalyst_WOLF,2026-04-24_Catalyst_WOLF,2026-04-24_Catalyst_WOLF,,,,,,,entity,Entities,,,,,,,,,,,,,,,,2026-06-01,,,,,,,,,,,,,,
world:entity:2026-04-24-catalyst-wpm,Entity,2026-04-24_Catalyst_WPM,2026-04-24_Catalyst_WPM,2026-04-24_Catalyst_WPM,,,,,,,entity,Entities,,,,,,,,,,,,,,,,2026-06-01,,,,,,,,,,,,,,
world:entity:2026-04-24-catalyst-xel,Entity,2026-04-24_Catalyst_XEL,2026-04-24_Catalyst_XEL,2026-04-24_Catalyst_XEL,,,,,,,entity,Entities,,,,,,,,,,,,,,,,2026-06-01,,,,,,,,,,,,,,
world:entity:2026-04-24-catalyst-xom,Entity,2026-04-24_Catalyst_XOM,2026-04-24_Catalyst_XOM,2026-04-24_Catalyst_XOM,,,,,,,entity,Entities,,,,,,,,,,,,,,,,2026-06-01,,,,,,,,,,,,,,
world:entity:2026-04-24-cboe-vix-term-structure,Entity,2026-04-24_CBOE_VIX_Term_Structure,2026-04-24_CBOE_VIX_Term_Structure,2026-04-24_CBOE_VIX_Term_Structure,,,,,,,entity,Entities,,,,,,,,,,,,,,,,2026-06-01,,,,,,,,,,,,,,
world:entity:2026-04-24-communication-services-sector,Entity,2026-04-24_Communication_Services_Sector,2026-04-24_Communication_Services_Sector,2026-04-24_Communication_Services_Sector,,,,,,,entity,Entities,,,,,,,,,,,,,,,,2026-06-01,,,,,,,,,,,,,,
world:entity:2026-04-24-confirm-psychedelic-mental-health-revolution,Entity,2026-04-24_CONFIRM_PSYCHEDELIC_MENTAL_HEALTH_REVOLUTION,2026-04-24_CONFIRM_PSYCHEDELIC_MENTAL_HEALTH_REVOLUTION,2026-04-24_CONFIRM_PSYCHEDELIC_MENTAL_HEALTH_REVOLUTION,,,,,,,entity,Entities,,,,,,,,,,,,,,,,2026-06-01,,,,,,,,,,,,,,
world:entity:2026-04-24-consumer-discretionary-sector,Entity,2026-04-24_Consumer_Discretionary_Sector,2026-04-24_Consumer_Discretionary_Sector,2026-04-24_Consumer_Discretionary_Sector,,,,,,,entity,Entities,,,,,,,,,,,,,,,,2026-06-01,,,,,,,,,,,,,,
world:entity:2026-04-24-consumer-staples-sector,Entity,2026-04-24_Consumer_Staples_Sector,2026-04-24_Consumer_Staples_Sector,2026-04-24_Consumer_Staples_Sector,,,,,,,entity,Entities,,,,,,,,,,,,,,,,2026-06-01,,,,,,,,,,,,,,
world:entity:2026-04-24-conviction-delta,Entity,2026-04-24_Conviction_Delta,2026-04-24_Conviction_Delta,2026-04-24_Conviction_Delta,,,,,,,entity,Entities,,,,,,,,,,,,,,,,2026-06-01,,,,,,,,,,,,,,
world:entity:2026-04-24-detailed-aerospace-defense-sector-report,Entity,2026-04-24_Detailed_aerospace-defense_Sector_Report,2026-04-24_Detailed_aerospace-defense_Sector_Report,2026-04-24_Detailed_aerospace-defense_Sector_Report,,,,,,,entity,Entities,,,,,,,,,,,,,,,,2026-06-01,,,,,,,,,,,,,,
world:entity:2026-04-24-detailed-communication-services-sector-report,Entity,2026-04-24_Detailed_communication-services_Sector_Report,2026-04-24_Detailed_communication-services_Sector_Report,2026-04-24_Detailed_communication-services_Sector_Report,,,,,,,entity,Entities,,,,,,,,,,,,,,,,2026-06-01,,,,,,,,,,,,,,
world:entity:2026-04-24-detailed-consumer-discretionary-sector-report,Entity,2026-04-24_Detailed_consumer-discretionary_Sector_Report,2026-04-24_Detailed_consumer-discretionary_Sector_Report,2026-04-24_Detailed_consumer-discretionary_Sector_Report,,,,,,,entity,Entities,,,,,,,,,,,,,,,,2026-06-01,,,,,,,,,,,,,,
world:entity:2026-04-24-detailed-consumer-staples-sector-report,Entity,2026-04-24_Detailed_consumer-staples_Sector_Report,2026-04-24_Detailed_consumer-staples_Sector_Report,2026-04-24_Detailed_consumer-staples_Sector_Report,,,,,,,entity,Entities,,,,,,,,,,,,,,,,2026-06-01,,,,,,,,,,,,,,
world:entity:2026-04-24-detailed-energy-sector-report,Entity,2026-04-24_Detailed_energy_Sector_Report,2026-04-24_Detailed_energy_Sector_Report,2026-04-24_Detailed_energy_Sector_Report,,,,,,,entity,Entities,,,,,,,,,,,,,,,,2026-06-01,,,,,,,,,,,,,,
world:entity:2026-04-24-detailed-financials-sector-report,Entity,2026-04-24_Detailed_financials_Sector_Report,2026-04-24_Detailed_financials_Sector_Report,2026-04-24_Detailed_financials_Sector_Report,,,,,,,entity,Entities,,,,,,,,,,,,,,,,2026-06-01,,,,,,,,,,,,,,
world:entity:2026-04-24-detailed-healthcare-sector-report,Entity,2026-04-24_Detailed_healthcare_Sector_Report,2026-04-24_Detailed_healthcare_Sector_Report,2026-04-24_Detailed_healthcare_Sector_Report,,,,,,,entity,Entities,,,,,,,,,,,,,,,,2026-06-01,,,,,,,,,,,,,,
world:entity:2026-04-24-detailed-industrials-sector-report,Entity,2026-04-24_Detailed_industrials_Sector_Report,2026-04-24_Detailed_industrials_Sector_Report,2026-04-24_Detailed_industrials_Sector_Report,,,,,,,entity,Entities,,,,,,,,,,,,,,,,2026-06-01,,,,,,,,,,,,,,
world:entity:2026-04-24-detailed-materials-sector-report,Entity,2026-04-24_Detailed_materials_Sector_Report,2026-04-24_Detailed_materials_Sector_Report,2026-04-24_Detailed_materials_Sector_Report,,,,,,,entity,Entities,,,,,,,,,,,,,,,,2026-06-01,,,,,,,,,,,,,,
world:entity:2026-04-24-detailed-real-estate-sector-report,Entity,2026-04-24_Detailed_real-estate_Sector_Report,2026-04-24_Detailed_real-estate_Sector_Report,2026-04-24_Detailed_real-estate_Sector_Report,,,,,,,entity,Entities,,,,,,,,,,,,,,,,2026-06-01,,,,,,,,,,,,,,
world:entity:2026-04-24-detailed-sector-report-index,Entity,2026-04-24_Detailed_Sector_Report_Index,2026-04-24_Detailed_Sector_Report_Index,2026-04-24_Detailed_Sector_Report_Index,,,,,,,entity,Entities,,,,,,,,,,,,,,,,2026-06-01,,,,,,,,,,,,,,
world:entity:2026-04-24-detailed-tech-sector-report,Entity,2026-04-24_Detailed_tech_Sector_Report,2026-04-24_Detailed_tech_Sector_Report,2026-04-24_Detailed_tech_Sector_Report,,,,,,,entity,Entities,,,,,,,,,,,,,,,,2026-06-01,,,,,,,,,,,,,,
world:entity:2026-04-24-detailed-utilities-sector-report,Entity,2026-04-24_Detailed_utilities_Sector_Report,2026-04-24_Detailed_utilities_Sector_Report,2026-04-24_Detailed_utilities_Sector_Report,,,,,,,entity,Entities,,,,,,,,,,,,,,,,2026-06-01,,,,,,,,,,,,,,
world:entity:2026-04-24-dilution-monitor,Entity,2026-04-24_Dilution_Monitor,2026-04-24_Dilution_Monitor,2026-04-24_Dilution_Monitor,,,,,,,entity,Entities,,,,,,,,,,,,,,,,2026-06-01,,,,,,,,,,,,,,
world:entity:2026-04-24-disclosure-reality-check,Entity,2026-04-24_Disclosure_Reality_Check,2026-04-24_Disclosure_Reality_Check,2026-04-24_Disclosure_Reality_Check,,,,,,,entity,Entities,,,,,,,,,,,,,,,,2026-06-01,,,,,,,,,,,,,,
world:entity:2026-04-24-energy-sector,Entity,2026-04-24_Energy_Sector,2026-04-24_Energy_Sector,2026-04-24_Energy_Sector,,,,,,,entity,Entities,,,,,,,,,,,,,,,,2026-06-01,,,,,,,,,,,,,,
world:entity:2026-04-24-faa-regulatory-progress,Entity,2026-04-24_FAA_Regulatory_Progress,2026-04-24_FAA_Regulatory_Progress,2026-04-24_FAA_Regulatory_Progress,,,,,,,entity,Entities,,,,,,,,,,,,,,,,2026-06-01,,,,,,,,,,,,,,
world:entity:2026-04-24-financials-sector,Entity,2026-04-24_Financials_Sector,2026-04-24_Financials_Sector,2026-04-24_Financials_Sector,,,,,,,entity,Entities,,,,,,,,,,,,,,,,2026-06-01,,,,,,,,,,,,,,
world:entity:2026-04-24-fmp-basket-watchlist-aerospace-defense-sector-basket,Entity,2026-04-24_FMP_Basket_Watchlist_Aerospace_&_Defense_Sector_Basket,2026-04-24_FMP_Basket_Watchlist_Aerospace_&_Defense_Sector_Basket,2026-04-24_FMP_Basket_Watchlist_Aerospace_&_Defense_Sector_Basket,,,,,,,entity,Entities,,,,,,,,,,,,,,,,2026-06-01,,,,,,,,,,,,,,
world:entity:2026-04-24-fmp-basket-watchlist-buffett-style-quality-compounders,Entity,2026-04-24_FMP_Basket_Watchlist_Buffett_Style_Quality_Compounders,2026-04-24_FMP_Basket_Watchlist_Buffett_Style_Quality_Compounders,2026-04-24_FMP_Basket_Watchlist_Buffett_Style_Quality_Compounders,,,,,,,entity,Entities,,,,,,,,,,,,,,,,2026-06-01,,,,,,,,,,,,,,
world:entity:2026-04-24-fmp-basket-watchlist-communication-services-sector-basket,Entity,2026-04-24_FMP_Basket_Watchlist_Communication_Services_Sector_Basket,2026-04-24_FMP_Basket_Watchlist_Communication_Services_Sector_Basket,2026-04-24_FMP_Basket_Watchlist_Communication_Services_Sector_Basket,,,,,,,entity,Entities,,,,,,,,,,,,,,,,2026-06-01,,,,,,,,,,,,,,
world:entity:2026-04-24-fmp-basket-watchlist-consumer-discretionary-sector-basket,Entity,2026-04-24_FMP_Basket_Watchlist_Consumer_Discretionary_Sector_Basket,2026-04-24_FMP_Basket_Watchlist_Consumer_Discretionary_Sector_Basket,2026-04-24_FMP_Basket_Watchlist_Consumer_Discretionary_Sector_Basket,,,,,,,entity,Entities,,,,,,,,,,,,,,,,2026-06-01,,,,,,,,,,,,,,
world:entity:2026-04-24-fmp-basket-watchlist-consumer-staples-sector-basket,Entity,2026-04-24_FMP_Basket_Watchlist_Consumer_Staples_Sector_Basket,2026-04-24_FMP_Basket_Watchlist_Consumer_Staples_Sector_Basket,2026-04-24_FMP_Basket_Watchlist_Consumer_Staples_Sector_Basket,,,,,,,entity,Entities,,,,,,,,,,,,,,,,2026-06-01,,,,,,,,,,,,,,
world:entity:2026-04-24-fmp-basket-watchlist-dalio-style-all-weather-hard-assets,Entity,2026-04-24_FMP_Basket_Watchlist_Dalio_Style_All-Weather_Hard_Assets,2026-04-24_FMP_Basket_Watchlist_Dalio_Style_All-Weather_Hard_Assets,2026-04-24_FMP_Basket_Watchlist_Dalio_Style_All-Weather_Hard_Assets,,,,,,,entity,Entities,,,,,,,,,,,,,,,,2026-06-01,,,,,,,,,,,,,,
world:entity:2026-04-24-fmp-basket-watchlist-druckenmiller-style-secular-trend-leaders,Entity,2026-04-24_FMP_Basket_Watchlist_Druckenmiller_Style_Secular_Trend_Leaders,2026-04-24_FMP_Basket_Watchlist_Druckenmiller_Style_Secular_Trend_Leaders,2026-04-24_FMP_Basket_Watchlist_Druckenmiller_Style_Secular_Trend_Leaders,,,,,,,entity,Entities,,,,,,,,,,,,,,,,2026-06-01,,,,,,,,,,,,,,
world:entity:2026-04-24-fmp-basket-watchlist-energy-sector-basket,Entity,2026-04-24_FMP_Basket_Watchlist_Energy_Sector_Basket,2026-04-24_FMP_Basket_Watchlist_Energy_Sector_Basket,2026-04-24_FMP_Basket_Watchlist_Energy_Sector_Basket,,,,,,,entity,Entities,,,,,,,,,,,,,,,,2026-06-01,,,,,,,,,,,,,,
world:entity:2026-04-24-fmp-basket-watchlist-financials-sector-basket,Entity,2026-04-24_FMP_Basket_Watchlist_Financials_Sector_Basket,2026-04-24_FMP_Basket_Watchlist_Financials_Sector_Basket,2026-04-24_FMP_Basket_Watchlist_Financials_Sector_Basket,,,,,,,entity,Entities,,,,,,,,,,,,,,,,2026-06-01,,,,,,,,,,,,,,
world:entity:2026-04-24-fmp-basket-watchlist-graham-style-deep-value-re-rating,Entity,2026-04-24_FMP_Basket_Watchlist_Graham_Style_Deep_Value_Re-Rating,2026-04-24_FMP_Basket_Watchlist_Graham_Style_Deep_Value_Re-Rating,2026-04-24_FMP_Basket_Watchlist_Graham_Style_Deep_Value_Re-Rating,,,,,,,entity,Entities,,,,,,,,,,,,,,,,2026-06-01,,,,,,,,,,,,,,
world:entity:2026-04-24-fmp-basket-watchlist-healthcare-sector-basket,Entity,2026-04-24_FMP_Basket_Watchlist_Healthcare_Sector_Basket,2026-04-24_FMP_Basket_Watchlist_Healthcare_Sector_Basket,2026-04-24_FMP_Basket_Watchlist_Healthcare_Sector_Basket,,,,,,,entity,Entities,,,,,,,,,,,,,,,,2026-06-01,,,,,,,,,,,,,,
world:entity:2026-04-24-fmp-basket-watchlist-industrials-sector-basket,Entity,2026-04-24_FMP_Basket_Watchlist_Industrials_Sector_Basket,2026-04-24_FMP_Basket_Watchlist_Industrials_Sector_Basket,2026-04-24_FMP_Basket_Watchlist_Industrials_Sector_Basket,,,,,,,entity,Entities,,,,,,,,,,,,,,,,2026-06-01,,,,,,,,,,,,,,
world:entity:2026-04-24-fmp-basket-watchlist-lynch-style-garp-leaders,Entity,2026-04-24_FMP_Basket_Watchlist_Lynch_Style_GARP_Leaders,2026-04-24_FMP_Basket_Watchlist_Lynch_Style_GARP_Leaders,2026-04-24_FMP_Basket_Watchlist_Lynch_Style_GARP_Leaders,,,,,,,entity,Entities,,,,,,,,,,,,,,,,2026-06-01,,,,,,,,,,,,,,
world:entity:2026-04-24-fmp-basket-watchlist-materials-sector-basket,Entity,2026-04-24_FMP_Basket_Watchlist_Materials_Sector_Basket,2026-04-24_FMP_Basket_Watchlist_Materials_Sector_Basket,2026-04-24_FMP_Basket_Watchlist_Materials_Sector_Basket,,,,,,,entity,Entities,,,,,,,,,,,,,,,,2026-06-01,,,,,,,,,,,,,,
world:entity:2026-04-24-fmp-basket-watchlist-real-estate-sector-basket,Entity,2026-04-24_FMP_Basket_Watchlist_Real_Estate_Sector_Basket,2026-04-24_FMP_Basket_Watchlist_Real_Estate_Sector_Basket,2026-04-24_FMP_Basket_Watchlist_Real_Estate_Sector_Basket,,,,,,,entity,Entities,,,,,,,,,,,,,,,,2026-06-01,,,,,,,,,,,,,,
world:entity:2026-04-24-fmp-basket-watchlist-simons-style-quant-momentum-breadth,Entity,2026-04-24_FMP_Basket_Watchlist_Simons_Style_Quant_Momentum_Breadth,2026-04-24_FMP_Basket_Watchlist_Simons_Style_Quant_Momentum_Breadth,2026-04-24_FMP_Basket_Watchlist_Simons_Style_Quant_Momentum_Breadth,,,,,,,entity,Entities,,,,,,,,,,,,,,,,2026-06-01,,,,,,,,,,,,,,
world:entity:2026-04-24-fmp-basket-watchlist-tech-sector-basket,Entity,2026-04-24_FMP_Basket_Watchlist_Tech_Sector_Basket,2026-04-24_FMP_Basket_Watchlist_Tech_Sector_Basket,2026-04-24_FMP_Basket_Watchlist_Tech_Sector_Basket,,,,,,,entity,Entities,,,,,,,,,,,,,,,,2026-06-01,,,,,,,,,,,,,,
world:entity:2026-04-24-fmp-basket-watchlist-utilities-sector-basket,Entity,2026-04-24_FMP_Basket_Watchlist_Utilities_Sector_Basket,2026-04-24_FMP_Basket_Watchlist_Utilities_Sector_Basket,2026-04-24_FMP_Basket_Watchlist_Utilities_Sector_Basket,,,,,,,entity,Entities,,,,,,,,,,,,,,,,2026-06-01,,,,,,,,,,,,,,
world:entity:2026-04-24-fmp-communication-services-micro-small-cap-search,Entity,2026-04-24_FMP_Communication_Services_Micro_Small_Cap_Search,2026-04-24_FMP_Communication_Services_Micro_Small_Cap_Search,2026-04-24_FMP_Communication_Services_Micro_Small_Cap_Search,,,,,,,entity,Entities,,,,,,,,,,,,,,,,2026-06-01,,,,,,,,,,,,,,
world:entity:2026-04-24-fmp-consumer-discretionary-micro-small-cap-search,Entity,2026-04-24_FMP_Consumer_Discretionary_Micro_Small_Cap_Search,2026-04-24_FMP_Consumer_Discretionary_Micro_Small_Cap_Search,2026-04-24_FMP_Consumer_Discretionary_Micro_Small_Cap_Search,,,,,,,entity,Entities,,,,,,,,,,,,,,,,2026-06-01,,,,,,,,,,,,,,
world:entity:2026-04-24-fmp-consumer-staples-micro-small-cap-search,Entity,2026-04-24_FMP_Consumer_Staples_Micro_Small_Cap_Search,2026-04-24_FMP_Consumer_Staples_Micro_Small_Cap_Search,2026-04-24_FMP_Consumer_Staples_Micro_Small_Cap_Search,,,,,,,entity,Entities,,,,,,,,,,,,,,,,2026-06-01,,,,,,,,,,,,,,
world:entity:2026-04-24-fmp-earnings-calendar-thesis-watchlists,Entity,2026-04-24_FMP_Earnings_Calendar_Thesis_Watchlists,2026-04-24_FMP_Earnings_Calendar_Thesis_Watchlists,2026-04-24_FMP_Earnings_Calendar_Thesis_Watchlists,,,,,,,entity,Entities,,,,,,,,,,,,,,,,2026-06-01,,,,,,,,,,,,,,
world:entity:2026-04-24-fmp-energy-micro-small-cap-search,Entity,2026-04-24_FMP_Energy_Micro_Small_Cap_Search,2026-04-24_FMP_Energy_Micro_Small_Cap_Search,2026-04-24_FMP_Energy_Micro_Small_Cap_Search,,,,,,,entity,Entities,,,,,,,,,,,,,,,,2026-06-01,,,,,,,,,,,,,,
world:entity:2026-04-24-fmp-financials-micro-small-cap-search,Entity,2026-04-24_FMP_Financials_Micro_Small_Cap_Search,2026-04-24_FMP_Financials_Micro_Small_Cap_Search,2026-04-24_FMP_Financials_Micro_Small_Cap_Search,,,,,,,entity,Entities,,,,,,,,,,,,,,,,2026-06-01,,,,,,,,,,,,,,
world:entity:2026-04-24-fmp-healthcare-micro-small-cap-search,Entity,2026-04-24_FMP_Healthcare_Micro_Small_Cap_Search,2026-04-24_FMP_Healthcare_Micro_Small_Cap_Search,2026-04-24_FMP_Healthcare_Micro_Small_Cap_Search,,,,,,,entity,Entities,,,,,,,,,,,,,,,,2026-06-01,,,,,,,,,,,,,,
world:entity:2026-04-24-fmp-industrials-micro-small-cap-search,Entity,2026-04-24_FMP_Industrials_Micro_Small_Cap_Search,2026-04-24_FMP_Industrials_Micro_Small_Cap_Search,2026-04-24_FMP_Industrials_Micro_Small_Cap_Search,,,,,,,entity,Entities,,,,,,,,,,,,,,,,2026-06-01,,,,,,,,,,,,,,
world:entity:2026-04-24-fmp-materials-micro-small-cap-search,Entity,2026-04-24_FMP_Materials_Micro_Small_Cap_Search,2026-04-24_FMP_Materials_Micro_Small_Cap_Search,2026-04-24_FMP_Materials_Micro_Small_Cap_Search,,,,,,,entity,Entities,,,,,,,,,,,,,,,,2026-06-01,,,,,,,,,,,,,,
world:entity:2026-04-24-fmp-real-estate-micro-small-cap-search,Entity,2026-04-24_FMP_Real_Estate_Micro_Small_Cap_Search,2026-04-24_FMP_Real_Estate_Micro_Small_Cap_Search,2026-04-24_FMP_Real_Estate_Micro_Small_Cap_Search,,,,,,,entity,Entities,,,,,,,,,,,,,,,,2026-06-01,,,,,,,,,,,,,,
world:entity:2026-04-24-fmp-tech-sector-micro-small-cap-search,Entity,2026-04-24_FMP_Tech_Sector_Micro_Small_Cap_Search,2026-04-24_FMP_Tech_Sector_Micro_Small_Cap_Search,2026-04-24_FMP_Tech_Sector_Micro_Small_Cap_Search,,,,,,,entity,Entities,,,,,,,,,,,,,,,,2026-06-01,,,,,,,,,,,,,,
world:entity:2026-04-24-fmp-technicals-aapl-daily,Entity,2026-04-24_FMP_Technicals_AAPL_daily,2026-04-24_FMP_Technicals_AAPL_daily,2026-04-24_FMP_Technicals_AAPL_daily,,,,,,,entity,Entities,,,,,,,,,,,,,,,,2026-06-01,,,,,,,,,,,,,,
world:entity:2026-04-24-fmp-technicals-abbv-daily,Entity,2026-04-24_FMP_Technicals_ABBV_daily,2026-04-24_FMP_Technicals_ABBV_daily,2026-04-24_FMP_Technicals_ABBV_daily,,,,,,,entity,Entities,,,,,,,,,,,,,,,,2026-06-01,,,,,,,,,,,,,,
world:entity:2026-04-24-fmp-technicals-abt-daily,Entity,2026-04-24_FMP_Technicals_ABT_daily,2026-04-24_FMP_Technicals_ABT_daily,2026-04-24_FMP_Technicals_ABT_daily,,,,,,,entity,Entities,,,,,,,,,,,,,,,,2026-06-01,,,,,,,,,,,,,,
world:entity:2026-04-24-fmp-technicals-acad-daily,Entity,2026-04-24_FMP_Technicals_ACAD_daily,2026-04-24_FMP_Technicals_ACAD_daily,2026-04-24_FMP_Technicals_ACAD_daily,,,,,,,entity,Entities,,,,,,,,,,,,,,,,2026-06-01,,,,,,,,,,,,,,
world:entity:2026-04-24-fmp-technicals-achr-daily,Entity,2026-04-24_FMP_Technicals_ACHR_daily,2026-04-24_FMP_Technicals_ACHR_daily,2026-04-24_FMP_Technicals_ACHR_daily,,,,,,,entity,Entities,,,,,,,,,,,,,,,,2026-06-01,,,,,,,,,,,,,,
world:entity:2026-04-24-fmp-technicals-adbe-daily,Entity,2026-04-24_FMP_Technicals_ADBE_daily,2026-04-24_FMP_Technicals_ADBE_daily,2026-04-24_FMP_Technicals_ADBE_daily,,,,,,,entity,Entities,,,,,,,,,,,,,,,,2026-06-01,,,,,,,,,,,,,,
world:entity:2026-04-24-fmp-technicals-aep-daily,Entity,2026-04-24_FMP_Technicals_AEP_daily,2026-04-24_FMP_Technicals_AEP_daily,2026-04-24_FMP_Technicals_AEP_daily,,,,,,,entity,Entities,,,,,,,,,,,,,,,,2026-06-01,,,,,,,,,,,,,,
world:entity:2026-04-24-fmp-technicals-airo-daily,Entity,2026-04-24_FMP_Technicals_AIRO_daily,2026-04-24_FMP_Technicals_AIRO_daily,2026-04-24_FMP_Technicals_AIRO_daily,,,,,,,entity,Entities,,,,,,,,,,,,,,,,2026-06-01,,,,,,,,,,,,,,
world:entity:2026-04-24-fmp-technicals-alb-daily,Entity,2026-04-24_FMP_Technicals_ALB_daily,2026-04-24_FMP_Technicals_ALB_daily,2026-04-24_FMP_Technicals_ALB_daily,,,,,,,entity,Entities,,,,,,,,,,,,,,,,2026-06-01,,,,,,,,,,,,,,
world:entity:2026-04-24-fmp-technicals-alks-daily,Entity,2026-04-24_FMP_Technicals_ALKS_daily,2026-04-24_FMP_Technicals_ALKS_daily,2026-04-24_FMP_Technicals_ALKS_daily,,,,,,,entity,Entities,,,,,,,,,,,,,,,,2026-06-01,,,,,,,,,,,,,,
world:entity:2026-04-24-fmp-technicals-alvo-daily,Entity,2026-04-24_FMP_Technicals_ALVO_daily,2026-04-24_FMP_Technicals_ALVO_daily,2026-04-24_FMP_Technicals_ALVO_daily,,,,,,,entity,Entities,,,,,,,,,,,,,,,,2026-06-01,,,,,,,,,,,,,,
world:entity:2026-04-24-fmp-technicals-amat-daily,Entity,2026-04-24_FMP_Technicals_AMAT_daily,2026-04-24_FMP_Technicals_AMAT_daily,2026-04-24_FMP_Technicals_AMAT_daily,,,,,,,entity,Entities,,,,,,,,,,,,,,,,2026-06-01,,,,,,,,,,,,,,
world:entity:2026-04-24-fmp-technicals-amd-daily,Entity,2026-04-24_FMP_Technicals_AMD_daily,2026-04-24_FMP_Technicals_AMD_daily,2026-04-24_FMP_Technicals_AMD_daily,,,,,,,entity,Entities,,,,,,,,,,,,,,,,2026-06-01,,,,,,,,,,,,,,
world:entity:2026-04-24-fmp-technicals-amgn-daily,Entity,2026-04-24_FMP_Technicals_AMGN_daily,2026-04-24_FMP_Technicals_AMGN_daily,2026-04-24_FMP_Technicals_AMGN_daily,,,,,,,entity,Entities,,,,,,,,,,,,,,,,2026-06-01,,,,,,,,,,,,,,
world:entity:2026-04-24-fmp-technicals-amt-daily,Entity,2026-04-24_FMP_Technicals_AMT_daily,2026-04-24_FMP_Technicals_AMT_daily,2026-04-24_FMP_Technicals_AMT_daily,,,,,,,entity,Entities,,,,,,,,,,,,,,,,2026-06-01,,,,,,,,,,,,,,
world:entity:2026-04-24-fmp-technicals-amzn-daily,Entity,2026-04-24_FMP_Technicals_AMZN_daily,2026-04-24_FMP_Technicals_AMZN_daily,2026-04-24_FMP_Technicals_AMZN_daily,,,,,,,entity,Entities,,,,,,,,,,,,,,,,2026-06-01,,,,,,,,,,,,,,
world:entity:2026-04-24-fmp-technicals-apd-daily,Entity,2026-04-24_FMP_Technicals_APD_daily,2026-04-24_FMP_Technicals_APD_daily,2026-04-24_FMP_Technicals_APD_daily,,,,,,,entity,Entities,,,,,,,,,,,,,,,,2026-06-01,,,,,,,,,,,,,,
world:entity:2026-04-24-fmp-technicals-asts-daily,Entity,2026-04-24_FMP_Technicals_ASTS_daily,2026-04-24_FMP_Technicals_ASTS_daily,2026-04-24_FMP_Technicals_ASTS_daily,,,,,,,entity,Entities,,,,,,,,,,,,,,,,2026-06-01,,,,,,,,,,,,,,
world:entity:2026-04-24-fmp-technicals-atai-daily,Entity,2026-04-24_FMP_Technicals_ATAI_daily,2026-04-24_FMP_Technicals_ATAI_daily,2026-04-24_FMP_Technicals_ATAI_daily,,,,,,,entity,Entities,,,,,,,,,,,,,,,,2026-06-01,,,,,,,,,,,,,,
world:entity:2026-04-24-fmp-technicals-avav-daily,Entity,2026-04-24_FMP_Technicals_AVAV_daily,2026-04-24_FMP_Technicals_AVAV_daily,2026-04-24_FMP_Technicals_AVAV_daily,,,,,,,entity,Entities,,,,,,,,,,,,,,,,2026-06-01,,,,,,,,,,,,,,
world:entity:2026-04-24-fmp-technicals-avb-daily,Entity,2026-04-24_FMP_Technicals_AVB_daily,2026-04-24_FMP_Technicals_AVB_daily,2026-04-24_FMP_Technicals_AVB_daily,,,,,,,entity,Entities,,,,,,,,,,,,,,,,2026-06-01,,,,,,,,,,,,,,
world:entity:2026-04-24-fmp-technicals-avgo-daily,Entity,2026-04-24_FMP_Technicals_AVGO_daily,2026-04-24_FMP_Technicals_AVGO_daily,2026-04-24_FMP_Technicals_AVGO_daily,,,,,,,entity,Entities,,,,,,,,,,,,,,,,2026-06-01,,,,,,,,,,,,,,
world:entity:2026-04-24-fmp-technicals-axon-daily,Entity,2026-04-24_FMP_Technicals_AXON_daily,2026-04-24_FMP_Technicals_AXON_daily,2026-04-24_FMP_Technicals_AXON_daily,,,,,,,entity,Entities,,,,,,,,,,,,,,,,2026-06-01,,,,,,,,,,,,,,
world:entity:2026-04-24-fmp-technicals-axp-daily,Entity,2026-04-24_FMP_Technicals_AXP_daily,2026-04-24_FMP_Technicals_AXP_daily,2026-04-24_FMP_Technicals_AXP_daily,,,,,,,entity,Entities,,,,,,,,,,,,,,,,2026-06-01,,,,,,,,,,,,,,
world:entity:2026-04-24-fmp-technicals-ba-daily,Entity,2026-04-24_FMP_Technicals_BA_daily,2026-04-24_FMP_Technicals_BA_daily,2026-04-24_FMP_Technicals_BA_daily,,,,,,,entity,Entities,,,,,,,,,,,,,,,,2026-06-01,,,,,,,,,,,,,,
world:entity:2026-04-24-fmp-technicals-bac-daily,Entity,2026-04-24_FMP_Technicals_BAC_daily,2026-04-24_FMP_Technicals_BAC_daily,2026-04-24_FMP_Technicals_BAC_daily,,,,,,,entity,Entities,,,,,,,,,,,,,,,,2026-06-01,,,,,,,,,,,,,,
world:entity:2026-04-24-fmp-technicals-bah-daily,Entity,2026-04-24_FMP_Technicals_BAH_daily,2026-04-24_FMP_Technicals_BAH_daily,2026-04-24_FMP_Technicals_BAH_daily,,,,,,,entity,Entities,,,,,,,,,,,,,,,,2026-06-01,,,,,,,,,,,,,,
world:entity:2026-04-24-fmp-technicals-bbai-daily,Entity,2026-04-24_FMP_Technicals_BBAI_daily,2026-04-24_FMP_Technicals_BBAI_daily,2026-04-24_FMP_Technicals_BBAI_daily,,,,,,,entity,Entities,,,,,,,,,,,,,,,,2026-06-01,,,,,,,,,,,,,,
world:entity:2026-04-24-fmp-technicals-beam-daily,Entity,2026-04-24_FMP_Technicals_BEAM_daily,2026-04-24_FMP_Technicals_BEAM_daily,2026-04-24_FMP_Technicals_BEAM_daily,,,,,,,entity,Entities,,,,,,,,,,,,,,,,2026-06-01,,,,,,,,,,,,,,
world:entity:2026-04-24-fmp-technicals-biib-daily,Entity,2026-04-24_FMP_Technicals_BIIB_daily,2026-04-24_FMP_Technicals_BIIB_daily,2026-04-24_FMP_Technicals_BIIB_daily,,,,,,,entity,Entities,,,,,,,,,,,,,,,,2026-06-01,,,,,,,,,,,,,,
world:entity:2026-04-24-fmp-technicals-bkng-daily,Entity,2026-04-24_FMP_Technicals_BKNG_daily,2026-04-24_FMP_Technicals_BKNG_daily,2026-04-24_FMP_Technicals_BKNG_daily,,,,,,,entity,Entities,,,,,,,,,,,,,,,,2026-06-01,,,,,,,,,,,,,,
world:entity:2026-04-24-fmp-technicals-bksy-daily,Entity,2026-04-24_FMP_Technicals_BKSY_daily,2026-04-24_FMP_Technicals_BKSY_daily,2026-04-24_FMP_Technicals_BKSY_daily,,,,,,,entity,Entities,,,,,,,,,,,,,,,,2026-06-01,,,,,,,,,,,,,,
world:entity:2026-04-24-fmp-technicals-blk-daily,Entity,2026-04-24_FMP_Technicals_BLK_daily,2026-04-24_FMP_Technicals_BLK_daily,2026-04-24_FMP_Technicals_BLK_daily,,,,,,,entity,Entities,,,,,,,,,,,,,,,,2026-06-01,,,,,,,,,,,,,,
world:entity:2026-04-24-fmp-technicals-c-daily,Entity,2026-04-24_FMP_Technicals_C_daily,2026-04-24_FMP_Technicals_C_daily,2026-04-24_FMP_Technicals_C_daily,,,,,,,entity,Entities,,,,,,,,,,,,,,,,2026-06-01,,,,,,,,,,,,,,
world:entity:2026-04-24-fmp-technicals-caci-daily,Entity,2026-04-24_FMP_Technicals_CACI_daily,2026-04-24_FMP_Technicals_CACI_daily,2026-04-24_FMP_Technicals_CACI_daily,,,,,,,entity,Entities,,,,,,,,,,,,,,,,2026-06-01,,,,,,,,,,,,,,
world:entity:2026-04-24-fmp-technicals-cat-daily,Entity,2026-04-24_FMP_Technicals_CAT_daily,2026-04-24_FMP_Technicals_CAT_daily,2026-04-24_FMP_Technicals_CAT_daily,,,,,,,entity,Entities,,,,,,,,,,,,,,,,2026-06-01,,,,,,,,,,,,,,
world:entity:2026-04-24-fmp-technicals-cci-daily,Entity,2026-04-24_FMP_Technicals_CCI_daily,2026-04-24_FMP_Technicals_CCI_daily,2026-04-24_FMP_Technicals_CCI_daily,,,,,,,entity,Entities,,,,,,,,,,,,,,,,2026-06-01,,,,,,,,,,,,,,
world:entity:2026-04-24-fmp-technicals-ccj-daily,Entity,2026-04-24_FMP_Technicals_CCJ_daily,2026-04-24_FMP_Technicals_CCJ_daily,2026-04-24_FMP_Technicals_CCJ_daily,,,,,,,entity,Entities,,,,,,,,,,,,,,,,2026-06-01,,,,,,,,,,,,,,
world:entity:2026-04-24-fmp-technicals-ceg-daily,Entity,2026-04-24_FMP_Technicals_CEG_daily,2026-04-24_FMP_Technicals_CEG_daily,2026-04-24_FMP_Technicals_CEG_daily,,,,,,,entity,Entities,,,,,,,,,,,,,,,,2026-06-01,,,,,,,,,,,,,,
world:entity:2026-04-24-fmp-technicals-chtr-daily,Entity,2026-04-24_FMP_Technicals_CHTR_daily,2026-04-24_FMP_Technicals_CHTR_daily,2026-04-24_FMP_Technicals_CHTR_daily,,,,,,,entity,Entities,,,,,,,,,,,,,,,,2026-06-01,,,,,,,,,,,,,,
world:entity:2026-04-24-fmp-technicals-cl-daily,Entity,2026-04-24_FMP_Technicals_CL_daily,2026-04-24_FMP_Technicals_CL_daily,2026-04-24_FMP_Technicals_CL_daily,,,,,,,entity,Entities,,,,,,,,,,,,,,,,2026-06-01,,,,,,,,,,,,,,
world:entity:2026-04-24-fmp-technicals-cmcsa-daily,Entity,2026-04-24_FMP_Technicals_CMCSA_daily,2026-04-24_FMP_Technicals_CMCSA_daily,2026-04-24_FMP_Technicals_CMCSA_daily,,,,,,,entity,Entities,,,,,,,,,,,,,,,,2026-06-01,,,,,,,,,,,,,,
world:entity:2026-04-24-fmp-technicals-cmps-daily,Entity,2026-04-24_FMP_Technicals_CMPS_daily,2026-04-24_FMP_Technicals_CMPS_daily,2026-04-24_FMP_Technicals_CMPS_daily,,,,,,,entity,Entities,,,,,,,,,,,,,,,,2026-06-01,,,,,,,,,,,,,,
world:entity:2026-04-24-fmp-technicals-coin-daily,Entity,2026-04-24_FMP_Technicals_COIN_daily,2026-04-24_FMP_Technicals_COIN_daily,2026-04-24_FMP_Technicals_COIN_daily,,,,,,,entity,Entities,,,,,,,,,,,,,,,,2026-06-01,,,,,,,,,,,,,,
world:entity:2026-04-24-fmp-technicals-cop-daily,Entity,2026-04-24_FMP_Technicals_COP_daily,2026-04-24_FMP_Technicals_COP_daily,2026-04-24_FMP_Technicals_COP_daily,,,,,,,entity,Entities,,,,,,,,,,,,,,,,2026-06-01,,,,,,,,,,,,,,
world:entity:2026-04-24-fmp-technicals-cost-daily,Entity,2026-04-24_FMP_Technicals_COST_daily,2026-04-24_FMP_Technicals_COST_daily,2026-04-24_FMP_Technicals_COST_daily,,,,,,,entity,Entities,,,,,,,,,,,,,,,,2026-06-01,,,,,,,,,,,,,,
world:entity:2026-04-24-fmp-technicals-crm-daily,Entity,2026-04-24_FMP_Technicals_CRM_daily,2026-04-24_FMP_Technicals_CRM_daily,2026-04-24_FMP_Technicals_CRM_daily,,,,,,,entity,Entities,,,,,,,,,,,,,,,,2026-06-01,,,,,,,,,,,,,,
world:entity:2026-04-24-fmp-technicals-crsp-daily,Entity,2026-04-24_FMP_Technicals_CRSP_daily,2026-04-24_FMP_Technicals_CRSP_daily,2026-04-24_FMP_Technicals_CRSP_daily,,,,,,,entity,Entities,,,,,,,,,,,,,,,,2026-06-01,,,,,,,,,,,,,,
world:entity:2026-04-24-fmp-technicals-cvx-daily,Entity,2026-04-24_FMP_Technicals_CVX_daily,2026-04-24_FMP_Technicals_CVX_daily,2026-04-24_FMP_Technicals_CVX_daily,,,,,,,entity,Entities,,,,,,,,,,,,,,,,2026-06-01,,,,,,,,,,,,,,
world:entity:2026-04-24-fmp-technicals-d-daily,Entity,2026-04-24_FMP_Technicals_D_daily,2026-04-24_FMP_Technicals_D_daily,2026-04-24_FMP_Technicals_D_daily,,,,,,,entity,Entities,,,,,,,,,,,,,,,,2026-06-01,,,,,,,,,,,,,,
world:entity:2026-04-24-fmp-technicals-de-daily,Entity,2026-04-24_FMP_Technicals_DE_daily,2026-04-24_FMP_Technicals_DE_daily,2026-04-24_FMP_Technicals_DE_daily,,,,,,,entity,Entities,,,,,,,,,,,,,,,,2026-06-01,,,,,,,,,,,,,,
world:entity:2026-04-24-fmp-technicals-dftx-daily,Entity,2026-04-24_FMP_Technicals_DFTX_daily,2026-04-24_FMP_Technicals_DFTX_daily,2026-04-24_FMP_Technicals_DFTX_daily,,,,,,,entity,Entities,,,,,,,,,,,,,,,,2026-06-01,,,,,,,,,,,,,,
world:entity:2026-04-24-fmp-technicals-dhi-daily,Entity,2026-04-24_FMP_Technicals_DHI_daily,2026-04-24_FMP_Technicals_DHI_daily,2026-04-24_FMP_Technicals_DHI_daily,,,,,,,entity,Entities,,,,,,,,,,,,,,,,2026-06-01,,,,,,,,,,,,,,
world:entity:2026-04-24-fmp-technicals-dhr-daily,Entity,2026-04-24_FMP_Technicals_DHR_daily,2026-04-24_FMP_Technicals_DHR_daily,2026-04-24_FMP_Technicals_DHR_daily,,,,,,,entity,Entities,,,,,,,,,,,,,,,,2026-06-01,,,,,,,,,,,,,,
world:entity:2026-04-24-fmp-technicals-dis-daily,Entity,2026-04-24_FMP_Technicals_DIS_daily,2026-04-24_FMP_Technicals_DIS_daily,2026-04-24_FMP_Technicals_DIS_daily,,,,,,,entity,Entities,,,,,,,,,,,,,,,,2026-06-01,,,,,,,,,,,,,,
world:entity:2026-04-24-fmp-technicals-dlr-daily,Entity,2026-04-24_FMP_Technicals_DLR_daily,2026-04-24_FMP_Technicals_DLR_daily,2026-04-24_FMP_Technicals_DLR_daily,,,,,,,entity,Entities,,,,,,,,,,,,,,,,2026-06-01,,,,,,,,,,,,,,
world:entity:2026-04-24-fmp-technicals-dpro-daily,Entity,2026-04-24_FMP_Technicals_DPRO_daily,2026-04-24_FMP_Technicals_DPRO_daily,2026-04-24_FMP_Technicals_DPRO_daily,,,,,,,entity,Entities,,,,,,,,,,,,,,,,2026-06-01,,,,,,,,,,,,,,
world:entity:2026-04-24-fmp-technicals-duk-daily,Entity,2026-04-24_FMP_Technicals_DUK_daily,2026-04-24_FMP_Technicals_DUK_daily,2026-04-24_FMP_Technicals_DUK_daily,,,,,,,entity,Entities,,,,,,,,,,,,,,,,2026-06-01,,,,,,,,,,,,,,
world:entity:2026-04-24-fmp-technicals-dvn-daily,Entity,2026-04-24_FMP_Technicals_DVN_daily,2026-04-24_FMP_Technicals_DVN_daily,2026-04-24_FMP_Technicals_DVN_daily,,,,,,,entity,Entities,,,,,,,,,,,,,,,,2026-06-01,,,,,,,,,,,,,,
world:entity:2026-04-24-fmp-technicals-ea-daily,Entity,2026-04-24_FMP_Technicals_EA_daily,2026-04-24_FMP_Technicals_EA_daily,2026-04-24_FMP_Technicals_EA_daily,,,,,,,entity,Entities,,,,,,,,,,,,,,,,2026-06-01,,,,,,,,,,,,,,
world:entity:2026-04-24-fmp-technicals-ecl-daily,Entity,2026-04-24_FMP_Technicals_ECL_daily,2026-04-24_FMP_Technicals_ECL_daily,2026-04-24_FMP_Technicals_ECL_daily,,,,,,,entity,Entities,,,,,,,,,,,,,,,,2026-06-01,,,,,,,,,,,,,,
world:entity:2026-04-24-fmp-technicals-edit-daily,Entity,2026-04-24_FMP_Technicals_EDIT_daily,2026-04-24_FMP_Technicals_EDIT_daily,2026-04-24_FMP_Technicals_EDIT_daily,,,,,,,entity,Entities,,,,,,,,,,,,,,,,2026-06-01,,,,,,,,,,,,,,
world:entity:2026-04-24-fmp-technicals-eh-daily,Entity,2026-04-24_FMP_Technicals_EH_daily,2026-04-24_FMP_Technicals_EH_daily,2026-04-24_FMP_Technicals_EH_daily,,,,,,,entity,Entities,,,,,,,,,,,,,,,,2026-06-01,,,,,,,,,,,,,,
world:entity:2026-04-24-fmp-technicals-envx-daily,Entity,2026-04-24_FMP_Technicals_ENVX_daily,2026-04-24_FMP_Technicals_ENVX_daily,2026-04-24_FMP_Technicals_ENVX_daily,,,,,,,entity,Entities,,,,,,,,,,,,,,,,2026-06-01,,,,,,,,,,,,,,
world:entity:2026-04-24-fmp-technicals-eog-daily,Entity,2026-04-24_FMP_Technicals_EOG_daily,2026-04-24_FMP_Technicals_EOG_daily,2026-04-24_FMP_Technicals_EOG_daily,,,,,,,entity,Entities,,,,,,,,,,,,,,,,2026-06-01,,,,,,,,,,,,,,
world:entity:2026-04-24-fmp-technicals-eqix-daily,Entity,2026-04-24_FMP_Technicals_EQIX_daily,2026-04-24_FMP_Technicals_EQIX_daily,2026-04-24_FMP_Technicals_EQIX_daily,,,,,,,entity,Entities,,,,,,,,,,,,,,,,2026-06-01,,,,,,,,,,,,,,
world:entity:2026-04-24-fmp-technicals-eslt-daily,Entity,2026-04-24_FMP_Technicals_ESLT_daily,2026-04-24_FMP_Technicals_ESLT_daily,2026-04-24_FMP_Technicals_ESLT_daily,,,,,,,entity,Entities,,,,,,,,,,,,,,,,2026-06-01,,,,,,,,,,,,,,
world:entity:2026-04-24-fmp-technicals-etn-daily,Entity,2026-04-24_FMP_Technicals_ETN_daily,2026-04-24_FMP_Technicals_ETN_daily,2026-04-24_FMP_Technicals_ETN_daily,,,,,,,entity,Entities,,,,,,,,,,,,,,,,2026-06-01,,,,,,,,,,,,,,
world:entity:2026-04-24-fmp-technicals-evtl-daily,Entity,2026-04-24_FMP_Technicals_EVTL_daily,2026-04-24_FMP_Technicals_EVTL_daily,2026-04-24_FMP_Technicals_EVTL_daily,,,,,,,entity,Entities,,,,,,,,,,,,,,,,2026-06-01,,,,,,,,,,,,,,
world:entity:2026-04-24-fmp-technicals-exc-daily,Entity,2026-04-24_FMP_Technicals_EXC_daily,2026-04-24_FMP_Technicals_EXC_daily,2026-04-24_FMP_Technicals_EXC_daily,,,,,,,entity,Entities,,,,,,,,,,,,,,,,2026-06-01,,,,,,,,,,,,,,
world:entity:2026-04-24-fmp-technicals-fcx-daily,Entity,2026-04-24_FMP_Technicals_FCX_daily,2026-04-24_FMP_Technicals_FCX_daily,2026-04-24_FMP_Technicals_FCX_daily,,,,,,,entity,Entities,,,,,,,,,,,,,,,,2026-06-01,,,,,,,,,,,,,,
world:entity:2026-04-24-fmp-technicals-flnc-daily,Entity,2026-04-24_FMP_Technicals_FLNC_daily,2026-04-24_FMP_Technicals_FLNC_daily,2026-04-24_FMP_Technicals_FLNC_daily,,,,,,,entity,Entities,,,,,,,,,,,,,,,,2026-06-01,,,,,,,,,,,,,,
world:entity:2026-04-24-fmp-technicals-gd-daily,Entity,2026-04-24_FMP_Technicals_GD_daily,2026-04-24_FMP_Technicals_GD_daily,2026-04-24_FMP_Technicals_GD_daily,,,,,,,entity,Entities,,,,,,,,,,,,,,,,2026-06-01,,,,,,,,,,,,,,
world:entity:2026-04-24-fmp-technicals-ge-daily,Entity,2026-04-24_FMP_Technicals_GE_daily,2026-04-24_FMP_Technicals_GE_daily,2026-04-24_FMP_Technicals_GE_daily,,,,,,,entity,Entities,,,,,,,,,,,,,,,,2026-06-01,,,,,,,,,,,,,,
world:entity:2026-04-24-fmp-technicals-gev-daily,Entity,2026-04-24_FMP_Technicals_GEV_daily,2026-04-24_FMP_Technicals_GEV_daily,2026-04-24_FMP_Technicals_GEV_daily,,,,,,,entity,Entities,,,,,,,,,,,,,,,,2026-06-01,,,,,,,,,,,,,,
world:entity:2026-04-24-fmp-technicals-ghrs-daily,Entity,2026-04-24_FMP_Technicals_GHRS_daily,2026-04-24_FMP_Technicals_GHRS_daily,2026-04-24_FMP_Technicals_GHRS_daily,,,,,,,entity,Entities,,,,,,,,,,,,,,,,2026-06-01,,,,,,,,,,,,,,
world:entity:2026-04-24-fmp-technicals-gis-daily,Entity,2026-04-24_FMP_Technicals_GIS_daily,2026-04-24_FMP_Technicals_GIS_daily,2026-04-24_FMP_Technicals_GIS_daily,,,,,,,entity,Entities,,,,,,,,,,,,,,,,2026-06-01,,,,,,,,,,,,,,
world:entity:2026-04-24-fmp-technicals-gold-daily,Entity,2026-04-24_FMP_Technicals_GOLD_daily,2026-04-24_FMP_Technicals_GOLD_daily,2026-04-24_FMP_Technicals_GOLD_daily,,,,,,,entity,Entities,,,,,,,,,,,,,,,,2026-06-01,,,,,,,,,,,,,,
world:entity:2026-04-24-fmp-technicals-googl-daily,Entity,2026-04-24_FMP_Technicals_GOOGL_daily,2026-04-24_FMP_Technicals_GOOGL_daily,2026-04-24_FMP_Technicals_GOOGL_daily,,,,,,,entity,Entities,,,,,,,,,,,,,,,,2026-06-01,,,,,,,,,,,,,,
world:entity:2026-04-24-fmp-technicals-gs-daily,Entity,2026-04-24_FMP_Technicals_GS_daily,2026-04-24_FMP_Technicals_GS_daily,2026-04-24_FMP_Technicals_GS_daily,,,,,,,entity,Entities,,,,,,,,,,,,,,,,2026-06-01,,,,,,,,,,,,,,
world:entity:2026-04-24-fmp-technicals-hal-daily,Entity,2026-04-24_FMP_Technicals_HAL_daily,2026-04-24_FMP_Technicals_HAL_daily,2026-04-24_FMP_Technicals_HAL_daily,,,,,,,entity,Entities,,,,,,,,,,,,,,,,2026-06-01,,,,,,,,,,,,,,
world:entity:2026-04-24-fmp-technicals-hd-daily,Entity,2026-04-24_FMP_Technicals_HD_daily,2026-04-24_FMP_Technicals_HD_daily,2026-04-24_FMP_Technicals_HD_daily,,,,,,,entity,Entities,,,,,,,,,,,,,,,,2026-06-01,,,,,,,,,,,,,,
world:entity:2026-04-24-fmp-technicals-help-daily,Entity,2026-04-24_FMP_Technicals_HELP_daily,2026-04-24_FMP_Technicals_HELP_daily,2026-04-24_FMP_Technicals_HELP_daily,,,,,,,entity,Entities,,,,,,,,,,,,,,,,2026-06-01,,,,,,,,,,,,,,
world:entity:2026-04-24-fmp-technicals-hii-daily,Entity,2026-04-24_FMP_Technicals_HII_daily,2026-04-24_FMP_Technicals_HII_daily,2026-04-24_FMP_Technicals_HII_daily,,,,,,,entity,Entities,,,,,,,,,,,,,,,,2026-06-01,,,,,,,,,,,,,,
world:entity:2026-04-24-fmp-technicals-hims-daily,Entity,2026-04-24_FMP_Technicals_HIMS_daily,2026-04-24_FMP_Technicals_HIMS_daily,2026-04-24_FMP_Technicals_HIMS_daily,,,,,,,entity,Entities,,,,,,,,,,,,,,,,2026-06-01,,,,,,,,,,,,,,
world:entity:2026-04-24-fmp-technicals-hon-daily,Entity,2026-04-24_FMP_Technicals_HON_daily,2026-04-24_FMP_Technicals_HON_daily,2026-04-24_FMP_Technicals_HON_daily,,,,,,,entity,Entities,,,,,,,,,,,,,,,,2026-06-01,,,,,,,,,,,,,,
world:entity:2026-04-24-fmp-technicals-hovr-daily,Entity,2026-04-24_FMP_Technicals_HOVR_daily,2026-04-24_FMP_Technicals_HOVR_daily,2026-04-24_FMP_Technicals_HOVR_daily,,,,,,,entity,Entities,,,,,,,,,,,,,,,,2026-06-01,,,,,,,,,,,,,,
world:entity:2026-04-24-fmp-technicals-inva-daily,Entity,2026-04-24_FMP_Technicals_INVA_daily,2026-04-24_FMP_Technicals_INVA_daily,2026-04-24_FMP_Technicals_INVA_daily,,,,,,,entity,Entities,,,,,,,,,,,,,,,,2026-06-01,,,,,,,,,,,,,,
world:entity:2026-04-24-fmp-technicals-ionq-daily,Entity,2026-04-24_FMP_Technicals_IONQ_daily,2026-04-24_FMP_Technicals_IONQ_daily,2026-04-24_FMP_Technicals_IONQ_daily,,,,,,,entity,Entities,,,,,,,,,,,,,,,,2026-06-01,,,,,,,,,,,,,,
world:entity:2026-04-24-fmp-technicals-isrg-daily,Entity,2026-04-24_FMP_Technicals_ISRG_daily,2026-04-24_FMP_Technicals_ISRG_daily,2026-04-24_FMP_Technicals_ISRG_daily,,,,,,,entity,Entities,,,,,,,,,,,,,,,,2026-06-01,,,,,,,,,,,,,,
world:entity:2026-04-24-fmp-technicals-jnj-daily,Entity,2026-04-24_FMP_Technicals_JNJ_daily,2026-04-24_FMP_Technicals_JNJ_daily,2026-04-24_FMP_Technicals_JNJ_daily,,,,,,,entity,Entities,,,,,,,,,,,,,,,,2026-06-01,,,,,,,,,,,,,,
world:entity:2026-04-24-fmp-technicals-joby-daily,Entity,2026-04-24_FMP_Technicals_JOBY_daily,2026-04-24_FMP_Technicals_JOBY_daily,2026-04-24_FMP_Technicals_JOBY_daily,,,,,,,entity,Entities,,,,,,,,,,,,,,,,2026-06-01,,,,,,,,,,,,,,
world:entity:2026-04-24-fmp-technicals-jpm-daily,Entity,2026-04-24_FMP_Technicals_JPM_daily,2026-04-24_FMP_Technicals_JPM_daily,2026-04-24_FMP_Technicals_JPM_daily,,,,,,,entity,Entities,,,,,,,,,,,,,,,,2026-06-01,,,,,,,,,,,,,,
world:entity:2026-04-24-fmp-technicals-klac-daily,Entity,2026-04-24_FMP_Technicals_KLAC_daily,2026-04-24_FMP_Technicals_KLAC_daily,2026-04-24_FMP_Technicals_KLAC_daily,,,,,,,entity,Entities,,,,,,,,,,,,,,,,2026-06-01,,,,,,,,,,,,,,
world:entity:2026-04-24-fmp-technicals-kmb-daily,Entity,2026-04-24_FMP_Technicals_KMB_daily,2026-04-24_FMP_Technicals_KMB_daily,2026-04-24_FMP_Technicals_KMB_daily,,,,,,,entity,Entities,,,,,,,,,,,,,,,,2026-06-01,,,,,,,,,,,,,,
world:entity:2026-04-24-fmp-technicals-ko-daily,Entity,2026-04-24_FMP_Technicals_KO_daily,2026-04-24_FMP_Technicals_KO_daily,2026-04-24_FMP_Technicals_KO_daily,,,,,,,entity,Entities,,,,,,,,,,,,,,,,2026-06-01,,,,,,,,,,,,,,
world:entity:2026-04-24-fmp-technicals-ktos-daily,Entity,2026-04-24_FMP_Technicals_KTOS_daily,2026-04-24_FMP_Technicals_KTOS_daily,2026-04-24_FMP_Technicals_KTOS_daily,,,,,,,entity,Entities,,,,,,,,,,,,,,,,2026-06-01,,,,,,,,,,,,,,
world:entity:2026-04-24-fmp-technicals-ldos-daily,Entity,2026-04-24_FMP_Technicals_LDOS_daily,2026-04-24_FMP_Technicals_LDOS_daily,2026-04-24_FMP_Technicals_LDOS_daily,,,,,,,entity,Entities,,,,,,,,,,,,,,,,2026-06-01,,,,,,,,,,,,,,
world:entity:2026-04-24-fmp-technicals-len-daily,Entity,2026-04-24_FMP_Technicals_LEN_daily,2026-04-24_FMP_Technicals_LEN_daily,2026-04-24_FMP_Technicals_LEN_daily,,,,,,,entity,Entities,,,,,,,,,,,,,,,,2026-06-01,,,,,,,,,,,,,,
world:entity:2026-04-24-fmp-technicals-lhx-daily,Entity,2026-04-24_FMP_Technicals_LHX_daily,2026-04-24_FMP_Technicals_LHX_daily,2026-04-24_FMP_Technicals_LHX_daily,,,,,,,entity,Entities,,,,,,,,,,,,,,,,2026-06-01,,,,,,,,,,,,,,
world:entity:2026-04-24-fmp-technicals-lin-daily,Entity,2026-04-24_FMP_Technicals_LIN_daily,2026-04-24_FMP_Technicals_LIN_daily,2026-04-24_FMP_Technicals_LIN_daily,,,,,,,entity,Entities,,,,,,,,,,,,,,,,2026-06-01,,,,,,,,,,,,,,
world:entity:2026-04-24-fmp-technicals-lly-daily,Entity,2026-04-24_FMP_Technicals_LLY_daily,2026-04-24_FMP_Technicals_LLY_daily,2026-04-24_FMP_Technicals_LLY_daily,,,,,,,entity,Entities,,,,,,,,,,,,,,,,2026-06-01,,,,,,,,,,,,,,
world:entity:2026-04-24-fmp-technicals-lmt-daily,Entity,2026-04-24_FMP_Technicals_LMT_daily,2026-04-24_FMP_Technicals_LMT_daily,2026-04-24_FMP_Technicals_LMT_daily,,,,,,,entity,Entities,,,,,,,,,,,,,,,,2026-06-01,,,,,,,,,,,,,,
world:entity:2026-04-24-fmp-technicals-low-daily,Entity,2026-04-24_FMP_Technicals_LOW_daily,2026-04-24_FMP_Technicals_LOW_daily,2026-04-24_FMP_Technicals_LOW_daily,,,,,,,entity,Entities,,,,,,,,,,,,,,,,2026-06-01,,,,,,,,,,,,,,
world:entity:2026-04-24-fmp-technicals-lrcx-daily,Entity,2026-04-24_FMP_Technicals_LRCX_daily,2026-04-24_FMP_Technicals_LRCX_daily,2026-04-24_FMP_Technicals_LRCX_daily,,,,,,,entity,Entities,,,,,,,,,,,,,,,,2026-06-01,,,,,,,,,,,,,,
world:entity:2026-04-24-fmp-technicals-ma-daily,Entity,2026-04-24_FMP_Technicals_MA_daily,2026-04-24_FMP_Technicals_MA_daily,2026-04-24_FMP_Technicals_MA_daily,,,,,,,entity,Entities,,,,,,,,,,,,,,,,2026-06-01,,,,,,,,,,,,,,
world:entity:2026-04-24-fmp-technicals-mcd-daily,Entity,2026-04-24_FMP_Technicals_MCD_daily,2026-04-24_FMP_Technicals_MCD_daily,2026-04-24_FMP_Technicals_MCD_daily,,,,,,,entity,Entities,,,,,,,,,,,,,,,,2026-06-01,,,,,,,,,,,,,,
world:entity:2026-04-24-fmp-technicals-meta-daily,Entity,2026-04-24_FMP_Technicals_META_daily,2026-04-24_FMP_Technicals_META_daily,2026-04-24_FMP_Technicals_META_daily,,,,,,,entity,Entities,,,,,,,,,,,,,,,,2026-06-01,,,,,,,,,,,,,,
world:entity:2026-04-24-fmp-technicals-mmm-daily,Entity,2026-04-24_FMP_Technicals_MMM_daily,2026-04-24_FMP_Technicals_MMM_daily,2026-04-24_FMP_Technicals_MMM_daily,,,,,,,entity,Entities,,,,,,,,,,,,,,,,2026-06-01,,,,,,,,,,,,,,
world:entity:2026-04-24-fmp-technicals-mnts-daily,Entity,2026-04-24_FMP_Technicals_MNTS_daily,2026-04-24_FMP_Technicals_MNTS_daily,2026-04-24_FMP_Technicals_MNTS_daily,,,,,,,entity,Entities,,,,,,,,,,,,,,,,2026-06-01,,,,,,,,,,,,,,
world:entity:2026-04-24-fmp-technicals-mo-daily,Entity,2026-04-24_FMP_Technicals_MO_daily,2026-04-24_FMP_Technicals_MO_daily,2026-04-24_FMP_Technicals_MO_daily,,,,,,,entity,Entities,,,,,,,,,,,,,,,,2026-06-01,,,,,,,,,,,,,,
world:entity:2026-04-24-fmp-technicals-mos-daily,Entity,2026-04-24_FMP_Technicals_MOS_daily,2026-04-24_FMP_Technicals_MOS_daily,2026-04-24_FMP_Technicals_MOS_daily,,,,,,,entity,Entities,,,,,,,,,,,,,,,,2026-06-01,,,,,,,,,,,,,,
world:entity:2026-04-24-fmp-technicals-mpc-daily,Entity,2026-04-24_FMP_Technicals_MPC_daily,2026-04-24_FMP_Technicals_MPC_daily,2026-04-24_FMP_Technicals_MPC_daily,,,,,,,entity,Entities,,,,,,,,,,,,,,,,2026-06-01,,,,,,,,,,,,,,
world:entity:2026-04-24-fmp-technicals-mrk-daily,Entity,2026-04-24_FMP_Technicals_MRK_daily,2026-04-24_FMP_Technicals_MRK_daily,2026-04-24_FMP_Technicals_MRK_daily,,,,,,,entity,Entities,,,,,,,,,,,,,,,,2026-06-01,,,,,,,,,,,,,,
world:entity:2026-04-24-fmp-technicals-ms-daily,Entity,2026-04-24_FMP_Technicals_MS_daily,2026-04-24_FMP_Technicals_MS_daily,2026-04-24_FMP_Technicals_MS_daily,,,,,,,entity,Entities,,,,,,,,,,,,,,,,2026-06-01,,,,,,,,,,,,,,
world:entity:2026-04-24-fmp-technicals-msft-daily,Entity,2026-04-24_FMP_Technicals_MSFT_daily,2026-04-24_FMP_Technicals_MSFT_daily,2026-04-24_FMP_Technicals_MSFT_daily,,,,,,,entity,Entities,,,,,,,,,,,,,,,,2026-06-01,,,,,,,,,,,,,,
world:entity:2026-04-24-fmp-technicals-mstr-daily,Entity,2026-04-24_FMP_Technicals_MSTR_daily,2026-04-24_FMP_Technicals_MSTR_daily,2026-04-24_FMP_Technicals_MSTR_daily,,,,,,,entity,Entities,,,,,,,,,,,,,,,,2026-06-01,,,,,,,,,,,,,,
world:entity:2026-04-24-fmp-technicals-nbix-daily,Entity,2026-04-24_FMP_Technicals_NBIX_daily,2026-04-24_FMP_Technicals_NBIX_daily,2026-04-24_FMP_Technicals_NBIX_daily,,,,,,,entity,Entities,,,,,,,,,,,,,,,,2026-06-01,,,,,,,,,,,,,,
world:entity:2026-04-24-fmp-technicals-nee-daily,Entity,2026-04-24_FMP_Technicals_NEE_daily,2026-04-24_FMP_Technicals_NEE_daily,2026-04-24_FMP_Technicals_NEE_daily,,,,,,,entity,Entities,,,,,,,,,,,,,,,,2026-06-01,,,,,,,,,,,,,,
world:entity:2026-04-24-fmp-technicals-nem-daily,Entity,2026-04-24_FMP_Technicals_NEM_daily,2026-04-24_FMP_Technicals_NEM_daily,2026-04-24_FMP_Technicals_NEM_daily,,,,,,,entity,Entities,,,,,,,,,,,,,,,,2026-06-01,,,,,,,,,,,,,,
world:entity:2026-04-24-fmp-technicals-nflx-daily,Entity,2026-04-24_FMP_Technicals_NFLX_daily,2026-04-24_FMP_Technicals_NFLX_daily,2026-04-24_FMP_Technicals_NFLX_daily,,,,,,,entity,Entities,,,,,,,,,,,,,,,,2026-06-01,,,,,,,,,,,,,,
world:entity:2026-04-24-fmp-technicals-nke-daily,Entity,2026-04-24_FMP_Technicals_NKE_daily,2026-04-24_FMP_Technicals_NKE_daily,2026-04-24_FMP_Technicals_NKE_daily,,,,,,,entity,Entities,,,,,,,,,,,,,,,,2026-06-01,,,,,,,,,,,,,,
world:entity:2026-04-24-fmp-technicals-nne-daily,Entity,2026-04-24_FMP_Technicals_NNE_daily,2026-04-24_FMP_Technicals_NNE_daily,2026-04-24_FMP_Technicals_NNE_daily,,,,,,,entity,Entities,,,,,,,,,,,,,,,,2026-06-01,,,,,,,,,,,,,,
world:entity:2026-04-24-fmp-technicals-noc-daily,Entity,2026-04-24_FMP_Technicals_NOC_daily,2026-04-24_FMP_Technicals_NOC_daily,2026-04-24_FMP_Technicals_NOC_daily,,,,,,,entity,Entities,,,,,,,,,,,,,,,,2026-06-01,,,,,,,,,,,,,,
world:entity:2026-04-24-fmp-technicals-nrg-daily,Entity,2026-04-24_FMP_Technicals_NRG_daily,2026-04-24_FMP_Technicals_NRG_daily,2026-04-24_FMP_Technicals_NRG_daily,,,,,,,entity,Entities,,,,,,,,,,,,,,,,2026-06-01,,,,,,,,,,,,,,
world:entity:2026-04-24-fmp-technicals-ntla-daily,Entity,2026-04-24_FMP_Technicals_NTLA_daily,2026-04-24_FMP_Technicals_NTLA_daily,2026-04-24_FMP_Technicals_NTLA_daily,,,,,,,entity,Entities,,,,,,,,,,,,,,,,2026-06-01,,,,,,,,,,,,,,
world:entity:2026-04-24-fmp-technicals-nue-daily,Entity,2026-04-24_FMP_Technicals_NUE_daily,2026-04-24_FMP_Technicals_NUE_daily,2026-04-24_FMP_Technicals_NUE_daily,,,,,,,entity,Entities,,,,,,,,,,,,,,,,2026-06-01,,,,,,,,,,,,,,
world:entity:2026-04-24-fmp-technicals-nvda-daily,Entity,2026-04-24_FMP_Technicals_NVDA_daily,2026-04-24_FMP_Technicals_NVDA_daily,2026-04-24_FMP_Technicals_NVDA_daily,,,,,,,entity,Entities,,,,,,,,,,,,,,,,2026-06-01,,,,,,,,,,,,,,
world:entity:2026-04-24-fmp-technicals-nvr-daily,Entity,2026-04-24_FMP_Technicals_NVR_daily,2026-04-24_FMP_Technicals_NVR_daily,2026-04-24_FMP_Technicals_NVR_daily,,,,,,,entity,Entities,,,,,,,,,,,,,,,,2026-06-01,,,,,,,,,,,,,,
world:entity:2026-04-24-fmp-technicals-o-daily,Entity,2026-04-24_FMP_Technicals_O_daily,2026-04-24_FMP_Technicals_O_daily,2026-04-24_FMP_Technicals_O_daily,,,,,,,entity,Entities,,,,,,,,,,,,,,,,2026-06-01,,,,,,,,,,,,,,
world:entity:2026-04-24-fmp-technicals-oklo-daily,Entity,2026-04-24_FMP_Technicals_OKLO_daily,2026-04-24_FMP_Technicals_OKLO_daily,2026-04-24_FMP_Technicals_OKLO_daily,,,,,,,entity,Entities,,,,,,,,,,,,,,,,2026-06-01,,,,,,,,,,,,,,
world:entity:2026-04-24-fmp-technicals-on-daily,Entity,2026-04-24_FMP_Technicals_ON_daily,2026-04-24_FMP_Technicals_ON_daily,2026-04-24_FMP_Technicals_ON_daily,,,,,,,entity,Entities,,,,,,,,,,,,,,,,2026-06-01,,,,,,,,,,,,,,
world:entity:2026-04-24-fmp-technicals-onds-daily,Entity,2026-04-24_FMP_Technicals_ONDS_daily,2026-04-24_FMP_Technicals_ONDS_daily,2026-04-24_FMP_Technicals_ONDS_daily,,,,,,,entity,Entities,,,,,,,,,,,,,,,,2026-06-01,,,,,,,,,,,,,,
world:entity:2026-04-24-fmp-technicals-onto-daily,Entity,2026-04-24_FMP_Technicals_ONTO_daily,2026-04-24_FMP_Technicals_ONTO_daily,2026-04-24_FMP_Technicals_ONTO_daily,,,,,,,entity,Entities,,,,,,,,,,,,,,,,2026-06-01,,,,,,,,,,,,,,
world:entity:2026-04-24-fmp-technicals-orcl-daily,Entity,2026-04-24_FMP_Technicals_ORCL_daily,2026-04-24_FMP_Technicals_ORCL_daily,2026-04-24_FMP_Technicals_ORCL_daily,,,,,,,entity,Entities,,,,,,,,,,,,,,,,2026-06-01,,,,,,,,,,,,,,
world:entity:2026-04-24-fmp-technicals-oxy-daily,Entity,2026-04-24_FMP_Technicals_OXY_daily,2026-04-24_FMP_Technicals_OXY_daily,2026-04-24_FMP_Technicals_OXY_daily,,,,,,,entity,Entities,,,,,,,,,,,,,,,,2026-06-01,,,,,,,,,,,,,,
world:entity:2026-04-24-fmp-technicals-pep-daily,Entity,2026-04-24_FMP_Technicals_PEP_daily,2026-04-24_FMP_Technicals_PEP_daily,2026-04-24_FMP_Technicals_PEP_daily,,,,,,,entity,Entities,,,,,,,,,,,,,,,,2026-06-01,,,,,,,,,,,,,,
world:entity:2026-04-24-fmp-technicals-pfe-daily,Entity,2026-04-24_FMP_Technicals_PFE_daily,2026-04-24_FMP_Technicals_PFE_daily,2026-04-24_FMP_Technicals_PFE_daily,,,,,,,entity,Entities,,,,,,,,,,,,,,,,2026-06-01,,,,,,,,,,,,,,
world:entity:2026-04-24-fmp-technicals-pg-daily,Entity,2026-04-24_FMP_Technicals_PG_daily,2026-04-24_FMP_Technicals_PG_daily,2026-04-24_FMP_Technicals_PG_daily,,,,,,,entity,Entities,,,,,,,,,,,,,,,,2026-06-01,,,,,,,,,,,,,,
world:entity:2026-04-24-fmp-technicals-pl-daily,Entity,2026-04-24_FMP_Technicals_PL_daily,2026-04-24_FMP_Technicals_PL_daily,2026-04-24_FMP_Technicals_PL_daily,,,,,,,entity,Entities,,,,,,,,,,,,,,,,2026-06-01,,,,,,,,,,,,,,
world:entity:2026-04-24-fmp-technicals-pld-daily,Entity,2026-04-24_FMP_Technicals_PLD_daily,2026-04-24_FMP_Technicals_PLD_daily,2026-04-24_FMP_Technicals_PLD_daily,,,,,,,entity,Entities,,,,,,,,,,,,,,,,2026-06-01,,,,,,,,,,,,,,
world:entity:2026-04-24-fmp-technicals-pltr-daily,Entity,2026-04-24_FMP_Technicals_PLTR_daily,2026-04-24_FMP_Technicals_PLTR_daily,2026-04-24_FMP_Technicals_PLTR_daily,,,,,,,entity,Entities,,,,,,,,,,,,,,,,2026-06-01,,,,,,,,,,,,,,
world:entity:2026-04-24-fmp-technicals-pm-daily,Entity,2026-04-24_FMP_Technicals_PM_daily,2026-04-24_FMP_Technicals_PM_daily,2026-04-24_FMP_Technicals_PM_daily,,,,,,,entity,Entities,,,,,,,,,,,,,,,,2026-06-01,,,,,,,,,,,,,,
world:entity:2026-04-24-fmp-technicals-ppg-daily,Entity,2026-04-24_FMP_Technicals_PPG_daily,2026-04-24_FMP_Technicals_PPG_daily,2026-04-24_FMP_Technicals_PPG_daily,,,,,,,entity,Entities,,,,,,,,,,,,,,,,2026-06-01,,,,,,,,,,,,,,
world:entity:2026-04-24-fmp-technicals-prta-daily,Entity,2026-04-24_FMP_Technicals_PRTA_daily,2026-04-24_FMP_Technicals_PRTA_daily,2026-04-24_FMP_Technicals_PRTA_daily,,,,,,,entity,Entities,,,,,,,,,,,,,,,,2026-06-01,,,,,,,,,,,,,,
world:entity:2026-04-24-fmp-technicals-psa-daily,Entity,2026-04-24_FMP_Technicals_PSA_daily,2026-04-24_FMP_Technicals_PSA_daily,2026-04-24_FMP_Technicals_PSA_daily,,,,,,,entity,Entities,,,,,,,,,,,,,,,,2026-06-01,,,,,,,,,,,,,,
world:entity:2026-04-24-fmp-technicals-psil-daily,Entity,2026-04-24_FMP_Technicals_PSIL_daily,2026-04-24_FMP_Technicals_PSIL_daily,2026-04-24_FMP_Technicals_PSIL_daily,,,,,,,entity,Entities,,,,,,,,,,,,,,,,2026-06-01,,,,,,,,,,,,,,
world:entity:2026-04-24-fmp-technicals-psx-daily,Entity,2026-04-24_FMP_Technicals_PSX_daily,2026-04-24_FMP_Technicals_PSX_daily,2026-04-24_FMP_Technicals_PSX_daily,,,,,,,entity,Entities,,,,,,,,,,,,,,,,2026-06-01,,,,,,,,,,,,,,
world:entity:2026-04-24-fmp-technicals-qcom-daily,Entity,2026-04-24_FMP_Technicals_QCOM_daily,2026-04-24_FMP_Technicals_QCOM_daily,2026-04-24_FMP_Technicals_QCOM_daily,,,,,,,entity,Entities,,,,,,,,,,,,,,,,2026-06-01,,,,,,,,,,,,,,
world:entity:2026-04-24-fmp-technicals-qubt-daily,Entity,2026-04-24_FMP_Technicals_QUBT_daily,2026-04-24_FMP_Technicals_QUBT_daily,2026-04-24_FMP_Technicals_QUBT_daily,,,,,,,entity,Entities,,,,,,,,,,,,,,,,2026-06-01,,,,,,,,,,,,,,
world:entity:2026-04-24-fmp-technicals-rcat-daily,Entity,2026-04-24_FMP_Technicals_RCAT_daily,2026-04-24_FMP_Technicals_RCAT_daily,2026-04-24_FMP_Technicals_RCAT_daily,,,,,,,entity,Entities,,,,,,,,,,,,,,,,2026-06-01,,,,,,,,,,,,,,
world:entity:2026-04-24-fmp-technicals-rgti-daily,Entity,2026-04-24_FMP_Technicals_RGTI_daily,2026-04-24_FMP_Technicals_RGTI_daily,2026-04-24_FMP_Technicals_RGTI_daily,,,,,,,entity,Entities,,,,,,,,,,,,,,,,2026-06-01,,,,,,,,,,,,,,
world:entity:2026-04-24-fmp-technicals-rklb-daily,Entity,2026-04-24_FMP_Technicals_RKLB_daily,2026-04-24_FMP_Technicals_RKLB_daily,2026-04-24_FMP_Technicals_RKLB_daily,,,,,,,entity,Entities,,,,,,,,,,,,,,,,2026-06-01,,,,,,,,,,,,,,
world:entity:2026-04-24-fmp-technicals-rprx-daily,Entity,2026-04-24_FMP_Technicals_RPRX_daily,2026-04-24_FMP_Technicals_RPRX_daily,2026-04-24_FMP_Technicals_RPRX_daily,,,,,,,entity,Entities,,,,,,,,,,,,,,,,2026-06-01,,,,,,,,,,,,,,
world:entity:2026-04-24-fmp-technicals-rtx-daily,Entity,2026-04-24_FMP_Technicals_RTX_daily,2026-04-24_FMP_Technicals_RTX_daily,2026-04-24_FMP_Technicals_RTX_daily,,,,,,,entity,Entities,,,,,,,,,,,,,,,,2026-06-01,,,,,,,,,,,,,,
world:entity:2026-04-24-fmp-technicals-saic-daily,Entity,2026-04-24_FMP_Technicals_SAIC_daily,2026-04-24_FMP_Technicals_SAIC_daily,2026-04-24_FMP_Technicals_SAIC_daily,,,,,,,entity,Entities,,,,,,,,,,,,,,,,2026-06-01,,,,,,,,,,,,,,
world:entity:2026-04-24-fmp-technicals-sbux-daily,Entity,2026-04-24_FMP_Technicals_SBUX_daily,2026-04-24_FMP_Technicals_SBUX_daily,2026-04-24_FMP_Technicals_SBUX_daily,,,,,,,entity,Entities,,,,,,,,,,,,,,,,2026-06-01,,,,,,,,,,,,,,
world:entity:2026-04-24-fmp-technicals-shw-daily,Entity,2026-04-24_FMP_Technicals_SHW_daily,2026-04-24_FMP_Technicals_SHW_daily,2026-04-24_FMP_Technicals_SHW_daily,,,,,,,entity,Entities,,,,,,,,,,,,,,,,2026-06-01,,,,,,,,,,,,,,
world:entity:2026-04-24-fmp-technicals-sky-daily,Entity,2026-04-24_FMP_Technicals_SKY_daily,2026-04-24_FMP_Technicals_SKY_daily,2026-04-24_FMP_Technicals_SKY_daily,,,,,,,entity,Entities,,,,,,,,,,,,,,,,2026-06-01,,,,,,,,,,,,,,
world:entity:2026-04-24-fmp-technicals-slb-daily,Entity,2026-04-24_FMP_Technicals_SLB_daily,2026-04-24_FMP_Technicals_SLB_daily,2026-04-24_FMP_Technicals_SLB_daily,,,,,,,entity,Entities,,,,,,,,,,,,,,,,2026-06-01,,,,,,,,,,,,,,
world:entity:2026-04-24-fmp-technicals-smr-daily,Entity,2026-04-24_FMP_Technicals_SMR_daily,2026-04-24_FMP_Technicals_SMR_daily,2026-04-24_FMP_Technicals_SMR_daily,,,,,,,entity,Entities,,,,,,,,,,,,,,,,2026-06-01,,,,,,,,,,,,,,
world:entity:2026-04-24-fmp-technicals-so-daily,Entity,2026-04-24_FMP_Technicals_SO_daily,2026-04-24_FMP_Technicals_SO_daily,2026-04-24_FMP_Technicals_SO_daily,,,,,,,entity,Entities,,,,,,,,,,,,,,,,2026-06-01,,,,,,,,,,,,,,
world:entity:2026-04-24-fmp-technicals-spg-daily,Entity,2026-04-24_FMP_Technicals_SPG_daily,2026-04-24_FMP_Technicals_SPG_daily,2026-04-24_FMP_Technicals_SPG_daily,,,,,,,entity,Entities,,,,,,,,,,,,,,,,2026-06-01,,,,,,,,,,,,,,
world:entity:2026-04-24-fmp-technicals-spir-daily,Entity,2026-04-24_FMP_Technicals_SPIR_daily,2026-04-24_FMP_Technicals_SPIR_daily,2026-04-24_FMP_Technicals_SPIR_daily,,,,,,,entity,Entities,,,,,,,,,,,,,,,,2026-06-01,,,,,,,,,,,,,,
world:entity:2026-04-24-fmp-technicals-spro-daily,Entity,2026-04-24_FMP_Technicals_SPRO_daily,2026-04-24_FMP_Technicals_SPRO_daily,2026-04-24_FMP_Technicals_SPRO_daily,,,,,,,entity,Entities,,,,,,,,,,,,,,,,2026-06-01,,,,,,,,,,,,,,
world:entity:2026-04-24-fmp-technicals-sre-daily,Entity,2026-04-24_FMP_Technicals_SRE_daily,2026-04-24_FMP_Technicals_SRE_daily,2026-04-24_FMP_Technicals_SRE_daily,,,,,,,entity,Entities,,,,,,,,,,,,,,,,2026-06-01,,,,,,,,,,,,,,
world:entity:2026-04-24-fmp-technicals-stem-daily,Entity,2026-04-24_FMP_Technicals_STEM_daily,2026-04-24_FMP_Technicals_STEM_daily,2026-04-24_FMP_Technicals_STEM_daily,,,,,,,entity,Entities,,,,,,,,,,,,,,,,2026-06-01,,,,,,,,,,,,,,
world:entity:2026-04-24-fmp-technicals-strl-daily,Entity,2026-04-24_FMP_Technicals_STRL_daily,2026-04-24_FMP_Technicals_STRL_daily,2026-04-24_FMP_Technicals_STRL_daily,,,,,,,entity,Entities,,,,,,,,,,,,,,,,2026-06-01,,,,,,,,,,,,,,
world:entity:2026-04-24-fmp-technicals-t-daily,Entity,2026-04-24_FMP_Technicals_T_daily,2026-04-24_FMP_Technicals_T_daily,2026-04-24_FMP_Technicals_T_daily,,,,,,,entity,Entities,,,,,,,,,,,,,,,,2026-06-01,,,,,,,,,,,,,,
world:entity:2026-04-24-fmp-technicals-tdg-daily,Entity,2026-04-24_FMP_Technicals_TDG_daily,2026-04-24_FMP_Technicals_TDG_daily,2026-04-24_FMP_Technicals_TDG_daily,,,,,,,entity,Entities,,,,,,,,,,,,,,,,2026-06-01,,,,,,,,,,,,,,
world:entity:2026-04-24-fmp-technicals-tdy-daily,Entity,2026-04-24_FMP_Technicals_TDY_daily,2026-04-24_FMP_Technicals_TDY_daily,2026-04-24_FMP_Technicals_TDY_daily,,,,,,,entity,Entities,,,,,,,,,,,,,,,,2026-06-01,,,,,,,,,,,,,,
world:entity:2026-04-24-fmp-technicals-tjx-daily,Entity,2026-04-24_FMP_Technicals_TJX_daily,2026-04-24_FMP_Technicals_TJX_daily,2026-04-24_FMP_Technicals_TJX_daily,,,,,,,entity,Entities,,,,,,,,,,,,,,,,2026-06-01,,,,,,,,,,,,,,
world:entity:2026-04-24-fmp-technicals-tmhc-daily,Entity,2026-04-24_FMP_Technicals_TMHC_daily,2026-04-24_FMP_Technicals_TMHC_daily,2026-04-24_FMP_Technicals_TMHC_daily,,,,,,,entity,Entities,,,,,,,,,,,,,,,,2026-06-01,,,,,,,,,,,,,,
world:entity:2026-04-24-fmp-technicals-tmo-daily,Entity,2026-04-24_FMP_Technicals_TMO_daily,2026-04-24_FMP_Technicals_TMO_daily,2026-04-24_FMP_Technicals_TMO_daily,,,,,,,entity,Entities,,,,,,,,,,,,,,,,2026-06-01,,,,,,,,,,,,,,
world:entity:2026-04-24-fmp-technicals-tol-daily,Entity,2026-04-24_FMP_Technicals_TOL_daily,2026-04-24_FMP_Technicals_TOL_daily,2026-04-24_FMP_Technicals_TOL_daily,,,,,,,entity,Entities,,,,,,,,,,,,,,,,2026-06-01,,,,,,,,,,,,,,
world:entity:2026-04-24-fmp-technicals-tsla-daily,Entity,2026-04-24_FMP_Technicals_TSLA_daily,2026-04-24_FMP_Technicals_TSLA_daily,2026-04-24_FMP_Technicals_TSLA_daily,,,,,,,entity,Entities,,,,,,,,,,,,,,,,2026-06-01,,,,,,,,,,,,,,
world:entity:2026-04-24-fmp-technicals-txt-daily,Entity,2026-04-24_FMP_Technicals_TXT_daily,2026-04-24_FMP_Technicals_TXT_daily,2026-04-24_FMP_Technicals_TXT_daily,,,,,,,entity,Entities,,,,,,,,,,,,,,,,2026-06-01,,,,,,,,,,,,,,
world:entity:2026-04-24-fmp-technicals-umac-daily,Entity,2026-04-24_FMP_Technicals_UMAC_daily,2026-04-24_FMP_Technicals_UMAC_daily,2026-04-24_FMP_Technicals_UMAC_daily,,,,,,,entity,Entities,,,,,,,,,,,,,,,,2026-06-01,,,,,,,,,,,,,,
world:entity:2026-04-24-fmp-technicals-unh-daily,Entity,2026-04-24_FMP_Technicals_UNH_daily,2026-04-24_FMP_Technicals_UNH_daily,2026-04-24_FMP_Technicals_UNH_daily,,,,,,,entity,Entities,,,,,,,,,,,,,,,,2026-06-01,,,,,,,,,,,,,,
world:entity:2026-04-24-fmp-technicals-unp-daily,Entity,2026-04-24_FMP_Technicals_UNP_daily,2026-04-24_FMP_Technicals_UNP_daily,2026-04-24_FMP_Technicals_UNP_daily,,,,,,,entity,Entities,,,,,,,,,,,,,,,,2026-06-01,,,,,,,,,,,,,,
world:entity:2026-04-24-fmp-technicals-unty-daily,Entity,2026-04-24_FMP_Technicals_UNTY_daily,2026-04-24_FMP_Technicals_UNTY_daily,2026-04-24_FMP_Technicals_UNTY_daily,,,,,,,entity,Entities,,,,,,,,,,,,,,,,2026-06-01,,,,,,,,,,,,,,
world:entity:2026-04-24-fmp-technicals-v-daily,Entity,2026-04-24_FMP_Technicals_V_daily,2026-04-24_FMP_Technicals_V_daily,2026-04-24_FMP_Technicals_V_daily,,,,,,,entity,Entities,,,,,,,,,,,,,,,,2026-06-01,,,,,,,,,,,,,,
world:entity:2026-04-24-fmp-technicals-vktx-daily,Entity,2026-04-24_FMP_Technicals_VKTX_daily,2026-04-24_FMP_Technicals_VKTX_daily,2026-04-24_FMP_Technicals_VKTX_daily,,,,,,,entity,Entities,,,,,,,,,,,,,,,,2026-06-01,,,,,,,,,,,,,,
world:entity:2026-04-24-fmp-technicals-vlo-daily,Entity,2026-04-24_FMP_Technicals_VLO_daily,2026-04-24_FMP_Technicals_VLO_daily,2026-04-24_FMP_Technicals_VLO_daily,,,,,,,entity,Entities,,,,,,,,,,,,,,,,2026-06-01,,,,,,,,,,,,,,
world:entity:2026-04-24-fmp-technicals-vst-daily,Entity,2026-04-24_FMP_Technicals_VST_daily,2026-04-24_FMP_Technicals_VST_daily,2026-04-24_FMP_Technicals_VST_daily,,,,,,,entity,Entities,,,,,,,,,,,,,,,,2026-06-01,,,,,,,,,,,,,,
world:entity:2026-04-24-fmp-technicals-vz-daily,Entity,2026-04-24_FMP_Technicals_VZ_daily,2026-04-24_FMP_Technicals_VZ_daily,2026-04-24_FMP_Technicals_VZ_daily,,,,,,,entity,Entities,,,,,,,,,,,,,,,,2026-06-01,,,,,,,,,,,,,,
world:entity:2026-04-24-fmp-technicals-well-daily,Entity,2026-04-24_FMP_Technicals_WELL_daily,2026-04-24_FMP_Technicals_WELL_daily,2026-04-24_FMP_Technicals_WELL_daily,,,,,,,entity,Entities,,,,,,,,,,,,,,,,2026-06-01,,,,,,,,,,,,,,
world:entity:2026-04-24-fmp-technicals-wfc-daily,Entity,2026-04-24_FMP_Technicals_WFC_daily,2026-04-24_FMP_Technicals_WFC_daily,2026-04-24_FMP_Technicals_WFC_daily,,,,,,,entity,Entities,,,,,,,,,,,,,,,,2026-06-01,,,,,,,,,,,,,,
world:entity:2026-04-24-fmp-technicals-wm-daily,Entity,2026-04-24_FMP_Technicals_WM_daily,2026-04-24_FMP_Technicals_WM_daily,2026-04-24_FMP_Technicals_WM_daily,,,,,,,entity,Entities,,,,,,,,,,,,,,,,2026-06-01,,,,,,,,,,,,,,
world:entity:2026-04-24-fmp-technicals-wmt-daily,Entity,2026-04-24_FMP_Technicals_WMT_daily,2026-04-24_FMP_Technicals_WMT_daily,2026-04-24_FMP_Technicals_WMT_daily,,,,,,,entity,Entities,,,,,,,,,,,,,,,,2026-06-01,,,,,,,,,,,,,,
world:entity:2026-04-24-fmp-technicals-wolf-daily,Entity,2026-04-24_FMP_Technicals_WOLF_daily,2026-04-24_FMP_Technicals_WOLF_daily,2026-04-24_FMP_Technicals_WOLF_daily,,,,,,,entity,Entities,,,,,,,,,,,,,,,,2026-06-01,,,,,,,,,,,,,,
world:entity:2026-04-24-fmp-technicals-wpm-daily,Entity,2026-04-24_FMP_Technicals_WPM_daily,2026-04-24_FMP_Technicals_WPM_daily,2026-04-24_FMP_Technicals_WPM_daily,,,,,,,entity,Entities,,,,,,,,,,,,,,,,2026-06-01,,,,,,,,,,,,,,
world:entity:2026-04-24-fmp-technicals-xel-daily,Entity,2026-04-24_FMP_Technicals_XEL_daily,2026-04-24_FMP_Technicals_XEL_daily,2026-04-24_FMP_Technicals_XEL_daily,,,,,,,entity,Entities,,,,,,,,,,,,,,,,2026-06-01,,,,,,,,,,,,,,
world:entity:2026-04-24-fmp-technicals-xom-daily,Entity,2026-04-24_FMP_Technicals_XOM_daily,2026-04-24_FMP_Technicals_XOM_daily,2026-04-24_FMP_Technicals_XOM_daily,,,,,,,entity,Entities,,,,,,,,,,,,,,,,2026-06-01,,,,,,,,,,,,,,
world:entity:2026-04-24-fmp-technicals-xoma-daily,Entity,2026-04-24_FMP_Technicals_XOMA_daily,2026-04-24_FMP_Technicals_XOMA_daily,2026-04-24_FMP_Technicals_XOMA_daily,,,,,,,entity,Entities,,,,,,,,,,,,,,,,2026-06-01,,,,,,,,,,,,,,
world:entity:2026-04-24-fmp-thesis-watchlist-ai-power-defense-stack,Entity,2026-04-24_FMP_Thesis_Watchlist_AI_Power_Defense_Stack,2026-04-24_FMP_Thesis_Watchlist_AI_Power_Defense_Stack,2026-04-24_FMP_Thesis_Watchlist_AI_Power_Defense_Stack,,,,,,,entity,Entities,,,,,,,,,,,,,,,,2026-06-01,,,,,,,,,,,,,,
world:entity:2026-04-24-fmp-thesis-watchlist-ai-power-infrastructure,Entity,2026-04-24_FMP_Thesis_Watchlist_AI_Power_Infrastructure,2026-04-24_FMP_Thesis_Watchlist_AI_Power_Infrastructure,2026-04-24_FMP_Thesis_Watchlist_AI_Power_Infrastructure,,,,,,,entity,Entities,,,,,,,,,,,,,,,,2026-06-01,,,,,,,,,,,,,,
world:entity:2026-04-24-fmp-thesis-watchlist-alzheimer-s-disease-modification,Entity,2026-04-24_FMP_Thesis_Watchlist_Alzheimer's_Disease_Modification,2026-04-24_FMP_Thesis_Watchlist_Alzheimer's_Disease_Modification,2026-04-24_FMP_Thesis_Watchlist_Alzheimer's_Disease_Modification,,,,,,,entity,Entities,,,,,,,,,,,,,,,,2026-06-01,,,,,,,,,,,,,,
world:entity:2026-04-24-fmp-thesis-watchlist-antimicrobial-resistance-pipeline,Entity,2026-04-24_FMP_Thesis_Watchlist_Antimicrobial_Resistance_Pipeline,2026-04-24_FMP_Thesis_Watchlist_Antimicrobial_Resistance_Pipeline,2026-04-24_FMP_Thesis_Watchlist_Antimicrobial_Resistance_Pipeline,,,,,,,entity,Entities,,,,,,,,,,,,,,,,2026-06-01,,,,,,,,,,,,,,
world:entity:2026-04-24-fmp-thesis-watchlist-biosecurity-compute-convergence,Entity,2026-04-24_FMP_Thesis_Watchlist_Biosecurity_Compute_Convergence,2026-04-24_FMP_Thesis_Watchlist_Biosecurity_Compute_Convergence,2026-04-24_FMP_Thesis_Watchlist_Biosecurity_Compute_Convergence,,,,,,,entity,Entities,,,,,,,,,,,,,,,,2026-06-01,,,,,,,,,,,,,,
world:entity:2026-04-24-fmp-thesis-watchlist-defense-ai-autonomous-warfare,Entity,2026-04-24_FMP_Thesis_Watchlist_Defense_AI_&_Autonomous_Warfare,2026-04-24_FMP_Thesis_Watchlist_Defense_AI_&_Autonomous_Warfare,2026-04-24_FMP_Thesis_Watchlist_Defense_AI_&_Autonomous_Warfare,,,,,,,entity,Entities,,,,,,,,,,,,,,,,2026-06-01,,,,,,,,,,,,,,
world:entity:2026-04-24-fmp-thesis-watchlist-dollar-debasement-hard-money,Entity,2026-04-24_FMP_Thesis_Watchlist_Dollar_Debasement_&_Hard_Money,2026-04-24_FMP_Thesis_Watchlist_Dollar_Debasement_&_Hard_Money,2026-04-24_FMP_Thesis_Watchlist_Dollar_Debasement_&_Hard_Money,,,,,,,entity,Entities,,,,,,,,,,,,,,,,2026-06-01,,,,,,,,,,,,,,
world:entity:2026-04-24-fmp-thesis-watchlist-drone-autonomous-systems-revolution,Entity,2026-04-24_FMP_Thesis_Watchlist_Drone_&_Autonomous_Systems_Revolution,2026-04-24_FMP_Thesis_Watchlist_Drone_&_Autonomous_Systems_Revolution,2026-04-24_FMP_Thesis_Watchlist_Drone_&_Autonomous_Systems_Revolution,,,,,,,entity,Entities,,,,,,,,,,,,,,,,2026-06-01,,,,,,,,,,,,,,
world:entity:2026-04-24-fmp-thesis-watchlist-fiscal-scarcity-rearmament,Entity,2026-04-24_FMP_Thesis_Watchlist_Fiscal_Scarcity_Rearmament,2026-04-24_FMP_Thesis_Watchlist_Fiscal_Scarcity_Rearmament,2026-04-24_FMP_Thesis_Watchlist_Fiscal_Scarcity_Rearmament,,,,,,,entity,Entities,,,,,,,,,,,,,,,,2026-06-01,,,,,,,,,,,,,,
world:entity:2026-04-24-fmp-thesis-watchlist-gene-editing-crispr-therapeutics,Entity,2026-04-24_FMP_Thesis_Watchlist_Gene_Editing_&_CRISPR_Therapeutics,2026-04-24_FMP_Thesis_Watchlist_Gene_Editing_&_CRISPR_Therapeutics,2026-04-24_FMP_Thesis_Watchlist_Gene_Editing_&_CRISPR_Therapeutics,,,,,,,entity,Entities,,,,,,,,,,,,,,,,2026-06-01,,,,,,,,,,,,,,
world:entity:2026-04-24-fmp-thesis-watchlist-glp-1-metabolic-disease-revolution,Entity,2026-04-24_FMP_Thesis_Watchlist_GLP-1_Metabolic_Disease_Revolution,2026-04-24_FMP_Thesis_Watchlist_GLP-1_Metabolic_Disease_Revolution,2026-04-24_FMP_Thesis_Watchlist_GLP-1_Metabolic_Disease_Revolution,,,,,,,entity,Entities,,,,,,,,,,,,,,,,2026-06-01,,,,,,,,,,,,,,
world:entity:2026-04-24-fmp-thesis-watchlist-grid-scale-battery-storage,Entity,2026-04-24_FMP_Thesis_Watchlist_Grid-Scale_Battery_Storage,2026-04-24_FMP_Thesis_Watchlist_Grid-Scale_Battery_Storage,2026-04-24_FMP_Thesis_Watchlist_Grid-Scale_Battery_Storage,,,,,,,entity,Entities,,,,,,,,,,,,,,,,2026-06-01,,,,,,,,,,,,,,
world:entity:2026-04-24-fmp-thesis-watchlist-housing-supply-correction,Entity,2026-04-24_FMP_Thesis_Watchlist_Housing_Supply_Correction,2026-04-24_FMP_Thesis_Watchlist_Housing_Supply_Correction,2026-04-24_FMP_Thesis_Watchlist_Housing_Supply_Correction,,,,,,,entity,Entities,,,,,,,,,,,,,,,,2026-06-01,,,,,,,,,,,,,,
world:entity:2026-04-24-fmp-thesis-watchlist-humanoid-robotics,Entity,2026-04-24_FMP_Thesis_Watchlist_Humanoid_Robotics,2026-04-24_FMP_Thesis_Watchlist_Humanoid_Robotics,2026-04-24_FMP_Thesis_Watchlist_Humanoid_Robotics,,,,,,,entity,Entities,,,,,,,,,,,,,,,,2026-06-01,,,,,,,,,,,,,,
world:entity:2026-04-24-fmp-thesis-watchlist-hypersonic-weapons-advanced-defense-systems,Entity,2026-04-24_FMP_Thesis_Watchlist_Hypersonic_Weapons_&_Advanced_Defense_Systems,2026-04-24_FMP_Thesis_Watchlist_Hypersonic_Weapons_&_Advanced_Defense_Systems,2026-04-24_FMP_Thesis_Watchlist_Hypersonic_Weapons_&_Advanced_Defense_Systems,,,,,,,entity,Entities,,,,,,,,,,,,,,,,2026-06-01,,,,,,,,,,,,,,
world:entity:2026-04-24-fmp-thesis-watchlist-longevity-aging-biology,Entity,2026-04-24_FMP_Thesis_Watchlist_Longevity_&_Aging_Biology,2026-04-24_FMP_Thesis_Watchlist_Longevity_&_Aging_Biology,2026-04-24_FMP_Thesis_Watchlist_Longevity_&_Aging_Biology,,,,,,,entity,Entities,,,,,,,,,,,,,,,,2026-06-01,,,,,,,,,,,,,,
world:entity:2026-04-24-fmp-thesis-watchlist-nuclear-renaissance-small-modular-reactors,Entity,2026-04-24_FMP_Thesis_Watchlist_Nuclear_Renaissance_&_Small_Modular_Reactors,2026-04-24_FMP_Thesis_Watchlist_Nuclear_Renaissance_&_Small_Modular_Reactors,2026-04-24_FMP_Thesis_Watchlist_Nuclear_Renaissance_&_Small_Modular_Reactors,,,,,,,entity,Entities,,,,,,,,,,,,,,,,2026-06-01,,,,,,,,,,,,,,
world:entity:2026-04-24-fmp-thesis-watchlist-psychedelic-mental-health-revolution,Entity,2026-04-24_FMP_Thesis_Watchlist_Psychedelic_Mental_Health_Revolution,2026-04-24_FMP_Thesis_Watchlist_Psychedelic_Mental_Health_Revolution,2026-04-24_FMP_Thesis_Watchlist_Psychedelic_Mental_Health_Revolution,,,,,,,entity,Entities,,,,,,,,,,,,,,,,2026-06-01,,,,,,,,,,,,,,
world:entity:2026-04-24-fmp-thesis-watchlist-quantum-computing,Entity,2026-04-24_FMP_Thesis_Watchlist_Quantum_Computing,2026-04-24_FMP_Thesis_Watchlist_Quantum_Computing,2026-04-24_FMP_Thesis_Watchlist_Quantum_Computing,,,,,,,entity,Entities,,,,,,,,,,,,,,,,2026-06-01,,,,,,,,,,,,,,
world:entity:2026-04-24-fmp-thesis-watchlist-semiconductor-sovereignty-chips-act,Entity,2026-04-24_FMP_Thesis_Watchlist_Semiconductor_Sovereignty_&_CHIPS_Act,2026-04-24_FMP_Thesis_Watchlist_Semiconductor_Sovereignty_&_CHIPS_Act,2026-04-24_FMP_Thesis_Watchlist_Semiconductor_Sovereignty_&_CHIPS_Act,,,,,,,entity,Entities,,,,,,,,,,,,,,,,2026-06-01,,,,,,,,,,,,,,
world:entity:2026-04-24-fmp-thesis-watchlist-space-domain-awareness-commercial-space,Entity,2026-04-24_FMP_Thesis_Watchlist_Space_Domain_Awareness_&_Commercial_Space,2026-04-24_FMP_Thesis_Watchlist_Space_Domain_Awareness_&_Commercial_Space,2026-04-24_FMP_Thesis_Watchlist_Space_Domain_Awareness_&_Commercial_Space,,,,,,,entity,Entities,,,,,,,,,,,,,,,,2026-06-01,,,,,,,,,,,,,,
world:entity:2026-04-24-fmp-utilities-micro-small-cap-search,Entity,2026-04-24_FMP_Utilities_Micro_Small_Cap_Search,2026-04-24_FMP_Utilities_Micro_Small_Cap_Search,2026-04-24_FMP_Utilities_Micro_Small_Cap_Search,,,,,,,entity,Entities,,,,,,,,,,,,,,,,2026-06-01,,,,,,,,,,,,,,
world:entity:2026-04-24-fred-housing,Entity,2026-04-24_FRED_Housing,2026-04-24_FRED_Housing,2026-04-24_FRED_Housing,,,,,,,entity,Entities,,,,,,,,,,,,,,,,2026-06-01,,,,,,,,,,,,,,
world:entity:2026-04-24-fred-interest-rates,Entity,2026-04-24_FRED_Interest_Rates,2026-04-24_FRED_Interest_Rates,2026-04-24_FRED_Interest_Rates,,,,,,,entity,Entities,,,,,,,,,,,,,,,,2026-06-01,,,,,,,,,,,,,,
world:entity:2026-04-24-fred-labor-market,Entity,2026-04-24_FRED_Labor_Market,2026-04-24_FRED_Labor_Market,2026-04-24_FRED_Labor_Market,,,,,,,entity,Entities,,,,,,,,,,,,,,,,2026-06-01,,,,,,,,,,,,,,
world:entity:2026-04-24-healthcare-sector,Entity,2026-04-24_Healthcare_Sector,2026-04-24_Healthcare_Sector,2026-04-24_Healthcare_Sector,,,,,,,entity,Entities,,,,,,,,,,,,,,,,2026-06-01,,,,,,,,,,,,,,
world:entity:2026-04-24-industrials-sector,Entity,2026-04-24_Industrials_Sector,2026-04-24_Industrials_Sector,2026-04-24_Industrials_Sector,,,,,,,entity,Entities,,,,,,,,,,,,,,,,2026-06-01,,,,,,,,,,,,,,
world:entity:2026-04-24-macro-bridge-indicators,Entity,2026-04-24_Macro_Bridge_Indicators,2026-04-24_Macro_Bridge_Indicators,2026-04-24_Macro_Bridge_Indicators,,,,,,,entity,Entities,,,,,,,,,,,,,,,,2026-06-01,,,,,,,,,,,,,,
world:entity:2026-04-24-materials-sector,Entity,2026-04-24_Materials_Sector,2026-04-24_Materials_Sector,2026-04-24_Materials_Sector,,,,,,,entity,Entities,,,,,,,,,,,,,,,,2026-06-01,,,,,,,,,,,,,,
world:entity:2026-04-24-nahb-builder-confidence,Entity,2026-04-24_NAHB_Builder_Confidence,2026-04-24_NAHB_Builder_Confidence,2026-04-24_NAHB_Builder_Confidence,,,,,,,entity,Entities,,,,,,,,,,,,,,,,2026-06-01,,,,,,,,,,,,,,
world:entity:2026-04-24-news-commodities,Entity,2026-04-24_News_commodities,2026-04-24_News_commodities,2026-04-24_News_commodities,,,,,,,entity,Entities,,,,,,,,,,,,,,,,2026-06-01,,,,,,,,,,,,,,
world:entity:2026-04-24-news-consumer,Entity,2026-04-24_News_consumer,2026-04-24_News_consumer,2026-04-24_News_consumer,,,,,,,entity,Entities,,,,,,,,,,,,,,,,2026-06-01,,,,,,,,,,,,,,
world:entity:2026-04-24-news-defense,Entity,2026-04-24_News_defense,2026-04-24_News_defense,2026-04-24_News_defense,,,,,,,entity,Entities,,,,,,,,,,,,,,,,2026-06-01,,,,,,,,,,,,,,
world:entity:2026-04-24-news-energy,Entity,2026-04-24_News_energy,2026-04-24_News_energy,2026-04-24_News_energy,,,,,,,entity,Entities,,,,,,,,,,,,,,,,2026-06-01,,,,,,,,,,,,,,
world:entity:2026-04-24-news-finance,Entity,2026-04-24_News_finance,2026-04-24_News_finance,2026-04-24_News_finance,,,,,,,entity,Entities,,,,,,,,,,,,,,,,2026-06-01,,,,,,,,,,,,,,
world:entity:2026-04-24-news-health,Entity,2026-04-24_News_health,2026-04-24_News_health,2026-04-24_News_health,,,,,,,entity,Entities,,,,,,,,,,,,,,,,2026-06-01,,,,,,,,,,,,,,
world:entity:2026-04-24-news-housing,Entity,2026-04-24_News_housing,2026-04-24_News_housing,2026-04-24_News_housing,,,,,,,entity,Entities,,,,,,,,,,,,,,,,2026-06-01,,,,,,,,,,,,,,
world:entity:2026-04-24-news-manufacturing,Entity,2026-04-24_News_manufacturing,2026-04-24_News_manufacturing,2026-04-24_News_manufacturing,,,,,,,entity,Entities,,,,,,,,,,,,,,,,2026-06-01,,,,,,,,,,,,,,
world:entity:2026-04-24-news-technology,Entity,2026-04-24_News_technology,2026-04-24_News_technology,2026-04-24_News_technology,,,,,,,entity,Entities,,,,,,,,,,,,,,,,2026-06-01,,,,,,,,,,,,,,
world:entity:2026-04-24-real-estate-sector,Entity,2026-04-24_Real_Estate_Sector,2026-04-24_Real_Estate_Sector,2026-04-24_Real_Estate_Sector,,,,,,,entity,Entities,,,,,,,,,,,,,,,,2026-06-01,,,,,,,,,,,,,,
world:entity:2026-04-24-sec-aerospace-defense-overview,Entity,2026-04-24_SEC_aerospace-defense_Overview,2026-04-24_SEC_aerospace-defense_Overview,2026-04-24_SEC_aerospace-defense_Overview,,,,,,,entity,Entities,,,,,,,,,,,,,,,,2026-06-01,,,,,,,,,,,,,,
world:entity:2026-04-24-sec-communication-services-overview,Entity,2026-04-24_SEC_communication-services_Overview,2026-04-24_SEC_communication-services_Overview,2026-04-24_SEC_communication-services_Overview,,,,,,,entity,Entities,,,,,,,,,,,,,,,,2026-06-01,,,,,,,,,,,,,,
world:entity:2026-04-24-sec-consumer-discretionary-overview,Entity,2026-04-24_SEC_consumer-discretionary_Overview,2026-04-24_SEC_consumer-discretionary_Overview,2026-04-24_SEC_consumer-discretionary_Overview,,,,,,,entity,Entities,,,,,,,,,,,,,,,,2026-06-01,,,,,,,,,,,,,,
world:entity:2026-04-24-sec-consumer-staples-overview,Entity,2026-04-24_SEC_consumer-staples_Overview,2026-04-24_SEC_consumer-staples_Overview,2026-04-24_SEC_consumer-staples_Overview,,,,,,,entity,Entities,,,,,,,,,,,,,,,,2026-06-01,,,,,,,,,,,,,,
world:entity:2026-04-24-sec-energy-overview,Entity,2026-04-24_SEC_energy_Overview,2026-04-24_SEC_energy_Overview,2026-04-24_SEC_energy_Overview,,,,,,,entity,Entities,,,,,,,,,,,,,,,,2026-06-01,,,,,,,,,,,,,,
world:entity:2026-04-24-sec-financials-overview,Entity,2026-04-24_SEC_financials_Overview,2026-04-24_SEC_financials_Overview,2026-04-24_SEC_financials_Overview,,,,,,,entity,Entities,,,,,,,,,,,,,,,,2026-06-01,,,,,,,,,,,,,,
world:entity:2026-04-24-sec-healthcare-overview,Entity,2026-04-24_SEC_healthcare_Overview,2026-04-24_SEC_healthcare_Overview,2026-04-24_SEC_healthcare_Overview,,,,,,,entity,Entities,,,,,,,,,,,,,,,,2026-06-01,,,,,,,,,,,,,,
world:entity:2026-04-24-sec-industrials-overview,Entity,2026-04-24_SEC_industrials_Overview,2026-04-24_SEC_industrials_Overview,2026-04-24_SEC_industrials_Overview,,,,,,,entity,Entities,,,,,,,,,,,,,,,,2026-06-01,,,,,,,,,,,,,,
world:entity:2026-04-24-sec-materials-overview,Entity,2026-04-24_SEC_materials_Overview,2026-04-24_SEC_materials_Overview,2026-04-24_SEC_materials_Overview,,,,,,,entity,Entities,,,,,,,,,,,,,,,,2026-06-01,,,,,,,,,,,,,,
world:entity:2026-04-24-sec-real-estate-overview,Entity,2026-04-24_SEC_real-estate_Overview,2026-04-24_SEC_real-estate_Overview,2026-04-24_SEC_real-estate_Overview,,,,,,,entity,Entities,,,,,,,,,,,,,,,,2026-06-01,,,,,,,,,,,,,,
world:entity:2026-04-24-sec-tech-overview,Entity,2026-04-24_SEC_tech_Overview,2026-04-24_SEC_tech_Overview,2026-04-24_SEC_tech_Overview,,,,,,,entity,Entities,,,,,,,,,,,,,,,,2026-06-01,,,,,,,,,,,,,,
world:entity:2026-04-24-sec-utilities-overview,Entity,2026-04-24_SEC_utilities_Overview,2026-04-24_SEC_utilities_Overview,2026-04-24_SEC_utilities_Overview,,,,,,,entity,Entities,,,,,,,,,,,,,,,,2026-06-01,,,,,,,,,,,,,,
world:entity:2026-04-24-tech-sector,Entity,2026-04-24_Tech_Sector,2026-04-24_Tech_Sector,2026-04-24_Tech_Sector,,,,,,,entity,Entities,,,,,,,,,,,,,,,,2026-06-01,,,,,,,,,,,,,,
world:entity:2026-04-24-thesis-full-picture-aerospace-defense-sector-basket,Entity,2026-04-24_Thesis_Full_Picture_Aerospace_&_Defense_Sector_Basket,2026-04-24_Thesis_Full_Picture_Aerospace_&_Defense_Sector_Basket,2026-04-24_Thesis_Full_Picture_Aerospace_&_Defense_Sector_Basket,,,,,,,entity,Entities,,,,,,,,,,,,,,,,2026-06-01,,,,,,,,,,,,,,
world:entity:2026-04-24-thesis-full-picture-ai-power-defense-stack,Entity,2026-04-24_Thesis_Full_Picture_AI_Power_Defense_Stack,2026-04-24_Thesis_Full_Picture_AI_Power_Defense_Stack,2026-04-24_Thesis_Full_Picture_AI_Power_Defense_Stack,,,,,,,entity,Entities,,,,,,,,,,,,,,,,2026-06-01,,,,,,,,,,,,,,
world:entity:2026-04-24-thesis-full-picture-ai-power-infrastructure,Entity,2026-04-24_Thesis_Full_Picture_AI_Power_Infrastructure,2026-04-24_Thesis_Full_Picture_AI_Power_Infrastructure,2026-04-24_Thesis_Full_Picture_AI_Power_Infrastructure,,,,,,,entity,Entities,,,,,,,,,,,,,,,,2026-06-01,,,,,,,,,,,,,,
world:entity:2026-04-24-thesis-full-picture-alzheimer-s-disease-modification,Entity,2026-04-24_Thesis_Full_Picture_Alzheimer's_Disease_Modification,2026-04-24_Thesis_Full_Picture_Alzheimer's_Disease_Modification,2026-04-24_Thesis_Full_Picture_Alzheimer's_Disease_Modification,,,,,,,entity,Entities,,,,,,,,,,,,,,,,2026-06-01,,,,,,,,,,,,,,
world:entity:2026-04-24-thesis-full-picture-antimicrobial-resistance-pipeline,Entity,2026-04-24_Thesis_Full_Picture_Antimicrobial_Resistance_Pipeline,2026-04-24_Thesis_Full_Picture_Antimicrobial_Resistance_Pipeline,2026-04-24_Thesis_Full_Picture_Antimicrobial_Resistance_Pipeline,,,,,,,entity,Entities,,,,,,,,,,,,,,,,2026-06-01,,,,,,,,,,,,,,
world:entity:2026-04-24-thesis-full-picture-biosecurity-compute-convergence,Entity,2026-04-24_Thesis_Full_Picture_Biosecurity_Compute_Convergence,2026-04-24_Thesis_Full_Picture_Biosecurity_Compute_Convergence,2026-04-24_Thesis_Full_Picture_Biosecurity_Compute_Convergence,,,,,,,entity,Entities,,,,,,,,,,,,,,,,2026-06-01,,,,,,,,,,,,,,
world:entity:2026-04-24-thesis-full-picture-buffett-style-quality-compounders,Entity,2026-04-24_Thesis_Full_Picture_Buffett_Style_Quality_Compounders,2026-04-24_Thesis_Full_Picture_Buffett_Style_Quality_Compounders,2026-04-24_Thesis_Full_Picture_Buffett_Style_Quality_Compounders,,,,,,,entity,Entities,,,,,,,,,,,,,,,,2026-06-01,,,,,,,,,,,,,,
world:entity:2026-04-24-thesis-full-picture-communication-services-sector-basket,Entity,2026-04-24_Thesis_Full_Picture_Communication_Services_Sector_Basket,2026-04-24_Thesis_Full_Picture_Communication_Services_Sector_Basket,2026-04-24_Thesis_Full_Picture_Communication_Services_Sector_Basket,,,,,,,entity,Entities,,,,,,,,,,,,,,,,2026-06-01,,,,,,,,,,,,,,
world:entity:2026-04-24-thesis-full-picture-consumer-discretionary-sector-basket,Entity,2026-04-24_Thesis_Full_Picture_Consumer_Discretionary_Sector_Basket,2026-04-24_Thesis_Full_Picture_Consumer_Discretionary_Sector_Basket,2026-04-24_Thesis_Full_Picture_Consumer_Discretionary_Sector_Basket,,,,,,,entity,Entities,,,,,,,,,,,,,,,,2026-06-01,,,,,,,,,,,,,,
world:entity:2026-04-24-thesis-full-picture-consumer-staples-sector-basket,Entity,2026-04-24_Thesis_Full_Picture_Consumer_Staples_Sector_Basket,2026-04-24_Thesis_Full_Picture_Consumer_Staples_Sector_Basket,2026-04-24_Thesis_Full_Picture_Consumer_Staples_Sector_Basket,,,,,,,entity,Entities,,,,,,,,,,,,,,,,2026-06-01,,,,,,,,,,,,,,
world:entity:2026-04-24-thesis-full-picture-dalio-style-all-weather-hard-assets,Entity,2026-04-24_Thesis_Full_Picture_Dalio_Style_All-Weather_Hard_Assets,2026-04-24_Thesis_Full_Picture_Dalio_Style_All-Weather_Hard_Assets,2026-04-24_Thesis_Full_Picture_Dalio_Style_All-Weather_Hard_Assets,,,,,,,entity,Entities,,,,,,,,,,,,,,,,2026-06-01,,,,,,,,,,,,,,
world:entity:2026-04-24-thesis-full-picture-defense-ai-autonomous-warfare,Entity,2026-04-24_Thesis_Full_Picture_Defense_AI_&_Autonomous_Warfare,2026-04-24_Thesis_Full_Picture_Defense_AI_&_Autonomous_Warfare,2026-04-24_Thesis_Full_Picture_Defense_AI_&_Autonomous_Warfare,,,,,,,entity,Entities,,,,,,,,,,,,,,,,2026-06-01,,,,,,,,,,,,,,
world:entity:2026-04-24-thesis-full-picture-dollar-debasement-hard-money,Entity,2026-04-24_Thesis_Full_Picture_Dollar_Debasement_&_Hard_Money,2026-04-24_Thesis_Full_Picture_Dollar_Debasement_&_Hard_Money,2026-04-24_Thesis_Full_Picture_Dollar_Debasement_&_Hard_Money,,,,,,,entity,Entities,,,,,,,,,,,,,,,,2026-06-01,,,,,,,,,,,,,,
world:entity:2026-04-24-thesis-full-picture-drone-autonomous-systems-revolution,Entity,2026-04-24_Thesis_Full_Picture_Drone_&_Autonomous_Systems_Revolution,2026-04-24_Thesis_Full_Picture_Drone_&_Autonomous_Systems_Revolution,2026-04-24_Thesis_Full_Picture_Drone_&_Autonomous_Systems_Revolution,,,,,,,entity,Entities,,,,,,,,,,,,,,,,2026-06-01,,,,,,,,,,,,,,
world:entity:2026-04-24-thesis-full-picture-energy-sector-basket,Entity,2026-04-24_Thesis_Full_Picture_Energy_Sector_Basket,2026-04-24_Thesis_Full_Picture_Energy_Sector_Basket,2026-04-24_Thesis_Full_Picture_Energy_Sector_Basket,,,,,,,entity,Entities,,,,,,,,,,,,,,,,2026-06-01,,,,,,,,,,,,,,
world:entity:2026-04-24-thesis-full-picture-financials-sector-basket,Entity,2026-04-24_Thesis_Full_Picture_Financials_Sector_Basket,2026-04-24_Thesis_Full_Picture_Financials_Sector_Basket,2026-04-24_Thesis_Full_Picture_Financials_Sector_Basket,,,,,,,entity,Entities,,,,,,,,,,,,,,,,2026-06-01,,,,,,,,,,,,,,
world:entity:2026-04-24-thesis-full-picture-healthcare-sector-basket,Entity,2026-04-24_Thesis_Full_Picture_Healthcare_Sector_Basket,2026-04-24_Thesis_Full_Picture_Healthcare_Sector_Basket,2026-04-24_Thesis_Full_Picture_Healthcare_Sector_Basket,,,,,,,entity,Entities,,,,,,,,,,,,,,,,2026-06-01,,,,,,,,,,,,,,
world:entity:2026-04-24-thesis-full-picture-industrials-sector-basket,Entity,2026-04-24_Thesis_Full_Picture_Industrials_Sector_Basket,2026-04-24_Thesis_Full_Picture_Industrials_Sector_Basket,2026-04-24_Thesis_Full_Picture_Industrials_Sector_Basket,,,,,,,entity,Entities,,,,,,,,,,,,,,,,2026-06-01,,,,,,,,,,,,,,
world:entity:2026-04-24-thesis-full-picture-materials-sector-basket,Entity,2026-04-24_Thesis_Full_Picture_Materials_Sector_Basket,2026-04-24_Thesis_Full_Picture_Materials_Sector_Basket,2026-04-24_Thesis_Full_Picture_Materials_Sector_Basket,,,,,,,entity,Entities,,,,,,,,,,,,,,,,2026-06-01,,,,,,,,,,,,,,
world:entity:2026-04-24-thesis-full-picture-psychedelic-mental-health-revolution,Entity,2026-04-24_Thesis_Full_Picture_Psychedelic_Mental_Health_Revolution,2026-04-24_Thesis_Full_Picture_Psychedelic_Mental_Health_Revolution,2026-04-24_Thesis_Full_Picture_Psychedelic_Mental_Health_Revolution,,,,,,,entity,Entities,,,,,,,,,,,,,,,,2026-06-01,,,,,,,,,,,,,,
world:entity:2026-04-24-thesis-full-picture-real-estate-sector-basket,Entity,2026-04-24_Thesis_Full_Picture_Real_Estate_Sector_Basket,2026-04-24_Thesis_Full_Picture_Real_Estate_Sector_Basket,2026-04-24_Thesis_Full_Picture_Real_Estate_Sector_Basket,,,,,,,entity,Entities,,,,,,,,,,,,,,,,2026-06-01,,,,,,,,,,,,,,
world:entity:2026-04-24-thesis-full-picture-semiconductor-sovereignty-chips-act,Entity,2026-04-24_Thesis_Full_Picture_Semiconductor_Sovereignty_&_CHIPS_Act,2026-04-24_Thesis_Full_Picture_Semiconductor_Sovereignty_&_CHIPS_Act,2026-04-24_Thesis_Full_Picture_Semiconductor_Sovereignty_&_CHIPS_Act,,,,,,,entity,Entities,,,,,,,,,,,,,,,,2026-06-01,,,,,,,,,,,,,,
world:entity:2026-04-24-thesis-full-picture-tech-sector-basket,Entity,2026-04-24_Thesis_Full_Picture_Tech_Sector_Basket,2026-04-24_Thesis_Full_Picture_Tech_Sector_Basket,2026-04-24_Thesis_Full_Picture_Tech_Sector_Basket,,,,,,,entity,Entities,,,,,,,,,,,,,,,,2026-06-01,,,,,,,,,,,,,,
world:entity:2026-04-24-thesis-full-picture-utilities-sector-basket,Entity,2026-04-24_Thesis_Full_Picture_Utilities_Sector_Basket,2026-04-24_Thesis_Full_Picture_Utilities_Sector_Basket,2026-04-24_Thesis_Full_Picture_Utilities_Sector_Basket,,,,,,,entity,Entities,,,,,,,,,,,,,,,,2026-06-01,,,,,,,,,,,,,,
world:entity:2026-04-24-utilities-sector,Entity,2026-04-24_Utilities_Sector,2026-04-24_Utilities_Sector,2026-04-24_Utilities_Sector,,,,,,,entity,Entities,,,,,,,,,,,,,,,,2026-06-01,,,,,,,,,,,,,,
world:entity:2026-04-25-catalyst-amsc,Entity,2026-04-25_Catalyst_AMSC,2026-04-25_Catalyst_AMSC,2026-04-25_Catalyst_AMSC,,,,,,,entity,Entities,,,,,,,,,,,,,,,,2026-06-01,,,,,,,,,,,,,,
world:entity:2026-04-25-catalyst-brbr,Entity,2026-04-25_Catalyst_BRBR,2026-04-25_Catalyst_BRBR,2026-04-25_Catalyst_BRBR,,,,,,,entity,Entities,,,,,,,,,,,,,,,,2026-06-01,,,,,,,,,,,,,,
world:entity:2026-04-25-catalyst-bw,Entity,2026-04-25_Catalyst_BW,2026-04-25_Catalyst_BW,2026-04-25_Catalyst_BW,,,,,,,entity,Entities,,,,,,,,,,,,,,,,2026-06-01,,,,,,,,,,,,,,
world:entity:2026-04-25-catalyst-ecpg,Entity,2026-04-25_Catalyst_ECPG,2026-04-25_Catalyst_ECPG,2026-04-25_Catalyst_ECPG,,,,,,,entity,Entities,,,,,,,,,,,,,,,,2026-06-01,,,,,,,,,,,,,,
world:entity:2026-04-25-catalyst-etn,Entity,2026-04-25_Catalyst_ETN,2026-04-25_Catalyst_ETN,2026-04-25_Catalyst_ETN,,,,,,,entity,Entities,,,,,,,,,,,,,,,,2026-06-01,,,,,,,,,,,,,,
world:entity:2026-04-25-catalyst-gev,Entity,2026-04-25_Catalyst_GEV,2026-04-25_Catalyst_GEV,2026-04-25_Catalyst_GEV,,,,,,,entity,Entities,,,,,,,,,,,,,,,,2026-06-01,,,,,,,,,,,,,,
world:entity:2026-04-25-catalyst-hubb,Entity,2026-04-25_Catalyst_HUBB,2026-04-25_Catalyst_HUBB,2026-04-25_Catalyst_HUBB,,,,,,,entity,Entities,,,,,,,,,,,,,,,,2026-06-01,,,,,,,,,,,,,,
world:entity:2026-04-25-catalyst-iipr,Entity,2026-04-25_Catalyst_IIPR,2026-04-25_Catalyst_IIPR,2026-04-25_Catalyst_IIPR,,,,,,,entity,Entities,,,,,,,,,,,,,,,,2026-06-01,,,,,,,,,,,,,,
world:entity:2026-04-25-catalyst-mtz,Entity,2026-04-25_Catalyst_MTZ,2026-04-25_Catalyst_MTZ,2026-04-25_Catalyst_MTZ,,,,,,,entity,Entities,,,,,,,,,,,,,,,,2026-06-01,,,,,,,,,,,,,,
world:entity:2026-04-25-catalyst-myrg,Entity,2026-04-25_Catalyst_MYRG,2026-04-25_Catalyst_MYRG,2026-04-25_Catalyst_MYRG,,,,,,,entity,Entities,,,,,,,,,,,,,,,,2026-06-01,,,,,,,,,,,,,,
world:entity:2026-04-25-catalyst-nktr,Entity,2026-04-25_Catalyst_NKTR,2026-04-25_Catalyst_NKTR,2026-04-25_Catalyst_NKTR,,,,,,,entity,Entities,,,,,,,,,,,,,,,,2026-06-01,,,,,,,,,,,,,,
world:entity:2026-04-25-catalyst-pdfs,Entity,2026-04-25_Catalyst_PDFS,2026-04-25_Catalyst_PDFS,2026-04-25_Catalyst_PDFS,,,,,,,entity,Entities,,,,,,,,,,,,,,,,2026-06-01,,,,,,,,,,,,,,
world:entity:2026-04-25-catalyst-powl,Entity,2026-04-25_Catalyst_POWL,2026-04-25_Catalyst_POWL,2026-04-25_Catalyst_POWL,,,,,,,entity,Entities,,,,,,,,,,,,,,,,2026-06-01,,,,,,,,,,,,,,
world:entity:2026-04-25-catalyst-ppih,Entity,2026-04-25_Catalyst_PPIH,2026-04-25_Catalyst_PPIH,2026-04-25_Catalyst_PPIH,,,,,,,entity,Entities,,,,,,,,,,,,,,,,2026-06-01,,,,,,,,,,,,,,
world:entity:2026-04-25-catalyst-prks,Entity,2026-04-25_Catalyst_PRKS,2026-04-25_Catalyst_PRKS,2026-04-25_Catalyst_PRKS,,,,,,,entity,Entities,,,,,,,,,,,,,,,,2026-06-01,,,,,,,,,,,,,,
world:entity:2026-04-25-catalyst-pwr,Entity,2026-04-25_Catalyst_PWR,2026-04-25_Catalyst_PWR,2026-04-25_Catalyst_PWR,,,,,,,entity,Entities,,,,,,,,,,,,,,,,2026-06-01,,,,,,,,,,,,,,
world:entity:2026-04-25-catalyst-strl,Entity,2026-04-25_Catalyst_STRL,2026-04-25_Catalyst_STRL,2026-04-25_Catalyst_STRL,,,,,,,entity,Entities,,,,,,,,,,,,,,,,2026-06-01,,,,,,,,,,,,,,
world:entity:2026-04-25-catalyst-tnc,Entity,2026-04-25_Catalyst_TNC,2026-04-25_Catalyst_TNC,2026-04-25_Catalyst_TNC,,,,,,,entity,Entities,,,,,,,,,,,,,,,,2026-06-01,,,,,,,,,,,,,,
world:entity:2026-04-25-catalyst-ufpt,Entity,2026-04-25_Catalyst_UFPT,2026-04-25_Catalyst_UFPT,2026-04-25_Catalyst_UFPT,,,,,,,entity,Entities,,,,,,,,,,,,,,,,2026-06-01,,,,,,,,,,,,,,
world:entity:2026-04-25-catalyst-wcc,Entity,2026-04-25_Catalyst_WCC,2026-04-25_Catalyst_WCC,2026-04-25_Catalyst_WCC,,,,,,,entity,Entities,,,,,,,,,,,,,,,,2026-06-01,,,,,,,,,,,,,,
world:entity:2026-04-25-conviction-delta,Entity,2026-04-25_Conviction_Delta,2026-04-25_Conviction_Delta,2026-04-25_Conviction_Delta,,,,,,,entity,Entities,,,,,,,,,,,,,,,,2026-06-01,,,,,,,,,,,,,,
world:entity:2026-04-25-dilution-gev,Entity,2026-04-25_DILUTION_GEV,2026-04-25_DILUTION_GEV,2026-04-25_DILUTION_GEV,,,,,,,entity,Entities,,,,,,,,,,,,,,,,2026-06-01,,,,,,,,,,,,,,
world:entity:2026-04-25-dilution-monitor,Entity,2026-04-25_Dilution_Monitor,2026-04-25_Dilution_Monitor,2026-04-25_Dilution_Monitor,,,,,,,entity,Entities,,,,,,,,,,,,,,,,2026-06-01,,,,,,,,,,,,,,
world:entity:2026-04-25-disclosure-reality-check,Entity,2026-04-25_Disclosure_Reality_Check,2026-04-25_Disclosure_Reality_Check,2026-04-25_Disclosure_Reality_Check,,,,,,,entity,Entities,,,,,,,,,,,,,,,,2026-06-01,,,,,,,,,,,,,,
world:entity:2026-04-25-fmp-earnings-calendar-thesis-watchlists,Entity,2026-04-25_FMP_Earnings_Calendar_Thesis_Watchlists,2026-04-25_FMP_Earnings_Calendar_Thesis_Watchlists,2026-04-25_FMP_Earnings_Calendar_Thesis_Watchlists,,,,,,,entity,Entities,,,,,,,,,,,,,,,,2026-06-01,,,,,,,,,,,,,,
world:entity:2026-04-25-fmp-technicals-abbv-daily,Entity,2026-04-25_FMP_Technicals_ABBV_daily,2026-04-25_FMP_Technicals_ABBV_daily,2026-04-25_FMP_Technicals_ABBV_daily,,,,,,,entity,Entities,,,,,,,,,,,,,,,,2026-06-01,,,,,,,,,,,,,,
world:entity:2026-04-25-fmp-technicals-acad-daily,Entity,2026-04-25_FMP_Technicals_ACAD_daily,2026-04-25_FMP_Technicals_ACAD_daily,2026-04-25_FMP_Technicals_ACAD_daily,,,,,,,entity,Entities,,,,,,,,,,,,,,,,2026-06-01,,,,,,,,,,,,,,
world:entity:2026-04-25-fmp-technicals-achr-daily,Entity,2026-04-25_FMP_Technicals_ACHR_daily,2026-04-25_FMP_Technicals_ACHR_daily,2026-04-25_FMP_Technicals_ACHR_daily,,,,,,,entity,Entities,,,,,,,,,,,,,,,,2026-06-01,,,,,,,,,,,,,,
world:entity:2026-04-25-fmp-technicals-adm-daily,Entity,2026-04-25_FMP_Technicals_ADM_daily,2026-04-25_FMP_Technicals_ADM_daily,2026-04-25_FMP_Technicals_ADM_daily,,,,,,,entity,Entities,,,,,,,,,,,,,,,,2026-06-01,,,,,,,,,,,,,,
world:entity:2026-04-25-fmp-technicals-airo-daily,Entity,2026-04-25_FMP_Technicals_AIRO_daily,2026-04-25_FMP_Technicals_AIRO_daily,2026-04-25_FMP_Technicals_AIRO_daily,,,,,,,entity,Entities,,,,,,,,,,,,,,,,2026-06-01,,,,,,,,,,,,,,
world:entity:2026-04-25-fmp-technicals-alks-daily,Entity,2026-04-25_FMP_Technicals_ALKS_daily,2026-04-25_FMP_Technicals_ALKS_daily,2026-04-25_FMP_Technicals_ALKS_daily,,,,,,,entity,Entities,,,,,,,,,,,,,,,,2026-06-01,,,,,,,,,,,,,,
world:entity:2026-04-25-fmp-technicals-alvo-daily,Entity,2026-04-25_FMP_Technicals_ALVO_daily,2026-04-25_FMP_Technicals_ALVO_daily,2026-04-25_FMP_Technicals_ALVO_daily,,,,,,,entity,Entities,,,,,,,,,,,,,,,,2026-06-01,,,,,,,,,,,,,,
world:entity:2026-04-25-fmp-technicals-amat-daily,Entity,2026-04-25_FMP_Technicals_AMAT_daily,2026-04-25_FMP_Technicals_AMAT_daily,2026-04-25_FMP_Technicals_AMAT_daily,,,,,,,entity,Entities,,,,,,,,,,,,,,,,2026-06-01,,,,,,,,,,,,,,
world:entity:2026-04-25-fmp-technicals-amgn-daily,Entity,2026-04-25_FMP_Technicals_AMGN_daily,2026-04-25_FMP_Technicals_AMGN_daily,2026-04-25_FMP_Technicals_AMGN_daily,,,,,,,entity,Entities,,,,,,,,,,,,,,,,2026-06-01,,,,,,,,,,,,,,
world:entity:2026-04-25-fmp-technicals-amsc-daily,Entity,2026-04-25_FMP_Technicals_AMSC_daily,2026-04-25_FMP_Technicals_AMSC_daily,2026-04-25_FMP_Technicals_AMSC_daily,,,,,,,entity,Entities,,,,,,,,,,,,,,,,2026-06-01,,,,,,,,,,,,,,
world:entity:2026-04-25-fmp-technicals-amzn-daily,Entity,2026-04-25_FMP_Technicals_AMZN_daily,2026-04-25_FMP_Technicals_AMZN_daily,2026-04-25_FMP_Technicals_AMZN_daily,,,,,,,entity,Entities,,,,,,,,,,,,,,,,2026-06-01,,,,,,,,,,,,,,
world:entity:2026-04-25-fmp-technicals-asts-daily,Entity,2026-04-25_FMP_Technicals_ASTS_daily,2026-04-25_FMP_Technicals_ASTS_daily,2026-04-25_FMP_Technicals_ASTS_daily,,,,,,,entity,Entities,,,,,,,,,,,,,,,,2026-06-01,,,,,,,,,,,,,,
world:entity:2026-04-25-fmp-technicals-atai-daily,Entity,2026-04-25_FMP_Technicals_ATAI_daily,2026-04-25_FMP_Technicals_ATAI_daily,2026-04-25_FMP_Technicals_ATAI_daily,,,,,,,entity,Entities,,,,,,,,,,,,,,,,2026-06-01,,,,,,,,,,,,,,
world:entity:2026-04-25-fmp-technicals-avav-daily,Entity,2026-04-25_FMP_Technicals_AVAV_daily,2026-04-25_FMP_Technicals_AVAV_daily,2026-04-25_FMP_Technicals_AVAV_daily,,,,,,,entity,Entities,,,,,,,,,,,,,,,,2026-06-01,,,,,,,,,,,,,,
world:entity:2026-04-25-fmp-technicals-bah-daily,Entity,2026-04-25_FMP_Technicals_BAH_daily,2026-04-25_FMP_Technicals_BAH_daily,2026-04-25_FMP_Technicals_BAH_daily,,,,,,,entity,Entities,,,,,,,,,,,,,,,,2026-06-01,,,,,,,,,,,,,,
world:entity:2026-04-25-fmp-technicals-bbai-daily,Entity,2026-04-25_FMP_Technicals_BBAI_daily,2026-04-25_FMP_Technicals_BBAI_daily,2026-04-25_FMP_Technicals_BBAI_daily,,,,,,,entity,Entities,,,,,,,,,,,,,,,,2026-06-01,,,,,,,,,,,,,,
world:entity:2026-04-25-fmp-technicals-beam-daily,Entity,2026-04-25_FMP_Technicals_BEAM_daily,2026-04-25_FMP_Technicals_BEAM_daily,2026-04-25_FMP_Technicals_BEAM_daily,,,,,,,entity,Entities,,,,,,,,,,,,,,,,2026-06-01,,,,,,,,,,,,,,
world:entity:2026-04-25-fmp-technicals-bg-daily,Entity,2026-04-25_FMP_Technicals_BG_daily,2026-04-25_FMP_Technicals_BG_daily,2026-04-25_FMP_Technicals_BG_daily,,,,,,,entity,Entities,,,,,,,,,,,,,,,,2026-06-01,,,,,,,,,,,,,,
world:entity:2026-04-25-fmp-technicals-biib-daily,Entity,2026-04-25_FMP_Technicals_BIIB_daily,2026-04-25_FMP_Technicals_BIIB_daily,2026-04-25_FMP_Technicals_BIIB_daily,,,,,,,entity,Entities,,,,,,,,,,,,,,,,2026-06-01,,,,,,,,,,,,,,
world:entity:2026-04-25-fmp-technicals-bksy-daily,Entity,2026-04-25_FMP_Technicals_BKSY_daily,2026-04-25_FMP_Technicals_BKSY_daily,2026-04-25_FMP_Technicals_BKSY_daily,,,,,,,entity,Entities,,,,,,,,,,,,,,,,2026-06-01,,,,,,,,,,,,,,
world:entity:2026-04-25-fmp-technicals-brbr-daily,Entity,2026-04-25_FMP_Technicals_BRBR_daily,2026-04-25_FMP_Technicals_BRBR_daily,2026-04-25_FMP_Technicals_BRBR_daily,,,,,,,entity,Entities,,,,,,,,,,,,,,,,2026-06-01,,,,,,,,,,,,,,
world:entity:2026-04-25-fmp-technicals-bw-daily,Entity,2026-04-25_FMP_Technicals_BW_daily,2026-04-25_FMP_Technicals_BW_daily,2026-04-25_FMP_Technicals_BW_daily,,,,,,,entity,Entities,,,,,,,,,,,,,,,,2026-06-01,,,,,,,,,,,,,,
world:entity:2026-04-25-fmp-technicals-bynd-daily,Entity,2026-04-25_FMP_Technicals_BYND_daily,2026-04-25_FMP_Technicals_BYND_daily,2026-04-25_FMP_Technicals_BYND_daily,,,,,,,entity,Entities,,,,,,,,,,,,,,,,2026-06-01,,,,,,,,,,,,,,
world:entity:2026-04-25-fmp-technicals-caci-daily,Entity,2026-04-25_FMP_Technicals_CACI_daily,2026-04-25_FMP_Technicals_CACI_daily,2026-04-25_FMP_Technicals_CACI_daily,,,,,,,entity,Entities,,,,,,,,,,,,,,,,2026-06-01,,,,,,,,,,,,,,
world:entity:2026-04-25-fmp-technicals-ccj-daily,Entity,2026-04-25_FMP_Technicals_CCJ_daily,2026-04-25_FMP_Technicals_CCJ_daily,2026-04-25_FMP_Technicals_CCJ_daily,,,,,,,entity,Entities,,,,,,,,,,,,,,,,2026-06-01,,,,,,,,,,,,,,
world:entity:2026-04-25-fmp-technicals-ceg-daily,Entity,2026-04-25_FMP_Technicals_CEG_daily,2026-04-25_FMP_Technicals_CEG_daily,2026-04-25_FMP_Technicals_CEG_daily,,,,,,,entity,Entities,,,,,,,,,,,,,,,,2026-06-01,,,,,,,,,,,,,,
world:entity:2026-04-25-fmp-technicals-cmps-daily,Entity,2026-04-25_FMP_Technicals_CMPS_daily,2026-04-25_FMP_Technicals_CMPS_daily,2026-04-25_FMP_Technicals_CMPS_daily,,,,,,,entity,Entities,,,,,,,,,,,,,,,,2026-06-01,,,,,,,,,,,,,,
world:entity:2026-04-25-fmp-technicals-coin-daily,Entity,2026-04-25_FMP_Technicals_COIN_daily,2026-04-25_FMP_Technicals_COIN_daily,2026-04-25_FMP_Technicals_COIN_daily,,,,,,,entity,Entities,,,,,,,,,,,,,,,,2026-06-01,,,,,,,,,,,,,,
world:entity:2026-04-25-fmp-technicals-crsp-daily,Entity,2026-04-25_FMP_Technicals_CRSP_daily,2026-04-25_FMP_Technicals_CRSP_daily,2026-04-25_FMP_Technicals_CRSP_daily,,,,,,,entity,Entities,,,,,,,,,,,,,,,,2026-06-01,,,,,,,,,,,,,,
world:entity:2026-04-25-fmp-technicals-ctva-daily,Entity,2026-04-25_FMP_Technicals_CTVA_daily,2026-04-25_FMP_Technicals_CTVA_daily,2026-04-25_FMP_Technicals_CTVA_daily,,,,,,,entity,Entities,,,,,,,,,,,,,,,,2026-06-01,,,,,,,,,,,,,,
world:entity:2026-04-25-fmp-technicals-dftx-daily,Entity,2026-04-25_FMP_Technicals_DFTX_daily,2026-04-25_FMP_Technicals_DFTX_daily,2026-04-25_FMP_Technicals_DFTX_daily,,,,,,,entity,Entities,,,,,,,,,,,,,,,,2026-06-01,,,,,,,,,,,,,,
world:entity:2026-04-25-fmp-technicals-dhi-daily,Entity,2026-04-25_FMP_Technicals_DHI_daily,2026-04-25_FMP_Technicals_DHI_daily,2026-04-25_FMP_Technicals_DHI_daily,,,,,,,entity,Entities,,,,,,,,,,,,,,,,2026-06-01,,,,,,,,,,,,,,
world:entity:2026-04-25-fmp-technicals-dna-daily,Entity,2026-04-25_FMP_Technicals_DNA_daily,2026-04-25_FMP_Technicals_DNA_daily,2026-04-25_FMP_Technicals_DNA_daily,,,,,,,entity,Entities,,,,,,,,,,,,,,,,2026-06-01,,,,,,,,,,,,,,
world:entity:2026-04-25-fmp-technicals-dpro-daily,Entity,2026-04-25_FMP_Technicals_DPRO_daily,2026-04-25_FMP_Technicals_DPRO_daily,2026-04-25_FMP_Technicals_DPRO_daily,,,,,,,entity,Entities,,,,,,,,,,,,,,,,2026-06-01,,,,,,,,,,,,,,
world:entity:2026-04-25-fmp-technicals-ecpg-daily,Entity,2026-04-25_FMP_Technicals_ECPG_daily,2026-04-25_FMP_Technicals_ECPG_daily,2026-04-25_FMP_Technicals_ECPG_daily,,,,,,,entity,Entities,,,,,,,,,,,,,,,,2026-06-01,,,,,,,,,,,,,,
world:entity:2026-04-25-fmp-technicals-edit-daily,Entity,2026-04-25_FMP_Technicals_EDIT_daily,2026-04-25_FMP_Technicals_EDIT_daily,2026-04-25_FMP_Technicals_EDIT_daily,,,,,,,entity,Entities,,,,,,,,,,,,,,,,2026-06-01,,,,,,,,,,,,,,
world:entity:2026-04-25-fmp-technicals-eh-daily,Entity,2026-04-25_FMP_Technicals_EH_daily,2026-04-25_FMP_Technicals_EH_daily,2026-04-25_FMP_Technicals_EH_daily,,,,,,,entity,Entities,,,,,,,,,,,,,,,,2026-06-01,,,,,,,,,,,,,,
world:entity:2026-04-25-fmp-technicals-envx-daily,Entity,2026-04-25_FMP_Technicals_ENVX_daily,2026-04-25_FMP_Technicals_ENVX_daily,2026-04-25_FMP_Technicals_ENVX_daily,,,,,,,entity,Entities,,,,,,,,,,,,,,,,2026-06-01,,,,,,,,,,,,,,
world:entity:2026-04-25-fmp-technicals-eslt-daily,Entity,2026-04-25_FMP_Technicals_ESLT_daily,2026-04-25_FMP_Technicals_ESLT_daily,2026-04-25_FMP_Technicals_ESLT_daily,,,,,,,entity,Entities,,,,,,,,,,,,,,,,2026-06-01,,,,,,,,,,,,,,
world:entity:2026-04-25-fmp-technicals-etn-daily,Entity,2026-04-25_FMP_Technicals_ETN_daily,2026-04-25_FMP_Technicals_ETN_daily,2026-04-25_FMP_Technicals_ETN_daily,,,,,,,entity,Entities,,,,,,,,,,,,,,,,2026-06-01,,,,,,,,,,,,,,
world:entity:2026-04-25-fmp-technicals-evtl-daily,Entity,2026-04-25_FMP_Technicals_EVTL_daily,2026-04-25_FMP_Technicals_EVTL_daily,2026-04-25_FMP_Technicals_EVTL_daily,,,,,,,entity,Entities,,,,,,,,,,,,,,,,2026-06-01,,,,,,,,,,,,,,
world:entity:2026-04-25-fmp-technicals-flnc-daily,Entity,2026-04-25_FMP_Technicals_FLNC_daily,2026-04-25_FMP_Technicals_FLNC_daily,2026-04-25_FMP_Technicals_FLNC_daily,,,,,,,entity,Entities,,,,,,,,,,,,,,,,2026-06-01,,,,,,,,,,,,,,
world:entity:2026-04-25-fmp-technicals-fmc-daily,Entity,2026-04-25_FMP_Technicals_FMC_daily,2026-04-25_FMP_Technicals_FMC_daily,2026-04-25_FMP_Technicals_FMC_daily,,,,,,,entity,Entities,,,,,,,,,,,,,,,,2026-06-01,,,,,,,,,,,,,,
world:entity:2026-04-25-fmp-technicals-gd-daily,Entity,2026-04-25_FMP_Technicals_GD_daily,2026-04-25_FMP_Technicals_GD_daily,2026-04-25_FMP_Technicals_GD_daily,,,,,,,entity,Entities,,,,,,,,,,,,,,,,2026-06-01,,,,,,,,,,,,,,
world:entity:2026-04-25-fmp-technicals-gev-daily,Entity,2026-04-25_FMP_Technicals_GEV_daily,2026-04-25_FMP_Technicals_GEV_daily,2026-04-25_FMP_Technicals_GEV_daily,,,,,,,entity,Entities,,,,,,,,,,,,,,,,2026-06-01,,,,,,,,,,,,,,
world:entity:2026-04-25-fmp-technicals-ghrs-daily,Entity,2026-04-25_FMP_Technicals_GHRS_daily,2026-04-25_FMP_Technicals_GHRS_daily,2026-04-25_FMP_Technicals_GHRS_daily,,,,,,,entity,Entities,,,,,,,,,,,,,,,,2026-06-01,,,,,,,,,,,,,,
world:entity:2026-04-25-fmp-technicals-gold-daily,Entity,2026-04-25_FMP_Technicals_GOLD_daily,2026-04-25_FMP_Technicals_GOLD_daily,2026-04-25_FMP_Technicals_GOLD_daily,,,,,,,entity,Entities,,,,,,,,,,,,,,,,2026-06-01,,,,,,,,,,,,,,
world:entity:2026-04-25-fmp-technicals-googl-daily,Entity,2026-04-25_FMP_Technicals_GOOGL_daily,2026-04-25_FMP_Technicals_GOOGL_daily,2026-04-25_FMP_Technicals_GOOGL_daily,,,,,,,entity,Entities,,,,,,,,,,,,,,,,2026-06-01,,,,,,,,,,,,,,
world:entity:2026-04-25-fmp-technicals-help-daily,Entity,2026-04-25_FMP_Technicals_HELP_daily,2026-04-25_FMP_Technicals_HELP_daily,2026-04-25_FMP_Technicals_HELP_daily,,,,,,,entity,Entities,,,,,,,,,,,,,,,,2026-06-01,,,,,,,,,,,,,,
world:entity:2026-04-25-fmp-technicals-hims-daily,Entity,2026-04-25_FMP_Technicals_HIMS_daily,2026-04-25_FMP_Technicals_HIMS_daily,2026-04-25_FMP_Technicals_HIMS_daily,,,,,,,entity,Entities,,,,,,,,,,,,,,,,2026-06-01,,,,,,,,,,,,,,
world:entity:2026-04-25-fmp-technicals-hovr-daily,Entity,2026-04-25_FMP_Technicals_HOVR_daily,2026-04-25_FMP_Technicals_HOVR_daily,2026-04-25_FMP_Technicals_HOVR_daily,,,,,,,entity,Entities,,,,,,,,,,,,,,,,2026-06-01,,,,,,,,,,,,,,
world:entity:2026-04-25-fmp-technicals-hubb-daily,Entity,2026-04-25_FMP_Technicals_HUBB_daily,2026-04-25_FMP_Technicals_HUBB_daily,2026-04-25_FMP_Technicals_HUBB_daily,,,,,,,entity,Entities,,,,,,,,,,,,,,,,2026-06-01,,,,,,,,,,,,,,
world:entity:2026-04-25-fmp-technicals-iff-daily,Entity,2026-04-25_FMP_Technicals_IFF_daily,2026-04-25_FMP_Technicals_IFF_daily,2026-04-25_FMP_Technicals_IFF_daily,,,,,,,entity,Entities,,,,,,,,,,,,,,,,2026-06-01,,,,,,,,,,,,,,
world:entity:2026-04-25-fmp-technicals-iipr-daily,Entity,2026-04-25_FMP_Technicals_IIPR_daily,2026-04-25_FMP_Technicals_IIPR_daily,2026-04-25_FMP_Technicals_IIPR_daily,,,,,,,entity,Entities,,,,,,,,,,,,,,,,2026-06-01,,,,,,,,,,,,,,
world:entity:2026-04-25-fmp-technicals-inva-daily,Entity,2026-04-25_FMP_Technicals_INVA_daily,2026-04-25_FMP_Technicals_INVA_daily,2026-04-25_FMP_Technicals_INVA_daily,,,,,,,entity,Entities,,,,,,,,,,,,,,,,2026-06-01,,,,,,,,,,,,,,
world:entity:2026-04-25-fmp-technicals-ionq-daily,Entity,2026-04-25_FMP_Technicals_IONQ_daily,2026-04-25_FMP_Technicals_IONQ_daily,2026-04-25_FMP_Technicals_IONQ_daily,,,,,,,entity,Entities,,,,,,,,,,,,,,,,2026-06-01,,,,,,,,,,,,,,
world:entity:2026-04-25-fmp-technicals-jnj-daily,Entity,2026-04-25_FMP_Technicals_JNJ_daily,2026-04-25_FMP_Technicals_JNJ_daily,2026-04-25_FMP_Technicals_JNJ_daily,,,,,,,entity,Entities,,,,,,,,,,,,,,,,2026-06-01,,,,,,,,,,,,,,
world:entity:2026-04-25-fmp-technicals-joby-daily,Entity,2026-04-25_FMP_Technicals_JOBY_daily,2026-04-25_FMP_Technicals_JOBY_daily,2026-04-25_FMP_Technicals_JOBY_daily,,,,,,,entity,Entities,,,,,,,,,,,,,,,,2026-06-01,,,,,,,,,,,,,,
world:entity:2026-04-25-fmp-technicals-klac-daily,Entity,2026-04-25_FMP_Technicals_KLAC_daily,2026-04-25_FMP_Technicals_KLAC_daily,2026-04-25_FMP_Technicals_KLAC_daily,,,,,,,entity,Entities,,,,,,,,,,,,,,,,2026-06-01,,,,,,,,,,,,,,
world:entity:2026-04-25-fmp-technicals-ktos-daily,Entity,2026-04-25_FMP_Technicals_KTOS_daily,2026-04-25_FMP_Technicals_KTOS_daily,2026-04-25_FMP_Technicals_KTOS_daily,,,,,,,entity,Entities,,,,,,,,,,,,,,,,2026-06-01,,,,,,,,,,,,,,
world:entity:2026-04-25-fmp-technicals-ldos-daily,Entity,2026-04-25_FMP_Technicals_LDOS_daily,2026-04-25_FMP_Technicals_LDOS_daily,2026-04-25_FMP_Technicals_LDOS_daily,,,,,,,entity,Entities,,,,,,,,,,,,,,,,2026-06-01,,,,,,,,,,,,,,
world:entity:2026-04-25-fmp-technicals-len-daily,Entity,2026-04-25_FMP_Technicals_LEN_daily,2026-04-25_FMP_Technicals_LEN_daily,2026-04-25_FMP_Technicals_LEN_daily,,,,,,,entity,Entities,,,,,,,,,,,,,,,,2026-06-01,,,,,,,,,,,,,,
world:entity:2026-04-25-fmp-technicals-lhx-daily,Entity,2026-04-25_FMP_Technicals_LHX_daily,2026-04-25_FMP_Technicals_LHX_daily,2026-04-25_FMP_Technicals_LHX_daily,,,,,,,entity,Entities,,,,,,,,,,,,,,,,2026-06-01,,,,,,,,,,,,,,
world:entity:2026-04-25-fmp-technicals-lly-daily,Entity,2026-04-25_FMP_Technicals_LLY_daily,2026-04-25_FMP_Technicals_LLY_daily,2026-04-25_FMP_Technicals_LLY_daily,,,,,,,entity,Entities,,,,,,,,,,,,,,,,2026-06-01,,,,,,,,,,,,,,
world:entity:2026-04-25-fmp-technicals-lmt-daily,Entity,2026-04-25_FMP_Technicals_LMT_daily,2026-04-25_FMP_Technicals_LMT_daily,2026-04-25_FMP_Technicals_LMT_daily,,,,,,,entity,Entities,,,,,,,,,,,,,,,,2026-06-01,,,,,,,,,,,,,,
world:entity:2026-04-25-fmp-technicals-lrcx-daily,Entity,2026-04-25_FMP_Technicals_LRCX_daily,2026-04-25_FMP_Technicals_LRCX_daily,2026-04-25_FMP_Technicals_LRCX_daily,,,,,,,entity,Entities,,,,,,,,,,,,,,,,2026-06-01,,,,,,,,,,,,,,
world:entity:2026-04-25-fmp-technicals-mnts-daily,Entity,2026-04-25_FMP_Technicals_MNTS_daily,2026-04-25_FMP_Technicals_MNTS_daily,2026-04-25_FMP_Technicals_MNTS_daily,,,,,,,entity,Entities,,,,,,,,,,,,,,,,2026-06-01,,,,,,,,,,,,,,
world:entity:2026-04-25-fmp-technicals-mrk-daily,Entity,2026-04-25_FMP_Technicals_MRK_daily,2026-04-25_FMP_Technicals_MRK_daily,2026-04-25_FMP_Technicals_MRK_daily,,,,,,,entity,Entities,,,,,,,,,,,,,,,,2026-06-01,,,,,,,,,,,,,,
world:entity:2026-04-25-fmp-technicals-msft-daily,Entity,2026-04-25_FMP_Technicals_MSFT_daily,2026-04-25_FMP_Technicals_MSFT_daily,2026-04-25_FMP_Technicals_MSFT_daily,,,,,,,entity,Entities,,,,,,,,,,,,,,,,2026-06-01,,,,,,,,,,,,,,
world:entity:2026-04-25-fmp-technicals-mstr-daily,Entity,2026-04-25_FMP_Technicals_MSTR_daily,2026-04-25_FMP_Technicals_MSTR_daily,2026-04-25_FMP_Technicals_MSTR_daily,,,,,,,entity,Entities,,,,,,,,,,,,,,,,2026-06-01,,,,,,,,,,,,,,
world:entity:2026-04-25-fmp-technicals-mtz-daily,Entity,2026-04-25_FMP_Technicals_MTZ_daily,2026-04-25_FMP_Technicals_MTZ_daily,2026-04-25_FMP_Technicals_MTZ_daily,,,,,,,entity,Entities,,,,,,,,,,,,,,,,2026-06-01,,,,,,,,,,,,,,
world:entity:2026-04-25-fmp-technicals-myrg-daily,Entity,2026-04-25_FMP_Technicals_MYRG_daily,2026-04-25_FMP_Technicals_MYRG_daily,2026-04-25_FMP_Technicals_MYRG_daily,,,,,,,entity,Entities,,,,,,,,,,,,,,,,2026-06-01,,,,,,,,,,,,,,
world:entity:2026-04-25-fmp-technicals-nbix-daily,Entity,2026-04-25_FMP_Technicals_NBIX_daily,2026-04-25_FMP_Technicals_NBIX_daily,2026-04-25_FMP_Technicals_NBIX_daily,,,,,,,entity,Entities,,,,,,,,,,,,,,,,2026-06-01,,,,,,,,,,,,,,
world:entity:2026-04-25-fmp-technicals-nem-daily,Entity,2026-04-25_FMP_Technicals_NEM_daily,2026-04-25_FMP_Technicals_NEM_daily,2026-04-25_FMP_Technicals_NEM_daily,,,,,,,entity,Entities,,,,,,,,,,,,,,,,2026-06-01,,,,,,,,,,,,,,
world:entity:2026-04-25-fmp-technicals-nktr-daily,Entity,2026-04-25_FMP_Technicals_NKTR_daily,2026-04-25_FMP_Technicals_NKTR_daily,2026-04-25_FMP_Technicals_NKTR_daily,,,,,,,entity,Entities,,,,,,,,,,,,,,,,2026-06-01,,,,,,,,,,,,,,
world:entity:2026-04-25-fmp-technicals-nne-daily,Entity,2026-04-25_FMP_Technicals_NNE_daily,2026-04-25_FMP_Technicals_NNE_daily,2026-04-25_FMP_Technicals_NNE_daily,,,,,,,entity,Entities,,,,,,,,,,,,,,,,2026-06-01,,,,,,,,,,,,,,
world:entity:2026-04-25-fmp-technicals-noc-daily,Entity,2026-04-25_FMP_Technicals_NOC_daily,2026-04-25_FMP_Technicals_NOC_daily,2026-04-25_FMP_Technicals_NOC_daily,,,,,,,entity,Entities,,,,,,,,,,,,,,,,2026-06-01,,,,,,,,,,,,,,
world:entity:2026-04-25-fmp-technicals-nrg-daily,Entity,2026-04-25_FMP_Technicals_NRG_daily,2026-04-25_FMP_Technicals_NRG_daily,2026-04-25_FMP_Technicals_NRG_daily,,,,,,,entity,Entities,,,,,,,,,,,,,,,,2026-06-01,,,,,,,,,,,,,,
world:entity:2026-04-25-fmp-technicals-ntla-daily,Entity,2026-04-25_FMP_Technicals_NTLA_daily,2026-04-25_FMP_Technicals_NTLA_daily,2026-04-25_FMP_Technicals_NTLA_daily,,,,,,,entity,Entities,,,,,,,,,,,,,,,,2026-06-01,,,,,,,,,,,,,,
world:entity:2026-04-25-fmp-technicals-nvda-daily,Entity,2026-04-25_FMP_Technicals_NVDA_daily,2026-04-25_FMP_Technicals_NVDA_daily,2026-04-25_FMP_Technicals_NVDA_daily,,,,,,,entity,Entities,,,,,,,,,,,,,,,,2026-06-01,,,,,,,,,,,,,,
world:entity:2026-04-25-fmp-technicals-nvr-daily,Entity,2026-04-25_FMP_Technicals_NVR_daily,2026-04-25_FMP_Technicals_NVR_daily,2026-04-25_FMP_Technicals_NVR_daily,,,,,,,entity,Entities,,,,,,,,,,,,,,,,2026-06-01,,,,,,,,,,,,,,
world:entity:2026-04-25-fmp-technicals-oklo-daily,Entity,2026-04-25_FMP_Technicals_OKLO_daily,2026-04-25_FMP_Technicals_OKLO_daily,2026-04-25_FMP_Technicals_OKLO_daily,,,,,,,entity,Entities,,,,,,,,,,,,,,,,2026-06-01,,,,,,,,,,,,,,
world:entity:2026-04-25-fmp-technicals-on-daily,Entity,2026-04-25_FMP_Technicals_ON_daily,2026-04-25_FMP_Technicals_ON_daily,2026-04-25_FMP_Technicals_ON_daily,,,,,,,entity,Entities,,,,,,,,,,,,,,,,2026-06-01,,,,,,,,,,,,,,
world:entity:2026-04-25-fmp-technicals-onds-daily,Entity,2026-04-25_FMP_Technicals_ONDS_daily,2026-04-25_FMP_Technicals_ONDS_daily,2026-04-25_FMP_Technicals_ONDS_daily,,,,,,,entity,Entities,,,,,,,,,,,,,,,,2026-06-01,,,,,,,,,,,,,,
world:entity:2026-04-25-fmp-technicals-onto-daily,Entity,2026-04-25_FMP_Technicals_ONTO_daily,2026-04-25_FMP_Technicals_ONTO_daily,2026-04-25_FMP_Technicals_ONTO_daily,,,,,,,entity,Entities,,,,,,,,,,,,,,,,2026-06-01,,,,,,,,,,,,,,
world:entity:2026-04-25-fmp-technicals-pdfs-daily,Entity,2026-04-25_FMP_Technicals_PDFS_daily,2026-04-25_FMP_Technicals_PDFS_daily,2026-04-25_FMP_Technicals_PDFS_daily,,,,,,,entity,Entities,,,,,,,,,,,,,,,,2026-06-01,,,,,,,,,,,,,,
world:entity:2026-04-25-fmp-technicals-pfe-daily,Entity,2026-04-25_FMP_Technicals_PFE_daily,2026-04-25_FMP_Technicals_PFE_daily,2026-04-25_FMP_Technicals_PFE_daily,,,,,,,entity,Entities,,,,,,,,,,,,,,,,2026-06-01,,,,,,,,,,,,,,
world:entity:2026-04-25-fmp-technicals-pl-daily,Entity,2026-04-25_FMP_Technicals_PL_daily,2026-04-25_FMP_Technicals_PL_daily,2026-04-25_FMP_Technicals_PL_daily,,,,,,,entity,Entities,,,,,,,,,,,,,,,,2026-06-01,,,,,,,,,,,,,,
world:entity:2026-04-25-fmp-technicals-pltr-daily,Entity,2026-04-25_FMP_Technicals_PLTR_daily,2026-04-25_FMP_Technicals_PLTR_daily,2026-04-25_FMP_Technicals_PLTR_daily,,,,,,,entity,Entities,,,,,,,,,,,,,,,,2026-06-01,,,,,,,,,,,,,,
world:entity:2026-04-25-fmp-technicals-powl-daily,Entity,2026-04-25_FMP_Technicals_POWL_daily,2026-04-25_FMP_Technicals_POWL_daily,2026-04-25_FMP_Technicals_POWL_daily,,,,,,,entity,Entities,,,,,,,,,,,,,,,,2026-06-01,,,,,,,,,,,,,,
world:entity:2026-04-25-fmp-technicals-ppih-daily,Entity,2026-04-25_FMP_Technicals_PPIH_daily,2026-04-25_FMP_Technicals_PPIH_daily,2026-04-25_FMP_Technicals_PPIH_daily,,,,,,,entity,Entities,,,,,,,,,,,,,,,,2026-06-01,,,,,,,,,,,,,,
world:entity:2026-04-25-fmp-technicals-prks-daily,Entity,2026-04-25_FMP_Technicals_PRKS_daily,2026-04-25_FMP_Technicals_PRKS_daily,2026-04-25_FMP_Technicals_PRKS_daily,,,,,,,entity,Entities,,,,,,,,,,,,,,,,2026-06-01,,,,,,,,,,,,,,
world:entity:2026-04-25-fmp-technicals-prta-daily,Entity,2026-04-25_FMP_Technicals_PRTA_daily,2026-04-25_FMP_Technicals_PRTA_daily,2026-04-25_FMP_Technicals_PRTA_daily,,,,,,,entity,Entities,,,,,,,,,,,,,,,,2026-06-01,,,,,,,,,,,,,,
world:entity:2026-04-25-fmp-technicals-psil-daily,Entity,2026-04-25_FMP_Technicals_PSIL_daily,2026-04-25_FMP_Technicals_PSIL_daily,2026-04-25_FMP_Technicals_PSIL_daily,,,,,,,entity,Entities,,,,,,,,,,,,,,,,2026-06-01,,,,,,,,,,,,,,
world:entity:2026-04-25-fmp-technicals-pwr-daily,Entity,2026-04-25_FMP_Technicals_PWR_daily,2026-04-25_FMP_Technicals_PWR_daily,2026-04-25_FMP_Technicals_PWR_daily,,,,,,,entity,Entities,,,,,,,,,,,,,,,,2026-06-01,,,,,,,,,,,,,,
world:entity:2026-04-25-fmp-technicals-qubt-daily,Entity,2026-04-25_FMP_Technicals_QUBT_daily,2026-04-25_FMP_Technicals_QUBT_daily,2026-04-25_FMP_Technicals_QUBT_daily,,,,,,,entity,Entities,,,,,,,,,,,,,,,,2026-06-01,,,,,,,,,,,,,,
world:entity:2026-04-25-fmp-technicals-rcat-daily,Entity,2026-04-25_FMP_Technicals_RCAT_daily,2026-04-25_FMP_Technicals_RCAT_daily,2026-04-25_FMP_Technicals_RCAT_daily,,,,,,,entity,Entities,,,,,,,,,,,,,,,,2026-06-01,,,,,,,,,,,,,,
world:entity:2026-04-25-fmp-technicals-rgti-daily,Entity,2026-04-25_FMP_Technicals_RGTI_daily,2026-04-25_FMP_Technicals_RGTI_daily,2026-04-25_FMP_Technicals_RGTI_daily,,,,,,,entity,Entities,,,,,,,,,,,,,,,,2026-06-01,,,,,,,,,,,,,,
world:entity:2026-04-25-fmp-technicals-rklb-daily,Entity,2026-04-25_FMP_Technicals_RKLB_daily,2026-04-25_FMP_Technicals_RKLB_daily,2026-04-25_FMP_Technicals_RKLB_daily,,,,,,,entity,Entities,,,,,,,,,,,,,,,,2026-06-01,,,,,,,,,,,,,,
world:entity:2026-04-25-fmp-technicals-rprx-daily,Entity,2026-04-25_FMP_Technicals_RPRX_daily,2026-04-25_FMP_Technicals_RPRX_daily,2026-04-25_FMP_Technicals_RPRX_daily,,,,,,,entity,Entities,,,,,,,,,,,,,,,,2026-06-01,,,,,,,,,,,,,,
world:entity:2026-04-25-fmp-technicals-rtx-daily,Entity,2026-04-25_FMP_Technicals_RTX_daily,2026-04-25_FMP_Technicals_RTX_daily,2026-04-25_FMP_Technicals_RTX_daily,,,,,,,entity,Entities,,,,,,,,,,,,,,,,2026-06-01,,,,,,,,,,,,,,
world:entity:2026-04-25-fmp-technicals-saic-daily,Entity,2026-04-25_FMP_Technicals_SAIC_daily,2026-04-25_FMP_Technicals_SAIC_daily,2026-04-25_FMP_Technicals_SAIC_daily,,,,,,,entity,Entities,,,,,,,,,,,,,,,,2026-06-01,,,,,,,,,,,,,,
world:entity:2026-04-25-fmp-technicals-sky-daily,Entity,2026-04-25_FMP_Technicals_SKY_daily,2026-04-25_FMP_Technicals_SKY_daily,2026-04-25_FMP_Technicals_SKY_daily,,,,,,,entity,Entities,,,,,,,,,,,,,,,,2026-06-01,,,,,,,,,,,,,,
world:entity:2026-04-25-fmp-technicals-smr-daily,Entity,2026-04-25_FMP_Technicals_SMR_daily,2026-04-25_FMP_Technicals_SMR_daily,2026-04-25_FMP_Technicals_SMR_daily,,,,,,,entity,Entities,,,,,,,,,,,,,,,,2026-06-01,,,,,,,,,,,,,,
world:entity:2026-04-25-fmp-technicals-spir-daily,Entity,2026-04-25_FMP_Technicals_SPIR_daily,2026-04-25_FMP_Technicals_SPIR_daily,2026-04-25_FMP_Technicals_SPIR_daily,,,,,,,entity,Entities,,,,,,,,,,,,,,,,2026-06-01,,,,,,,,,,,,,,
world:entity:2026-04-25-fmp-technicals-spro-daily,Entity,2026-04-25_FMP_Technicals_SPRO_daily,2026-04-25_FMP_Technicals_SPRO_daily,2026-04-25_FMP_Technicals_SPRO_daily,,,,,,,entity,Entities,,,,,,,,,,,,,,,,2026-06-01,,,,,,,,,,,,,,
world:entity:2026-04-25-fmp-technicals-stem-daily,Entity,2026-04-25_FMP_Technicals_STEM_daily,2026-04-25_FMP_Technicals_STEM_daily,2026-04-25_FMP_Technicals_STEM_daily,,,,,,,entity,Entities,,,,,,,,,,,,,,,,2026-06-01,,,,,,,,,,,,,,
world:entity:2026-04-25-fmp-technicals-strl-daily,Entity,2026-04-25_FMP_Technicals_STRL_daily,2026-04-25_FMP_Technicals_STRL_daily,2026-04-25_FMP_Technicals_STRL_daily,,,,,,,entity,Entities,,,,,,,,,,,,,,,,2026-06-01,,,,,,,,,,,,,,
world:entity:2026-04-25-fmp-technicals-tdy-daily,Entity,2026-04-25_FMP_Technicals_TDY_daily,2026-04-25_FMP_Technicals_TDY_daily,2026-04-25_FMP_Technicals_TDY_daily,,,,,,,entity,Entities,,,,,,,,,,,,,,,,2026-06-01,,,,,,,,,,,,,,
world:entity:2026-04-25-fmp-technicals-tmhc-daily,Entity,2026-04-25_FMP_Technicals_TMHC_daily,2026-04-25_FMP_Technicals_TMHC_daily,2026-04-25_FMP_Technicals_TMHC_daily,,,,,,,entity,Entities,,,,,,,,,,,,,,,,2026-06-01,,,,,,,,,,,,,,
world:entity:2026-04-25-fmp-technicals-tmo-daily,Entity,2026-04-25_FMP_Technicals_TMO_daily,2026-04-25_FMP_Technicals_TMO_daily,2026-04-25_FMP_Technicals_TMO_daily,,,,,,,entity,Entities,,,,,,,,,,,,,,,,2026-06-01,,,,,,,,,,,,,,
world:entity:2026-04-25-fmp-technicals-tnc-daily,Entity,2026-04-25_FMP_Technicals_TNC_daily,2026-04-25_FMP_Technicals_TNC_daily,2026-04-25_FMP_Technicals_TNC_daily,,,,,,,entity,Entities,,,,,,,,,,,,,,,,2026-06-01,,,,,,,,,,,,,,
world:entity:2026-04-25-fmp-technicals-tol-daily,Entity,2026-04-25_FMP_Technicals_TOL_daily,2026-04-25_FMP_Technicals_TOL_daily,2026-04-25_FMP_Technicals_TOL_daily,,,,,,,entity,Entities,,,,,,,,,,,,,,,,2026-06-01,,,,,,,,,,,,,,
world:entity:2026-04-25-fmp-technicals-tsla-daily,Entity,2026-04-25_FMP_Technicals_TSLA_daily,2026-04-25_FMP_Technicals_TSLA_daily,2026-04-25_FMP_Technicals_TSLA_daily,,,,,,,entity,Entities,,,,,,,,,,,,,,,,2026-06-01,,,,,,,,,,,,,,
world:entity:2026-04-25-fmp-technicals-tsn-daily,Entity,2026-04-25_FMP_Technicals_TSN_daily,2026-04-25_FMP_Technicals_TSN_daily,2026-04-25_FMP_Technicals_TSN_daily,,,,,,,entity,Entities,,,,,,,,,,,,,,,,2026-06-01,,,,,,,,,,,,,,
world:entity:2026-04-25-fmp-technicals-twst-daily,Entity,2026-04-25_FMP_Technicals_TWST_daily,2026-04-25_FMP_Technicals_TWST_daily,2026-04-25_FMP_Technicals_TWST_daily,,,,,,,entity,Entities,,,,,,,,,,,,,,,,2026-06-01,,,,,,,,,,,,,,
world:entity:2026-04-25-fmp-technicals-txt-daily,Entity,2026-04-25_FMP_Technicals_TXT_daily,2026-04-25_FMP_Technicals_TXT_daily,2026-04-25_FMP_Technicals_TXT_daily,,,,,,,entity,Entities,,,,,,,,,,,,,,,,2026-06-01,,,,,,,,,,,,,,
world:entity:2026-04-25-fmp-technicals-ufpt-daily,Entity,2026-04-25_FMP_Technicals_UFPT_daily,2026-04-25_FMP_Technicals_UFPT_daily,2026-04-25_FMP_Technicals_UFPT_daily,,,,,,,entity,Entities,,,,,,,,,,,,,,,,2026-06-01,,,,,,,,,,,,,,
world:entity:2026-04-25-fmp-technicals-umac-daily,Entity,2026-04-25_FMP_Technicals_UMAC_daily,2026-04-25_FMP_Technicals_UMAC_daily,2026-04-25_FMP_Technicals_UMAC_daily,,,,,,,entity,Entities,,,,,,,,,,,,,,,,2026-06-01,,,,,,,,,,,,,,
world:entity:2026-04-25-fmp-technicals-unty-daily,Entity,2026-04-25_FMP_Technicals_UNTY_daily,2026-04-25_FMP_Technicals_UNTY_daily,2026-04-25_FMP_Technicals_UNTY_daily,,,,,,,entity,Entities,,,,,,,,,,,,,,,,2026-06-01,,,,,,,,,,,,,,
world:entity:2026-04-25-fmp-technicals-vktx-daily,Entity,2026-04-25_FMP_Technicals_VKTX_daily,2026-04-25_FMP_Technicals_VKTX_daily,2026-04-25_FMP_Technicals_VKTX_daily,,,,,,,entity,Entities,,,,,,,,,,,,,,,,2026-06-01,,,,,,,,,,,,,,
world:entity:2026-04-25-fmp-technicals-vst-daily,Entity,2026-04-25_FMP_Technicals_VST_daily,2026-04-25_FMP_Technicals_VST_daily,2026-04-25_FMP_Technicals_VST_daily,,,,,,,entity,Entities,,,,,,,,,,,,,,,,2026-06-01,,,,,,,,,,,,,,
world:entity:2026-04-25-fmp-technicals-wcc-daily,Entity,2026-04-25_FMP_Technicals_WCC_daily,2026-04-25_FMP_Technicals_WCC_daily,2026-04-25_FMP_Technicals_WCC_daily,,,,,,,entity,Entities,,,,,,,,,,,,,,,,2026-06-01,,,,,,,,,,,,,,
world:entity:2026-04-25-fmp-technicals-wolf-daily,Entity,2026-04-25_FMP_Technicals_WOLF_daily,2026-04-25_FMP_Technicals_WOLF_daily,2026-04-25_FMP_Technicals_WOLF_daily,,,,,,,entity,Entities,,,,,,,,,,,,,,,,2026-06-01,,,,,,,,,,,,,,
world:entity:2026-04-25-fmp-technicals-wpm-daily,Entity,2026-04-25_FMP_Technicals_WPM_daily,2026-04-25_FMP_Technicals_WPM_daily,2026-04-25_FMP_Technicals_WPM_daily,,,,,,,entity,Entities,,,,,,,,,,,,,,,,2026-06-01,,,,,,,,,,,,,,
world:entity:2026-04-25-fmp-technicals-xoma-daily,Entity,2026-04-25_FMP_Technicals_XOMA_daily,2026-04-25_FMP_Technicals_XOMA_daily,2026-04-25_FMP_Technicals_XOMA_daily,,,,,,,entity,Entities,,,,,,,,,,,,,,,,2026-06-01,,,,,,,,,,,,,,
world:entity:2026-04-25-fmp-thesis-watchlist-ai-power-defense-stack,Entity,2026-04-25_FMP_Thesis_Watchlist_AI_Power_Defense_Stack,2026-04-25_FMP_Thesis_Watchlist_AI_Power_Defense_Stack,2026-04-25_FMP_Thesis_Watchlist_AI_Power_Defense_Stack,,,,,,,entity,Entities,,,,,,,,,,,,,,,,2026-06-01,,,,,,,,,,,,,,
world:entity:2026-04-25-fmp-thesis-watchlist-ai-power-infrastructure,Entity,2026-04-25_FMP_Thesis_Watchlist_AI_Power_Infrastructure,2026-04-25_FMP_Thesis_Watchlist_AI_Power_Infrastructure,2026-04-25_FMP_Thesis_Watchlist_AI_Power_Infrastructure,,,,,,,entity,Entities,,,,,,,,,,,,,,,,2026-06-01,,,,,,,,,,,,,,
world:entity:2026-04-25-fmp-thesis-watchlist-alzheimer-s-disease-modification,Entity,2026-04-25_FMP_Thesis_Watchlist_Alzheimer's_Disease_Modification,2026-04-25_FMP_Thesis_Watchlist_Alzheimer's_Disease_Modification,2026-04-25_FMP_Thesis_Watchlist_Alzheimer's_Disease_Modification,,,,,,,entity,Entities,,,,,,,,,,,,,,,,2026-06-01,,,,,,,,,,,,,,
world:entity:2026-04-25-fmp-thesis-watchlist-antimicrobial-resistance-pipeline,Entity,2026-04-25_FMP_Thesis_Watchlist_Antimicrobial_Resistance_Pipeline,2026-04-25_FMP_Thesis_Watchlist_Antimicrobial_Resistance_Pipeline,2026-04-25_FMP_Thesis_Watchlist_Antimicrobial_Resistance_Pipeline,,,,,,,entity,Entities,,,,,,,,,,,,,,,,2026-06-01,,,,,,,,,,,,,,
world:entity:2026-04-25-fmp-thesis-watchlist-bioengineered-food-systems,Entity,2026-04-25_FMP_Thesis_Watchlist_Bioengineered_Food_Systems,2026-04-25_FMP_Thesis_Watchlist_Bioengineered_Food_Systems,2026-04-25_FMP_Thesis_Watchlist_Bioengineered_Food_Systems,,,,,,,entity,Entities,,,,,,,,,,,,,,,,2026-06-01,,,,,,,,,,,,,,
world:entity:2026-04-25-fmp-thesis-watchlist-biosecurity-compute-convergence,Entity,2026-04-25_FMP_Thesis_Watchlist_Biosecurity_Compute_Convergence,2026-04-25_FMP_Thesis_Watchlist_Biosecurity_Compute_Convergence,2026-04-25_FMP_Thesis_Watchlist_Biosecurity_Compute_Convergence,,,,,,,entity,Entities,,,,,,,,,,,,,,,,2026-06-01,,,,,,,,,,,,,,
world:entity:2026-04-25-fmp-thesis-watchlist-capital-raise-survivors-small-cap-inflection-basket,Entity,2026-04-25_FMP_Thesis_Watchlist_Capital_Raise_Survivors_Small-Cap_Inflection_Basket,2026-04-25_FMP_Thesis_Watchlist_Capital_Raise_Survivors_Small-Cap_Inflection_Basket,2026-04-25_FMP_Thesis_Watchlist_Capital_Raise_Survivors_Small-Cap_Inflection_Basket,,,,,,,entity,Entities,,,,,,,,,,,,,,,,2026-06-01,,,,,,,,,,,,,,
world:entity:2026-04-25-fmp-thesis-watchlist-defense-ai-autonomous-warfare,Entity,2026-04-25_FMP_Thesis_Watchlist_Defense_AI_&_Autonomous_Warfare,2026-04-25_FMP_Thesis_Watchlist_Defense_AI_&_Autonomous_Warfare,2026-04-25_FMP_Thesis_Watchlist_Defense_AI_&_Autonomous_Warfare,,,,,,,entity,Entities,,,,,,,,,,,,,,,,2026-06-01,,,,,,,,,,,,,,
world:entity:2026-04-25-fmp-thesis-watchlist-dollar-debasement-hard-money,Entity,2026-04-25_FMP_Thesis_Watchlist_Dollar_Debasement_&_Hard_Money,2026-04-25_FMP_Thesis_Watchlist_Dollar_Debasement_&_Hard_Money,2026-04-25_FMP_Thesis_Watchlist_Dollar_Debasement_&_Hard_Money,,,,,,,entity,Entities,,,,,,,,,,,,,,,,2026-06-01,,,,,,,,,,,,,,
world:entity:2026-04-25-fmp-thesis-watchlist-drone-autonomous-systems-revolution,Entity,2026-04-25_FMP_Thesis_Watchlist_Drone_&_Autonomous_Systems_Revolution,2026-04-25_FMP_Thesis_Watchlist_Drone_&_Autonomous_Systems_Revolution,2026-04-25_FMP_Thesis_Watchlist_Drone_&_Autonomous_Systems_Revolution,,,,,,,entity,Entities,,,,,,,,,,,,,,,,2026-06-01,,,,,,,,,,,,,,
world:entity:2026-04-25-fmp-thesis-watchlist-fiscal-scarcity-rearmament,Entity,2026-04-25_FMP_Thesis_Watchlist_Fiscal_Scarcity_Rearmament,2026-04-25_FMP_Thesis_Watchlist_Fiscal_Scarcity_Rearmament,2026-04-25_FMP_Thesis_Watchlist_Fiscal_Scarcity_Rearmament,,,,,,,entity,Entities,,,,,,,,,,,,,,,,2026-06-01,,,,,,,,,,,,,,
world:entity:2026-04-25-fmp-thesis-watchlist-gene-editing-crispr-therapeutics,Entity,2026-04-25_FMP_Thesis_Watchlist_Gene_Editing_&_CRISPR_Therapeutics,2026-04-25_FMP_Thesis_Watchlist_Gene_Editing_&_CRISPR_Therapeutics,2026-04-25_FMP_Thesis_Watchlist_Gene_Editing_&_CRISPR_Therapeutics,,,,,,,entity,Entities,,,,,,,,,,,,,,,,2026-06-01,,,,,,,,,,,,,,
world:entity:2026-04-25-fmp-thesis-watchlist-glp-1-metabolic-disease-revolution,Entity,2026-04-25_FMP_Thesis_Watchlist_GLP-1_Metabolic_Disease_Revolution,2026-04-25_FMP_Thesis_Watchlist_GLP-1_Metabolic_Disease_Revolution,2026-04-25_FMP_Thesis_Watchlist_GLP-1_Metabolic_Disease_Revolution,,,,,,,entity,Entities,,,,,,,,,,,,,,,,2026-06-01,,,,,,,,,,,,,,
world:entity:2026-04-25-fmp-thesis-watchlist-grid-equipment-bottleneck,Entity,2026-04-25_FMP_Thesis_Watchlist_Grid_Equipment_Bottleneck,2026-04-25_FMP_Thesis_Watchlist_Grid_Equipment_Bottleneck,2026-04-25_FMP_Thesis_Watchlist_Grid_Equipment_Bottleneck,,,,,,,entity,Entities,,,,,,,,,,,,,,,,2026-06-01,,,,,,,,,,,,,,
world:entity:2026-04-25-fmp-thesis-watchlist-grid-scale-battery-storage,Entity,2026-04-25_FMP_Thesis_Watchlist_Grid-Scale_Battery_Storage,2026-04-25_FMP_Thesis_Watchlist_Grid-Scale_Battery_Storage,2026-04-25_FMP_Thesis_Watchlist_Grid-Scale_Battery_Storage,,,,,,,entity,Entities,,,,,,,,,,,,,,,,2026-06-01,,,,,,,,,,,,,,
world:entity:2026-04-25-fmp-thesis-watchlist-housing-supply-correction,Entity,2026-04-25_FMP_Thesis_Watchlist_Housing_Supply_Correction,2026-04-25_FMP_Thesis_Watchlist_Housing_Supply_Correction,2026-04-25_FMP_Thesis_Watchlist_Housing_Supply_Correction,,,,,,,entity,Entities,,,,,,,,,,,,,,,,2026-06-01,,,,,,,,,,,,,,
world:entity:2026-04-25-fmp-thesis-watchlist-humanoid-robotics,Entity,2026-04-25_FMP_Thesis_Watchlist_Humanoid_Robotics,2026-04-25_FMP_Thesis_Watchlist_Humanoid_Robotics,2026-04-25_FMP_Thesis_Watchlist_Humanoid_Robotics,,,,,,,entity,Entities,,,,,,,,,,,,,,,,2026-06-01,,,,,,,,,,,,,,
world:entity:2026-04-25-fmp-thesis-watchlist-hypersonic-weapons-advanced-defense-systems,Entity,2026-04-25_FMP_Thesis_Watchlist_Hypersonic_Weapons_&_Advanced_Defense_Systems,2026-04-25_FMP_Thesis_Watchlist_Hypersonic_Weapons_&_Advanced_Defense_Systems,2026-04-25_FMP_Thesis_Watchlist_Hypersonic_Weapons_&_Advanced_Defense_Systems,,,,,,,entity,Entities,,,,,,,,,,,,,,,,2026-06-01,,,,,,,,,,,,,,
world:entity:2026-04-25-fmp-thesis-watchlist-longevity-aging-biology,Entity,2026-04-25_FMP_Thesis_Watchlist_Longevity_&_Aging_Biology,2026-04-25_FMP_Thesis_Watchlist_Longevity_&_Aging_Biology,2026-04-25_FMP_Thesis_Watchlist_Longevity_&_Aging_Biology,,,,,,,entity,Entities,,,,,,,,,,,,,,,,2026-06-01,,,,,,,,,,,,,,
world:entity:2026-04-25-fmp-thesis-watchlist-nuclear-renaissance-small-modular-reactors,Entity,2026-04-25_FMP_Thesis_Watchlist_Nuclear_Renaissance_&_Small_Modular_Reactors,2026-04-25_FMP_Thesis_Watchlist_Nuclear_Renaissance_&_Small_Modular_Reactors,2026-04-25_FMP_Thesis_Watchlist_Nuclear_Renaissance_&_Small_Modular_Reactors,,,,,,,entity,Entities,,,,,,,,,,,,,,,,2026-06-01,,,,,,,,,,,,,,
world:entity:2026-04-25-fmp-thesis-watchlist-psychedelic-mental-health-revolution,Entity,2026-04-25_FMP_Thesis_Watchlist_Psychedelic_Mental_Health_Revolution,2026-04-25_FMP_Thesis_Watchlist_Psychedelic_Mental_Health_Revolution,2026-04-25_FMP_Thesis_Watchlist_Psychedelic_Mental_Health_Revolution,,,,,,,entity,Entities,,,,,,,,,,,,,,,,2026-06-01,,,,,,,,,,,,,,
world:entity:2026-04-25-fmp-thesis-watchlist-quantum-computing,Entity,2026-04-25_FMP_Thesis_Watchlist_Quantum_Computing,2026-04-25_FMP_Thesis_Watchlist_Quantum_Computing,2026-04-25_FMP_Thesis_Watchlist_Quantum_Computing,,,,,,,entity,Entities,,,,,,,,,,,,,,,,2026-06-01,,,,,,,,,,,,,,
world:entity:2026-04-25-fmp-thesis-watchlist-semiconductor-sovereignty-chips-act,Entity,2026-04-25_FMP_Thesis_Watchlist_Semiconductor_Sovereignty_&_CHIPS_Act,2026-04-25_FMP_Thesis_Watchlist_Semiconductor_Sovereignty_&_CHIPS_Act,2026-04-25_FMP_Thesis_Watchlist_Semiconductor_Sovereignty_&_CHIPS_Act,,,,,,,entity,Entities,,,,,,,,,,,,,,,,2026-06-01,,,,,,,,,,,,,,
world:entity:2026-04-25-fmp-thesis-watchlist-space-domain-awareness-commercial-space,Entity,2026-04-25_FMP_Thesis_Watchlist_Space_Domain_Awareness_&_Commercial_Space,2026-04-25_FMP_Thesis_Watchlist_Space_Domain_Awareness_&_Commercial_Space,2026-04-25_FMP_Thesis_Watchlist_Space_Domain_Awareness_&_Commercial_Space,,,,,,,entity,Entities,,,,,,,,,,,,,,,,2026-06-01,,,,,,,,,,,,,,
world:entity:2026-04-27-fmp-earnings-calendar-thesis-watchlists,Entity,2026-04-27_FMP_Earnings_Calendar_Thesis_Watchlists,2026-04-27_FMP_Earnings_Calendar_Thesis_Watchlists,2026-04-27_FMP_Earnings_Calendar_Thesis_Watchlists,,,,,,,entity,Entities,,,,,,,,,,,,,,,,2026-06-01,,,,,,,,,,,,,,
world:entity:2026-04-27-fmp-technicals-abbv-daily,Entity,2026-04-27_FMP_Technicals_ABBV_daily,2026-04-27_FMP_Technicals_ABBV_daily,2026-04-27_FMP_Technicals_ABBV_daily,,,,,,,entity,Entities,,,,,,,,,,,,,,,,2026-06-01,,,,,,,,,,,,,,
world:entity:2026-04-27-fmp-technicals-acad-daily,Entity,2026-04-27_FMP_Technicals_ACAD_daily,2026-04-27_FMP_Technicals_ACAD_daily,2026-04-27_FMP_Technicals_ACAD_daily,,,,,,,entity,Entities,,,,,,,,,,,,,,,,2026-06-01,,,,,,,,,,,,,,
world:entity:2026-04-27-fmp-technicals-achr-daily,Entity,2026-04-27_FMP_Technicals_ACHR_daily,2026-04-27_FMP_Technicals_ACHR_daily,2026-04-27_FMP_Technicals_ACHR_daily,,,,,,,entity,Entities,,,,,,,,,,,,,,,,2026-06-01,,,,,,,,,,,,,,
world:entity:2026-04-27-fmp-technicals-adm-daily,Entity,2026-04-27_FMP_Technicals_ADM_daily,2026-04-27_FMP_Technicals_ADM_daily,2026-04-27_FMP_Technicals_ADM_daily,,,,,,,entity,Entities,,,,,,,,,,,,,,,,2026-06-01,,,,,,,,,,,,,,
world:entity:2026-04-27-fmp-technicals-airo-daily,Entity,2026-04-27_FMP_Technicals_AIRO_daily,2026-04-27_FMP_Technicals_AIRO_daily,2026-04-27_FMP_Technicals_AIRO_daily,,,,,,,entity,Entities,,,,,,,,,,,,,,,,2026-06-01,,,,,,,,,,,,,,
world:entity:2026-04-27-fmp-technicals-alks-daily,Entity,2026-04-27_FMP_Technicals_ALKS_daily,2026-04-27_FMP_Technicals_ALKS_daily,2026-04-27_FMP_Technicals_ALKS_daily,,,,,,,entity,Entities,,,,,,,,,,,,,,,,2026-06-01,,,,,,,,,,,,,,
world:entity:2026-04-27-fmp-technicals-alvo-daily,Entity,2026-04-27_FMP_Technicals_ALVO_daily,2026-04-27_FMP_Technicals_ALVO_daily,2026-04-27_FMP_Technicals_ALVO_daily,,,,,,,entity,Entities,,,,,,,,,,,,,,,,2026-06-01,,,,,,,,,,,,,,
world:entity:2026-04-27-fmp-technicals-amat-daily,Entity,2026-04-27_FMP_Technicals_AMAT_daily,2026-04-27_FMP_Technicals_AMAT_daily,2026-04-27_FMP_Technicals_AMAT_daily,,,,,,,entity,Entities,,,,,,,,,,,,,,,,2026-06-01,,,,,,,,,,,,,,
world:entity:2026-04-27-fmp-technicals-amgn-daily,Entity,2026-04-27_FMP_Technicals_AMGN_daily,2026-04-27_FMP_Technicals_AMGN_daily,2026-04-27_FMP_Technicals_AMGN_daily,,,,,,,entity,Entities,,,,,,,,,,,,,,,,2026-06-01,,,,,,,,,,,,,,
world:entity:2026-04-27-fmp-technicals-amsc-daily,Entity,2026-04-27_FMP_Technicals_AMSC_daily,2026-04-27_FMP_Technicals_AMSC_daily,2026-04-27_FMP_Technicals_AMSC_daily,,,,,,,entity,Entities,,,,,,,,,,,,,,,,2026-06-01,,,,,,,,,,,,,,
world:entity:2026-04-27-fmp-technicals-amzn-daily,Entity,2026-04-27_FMP_Technicals_AMZN_daily,2026-04-27_FMP_Technicals_AMZN_daily,2026-04-27_FMP_Technicals_AMZN_daily,,,,,,,entity,Entities,,,,,,,,,,,,,,,,2026-06-01,,,,,,,,,,,,,,
world:entity:2026-04-27-fmp-technicals-asts-daily,Entity,2026-04-27_FMP_Technicals_ASTS_daily,2026-04-27_FMP_Technicals_ASTS_daily,2026-04-27_FMP_Technicals_ASTS_daily,,,,,,,entity,Entities,,,,,,,,,,,,,,,,2026-06-01,,,,,,,,,,,,,,
world:entity:2026-04-27-fmp-technicals-atai-daily,Entity,2026-04-27_FMP_Technicals_ATAI_daily,2026-04-27_FMP_Technicals_ATAI_daily,2026-04-27_FMP_Technicals_ATAI_daily,,,,,,,entity,Entities,,,,,,,,,,,,,,,,2026-06-01,,,,,,,,,,,,,,
world:entity:2026-04-27-fmp-technicals-avav-daily,Entity,2026-04-27_FMP_Technicals_AVAV_daily,2026-04-27_FMP_Technicals_AVAV_daily,2026-04-27_FMP_Technicals_AVAV_daily,,,,,,,entity,Entities,,,,,,,,,,,,,,,,2026-06-01,,,,,,,,,,,,,,
world:entity:2026-04-27-fmp-technicals-bah-daily,Entity,2026-04-27_FMP_Technicals_BAH_daily,2026-04-27_FMP_Technicals_BAH_daily,2026-04-27_FMP_Technicals_BAH_daily,,,,,,,entity,Entities,,,,,,,,,,,,,,,,2026-06-01,,,,,,,,,,,,,,
world:entity:2026-04-27-fmp-technicals-bbai-daily,Entity,2026-04-27_FMP_Technicals_BBAI_daily,2026-04-27_FMP_Technicals_BBAI_daily,2026-04-27_FMP_Technicals_BBAI_daily,,,,,,,entity,Entities,,,,,,,,,,,,,,,,2026-06-01,,,,,,,,,,,,,,
world:entity:2026-04-27-fmp-technicals-beam-daily,Entity,2026-04-27_FMP_Technicals_BEAM_daily,2026-04-27_FMP_Technicals_BEAM_daily,2026-04-27_FMP_Technicals_BEAM_daily,,,,,,,entity,Entities,,,,,,,,,,,,,,,,2026-06-01,,,,,,,,,,,,,,
world:entity:2026-04-27-fmp-technicals-bg-daily,Entity,2026-04-27_FMP_Technicals_BG_daily,2026-04-27_FMP_Technicals_BG_daily,2026-04-27_FMP_Technicals_BG_daily,,,,,,,entity,Entities,,,,,,,,,,,,,,,,2026-06-01,,,,,,,,,,,,,,
world:entity:2026-04-27-fmp-technicals-biib-daily,Entity,2026-04-27_FMP_Technicals_BIIB_daily,2026-04-27_FMP_Technicals_BIIB_daily,2026-04-27_FMP_Technicals_BIIB_daily,,,,,,,entity,Entities,,,,,,,,,,,,,,,,2026-06-01,,,,,,,,,,,,,,
world:entity:2026-04-27-fmp-technicals-bksy-daily,Entity,2026-04-27_FMP_Technicals_BKSY_daily,2026-04-27_FMP_Technicals_BKSY_daily,2026-04-27_FMP_Technicals_BKSY_daily,,,,,,,entity,Entities,,,,,,,,,,,,,,,,2026-06-01,,,,,,,,,,,,,,
world:entity:2026-04-27-fmp-technicals-brbr-daily,Entity,2026-04-27_FMP_Technicals_BRBR_daily,2026-04-27_FMP_Technicals_BRBR_daily,2026-04-27_FMP_Technicals_BRBR_daily,,,,,,,entity,Entities,,,,,,,,,,,,,,,,2026-06-01,,,,,,,,,,,,,,
world:entity:2026-04-27-fmp-technicals-bw-daily,Entity,2026-04-27_FMP_Technicals_BW_daily,2026-04-27_FMP_Technicals_BW_daily,2026-04-27_FMP_Technicals_BW_daily,,,,,,,entity,Entities,,,,,,,,,,,,,,,,2026-06-01,,,,,,,,,,,,,,
world:entity:2026-04-27-fmp-technicals-bynd-daily,Entity,2026-04-27_FMP_Technicals_BYND_daily,2026-04-27_FMP_Technicals_BYND_daily,2026-04-27_FMP_Technicals_BYND_daily,,,,,,,entity,Entities,,,,,,,,,,,,,,,,2026-06-01,,,,,,,,,,,,,,
world:entity:2026-04-27-fmp-technicals-caci-daily,Entity,2026-04-27_FMP_Technicals_CACI_daily,2026-04-27_FMP_Technicals_CACI_daily,2026-04-27_FMP_Technicals_CACI_daily,,,,,,,entity,Entities,,,,,,,,,,,,,,,,2026-06-01,,,,,,,,,,,,,,
world:entity:2026-04-27-fmp-technicals-ccj-daily,Entity,2026-04-27_FMP_Technicals_CCJ_daily,2026-04-27_FMP_Technicals_CCJ_daily,2026-04-27_FMP_Technicals_CCJ_daily,,,,,,,entity,Entities,,,,,,,,,,,,,,,,2026-06-01,,,,,,,,,,,,,,
world:entity:2026-04-27-fmp-technicals-ceg-daily,Entity,2026-04-27_FMP_Technicals_CEG_daily,2026-04-27_FMP_Technicals_CEG_daily,2026-04-27_FMP_Technicals_CEG_daily,,,,,,,entity,Entities,,,,,,,,,,,,,,,,2026-06-01,,,,,,,,,,,,,,
world:entity:2026-04-27-fmp-technicals-cmps-daily,Entity,2026-04-27_FMP_Technicals_CMPS_daily,2026-04-27_FMP_Technicals_CMPS_daily,2026-04-27_FMP_Technicals_CMPS_daily,,,,,,,entity,Entities,,,,,,,,,,,,,,,,2026-06-01,,,,,,,,,,,,,,
world:entity:2026-04-27-fmp-technicals-coin-daily,Entity,2026-04-27_FMP_Technicals_COIN_daily,2026-04-27_FMP_Technicals_COIN_daily,2026-04-27_FMP_Technicals_COIN_daily,,,,,,,entity,Entities,,,,,,,,,,,,,,,,2026-06-01,,,,,,,,,,,,,,
world:entity:2026-04-27-fmp-technicals-crsp-daily,Entity,2026-04-27_FMP_Technicals_CRSP_daily,2026-04-27_FMP_Technicals_CRSP_daily,2026-04-27_FMP_Technicals_CRSP_daily,,,,,,,entity,Entities,,,,,,,,,,,,,,,,2026-06-01,,,,,,,,,,,,,,
world:entity:2026-04-27-fmp-technicals-ctva-daily,Entity,2026-04-27_FMP_Technicals_CTVA_daily,2026-04-27_FMP_Technicals_CTVA_daily,2026-04-27_FMP_Technicals_CTVA_daily,,,,,,,entity,Entities,,,,,,,,,,,,,,,,2026-06-01,,,,,,,,,,,,,,
world:entity:2026-04-27-fmp-technicals-dftx-daily,Entity,2026-04-27_FMP_Technicals_DFTX_daily,2026-04-27_FMP_Technicals_DFTX_daily,2026-04-27_FMP_Technicals_DFTX_daily,,,,,,,entity,Entities,,,,,,,,,,,,,,,,2026-06-01,,,,,,,,,,,,,,
world:entity:2026-04-27-fmp-technicals-dhi-daily,Entity,2026-04-27_FMP_Technicals_DHI_daily,2026-04-27_FMP_Technicals_DHI_daily,2026-04-27_FMP_Technicals_DHI_daily,,,,,,,entity,Entities,,,,,,,,,,,,,,,,2026-06-01,,,,,,,,,,,,,,
world:entity:2026-04-27-fmp-technicals-dna-daily,Entity,2026-04-27_FMP_Technicals_DNA_daily,2026-04-27_FMP_Technicals_DNA_daily,2026-04-27_FMP_Technicals_DNA_daily,,,,,,,entity,Entities,,,,,,,,,,,,,,,,2026-06-01,,,,,,,,,,,,,,
world:entity:2026-04-27-fmp-technicals-dpro-daily,Entity,2026-04-27_FMP_Technicals_DPRO_daily,2026-04-27_FMP_Technicals_DPRO_daily,2026-04-27_FMP_Technicals_DPRO_daily,,,,,,,entity,Entities,,,,,,,,,,,,,,,,2026-06-01,,,,,,,,,,,,,,
world:entity:2026-04-27-fmp-technicals-ecpg-daily,Entity,2026-04-27_FMP_Technicals_ECPG_daily,2026-04-27_FMP_Technicals_ECPG_daily,2026-04-27_FMP_Technicals_ECPG_daily,,,,,,,entity,Entities,,,,,,,,,,,,,,,,2026-06-01,,,,,,,,,,,,,,
world:entity:2026-04-27-fmp-technicals-edit-daily,Entity,2026-04-27_FMP_Technicals_EDIT_daily,2026-04-27_FMP_Technicals_EDIT_daily,2026-04-27_FMP_Technicals_EDIT_daily,,,,,,,entity,Entities,,,,,,,,,,,,,,,,2026-06-01,,,,,,,,,,,,,,
world:entity:2026-04-27-fmp-technicals-eh-daily,Entity,2026-04-27_FMP_Technicals_EH_daily,2026-04-27_FMP_Technicals_EH_daily,2026-04-27_FMP_Technicals_EH_daily,,,,,,,entity,Entities,,,,,,,,,,,,,,,,2026-06-01,,,,,,,,,,,,,,
world:entity:2026-04-27-fmp-technicals-envx-daily,Entity,2026-04-27_FMP_Technicals_ENVX_daily,2026-04-27_FMP_Technicals_ENVX_daily,2026-04-27_FMP_Technicals_ENVX_daily,,,,,,,entity,Entities,,,,,,,,,,,,,,,,2026-06-01,,,,,,,,,,,,,,
world:entity:2026-04-27-fmp-technicals-eslt-daily,Entity,2026-04-27_FMP_Technicals_ESLT_daily,2026-04-27_FMP_Technicals_ESLT_daily,2026-04-27_FMP_Technicals_ESLT_daily,,,,,,,entity,Entities,,,,,,,,,,,,,,,,2026-06-01,,,,,,,,,,,,,,
world:entity:2026-04-27-fmp-technicals-etn-daily,Entity,2026-04-27_FMP_Technicals_ETN_daily,2026-04-27_FMP_Technicals_ETN_daily,2026-04-27_FMP_Technicals_ETN_daily,,,,,,,entity,Entities,,,,,,,,,,,,,,,,2026-06-01,,,,,,,,,,,,,,
world:entity:2026-04-27-fmp-technicals-evtl-daily,Entity,2026-04-27_FMP_Technicals_EVTL_daily,2026-04-27_FMP_Technicals_EVTL_daily,2026-04-27_FMP_Technicals_EVTL_daily,,,,,,,entity,Entities,,,,,,,,,,,,,,,,2026-06-01,,,,,,,,,,,,,,
world:entity:2026-04-27-fmp-technicals-flnc-daily,Entity,2026-04-27_FMP_Technicals_FLNC_daily,2026-04-27_FMP_Technicals_FLNC_daily,2026-04-27_FMP_Technicals_FLNC_daily,,,,,,,entity,Entities,,,,,,,,,,,,,,,,2026-06-01,,,,,,,,,,,,,,
world:entity:2026-04-27-fmp-technicals-fmc-daily,Entity,2026-04-27_FMP_Technicals_FMC_daily,2026-04-27_FMP_Technicals_FMC_daily,2026-04-27_FMP_Technicals_FMC_daily,,,,,,,entity,Entities,,,,,,,,,,,,,,,,2026-06-01,,,,,,,,,,,,,,
world:entity:2026-04-27-fmp-technicals-gd-daily,Entity,2026-04-27_FMP_Technicals_GD_daily,2026-04-27_FMP_Technicals_GD_daily,2026-04-27_FMP_Technicals_GD_daily,,,,,,,entity,Entities,,,,,,,,,,,,,,,,2026-06-01,,,,,,,,,,,,,,
world:entity:2026-04-27-fmp-technicals-gev-daily,Entity,2026-04-27_FMP_Technicals_GEV_daily,2026-04-27_FMP_Technicals_GEV_daily,2026-04-27_FMP_Technicals_GEV_daily,,,,,,,entity,Entities,,,,,,,,,,,,,,,,2026-06-01,,,,,,,,,,,,,,
world:entity:2026-04-27-fmp-technicals-ghrs-daily,Entity,2026-04-27_FMP_Technicals_GHRS_daily,2026-04-27_FMP_Technicals_GHRS_daily,2026-04-27_FMP_Technicals_GHRS_daily,,,,,,,entity,Entities,,,,,,,,,,,,,,,,2026-06-01,,,,,,,,,,,,,,
world:entity:2026-04-27-fmp-technicals-gold-daily,Entity,2026-04-27_FMP_Technicals_GOLD_daily,2026-04-27_FMP_Technicals_GOLD_daily,2026-04-27_FMP_Technicals_GOLD_daily,,,,,,,entity,Entities,,,,,,,,,,,,,,,,2026-06-01,,,,,,,,,,,,,,
world:entity:2026-04-27-fmp-technicals-googl-daily,Entity,2026-04-27_FMP_Technicals_GOOGL_daily,2026-04-27_FMP_Technicals_GOOGL_daily,2026-04-27_FMP_Technicals_GOOGL_daily,,,,,,,entity,Entities,,,,,,,,,,,,,,,,2026-06-01,,,,,,,,,,,,,,
world:entity:2026-04-27-fmp-technicals-help-daily,Entity,2026-04-27_FMP_Technicals_HELP_daily,2026-04-27_FMP_Technicals_HELP_daily,2026-04-27_FMP_Technicals_HELP_daily,,,,,,,entity,Entities,,,,,,,,,,,,,,,,2026-06-01,,,,,,,,,,,,,,
world:entity:2026-04-27-fmp-technicals-hims-daily,Entity,2026-04-27_FMP_Technicals_HIMS_daily,2026-04-27_FMP_Technicals_HIMS_daily,2026-04-27_FMP_Technicals_HIMS_daily,,,,,,,entity,Entities,,,,,,,,,,,,,,,,2026-06-01,,,,,,,,,,,,,,
world:entity:2026-04-27-fmp-technicals-hovr-daily,Entity,2026-04-27_FMP_Technicals_HOVR_daily,2026-04-27_FMP_Technicals_HOVR_daily,2026-04-27_FMP_Technicals_HOVR_daily,,,,,,,entity,Entities,,,,,,,,,,,,,,,,2026-06-01,,,,,,,,,,,,,,
world:entity:2026-04-27-fmp-technicals-hubb-daily,Entity,2026-04-27_FMP_Technicals_HUBB_daily,2026-04-27_FMP_Technicals_HUBB_daily,2026-04-27_FMP_Technicals_HUBB_daily,,,,,,,entity,Entities,,,,,,,,,,,,,,,,2026-06-01,,,,,,,,,,,,,,
world:entity:2026-04-27-fmp-technicals-iff-daily,Entity,2026-04-27_FMP_Technicals_IFF_daily,2026-04-27_FMP_Technicals_IFF_daily,2026-04-27_FMP_Technicals_IFF_daily,,,,,,,entity,Entities,,,,,,,,,,,,,,,,2026-06-01,,,,,,,,,,,,,,
world:entity:2026-04-27-fmp-technicals-iipr-daily,Entity,2026-04-27_FMP_Technicals_IIPR_daily,2026-04-27_FMP_Technicals_IIPR_daily,2026-04-27_FMP_Technicals_IIPR_daily,,,,,,,entity,Entities,,,,,,,,,,,,,,,,2026-06-01,,,,,,,,,,,,,,
world:entity:2026-04-27-fmp-technicals-inva-daily,Entity,2026-04-27_FMP_Technicals_INVA_daily,2026-04-27_FMP_Technicals_INVA_daily,2026-04-27_FMP_Technicals_INVA_daily,,,,,,,entity,Entities,,,,,,,,,,,,,,,,2026-06-01,,,,,,,,,,,,,,
world:entity:2026-04-27-fmp-technicals-ionq-daily,Entity,2026-04-27_FMP_Technicals_IONQ_daily,2026-04-27_FMP_Technicals_IONQ_daily,2026-04-27_FMP_Technicals_IONQ_daily,,,,,,,entity,Entities,,,,,,,,,,,,,,,,2026-06-01,,,,,,,,,,,,,,
world:entity:2026-04-27-fmp-technicals-jnj-daily,Entity,2026-04-27_FMP_Technicals_JNJ_daily,2026-04-27_FMP_Technicals_JNJ_daily,2026-04-27_FMP_Technicals_JNJ_daily,,,,,,,entity,Entities,,,,,,,,,,,,,,,,2026-06-01,,,,,,,,,,,,,,
world:entity:2026-04-27-fmp-technicals-joby-daily,Entity,2026-04-27_FMP_Technicals_JOBY_daily,2026-04-27_FMP_Technicals_JOBY_daily,2026-04-27_FMP_Technicals_JOBY_daily,,,,,,,entity,Entities,,,,,,,,,,,,,,,,2026-06-01,,,,,,,,,,,,,,
world:entity:2026-04-27-fmp-technicals-klac-daily,Entity,2026-04-27_FMP_Technicals_KLAC_daily,2026-04-27_FMP_Technicals_KLAC_daily,2026-04-27_FMP_Technicals_KLAC_daily,,,,,,,entity,Entities,,,,,,,,,,,,,,,,2026-06-01,,,,,,,,,,,,,,
world:entity:2026-04-27-fmp-technicals-ktos-daily,Entity,2026-04-27_FMP_Technicals_KTOS_daily,2026-04-27_FMP_Technicals_KTOS_daily,2026-04-27_FMP_Technicals_KTOS_daily,,,,,,,entity,Entities,,,,,,,,,,,,,,,,2026-06-01,,,,,,,,,,,,,,
world:entity:2026-04-27-fmp-technicals-ldos-daily,Entity,2026-04-27_FMP_Technicals_LDOS_daily,2026-04-27_FMP_Technicals_LDOS_daily,2026-04-27_FMP_Technicals_LDOS_daily,,,,,,,entity,Entities,,,,,,,,,,,,,,,,2026-06-01,,,,,,,,,,,,,,
world:entity:2026-04-27-fmp-technicals-len-daily,Entity,2026-04-27_FMP_Technicals_LEN_daily,2026-04-27_FMP_Technicals_LEN_daily,2026-04-27_FMP_Technicals_LEN_daily,,,,,,,entity,Entities,,,,,,,,,,,,,,,,2026-06-01,,,,,,,,,,,,,,
world:entity:2026-04-27-fmp-technicals-lhx-daily,Entity,2026-04-27_FMP_Technicals_LHX_daily,2026-04-27_FMP_Technicals_LHX_daily,2026-04-27_FMP_Technicals_LHX_daily,,,,,,,entity,Entities,,,,,,,,,,,,,,,,2026-06-01,,,,,,,,,,,,,,
world:entity:2026-04-27-fmp-technicals-lly-daily,Entity,2026-04-27_FMP_Technicals_LLY_daily,2026-04-27_FMP_Technicals_LLY_daily,2026-04-27_FMP_Technicals_LLY_daily,,,,,,,entity,Entities,,,,,,,,,,,,,,,,2026-06-01,,,,,,,,,,,,,,
world:entity:2026-04-27-fmp-technicals-lmt-daily,Entity,2026-04-27_FMP_Technicals_LMT_daily,2026-04-27_FMP_Technicals_LMT_daily,2026-04-27_FMP_Technicals_LMT_daily,,,,,,,entity,Entities,,,,,,,,,,,,,,,,2026-06-01,,,,,,,,,,,,,,
world:entity:2026-04-27-fmp-technicals-lrcx-daily,Entity,2026-04-27_FMP_Technicals_LRCX_daily,2026-04-27_FMP_Technicals_LRCX_daily,2026-04-27_FMP_Technicals_LRCX_daily,,,,,,,entity,Entities,,,,,,,,,,,,,,,,2026-06-01,,,,,,,,,,,,,,
world:entity:2026-04-27-fmp-technicals-mnts-daily,Entity,2026-04-27_FMP_Technicals_MNTS_daily,2026-04-27_FMP_Technicals_MNTS_daily,2026-04-27_FMP_Technicals_MNTS_daily,,,,,,,entity,Entities,,,,,,,,,,,,,,,,2026-06-01,,,,,,,,,,,,,,
world:entity:2026-04-27-fmp-technicals-mrk-daily,Entity,2026-04-27_FMP_Technicals_MRK_daily,2026-04-27_FMP_Technicals_MRK_daily,2026-04-27_FMP_Technicals_MRK_daily,,,,,,,entity,Entities,,,,,,,,,,,,,,,,2026-06-01,,,,,,,,,,,,,,
world:entity:2026-04-27-fmp-technicals-msft-daily,Entity,2026-04-27_FMP_Technicals_MSFT_daily,2026-04-27_FMP_Technicals_MSFT_daily,2026-04-27_FMP_Technicals_MSFT_daily,,,,,,,entity,Entities,,,,,,,,,,,,,,,,2026-06-01,,,,,,,,,,,,,,
world:entity:2026-04-27-fmp-technicals-mstr-daily,Entity,2026-04-27_FMP_Technicals_MSTR_daily,2026-04-27_FMP_Technicals_MSTR_daily,2026-04-27_FMP_Technicals_MSTR_daily,,,,,,,entity,Entities,,,,,,,,,,,,,,,,2026-06-01,,,,,,,,,,,,,,
world:entity:2026-04-27-fmp-technicals-mtz-daily,Entity,2026-04-27_FMP_Technicals_MTZ_daily,2026-04-27_FMP_Technicals_MTZ_daily,2026-04-27_FMP_Technicals_MTZ_daily,,,,,,,entity,Entities,,,,,,,,,,,,,,,,2026-06-01,,,,,,,,,,,,,,
world:entity:2026-04-27-fmp-technicals-myrg-daily,Entity,2026-04-27_FMP_Technicals_MYRG_daily,2026-04-27_FMP_Technicals_MYRG_daily,2026-04-27_FMP_Technicals_MYRG_daily,,,,,,,entity,Entities,,,,,,,,,,,,,,,,2026-06-01,,,,,,,,,,,,,,
world:entity:2026-04-27-fmp-technicals-nbix-daily,Entity,2026-04-27_FMP_Technicals_NBIX_daily,2026-04-27_FMP_Technicals_NBIX_daily,2026-04-27_FMP_Technicals_NBIX_daily,,,,,,,entity,Entities,,,,,,,,,,,,,,,,2026-06-01,,,,,,,,,,,,,,
world:entity:2026-04-27-fmp-technicals-nem-daily,Entity,2026-04-27_FMP_Technicals_NEM_daily,2026-04-27_FMP_Technicals_NEM_daily,2026-04-27_FMP_Technicals_NEM_daily,,,,,,,entity,Entities,,,,,,,,,,,,,,,,2026-06-01,,,,,,,,,,,,,,
world:entity:2026-04-27-fmp-technicals-nktr-daily,Entity,2026-04-27_FMP_Technicals_NKTR_daily,2026-04-27_FMP_Technicals_NKTR_daily,2026-04-27_FMP_Technicals_NKTR_daily,,,,,,,entity,Entities,,,,,,,,,,,,,,,,2026-06-01,,,,,,,,,,,,,,
world:entity:2026-04-27-fmp-technicals-nne-daily,Entity,2026-04-27_FMP_Technicals_NNE_daily,2026-04-27_FMP_Technicals_NNE_daily,2026-04-27_FMP_Technicals_NNE_daily,,,,,,,entity,Entities,,,,,,,,,,,,,,,,2026-06-01,,,,,,,,,,,,,,
world:entity:2026-04-27-fmp-technicals-noc-daily,Entity,2026-04-27_FMP_Technicals_NOC_daily,2026-04-27_FMP_Technicals_NOC_daily,2026-04-27_FMP_Technicals_NOC_daily,,,,,,,entity,Entities,,,,,,,,,,,,,,,,2026-06-01,,,,,,,,,,,,,,
world:entity:2026-04-27-fmp-technicals-nrg-daily,Entity,2026-04-27_FMP_Technicals_NRG_daily,2026-04-27_FMP_Technicals_NRG_daily,2026-04-27_FMP_Technicals_NRG_daily,,,,,,,entity,Entities,,,,,,,,,,,,,,,,2026-06-01,,,,,,,,,,,,,,
world:entity:2026-04-27-fmp-technicals-ntla-daily,Entity,2026-04-27_FMP_Technicals_NTLA_daily,2026-04-27_FMP_Technicals_NTLA_daily,2026-04-27_FMP_Technicals_NTLA_daily,,,,,,,entity,Entities,,,,,,,,,,,,,,,,2026-06-01,,,,,,,,,,,,,,
world:entity:2026-04-27-fmp-technicals-nvda-daily,Entity,2026-04-27_FMP_Technicals_NVDA_daily,2026-04-27_FMP_Technicals_NVDA_daily,2026-04-27_FMP_Technicals_NVDA_daily,,,,,,,entity,Entities,,,,,,,,,,,,,,,,2026-06-01,,,,,,,,,,,,,,
world:entity:2026-04-27-fmp-technicals-nvr-daily,Entity,2026-04-27_FMP_Technicals_NVR_daily,2026-04-27_FMP_Technicals_NVR_daily,2026-04-27_FMP_Technicals_NVR_daily,,,,,,,entity,Entities,,,,,,,,,,,,,,,,2026-06-01,,,,,,,,,,,,,,
world:entity:2026-04-27-fmp-technicals-oklo-daily,Entity,2026-04-27_FMP_Technicals_OKLO_daily,2026-04-27_FMP_Technicals_OKLO_daily,2026-04-27_FMP_Technicals_OKLO_daily,,,,,,,entity,Entities,,,,,,,,,,,,,,,,2026-06-01,,,,,,,,,,,,,,
world:entity:2026-04-27-fmp-technicals-on-daily,Entity,2026-04-27_FMP_Technicals_ON_daily,2026-04-27_FMP_Technicals_ON_daily,2026-04-27_FMP_Technicals_ON_daily,,,,,,,entity,Entities,,,,,,,,,,,,,,,,2026-06-01,,,,,,,,,,,,,,
world:entity:2026-04-27-fmp-technicals-onds-daily,Entity,2026-04-27_FMP_Technicals_ONDS_daily,2026-04-27_FMP_Technicals_ONDS_daily,2026-04-27_FMP_Technicals_ONDS_daily,,,,,,,entity,Entities,,,,,,,,,,,,,,,,2026-06-01,,,,,,,,,,,,,,
world:entity:2026-04-27-fmp-technicals-onto-daily,Entity,2026-04-27_FMP_Technicals_ONTO_daily,2026-04-27_FMP_Technicals_ONTO_daily,2026-04-27_FMP_Technicals_ONTO_daily,,,,,,,entity,Entities,,,,,,,,,,,,,,,,2026-06-01,,,,,,,,,,,,,,
world:entity:2026-04-27-fmp-technicals-pdfs-daily,Entity,2026-04-27_FMP_Technicals_PDFS_daily,2026-04-27_FMP_Technicals_PDFS_daily,2026-04-27_FMP_Technicals_PDFS_daily,,,,,,,entity,Entities,,,,,,,,,,,,,,,,2026-06-01,,,,,,,,,,,,,,
world:entity:2026-04-27-fmp-technicals-pfe-daily,Entity,2026-04-27_FMP_Technicals_PFE_daily,2026-04-27_FMP_Technicals_PFE_daily,2026-04-27_FMP_Technicals_PFE_daily,,,,,,,entity,Entities,,,,,,,,,,,,,,,,2026-06-01,,,,,,,,,,,,,,
world:entity:2026-04-27-fmp-technicals-pl-daily,Entity,2026-04-27_FMP_Technicals_PL_daily,2026-04-27_FMP_Technicals_PL_daily,2026-04-27_FMP_Technicals_PL_daily,,,,,,,entity,Entities,,,,,,,,,,,,,,,,2026-06-01,,,,,,,,,,,,,,
world:entity:2026-04-27-fmp-technicals-pltr-daily,Entity,2026-04-27_FMP_Technicals_PLTR_daily,2026-04-27_FMP_Technicals_PLTR_daily,2026-04-27_FMP_Technicals_PLTR_daily,,,,,,,entity,Entities,,,,,,,,,,,,,,,,2026-06-01,,,,,,,,,,,,,,
world:entity:2026-04-27-fmp-technicals-powl-daily,Entity,2026-04-27_FMP_Technicals_POWL_daily,2026-04-27_FMP_Technicals_POWL_daily,2026-04-27_FMP_Technicals_POWL_daily,,,,,,,entity,Entities,,,,,,,,,,,,,,,,2026-06-01,,,,,,,,,,,,,,
world:entity:2026-04-27-fmp-technicals-ppih-daily,Entity,2026-04-27_FMP_Technicals_PPIH_daily,2026-04-27_FMP_Technicals_PPIH_daily,2026-04-27_FMP_Technicals_PPIH_daily,,,,,,,entity,Entities,,,,,,,,,,,,,,,,2026-06-01,,,,,,,,,,,,,,
world:entity:2026-04-27-fmp-technicals-prks-daily,Entity,2026-04-27_FMP_Technicals_PRKS_daily,2026-04-27_FMP_Technicals_PRKS_daily,2026-04-27_FMP_Technicals_PRKS_daily,,,,,,,entity,Entities,,,,,,,,,,,,,,,,2026-06-01,,,,,,,,,,,,,,
world:entity:2026-04-27-fmp-technicals-prta-daily,Entity,2026-04-27_FMP_Technicals_PRTA_daily,2026-04-27_FMP_Technicals_PRTA_daily,2026-04-27_FMP_Technicals_PRTA_daily,,,,,,,entity,Entities,,,,,,,,,,,,,,,,2026-06-01,,,,,,,,,,,,,,
world:entity:2026-04-27-fmp-technicals-psil-daily,Entity,2026-04-27_FMP_Technicals_PSIL_daily,2026-04-27_FMP_Technicals_PSIL_daily,2026-04-27_FMP_Technicals_PSIL_daily,,,,,,,entity,Entities,,,,,,,,,,,,,,,,2026-06-01,,,,,,,,,,,,,,
world:entity:2026-04-27-fmp-technicals-pwr-daily,Entity,2026-04-27_FMP_Technicals_PWR_daily,2026-04-27_FMP_Technicals_PWR_daily,2026-04-27_FMP_Technicals_PWR_daily,,,,,,,entity,Entities,,,,,,,,,,,,,,,,2026-06-01,,,,,,,,,,,,,,
world:entity:2026-04-27-fmp-technicals-qubt-daily,Entity,2026-04-27_FMP_Technicals_QUBT_daily,2026-04-27_FMP_Technicals_QUBT_daily,2026-04-27_FMP_Technicals_QUBT_daily,,,,,,,entity,Entities,,,,,,,,,,,,,,,,2026-06-01,,,,,,,,,,,,,,
world:entity:2026-04-27-fmp-technicals-rcat-daily,Entity,2026-04-27_FMP_Technicals_RCAT_daily,2026-04-27_FMP_Technicals_RCAT_daily,2026-04-27_FMP_Technicals_RCAT_daily,,,,,,,entity,Entities,,,,,,,,,,,,,,,,2026-06-01,,,,,,,,,,,,,,
world:entity:2026-04-27-fmp-technicals-rgti-daily,Entity,2026-04-27_FMP_Technicals_RGTI_daily,2026-04-27_FMP_Technicals_RGTI_daily,2026-04-27_FMP_Technicals_RGTI_daily,,,,,,,entity,Entities,,,,,,,,,,,,,,,,2026-06-01,,,,,,,,,,,,,,
world:entity:2026-04-27-fmp-technicals-rklb-daily,Entity,2026-04-27_FMP_Technicals_RKLB_daily,2026-04-27_FMP_Technicals_RKLB_daily,2026-04-27_FMP_Technicals_RKLB_daily,,,,,,,entity,Entities,,,,,,,,,,,,,,,,2026-06-01,,,,,,,,,,,,,,
world:entity:2026-04-27-fmp-technicals-rprx-daily,Entity,2026-04-27_FMP_Technicals_RPRX_daily,2026-04-27_FMP_Technicals_RPRX_daily,2026-04-27_FMP_Technicals_RPRX_daily,,,,,,,entity,Entities,,,,,,,,,,,,,,,,2026-06-01,,,,,,,,,,,,,,
world:entity:2026-04-27-fmp-technicals-rtx-daily,Entity,2026-04-27_FMP_Technicals_RTX_daily,2026-04-27_FMP_Technicals_RTX_daily,2026-04-27_FMP_Technicals_RTX_daily,,,,,,,entity,Entities,,,,,,,,,,,,,,,,2026-06-01,,,,,,,,,,,,,,
world:entity:2026-04-27-fmp-technicals-saic-daily,Entity,2026-04-27_FMP_Technicals_SAIC_daily,2026-04-27_FMP_Technicals_SAIC_daily,2026-04-27_FMP_Technicals_SAIC_daily,,,,,,,entity,Entities,,,,,,,,,,,,,,,,2026-06-01,,,,,,,,,,,,,,
world:entity:2026-04-27-fmp-technicals-sky-daily,Entity,2026-04-27_FMP_Technicals_SKY_daily,2026-04-27_FMP_Technicals_SKY_daily,2026-04-27_FMP_Technicals_SKY_daily,,,,,,,entity,Entities,,,,,,,,,,,,,,,,2026-06-01,,,,,,,,,,,,,,
world:entity:2026-04-27-fmp-technicals-smr-daily,Entity,2026-04-27_FMP_Technicals_SMR_daily,2026-04-27_FMP_Technicals_SMR_daily,2026-04-27_FMP_Technicals_SMR_daily,,,,,,,entity,Entities,,,,,,,,,,,,,,,,2026-06-01,,,,,,,,,,,,,,
world:entity:2026-04-27-fmp-technicals-spir-daily,Entity,2026-04-27_FMP_Technicals_SPIR_daily,2026-04-27_FMP_Technicals_SPIR_daily,2026-04-27_FMP_Technicals_SPIR_daily,,,,,,,entity,Entities,,,,,,,,,,,,,,,,2026-06-01,,,,,,,,,,,,,,
world:entity:2026-04-27-fmp-technicals-spro-daily,Entity,2026-04-27_FMP_Technicals_SPRO_daily,2026-04-27_FMP_Technicals_SPRO_daily,2026-04-27_FMP_Technicals_SPRO_daily,,,,,,,entity,Entities,,,,,,,,,,,,,,,,2026-06-01,,,,,,,,,,,,,,
world:entity:2026-04-27-fmp-technicals-stem-daily,Entity,2026-04-27_FMP_Technicals_STEM_daily,2026-04-27_FMP_Technicals_STEM_daily,2026-04-27_FMP_Technicals_STEM_daily,,,,,,,entity,Entities,,,,,,,,,,,,,,,,2026-06-01,,,,,,,,,,,,,,
world:entity:2026-04-27-fmp-technicals-strl-daily,Entity,2026-04-27_FMP_Technicals_STRL_daily,2026-04-27_FMP_Technicals_STRL_daily,2026-04-27_FMP_Technicals_STRL_daily,,,,,,,entity,Entities,,,,,,,,,,,,,,,,2026-06-01,,,,,,,,,,,,,,
world:entity:2026-04-27-fmp-technicals-tdy-daily,Entity,2026-04-27_FMP_Technicals_TDY_daily,2026-04-27_FMP_Technicals_TDY_daily,2026-04-27_FMP_Technicals_TDY_daily,,,,,,,entity,Entities,,,,,,,,,,,,,,,,2026-06-01,,,,,,,,,,,,,,
world:entity:2026-04-27-fmp-technicals-tmhc-daily,Entity,2026-04-27_FMP_Technicals_TMHC_daily,2026-04-27_FMP_Technicals_TMHC_daily,2026-04-27_FMP_Technicals_TMHC_daily,,,,,,,entity,Entities,,,,,,,,,,,,,,,,2026-06-01,,,,,,,,,,,,,,
world:entity:2026-04-27-fmp-technicals-tmo-daily,Entity,2026-04-27_FMP_Technicals_TMO_daily,2026-04-27_FMP_Technicals_TMO_daily,2026-04-27_FMP_Technicals_TMO_daily,,,,,,,entity,Entities,,,,,,,,,,,,,,,,2026-06-01,,,,,,,,,,,,,,
world:entity:2026-04-27-fmp-technicals-tnc-daily,Entity,2026-04-27_FMP_Technicals_TNC_daily,2026-04-27_FMP_Technicals_TNC_daily,2026-04-27_FMP_Technicals_TNC_daily,,,,,,,entity,Entities,,,,,,,,,,,,,,,,2026-06-01,,,,,,,,,,,,,,
world:entity:2026-04-27-fmp-technicals-tol-daily,Entity,2026-04-27_FMP_Technicals_TOL_daily,2026-04-27_FMP_Technicals_TOL_daily,2026-04-27_FMP_Technicals_TOL_daily,,,,,,,entity,Entities,,,,,,,,,,,,,,,,2026-06-01,,,,,,,,,,,,,,
world:entity:2026-04-27-fmp-technicals-tsla-daily,Entity,2026-04-27_FMP_Technicals_TSLA_daily,2026-04-27_FMP_Technicals_TSLA_daily,2026-04-27_FMP_Technicals_TSLA_daily,,,,,,,entity,Entities,,,,,,,,,,,,,,,,2026-06-01,,,,,,,,,,,,,,
world:entity:2026-04-27-fmp-technicals-tsn-daily,Entity,2026-04-27_FMP_Technicals_TSN_daily,2026-04-27_FMP_Technicals_TSN_daily,2026-04-27_FMP_Technicals_TSN_daily,,,,,,,entity,Entities,,,,,,,,,,,,,,,,2026-06-01,,,,,,,,,,,,,,
world:entity:2026-04-27-fmp-technicals-twst-daily,Entity,2026-04-27_FMP_Technicals_TWST_daily,2026-04-27_FMP_Technicals_TWST_daily,2026-04-27_FMP_Technicals_TWST_daily,,,,,,,entity,Entities,,,,,,,,,,,,,,,,2026-06-01,,,,,,,,,,,,,,
world:entity:2026-04-27-fmp-technicals-txt-daily,Entity,2026-04-27_FMP_Technicals_TXT_daily,2026-04-27_FMP_Technicals_TXT_daily,2026-04-27_FMP_Technicals_TXT_daily,,,,,,,entity,Entities,,,,,,,,,,,,,,,,2026-06-01,,,,,,,,,,,,,,
world:entity:2026-04-27-fmp-technicals-ufpt-daily,Entity,2026-04-27_FMP_Technicals_UFPT_daily,2026-04-27_FMP_Technicals_UFPT_daily,2026-04-27_FMP_Technicals_UFPT_daily,,,,,,,entity,Entities,,,,,,,,,,,,,,,,2026-06-01,,,,,,,,,,,,,,
world:entity:2026-04-27-fmp-technicals-umac-daily,Entity,2026-04-27_FMP_Technicals_UMAC_daily,2026-04-27_FMP_Technicals_UMAC_daily,2026-04-27_FMP_Technicals_UMAC_daily,,,,,,,entity,Entities,,,,,,,,,,,,,,,,2026-06-01,,,,,,,,,,,,,,
world:entity:2026-04-27-fmp-technicals-unty-daily,Entity,2026-04-27_FMP_Technicals_UNTY_daily,2026-04-27_FMP_Technicals_UNTY_daily,2026-04-27_FMP_Technicals_UNTY_daily,,,,,,,entity,Entities,,,,,,,,,,,,,,,,2026-06-01,,,,,,,,,,,,,,
world:entity:2026-04-27-fmp-technicals-vktx-daily,Entity,2026-04-27_FMP_Technicals_VKTX_daily,2026-04-27_FMP_Technicals_VKTX_daily,2026-04-27_FMP_Technicals_VKTX_daily,,,,,,,entity,Entities,,,,,,,,,,,,,,,,2026-06-01,,,,,,,,,,,,,,
world:entity:2026-04-27-fmp-technicals-vst-daily,Entity,2026-04-27_FMP_Technicals_VST_daily,2026-04-27_FMP_Technicals_VST_daily,2026-04-27_FMP_Technicals_VST_daily,,,,,,,entity,Entities,,,,,,,,,,,,,,,,2026-06-01,,,,,,,,,,,,,,
world:entity:2026-04-27-fmp-technicals-wcc-daily,Entity,2026-04-27_FMP_Technicals_WCC_daily,2026-04-27_FMP_Technicals_WCC_daily,2026-04-27_FMP_Technicals_WCC_daily,,,,,,,entity,Entities,,,,,,,,,,,,,,,,2026-06-01,,,,,,,,,,,,,,
world:entity:2026-04-27-fmp-technicals-wolf-daily,Entity,2026-04-27_FMP_Technicals_WOLF_daily,2026-04-27_FMP_Technicals_WOLF_daily,2026-04-27_FMP_Technicals_WOLF_daily,,,,,,,entity,Entities,,,,,,,,,,,,,,,,2026-06-01,,,,,,,,,,,,,,
world:entity:2026-04-27-fmp-technicals-wpm-daily,Entity,2026-04-27_FMP_Technicals_WPM_daily,2026-04-27_FMP_Technicals_WPM_daily,2026-04-27_FMP_Technicals_WPM_daily,,,,,,,entity,Entities,,,,,,,,,,,,,,,,2026-06-01,,,,,,,,,,,,,,
world:entity:2026-04-27-fmp-technicals-xoma-daily,Entity,2026-04-27_FMP_Technicals_XOMA_daily,2026-04-27_FMP_Technicals_XOMA_daily,2026-04-27_FMP_Technicals_XOMA_daily,,,,,,,entity,Entities,,,,,,,,,,,,,,,,2026-06-01,,,,,,,,,,,,,,
world:entity:2026-04-28-agent-analysis-amzn,Entity,2026-04-28_Agent_Analysis_AMZN,2026-04-28_Agent_Analysis_AMZN,2026-04-28_Agent_Analysis_AMZN,,,,,,,entity,Entities,,,,,,,,,,,,,,,,2026-06-01,,,,,,,,,,,,,,
world:entity:2026-04-28-agent-analysis-etn,Entity,2026-04-28_Agent_Analysis_ETN,2026-04-28_Agent_Analysis_ETN,2026-04-28_Agent_Analysis_ETN,,,,,,,entity,Entities,,,,,,,,,,,,,,,,2026-06-01,,,,,,,,,,,,,,
world:entity:2026-04-28-agent-analysis-gev,Entity,2026-04-28_Agent_Analysis_GEV,2026-04-28_Agent_Analysis_GEV,2026-04-28_Agent_Analysis_GEV,,,,,,,entity,Entities,,,,,,,,,,,,,,,,2026-06-01,,,,,,,,,,,,,,
world:entity:2026-04-28-agent-analysis-msft,Entity,2026-04-28_Agent_Analysis_MSFT,2026-04-28_Agent_Analysis_MSFT,2026-04-28_Agent_Analysis_MSFT,,,,,,,entity,Entities,,,,,,,,,,,,,,,,2026-06-01,,,,,,,,,,,,,,
world:entity:2026-04-28-agent-analysis-nrg,Entity,2026-04-28_Agent_Analysis_NRG,2026-04-28_Agent_Analysis_NRG,2026-04-28_Agent_Analysis_NRG,,,,,,,entity,Entities,,,,,,,,,,,,,,,,2026-06-01,,,,,,,,,,,,,,
world:entity:2026-04-28-agent-analysis-pltr,Entity,2026-04-28_Agent_Analysis_PLTR,2026-04-28_Agent_Analysis_PLTR,2026-04-28_Agent_Analysis_PLTR,,,,,,,entity,Entities,,,,,,,,,,,,,,,,2026-06-01,,,,,,,,,,,,,,
world:entity:2026-04-28-agent-analysis-strl,Entity,2026-04-28_Agent_Analysis_STRL,2026-04-28_Agent_Analysis_STRL,2026-04-28_Agent_Analysis_STRL,,,,,,,entity,Entities,,,,,,,,,,,,,,,,2026-06-01,,,,,,,,,,,,,,
world:entity:2026-04-28-agent-analysis-vst,Entity,2026-04-28_Agent_Analysis_VST,2026-04-28_Agent_Analysis_VST,2026-04-28_Agent_Analysis_VST,,,,,,,entity,Entities,,,,,,,,,,,,,,,,2026-06-01,,,,,,,,,,,,,,
world:entity:2026-04-28-fmp-earnings-calendar-thesis-watchlists,Entity,2026-04-28_FMP_Earnings_Calendar_Thesis_Watchlists,2026-04-28_FMP_Earnings_Calendar_Thesis_Watchlists,2026-04-28_FMP_Earnings_Calendar_Thesis_Watchlists,,,,,,,entity,Entities,,,,,,,,,,,,,,,,2026-06-01,,,,,,,,,,,,,,
world:entity:2026-04-28-fmp-technicals-aapl-daily,Entity,2026-04-28_FMP_Technicals_AAPL_daily,2026-04-28_FMP_Technicals_AAPL_daily,2026-04-28_FMP_Technicals_AAPL_daily,,,,,,,entity,Entities,,,,,,,,,,,,,,,,2026-06-01,,,,,,,,,,,,,,
world:entity:2026-04-28-fmp-technicals-abbv-daily,Entity,2026-04-28_FMP_Technicals_ABBV_daily,2026-04-28_FMP_Technicals_ABBV_daily,2026-04-28_FMP_Technicals_ABBV_daily,,,,,,,entity,Entities,,,,,,,,,,,,,,,,2026-06-01,,,,,,,,,,,,,,
world:entity:2026-04-28-fmp-technicals-abt-daily,Entity,2026-04-28_FMP_Technicals_ABT_daily,2026-04-28_FMP_Technicals_ABT_daily,2026-04-28_FMP_Technicals_ABT_daily,,,,,,,entity,Entities,,,,,,,,,,,,,,,,2026-06-01,,,,,,,,,,,,,,
world:entity:2026-04-28-fmp-technicals-acad-daily,Entity,2026-04-28_FMP_Technicals_ACAD_daily,2026-04-28_FMP_Technicals_ACAD_daily,2026-04-28_FMP_Technicals_ACAD_daily,,,,,,,entity,Entities,,,,,,,,,,,,,,,,2026-06-01,,,,,,,,,,,,,,
world:entity:2026-04-28-fmp-technicals-achr-daily,Entity,2026-04-28_FMP_Technicals_ACHR_daily,2026-04-28_FMP_Technicals_ACHR_daily,2026-04-28_FMP_Technicals_ACHR_daily,,,,,,,entity,Entities,,,,,,,,,,,,,,,,2026-06-01,,,,,,,,,,,,,,
world:entity:2026-04-28-fmp-technicals-adbe-daily,Entity,2026-04-28_FMP_Technicals_ADBE_daily,2026-04-28_FMP_Technicals_ADBE_daily,2026-04-28_FMP_Technicals_ADBE_daily,,,,,,,entity,Entities,,,,,,,,,,,,,,,,2026-06-01,,,,,,,,,,,,,,
world:entity:2026-04-28-fmp-technicals-adm-daily,Entity,2026-04-28_FMP_Technicals_ADM_daily,2026-04-28_FMP_Technicals_ADM_daily,2026-04-28_FMP_Technicals_ADM_daily,,,,,,,entity,Entities,,,,,,,,,,,,,,,,2026-06-01,,,,,,,,,,,,,,
world:entity:2026-04-28-fmp-technicals-aep-daily,Entity,2026-04-28_FMP_Technicals_AEP_daily,2026-04-28_FMP_Technicals_AEP_daily,2026-04-28_FMP_Technicals_AEP_daily,,,,,,,entity,Entities,,,,,,,,,,,,,,,,2026-06-01,,,,,,,,,,,,,,
world:entity:2026-04-28-fmp-technicals-airo-daily,Entity,2026-04-28_FMP_Technicals_AIRO_daily,2026-04-28_FMP_Technicals_AIRO_daily,2026-04-28_FMP_Technicals_AIRO_daily,,,,,,,entity,Entities,,,,,,,,,,,,,,,,2026-06-01,,,,,,,,,,,,,,
world:entity:2026-04-28-fmp-technicals-alb-daily,Entity,2026-04-28_FMP_Technicals_ALB_daily,2026-04-28_FMP_Technicals_ALB_daily,2026-04-28_FMP_Technicals_ALB_daily,,,,,,,entity,Entities,,,,,,,,,,,,,,,,2026-06-01,,,,,,,,,,,,,,
world:entity:2026-04-28-fmp-technicals-alks-daily,Entity,2026-04-28_FMP_Technicals_ALKS_daily,2026-04-28_FMP_Technicals_ALKS_daily,2026-04-28_FMP_Technicals_ALKS_daily,,,,,,,entity,Entities,,,,,,,,,,,,,,,,2026-06-01,,,,,,,,,,,,,,
world:entity:2026-04-28-fmp-technicals-alvo-daily,Entity,2026-04-28_FMP_Technicals_ALVO_daily,2026-04-28_FMP_Technicals_ALVO_daily,2026-04-28_FMP_Technicals_ALVO_daily,,,,,,,entity,Entities,,,,,,,,,,,,,,,,2026-06-01,,,,,,,,,,,,,,
world:entity:2026-04-28-fmp-technicals-amat-daily,Entity,2026-04-28_FMP_Technicals_AMAT_daily,2026-04-28_FMP_Technicals_AMAT_daily,2026-04-28_FMP_Technicals_AMAT_daily,,,,,,,entity,Entities,,,,,,,,,,,,,,,,2026-06-01,,,,,,,,,,,,,,
world:entity:2026-04-28-fmp-technicals-amd-daily,Entity,2026-04-28_FMP_Technicals_AMD_daily,2026-04-28_FMP_Technicals_AMD_daily,2026-04-28_FMP_Technicals_AMD_daily,,,,,,,entity,Entities,,,,,,,,,,,,,,,,2026-06-01,,,,,,,,,,,,,,
world:entity:2026-04-28-fmp-technicals-amgn-daily,Entity,2026-04-28_FMP_Technicals_AMGN_daily,2026-04-28_FMP_Technicals_AMGN_daily,2026-04-28_FMP_Technicals_AMGN_daily,,,,,,,entity,Entities,,,,,,,,,,,,,,,,2026-06-01,,,,,,,,,,,,,,
world:entity:2026-04-28-fmp-technicals-amsc-daily,Entity,2026-04-28_FMP_Technicals_AMSC_daily,2026-04-28_FMP_Technicals_AMSC_daily,2026-04-28_FMP_Technicals_AMSC_daily,,,,,,,entity,Entities,,,,,,,,,,,,,,,,2026-06-01,,,,,,,,,,,,,,
world:entity:2026-04-28-fmp-technicals-amt-daily,Entity,2026-04-28_FMP_Technicals_AMT_daily,2026-04-28_FMP_Technicals_AMT_daily,2026-04-28_FMP_Technicals_AMT_daily,,,,,,,entity,Entities,,,,,,,,,,,,,,,,2026-06-01,,,,,,,,,,,,,,
world:entity:2026-04-28-fmp-technicals-amzn-daily,Entity,2026-04-28_FMP_Technicals_AMZN_daily,2026-04-28_FMP_Technicals_AMZN_daily,2026-04-28_FMP_Technicals_AMZN_daily,,,,,,,entity,Entities,,,,,,,,,,,,,,,,2026-06-01,,,,,,,,,,,,,,
world:entity:2026-04-28-fmp-technicals-apd-daily,Entity,2026-04-28_FMP_Technicals_APD_daily,2026-04-28_FMP_Technicals_APD_daily,2026-04-28_FMP_Technicals_APD_daily,,,,,,,entity,Entities,,,,,,,,,,,,,,,,2026-06-01,,,,,,,,,,,,,,
world:entity:2026-04-28-fmp-technicals-asts-daily,Entity,2026-04-28_FMP_Technicals_ASTS_daily,2026-04-28_FMP_Technicals_ASTS_daily,2026-04-28_FMP_Technicals_ASTS_daily,,,,,,,entity,Entities,,,,,,,,,,,,,,,,2026-06-01,,,,,,,,,,,,,,
world:entity:2026-04-28-fmp-technicals-atai-daily,Entity,2026-04-28_FMP_Technicals_ATAI_daily,2026-04-28_FMP_Technicals_ATAI_daily,2026-04-28_FMP_Technicals_ATAI_daily,,,,,,,entity,Entities,,,,,,,,,,,,,,,,2026-06-01,,,,,,,,,,,,,,
world:entity:2026-04-28-fmp-technicals-avav-daily,Entity,2026-04-28_FMP_Technicals_AVAV_daily,2026-04-28_FMP_Technicals_AVAV_daily,2026-04-28_FMP_Technicals_AVAV_daily,,,,,,,entity,Entities,,,,,,,,,,,,,,,,2026-06-01,,,,,,,,,,,,,,
world:entity:2026-04-28-fmp-technicals-avb-daily,Entity,2026-04-28_FMP_Technicals_AVB_daily,2026-04-28_FMP_Technicals_AVB_daily,2026-04-28_FMP_Technicals_AVB_daily,,,,,,,entity,Entities,,,,,,,,,,,,,,,,2026-06-01,,,,,,,,,,,,,,
world:entity:2026-04-28-fmp-technicals-avgo-daily,Entity,2026-04-28_FMP_Technicals_AVGO_daily,2026-04-28_FMP_Technicals_AVGO_daily,2026-04-28_FMP_Technicals_AVGO_daily,,,,,,,entity,Entities,,,,,,,,,,,,,,,,2026-06-01,,,,,,,,,,,,,,
world:entity:2026-04-28-fmp-technicals-axon-daily,Entity,2026-04-28_FMP_Technicals_AXON_daily,2026-04-28_FMP_Technicals_AXON_daily,2026-04-28_FMP_Technicals_AXON_daily,,,,,,,entity,Entities,,,,,,,,,,,,,,,,2026-06-01,,,,,,,,,,,,,,
world:entity:2026-04-28-fmp-technicals-axp-daily,Entity,2026-04-28_FMP_Technicals_AXP_daily,2026-04-28_FMP_Technicals_AXP_daily,2026-04-28_FMP_Technicals_AXP_daily,,,,,,,entity,Entities,,,,,,,,,,,,,,,,2026-06-01,,,,,,,,,,,,,,
world:entity:2026-04-28-fmp-technicals-ba-daily,Entity,2026-04-28_FMP_Technicals_BA_daily,2026-04-28_FMP_Technicals_BA_daily,2026-04-28_FMP_Technicals_BA_daily,,,,,,,entity,Entities,,,,,,,,,,,,,,,,2026-06-01,,,,,,,,,,,,,,
world:entity:2026-04-28-fmp-technicals-bac-daily,Entity,2026-04-28_FMP_Technicals_BAC_daily,2026-04-28_FMP_Technicals_BAC_daily,2026-04-28_FMP_Technicals_BAC_daily,,,,,,,entity,Entities,,,,,,,,,,,,,,,,2026-06-01,,,,,,,,,,,,,,
world:entity:2026-04-28-fmp-technicals-bah-daily,Entity,2026-04-28_FMP_Technicals_BAH_daily,2026-04-28_FMP_Technicals_BAH_daily,2026-04-28_FMP_Technicals_BAH_daily,,,,,,,entity,Entities,,,,,,,,,,,,,,,,2026-06-01,,,,,,,,,,,,,,
world:entity:2026-04-28-fmp-technicals-bbai-daily,Entity,2026-04-28_FMP_Technicals_BBAI_daily,2026-04-28_FMP_Technicals_BBAI_daily,2026-04-28_FMP_Technicals_BBAI_daily,,,,,,,entity,Entities,,,,,,,,,,,,,,,,2026-06-01,,,,,,,,,,,,,,
world:entity:2026-04-28-fmp-technicals-beam-daily,Entity,2026-04-28_FMP_Technicals_BEAM_daily,2026-04-28_FMP_Technicals_BEAM_daily,2026-04-28_FMP_Technicals_BEAM_daily,,,,,,,entity,Entities,,,,,,,,,,,,,,,,2026-06-01,,,,,,,,,,,,,,
world:entity:2026-04-28-fmp-technicals-bg-daily,Entity,2026-04-28_FMP_Technicals_BG_daily,2026-04-28_FMP_Technicals_BG_daily,2026-04-28_FMP_Technicals_BG_daily,,,,,,,entity,Entities,,,,,,,,,,,,,,,,2026-06-01,,,,,,,,,,,,,,
world:entity:2026-04-28-fmp-technicals-biib-daily,Entity,2026-04-28_FMP_Technicals_BIIB_daily,2026-04-28_FMP_Technicals_BIIB_daily,2026-04-28_FMP_Technicals_BIIB_daily,,,,,,,entity,Entities,,,,,,,,,,,,,,,,2026-06-01,,,,,,,,,,,,,,
world:entity:2026-04-28-fmp-technicals-bkng-daily,Entity,2026-04-28_FMP_Technicals_BKNG_daily,2026-04-28_FMP_Technicals_BKNG_daily,2026-04-28_FMP_Technicals_BKNG_daily,,,,,,,entity,Entities,,,,,,,,,,,,,,,,2026-06-01,,,,,,,,,,,,,,
world:entity:2026-04-28-fmp-technicals-bksy-daily,Entity,2026-04-28_FMP_Technicals_BKSY_daily,2026-04-28_FMP_Technicals_BKSY_daily,2026-04-28_FMP_Technicals_BKSY_daily,,,,,,,entity,Entities,,,,,,,,,,,,,,,,2026-06-01,,,,,,,,,,,,,,
world:entity:2026-04-28-fmp-technicals-blk-daily,Entity,2026-04-28_FMP_Technicals_BLK_daily,2026-04-28_FMP_Technicals_BLK_daily,2026-04-28_FMP_Technicals_BLK_daily,,,,,,,entity,Entities,,,,,,,,,,,,,,,,2026-06-01,,,,,,,,,,,,,,
world:entity:2026-04-28-fmp-technicals-brbr-daily,Entity,2026-04-28_FMP_Technicals_BRBR_daily,2026-04-28_FMP_Technicals_BRBR_daily,2026-04-28_FMP_Technicals_BRBR_daily,,,,,,,entity,Entities,,,,,,,,,,,,,,,,2026-06-01,,,,,,,,,,,,,,
world:entity:2026-04-28-fmp-technicals-bw-daily,Entity,2026-04-28_FMP_Technicals_BW_daily,2026-04-28_FMP_Technicals_BW_daily,2026-04-28_FMP_Technicals_BW_daily,,,,,,,entity,Entities,,,,,,,,,,,,,,,,2026-06-01,,,,,,,,,,,,,,
world:entity:2026-04-28-fmp-technicals-bynd-daily,Entity,2026-04-28_FMP_Technicals_BYND_daily,2026-04-28_FMP_Technicals_BYND_daily,2026-04-28_FMP_Technicals_BYND_daily,,,,,,,entity,Entities,,,,,,,,,,,,,,,,2026-06-01,,,,,,,,,,,,,,
world:entity:2026-04-28-fmp-technicals-c-daily,Entity,2026-04-28_FMP_Technicals_C_daily,2026-04-28_FMP_Technicals_C_daily,2026-04-28_FMP_Technicals_C_daily,,,,,,,entity,Entities,,,,,,,,,,,,,,,,2026-06-01,,,,,,,,,,,,,,
world:entity:2026-04-28-fmp-technicals-caci-daily,Entity,2026-04-28_FMP_Technicals_CACI_daily,2026-04-28_FMP_Technicals_CACI_daily,2026-04-28_FMP_Technicals_CACI_daily,,,,,,,entity,Entities,,,,,,,,,,,,,,,,2026-06-01,,,,,,,,,,,,,,
world:entity:2026-04-28-fmp-technicals-cat-daily,Entity,2026-04-28_FMP_Technicals_CAT_daily,2026-04-28_FMP_Technicals_CAT_daily,2026-04-28_FMP_Technicals_CAT_daily,,,,,,,entity,Entities,,,,,,,,,,,,,,,,2026-06-01,,,,,,,,,,,,,,
world:entity:2026-04-28-fmp-technicals-cci-daily,Entity,2026-04-28_FMP_Technicals_CCI_daily,2026-04-28_FMP_Technicals_CCI_daily,2026-04-28_FMP_Technicals_CCI_daily,,,,,,,entity,Entities,,,,,,,,,,,,,,,,2026-06-01,,,,,,,,,,,,,,
world:entity:2026-04-28-fmp-technicals-ccj-daily,Entity,2026-04-28_FMP_Technicals_CCJ_daily,2026-04-28_FMP_Technicals_CCJ_daily,2026-04-28_FMP_Technicals_CCJ_daily,,,,,,,entity,Entities,,,,,,,,,,,,,,,,2026-06-01,,,,,,,,,,,,,,
world:entity:2026-04-28-fmp-technicals-ceg-daily,Entity,2026-04-28_FMP_Technicals_CEG_daily,2026-04-28_FMP_Technicals_CEG_daily,2026-04-28_FMP_Technicals_CEG_daily,,,,,,,entity,Entities,,,,,,,,,,,,,,,,2026-06-01,,,,,,,,,,,,,,
world:entity:2026-04-28-fmp-technicals-chtr-daily,Entity,2026-04-28_FMP_Technicals_CHTR_daily,2026-04-28_FMP_Technicals_CHTR_daily,2026-04-28_FMP_Technicals_CHTR_daily,,,,,,,entity,Entities,,,,,,,,,,,,,,,,2026-06-01,,,,,,,,,,,,,,
world:entity:2026-04-28-fmp-technicals-cl-daily,Entity,2026-04-28_FMP_Technicals_CL_daily,2026-04-28_FMP_Technicals_CL_daily,2026-04-28_FMP_Technicals_CL_daily,,,,,,,entity,Entities,,,,,,,,,,,,,,,,2026-06-01,,,,,,,,,,,,,,
world:entity:2026-04-28-fmp-technicals-cmcsa-daily,Entity,2026-04-28_FMP_Technicals_CMCSA_daily,2026-04-28_FMP_Technicals_CMCSA_daily,2026-04-28_FMP_Technicals_CMCSA_daily,,,,,,,entity,Entities,,,,,,,,,,,,,,,,2026-06-01,,,,,,,,,,,,,,
world:entity:2026-04-28-fmp-technicals-cmps-daily,Entity,2026-04-28_FMP_Technicals_CMPS_daily,2026-04-28_FMP_Technicals_CMPS_daily,2026-04-28_FMP_Technicals_CMPS_daily,,,,,,,entity,Entities,,,,,,,,,,,,,,,,2026-06-01,,,,,,,,,,,,,,
world:entity:2026-04-28-fmp-technicals-coin-daily,Entity,2026-04-28_FMP_Technicals_COIN_daily,2026-04-28_FMP_Technicals_COIN_daily,2026-04-28_FMP_Technicals_COIN_daily,,,,,,,entity,Entities,,,,,,,,,,,,,,,,2026-06-01,,,,,,,,,,,,,,
world:entity:2026-04-28-fmp-technicals-cop-daily,Entity,2026-04-28_FMP_Technicals_COP_daily,2026-04-28_FMP_Technicals_COP_daily,2026-04-28_FMP_Technicals_COP_daily,,,,,,,entity,Entities,,,,,,,,,,,,,,,,2026-06-01,,,,,,,,,,,,,,
world:entity:2026-04-28-fmp-technicals-cost-daily,Entity,2026-04-28_FMP_Technicals_COST_daily,2026-04-28_FMP_Technicals_COST_daily,2026-04-28_FMP_Technicals_COST_daily,,,,,,,entity,Entities,,,,,,,,,,,,,,,,2026-06-01,,,,,,,,,,,,,,
world:entity:2026-04-28-fmp-technicals-crm-daily,Entity,2026-04-28_FMP_Technicals_CRM_daily,2026-04-28_FMP_Technicals_CRM_daily,2026-04-28_FMP_Technicals_CRM_daily,,,,,,,entity,Entities,,,,,,,,,,,,,,,,2026-06-01,,,,,,,,,,,,,,
world:entity:2026-04-28-fmp-technicals-crsp-daily,Entity,2026-04-28_FMP_Technicals_CRSP_daily,2026-04-28_FMP_Technicals_CRSP_daily,2026-04-28_FMP_Technicals_CRSP_daily,,,,,,,entity,Entities,,,,,,,,,,,,,,,,2026-06-01,,,,,,,,,,,,,,
world:entity:2026-04-28-fmp-technicals-ctva-daily,Entity,2026-04-28_FMP_Technicals_CTVA_daily,2026-04-28_FMP_Technicals_CTVA_daily,2026-04-28_FMP_Technicals_CTVA_daily,,,,,,,entity,Entities,,,,,,,,,,,,,,,,2026-06-01,,,,,,,,,,,,,,
world:entity:2026-04-28-fmp-technicals-cvx-daily,Entity,2026-04-28_FMP_Technicals_CVX_daily,2026-04-28_FMP_Technicals_CVX_daily,2026-04-28_FMP_Technicals_CVX_daily,,,,,,,entity,Entities,,,,,,,,,,,,,,,,2026-06-01,,,,,,,,,,,,,,
world:entity:2026-04-28-fmp-technicals-d-daily,Entity,2026-04-28_FMP_Technicals_D_daily,2026-04-28_FMP_Technicals_D_daily,2026-04-28_FMP_Technicals_D_daily,,,,,,,entity,Entities,,,,,,,,,,,,,,,,2026-06-01,,,,,,,,,,,,,,
world:entity:2026-04-28-fmp-technicals-de-daily,Entity,2026-04-28_FMP_Technicals_DE_daily,2026-04-28_FMP_Technicals_DE_daily,2026-04-28_FMP_Technicals_DE_daily,,,,,,,entity,Entities,,,,,,,,,,,,,,,,2026-06-01,,,,,,,,,,,,,,
world:entity:2026-04-28-fmp-technicals-dftx-daily,Entity,2026-04-28_FMP_Technicals_DFTX_daily,2026-04-28_FMP_Technicals_DFTX_daily,2026-04-28_FMP_Technicals_DFTX_daily,,,,,,,entity,Entities,,,,,,,,,,,,,,,,2026-06-01,,,,,,,,,,,,,,
world:entity:2026-04-28-fmp-technicals-dhi-daily,Entity,2026-04-28_FMP_Technicals_DHI_daily,2026-04-28_FMP_Technicals_DHI_daily,2026-04-28_FMP_Technicals_DHI_daily,,,,,,,entity,Entities,,,,,,,,,,,,,,,,2026-06-01,,,,,,,,,,,,,,
world:entity:2026-04-28-fmp-technicals-dhr-daily,Entity,2026-04-28_FMP_Technicals_DHR_daily,2026-04-28_FMP_Technicals_DHR_daily,2026-04-28_FMP_Technicals_DHR_daily,,,,,,,entity,Entities,,,,,,,,,,,,,,,,2026-06-01,,,,,,,,,,,,,,
world:entity:2026-04-28-fmp-technicals-dis-daily,Entity,2026-04-28_FMP_Technicals_DIS_daily,2026-04-28_FMP_Technicals_DIS_daily,2026-04-28_FMP_Technicals_DIS_daily,,,,,,,entity,Entities,,,,,,,,,,,,,,,,2026-06-01,,,,,,,,,,,,,,
world:entity:2026-04-28-fmp-technicals-dlr-daily,Entity,2026-04-28_FMP_Technicals_DLR_daily,2026-04-28_FMP_Technicals_DLR_daily,2026-04-28_FMP_Technicals_DLR_daily,,,,,,,entity,Entities,,,,,,,,,,,,,,,,2026-06-01,,,,,,,,,,,,,,
world:entity:2026-04-28-fmp-technicals-dna-daily,Entity,2026-04-28_FMP_Technicals_DNA_daily,2026-04-28_FMP_Technicals_DNA_daily,2026-04-28_FMP_Technicals_DNA_daily,,,,,,,entity,Entities,,,,,,,,,,,,,,,,2026-06-01,,,,,,,,,,,,,,
world:entity:2026-04-28-fmp-technicals-dpro-daily,Entity,2026-04-28_FMP_Technicals_DPRO_daily,2026-04-28_FMP_Technicals_DPRO_daily,2026-04-28_FMP_Technicals_DPRO_daily,,,,,,,entity,Entities,,,,,,,,,,,,,,,,2026-06-01,,,,,,,,,,,,,,
world:entity:2026-04-28-fmp-technicals-duk-daily,Entity,2026-04-28_FMP_Technicals_DUK_daily,2026-04-28_FMP_Technicals_DUK_daily,2026-04-28_FMP_Technicals_DUK_daily,,,,,,,entity,Entities,,,,,,,,,,,,,,,,2026-06-01,,,,,,,,,,,,,,
world:entity:2026-04-28-fmp-technicals-dvn-daily,Entity,2026-04-28_FMP_Technicals_DVN_daily,2026-04-28_FMP_Technicals_DVN_daily,2026-04-28_FMP_Technicals_DVN_daily,,,,,,,entity,Entities,,,,,,,,,,,,,,,,2026-06-01,,,,,,,,,,,,,,
world:entity:2026-04-28-fmp-technicals-ea-daily,Entity,2026-04-28_FMP_Technicals_EA_daily,2026-04-28_FMP_Technicals_EA_daily,2026-04-28_FMP_Technicals_EA_daily,,,,,,,entity,Entities,,,,,,,,,,,,,,,,2026-06-01,,,,,,,,,,,,,,
world:entity:2026-04-28-fmp-technicals-ecl-daily,Entity,2026-04-28_FMP_Technicals_ECL_daily,2026-04-28_FMP_Technicals_ECL_daily,2026-04-28_FMP_Technicals_ECL_daily,,,,,,,entity,Entities,,,,,,,,,,,,,,,,2026-06-01,,,,,,,,,,,,,,
world:entity:2026-04-28-fmp-technicals-ecpg-daily,Entity,2026-04-28_FMP_Technicals_ECPG_daily,2026-04-28_FMP_Technicals_ECPG_daily,2026-04-28_FMP_Technicals_ECPG_daily,,,,,,,entity,Entities,,,,,,,,,,,,,,,,2026-06-01,,,,,,,,,,,,,,
world:entity:2026-04-28-fmp-technicals-edit-daily,Entity,2026-04-28_FMP_Technicals_EDIT_daily,2026-04-28_FMP_Technicals_EDIT_daily,2026-04-28_FMP_Technicals_EDIT_daily,,,,,,,entity,Entities,,,,,,,,,,,,,,,,2026-06-01,,,,,,,,,,,,,,
world:entity:2026-04-28-fmp-technicals-eh-daily,Entity,2026-04-28_FMP_Technicals_EH_daily,2026-04-28_FMP_Technicals_EH_daily,2026-04-28_FMP_Technicals_EH_daily,,,,,,,entity,Entities,,,,,,,,,,,,,,,,2026-06-01,,,,,,,,,,,,,,
world:entity:2026-04-28-fmp-technicals-envx-daily,Entity,2026-04-28_FMP_Technicals_ENVX_daily,2026-04-28_FMP_Technicals_ENVX_daily,2026-04-28_FMP_Technicals_ENVX_daily,,,,,,,entity,Entities,,,,,,,,,,,,,,,,2026-06-01,,,,,,,,,,,,,,
world:entity:2026-04-28-fmp-technicals-eog-daily,Entity,2026-04-28_FMP_Technicals_EOG_daily,2026-04-28_FMP_Technicals_EOG_daily,2026-04-28_FMP_Technicals_EOG_daily,,,,,,,entity,Entities,,,,,,,,,,,,,,,,2026-06-01,,,,,,,,,,,,,,
world:entity:2026-04-28-fmp-technicals-eqix-daily,Entity,2026-04-28_FMP_Technicals_EQIX_daily,2026-04-28_FMP_Technicals_EQIX_daily,2026-04-28_FMP_Technicals_EQIX_daily,,,,,,,entity,Entities,,,,,,,,,,,,,,,,2026-06-01,,,,,,,,,,,,,,
world:entity:2026-04-28-fmp-technicals-eslt-daily,Entity,2026-04-28_FMP_Technicals_ESLT_daily,2026-04-28_FMP_Technicals_ESLT_daily,2026-04-28_FMP_Technicals_ESLT_daily,,,,,,,entity,Entities,,,,,,,,,,,,,,,,2026-06-01,,,,,,,,,,,,,,
world:entity:2026-04-28-fmp-technicals-etn-daily,Entity,2026-04-28_FMP_Technicals_ETN_daily,2026-04-28_FMP_Technicals_ETN_daily,2026-04-28_FMP_Technicals_ETN_daily,,,,,,,entity,Entities,,,,,,,,,,,,,,,,2026-06-01,,,,,,,,,,,,,,
world:entity:2026-04-28-fmp-technicals-evtl-daily,Entity,2026-04-28_FMP_Technicals_EVTL_daily,2026-04-28_FMP_Technicals_EVTL_daily,2026-04-28_FMP_Technicals_EVTL_daily,,,,,,,entity,Entities,,,,,,,,,,,,,,,,2026-06-01,,,,,,,,,,,,,,
world:entity:2026-04-28-fmp-technicals-exc-daily,Entity,2026-04-28_FMP_Technicals_EXC_daily,2026-04-28_FMP_Technicals_EXC_daily,2026-04-28_FMP_Technicals_EXC_daily,,,,,,,entity,Entities,,,,,,,,,,,,,,,,2026-06-01,,,,,,,,,,,,,,
world:entity:2026-04-28-fmp-technicals-fcx-daily,Entity,2026-04-28_FMP_Technicals_FCX_daily,2026-04-28_FMP_Technicals_FCX_daily,2026-04-28_FMP_Technicals_FCX_daily,,,,,,,entity,Entities,,,,,,,,,,,,,,,,2026-06-01,,,,,,,,,,,,,,
world:entity:2026-04-28-fmp-technicals-flnc-daily,Entity,2026-04-28_FMP_Technicals_FLNC_daily,2026-04-28_FMP_Technicals_FLNC_daily,2026-04-28_FMP_Technicals_FLNC_daily,,,,,,,entity,Entities,,,,,,,,,,,,,,,,2026-06-01,,,,,,,,,,,,,,
world:entity:2026-04-28-fmp-technicals-fmc-daily,Entity,2026-04-28_FMP_Technicals_FMC_daily,2026-04-28_FMP_Technicals_FMC_daily,2026-04-28_FMP_Technicals_FMC_daily,,,,,,,entity,Entities,,,,,,,,,,,,,,,,2026-06-01,,,,,,,,,,,,,,
world:entity:2026-04-28-fmp-technicals-gd-daily,Entity,2026-04-28_FMP_Technicals_GD_daily,2026-04-28_FMP_Technicals_GD_daily,2026-04-28_FMP_Technicals_GD_daily,,,,,,,entity,Entities,,,,,,,,,,,,,,,,2026-06-01,,,,,,,,,,,,,,
world:entity:2026-04-28-fmp-technicals-ge-daily,Entity,2026-04-28_FMP_Technicals_GE_daily,2026-04-28_FMP_Technicals_GE_daily,2026-04-28_FMP_Technicals_GE_daily,,,,,,,entity,Entities,,,,,,,,,,,,,,,,2026-06-01,,,,,,,,,,,,,,
world:entity:2026-04-28-fmp-technicals-gev-daily,Entity,2026-04-28_FMP_Technicals_GEV_daily,2026-04-28_FMP_Technicals_GEV_daily,2026-04-28_FMP_Technicals_GEV_daily,,,,,,,entity,Entities,,,,,,,,,,,,,,,,2026-06-01,,,,,,,,,,,,,,
world:entity:2026-04-28-fmp-technicals-ghrs-daily,Entity,2026-04-28_FMP_Technicals_GHRS_daily,2026-04-28_FMP_Technicals_GHRS_daily,2026-04-28_FMP_Technicals_GHRS_daily,,,,,,,entity,Entities,,,,,,,,,,,,,,,,2026-06-01,,,,,,,,,,,,,,
world:entity:2026-04-28-fmp-technicals-gis-daily,Entity,2026-04-28_FMP_Technicals_GIS_daily,2026-04-28_FMP_Technicals_GIS_daily,2026-04-28_FMP_Technicals_GIS_daily,,,,,,,entity,Entities,,,,,,,,,,,,,,,,2026-06-01,,,,,,,,,,,,,,
world:entity:2026-04-28-fmp-technicals-gold-daily,Entity,2026-04-28_FMP_Technicals_GOLD_daily,2026-04-28_FMP_Technicals_GOLD_daily,2026-04-28_FMP_Technicals_GOLD_daily,,,,,,,entity,Entities,,,,,,,,,,,,,,,,2026-06-01,,,,,,,,,,,,,,
world:entity:2026-04-28-fmp-technicals-googl-daily,Entity,2026-04-28_FMP_Technicals_GOOGL_daily,2026-04-28_FMP_Technicals_GOOGL_daily,2026-04-28_FMP_Technicals_GOOGL_daily,,,,,,,entity,Entities,,,,,,,,,,,,,,,,2026-06-01,,,,,,,,,,,,,,
world:entity:2026-04-28-fmp-technicals-gs-daily,Entity,2026-04-28_FMP_Technicals_GS_daily,2026-04-28_FMP_Technicals_GS_daily,2026-04-28_FMP_Technicals_GS_daily,,,,,,,entity,Entities,,,,,,,,,,,,,,,,2026-06-01,,,,,,,,,,,,,,
world:entity:2026-04-28-fmp-technicals-hal-daily,Entity,2026-04-28_FMP_Technicals_HAL_daily,2026-04-28_FMP_Technicals_HAL_daily,2026-04-28_FMP_Technicals_HAL_daily,,,,,,,entity,Entities,,,,,,,,,,,,,,,,2026-06-01,,,,,,,,,,,,,,
world:entity:2026-04-28-fmp-technicals-hd-daily,Entity,2026-04-28_FMP_Technicals_HD_daily,2026-04-28_FMP_Technicals_HD_daily,2026-04-28_FMP_Technicals_HD_daily,,,,,,,entity,Entities,,,,,,,,,,,,,,,,2026-06-01,,,,,,,,,,,,,,
world:entity:2026-04-28-fmp-technicals-help-daily,Entity,2026-04-28_FMP_Technicals_HELP_daily,2026-04-28_FMP_Technicals_HELP_daily,2026-04-28_FMP_Technicals_HELP_daily,,,,,,,entity,Entities,,,,,,,,,,,,,,,,2026-06-01,,,,,,,,,,,,,,
world:entity:2026-04-28-fmp-technicals-hii-daily,Entity,2026-04-28_FMP_Technicals_HII_daily,2026-04-28_FMP_Technicals_HII_daily,2026-04-28_FMP_Technicals_HII_daily,,,,,,,entity,Entities,,,,,,,,,,,,,,,,2026-06-01,,,,,,,,,,,,,,
world:entity:2026-04-28-fmp-technicals-hims-daily,Entity,2026-04-28_FMP_Technicals_HIMS_daily,2026-04-28_FMP_Technicals_HIMS_daily,2026-04-28_FMP_Technicals_HIMS_daily,,,,,,,entity,Entities,,,,,,,,,,,,,,,,2026-06-01,,,,,,,,,,,,,,
world:entity:2026-04-28-fmp-technicals-hon-daily,Entity,2026-04-28_FMP_Technicals_HON_daily,2026-04-28_FMP_Technicals_HON_daily,2026-04-28_FMP_Technicals_HON_daily,,,,,,,entity,Entities,,,,,,,,,,,,,,,,2026-06-01,,,,,,,,,,,,,,
world:entity:2026-04-28-fmp-technicals-hovr-daily,Entity,2026-04-28_FMP_Technicals_HOVR_daily,2026-04-28_FMP_Technicals_HOVR_daily,2026-04-28_FMP_Technicals_HOVR_daily,,,,,,,entity,Entities,,,,,,,,,,,,,,,,2026-06-01,,,,,,,,,,,,,,
world:entity:2026-04-28-fmp-technicals-hubb-daily,Entity,2026-04-28_FMP_Technicals_HUBB_daily,2026-04-28_FMP_Technicals_HUBB_daily,2026-04-28_FMP_Technicals_HUBB_daily,,,,,,,entity,Entities,,,,,,,,,,,,,,,,2026-06-01,,,,,,,,,,,,,,
world:entity:2026-04-28-fmp-technicals-iff-daily,Entity,2026-04-28_FMP_Technicals_IFF_daily,2026-04-28_FMP_Technicals_IFF_daily,2026-04-28_FMP_Technicals_IFF_daily,,,,,,,entity,Entities,,,,,,,,,,,,,,,,2026-06-01,,,,,,,,,,,,,,
world:entity:2026-04-28-fmp-technicals-iipr-daily,Entity,2026-04-28_FMP_Technicals_IIPR_daily,2026-04-28_FMP_Technicals_IIPR_daily,2026-04-28_FMP_Technicals_IIPR_daily,,,,,,,entity,Entities,,,,,,,,,,,,,,,,2026-06-01,,,,,,,,,,,,,,
world:entity:2026-04-28-fmp-technicals-inva-daily,Entity,2026-04-28_FMP_Technicals_INVA_daily,2026-04-28_FMP_Technicals_INVA_daily,2026-04-28_FMP_Technicals_INVA_daily,,,,,,,entity,Entities,,,,,,,,,,,,,,,,2026-06-01,,,,,,,,,,,,,,
world:entity:2026-04-28-fmp-technicals-ionq-daily,Entity,2026-04-28_FMP_Technicals_IONQ_daily,2026-04-28_FMP_Technicals_IONQ_daily,2026-04-28_FMP_Technicals_IONQ_daily,,,,,,,entity,Entities,,,,,,,,,,,,,,,,2026-06-01,,,,,,,,,,,,,,
world:entity:2026-04-28-fmp-technicals-isrg-daily,Entity,2026-04-28_FMP_Technicals_ISRG_daily,2026-04-28_FMP_Technicals_ISRG_daily,2026-04-28_FMP_Technicals_ISRG_daily,,,,,,,entity,Entities,,,,,,,,,,,,,,,,2026-06-01,,,,,,,,,,,,,,
world:entity:2026-04-28-fmp-technicals-jnj-daily,Entity,2026-04-28_FMP_Technicals_JNJ_daily,2026-04-28_FMP_Technicals_JNJ_daily,2026-04-28_FMP_Technicals_JNJ_daily,,,,,,,entity,Entities,,,,,,,,,,,,,,,,2026-06-01,,,,,,,,,,,,,,
world:entity:2026-04-28-fmp-technicals-joby-daily,Entity,2026-04-28_FMP_Technicals_JOBY_daily,2026-04-28_FMP_Technicals_JOBY_daily,2026-04-28_FMP_Technicals_JOBY_daily,,,,,,,entity,Entities,,,,,,,,,,,,,,,,2026-06-01,,,,,,,,,,,,,,
world:entity:2026-04-28-fmp-technicals-jpm-daily,Entity,2026-04-28_FMP_Technicals_JPM_daily,2026-04-28_FMP_Technicals_JPM_daily,2026-04-28_FMP_Technicals_JPM_daily,,,,,,,entity,Entities,,,,,,,,,,,,,,,,2026-06-01,,,,,,,,,,,,,,
world:entity:2026-04-28-fmp-technicals-klac-daily,Entity,2026-04-28_FMP_Technicals_KLAC_daily,2026-04-28_FMP_Technicals_KLAC_daily,2026-04-28_FMP_Technicals_KLAC_daily,,,,,,,entity,Entities,,,,,,,,,,,,,,,,2026-06-01,,,,,,,,,,,,,,
world:entity:2026-04-28-fmp-technicals-kmb-daily,Entity,2026-04-28_FMP_Technicals_KMB_daily,2026-04-28_FMP_Technicals_KMB_daily,2026-04-28_FMP_Technicals_KMB_daily,,,,,,,entity,Entities,,,,,,,,,,,,,,,,2026-06-01,,,,,,,,,,,,,,
world:entity:2026-04-28-fmp-technicals-ko-daily,Entity,2026-04-28_FMP_Technicals_KO_daily,2026-04-28_FMP_Technicals_KO_daily,2026-04-28_FMP_Technicals_KO_daily,,,,,,,entity,Entities,,,,,,,,,,,,,,,,2026-06-01,,,,,,,,,,,,,,
world:entity:2026-04-28-fmp-technicals-ktos-daily,Entity,2026-04-28_FMP_Technicals_KTOS_daily,2026-04-28_FMP_Technicals_KTOS_daily,2026-04-28_FMP_Technicals_KTOS_daily,,,,,,,entity,Entities,,,,,,,,,,,,,,,,2026-06-01,,,,,,,,,,,,,,
world:entity:2026-04-28-fmp-technicals-ldos-daily,Entity,2026-04-28_FMP_Technicals_LDOS_daily,2026-04-28_FMP_Technicals_LDOS_daily,2026-04-28_FMP_Technicals_LDOS_daily,,,,,,,entity,Entities,,,,,,,,,,,,,,,,2026-06-01,,,,,,,,,,,,,,
world:entity:2026-04-28-fmp-technicals-len-daily,Entity,2026-04-28_FMP_Technicals_LEN_daily,2026-04-28_FMP_Technicals_LEN_daily,2026-04-28_FMP_Technicals_LEN_daily,,,,,,,entity,Entities,,,,,,,,,,,,,,,,2026-06-01,,,,,,,,,,,,,,
world:entity:2026-04-28-fmp-technicals-lhx-daily,Entity,2026-04-28_FMP_Technicals_LHX_daily,2026-04-28_FMP_Technicals_LHX_daily,2026-04-28_FMP_Technicals_LHX_daily,,,,,,,entity,Entities,,,,,,,,,,,,,,,,2026-06-01,,,,,,,,,,,,,,
world:entity:2026-04-28-fmp-technicals-lin-daily,Entity,2026-04-28_FMP_Technicals_LIN_daily,2026-04-28_FMP_Technicals_LIN_daily,2026-04-28_FMP_Technicals_LIN_daily,,,,,,,entity,Entities,,,,,,,,,,,,,,,,2026-06-01,,,,,,,,,,,,,,
world:entity:2026-04-28-fmp-technicals-lly-daily,Entity,2026-04-28_FMP_Technicals_LLY_daily,2026-04-28_FMP_Technicals_LLY_daily,2026-04-28_FMP_Technicals_LLY_daily,,,,,,,entity,Entities,,,,,,,,,,,,,,,,2026-06-01,,,,,,,,,,,,,,
world:entity:2026-04-28-fmp-technicals-lmt-daily,Entity,2026-04-28_FMP_Technicals_LMT_daily,2026-04-28_FMP_Technicals_LMT_daily,2026-04-28_FMP_Technicals_LMT_daily,,,,,,,entity,Entities,,,,,,,,,,,,,,,,2026-06-01,,,,,,,,,,,,,,
world:entity:2026-04-28-fmp-technicals-low-daily,Entity,2026-04-28_FMP_Technicals_LOW_daily,2026-04-28_FMP_Technicals_LOW_daily,2026-04-28_FMP_Technicals_LOW_daily,,,,,,,entity,Entities,,,,,,,,,,,,,,,,2026-06-01,,,,,,,,,,,,,,
world:entity:2026-04-28-fmp-technicals-lrcx-daily,Entity,2026-04-28_FMP_Technicals_LRCX_daily,2026-04-28_FMP_Technicals_LRCX_daily,2026-04-28_FMP_Technicals_LRCX_daily,,,,,,,entity,Entities,,,,,,,,,,,,,,,,2026-06-01,,,,,,,,,,,,,,
world:entity:2026-04-28-fmp-technicals-ma-daily,Entity,2026-04-28_FMP_Technicals_MA_daily,2026-04-28_FMP_Technicals_MA_daily,2026-04-28_FMP_Technicals_MA_daily,,,,,,,entity,Entities,,,,,,,,,,,,,,,,2026-06-01,,,,,,,,,,,,,,
world:entity:2026-04-28-fmp-technicals-mcd-daily,Entity,2026-04-28_FMP_Technicals_MCD_daily,2026-04-28_FMP_Technicals_MCD_daily,2026-04-28_FMP_Technicals_MCD_daily,,,,,,,entity,Entities,,,,,,,,,,,,,,,,2026-06-01,,,,,,,,,,,,,,
world:entity:2026-04-28-fmp-technicals-meta-daily,Entity,2026-04-28_FMP_Technicals_META_daily,2026-04-28_FMP_Technicals_META_daily,2026-04-28_FMP_Technicals_META_daily,,,,,,,entity,Entities,,,,,,,,,,,,,,,,2026-06-01,,,,,,,,,,,,,,
world:entity:2026-04-28-fmp-technicals-mmm-daily,Entity,2026-04-28_FMP_Technicals_MMM_daily,2026-04-28_FMP_Technicals_MMM_daily,2026-04-28_FMP_Technicals_MMM_daily,,,,,,,entity,Entities,,,,,,,,,,,,,,,,2026-06-01,,,,,,,,,,,,,,
world:entity:2026-04-28-fmp-technicals-mnts-daily,Entity,2026-04-28_FMP_Technicals_MNTS_daily,2026-04-28_FMP_Technicals_MNTS_daily,2026-04-28_FMP_Technicals_MNTS_daily,,,,,,,entity,Entities,,,,,,,,,,,,,,,,2026-06-01,,,,,,,,,,,,,,
world:entity:2026-04-28-fmp-technicals-mo-daily,Entity,2026-04-28_FMP_Technicals_MO_daily,2026-04-28_FMP_Technicals_MO_daily,2026-04-28_FMP_Technicals_MO_daily,,,,,,,entity,Entities,,,,,,,,,,,,,,,,2026-06-01,,,,,,,,,,,,,,
world:entity:2026-04-28-fmp-technicals-mos-daily,Entity,2026-04-28_FMP_Technicals_MOS_daily,2026-04-28_FMP_Technicals_MOS_daily,2026-04-28_FMP_Technicals_MOS_daily,,,,,,,entity,Entities,,,,,,,,,,,,,,,,2026-06-01,,,,,,,,,,,,,,
world:entity:2026-04-28-fmp-technicals-mpc-daily,Entity,2026-04-28_FMP_Technicals_MPC_daily,2026-04-28_FMP_Technicals_MPC_daily,2026-04-28_FMP_Technicals_MPC_daily,,,,,,,entity,Entities,,,,,,,,,,,,,,,,2026-06-01,,,,,,,,,,,,,,
world:entity:2026-04-28-fmp-technicals-mrk-daily,Entity,2026-04-28_FMP_Technicals_MRK_daily,2026-04-28_FMP_Technicals_MRK_daily,2026-04-28_FMP_Technicals_MRK_daily,,,,,,,entity,Entities,,,,,,,,,,,,,,,,2026-06-01,,,,,,,,,,,,,,
world:entity:2026-04-28-fmp-technicals-ms-daily,Entity,2026-04-28_FMP_Technicals_MS_daily,2026-04-28_FMP_Technicals_MS_daily,2026-04-28_FMP_Technicals_MS_daily,,,,,,,entity,Entities,,,,,,,,,,,,,,,,2026-06-01,,,,,,,,,,,,,,
world:entity:2026-04-28-fmp-technicals-msft-daily,Entity,2026-04-28_FMP_Technicals_MSFT_daily,2026-04-28_FMP_Technicals_MSFT_daily,2026-04-28_FMP_Technicals_MSFT_daily,,,,,,,entity,Entities,,,,,,,,,,,,,,,,2026-06-01,,,,,,,,,,,,,,
world:entity:2026-04-28-fmp-technicals-mstr-daily,Entity,2026-04-28_FMP_Technicals_MSTR_daily,2026-04-28_FMP_Technicals_MSTR_daily,2026-04-28_FMP_Technicals_MSTR_daily,,,,,,,entity,Entities,,,,,,,,,,,,,,,,2026-06-01,,,,,,,,,,,,,,
world:entity:2026-04-28-fmp-technicals-mtz-daily,Entity,2026-04-28_FMP_Technicals_MTZ_daily,2026-04-28_FMP_Technicals_MTZ_daily,2026-04-28_FMP_Technicals_MTZ_daily,,,,,,,entity,Entities,,,,,,,,,,,,,,,,2026-06-01,,,,,,,,,,,,,,
world:entity:2026-04-28-fmp-technicals-myrg-daily,Entity,2026-04-28_FMP_Technicals_MYRG_daily,2026-04-28_FMP_Technicals_MYRG_daily,2026-04-28_FMP_Technicals_MYRG_daily,,,,,,,entity,Entities,,,,,,,,,,,,,,,,2026-06-01,,,,,,,,,,,,,,
world:entity:2026-04-28-fmp-technicals-nbix-daily,Entity,2026-04-28_FMP_Technicals_NBIX_daily,2026-04-28_FMP_Technicals_NBIX_daily,2026-04-28_FMP_Technicals_NBIX_daily,,,,,,,entity,Entities,,,,,,,,,,,,,,,,2026-06-01,,,,,,,,,,,,,,
world:entity:2026-04-28-fmp-technicals-nee-daily,Entity,2026-04-28_FMP_Technicals_NEE_daily,2026-04-28_FMP_Technicals_NEE_daily,2026-04-28_FMP_Technicals_NEE_daily,,,,,,,entity,Entities,,,,,,,,,,,,,,,,2026-06-01,,,,,,,,,,,,,,
world:entity:2026-04-28-fmp-technicals-nem-daily,Entity,2026-04-28_FMP_Technicals_NEM_daily,2026-04-28_FMP_Technicals_NEM_daily,2026-04-28_FMP_Technicals_NEM_daily,,,,,,,entity,Entities,,,,,,,,,,,,,,,,2026-06-01,,,,,,,,,,,,,,
world:entity:2026-04-28-fmp-technicals-nflx-daily,Entity,2026-04-28_FMP_Technicals_NFLX_daily,2026-04-28_FMP_Technicals_NFLX_daily,2026-04-28_FMP_Technicals_NFLX_daily,,,,,,,entity,Entities,,,,,,,,,,,,,,,,2026-06-01,,,,,,,,,,,,,,
world:entity:2026-04-28-fmp-technicals-nke-daily,Entity,2026-04-28_FMP_Technicals_NKE_daily,2026-04-28_FMP_Technicals_NKE_daily,2026-04-28_FMP_Technicals_NKE_daily,,,,,,,entity,Entities,,,,,,,,,,,,,,,,2026-06-01,,,,,,,,,,,,,,
world:entity:2026-04-28-fmp-technicals-nktr-daily,Entity,2026-04-28_FMP_Technicals_NKTR_daily,2026-04-28_FMP_Technicals_NKTR_daily,2026-04-28_FMP_Technicals_NKTR_daily,,,,,,,entity,Entities,,,,,,,,,,,,,,,,2026-06-01,,,,,,,,,,,,,,
world:entity:2026-04-28-fmp-technicals-nne-daily,Entity,2026-04-28_FMP_Technicals_NNE_daily,2026-04-28_FMP_Technicals_NNE_daily,2026-04-28_FMP_Technicals_NNE_daily,,,,,,,entity,Entities,,,,,,,,,,,,,,,,2026-06-01,,,,,,,,,,,,,,
world:entity:2026-04-28-fmp-technicals-noc-daily,Entity,2026-04-28_FMP_Technicals_NOC_daily,2026-04-28_FMP_Technicals_NOC_daily,2026-04-28_FMP_Technicals_NOC_daily,,,,,,,entity,Entities,,,,,,,,,,,,,,,,2026-06-01,,,,,,,,,,,,,,
world:entity:2026-04-28-fmp-technicals-nrg-daily,Entity,2026-04-28_FMP_Technicals_NRG_daily,2026-04-28_FMP_Technicals_NRG_daily,2026-04-28_FMP_Technicals_NRG_daily,,,,,,,entity,Entities,,,,,,,,,,,,,,,,2026-06-01,,,,,,,,,,,,,,
world:entity:2026-04-28-fmp-technicals-ntla-daily,Entity,2026-04-28_FMP_Technicals_NTLA_daily,2026-04-28_FMP_Technicals_NTLA_daily,2026-04-28_FMP_Technicals_NTLA_daily,,,,,,,entity,Entities,,,,,,,,,,,,,,,,2026-06-01,,,,,,,,,,,,,,
world:entity:2026-04-28-fmp-technicals-nue-daily,Entity,2026-04-28_FMP_Technicals_NUE_daily,2026-04-28_FMP_Technicals_NUE_daily,2026-04-28_FMP_Technicals_NUE_daily,,,,,,,entity,Entities,,,,,,,,,,,,,,,,2026-06-01,,,,,,,,,,,,,,
world:entity:2026-04-28-fmp-technicals-nvda-daily,Entity,2026-04-28_FMP_Technicals_NVDA_daily,2026-04-28_FMP_Technicals_NVDA_daily,2026-04-28_FMP_Technicals_NVDA_daily,,,,,,,entity,Entities,,,,,,,,,,,,,,,,2026-06-01,,,,,,,,,,,,,,
world:entity:2026-04-28-fmp-technicals-nvr-daily,Entity,2026-04-28_FMP_Technicals_NVR_daily,2026-04-28_FMP_Technicals_NVR_daily,2026-04-28_FMP_Technicals_NVR_daily,,,,,,,entity,Entities,,,,,,,,,,,,,,,,2026-06-01,,,,,,,,,,,,,,
world:entity:2026-04-28-fmp-technicals-o-daily,Entity,2026-04-28_FMP_Technicals_O_daily,2026-04-28_FMP_Technicals_O_daily,2026-04-28_FMP_Technicals_O_daily,,,,,,,entity,Entities,,,,,,,,,,,,,,,,2026-06-01,,,,,,,,,,,,,,
world:entity:2026-04-28-fmp-technicals-oklo-daily,Entity,2026-04-28_FMP_Technicals_OKLO_daily,2026-04-28_FMP_Technicals_OKLO_daily,2026-04-28_FMP_Technicals_OKLO_daily,,,,,,,entity,Entities,,,,,,,,,,,,,,,,2026-06-01,,,,,,,,,,,,,,
world:entity:2026-04-28-fmp-technicals-on-daily,Entity,2026-04-28_FMP_Technicals_ON_daily,2026-04-28_FMP_Technicals_ON_daily,2026-04-28_FMP_Technicals_ON_daily,,,,,,,entity,Entities,,,,,,,,,,,,,,,,2026-06-01,,,,,,,,,,,,,,
world:entity:2026-04-28-fmp-technicals-onds-daily,Entity,2026-04-28_FMP_Technicals_ONDS_daily,2026-04-28_FMP_Technicals_ONDS_daily,2026-04-28_FMP_Technicals_ONDS_daily,,,,,,,entity,Entities,,,,,,,,,,,,,,,,2026-06-01,,,,,,,,,,,,,,
world:entity:2026-04-28-fmp-technicals-onto-daily,Entity,2026-04-28_FMP_Technicals_ONTO_daily,2026-04-28_FMP_Technicals_ONTO_daily,2026-04-28_FMP_Technicals_ONTO_daily,,,,,,,entity,Entities,,,,,,,,,,,,,,,,2026-06-01,,,,,,,,,,,,,,
world:entity:2026-04-28-fmp-technicals-orcl-daily,Entity,2026-04-28_FMP_Technicals_ORCL_daily,2026-04-28_FMP_Technicals_ORCL_daily,2026-04-28_FMP_Technicals_ORCL_daily,,,,,,,entity,Entities,,,,,,,,,,,,,,,,2026-06-01,,,,,,,,,,,,,,
world:entity:2026-04-28-fmp-technicals-oxy-daily,Entity,2026-04-28_FMP_Technicals_OXY_daily,2026-04-28_FMP_Technicals_OXY_daily,2026-04-28_FMP_Technicals_OXY_daily,,,,,,,entity,Entities,,,,,,,,,,,,,,,,2026-06-01,,,,,,,,,,,,,,
world:entity:2026-04-28-fmp-technicals-pdfs-daily,Entity,2026-04-28_FMP_Technicals_PDFS_daily,2026-04-28_FMP_Technicals_PDFS_daily,2026-04-28_FMP_Technicals_PDFS_daily,,,,,,,entity,Entities,,,,,,,,,,,,,,,,2026-06-01,,,,,,,,,,,,,,
world:entity:2026-04-28-fmp-technicals-pep-daily,Entity,2026-04-28_FMP_Technicals_PEP_daily,2026-04-28_FMP_Technicals_PEP_daily,2026-04-28_FMP_Technicals_PEP_daily,,,,,,,entity,Entities,,,,,,,,,,,,,,,,2026-06-01,,,,,,,,,,,,,,
world:entity:2026-04-28-fmp-technicals-pfe-daily,Entity,2026-04-28_FMP_Technicals_PFE_daily,2026-04-28_FMP_Technicals_PFE_daily,2026-04-28_FMP_Technicals_PFE_daily,,,,,,,entity,Entities,,,,,,,,,,,,,,,,2026-06-01,,,,,,,,,,,,,,
world:entity:2026-04-28-fmp-technicals-pg-daily,Entity,2026-04-28_FMP_Technicals_PG_daily,2026-04-28_FMP_Technicals_PG_daily,2026-04-28_FMP_Technicals_PG_daily,,,,,,,entity,Entities,,,,,,,,,,,,,,,,2026-06-01,,,,,,,,,,,,,,
world:entity:2026-04-28-fmp-technicals-pl-daily,Entity,2026-04-28_FMP_Technicals_PL_daily,2026-04-28_FMP_Technicals_PL_daily,2026-04-28_FMP_Technicals_PL_daily,,,,,,,entity,Entities,,,,,,,,,,,,,,,,2026-06-01,,,,,,,,,,,,,,
world:entity:2026-04-28-fmp-technicals-pld-daily,Entity,2026-04-28_FMP_Technicals_PLD_daily,2026-04-28_FMP_Technicals_PLD_daily,2026-04-28_FMP_Technicals_PLD_daily,,,,,,,entity,Entities,,,,,,,,,,,,,,,,2026-06-01,,,,,,,,,,,,,,
world:entity:2026-04-28-fmp-technicals-pltr-daily,Entity,2026-04-28_FMP_Technicals_PLTR_daily,2026-04-28_FMP_Technicals_PLTR_daily,2026-04-28_FMP_Technicals_PLTR_daily,,,,,,,entity,Entities,,,,,,,,,,,,,,,,2026-06-01,,,,,,,,,,,,,,
world:entity:2026-04-28-fmp-technicals-pm-daily,Entity,2026-04-28_FMP_Technicals_PM_daily,2026-04-28_FMP_Technicals_PM_daily,2026-04-28_FMP_Technicals_PM_daily,,,,,,,entity,Entities,,,,,,,,,,,,,,,,2026-06-01,,,,,,,,,,,,,,
world:entity:2026-04-28-fmp-technicals-powl-daily,Entity,2026-04-28_FMP_Technicals_POWL_daily,2026-04-28_FMP_Technicals_POWL_daily,2026-04-28_FMP_Technicals_POWL_daily,,,,,,,entity,Entities,,,,,,,,,,,,,,,,2026-06-01,,,,,,,,,,,,,,
world:entity:2026-04-28-fmp-technicals-ppg-daily,Entity,2026-04-28_FMP_Technicals_PPG_daily,2026-04-28_FMP_Technicals_PPG_daily,2026-04-28_FMP_Technicals_PPG_daily,,,,,,,entity,Entities,,,,,,,,,,,,,,,,2026-06-01,,,,,,,,,,,,,,
world:entity:2026-04-28-fmp-technicals-ppih-daily,Entity,2026-04-28_FMP_Technicals_PPIH_daily,2026-04-28_FMP_Technicals_PPIH_daily,2026-04-28_FMP_Technicals_PPIH_daily,,,,,,,entity,Entities,,,,,,,,,,,,,,,,2026-06-01,,,,,,,,,,,,,,
world:entity:2026-04-28-fmp-technicals-prks-daily,Entity,2026-04-28_FMP_Technicals_PRKS_daily,2026-04-28_FMP_Technicals_PRKS_daily,2026-04-28_FMP_Technicals_PRKS_daily,,,,,,,entity,Entities,,,,,,,,,,,,,,,,2026-06-01,,,,,,,,,,,,,,
world:entity:2026-04-28-fmp-technicals-prta-daily,Entity,2026-04-28_FMP_Technicals_PRTA_daily,2026-04-28_FMP_Technicals_PRTA_daily,2026-04-28_FMP_Technicals_PRTA_daily,,,,,,,entity,Entities,,,,,,,,,,,,,,,,2026-06-01,,,,,,,,,,,,,,
world:entity:2026-04-28-fmp-technicals-psa-daily,Entity,2026-04-28_FMP_Technicals_PSA_daily,2026-04-28_FMP_Technicals_PSA_daily,2026-04-28_FMP_Technicals_PSA_daily,,,,,,,entity,Entities,,,,,,,,,,,,,,,,2026-06-01,,,,,,,,,,,,,,
world:entity:2026-04-28-fmp-technicals-psil-daily,Entity,2026-04-28_FMP_Technicals_PSIL_daily,2026-04-28_FMP_Technicals_PSIL_daily,2026-04-28_FMP_Technicals_PSIL_daily,,,,,,,entity,Entities,,,,,,,,,,,,,,,,2026-06-01,,,,,,,,,,,,,,
world:entity:2026-04-28-fmp-technicals-psx-daily,Entity,2026-04-28_FMP_Technicals_PSX_daily,2026-04-28_FMP_Technicals_PSX_daily,2026-04-28_FMP_Technicals_PSX_daily,,,,,,,entity,Entities,,,,,,,,,,,,,,,,2026-06-01,,,,,,,,,,,,,,
world:entity:2026-04-28-fmp-technicals-pwr-daily,Entity,2026-04-28_FMP_Technicals_PWR_daily,2026-04-28_FMP_Technicals_PWR_daily,2026-04-28_FMP_Technicals_PWR_daily,,,,,,,entity,Entities,,,,,,,,,,,,,,,,2026-06-01,,,,,,,,,,,,,,
world:entity:2026-04-28-fmp-technicals-qcom-daily,Entity,2026-04-28_FMP_Technicals_QCOM_daily,2026-04-28_FMP_Technicals_QCOM_daily,2026-04-28_FMP_Technicals_QCOM_daily,,,,,,,entity,Entities,,,,,,,,,,,,,,,,2026-06-01,,,,,,,,,,,,,,
world:entity:2026-04-28-fmp-technicals-qubt-daily,Entity,2026-04-28_FMP_Technicals_QUBT_daily,2026-04-28_FMP_Technicals_QUBT_daily,2026-04-28_FMP_Technicals_QUBT_daily,,,,,,,entity,Entities,,,,,,,,,,,,,,,,2026-06-01,,,,,,,,,,,,,,
world:entity:2026-04-28-fmp-technicals-rcat-daily,Entity,2026-04-28_FMP_Technicals_RCAT_daily,2026-04-28_FMP_Technicals_RCAT_daily,2026-04-28_FMP_Technicals_RCAT_daily,,,,,,,entity,Entities,,,,,,,,,,,,,,,,2026-06-01,,,,,,,,,,,,,,
world:entity:2026-04-28-fmp-technicals-rgti-daily,Entity,2026-04-28_FMP_Technicals_RGTI_daily,2026-04-28_FMP_Technicals_RGTI_daily,2026-04-28_FMP_Technicals_RGTI_daily,,,,,,,entity,Entities,,,,,,,,,,,,,,,,2026-06-01,,,,,,,,,,,,,,
world:entity:2026-04-28-fmp-technicals-rklb-daily,Entity,2026-04-28_FMP_Technicals_RKLB_daily,2026-04-28_FMP_Technicals_RKLB_daily,2026-04-28_FMP_Technicals_RKLB_daily,,,,,,,entity,Entities,,,,,,,,,,,,,,,,2026-06-01,,,,,,,,,,,,,,
world:entity:2026-04-28-fmp-technicals-rprx-daily,Entity,2026-04-28_FMP_Technicals_RPRX_daily,2026-04-28_FMP_Technicals_RPRX_daily,2026-04-28_FMP_Technicals_RPRX_daily,,,,,,,entity,Entities,,,,,,,,,,,,,,,,2026-06-01,,,,,,,,,,,,,,
world:entity:2026-04-28-fmp-technicals-rtx-daily,Entity,2026-04-28_FMP_Technicals_RTX_daily,2026-04-28_FMP_Technicals_RTX_daily,2026-04-28_FMP_Technicals_RTX_daily,,,,,,,entity,Entities,,,,,,,,,,,,,,,,2026-06-01,,,,,,,,,,,,,,
world:entity:2026-04-28-fmp-technicals-saic-daily,Entity,2026-04-28_FMP_Technicals_SAIC_daily,2026-04-28_FMP_Technicals_SAIC_daily,2026-04-28_FMP_Technicals_SAIC_daily,,,,,,,entity,Entities,,,,,,,,,,,,,,,,2026-06-01,,,,,,,,,,,,,,
world:entity:2026-04-28-fmp-technicals-sbux-daily,Entity,2026-04-28_FMP_Technicals_SBUX_daily,2026-04-28_FMP_Technicals_SBUX_daily,2026-04-28_FMP_Technicals_SBUX_daily,,,,,,,entity,Entities,,,,,,,,,,,,,,,,2026-06-01,,,,,,,,,,,,,,
world:entity:2026-04-28-fmp-technicals-shw-daily,Entity,2026-04-28_FMP_Technicals_SHW_daily,2026-04-28_FMP_Technicals_SHW_daily,2026-04-28_FMP_Technicals_SHW_daily,,,,,,,entity,Entities,,,,,,,,,,,,,,,,2026-06-01,,,,,,,,,,,,,,
world:entity:2026-04-28-fmp-technicals-sky-daily,Entity,2026-04-28_FMP_Technicals_SKY_daily,2026-04-28_FMP_Technicals_SKY_daily,2026-04-28_FMP_Technicals_SKY_daily,,,,,,,entity,Entities,,,,,,,,,,,,,,,,2026-06-01,,,,,,,,,,,,,,
world:entity:2026-04-28-fmp-technicals-slb-daily,Entity,2026-04-28_FMP_Technicals_SLB_daily,2026-04-28_FMP_Technicals_SLB_daily,2026-04-28_FMP_Technicals_SLB_daily,,,,,,,entity,Entities,,,,,,,,,,,,,,,,2026-06-01,,,,,,,,,,,,,,
world:entity:2026-04-28-fmp-technicals-smr-daily,Entity,2026-04-28_FMP_Technicals_SMR_daily,2026-04-28_FMP_Technicals_SMR_daily,2026-04-28_FMP_Technicals_SMR_daily,,,,,,,entity,Entities,,,,,,,,,,,,,,,,2026-06-01,,,,,,,,,,,,,,
world:entity:2026-04-28-fmp-technicals-so-daily,Entity,2026-04-28_FMP_Technicals_SO_daily,2026-04-28_FMP_Technicals_SO_daily,2026-04-28_FMP_Technicals_SO_daily,,,,,,,entity,Entities,,,,,,,,,,,,,,,,2026-06-01,,,,,,,,,,,,,,
world:entity:2026-04-28-fmp-technicals-spg-daily,Entity,2026-04-28_FMP_Technicals_SPG_daily,2026-04-28_FMP_Technicals_SPG_daily,2026-04-28_FMP_Technicals_SPG_daily,,,,,,,entity,Entities,,,,,,,,,,,,,,,,2026-06-01,,,,,,,,,,,,,,
world:entity:2026-04-28-fmp-technicals-spir-daily,Entity,2026-04-28_FMP_Technicals_SPIR_daily,2026-04-28_FMP_Technicals_SPIR_daily,2026-04-28_FMP_Technicals_SPIR_daily,,,,,,,entity,Entities,,,,,,,,,,,,,,,,2026-06-01,,,,,,,,,,,,,,
world:entity:2026-04-28-fmp-technicals-spro-daily,Entity,2026-04-28_FMP_Technicals_SPRO_daily,2026-04-28_FMP_Technicals_SPRO_daily,2026-04-28_FMP_Technicals_SPRO_daily,,,,,,,entity,Entities,,,,,,,,,,,,,,,,2026-06-01,,,,,,,,,,,,,,
world:entity:2026-04-28-fmp-technicals-sre-daily,Entity,2026-04-28_FMP_Technicals_SRE_daily,2026-04-28_FMP_Technicals_SRE_daily,2026-04-28_FMP_Technicals_SRE_daily,,,,,,,entity,Entities,,,,,,,,,,,,,,,,2026-06-01,,,,,,,,,,,,,,
world:entity:2026-04-28-fmp-technicals-stem-daily,Entity,2026-04-28_FMP_Technicals_STEM_daily,2026-04-28_FMP_Technicals_STEM_daily,2026-04-28_FMP_Technicals_STEM_daily,,,,,,,entity,Entities,,,,,,,,,,,,,,,,2026-06-01,,,,,,,,,,,,,,
world:entity:2026-04-28-fmp-technicals-strl-daily,Entity,2026-04-28_FMP_Technicals_STRL_daily,2026-04-28_FMP_Technicals_STRL_daily,2026-04-28_FMP_Technicals_STRL_daily,,,,,,,entity,Entities,,,,,,,,,,,,,,,,2026-06-01,,,,,,,,,,,,,,
world:entity:2026-04-28-fmp-technicals-t-daily,Entity,2026-04-28_FMP_Technicals_T_daily,2026-04-28_FMP_Technicals_T_daily,2026-04-28_FMP_Technicals_T_daily,,,,,,,entity,Entities,,,,,,,,,,,,,,,,2026-06-01,,,,,,,,,,,,,,
world:entity:2026-04-28-fmp-technicals-tdg-daily,Entity,2026-04-28_FMP_Technicals_TDG_daily,2026-04-28_FMP_Technicals_TDG_daily,2026-04-28_FMP_Technicals_TDG_daily,,,,,,,entity,Entities,,,,,,,,,,,,,,,,2026-06-01,,,,,,,,,,,,,,
world:entity:2026-04-28-fmp-technicals-tdy-daily,Entity,2026-04-28_FMP_Technicals_TDY_daily,2026-04-28_FMP_Technicals_TDY_daily,2026-04-28_FMP_Technicals_TDY_daily,,,,,,,entity,Entities,,,,,,,,,,,,,,,,2026-06-01,,,,,,,,,,,,,,
world:entity:2026-04-28-fmp-technicals-tjx-daily,Entity,2026-04-28_FMP_Technicals_TJX_daily,2026-04-28_FMP_Technicals_TJX_daily,2026-04-28_FMP_Technicals_TJX_daily,,,,,,,entity,Entities,,,,,,,,,,,,,,,,2026-06-01,,,,,,,,,,,,,,
world:entity:2026-04-28-fmp-technicals-tmhc-daily,Entity,2026-04-28_FMP_Technicals_TMHC_daily,2026-04-28_FMP_Technicals_TMHC_daily,2026-04-28_FMP_Technicals_TMHC_daily,,,,,,,entity,Entities,,,,,,,,,,,,,,,,2026-06-01,,,,,,,,,,,,,,
world:entity:2026-04-28-fmp-technicals-tmo-daily,Entity,2026-04-28_FMP_Technicals_TMO_daily,2026-04-28_FMP_Technicals_TMO_daily,2026-04-28_FMP_Technicals_TMO_daily,,,,,,,entity,Entities,,,,,,,,,,,,,,,,2026-06-01,,,,,,,,,,,,,,
world:entity:2026-04-28-fmp-technicals-tnc-daily,Entity,2026-04-28_FMP_Technicals_TNC_daily,2026-04-28_FMP_Technicals_TNC_daily,2026-04-28_FMP_Technicals_TNC_daily,,,,,,,entity,Entities,,,,,,,,,,,,,,,,2026-06-01,,,,,,,,,,,,,,
world:entity:2026-04-28-fmp-technicals-tol-daily,Entity,2026-04-28_FMP_Technicals_TOL_daily,2026-04-28_FMP_Technicals_TOL_daily,2026-04-28_FMP_Technicals_TOL_daily,,,,,,,entity,Entities,,,,,,,,,,,,,,,,2026-06-01,,,,,,,,,,,,,,
world:entity:2026-04-28-fmp-technicals-tsla-daily,Entity,2026-04-28_FMP_Technicals_TSLA_daily,2026-04-28_FMP_Technicals_TSLA_daily,2026-04-28_FMP_Technicals_TSLA_daily,,,,,,,entity,Entities,,,,,,,,,,,,,,,,2026-06-01,,,,,,,,,,,,,,
world:entity:2026-04-28-fmp-technicals-tsn-daily,Entity,2026-04-28_FMP_Technicals_TSN_daily,2026-04-28_FMP_Technicals_TSN_daily,2026-04-28_FMP_Technicals_TSN_daily,,,,,,,entity,Entities,,,,,,,,,,,,,,,,2026-06-01,,,,,,,,,,,,,,
world:entity:2026-04-28-fmp-technicals-twst-daily,Entity,2026-04-28_FMP_Technicals_TWST_daily,2026-04-28_FMP_Technicals_TWST_daily,2026-04-28_FMP_Technicals_TWST_daily,,,,,,,entity,Entities,,,,,,,,,,,,,,,,2026-06-01,,,,,,,,,,,,,,
world:entity:2026-04-28-fmp-technicals-txt-daily,Entity,2026-04-28_FMP_Technicals_TXT_daily,2026-04-28_FMP_Technicals_TXT_daily,2026-04-28_FMP_Technicals_TXT_daily,,,,,,,entity,Entities,,,,,,,,,,,,,,,,2026-06-01,,,,,,,,,,,,,,
world:entity:2026-04-28-fmp-technicals-ufpt-daily,Entity,2026-04-28_FMP_Technicals_UFPT_daily,2026-04-28_FMP_Technicals_UFPT_daily,2026-04-28_FMP_Technicals_UFPT_daily,,,,,,,entity,Entities,,,,,,,,,,,,,,,,2026-06-01,,,,,,,,,,,,,,
world:entity:2026-04-28-fmp-technicals-umac-daily,Entity,2026-04-28_FMP_Technicals_UMAC_daily,2026-04-28_FMP_Technicals_UMAC_daily,2026-04-28_FMP_Technicals_UMAC_daily,,,,,,,entity,Entities,,,,,,,,,,,,,,,,2026-06-01,,,,,,,,,,,,,,
world:entity:2026-04-28-fmp-technicals-unh-daily,Entity,2026-04-28_FMP_Technicals_UNH_daily,2026-04-28_FMP_Technicals_UNH_daily,2026-04-28_FMP_Technicals_UNH_daily,,,,,,,entity,Entities,,,,,,,,,,,,,,,,2026-06-01,,,,,,,,,,,,,,
world:entity:2026-04-28-fmp-technicals-unp-daily,Entity,2026-04-28_FMP_Technicals_UNP_daily,2026-04-28_FMP_Technicals_UNP_daily,2026-04-28_FMP_Technicals_UNP_daily,,,,,,,entity,Entities,,,,,,,,,,,,,,,,2026-06-01,,,,,,,,,,,,,,
world:entity:2026-04-28-fmp-technicals-unty-daily,Entity,2026-04-28_FMP_Technicals_UNTY_daily,2026-04-28_FMP_Technicals_UNTY_daily,2026-04-28_FMP_Technicals_UNTY_daily,,,,,,,entity,Entities,,,,,,,,,,,,,,,,2026-06-01,,,,,,,,,,,,,,
world:entity:2026-04-28-fmp-technicals-v-daily,Entity,2026-04-28_FMP_Technicals_V_daily,2026-04-28_FMP_Technicals_V_daily,2026-04-28_FMP_Technicals_V_daily,,,,,,,entity,Entities,,,,,,,,,,,,,,,,2026-06-01,,,,,,,,,,,,,,
world:entity:2026-04-28-fmp-technicals-vktx-daily,Entity,2026-04-28_FMP_Technicals_VKTX_daily,2026-04-28_FMP_Technicals_VKTX_daily,2026-04-28_FMP_Technicals_VKTX_daily,,,,,,,entity,Entities,,,,,,,,,,,,,,,,2026-06-01,,,,,,,,,,,,,,
world:entity:2026-04-28-fmp-technicals-vlo-daily,Entity,2026-04-28_FMP_Technicals_VLO_daily,2026-04-28_FMP_Technicals_VLO_daily,2026-04-28_FMP_Technicals_VLO_daily,,,,,,,entity,Entities,,,,,,,,,,,,,,,,2026-06-01,,,,,,,,,,,,,,
world:entity:2026-04-28-fmp-technicals-vst-daily,Entity,2026-04-28_FMP_Technicals_VST_daily,2026-04-28_FMP_Technicals_VST_daily,2026-04-28_FMP_Technicals_VST_daily,,,,,,,entity,Entities,,,,,,,,,,,,,,,,2026-06-01,,,,,,,,,,,,,,
world:entity:2026-04-28-fmp-technicals-vz-daily,Entity,2026-04-28_FMP_Technicals_VZ_daily,2026-04-28_FMP_Technicals_VZ_daily,2026-04-28_FMP_Technicals_VZ_daily,,,,,,,entity,Entities,,,,,,,,,,,,,,,,2026-06-01,,,,,,,,,,,,,,
world:entity:2026-04-28-fmp-technicals-wcc-daily,Entity,2026-04-28_FMP_Technicals_WCC_daily,2026-04-28_FMP_Technicals_WCC_daily,2026-04-28_FMP_Technicals_WCC_daily,,,,,,,entity,Entities,,,,,,,,,,,,,,,,2026-06-01,,,,,,,,,,,,,,
world:entity:2026-04-28-fmp-technicals-well-daily,Entity,2026-04-28_FMP_Technicals_WELL_daily,2026-04-28_FMP_Technicals_WELL_daily,2026-04-28_FMP_Technicals_WELL_daily,,,,,,,entity,Entities,,,,,,,,,,,,,,,,2026-06-01,,,,,,,,,,,,,,
world:entity:2026-04-28-fmp-technicals-wfc-daily,Entity,2026-04-28_FMP_Technicals_WFC_daily,2026-04-28_FMP_Technicals_WFC_daily,2026-04-28_FMP_Technicals_WFC_daily,,,,,,,entity,Entities,,,,,,,,,,,,,,,,2026-06-01,,,,,,,,,,,,,,
world:entity:2026-04-28-fmp-technicals-wm-daily,Entity,2026-04-28_FMP_Technicals_WM_daily,2026-04-28_FMP_Technicals_WM_daily,2026-04-28_FMP_Technicals_WM_daily,,,,,,,entity,Entities,,,,,,,,,,,,,,,,2026-06-01,,,,,,,,,,,,,,
world:entity:2026-04-28-fmp-technicals-wmt-daily,Entity,2026-04-28_FMP_Technicals_WMT_daily,2026-04-28_FMP_Technicals_WMT_daily,2026-04-28_FMP_Technicals_WMT_daily,,,,,,,entity,Entities,,,,,,,,,,,,,,,,2026-06-01,,,,,,,,,,,,,,
world:entity:2026-04-28-fmp-technicals-wolf-daily,Entity,2026-04-28_FMP_Technicals_WOLF_daily,2026-04-28_FMP_Technicals_WOLF_daily,2026-04-28_FMP_Technicals_WOLF_daily,,,,,,,entity,Entities,,,,,,,,,,,,,,,,2026-06-01,,,,,,,,,,,,,,
world:entity:2026-04-28-fmp-technicals-wpm-daily,Entity,2026-04-28_FMP_Technicals_WPM_daily,2026-04-28_FMP_Technicals_WPM_daily,2026-04-28_FMP_Technicals_WPM_daily,,,,,,,entity,Entities,,,,,,,,,,,,,,,,2026-06-01,,,,,,,,,,,,,,
world:entity:2026-04-28-fmp-technicals-xel-daily,Entity,2026-04-28_FMP_Technicals_XEL_daily,2026-04-28_FMP_Technicals_XEL_daily,2026-04-28_FMP_Technicals_XEL_daily,,,,,,,entity,Entities,,,,,,,,,,,,,,,,2026-06-01,,,,,,,,,,,,,,
world:entity:2026-04-28-fmp-technicals-xom-daily,Entity,2026-04-28_FMP_Technicals_XOM_daily,2026-04-28_FMP_Technicals_XOM_daily,2026-04-28_FMP_Technicals_XOM_daily,,,,,,,entity,Entities,,,,,,,,,,,,,,,,2026-06-01,,,,,,,,,,,,,,
world:entity:2026-04-28-fmp-technicals-xoma-daily,Entity,2026-04-28_FMP_Technicals_XOMA_daily,2026-04-28_FMP_Technicals_XOMA_daily,2026-04-28_FMP_Technicals_XOMA_daily,,,,,,,entity,Entities,,,,,,,,,,,,,,,,2026-06-01,,,,,,,,,,,,,,
world:entity:2026-04-28-fmp-thesis-watchlist-capital-raise-survivors-small-cap-inflection-basket,Entity,2026-04-28_FMP_Thesis_Watchlist_Capital_Raise_Survivors_Small-Cap_Inflection_Basket,2026-04-28_FMP_Thesis_Watchlist_Capital_Raise_Survivors_Small-Cap_Inflection_Basket,2026-04-28_FMP_Thesis_Watchlist_Capital_Raise_Survivors_Small-Cap_Inflection_Basket,,,,,,,entity,Entities,,,,,,,,,,,,,,,,2026-06-01,,,,,,,,,,,,,,
world:entity:2026-04-29-agent-analysis-aapl,Entity,2026-04-29_Agent_Analysis_AAPL,2026-04-29_Agent_Analysis_AAPL,2026-04-29_Agent_Analysis_AAPL,,,,,,,entity,Entities,,,,,,,,,,,,,,,,2026-06-01,,,,,,,,,,,,,,
world:entity:2026-04-29-agent-analysis-amzn,Entity,2026-04-29_Agent_Analysis_AMZN,2026-04-29_Agent_Analysis_AMZN,2026-04-29_Agent_Analysis_AMZN,,,,,,,entity,Entities,,,,,,,,,,,,,,,,2026-06-01,,,,,,,,,,,,,,
world:entity:2026-04-29-agent-analysis-axp,Entity,2026-04-29_Agent_Analysis_AXP,2026-04-29_Agent_Analysis_AXP,2026-04-29_Agent_Analysis_AXP,,,,,,,entity,Entities,,,,,,,,,,,,,,,,2026-06-01,,,,,,,,,,,,,,
world:entity:2026-04-29-agent-analysis-brk-b,Entity,2026-04-29_Agent_Analysis_BRK_B,2026-04-29_Agent_Analysis_BRK_B,2026-04-29_Agent_Analysis_BRK_B,,,,,,,entity,Entities,,,,,,,,,,,,,,,,2026-06-01,,,,,,,,,,,,,,
world:entity:2026-04-29-agent-analysis-etn,Entity,2026-04-29_Agent_Analysis_ETN,2026-04-29_Agent_Analysis_ETN,2026-04-29_Agent_Analysis_ETN,,,,,,,entity,Entities,,,,,,,,,,,,,,,,2026-06-01,,,,,,,,,,,,,,
world:entity:2026-04-29-agent-analysis-gold,Entity,2026-04-29_Agent_Analysis_GOLD,2026-04-29_Agent_Analysis_GOLD,2026-04-29_Agent_Analysis_GOLD,,,,,,,entity,Entities,,,,,,,,,,,,,,,,2026-06-01,,,,,,,,,,,,,,
world:entity:2026-04-29-agent-analysis-googl,Entity,2026-04-29_Agent_Analysis_GOOGL,2026-04-29_Agent_Analysis_GOOGL,2026-04-29_Agent_Analysis_GOOGL,,,,,,,entity,Entities,,,,,,,,,,,,,,,,2026-06-01,,,,,,,,,,,,,,
world:entity:2026-04-29-agent-analysis-ko,Entity,2026-04-29_Agent_Analysis_KO,2026-04-29_Agent_Analysis_KO,2026-04-29_Agent_Analysis_KO,,,,,,,entity,Entities,,,,,,,,,,,,,,,,2026-06-01,,,,,,,,,,,,,,
world:entity:2026-04-29-agent-analysis-msft,Entity,2026-04-29_Agent_Analysis_MSFT,2026-04-29_Agent_Analysis_MSFT,2026-04-29_Agent_Analysis_MSFT,,,,,,,entity,Entities,,,,,,,,,,,,,,,,2026-06-01,,,,,,,,,,,,,,
world:entity:2026-04-29-agent-analysis-nem,Entity,2026-04-29_Agent_Analysis_NEM,2026-04-29_Agent_Analysis_NEM,2026-04-29_Agent_Analysis_NEM,,,,,,,entity,Entities,,,,,,,,,,,,,,,,2026-06-01,,,,,,,,,,,,,,
world:entity:2026-04-29-agent-analysis-nvda,Entity,2026-04-29_Agent_Analysis_NVDA,2026-04-29_Agent_Analysis_NVDA,2026-04-29_Agent_Analysis_NVDA,,,,,,,entity,Entities,,,,,,,,,,,,,,,,2026-06-01,,,,,,,,,,,,,,
world:entity:2026-04-29-agent-analysis-pltr,Entity,2026-04-29_Agent_Analysis_PLTR,2026-04-29_Agent_Analysis_PLTR,2026-04-29_Agent_Analysis_PLTR,,,,,,,entity,Entities,,,,,,,,,,,,,,,,2026-06-01,,,,,,,,,,,,,,
world:entity:2026-04-29-agent-analysis-qqq,Entity,2026-04-29_Agent_Analysis_QQQ,2026-04-29_Agent_Analysis_QQQ,2026-04-29_Agent_Analysis_QQQ,,,,,,,entity,Entities,,,,,,,,,,,,,,,,2026-06-01,,,,,,,,,,,,,,
world:entity:2026-04-29-agent-analysis-spy,Entity,2026-04-29_Agent_Analysis_SPY,2026-04-29_Agent_Analysis_SPY,2026-04-29_Agent_Analysis_SPY,,,,,,,entity,Entities,,,,,,,,,,,,,,,,2026-06-01,,,,,,,,,,,,,,
world:entity:2026-04-29-agent-analysis-wpm,Entity,2026-04-29_Agent_Analysis_WPM,2026-04-29_Agent_Analysis_WPM,2026-04-29_Agent_Analysis_WPM,,,,,,,entity,Entities,,,,,,,,,,,,,,,,2026-06-01,,,,,,,,,,,,,,
world:entity:2026-04-29-agent-analysis-xom,Entity,2026-04-29_Agent_Analysis_XOM,2026-04-29_Agent_Analysis_XOM,2026-04-29_Agent_Analysis_XOM,,,,,,,entity,Entities,,,,,,,,,,,,,,,,2026-06-01,,,,,,,,,,,,,,
world:entity:2026-04-29-fmp-earnings-calendar-thesis-watchlists,Entity,2026-04-29_FMP_Earnings_Calendar_Thesis_Watchlists,2026-04-29_FMP_Earnings_Calendar_Thesis_Watchlists,2026-04-29_FMP_Earnings_Calendar_Thesis_Watchlists,,,,,,,entity,Entities,,,,,,,,,,,,,,,,2026-06-01,,,,,,,,,,,,,,
world:entity:2026-04-29-fmp-technicals-abbv-daily,Entity,2026-04-29_FMP_Technicals_ABBV_daily,2026-04-29_FMP_Technicals_ABBV_daily,2026-04-29_FMP_Technicals_ABBV_daily,,,,,,,entity,Entities,,,,,,,,,,,,,,,,2026-06-01,,,,,,,,,,,,,,
world:entity:2026-04-29-fmp-technicals-acad-daily,Entity,2026-04-29_FMP_Technicals_ACAD_daily,2026-04-29_FMP_Technicals_ACAD_daily,2026-04-29_FMP_Technicals_ACAD_daily,,,,,,,entity,Entities,,,,,,,,,,,,,,,,2026-06-01,,,,,,,,,,,,,,
world:entity:2026-04-29-fmp-technicals-achr-daily,Entity,2026-04-29_FMP_Technicals_ACHR_daily,2026-04-29_FMP_Technicals_ACHR_daily,2026-04-29_FMP_Technicals_ACHR_daily,,,,,,,entity,Entities,,,,,,,,,,,,,,,,2026-06-01,,,,,,,,,,,,,,
world:entity:2026-04-29-fmp-technicals-adm-daily,Entity,2026-04-29_FMP_Technicals_ADM_daily,2026-04-29_FMP_Technicals_ADM_daily,2026-04-29_FMP_Technicals_ADM_daily,,,,,,,entity,Entities,,,,,,,,,,,,,,,,2026-06-01,,,,,,,,,,,,,,
world:entity:2026-04-29-fmp-technicals-airo-daily,Entity,2026-04-29_FMP_Technicals_AIRO_daily,2026-04-29_FMP_Technicals_AIRO_daily,2026-04-29_FMP_Technicals_AIRO_daily,,,,,,,entity,Entities,,,,,,,,,,,,,,,,2026-06-01,,,,,,,,,,,,,,
world:entity:2026-04-29-fmp-technicals-alks-daily,Entity,2026-04-29_FMP_Technicals_ALKS_daily,2026-04-29_FMP_Technicals_ALKS_daily,2026-04-29_FMP_Technicals_ALKS_daily,,,,,,,entity,Entities,,,,,,,,,,,,,,,,2026-06-01,,,,,,,,,,,,,,
world:entity:2026-04-29-fmp-technicals-alvo-daily,Entity,2026-04-29_FMP_Technicals_ALVO_daily,2026-04-29_FMP_Technicals_ALVO_daily,2026-04-29_FMP_Technicals_ALVO_daily,,,,,,,entity,Entities,,,,,,,,,,,,,,,,2026-06-01,,,,,,,,,,,,,,
world:entity:2026-04-29-fmp-technicals-amat-daily,Entity,2026-04-29_FMP_Technicals_AMAT_daily,2026-04-29_FMP_Technicals_AMAT_daily,2026-04-29_FMP_Technicals_AMAT_daily,,,,,,,entity,Entities,,,,,,,,,,,,,,,,2026-06-01,,,,,,,,,,,,,,
world:entity:2026-04-29-fmp-technicals-amgn-daily,Entity,2026-04-29_FMP_Technicals_AMGN_daily,2026-04-29_FMP_Technicals_AMGN_daily,2026-04-29_FMP_Technicals_AMGN_daily,,,,,,,entity,Entities,,,,,,,,,,,,,,,,2026-06-01,,,,,,,,,,,,,,
world:entity:2026-04-29-fmp-technicals-amsc-daily,Entity,2026-04-29_FMP_Technicals_AMSC_daily,2026-04-29_FMP_Technicals_AMSC_daily,2026-04-29_FMP_Technicals_AMSC_daily,,,,,,,entity,Entities,,,,,,,,,,,,,,,,2026-06-01,,,,,,,,,,,,,,
world:entity:2026-04-29-fmp-technicals-amzn-daily,Entity,2026-04-29_FMP_Technicals_AMZN_daily,2026-04-29_FMP_Technicals_AMZN_daily,2026-04-29_FMP_Technicals_AMZN_daily,,,,,,,entity,Entities,,,,,,,,,,,,,,,,2026-06-01,,,,,,,,,,,,,,
world:entity:2026-04-29-fmp-technicals-asts-daily,Entity,2026-04-29_FMP_Technicals_ASTS_daily,2026-04-29_FMP_Technicals_ASTS_daily,2026-04-29_FMP_Technicals_ASTS_daily,,,,,,,entity,Entities,,,,,,,,,,,,,,,,2026-06-01,,,,,,,,,,,,,,
world:entity:2026-04-29-fmp-technicals-atai-daily,Entity,2026-04-29_FMP_Technicals_ATAI_daily,2026-04-29_FMP_Technicals_ATAI_daily,2026-04-29_FMP_Technicals_ATAI_daily,,,,,,,entity,Entities,,,,,,,,,,,,,,,,2026-06-01,,,,,,,,,,,,,,
world:entity:2026-04-29-fmp-technicals-avav-daily,Entity,2026-04-29_FMP_Technicals_AVAV_daily,2026-04-29_FMP_Technicals_AVAV_daily,2026-04-29_FMP_Technicals_AVAV_daily,,,,,,,entity,Entities,,,,,,,,,,,,,,,,2026-06-01,,,,,,,,,,,,,,
world:entity:2026-04-29-fmp-technicals-bah-daily,Entity,2026-04-29_FMP_Technicals_BAH_daily,2026-04-29_FMP_Technicals_BAH_daily,2026-04-29_FMP_Technicals_BAH_daily,,,,,,,entity,Entities,,,,,,,,,,,,,,,,2026-06-01,,,,,,,,,,,,,,
world:entity:2026-04-29-fmp-technicals-bbai-daily,Entity,2026-04-29_FMP_Technicals_BBAI_daily,2026-04-29_FMP_Technicals_BBAI_daily,2026-04-29_FMP_Technicals_BBAI_daily,,,,,,,entity,Entities,,,,,,,,,,,,,,,,2026-06-01,,,,,,,,,,,,,,
world:entity:2026-04-29-fmp-technicals-beam-daily,Entity,2026-04-29_FMP_Technicals_BEAM_daily,2026-04-29_FMP_Technicals_BEAM_daily,2026-04-29_FMP_Technicals_BEAM_daily,,,,,,,entity,Entities,,,,,,,,,,,,,,,,2026-06-01,,,,,,,,,,,,,,
world:entity:2026-04-29-fmp-technicals-bg-daily,Entity,2026-04-29_FMP_Technicals_BG_daily,2026-04-29_FMP_Technicals_BG_daily,2026-04-29_FMP_Technicals_BG_daily,,,,,,,entity,Entities,,,,,,,,,,,,,,,,2026-06-01,,,,,,,,,,,,,,
world:entity:2026-04-29-fmp-technicals-biib-daily,Entity,2026-04-29_FMP_Technicals_BIIB_daily,2026-04-29_FMP_Technicals_BIIB_daily,2026-04-29_FMP_Technicals_BIIB_daily,,,,,,,entity,Entities,,,,,,,,,,,,,,,,2026-06-01,,,,,,,,,,,,,,
world:entity:2026-04-29-fmp-technicals-bksy-daily,Entity,2026-04-29_FMP_Technicals_BKSY_daily,2026-04-29_FMP_Technicals_BKSY_daily,2026-04-29_FMP_Technicals_BKSY_daily,,,,,,,entity,Entities,,,,,,,,,,,,,,,,2026-06-01,,,,,,,,,,,,,,
world:entity:2026-04-29-fmp-technicals-brbr-daily,Entity,2026-04-29_FMP_Technicals_BRBR_daily,2026-04-29_FMP_Technicals_BRBR_daily,2026-04-29_FMP_Technicals_BRBR_daily,,,,,,,entity,Entities,,,,,,,,,,,,,,,,2026-06-01,,,,,,,,,,,,,,
world:entity:2026-04-29-fmp-technicals-bw-daily,Entity,2026-04-29_FMP_Technicals_BW_daily,2026-04-29_FMP_Technicals_BW_daily,2026-04-29_FMP_Technicals_BW_daily,,,,,,,entity,Entities,,,,,,,,,,,,,,,,2026-06-01,,,,,,,,,,,,,,
world:entity:2026-04-29-fmp-technicals-bynd-daily,Entity,2026-04-29_FMP_Technicals_BYND_daily,2026-04-29_FMP_Technicals_BYND_daily,2026-04-29_FMP_Technicals_BYND_daily,,,,,,,entity,Entities,,,,,,,,,,,,,,,,2026-06-01,,,,,,,,,,,,,,
world:entity:2026-04-29-fmp-technicals-caci-daily,Entity,2026-04-29_FMP_Technicals_CACI_daily,2026-04-29_FMP_Technicals_CACI_daily,2026-04-29_FMP_Technicals_CACI_daily,,,,,,,entity,Entities,,,,,,,,,,,,,,,,2026-06-01,,,,,,,,,,,,,,
world:entity:2026-04-29-fmp-technicals-ccj-daily,Entity,2026-04-29_FMP_Technicals_CCJ_daily,2026-04-29_FMP_Technicals_CCJ_daily,2026-04-29_FMP_Technicals_CCJ_daily,,,,,,,entity,Entities,,,,,,,,,,,,,,,,2026-06-01,,,,,,,,,,,,,,
world:entity:2026-04-29-fmp-technicals-ceg-daily,Entity,2026-04-29_FMP_Technicals_CEG_daily,2026-04-29_FMP_Technicals_CEG_daily,2026-04-29_FMP_Technicals_CEG_daily,,,,,,,entity,Entities,,,,,,,,,,,,,,,,2026-06-01,,,,,,,,,,,,,,
world:entity:2026-04-29-fmp-technicals-cmps-daily,Entity,2026-04-29_FMP_Technicals_CMPS_daily,2026-04-29_FMP_Technicals_CMPS_daily,2026-04-29_FMP_Technicals_CMPS_daily,,,,,,,entity,Entities,,,,,,,,,,,,,,,,2026-06-01,,,,,,,,,,,,,,
world:entity:2026-04-29-fmp-technicals-coin-daily,Entity,2026-04-29_FMP_Technicals_COIN_daily,2026-04-29_FMP_Technicals_COIN_daily,2026-04-29_FMP_Technicals_COIN_daily,,,,,,,entity,Entities,,,,,,,,,,,,,,,,2026-06-01,,,,,,,,,,,,,,
world:entity:2026-04-29-fmp-technicals-crsp-daily,Entity,2026-04-29_FMP_Technicals_CRSP_daily,2026-04-29_FMP_Technicals_CRSP_daily,2026-04-29_FMP_Technicals_CRSP_daily,,,,,,,entity,Entities,,,,,,,,,,,,,,,,2026-06-01,,,,,,,,,,,,,,
world:entity:2026-04-29-fmp-technicals-ctva-daily,Entity,2026-04-29_FMP_Technicals_CTVA_daily,2026-04-29_FMP_Technicals_CTVA_daily,2026-04-29_FMP_Technicals_CTVA_daily,,,,,,,entity,Entities,,,,,,,,,,,,,,,,2026-06-01,,,,,,,,,,,,,,
world:entity:2026-04-29-fmp-technicals-dftx-daily,Entity,2026-04-29_FMP_Technicals_DFTX_daily,2026-04-29_FMP_Technicals_DFTX_daily,2026-04-29_FMP_Technicals_DFTX_daily,,,,,,,entity,Entities,,,,,,,,,,,,,,,,2026-06-01,,,,,,,,,,,,,,
world:entity:2026-04-29-fmp-technicals-dhi-daily,Entity,2026-04-29_FMP_Technicals_DHI_daily,2026-04-29_FMP_Technicals_DHI_daily,2026-04-29_FMP_Technicals_DHI_daily,,,,,,,entity,Entities,,,,,,,,,,,,,,,,2026-06-01,,,,,,,,,,,,,,
world:entity:2026-04-29-fmp-technicals-dna-daily,Entity,2026-04-29_FMP_Technicals_DNA_daily,2026-04-29_FMP_Technicals_DNA_daily,2026-04-29_FMP_Technicals_DNA_daily,,,,,,,entity,Entities,,,,,,,,,,,,,,,,2026-06-01,,,,,,,,,,,,,,
world:entity:2026-04-29-fmp-technicals-dpro-daily,Entity,2026-04-29_FMP_Technicals_DPRO_daily,2026-04-29_FMP_Technicals_DPRO_daily,2026-04-29_FMP_Technicals_DPRO_daily,,,,,,,entity,Entities,,,,,,,,,,,,,,,,2026-06-01,,,,,,,,,,,,,,
world:entity:2026-04-29-fmp-technicals-ecpg-daily,Entity,2026-04-29_FMP_Technicals_ECPG_daily,2026-04-29_FMP_Technicals_ECPG_daily,2026-04-29_FMP_Technicals_ECPG_daily,,,,,,,entity,Entities,,,,,,,,,,,,,,,,2026-06-01,,,,,,,,,,,,,,
world:entity:2026-04-29-fmp-technicals-edit-daily,Entity,2026-04-29_FMP_Technicals_EDIT_daily,2026-04-29_FMP_Technicals_EDIT_daily,2026-04-29_FMP_Technicals_EDIT_daily,,,,,,,entity,Entities,,,,,,,,,,,,,,,,2026-06-01,,,,,,,,,,,,,,
world:entity:2026-04-29-fmp-technicals-eh-daily,Entity,2026-04-29_FMP_Technicals_EH_daily,2026-04-29_FMP_Technicals_EH_daily,2026-04-29_FMP_Technicals_EH_daily,,,,,,,entity,Entities,,,,,,,,,,,,,,,,2026-06-01,,,,,,,,,,,,,,
world:entity:2026-04-29-fmp-technicals-envx-daily,Entity,2026-04-29_FMP_Technicals_ENVX_daily,2026-04-29_FMP_Technicals_ENVX_daily,2026-04-29_FMP_Technicals_ENVX_daily,,,,,,,entity,Entities,,,,,,,,,,,,,,,,2026-06-01,,,,,,,,,,,,,,
world:entity:2026-04-29-fmp-technicals-eslt-daily,Entity,2026-04-29_FMP_Technicals_ESLT_daily,2026-04-29_FMP_Technicals_ESLT_daily,2026-04-29_FMP_Technicals_ESLT_daily,,,,,,,entity,Entities,,,,,,,,,,,,,,,,2026-06-01,,,,,,,,,,,,,,
world:entity:2026-04-29-fmp-technicals-etn-daily,Entity,2026-04-29_FMP_Technicals_ETN_daily,2026-04-29_FMP_Technicals_ETN_daily,2026-04-29_FMP_Technicals_ETN_daily,,,,,,,entity,Entities,,,,,,,,,,,,,,,,2026-06-01,,,,,,,,,,,,,,
world:entity:2026-04-29-fmp-technicals-evtl-daily,Entity,2026-04-29_FMP_Technicals_EVTL_daily,2026-04-29_FMP_Technicals_EVTL_daily,2026-04-29_FMP_Technicals_EVTL_daily,,,,,,,entity,Entities,,,,,,,,,,,,,,,,2026-06-01,,,,,,,,,,,,,,
world:entity:2026-04-29-fmp-technicals-flnc-daily,Entity,2026-04-29_FMP_Technicals_FLNC_daily,2026-04-29_FMP_Technicals_FLNC_daily,2026-04-29_FMP_Technicals_FLNC_daily,,,,,,,entity,Entities,,,,,,,,,,,,,,,,2026-06-01,,,,,,,,,,,,,,
world:entity:2026-04-29-fmp-technicals-fmc-daily,Entity,2026-04-29_FMP_Technicals_FMC_daily,2026-04-29_FMP_Technicals_FMC_daily,2026-04-29_FMP_Technicals_FMC_daily,,,,,,,entity,Entities,,,,,,,,,,,,,,,,2026-06-01,,,,,,,,,,,,,,
world:entity:2026-04-29-fmp-technicals-gd-daily,Entity,2026-04-29_FMP_Technicals_GD_daily,2026-04-29_FMP_Technicals_GD_daily,2026-04-29_FMP_Technicals_GD_daily,,,,,,,entity,Entities,,,,,,,,,,,,,,,,2026-06-01,,,,,,,,,,,,,,
world:entity:2026-04-29-fmp-technicals-gev-daily,Entity,2026-04-29_FMP_Technicals_GEV_daily,2026-04-29_FMP_Technicals_GEV_daily,2026-04-29_FMP_Technicals_GEV_daily,,,,,,,entity,Entities,,,,,,,,,,,,,,,,2026-06-01,,,,,,,,,,,,,,
world:entity:2026-04-29-fmp-technicals-ghrs-daily,Entity,2026-04-29_FMP_Technicals_GHRS_daily,2026-04-29_FMP_Technicals_GHRS_daily,2026-04-29_FMP_Technicals_GHRS_daily,,,,,,,entity,Entities,,,,,,,,,,,,,,,,2026-06-01,,,,,,,,,,,,,,
world:entity:2026-04-29-fmp-technicals-gold-daily,Entity,2026-04-29_FMP_Technicals_GOLD_daily,2026-04-29_FMP_Technicals_GOLD_daily,2026-04-29_FMP_Technicals_GOLD_daily,,,,,,,entity,Entities,,,,,,,,,,,,,,,,2026-06-01,,,,,,,,,,,,,,
world:entity:2026-04-29-fmp-technicals-googl-daily,Entity,2026-04-29_FMP_Technicals_GOOGL_daily,2026-04-29_FMP_Technicals_GOOGL_daily,2026-04-29_FMP_Technicals_GOOGL_daily,,,,,,,entity,Entities,,,,,,,,,,,,,,,,2026-06-01,,,,,,,,,,,,,,
world:entity:2026-04-29-fmp-technicals-help-daily,Entity,2026-04-29_FMP_Technicals_HELP_daily,2026-04-29_FMP_Technicals_HELP_daily,2026-04-29_FMP_Technicals_HELP_daily,,,,,,,entity,Entities,,,,,,,,,,,,,,,,2026-06-01,,,,,,,,,,,,,,
world:entity:2026-04-29-fmp-technicals-hims-daily,Entity,2026-04-29_FMP_Technicals_HIMS_daily,2026-04-29_FMP_Technicals_HIMS_daily,2026-04-29_FMP_Technicals_HIMS_daily,,,,,,,entity,Entities,,,,,,,,,,,,,,,,2026-06-01,,,,,,,,,,,,,,
world:entity:2026-04-29-fmp-technicals-hovr-daily,Entity,2026-04-29_FMP_Technicals_HOVR_daily,2026-04-29_FMP_Technicals_HOVR_daily,2026-04-29_FMP_Technicals_HOVR_daily,,,,,,,entity,Entities,,,,,,,,,,,,,,,,2026-06-01,,,,,,,,,,,,,,
world:entity:2026-04-29-fmp-technicals-hubb-daily,Entity,2026-04-29_FMP_Technicals_HUBB_daily,2026-04-29_FMP_Technicals_HUBB_daily,2026-04-29_FMP_Technicals_HUBB_daily,,,,,,,entity,Entities,,,,,,,,,,,,,,,,2026-06-01,,,,,,,,,,,,,,
world:entity:2026-04-29-fmp-technicals-iff-daily,Entity,2026-04-29_FMP_Technicals_IFF_daily,2026-04-29_FMP_Technicals_IFF_daily,2026-04-29_FMP_Technicals_IFF_daily,,,,,,,entity,Entities,,,,,,,,,,,,,,,,2026-06-01,,,,,,,,,,,,,,
world:entity:2026-04-29-fmp-technicals-iipr-daily,Entity,2026-04-29_FMP_Technicals_IIPR_daily,2026-04-29_FMP_Technicals_IIPR_daily,2026-04-29_FMP_Technicals_IIPR_daily,,,,,,,entity,Entities,,,,,,,,,,,,,,,,2026-06-01,,,,,,,,,,,,,,
world:entity:2026-04-29-fmp-technicals-inva-daily,Entity,2026-04-29_FMP_Technicals_INVA_daily,2026-04-29_FMP_Technicals_INVA_daily,2026-04-29_FMP_Technicals_INVA_daily,,,,,,,entity,Entities,,,,,,,,,,,,,,,,2026-06-01,,,,,,,,,,,,,,
world:entity:2026-04-29-fmp-technicals-ionq-daily,Entity,2026-04-29_FMP_Technicals_IONQ_daily,2026-04-29_FMP_Technicals_IONQ_daily,2026-04-29_FMP_Technicals_IONQ_daily,,,,,,,entity,Entities,,,,,,,,,,,,,,,,2026-06-01,,,,,,,,,,,,,,
world:entity:2026-04-29-fmp-technicals-jnj-daily,Entity,2026-04-29_FMP_Technicals_JNJ_daily,2026-04-29_FMP_Technicals_JNJ_daily,2026-04-29_FMP_Technicals_JNJ_daily,,,,,,,entity,Entities,,,,,,,,,,,,,,,,2026-06-01,,,,,,,,,,,,,,
world:entity:2026-04-29-fmp-technicals-joby-daily,Entity,2026-04-29_FMP_Technicals_JOBY_daily,2026-04-29_FMP_Technicals_JOBY_daily,2026-04-29_FMP_Technicals_JOBY_daily,,,,,,,entity,Entities,,,,,,,,,,,,,,,,2026-06-01,,,,,,,,,,,,,,
world:entity:2026-04-29-fmp-technicals-klac-daily,Entity,2026-04-29_FMP_Technicals_KLAC_daily,2026-04-29_FMP_Technicals_KLAC_daily,2026-04-29_FMP_Technicals_KLAC_daily,,,,,,,entity,Entities,,,,,,,,,,,,,,,,2026-06-01,,,,,,,,,,,,,,
world:entity:2026-04-29-fmp-technicals-ktos-daily,Entity,2026-04-29_FMP_Technicals_KTOS_daily,2026-04-29_FMP_Technicals_KTOS_daily,2026-04-29_FMP_Technicals_KTOS_daily,,,,,,,entity,Entities,,,,,,,,,,,,,,,,2026-06-01,,,,,,,,,,,,,,
world:entity:2026-04-29-fmp-technicals-ldos-daily,Entity,2026-04-29_FMP_Technicals_LDOS_daily,2026-04-29_FMP_Technicals_LDOS_daily,2026-04-29_FMP_Technicals_LDOS_daily,,,,,,,entity,Entities,,,,,,,,,,,,,,,,2026-06-01,,,,,,,,,,,,,,
world:entity:2026-04-29-fmp-technicals-len-daily,Entity,2026-04-29_FMP_Technicals_LEN_daily,2026-04-29_FMP_Technicals_LEN_daily,2026-04-29_FMP_Technicals_LEN_daily,,,,,,,entity,Entities,,,,,,,,,,,,,,,,2026-06-01,,,,,,,,,,,,,,
world:entity:2026-04-29-fmp-technicals-lhx-daily,Entity,2026-04-29_FMP_Technicals_LHX_daily,2026-04-29_FMP_Technicals_LHX_daily,2026-04-29_FMP_Technicals_LHX_daily,,,,,,,entity,Entities,,,,,,,,,,,,,,,,2026-06-01,,,,,,,,,,,,,,
world:entity:2026-04-29-fmp-technicals-lly-daily,Entity,2026-04-29_FMP_Technicals_LLY_daily,2026-04-29_FMP_Technicals_LLY_daily,2026-04-29_FMP_Technicals_LLY_daily,,,,,,,entity,Entities,,,,,,,,,,,,,,,,2026-06-01,,,,,,,,,,,,,,
world:entity:2026-04-29-fmp-technicals-lmt-daily,Entity,2026-04-29_FMP_Technicals_LMT_daily,2026-04-29_FMP_Technicals_LMT_daily,2026-04-29_FMP_Technicals_LMT_daily,,,,,,,entity,Entities,,,,,,,,,,,,,,,,2026-06-01,,,,,,,,,,,,,,
world:entity:2026-04-29-fmp-technicals-lrcx-daily,Entity,2026-04-29_FMP_Technicals_LRCX_daily,2026-04-29_FMP_Technicals_LRCX_daily,2026-04-29_FMP_Technicals_LRCX_daily,,,,,,,entity,Entities,,,,,,,,,,,,,,,,2026-06-01,,,,,,,,,,,,,,
world:entity:2026-04-29-fmp-technicals-mnts-daily,Entity,2026-04-29_FMP_Technicals_MNTS_daily,2026-04-29_FMP_Technicals_MNTS_daily,2026-04-29_FMP_Technicals_MNTS_daily,,,,,,,entity,Entities,,,,,,,,,,,,,,,,2026-06-01,,,,,,,,,,,,,,
world:entity:2026-04-29-fmp-technicals-mrk-daily,Entity,2026-04-29_FMP_Technicals_MRK_daily,2026-04-29_FMP_Technicals_MRK_daily,2026-04-29_FMP_Technicals_MRK_daily,,,,,,,entity,Entities,,,,,,,,,,,,,,,,2026-06-01,,,,,,,,,,,,,,
world:entity:2026-04-29-fmp-technicals-msft-daily,Entity,2026-04-29_FMP_Technicals_MSFT_daily,2026-04-29_FMP_Technicals_MSFT_daily,2026-04-29_FMP_Technicals_MSFT_daily,,,,,,,entity,Entities,,,,,,,,,,,,,,,,2026-06-01,,,,,,,,,,,,,,
world:entity:2026-04-29-fmp-technicals-mstr-daily,Entity,2026-04-29_FMP_Technicals_MSTR_daily,2026-04-29_FMP_Technicals_MSTR_daily,2026-04-29_FMP_Technicals_MSTR_daily,,,,,,,entity,Entities,,,,,,,,,,,,,,,,2026-06-01,,,,,,,,,,,,,,
world:entity:2026-04-29-fmp-technicals-mtz-daily,Entity,2026-04-29_FMP_Technicals_MTZ_daily,2026-04-29_FMP_Technicals_MTZ_daily,2026-04-29_FMP_Technicals_MTZ_daily,,,,,,,entity,Entities,,,,,,,,,,,,,,,,2026-06-01,,,,,,,,,,,,,,
world:entity:2026-04-29-fmp-technicals-myrg-daily,Entity,2026-04-29_FMP_Technicals_MYRG_daily,2026-04-29_FMP_Technicals_MYRG_daily,2026-04-29_FMP_Technicals_MYRG_daily,,,,,,,entity,Entities,,,,,,,,,,,,,,,,2026-06-01,,,,,,,,,,,,,,
world:entity:2026-04-29-fmp-technicals-nbix-daily,Entity,2026-04-29_FMP_Technicals_NBIX_daily,2026-04-29_FMP_Technicals_NBIX_daily,2026-04-29_FMP_Technicals_NBIX_daily,,,,,,,entity,Entities,,,,,,,,,,,,,,,,2026-06-01,,,,,,,,,,,,,,
world:entity:2026-04-29-fmp-technicals-nem-daily,Entity,2026-04-29_FMP_Technicals_NEM_daily,2026-04-29_FMP_Technicals_NEM_daily,2026-04-29_FMP_Technicals_NEM_daily,,,,,,,entity,Entities,,,,,,,,,,,,,,,,2026-06-01,,,,,,,,,,,,,,
world:entity:2026-04-29-fmp-technicals-nktr-daily,Entity,2026-04-29_FMP_Technicals_NKTR_daily,2026-04-29_FMP_Technicals_NKTR_daily,2026-04-29_FMP_Technicals_NKTR_daily,,,,,,,entity,Entities,,,,,,,,,,,,,,,,2026-06-01,,,,,,,,,,,,,,
world:entity:2026-04-29-fmp-technicals-nne-daily,Entity,2026-04-29_FMP_Technicals_NNE_daily,2026-04-29_FMP_Technicals_NNE_daily,2026-04-29_FMP_Technicals_NNE_daily,,,,,,,entity,Entities,,,,,,,,,,,,,,,,2026-06-01,,,,,,,,,,,,,,
world:entity:2026-04-29-fmp-technicals-noc-daily,Entity,2026-04-29_FMP_Technicals_NOC_daily,2026-04-29_FMP_Technicals_NOC_daily,2026-04-29_FMP_Technicals_NOC_daily,,,,,,,entity,Entities,,,,,,,,,,,,,,,,2026-06-01,,,,,,,,,,,,,,
world:entity:2026-04-29-fmp-technicals-nrg-daily,Entity,2026-04-29_FMP_Technicals_NRG_daily,2026-04-29_FMP_Technicals_NRG_daily,2026-04-29_FMP_Technicals_NRG_daily,,,,,,,entity,Entities,,,,,,,,,,,,,,,,2026-06-01,,,,,,,,,,,,,,
world:entity:2026-04-29-fmp-technicals-ntla-daily,Entity,2026-04-29_FMP_Technicals_NTLA_daily,2026-04-29_FMP_Technicals_NTLA_daily,2026-04-29_FMP_Technicals_NTLA_daily,,,,,,,entity,Entities,,,,,,,,,,,,,,,,2026-06-01,,,,,,,,,,,,,,
world:entity:2026-04-29-fmp-technicals-nvda-daily,Entity,2026-04-29_FMP_Technicals_NVDA_daily,2026-04-29_FMP_Technicals_NVDA_daily,2026-04-29_FMP_Technicals_NVDA_daily,,,,,,,entity,Entities,,,,,,,,,,,,,,,,2026-06-01,,,,,,,,,,,,,,
world:entity:2026-04-29-fmp-technicals-nvr-daily,Entity,2026-04-29_FMP_Technicals_NVR_daily,2026-04-29_FMP_Technicals_NVR_daily,2026-04-29_FMP_Technicals_NVR_daily,,,,,,,entity,Entities,,,,,,,,,,,,,,,,2026-06-01,,,,,,,,,,,,,,
world:entity:2026-04-29-fmp-technicals-oklo-daily,Entity,2026-04-29_FMP_Technicals_OKLO_daily,2026-04-29_FMP_Technicals_OKLO_daily,2026-04-29_FMP_Technicals_OKLO_daily,,,,,,,entity,Entities,,,,,,,,,,,,,,,,2026-06-01,,,,,,,,,,,,,,
world:entity:2026-04-29-fmp-technicals-on-daily,Entity,2026-04-29_FMP_Technicals_ON_daily,2026-04-29_FMP_Technicals_ON_daily,2026-04-29_FMP_Technicals_ON_daily,,,,,,,entity,Entities,,,,,,,,,,,,,,,,2026-06-01,,,,,,,,,,,,,,
world:entity:2026-04-29-fmp-technicals-onds-daily,Entity,2026-04-29_FMP_Technicals_ONDS_daily,2026-04-29_FMP_Technicals_ONDS_daily,2026-04-29_FMP_Technicals_ONDS_daily,,,,,,,entity,Entities,,,,,,,,,,,,,,,,2026-06-01,,,,,,,,,,,,,,
world:entity:2026-04-29-fmp-technicals-onto-daily,Entity,2026-04-29_FMP_Technicals_ONTO_daily,2026-04-29_FMP_Technicals_ONTO_daily,2026-04-29_FMP_Technicals_ONTO_daily,,,,,,,entity,Entities,,,,,,,,,,,,,,,,2026-06-01,,,,,,,,,,,,,,
world:entity:2026-04-29-fmp-technicals-pdfs-daily,Entity,2026-04-29_FMP_Technicals_PDFS_daily,2026-04-29_FMP_Technicals_PDFS_daily,2026-04-29_FMP_Technicals_PDFS_daily,,,,,,,entity,Entities,,,,,,,,,,,,,,,,2026-06-01,,,,,,,,,,,,,,
world:entity:2026-04-29-fmp-technicals-pfe-daily,Entity,2026-04-29_FMP_Technicals_PFE_daily,2026-04-29_FMP_Technicals_PFE_daily,2026-04-29_FMP_Technicals_PFE_daily,,,,,,,entity,Entities,,,,,,,,,,,,,,,,2026-06-01,,,,,,,,,,,,,,
world:entity:2026-04-29-fmp-technicals-pl-daily,Entity,2026-04-29_FMP_Technicals_PL_daily,2026-04-29_FMP_Technicals_PL_daily,2026-04-29_FMP_Technicals_PL_daily,,,,,,,entity,Entities,,,,,,,,,,,,,,,,2026-06-01,,,,,,,,,,,,,,
world:entity:2026-04-29-fmp-technicals-pltr-daily,Entity,2026-04-29_FMP_Technicals_PLTR_daily,2026-04-29_FMP_Technicals_PLTR_daily,2026-04-29_FMP_Technicals_PLTR_daily,,,,,,,entity,Entities,,,,,,,,,,,,,,,,2026-06-01,,,,,,,,,,,,,,
world:entity:2026-04-29-fmp-technicals-powl-daily,Entity,2026-04-29_FMP_Technicals_POWL_daily,2026-04-29_FMP_Technicals_POWL_daily,2026-04-29_FMP_Technicals_POWL_daily,,,,,,,entity,Entities,,,,,,,,,,,,,,,,2026-06-01,,,,,,,,,,,,,,
world:entity:2026-04-29-fmp-technicals-ppih-daily,Entity,2026-04-29_FMP_Technicals_PPIH_daily,2026-04-29_FMP_Technicals_PPIH_daily,2026-04-29_FMP_Technicals_PPIH_daily,,,,,,,entity,Entities,,,,,,,,,,,,,,,,2026-06-01,,,,,,,,,,,,,,
world:entity:2026-04-29-fmp-technicals-prks-daily,Entity,2026-04-29_FMP_Technicals_PRKS_daily,2026-04-29_FMP_Technicals_PRKS_daily,2026-04-29_FMP_Technicals_PRKS_daily,,,,,,,entity,Entities,,,,,,,,,,,,,,,,2026-06-01,,,,,,,,,,,,,,
world:entity:2026-04-29-fmp-technicals-prta-daily,Entity,2026-04-29_FMP_Technicals_PRTA_daily,2026-04-29_FMP_Technicals_PRTA_daily,2026-04-29_FMP_Technicals_PRTA_daily,,,,,,,entity,Entities,,,,,,,,,,,,,,,,2026-06-01,,,,,,,,,,,,,,
world:entity:2026-04-29-fmp-technicals-psil-daily,Entity,2026-04-29_FMP_Technicals_PSIL_daily,2026-04-29_FMP_Technicals_PSIL_daily,2026-04-29_FMP_Technicals_PSIL_daily,,,,,,,entity,Entities,,,,,,,,,,,,,,,,2026-06-01,,,,,,,,,,,,,,
world:entity:2026-04-29-fmp-technicals-pwr-daily,Entity,2026-04-29_FMP_Technicals_PWR_daily,2026-04-29_FMP_Technicals_PWR_daily,2026-04-29_FMP_Technicals_PWR_daily,,,,,,,entity,Entities,,,,,,,,,,,,,,,,2026-06-01,,,,,,,,,,,,,,
world:entity:2026-04-29-fmp-technicals-qubt-daily,Entity,2026-04-29_FMP_Technicals_QUBT_daily,2026-04-29_FMP_Technicals_QUBT_daily,2026-04-29_FMP_Technicals_QUBT_daily,,,,,,,entity,Entities,,,,,,,,,,,,,,,,2026-06-01,,,,,,,,,,,,,,
world:entity:2026-04-29-fmp-technicals-rcat-daily,Entity,2026-04-29_FMP_Technicals_RCAT_daily,2026-04-29_FMP_Technicals_RCAT_daily,2026-04-29_FMP_Technicals_RCAT_daily,,,,,,,entity,Entities,,,,,,,,,,,,,,,,2026-06-01,,,,,,,,,,,,,,
world:entity:2026-04-29-fmp-technicals-rgti-daily,Entity,2026-04-29_FMP_Technicals_RGTI_daily,2026-04-29_FMP_Technicals_RGTI_daily,2026-04-29_FMP_Technicals_RGTI_daily,,,,,,,entity,Entities,,,,,,,,,,,,,,,,2026-06-01,,,,,,,,,,,,,,
world:entity:2026-04-29-fmp-technicals-rklb-daily,Entity,2026-04-29_FMP_Technicals_RKLB_daily,2026-04-29_FMP_Technicals_RKLB_daily,2026-04-29_FMP_Technicals_RKLB_daily,,,,,,,entity,Entities,,,,,,,,,,,,,,,,2026-06-01,,,,,,,,,,,,,,
world:entity:2026-04-29-fmp-technicals-rprx-daily,Entity,2026-04-29_FMP_Technicals_RPRX_daily,2026-04-29_FMP_Technicals_RPRX_daily,2026-04-29_FMP_Technicals_RPRX_daily,,,,,,,entity,Entities,,,,,,,,,,,,,,,,2026-06-01,,,,,,,,,,,,,,
world:entity:2026-04-29-fmp-technicals-rtx-daily,Entity,2026-04-29_FMP_Technicals_RTX_daily,2026-04-29_FMP_Technicals_RTX_daily,2026-04-29_FMP_Technicals_RTX_daily,,,,,,,entity,Entities,,,,,,,,,,,,,,,,2026-06-01,,,,,,,,,,,,,,
world:entity:2026-04-29-fmp-technicals-saic-daily,Entity,2026-04-29_FMP_Technicals_SAIC_daily,2026-04-29_FMP_Technicals_SAIC_daily,2026-04-29_FMP_Technicals_SAIC_daily,,,,,,,entity,Entities,,,,,,,,,,,,,,,,2026-06-01,,,,,,,,,,,,,,
world:entity:2026-04-29-fmp-technicals-sky-daily,Entity,2026-04-29_FMP_Technicals_SKY_daily,2026-04-29_FMP_Technicals_SKY_daily,2026-04-29_FMP_Technicals_SKY_daily,,,,,,,entity,Entities,,,,,,,,,,,,,,,,2026-06-01,,,,,,,,,,,,,,
world:entity:2026-04-29-fmp-technicals-smr-daily,Entity,2026-04-29_FMP_Technicals_SMR_daily,2026-04-29_FMP_Technicals_SMR_daily,2026-04-29_FMP_Technicals_SMR_daily,,,,,,,entity,Entities,,,,,,,,,,,,,,,,2026-06-01,,,,,,,,,,,,,,
world:entity:2026-04-29-fmp-technicals-spir-daily,Entity,2026-04-29_FMP_Technicals_SPIR_daily,2026-04-29_FMP_Technicals_SPIR_daily,2026-04-29_FMP_Technicals_SPIR_daily,,,,,,,entity,Entities,,,,,,,,,,,,,,,,2026-06-01,,,,,,,,,,,,,,
world:entity:2026-04-29-fmp-technicals-spro-daily,Entity,2026-04-29_FMP_Technicals_SPRO_daily,2026-04-29_FMP_Technicals_SPRO_daily,2026-04-29_FMP_Technicals_SPRO_daily,,,,,,,entity,Entities,,,,,,,,,,,,,,,,2026-06-01,,,,,,,,,,,,,,
world:entity:2026-04-29-fmp-technicals-stem-daily,Entity,2026-04-29_FMP_Technicals_STEM_daily,2026-04-29_FMP_Technicals_STEM_daily,2026-04-29_FMP_Technicals_STEM_daily,,,,,,,entity,Entities,,,,,,,,,,,,,,,,2026-06-01,,,,,,,,,,,,,,
world:entity:2026-04-29-fmp-technicals-strl-daily,Entity,2026-04-29_FMP_Technicals_STRL_daily,2026-04-29_FMP_Technicals_STRL_daily,2026-04-29_FMP_Technicals_STRL_daily,,,,,,,entity,Entities,,,,,,,,,,,,,,,,2026-06-01,,,,,,,,,,,,,,
world:entity:2026-04-29-fmp-technicals-tdy-daily,Entity,2026-04-29_FMP_Technicals_TDY_daily,2026-04-29_FMP_Technicals_TDY_daily,2026-04-29_FMP_Technicals_TDY_daily,,,,,,,entity,Entities,,,,,,,,,,,,,,,,2026-06-01,,,,,,,,,,,,,,
world:entity:2026-04-29-fmp-technicals-tmhc-daily,Entity,2026-04-29_FMP_Technicals_TMHC_daily,2026-04-29_FMP_Technicals_TMHC_daily,2026-04-29_FMP_Technicals_TMHC_daily,,,,,,,entity,Entities,,,,,,,,,,,,,,,,2026-06-01,,,,,,,,,,,,,,
world:entity:2026-04-29-fmp-technicals-tmo-daily,Entity,2026-04-29_FMP_Technicals_TMO_daily,2026-04-29_FMP_Technicals_TMO_daily,2026-04-29_FMP_Technicals_TMO_daily,,,,,,,entity,Entities,,,,,,,,,,,,,,,,2026-06-01,,,,,,,,,,,,,,
world:entity:2026-04-29-fmp-technicals-tnc-daily,Entity,2026-04-29_FMP_Technicals_TNC_daily,2026-04-29_FMP_Technicals_TNC_daily,2026-04-29_FMP_Technicals_TNC_daily,,,,,,,entity,Entities,,,,,,,,,,,,,,,,2026-06-01,,,,,,,,,,,,,,
world:entity:2026-04-29-fmp-technicals-tol-daily,Entity,2026-04-29_FMP_Technicals_TOL_daily,2026-04-29_FMP_Technicals_TOL_daily,2026-04-29_FMP_Technicals_TOL_daily,,,,,,,entity,Entities,,,,,,,,,,,,,,,,2026-06-01,,,,,,,,,,,,,,
world:entity:2026-04-29-fmp-technicals-tsla-daily,Entity,2026-04-29_FMP_Technicals_TSLA_daily,2026-04-29_FMP_Technicals_TSLA_daily,2026-04-29_FMP_Technicals_TSLA_daily,,,,,,,entity,Entities,,,,,,,,,,,,,,,,2026-06-01,,,,,,,,,,,,,,
world:entity:2026-04-29-fmp-technicals-tsn-daily,Entity,2026-04-29_FMP_Technicals_TSN_daily,2026-04-29_FMP_Technicals_TSN_daily,2026-04-29_FMP_Technicals_TSN_daily,,,,,,,entity,Entities,,,,,,,,,,,,,,,,2026-06-01,,,,,,,,,,,,,,
world:entity:2026-04-29-fmp-technicals-twst-daily,Entity,2026-04-29_FMP_Technicals_TWST_daily,2026-04-29_FMP_Technicals_TWST_daily,2026-04-29_FMP_Technicals_TWST_daily,,,,,,,entity,Entities,,,,,,,,,,,,,,,,2026-06-01,,,,,,,,,,,,,,
world:entity:2026-04-29-fmp-technicals-txt-daily,Entity,2026-04-29_FMP_Technicals_TXT_daily,2026-04-29_FMP_Technicals_TXT_daily,2026-04-29_FMP_Technicals_TXT_daily,,,,,,,entity,Entities,,,,,,,,,,,,,,,,2026-06-01,,,,,,,,,,,,,,
world:entity:2026-04-29-fmp-technicals-ufpt-daily,Entity,2026-04-29_FMP_Technicals_UFPT_daily,2026-04-29_FMP_Technicals_UFPT_daily,2026-04-29_FMP_Technicals_UFPT_daily,,,,,,,entity,Entities,,,,,,,,,,,,,,,,2026-06-01,,,,,,,,,,,,,,
world:entity:2026-04-29-fmp-technicals-umac-daily,Entity,2026-04-29_FMP_Technicals_UMAC_daily,2026-04-29_FMP_Technicals_UMAC_daily,2026-04-29_FMP_Technicals_UMAC_daily,,,,,,,entity,Entities,,,,,,,,,,,,,,,,2026-06-01,,,,,,,,,,,,,,
world:entity:2026-04-29-fmp-technicals-unty-daily,Entity,2026-04-29_FMP_Technicals_UNTY_daily,2026-04-29_FMP_Technicals_UNTY_daily,2026-04-29_FMP_Technicals_UNTY_daily,,,,,,,entity,Entities,,,,,,,,,,,,,,,,2026-06-01,,,,,,,,,,,,,,
world:entity:2026-04-29-fmp-technicals-vktx-daily,Entity,2026-04-29_FMP_Technicals_VKTX_daily,2026-04-29_FMP_Technicals_VKTX_daily,2026-04-29_FMP_Technicals_VKTX_daily,,,,,,,entity,Entities,,,,,,,,,,,,,,,,2026-06-01,,,,,,,,,,,,,,
world:entity:2026-04-29-fmp-technicals-vst-daily,Entity,2026-04-29_FMP_Technicals_VST_daily,2026-04-29_FMP_Technicals_VST_daily,2026-04-29_FMP_Technicals_VST_daily,,,,,,,entity,Entities,,,,,,,,,,,,,,,,2026-06-01,,,,,,,,,,,,,,
world:entity:2026-04-29-fmp-technicals-wcc-daily,Entity,2026-04-29_FMP_Technicals_WCC_daily,2026-04-29_FMP_Technicals_WCC_daily,2026-04-29_FMP_Technicals_WCC_daily,,,,,,,entity,Entities,,,,,,,,,,,,,,,,2026-06-01,,,,,,,,,,,,,,
world:entity:2026-04-29-fmp-technicals-wolf-daily,Entity,2026-04-29_FMP_Technicals_WOLF_daily,2026-04-29_FMP_Technicals_WOLF_daily,2026-04-29_FMP_Technicals_WOLF_daily,,,,,,,entity,Entities,,,,,,,,,,,,,,,,2026-06-01,,,,,,,,,,,,,,
world:entity:2026-04-29-fmp-technicals-wpm-daily,Entity,2026-04-29_FMP_Technicals_WPM_daily,2026-04-29_FMP_Technicals_WPM_daily,2026-04-29_FMP_Technicals_WPM_daily,,,,,,,entity,Entities,,,,,,,,,,,,,,,,2026-06-01,,,,,,,,,,,,,,
world:entity:2026-04-29-fmp-technicals-xoma-daily,Entity,2026-04-29_FMP_Technicals_XOMA_daily,2026-04-29_FMP_Technicals_XOMA_daily,2026-04-29_FMP_Technicals_XOMA_daily,,,,,,,entity,Entities,,,,,,,,,,,,,,,,2026-06-01,,,,,,,,,,,,,,
world:entity:2026-04-30-agent-analysis-aapl,Entity,2026-04-30_Agent_Analysis_AAPL,2026-04-30_Agent_Analysis_AAPL,2026-04-30_Agent_Analysis_AAPL,,,,,,,entity,Entities,,,,,,,,,,,,,,,,2026-06-01,,,,,,,,,,,,,,
world:entity:2026-04-30-agent-analysis-axp,Entity,2026-04-30_Agent_Analysis_AXP,2026-04-30_Agent_Analysis_AXP,2026-04-30_Agent_Analysis_AXP,,,,,,,entity,Entities,,,,,,,,,,,,,,,,2026-06-01,,,,,,,,,,,,,,
world:entity:2026-04-30-agent-analysis-brk-b,Entity,2026-04-30_Agent_Analysis_BRK_B,2026-04-30_Agent_Analysis_BRK_B,2026-04-30_Agent_Analysis_BRK_B,,,,,,,entity,Entities,,,,,,,,,,,,,,,,2026-06-01,,,,,,,,,,,,,,
world:entity:2026-04-30-agent-analysis-gold,Entity,2026-04-30_Agent_Analysis_GOLD,2026-04-30_Agent_Analysis_GOLD,2026-04-30_Agent_Analysis_GOLD,,,,,,,entity,Entities,,,,,,,,,,,,,,,,2026-06-01,,,,,,,,,,,,,,
world:entity:2026-04-30-agent-analysis-ko,Entity,2026-04-30_Agent_Analysis_KO,2026-04-30_Agent_Analysis_KO,2026-04-30_Agent_Analysis_KO,,,,,,,entity,Entities,,,,,,,,,,,,,,,,2026-06-01,,,,,,,,,,,,,,
world:entity:2026-04-30-agent-analysis-nem,Entity,2026-04-30_Agent_Analysis_NEM,2026-04-30_Agent_Analysis_NEM,2026-04-30_Agent_Analysis_NEM,,,,,,,entity,Entities,,,,,,,,,,,,,,,,2026-06-01,,,,,,,,,,,,,,
world:entity:2026-04-30-agent-analysis-wpm,Entity,2026-04-30_Agent_Analysis_WPM,2026-04-30_Agent_Analysis_WPM,2026-04-30_Agent_Analysis_WPM,,,,,,,entity,Entities,,,,,,,,,,,,,,,,2026-06-01,,,,,,,,,,,,,,
world:entity:2026-04-30-agent-analysis-xom,Entity,2026-04-30_Agent_Analysis_XOM,2026-04-30_Agent_Analysis_XOM,2026-04-30_Agent_Analysis_XOM,,,,,,,entity,Entities,,,,,,,,,,,,,,,,2026-06-01,,,,,,,,,,,,,,
world:entity:2026-04-30-fmp-earnings-calendar-thesis-watchlists,Entity,2026-04-30_FMP_Earnings_Calendar_Thesis_Watchlists,2026-04-30_FMP_Earnings_Calendar_Thesis_Watchlists,2026-04-30_FMP_Earnings_Calendar_Thesis_Watchlists,,,,,,,entity,Entities,,,,,,,,,,,,,,,,2026-06-01,,,,,,,,,,,,,,
world:entity:2026-04-30-fmp-technicals-abbv-daily,Entity,2026-04-30_FMP_Technicals_ABBV_daily,2026-04-30_FMP_Technicals_ABBV_daily,2026-04-30_FMP_Technicals_ABBV_daily,,,,,,,entity,Entities,,,,,,,,,,,,,,,,2026-06-01,,,,,,,,,,,,,,
world:entity:2026-04-30-fmp-technicals-acad-daily,Entity,2026-04-30_FMP_Technicals_ACAD_daily,2026-04-30_FMP_Technicals_ACAD_daily,2026-04-30_FMP_Technicals_ACAD_daily,,,,,,,entity,Entities,,,,,,,,,,,,,,,,2026-06-01,,,,,,,,,,,,,,
world:entity:2026-04-30-fmp-technicals-achr-daily,Entity,2026-04-30_FMP_Technicals_ACHR_daily,2026-04-30_FMP_Technicals_ACHR_daily,2026-04-30_FMP_Technicals_ACHR_daily,,,,,,,entity,Entities,,,,,,,,,,,,,,,,2026-06-01,,,,,,,,,,,,,,
world:entity:2026-04-30-fmp-technicals-adm-daily,Entity,2026-04-30_FMP_Technicals_ADM_daily,2026-04-30_FMP_Technicals_ADM_daily,2026-04-30_FMP_Technicals_ADM_daily,,,,,,,entity,Entities,,,,,,,,,,,,,,,,2026-06-01,,,,,,,,,,,,,,
world:entity:2026-04-30-fmp-technicals-airo-daily,Entity,2026-04-30_FMP_Technicals_AIRO_daily,2026-04-30_FMP_Technicals_AIRO_daily,2026-04-30_FMP_Technicals_AIRO_daily,,,,,,,entity,Entities,,,,,,,,,,,,,,,,2026-06-01,,,,,,,,,,,,,,
world:entity:2026-04-30-fmp-technicals-alks-daily,Entity,2026-04-30_FMP_Technicals_ALKS_daily,2026-04-30_FMP_Technicals_ALKS_daily,2026-04-30_FMP_Technicals_ALKS_daily,,,,,,,entity,Entities,,,,,,,,,,,,,,,,2026-06-01,,,,,,,,,,,,,,
world:entity:2026-04-30-fmp-technicals-alvo-daily,Entity,2026-04-30_FMP_Technicals_ALVO_daily,2026-04-30_FMP_Technicals_ALVO_daily,2026-04-30_FMP_Technicals_ALVO_daily,,,,,,,entity,Entities,,,,,,,,,,,,,,,,2026-06-01,,,,,,,,,,,,,,
world:entity:2026-04-30-fmp-technicals-amat-daily,Entity,2026-04-30_FMP_Technicals_AMAT_daily,2026-04-30_FMP_Technicals_AMAT_daily,2026-04-30_FMP_Technicals_AMAT_daily,,,,,,,entity,Entities,,,,,,,,,,,,,,,,2026-06-01,,,,,,,,,,,,,,
world:entity:2026-04-30-fmp-technicals-amgn-daily,Entity,2026-04-30_FMP_Technicals_AMGN_daily,2026-04-30_FMP_Technicals_AMGN_daily,2026-04-30_FMP_Technicals_AMGN_daily,,,,,,,entity,Entities,,,,,,,,,,,,,,,,2026-06-01,,,,,,,,,,,,,,
world:entity:2026-04-30-fmp-technicals-amsc-daily,Entity,2026-04-30_FMP_Technicals_AMSC_daily,2026-04-30_FMP_Technicals_AMSC_daily,2026-04-30_FMP_Technicals_AMSC_daily,,,,,,,entity,Entities,,,,,,,,,,,,,,,,2026-06-01,,,,,,,,,,,,,,
world:entity:2026-04-30-fmp-technicals-amzn-daily,Entity,2026-04-30_FMP_Technicals_AMZN_daily,2026-04-30_FMP_Technicals_AMZN_daily,2026-04-30_FMP_Technicals_AMZN_daily,,,,,,,entity,Entities,,,,,,,,,,,,,,,,2026-06-01,,,,,,,,,,,,,,
world:entity:2026-04-30-fmp-technicals-asts-daily,Entity,2026-04-30_FMP_Technicals_ASTS_daily,2026-04-30_FMP_Technicals_ASTS_daily,2026-04-30_FMP_Technicals_ASTS_daily,,,,,,,entity,Entities,,,,,,,,,,,,,,,,2026-06-01,,,,,,,,,,,,,,
world:entity:2026-04-30-fmp-technicals-atai-daily,Entity,2026-04-30_FMP_Technicals_ATAI_daily,2026-04-30_FMP_Technicals_ATAI_daily,2026-04-30_FMP_Technicals_ATAI_daily,,,,,,,entity,Entities,,,,,,,,,,,,,,,,2026-06-01,,,,,,,,,,,,,,
world:entity:2026-04-30-fmp-technicals-avav-daily,Entity,2026-04-30_FMP_Technicals_AVAV_daily,2026-04-30_FMP_Technicals_AVAV_daily,2026-04-30_FMP_Technicals_AVAV_daily,,,,,,,entity,Entities,,,,,,,,,,,,,,,,2026-06-01,,,,,,,,,,,,,,
world:entity:2026-04-30-fmp-technicals-bah-daily,Entity,2026-04-30_FMP_Technicals_BAH_daily,2026-04-30_FMP_Technicals_BAH_daily,2026-04-30_FMP_Technicals_BAH_daily,,,,,,,entity,Entities,,,,,,,,,,,,,,,,2026-06-01,,,,,,,,,,,,,,
world:entity:2026-04-30-fmp-technicals-bbai-daily,Entity,2026-04-30_FMP_Technicals_BBAI_daily,2026-04-30_FMP_Technicals_BBAI_daily,2026-04-30_FMP_Technicals_BBAI_daily,,,,,,,entity,Entities,,,,,,,,,,,,,,,,2026-06-01,,,,,,,,,,,,,,
world:entity:2026-04-30-fmp-technicals-beam-daily,Entity,2026-04-30_FMP_Technicals_BEAM_daily,2026-04-30_FMP_Technicals_BEAM_daily,2026-04-30_FMP_Technicals_BEAM_daily,,,,,,,entity,Entities,,,,,,,,,,,,,,,,2026-06-01,,,,,,,,,,,,,,
world:entity:2026-04-30-fmp-technicals-bg-daily,Entity,2026-04-30_FMP_Technicals_BG_daily,2026-04-30_FMP_Technicals_BG_daily,2026-04-30_FMP_Technicals_BG_daily,,,,,,,entity,Entities,,,,,,,,,,,,,,,,2026-06-01,,,,,,,,,,,,,,
world:entity:2026-04-30-fmp-technicals-biib-daily,Entity,2026-04-30_FMP_Technicals_BIIB_daily,2026-04-30_FMP_Technicals_BIIB_daily,2026-04-30_FMP_Technicals_BIIB_daily,,,,,,,entity,Entities,,,,,,,,,,,,,,,,2026-06-01,,,,,,,,,,,,,,
world:entity:2026-04-30-fmp-technicals-bksy-daily,Entity,2026-04-30_FMP_Technicals_BKSY_daily,2026-04-30_FMP_Technicals_BKSY_daily,2026-04-30_FMP_Technicals_BKSY_daily,,,,,,,entity,Entities,,,,,,,,,,,,,,,,2026-06-01,,,,,,,,,,,,,,
world:entity:2026-04-30-fmp-technicals-brbr-daily,Entity,2026-04-30_FMP_Technicals_BRBR_daily,2026-04-30_FMP_Technicals_BRBR_daily,2026-04-30_FMP_Technicals_BRBR_daily,,,,,,,entity,Entities,,,,,,,,,,,,,,,,2026-06-01,,,,,,,,,,,,,,
world:entity:2026-04-30-fmp-technicals-bw-daily,Entity,2026-04-30_FMP_Technicals_BW_daily,2026-04-30_FMP_Technicals_BW_daily,2026-04-30_FMP_Technicals_BW_daily,,,,,,,entity,Entities,,,,,,,,,,,,,,,,2026-06-01,,,,,,,,,,,,,,
world:entity:2026-04-30-fmp-technicals-bynd-daily,Entity,2026-04-30_FMP_Technicals_BYND_daily,2026-04-30_FMP_Technicals_BYND_daily,2026-04-30_FMP_Technicals_BYND_daily,,,,,,,entity,Entities,,,,,,,,,,,,,,,,2026-06-01,,,,,,,,,,,,,,
world:entity:2026-04-30-fmp-technicals-caci-daily,Entity,2026-04-30_FMP_Technicals_CACI_daily,2026-04-30_FMP_Technicals_CACI_daily,2026-04-30_FMP_Technicals_CACI_daily,,,,,,,entity,Entities,,,,,,,,,,,,,,,,2026-06-01,,,,,,,,,,,,,,
world:entity:2026-04-30-fmp-technicals-ccj-daily,Entity,2026-04-30_FMP_Technicals_CCJ_daily,2026-04-30_FMP_Technicals_CCJ_daily,2026-04-30_FMP_Technicals_CCJ_daily,,,,,,,entity,Entities,,,,,,,,,,,,,,,,2026-06-01,,,,,,,,,,,,,,
world:entity:2026-04-30-fmp-technicals-ceg-daily,Entity,2026-04-30_FMP_Technicals_CEG_daily,2026-04-30_FMP_Technicals_CEG_daily,2026-04-30_FMP_Technicals_CEG_daily,,,,,,,entity,Entities,,,,,,,,,,,,,,,,2026-06-01,,,,,,,,,,,,,,
world:entity:2026-04-30-fmp-technicals-cmps-daily,Entity,2026-04-30_FMP_Technicals_CMPS_daily,2026-04-30_FMP_Technicals_CMPS_daily,2026-04-30_FMP_Technicals_CMPS_daily,,,,,,,entity,Entities,,,,,,,,,,,,,,,,2026-06-01,,,,,,,,,,,,,,
world:entity:2026-04-30-fmp-technicals-coin-daily,Entity,2026-04-30_FMP_Technicals_COIN_daily,2026-04-30_FMP_Technicals_COIN_daily,2026-04-30_FMP_Technicals_COIN_daily,,,,,,,entity,Entities,,,,,,,,,,,,,,,,2026-06-01,,,,,,,,,,,,,,
world:entity:2026-04-30-fmp-technicals-crsp-daily,Entity,2026-04-30_FMP_Technicals_CRSP_daily,2026-04-30_FMP_Technicals_CRSP_daily,2026-04-30_FMP_Technicals_CRSP_daily,,,,,,,entity,Entities,,,,,,,,,,,,,,,,2026-06-01,,,,,,,,,,,,,,
world:entity:2026-04-30-fmp-technicals-ctva-daily,Entity,2026-04-30_FMP_Technicals_CTVA_daily,2026-04-30_FMP_Technicals_CTVA_daily,2026-04-30_FMP_Technicals_CTVA_daily,,,,,,,entity,Entities,,,,,,,,,,,,,,,,2026-06-01,,,,,,,,,,,,,,
world:entity:2026-04-30-fmp-technicals-dftx-daily,Entity,2026-04-30_FMP_Technicals_DFTX_daily,2026-04-30_FMP_Technicals_DFTX_daily,2026-04-30_FMP_Technicals_DFTX_daily,,,,,,,entity,Entities,,,,,,,,,,,,,,,,2026-06-01,,,,,,,,,,,,,,
world:entity:2026-04-30-fmp-technicals-dhi-daily,Entity,2026-04-30_FMP_Technicals_DHI_daily,2026-04-30_FMP_Technicals_DHI_daily,2026-04-30_FMP_Technicals_DHI_daily,,,,,,,entity,Entities,,,,,,,,,,,,,,,,2026-06-01,,,,,,,,,,,,,,
world:entity:2026-04-30-fmp-technicals-dna-daily,Entity,2026-04-30_FMP_Technicals_DNA_daily,2026-04-30_FMP_Technicals_DNA_daily,2026-04-30_FMP_Technicals_DNA_daily,,,,,,,entity,Entities,,,,,,,,,,,,,,,,2026-06-01,,,,,,,,,,,,,,
world:entity:2026-04-30-fmp-technicals-dpro-daily,Entity,2026-04-30_FMP_Technicals_DPRO_daily,2026-04-30_FMP_Technicals_DPRO_daily,2026-04-30_FMP_Technicals_DPRO_daily,,,,,,,entity,Entities,,,,,,,,,,,,,,,,2026-06-01,,,,,,,,,,,,,,
world:entity:2026-04-30-fmp-technicals-ecpg-daily,Entity,2026-04-30_FMP_Technicals_ECPG_daily,2026-04-30_FMP_Technicals_ECPG_daily,2026-04-30_FMP_Technicals_ECPG_daily,,,,,,,entity,Entities,,,,,,,,,,,,,,,,2026-06-01,,,,,,,,,,,,,,
world:entity:2026-04-30-fmp-technicals-edit-daily,Entity,2026-04-30_FMP_Technicals_EDIT_daily,2026-04-30_FMP_Technicals_EDIT_daily,2026-04-30_FMP_Technicals_EDIT_daily,,,,,,,entity,Entities,,,,,,,,,,,,,,,,2026-06-01,,,,,,,,,,,,,,
world:entity:2026-04-30-fmp-technicals-eh-daily,Entity,2026-04-30_FMP_Technicals_EH_daily,2026-04-30_FMP_Technicals_EH_daily,2026-04-30_FMP_Technicals_EH_daily,,,,,,,entity,Entities,,,,,,,,,,,,,,,,2026-06-01,,,,,,,,,,,,,,
world:entity:2026-04-30-fmp-technicals-envx-daily,Entity,2026-04-30_FMP_Technicals_ENVX_daily,2026-04-30_FMP_Technicals_ENVX_daily,2026-04-30_FMP_Technicals_ENVX_daily,,,,,,,entity,Entities,,,,,,,,,,,,,,,,2026-06-01,,,,,,,,,,,,,,
world:entity:2026-04-30-fmp-technicals-eslt-daily,Entity,2026-04-30_FMP_Technicals_ESLT_daily,2026-04-30_FMP_Technicals_ESLT_daily,2026-04-30_FMP_Technicals_ESLT_daily,,,,,,,entity,Entities,,,,,,,,,,,,,,,,2026-06-01,,,,,,,,,,,,,,
world:entity:2026-04-30-fmp-technicals-etn-daily,Entity,2026-04-30_FMP_Technicals_ETN_daily,2026-04-30_FMP_Technicals_ETN_daily,2026-04-30_FMP_Technicals_ETN_daily,,,,,,,entity,Entities,,,,,,,,,,,,,,,,2026-06-01,,,,,,,,,,,,,,
world:entity:2026-04-30-fmp-technicals-evtl-daily,Entity,2026-04-30_FMP_Technicals_EVTL_daily,2026-04-30_FMP_Technicals_EVTL_daily,2026-04-30_FMP_Technicals_EVTL_daily,,,,,,,entity,Entities,,,,,,,,,,,,,,,,2026-06-01,,,,,,,,,,,,,,
world:entity:2026-04-30-fmp-technicals-flnc-daily,Entity,2026-04-30_FMP_Technicals_FLNC_daily,2026-04-30_FMP_Technicals_FLNC_daily,2026-04-30_FMP_Technicals_FLNC_daily,,,,,,,entity,Entities,,,,,,,,,,,,,,,,2026-06-01,,,,,,,,,,,,,,
world:entity:2026-04-30-fmp-technicals-fmc-daily,Entity,2026-04-30_FMP_Technicals_FMC_daily,2026-04-30_FMP_Technicals_FMC_daily,2026-04-30_FMP_Technicals_FMC_daily,,,,,,,entity,Entities,,,,,,,,,,,,,,,,2026-06-01,,,,,,,,,,,,,,
world:entity:2026-04-30-fmp-technicals-gd-daily,Entity,2026-04-30_FMP_Technicals_GD_daily,2026-04-30_FMP_Technicals_GD_daily,2026-04-30_FMP_Technicals_GD_daily,,,,,,,entity,Entities,,,,,,,,,,,,,,,,2026-06-01,,,,,,,,,,,,,,
world:entity:2026-04-30-fmp-technicals-gev-daily,Entity,2026-04-30_FMP_Technicals_GEV_daily,2026-04-30_FMP_Technicals_GEV_daily,2026-04-30_FMP_Technicals_GEV_daily,,,,,,,entity,Entities,,,,,,,,,,,,,,,,2026-06-01,,,,,,,,,,,,,,
world:entity:2026-04-30-fmp-technicals-ghrs-daily,Entity,2026-04-30_FMP_Technicals_GHRS_daily,2026-04-30_FMP_Technicals_GHRS_daily,2026-04-30_FMP_Technicals_GHRS_daily,,,,,,,entity,Entities,,,,,,,,,,,,,,,,2026-06-01,,,,,,,,,,,,,,
world:entity:2026-04-30-fmp-technicals-gold-daily,Entity,2026-04-30_FMP_Technicals_GOLD_daily,2026-04-30_FMP_Technicals_GOLD_daily,2026-04-30_FMP_Technicals_GOLD_daily,,,,,,,entity,Entities,,,,,,,,,,,,,,,,2026-06-01,,,,,,,,,,,,,,
world:entity:2026-04-30-fmp-technicals-googl-daily,Entity,2026-04-30_FMP_Technicals_GOOGL_daily,2026-04-30_FMP_Technicals_GOOGL_daily,2026-04-30_FMP_Technicals_GOOGL_daily,,,,,,,entity,Entities,,,,,,,,,,,,,,,,2026-06-01,,,,,,,,,,,,,,
world:entity:2026-04-30-fmp-technicals-help-daily,Entity,2026-04-30_FMP_Technicals_HELP_daily,2026-04-30_FMP_Technicals_HELP_daily,2026-04-30_FMP_Technicals_HELP_daily,,,,,,,entity,Entities,,,,,,,,,,,,,,,,2026-06-01,,,,,,,,,,,,,,
world:entity:2026-04-30-fmp-technicals-hims-daily,Entity,2026-04-30_FMP_Technicals_HIMS_daily,2026-04-30_FMP_Technicals_HIMS_daily,2026-04-30_FMP_Technicals_HIMS_daily,,,,,,,entity,Entities,,,,,,,,,,,,,,,,2026-06-01,,,,,,,,,,,,,,
world:entity:2026-04-30-fmp-technicals-hovr-daily,Entity,2026-04-30_FMP_Technicals_HOVR_daily,2026-04-30_FMP_Technicals_HOVR_daily,2026-04-30_FMP_Technicals_HOVR_daily,,,,,,,entity,Entities,,,,,,,,,,,,,,,,2026-06-01,,,,,,,,,,,,,,
world:entity:2026-04-30-fmp-technicals-hubb-daily,Entity,2026-04-30_FMP_Technicals_HUBB_daily,2026-04-30_FMP_Technicals_HUBB_daily,2026-04-30_FMP_Technicals_HUBB_daily,,,,,,,entity,Entities,,,,,,,,,,,,,,,,2026-06-01,,,,,,,,,,,,,,
world:entity:2026-04-30-fmp-technicals-iff-daily,Entity,2026-04-30_FMP_Technicals_IFF_daily,2026-04-30_FMP_Technicals_IFF_daily,2026-04-30_FMP_Technicals_IFF_daily,,,,,,,entity,Entities,,,,,,,,,,,,,,,,2026-06-01,,,,,,,,,,,,,,
world:entity:2026-04-30-fmp-technicals-iipr-daily,Entity,2026-04-30_FMP_Technicals_IIPR_daily,2026-04-30_FMP_Technicals_IIPR_daily,2026-04-30_FMP_Technicals_IIPR_daily,,,,,,,entity,Entities,,,,,,,,,,,,,,,,2026-06-01,,,,,,,,,,,,,,
world:entity:2026-04-30-fmp-technicals-inva-daily,Entity,2026-04-30_FMP_Technicals_INVA_daily,2026-04-30_FMP_Technicals_INVA_daily,2026-04-30_FMP_Technicals_INVA_daily,,,,,,,entity,Entities,,,,,,,,,,,,,,,,2026-06-01,,,,,,,,,,,,,,
world:entity:2026-04-30-fmp-technicals-ionq-daily,Entity,2026-04-30_FMP_Technicals_IONQ_daily,2026-04-30_FMP_Technicals_IONQ_daily,2026-04-30_FMP_Technicals_IONQ_daily,,,,,,,entity,Entities,,,,,,,,,,,,,,,,2026-06-01,,,,,,,,,,,,,,
world:entity:2026-04-30-fmp-technicals-jnj-daily,Entity,2026-04-30_FMP_Technicals_JNJ_daily,2026-04-30_FMP_Technicals_JNJ_daily,2026-04-30_FMP_Technicals_JNJ_daily,,,,,,,entity,Entities,,,,,,,,,,,,,,,,2026-06-01,,,,,,,,,,,,,,
world:entity:2026-04-30-fmp-technicals-joby-daily,Entity,2026-04-30_FMP_Technicals_JOBY_daily,2026-04-30_FMP_Technicals_JOBY_daily,2026-04-30_FMP_Technicals_JOBY_daily,,,,,,,entity,Entities,,,,,,,,,,,,,,,,2026-06-01,,,,,,,,,,,,,,
world:entity:2026-04-30-fmp-technicals-klac-daily,Entity,2026-04-30_FMP_Technicals_KLAC_daily,2026-04-30_FMP_Technicals_KLAC_daily,2026-04-30_FMP_Technicals_KLAC_daily,,,,,,,entity,Entities,,,,,,,,,,,,,,,,2026-06-01,,,,,,,,,,,,,,
world:entity:2026-04-30-fmp-technicals-ktos-daily,Entity,2026-04-30_FMP_Technicals_KTOS_daily,2026-04-30_FMP_Technicals_KTOS_daily,2026-04-30_FMP_Technicals_KTOS_daily,,,,,,,entity,Entities,,,,,,,,,,,,,,,,2026-06-01,,,,,,,,,,,,,,
world:entity:2026-04-30-fmp-technicals-ldos-daily,Entity,2026-04-30_FMP_Technicals_LDOS_daily,2026-04-30_FMP_Technicals_LDOS_daily,2026-04-30_FMP_Technicals_LDOS_daily,,,,,,,entity,Entities,,,,,,,,,,,,,,,,2026-06-01,,,,,,,,,,,,,,
world:entity:2026-04-30-fmp-technicals-len-daily,Entity,2026-04-30_FMP_Technicals_LEN_daily,2026-04-30_FMP_Technicals_LEN_daily,2026-04-30_FMP_Technicals_LEN_daily,,,,,,,entity,Entities,,,,,,,,,,,,,,,,2026-06-01,,,,,,,,,,,,,,
world:entity:2026-04-30-fmp-technicals-lhx-daily,Entity,2026-04-30_FMP_Technicals_LHX_daily,2026-04-30_FMP_Technicals_LHX_daily,2026-04-30_FMP_Technicals_LHX_daily,,,,,,,entity,Entities,,,,,,,,,,,,,,,,2026-06-01,,,,,,,,,,,,,,
world:entity:2026-04-30-fmp-technicals-lly-daily,Entity,2026-04-30_FMP_Technicals_LLY_daily,2026-04-30_FMP_Technicals_LLY_daily,2026-04-30_FMP_Technicals_LLY_daily,,,,,,,entity,Entities,,,,,,,,,,,,,,,,2026-06-01,,,,,,,,,,,,,,
world:entity:2026-04-30-fmp-technicals-lmt-daily,Entity,2026-04-30_FMP_Technicals_LMT_daily,2026-04-30_FMP_Technicals_LMT_daily,2026-04-30_FMP_Technicals_LMT_daily,,,,,,,entity,Entities,,,,,,,,,,,,,,,,2026-06-01,,,,,,,,,,,,,,
world:entity:2026-04-30-fmp-technicals-lrcx-daily,Entity,2026-04-30_FMP_Technicals_LRCX_daily,2026-04-30_FMP_Technicals_LRCX_daily,2026-04-30_FMP_Technicals_LRCX_daily,,,,,,,entity,Entities,,,,,,,,,,,,,,,,2026-06-01,,,,,,,,,,,,,,
world:entity:2026-04-30-fmp-technicals-mnts-daily,Entity,2026-04-30_FMP_Technicals_MNTS_daily,2026-04-30_FMP_Technicals_MNTS_daily,2026-04-30_FMP_Technicals_MNTS_daily,,,,,,,entity,Entities,,,,,,,,,,,,,,,,2026-06-01,,,,,,,,,,,,,,
world:entity:2026-04-30-fmp-technicals-mrk-daily,Entity,2026-04-30_FMP_Technicals_MRK_daily,2026-04-30_FMP_Technicals_MRK_daily,2026-04-30_FMP_Technicals_MRK_daily,,,,,,,entity,Entities,,,,,,,,,,,,,,,,2026-06-01,,,,,,,,,,,,,,
world:entity:2026-04-30-fmp-technicals-msft-daily,Entity,2026-04-30_FMP_Technicals_MSFT_daily,2026-04-30_FMP_Technicals_MSFT_daily,2026-04-30_FMP_Technicals_MSFT_daily,,,,,,,entity,Entities,,,,,,,,,,,,,,,,2026-06-01,,,,,,,,,,,,,,
world:entity:2026-04-30-fmp-technicals-mstr-daily,Entity,2026-04-30_FMP_Technicals_MSTR_daily,2026-04-30_FMP_Technicals_MSTR_daily,2026-04-30_FMP_Technicals_MSTR_daily,,,,,,,entity,Entities,,,,,,,,,,,,,,,,2026-06-01,,,,,,,,,,,,,,
world:entity:2026-04-30-fmp-technicals-mtz-daily,Entity,2026-04-30_FMP_Technicals_MTZ_daily,2026-04-30_FMP_Technicals_MTZ_daily,2026-04-30_FMP_Technicals_MTZ_daily,,,,,,,entity,Entities,,,,,,,,,,,,,,,,2026-06-01,,,,,,,,,,,,,,
world:entity:2026-04-30-fmp-technicals-myrg-daily,Entity,2026-04-30_FMP_Technicals_MYRG_daily,2026-04-30_FMP_Technicals_MYRG_daily,2026-04-30_FMP_Technicals_MYRG_daily,,,,,,,entity,Entities,,,,,,,,,,,,,,,,2026-06-01,,,,,,,,,,,,,,
world:entity:2026-04-30-fmp-technicals-nbix-daily,Entity,2026-04-30_FMP_Technicals_NBIX_daily,2026-04-30_FMP_Technicals_NBIX_daily,2026-04-30_FMP_Technicals_NBIX_daily,,,,,,,entity,Entities,,,,,,,,,,,,,,,,2026-06-01,,,,,,,,,,,,,,
world:entity:2026-04-30-fmp-technicals-nem-daily,Entity,2026-04-30_FMP_Technicals_NEM_daily,2026-04-30_FMP_Technicals_NEM_daily,2026-04-30_FMP_Technicals_NEM_daily,,,,,,,entity,Entities,,,,,,,,,,,,,,,,2026-06-01,,,,,,,,,,,,,,
world:entity:2026-04-30-fmp-technicals-nktr-daily,Entity,2026-04-30_FMP_Technicals_NKTR_daily,2026-04-30_FMP_Technicals_NKTR_daily,2026-04-30_FMP_Technicals_NKTR_daily,,,,,,,entity,Entities,,,,,,,,,,,,,,,,2026-06-01,,,,,,,,,,,,,,
world:entity:2026-04-30-fmp-technicals-nne-daily,Entity,2026-04-30_FMP_Technicals_NNE_daily,2026-04-30_FMP_Technicals_NNE_daily,2026-04-30_FMP_Technicals_NNE_daily,,,,,,,entity,Entities,,,,,,,,,,,,,,,,2026-06-01,,,,,,,,,,,,,,
world:entity:2026-04-30-fmp-technicals-noc-daily,Entity,2026-04-30_FMP_Technicals_NOC_daily,2026-04-30_FMP_Technicals_NOC_daily,2026-04-30_FMP_Technicals_NOC_daily,,,,,,,entity,Entities,,,,,,,,,,,,,,,,2026-06-01,,,,,,,,,,,,,,
world:entity:2026-04-30-fmp-technicals-nrg-daily,Entity,2026-04-30_FMP_Technicals_NRG_daily,2026-04-30_FMP_Technicals_NRG_daily,2026-04-30_FMP_Technicals_NRG_daily,,,,,,,entity,Entities,,,,,,,,,,,,,,,,2026-06-01,,,,,,,,,,,,,,
world:entity:2026-04-30-fmp-technicals-ntla-daily,Entity,2026-04-30_FMP_Technicals_NTLA_daily,2026-04-30_FMP_Technicals_NTLA_daily,2026-04-30_FMP_Technicals_NTLA_daily,,,,,,,entity,Entities,,,,,,,,,,,,,,,,2026-06-01,,,,,,,,,,,,,,
world:entity:2026-04-30-fmp-technicals-nvda-daily,Entity,2026-04-30_FMP_Technicals_NVDA_daily,2026-04-30_FMP_Technicals_NVDA_daily,2026-04-30_FMP_Technicals_NVDA_daily,,,,,,,entity,Entities,,,,,,,,,,,,,,,,2026-06-01,,,,,,,,,,,,,,
world:entity:2026-04-30-fmp-technicals-nvr-daily,Entity,2026-04-30_FMP_Technicals_NVR_daily,2026-04-30_FMP_Technicals_NVR_daily,2026-04-30_FMP_Technicals_NVR_daily,,,,,,,entity,Entities,,,,,,,,,,,,,,,,2026-06-01,,,,,,,,,,,,,,
world:entity:2026-04-30-fmp-technicals-oklo-daily,Entity,2026-04-30_FMP_Technicals_OKLO_daily,2026-04-30_FMP_Technicals_OKLO_daily,2026-04-30_FMP_Technicals_OKLO_daily,,,,,,,entity,Entities,,,,,,,,,,,,,,,,2026-06-01,,,,,,,,,,,,,,
world:entity:2026-04-30-fmp-technicals-on-daily,Entity,2026-04-30_FMP_Technicals_ON_daily,2026-04-30_FMP_Technicals_ON_daily,2026-04-30_FMP_Technicals_ON_daily,,,,,,,entity,Entities,,,,,,,,,,,,,,,,2026-06-01,,,,,,,,,,,,,,
world:entity:2026-04-30-fmp-technicals-onds-daily,Entity,2026-04-30_FMP_Technicals_ONDS_daily,2026-04-30_FMP_Technicals_ONDS_daily,2026-04-30_FMP_Technicals_ONDS_daily,,,,,,,entity,Entities,,,,,,,,,,,,,,,,2026-06-01,,,,,,,,,,,,,,
world:entity:2026-04-30-fmp-technicals-onto-daily,Entity,2026-04-30_FMP_Technicals_ONTO_daily,2026-04-30_FMP_Technicals_ONTO_daily,2026-04-30_FMP_Technicals_ONTO_daily,,,,,,,entity,Entities,,,,,,,,,,,,,,,,2026-06-01,,,,,,,,,,,,,,
world:entity:2026-04-30-fmp-technicals-pdfs-daily,Entity,2026-04-30_FMP_Technicals_PDFS_daily,2026-04-30_FMP_Technicals_PDFS_daily,2026-04-30_FMP_Technicals_PDFS_daily,,,,,,,entity,Entities,,,,,,,,,,,,,,,,2026-06-01,,,,,,,,,,,,,,
world:entity:2026-04-30-fmp-technicals-pfe-daily,Entity,2026-04-30_FMP_Technicals_PFE_daily,2026-04-30_FMP_Technicals_PFE_daily,2026-04-30_FMP_Technicals_PFE_daily,,,,,,,entity,Entities,,,,,,,,,,,,,,,,2026-06-01,,,,,,,,,,,,,,
world:entity:2026-04-30-fmp-technicals-pl-daily,Entity,2026-04-30_FMP_Technicals_PL_daily,2026-04-30_FMP_Technicals_PL_daily,2026-04-30_FMP_Technicals_PL_daily,,,,,,,entity,Entities,,,,,,,,,,,,,,,,2026-06-01,,,,,,,,,,,,,,
world:entity:2026-04-30-fmp-technicals-pltr-daily,Entity,2026-04-30_FMP_Technicals_PLTR_daily,2026-04-30_FMP_Technicals_PLTR_daily,2026-04-30_FMP_Technicals_PLTR_daily,,,,,,,entity,Entities,,,,,,,,,,,,,,,,2026-06-01,,,,,,,,,,,,,,
world:entity:2026-04-30-fmp-technicals-powl-daily,Entity,2026-04-30_FMP_Technicals_POWL_daily,2026-04-30_FMP_Technicals_POWL_daily,2026-04-30_FMP_Technicals_POWL_daily,,,,,,,entity,Entities,,,,,,,,,,,,,,,,2026-06-01,,,,,,,,,,,,,,
world:entity:2026-04-30-fmp-technicals-ppih-daily,Entity,2026-04-30_FMP_Technicals_PPIH_daily,2026-04-30_FMP_Technicals_PPIH_daily,2026-04-30_FMP_Technicals_PPIH_daily,,,,,,,entity,Entities,,,,,,,,,,,,,,,,2026-06-01,,,,,,,,,,,,,,
world:entity:2026-04-30-fmp-technicals-prks-daily,Entity,2026-04-30_FMP_Technicals_PRKS_daily,2026-04-30_FMP_Technicals_PRKS_daily,2026-04-30_FMP_Technicals_PRKS_daily,,,,,,,entity,Entities,,,,,,,,,,,,,,,,2026-06-01,,,,,,,,,,,,,,
world:entity:2026-04-30-fmp-technicals-prta-daily,Entity,2026-04-30_FMP_Technicals_PRTA_daily,2026-04-30_FMP_Technicals_PRTA_daily,2026-04-30_FMP_Technicals_PRTA_daily,,,,,,,entity,Entities,,,,,,,,,,,,,,,,2026-06-01,,,,,,,,,,,,,,
world:entity:2026-04-30-fmp-technicals-psil-daily,Entity,2026-04-30_FMP_Technicals_PSIL_daily,2026-04-30_FMP_Technicals_PSIL_daily,2026-04-30_FMP_Technicals_PSIL_daily,,,,,,,entity,Entities,,,,,,,,,,,,,,,,2026-06-01,,,,,,,,,,,,,,
world:entity:2026-04-30-fmp-technicals-pwr-daily,Entity,2026-04-30_FMP_Technicals_PWR_daily,2026-04-30_FMP_Technicals_PWR_daily,2026-04-30_FMP_Technicals_PWR_daily,,,,,,,entity,Entities,,,,,,,,,,,,,,,,2026-06-01,,,,,,,,,,,,,,
world:entity:2026-04-30-fmp-technicals-qubt-daily,Entity,2026-04-30_FMP_Technicals_QUBT_daily,2026-04-30_FMP_Technicals_QUBT_daily,2026-04-30_FMP_Technicals_QUBT_daily,,,,,,,entity,Entities,,,,,,,,,,,,,,,,2026-06-01,,,,,,,,,,,,,,
world:entity:2026-04-30-fmp-technicals-rcat-daily,Entity,2026-04-30_FMP_Technicals_RCAT_daily,2026-04-30_FMP_Technicals_RCAT_daily,2026-04-30_FMP_Technicals_RCAT_daily,,,,,,,entity,Entities,,,,,,,,,,,,,,,,2026-06-01,,,,,,,,,,,,,,
world:entity:2026-04-30-fmp-technicals-rgti-daily,Entity,2026-04-30_FMP_Technicals_RGTI_daily,2026-04-30_FMP_Technicals_RGTI_daily,2026-04-30_FMP_Technicals_RGTI_daily,,,,,,,entity,Entities,,,,,,,,,,,,,,,,2026-06-01,,,,,,,,,,,,,,
world:entity:2026-04-30-fmp-technicals-rklb-daily,Entity,2026-04-30_FMP_Technicals_RKLB_daily,2026-04-30_FMP_Technicals_RKLB_daily,2026-04-30_FMP_Technicals_RKLB_daily,,,,,,,entity,Entities,,,,,,,,,,,,,,,,2026-06-01,,,,,,,,,,,,,,
world:entity:2026-04-30-fmp-technicals-rprx-daily,Entity,2026-04-30_FMP_Technicals_RPRX_daily,2026-04-30_FMP_Technicals_RPRX_daily,2026-04-30_FMP_Technicals_RPRX_daily,,,,,,,entity,Entities,,,,,,,,,,,,,,,,2026-06-01,,,,,,,,,,,,,,
world:entity:2026-04-30-fmp-technicals-rtx-daily,Entity,2026-04-30_FMP_Technicals_RTX_daily,2026-04-30_FMP_Technicals_RTX_daily,2026-04-30_FMP_Technicals_RTX_daily,,,,,,,entity,Entities,,,,,,,,,,,,,,,,2026-06-01,,,,,,,,,,,,,,
world:entity:2026-04-30-fmp-technicals-saic-daily,Entity,2026-04-30_FMP_Technicals_SAIC_daily,2026-04-30_FMP_Technicals_SAIC_daily,2026-04-30_FMP_Technicals_SAIC_daily,,,,,,,entity,Entities,,,,,,,,,,,,,,,,2026-06-01,,,,,,,,,,,,,,
world:entity:2026-04-30-fmp-technicals-sky-daily,Entity,2026-04-30_FMP_Technicals_SKY_daily,2026-04-30_FMP_Technicals_SKY_daily,2026-04-30_FMP_Technicals_SKY_daily,,,,,,,entity,Entities,,,,,,,,,,,,,,,,2026-06-01,,,,,,,,,,,,,,
world:entity:2026-04-30-fmp-technicals-smr-daily,Entity,2026-04-30_FMP_Technicals_SMR_daily,2026-04-30_FMP_Technicals_SMR_daily,2026-04-30_FMP_Technicals_SMR_daily,,,,,,,entity,Entities,,,,,,,,,,,,,,,,2026-06-01,,,,,,,,,,,,,,
world:entity:2026-04-30-fmp-technicals-spir-daily,Entity,2026-04-30_FMP_Technicals_SPIR_daily,2026-04-30_FMP_Technicals_SPIR_daily,2026-04-30_FMP_Technicals_SPIR_daily,,,,,,,entity,Entities,,,,,,,,,,,,,,,,2026-06-01,,,,,,,,,,,,,,
world:entity:2026-04-30-fmp-technicals-spro-daily,Entity,2026-04-30_FMP_Technicals_SPRO_daily,2026-04-30_FMP_Technicals_SPRO_daily,2026-04-30_FMP_Technicals_SPRO_daily,,,,,,,entity,Entities,,,,,,,,,,,,,,,,2026-06-01,,,,,,,,,,,,,,
world:entity:2026-04-30-fmp-technicals-stem-daily,Entity,2026-04-30_FMP_Technicals_STEM_daily,2026-04-30_FMP_Technicals_STEM_daily,2026-04-30_FMP_Technicals_STEM_daily,,,,,,,entity,Entities,,,,,,,,,,,,,,,,2026-06-01,,,,,,,,,,,,,,
world:entity:2026-04-30-fmp-technicals-strl-daily,Entity,2026-04-30_FMP_Technicals_STRL_daily,2026-04-30_FMP_Technicals_STRL_daily,2026-04-30_FMP_Technicals_STRL_daily,,,,,,,entity,Entities,,,,,,,,,,,,,,,,2026-06-01,,,,,,,,,,,,,,
world:entity:2026-04-30-fmp-technicals-tdy-daily,Entity,2026-04-30_FMP_Technicals_TDY_daily,2026-04-30_FMP_Technicals_TDY_daily,2026-04-30_FMP_Technicals_TDY_daily,,,,,,,entity,Entities,,,,,,,,,,,,,,,,2026-06-01,,,,,,,,,,,,,,
world:entity:2026-04-30-fmp-technicals-tmhc-daily,Entity,2026-04-30_FMP_Technicals_TMHC_daily,2026-04-30_FMP_Technicals_TMHC_daily,2026-04-30_FMP_Technicals_TMHC_daily,,,,,,,entity,Entities,,,,,,,,,,,,,,,,2026-06-01,,,,,,,,,,,,,,
world:entity:2026-04-30-fmp-technicals-tmo-daily,Entity,2026-04-30_FMP_Technicals_TMO_daily,2026-04-30_FMP_Technicals_TMO_daily,2026-04-30_FMP_Technicals_TMO_daily,,,,,,,entity,Entities,,,,,,,,,,,,,,,,2026-06-01,,,,,,,,,,,,,,
world:entity:2026-04-30-fmp-technicals-tnc-daily,Entity,2026-04-30_FMP_Technicals_TNC_daily,2026-04-30_FMP_Technicals_TNC_daily,2026-04-30_FMP_Technicals_TNC_daily,,,,,,,entity,Entities,,,,,,,,,,,,,,,,2026-06-01,,,,,,,,,,,,,,
world:entity:2026-04-30-fmp-technicals-tol-daily,Entity,2026-04-30_FMP_Technicals_TOL_daily,2026-04-30_FMP_Technicals_TOL_daily,2026-04-30_FMP_Technicals_TOL_daily,,,,,,,entity,Entities,,,,,,,,,,,,,,,,2026-06-01,,,,,,,,,,,,,,
world:entity:2026-04-30-fmp-technicals-tsla-daily,Entity,2026-04-30_FMP_Technicals_TSLA_daily,2026-04-30_FMP_Technicals_TSLA_daily,2026-04-30_FMP_Technicals_TSLA_daily,,,,,,,entity,Entities,,,,,,,,,,,,,,,,2026-06-01,,,,,,,,,,,,,,
world:entity:2026-04-30-fmp-technicals-tsn-daily,Entity,2026-04-30_FMP_Technicals_TSN_daily,2026-04-30_FMP_Technicals_TSN_daily,2026-04-30_FMP_Technicals_TSN_daily,,,,,,,entity,Entities,,,,,,,,,,,,,,,,2026-06-01,,,,,,,,,,,,,,
world:entity:2026-04-30-fmp-technicals-twst-daily,Entity,2026-04-30_FMP_Technicals_TWST_daily,2026-04-30_FMP_Technicals_TWST_daily,2026-04-30_FMP_Technicals_TWST_daily,,,,,,,entity,Entities,,,,,,,,,,,,,,,,2026-06-01,,,,,,,,,,,,,,
world:entity:2026-04-30-fmp-technicals-txt-daily,Entity,2026-04-30_FMP_Technicals_TXT_daily,2026-04-30_FMP_Technicals_TXT_daily,2026-04-30_FMP_Technicals_TXT_daily,,,,,,,entity,Entities,,,,,,,,,,,,,,,,2026-06-01,,,,,,,,,,,,,,
world:entity:2026-04-30-fmp-technicals-ufpt-daily,Entity,2026-04-30_FMP_Technicals_UFPT_daily,2026-04-30_FMP_Technicals_UFPT_daily,2026-04-30_FMP_Technicals_UFPT_daily,,,,,,,entity,Entities,,,,,,,,,,,,,,,,2026-06-01,,,,,,,,,,,,,,
world:entity:2026-04-30-fmp-technicals-umac-daily,Entity,2026-04-30_FMP_Technicals_UMAC_daily,2026-04-30_FMP_Technicals_UMAC_daily,2026-04-30_FMP_Technicals_UMAC_daily,,,,,,,entity,Entities,,,,,,,,,,,,,,,,2026-06-01,,,,,,,,,,,,,,
world:entity:2026-04-30-fmp-technicals-unty-daily,Entity,2026-04-30_FMP_Technicals_UNTY_daily,2026-04-30_FMP_Technicals_UNTY_daily,2026-04-30_FMP_Technicals_UNTY_daily,,,,,,,entity,Entities,,,,,,,,,,,,,,,,2026-06-01,,,,,,,,,,,,,,
world:entity:2026-04-30-fmp-technicals-vktx-daily,Entity,2026-04-30_FMP_Technicals_VKTX_daily,2026-04-30_FMP_Technicals_VKTX_daily,2026-04-30_FMP_Technicals_VKTX_daily,,,,,,,entity,Entities,,,,,,,,,,,,,,,,2026-06-01,,,,,,,,,,,,,,
world:entity:2026-04-30-fmp-technicals-vst-daily,Entity,2026-04-30_FMP_Technicals_VST_daily,2026-04-30_FMP_Technicals_VST_daily,2026-04-30_FMP_Technicals_VST_daily,,,,,,,entity,Entities,,,,,,,,,,,,,,,,2026-06-01,,,,,,,,,,,,,,
world:entity:2026-04-30-fmp-technicals-wcc-daily,Entity,2026-04-30_FMP_Technicals_WCC_daily,2026-04-30_FMP_Technicals_WCC_daily,2026-04-30_FMP_Technicals_WCC_daily,,,,,,,entity,Entities,,,,,,,,,,,,,,,,2026-06-01,,,,,,,,,,,,,,
world:entity:2026-04-30-fmp-technicals-wolf-daily,Entity,2026-04-30_FMP_Technicals_WOLF_daily,2026-04-30_FMP_Technicals_WOLF_daily,2026-04-30_FMP_Technicals_WOLF_daily,,,,,,,entity,Entities,,,,,,,,,,,,,,,,2026-06-01,,,,,,,,,,,,,,
world:entity:2026-04-30-fmp-technicals-wpm-daily,Entity,2026-04-30_FMP_Technicals_WPM_daily,2026-04-30_FMP_Technicals_WPM_daily,2026-04-30_FMP_Technicals_WPM_daily,,,,,,,entity,Entities,,,,,,,,,,,,,,,,2026-06-01,,,,,,,,,,,,,,
world:entity:2026-04-30-fmp-technicals-xoma-daily,Entity,2026-04-30_FMP_Technicals_XOMA_daily,2026-04-30_FMP_Technicals_XOMA_daily,2026-04-30_FMP_Technicals_XOMA_daily,,,,,,,entity,Entities,,,,,,,,,,,,,,,,2026-06-01,,,,,,,,,,,,,,
world:entity:2026-05-01-agent-analysis-all-theses,Entity,2026-05-01_Agent_Analysis_All_Theses,2026-05-01_Agent_Analysis_All_Theses,2026-05-01_Agent_Analysis_All_Theses,,,,,,,entity,Entities,,,,,,,,,,,,,,,,2026-06-01,,,,,,,,,,,,,,
world:entity:2026-05-01-agent-analysis-amzn,Entity,2026-05-01_Agent_Analysis_AMZN,2026-05-01_Agent_Analysis_AMZN,2026-05-01_Agent_Analysis_AMZN,,,,,,,entity,Entities,,,,,,,,,,,,,,,,2026-06-01,,,,,,,,,,,,,,
world:entity:2026-05-01-agent-analysis-etn,Entity,2026-05-01_Agent_Analysis_ETN,2026-05-01_Agent_Analysis_ETN,2026-05-01_Agent_Analysis_ETN,,,,,,,entity,Entities,,,,,,,,,,,,,,,,2026-06-01,,,,,,,,,,,,,,
world:entity:2026-05-01-agent-analysis-gev,Entity,2026-05-01_Agent_Analysis_GEV,2026-05-01_Agent_Analysis_GEV,2026-05-01_Agent_Analysis_GEV,,,,,,,entity,Entities,,,,,,,,,,,,,,,,2026-06-01,,,,,,,,,,,,,,
world:entity:2026-05-01-agent-analysis-irm,Entity,2026-05-01_Agent_Analysis_IRM,2026-05-01_Agent_Analysis_IRM,2026-05-01_Agent_Analysis_IRM,,,,,,,entity,Entities,,,,,,,,,,,,,,,,2026-06-01,,,,,,,,,,,,,,
world:entity:2026-05-01-agent-analysis-meta,Entity,2026-05-01_Agent_Analysis_META,2026-05-01_Agent_Analysis_META,2026-05-01_Agent_Analysis_META,,,,,,,entity,Entities,,,,,,,,,,,,,,,,2026-06-01,,,,,,,,,,,,,,
world:entity:2026-05-01-agent-analysis-mo,Entity,2026-05-01_Agent_Analysis_MO,2026-05-01_Agent_Analysis_MO,2026-05-01_Agent_Analysis_MO,,,,,,,entity,Entities,,,,,,,,,,,,,,,,2026-06-01,,,,,,,,,,,,,,
world:entity:2026-05-01-agent-analysis-msft,Entity,2026-05-01_Agent_Analysis_MSFT,2026-05-01_Agent_Analysis_MSFT,2026-05-01_Agent_Analysis_MSFT,,,,,,,entity,Entities,,,,,,,,,,,,,,,,2026-06-01,,,,,,,,,,,,,,
world:entity:2026-05-01-agent-analysis-nrg,Entity,2026-05-01_Agent_Analysis_NRG,2026-05-01_Agent_Analysis_NRG,2026-05-01_Agent_Analysis_NRG,,,,,,,entity,Entities,,,,,,,,,,,,,,,,2026-06-01,,,,,,,,,,,,,,
world:entity:2026-05-01-agent-analysis-orly,Entity,2026-05-01_Agent_Analysis_ORLY,2026-05-01_Agent_Analysis_ORLY,2026-05-01_Agent_Analysis_ORLY,,,,,,,entity,Entities,,,,,,,,,,,,,,,,2026-06-01,,,,,,,,,,,,,,
world:entity:2026-05-01-agent-analysis-pltr,Entity,2026-05-01_Agent_Analysis_PLTR,2026-05-01_Agent_Analysis_PLTR,2026-05-01_Agent_Analysis_PLTR,,,,,,,entity,Entities,,,,,,,,,,,,,,,,2026-06-01,,,,,,,,,,,,,,
world:entity:2026-05-01-agent-analysis-ppl,Entity,2026-05-01_Agent_Analysis_PPL,2026-05-01_Agent_Analysis_PPL,2026-05-01_Agent_Analysis_PPL,,,,,,,entity,Entities,,,,,,,,,,,,,,,,2026-06-01,,,,,,,,,,,,,,
world:entity:2026-05-01-agent-analysis-prta,Entity,2026-05-01_Agent_Analysis_PRTA,2026-05-01_Agent_Analysis_PRTA,2026-05-01_Agent_Analysis_PRTA,,,,,,,entity,Entities,,,,,,,,,,,,,,,,2026-06-01,,,,,,,,,,,,,,
world:entity:2026-05-01-agent-analysis-pwr,Entity,2026-05-01_Agent_Analysis_PWR,2026-05-01_Agent_Analysis_PWR,2026-05-01_Agent_Analysis_PWR,,,,,,,entity,Entities,,,,,,,,,,,,,,,,2026-06-01,,,,,,,,,,,,,,
world:entity:2026-05-01-agent-analysis-qcom,Entity,2026-05-01_Agent_Analysis_QCOM,2026-05-01_Agent_Analysis_QCOM,2026-05-01_Agent_Analysis_QCOM,,,,,,,entity,Entities,,,,,,,,,,,,,,,,2026-06-01,,,,,,,,,,,,,,
world:entity:2026-05-01-agent-analysis-strl,Entity,2026-05-01_Agent_Analysis_STRL,2026-05-01_Agent_Analysis_STRL,2026-05-01_Agent_Analysis_STRL,,,,,,,entity,Entities,,,,,,,,,,,,,,,,2026-06-01,,,,,,,,,,,,,,
world:entity:2026-05-01-agent-analysis-ter,Entity,2026-05-01_Agent_Analysis_TER,2026-05-01_Agent_Analysis_TER,2026-05-01_Agent_Analysis_TER,,,,,,,entity,Entities,,,,,,,,,,,,,,,,2026-06-01,,,,,,,,,,,,,,
world:entity:2026-05-01-agent-analysis-twlo,Entity,2026-05-01_Agent_Analysis_TWLO,2026-05-01_Agent_Analysis_TWLO,2026-05-01_Agent_Analysis_TWLO,,,,,,,entity,Entities,,,,,,,,,,,,,,,,2026-06-01,,,,,,,,,,,,,,
world:entity:2026-05-01-agent-analysis-vst,Entity,2026-05-01_Agent_Analysis_VST,2026-05-01_Agent_Analysis_VST,2026-05-01_Agent_Analysis_VST,,,,,,,entity,Entities,,,,,,,,,,,,,,,,2026-06-01,,,,,,,,,,,,,,
world:entity:2026-05-01-agent-analysis-wpm,Entity,2026-05-01_Agent_Analysis_WPM,2026-05-01_Agent_Analysis_WPM,2026-05-01_Agent_Analysis_WPM,,,,,,,entity,Entities,,,,,,,,,,,,,,,,2026-06-01,,,,,,,,,,,,,,
world:entity:2026-05-01-capital-raise,Entity,2026-05-01_Capital_Raise,2026-05-01_Capital_Raise,2026-05-01_Capital_Raise,,,,,,,entity,Entities,,,,,,,,,,,,,,,,2026-06-01,,,,,,,,,,,,,,
world:entity:2026-05-01-dilution-amzn,Entity,2026-05-01_DILUTION_AMZN,2026-05-01_DILUTION_AMZN,2026-05-01_DILUTION_AMZN,,,,,,,entity,Entities,,,,,,,,,,,,,,,,2026-06-01,,,,,,,,,,,,,,
world:entity:2026-05-01-dilution-ceg,Entity,2026-05-01_DILUTION_CEG,2026-05-01_DILUTION_CEG,2026-05-01_DILUTION_CEG,,,,,,,entity,Entities,,,,,,,,,,,,,,,,2026-06-01,,,,,,,,,,,,,,
world:entity:2026-05-01-dilution-jnj,Entity,2026-05-01_DILUTION_JNJ,2026-05-01_DILUTION_JNJ,2026-05-01_DILUTION_JNJ,,,,,,,entity,Entities,,,,,,,,,,,,,,,,2026-06-01,,,,,,,,,,,,,,
world:entity:2026-05-01-dilution-ktos,Entity,2026-05-01_DILUTION_KTOS,2026-05-01_DILUTION_KTOS,2026-05-01_DILUTION_KTOS,,,,,,,entity,Entities,,,,,,,,,,,,,,,,2026-06-01,,,,,,,,,,,,,,
world:entity:2026-05-01-dilution-len,Entity,2026-05-01_DILUTION_LEN,2026-05-01_DILUTION_LEN,2026-05-01_DILUTION_LEN,,,,,,,entity,Entities,,,,,,,,,,,,,,,,2026-06-01,,,,,,,,,,,,,,
world:entity:2026-05-01-dilution-lhx,Entity,2026-05-01_DILUTION_LHX,2026-05-01_DILUTION_LHX,2026-05-01_DILUTION_LHX,,,,,,,entity,Entities,,,,,,,,,,,,,,,,2026-06-01,,,,,,,,,,,,,,
world:entity:2026-05-01-dilution-lmt,Entity,2026-05-01_DILUTION_LMT,2026-05-01_DILUTION_LMT,2026-05-01_DILUTION_LMT,,,,,,,entity,Entities,,,,,,,,,,,,,,,,2026-06-01,,,,,,,,,,,,,,
world:entity:2026-05-01-dilution-monitor,Entity,2026-05-01_Dilution_Monitor,2026-05-01_Dilution_Monitor,2026-05-01_Dilution_Monitor,,,,,,,entity,Entities,,,,,,,,,,,,,,,,2026-06-01,,,,,,,,,,,,,,
world:entity:2026-05-01-dilution-noc,Entity,2026-05-01_DILUTION_NOC,2026-05-01_DILUTION_NOC,2026-05-01_DILUTION_NOC,,,,,,,entity,Entities,,,,,,,,,,,,,,,,2026-06-01,,,,,,,,,,,,,,
world:entity:2026-05-01-dilution-nrg,Entity,2026-05-01_DILUTION_NRG,2026-05-01_DILUTION_NRG,2026-05-01_DILUTION_NRG,,,,,,,entity,Entities,,,,,,,,,,,,,,,,2026-06-01,,,,,,,,,,,,,,
world:entity:2026-05-01-dilution-rcat,Entity,2026-05-01_DILUTION_RCAT,2026-05-01_DILUTION_RCAT,2026-05-01_DILUTION_RCAT,,,,,,,entity,Entities,,,,,,,,,,,,,,,,2026-06-01,,,,,,,,,,,,,,
world:entity:2026-05-01-dilution-xom,Entity,2026-05-01_DILUTION_XOM,2026-05-01_DILUTION_XOM,2026-05-01_DILUTION_XOM,,,,,,,entity,Entities,,,,,,,,,,,,,,,,2026-06-01,,,,,,,,,,,,,,
world:entity:2026-05-01-entropy-monitor-meta-qcom-ppl-irm-googl-cah-fe-goog-bmy-ame-mo-pwr-twlo-orly-exc-ftai-ebay-bro-aig-ter,Entity,2026-05-01_Entropy_Monitor_META_QCOM_PPL_IRM_GOOGL_CAH_FE_GOOG_BMY_AME_MO_PWR_TWLO_ORLY_EXC_FTAI_EBAY_BRO_AIG_TER,2026-05-01_Entropy_Monitor_META_QCOM_PPL_IRM_GOOGL_CAH_FE_GOOG_BMY_AME_MO_PWR_TWLO_ORLY_EXC_FTAI_EBAY_BRO_AIG_TER,2026-05-01_Entropy_Monitor_META_QCOM_PPL_IRM_GOOGL_CAH_FE_GOOG_BMY_AME_MO_PWR_TWLO_ORLY_EXC_FTAI_EBAY_BRO_AIG_TER,,,,,,,entity,Entities,,,,,,,,,,,,,,,,2026-06-01,,,,,,,,,,,,,,
world:entity:2026-05-01-entropy-monitor-spy-qqq,Entity,2026-05-01_Entropy_Monitor_SPY_QQQ,2026-05-01_Entropy_Monitor_SPY_QQQ,2026-05-01_Entropy_Monitor_SPY_QQQ,,,,,,,entity,Entities,,,,,,,,,,,,,,,,2026-06-01,,,,,,,,,,,,,,
world:entity:2026-05-01-fmp-balancesheet-nvda,Entity,2026-05-01_FMP_BalanceSheet_NVDA,2026-05-01_FMP_BalanceSheet_NVDA,2026-05-01_FMP_BalanceSheet_NVDA,,,,,,,entity,Entities,,,,,,,,,,,,,,,,2026-06-01,,,,,,,,,,,,,,
world:entity:2026-05-01-fmp-earnings-calendar,Entity,2026-05-01_FMP_Earnings_Calendar,2026-05-01_FMP_Earnings_Calendar,2026-05-01_FMP_Earnings_Calendar,,,,,,,entity,Entities,,,,,,,,,,,,,,,,2026-06-01,,,,,,,,,,,,,,
world:entity:2026-05-01-fmp-economiccalendar,Entity,2026-05-01_FMP_EconomicCalendar,2026-05-01_FMP_EconomicCalendar,2026-05-01_FMP_EconomicCalendar,,,,,,,entity,Entities,,,,,,,,,,,,,,,,2026-06-01,,,,,,,,,,,,,,
world:entity:2026-05-01-fmp-technicals-spy-daily,Entity,2026-05-01_FMP_Technicals_SPY_daily,2026-05-01_FMP_Technicals_SPY_daily,2026-05-01_FMP_Technicals_SPY_daily,,,,,,,entity,Entities,,,,,,,,,,,,,,,,2026-06-01,,,,,,,,,,,,,,
world:entity:2026-05-01-macro-volatility,Entity,2026-05-01_Macro_Volatility,2026-05-01_Macro_Volatility,2026-05-01_Macro_Volatility,,,,,,,entity,Entities,,,,,,,,,,,,,,,,2026-06-01,,,,,,,,,,,,,,
world:entity:2026-05-01-opportunity-viewpoints,Entity,2026-05-01_Opportunity_Viewpoints,2026-05-01_Opportunity_Viewpoints,2026-05-01_Opportunity_Viewpoints,,,,,,,entity,Entities,,,,,,,,,,,,,,,,2026-06-01,,,,,,,,,,,,,,
world:entity:2026-05-01-orb-entropy-screen,Entity,2026-05-01_ORB_Entropy_Screen,2026-05-01_ORB_Entropy_Screen,2026-05-01_ORB_Entropy_Screen,,,,,,,entity,Entities,,,,,,,,,,,,,,,,2026-06-01,,,,,,,,,,,,,,
world:entity:2026-05-01-pair-metrics,Entity,2026-05-01_Pair_Metrics,2026-05-01_Pair_Metrics,2026-05-01_Pair_Metrics,,,,,,,entity,Entities,,,,,,,,,,,,,,,,2026-06-01,,,,,,,,,,,,,,
world:entity:2026-05-01-pead-watch,Entity,2026-05-01_PEAD_Watch,2026-05-01_PEAD_Watch,2026-05-01_PEAD_Watch,,,,,,,entity,Entities,,,,,,,,,,,,,,,,2026-06-01,,,,,,,,,,,,,,
world:entity:2026-05-02-agent-analysis-all-theses,Entity,2026-05-02_Agent_Analysis_All_Theses,2026-05-02_Agent_Analysis_All_Theses,2026-05-02_Agent_Analysis_All_Theses,,,,,,,entity,Entities,,,,,,,,,,,,,,,,2026-06-01,,,,,,,,,,,,,,
world:entity:2026-05-02-agent-analysis-amzn,Entity,2026-05-02_Agent_Analysis_AMZN,2026-05-02_Agent_Analysis_AMZN,2026-05-02_Agent_Analysis_AMZN,,,,,,,entity,Entities,,,,,,,,,,,,,,,,2026-06-01,,,,,,,,,,,,,,
world:entity:2026-05-02-agent-analysis-etn,Entity,2026-05-02_Agent_Analysis_ETN,2026-05-02_Agent_Analysis_ETN,2026-05-02_Agent_Analysis_ETN,,,,,,,entity,Entities,,,,,,,,,,,,,,,,2026-06-01,,,,,,,,,,,,,,
world:entity:2026-05-02-agent-analysis-gev,Entity,2026-05-02_Agent_Analysis_GEV,2026-05-02_Agent_Analysis_GEV,2026-05-02_Agent_Analysis_GEV,,,,,,,entity,Entities,,,,,,,,,,,,,,,,2026-06-01,,,,,,,,,,,,,,
world:entity:2026-05-02-agent-analysis-msft,Entity,2026-05-02_Agent_Analysis_MSFT,2026-05-02_Agent_Analysis_MSFT,2026-05-02_Agent_Analysis_MSFT,,,,,,,entity,Entities,,,,,,,,,,,,,,,,2026-06-01,,,,,,,,,,,,,,
world:entity:2026-05-02-agent-analysis-pltr,Entity,2026-05-02_Agent_Analysis_PLTR,2026-05-02_Agent_Analysis_PLTR,2026-05-02_Agent_Analysis_PLTR,,,,,,,entity,Entities,,,,,,,,,,,,,,,,2026-06-01,,,,,,,,,,,,,,
world:entity:2026-05-02-agent-thread-confluence-scan,Entity,2026-05-02_Agent_Thread_confluence-scan,2026-05-02_Agent_Thread_confluence-scan,2026-05-02_Agent_Thread_confluence-scan,,,,,,,entity,Entities,,,,,,,,,,,,,,,,2026-06-01,,,,,,,,,,,,,,
world:entity:2026-05-02-big-money-vs-retail-positioning-report,Entity,2026-05-02_Big_Money_vs_Retail_Positioning_Report,2026-05-02_Big_Money_vs_Retail_Positioning_Report,2026-05-02_Big_Money_vs_Retail_Positioning_Report,,,,,,,entity,Entities,,,,,,,,,,,,,,,,2026-06-01,,,,,,,,,,,,,,
world:entity:2026-05-02-dilution-amzn,Entity,2026-05-02_DILUTION_AMZN,2026-05-02_DILUTION_AMZN,2026-05-02_DILUTION_AMZN,,,,,,,entity,Entities,,,,,,,,,,,,,,,,2026-06-01,,,,,,,,,,,,,,
world:entity:2026-05-02-dilution-ceg,Entity,2026-05-02_DILUTION_CEG,2026-05-02_DILUTION_CEG,2026-05-02_DILUTION_CEG,,,,,,,entity,Entities,,,,,,,,,,,,,,,,2026-06-01,,,,,,,,,,,,,,
world:entity:2026-05-02-dilution-jnj,Entity,2026-05-02_DILUTION_JNJ,2026-05-02_DILUTION_JNJ,2026-05-02_DILUTION_JNJ,,,,,,,entity,Entities,,,,,,,,,,,,,,,,2026-06-01,,,,,,,,,,,,,,
world:entity:2026-05-02-dilution-ktos,Entity,2026-05-02_DILUTION_KTOS,2026-05-02_DILUTION_KTOS,2026-05-02_DILUTION_KTOS,,,,,,,entity,Entities,,,,,,,,,,,,,,,,2026-06-01,,,,,,,,,,,,,,
world:entity:2026-05-02-dilution-len,Entity,2026-05-02_DILUTION_LEN,2026-05-02_DILUTION_LEN,2026-05-02_DILUTION_LEN,,,,,,,entity,Entities,,,,,,,,,,,,,,,,2026-06-01,,,,,,,,,,,,,,
world:entity:2026-05-02-dilution-lhx,Entity,2026-05-02_DILUTION_LHX,2026-05-02_DILUTION_LHX,2026-05-02_DILUTION_LHX,,,,,,,entity,Entities,,,,,,,,,,,,,,,,2026-06-01,,,,,,,,,,,,,,
world:entity:2026-05-02-dilution-lmt,Entity,2026-05-02_DILUTION_LMT,2026-05-02_DILUTION_LMT,2026-05-02_DILUTION_LMT,,,,,,,entity,Entities,,,,,,,,,,,,,,,,2026-06-01,,,,,,,,,,,,,,
world:entity:2026-05-02-dilution-monitor,Entity,2026-05-02_Dilution_Monitor,2026-05-02_Dilution_Monitor,2026-05-02_Dilution_Monitor,,,,,,,entity,Entities,,,,,,,,,,,,,,,,2026-06-01,,,,,,,,,,,,,,
world:entity:2026-05-02-dilution-noc,Entity,2026-05-02_DILUTION_NOC,2026-05-02_DILUTION_NOC,2026-05-02_DILUTION_NOC,,,,,,,entity,Entities,,,,,,,,,,,,,,,,2026-06-01,,,,,,,,,,,,,,
world:entity:2026-05-02-dilution-nrg,Entity,2026-05-02_DILUTION_NRG,2026-05-02_DILUTION_NRG,2026-05-02_DILUTION_NRG,,,,,,,entity,Entities,,,,,,,,,,,,,,,,2026-06-01,,,,,,,,,,,,,,
world:entity:2026-05-02-dilution-rcat,Entity,2026-05-02_DILUTION_RCAT,2026-05-02_DILUTION_RCAT,2026-05-02_DILUTION_RCAT,,,,,,,entity,Entities,,,,,,,,,,,,,,,,2026-06-01,,,,,,,,,,,,,,
world:entity:2026-05-02-dilution-xom,Entity,2026-05-02_DILUTION_XOM,2026-05-02_DILUTION_XOM,2026-05-02_DILUTION_XOM,,,,,,,entity,Entities,,,,,,,,,,,,,,,,2026-06-01,,,,,,,,,,,,,,
world:entity:2026-05-02-eia-generation-mix,Entity,2026-05-02_EIA_Generation_Mix,2026-05-02_EIA_Generation_Mix,2026-05-02_EIA_Generation_Mix,,,,,,,entity,Entities,,,,,,,,,,,,,,,,2026-06-01,,,,,,,,,,,,,,
world:entity:2026-05-02-entropy-monitor-spy-qqq,Entity,2026-05-02_Entropy_Monitor_SPY_QQQ,2026-05-02_Entropy_Monitor_SPY_QQQ,2026-05-02_Entropy_Monitor_SPY_QQQ,,,,,,,entity,Entities,,,,,,,,,,,,,,,,2026-06-01,,,,,,,,,,,,,,
world:entity:2026-05-02-fema-declarations,Entity,2026-05-02_FEMA_Declarations,2026-05-02_FEMA_Declarations,2026-05-02_FEMA_Declarations,,,,,,,entity,Entities,,,,,,,,,,,,,,,,2026-06-01,,,,,,,,,,,,,,
world:entity:2026-05-02-fred-liquidity,Entity,2026-05-02_FRED_Liquidity,2026-05-02_FRED_Liquidity,2026-05-02_FRED_Liquidity,,,,,,,entity,Entities,,,,,,,,,,,,,,,,2026-06-01,,,,,,,,,,,,,,
world:entity:2026-05-02-nahb-builder-confidence,Entity,2026-05-02_NAHB_Builder_Confidence,2026-05-02_NAHB_Builder_Confidence,2026-05-02_NAHB_Builder_Confidence,,,,,,,entity,Entities,,,,,,,,,,,,,,,,2026-06-01,,,,,,,,,,,,,,
world:entity:2026-05-02-opportunity-viewpoints,Entity,2026-05-02_Opportunity_Viewpoints,2026-05-02_Opportunity_Viewpoints,2026-05-02_Opportunity_Viewpoints,,,,,,,entity,Entities,,,,,,,,,,,,,,,,2026-06-01,,,,,,,,,,,,,,
world:entity:2026-05-02-pair-metrics,Entity,2026-05-02_Pair_Metrics,2026-05-02_Pair_Metrics,2026-05-02_Pair_Metrics,,,,,,,entity,Entities,,,,,,,,,,,,,,,,2026-06-01,,,,,,,,,,,,,,
world:entity:2026-05-02-pead-watch,Entity,2026-05-02_PEAD_Watch,2026-05-02_PEAD_Watch,2026-05-02_PEAD_Watch,,,,,,,entity,Entities,,,,,,,,,,,,,,,,2026-06-01,,,,,,,,,,,,,,
world:entity:2026-05-04-fmp-economiccalendar,Entity,2026-05-04_FMP_EconomicCalendar,2026-05-04_FMP_EconomicCalendar,2026-05-04_FMP_EconomicCalendar,,,,,,,entity,Entities,,,,,,,,,,,,,,,,2026-06-01,,,,,,,,,,,,,,
world:entity:2026-05-04-fmp-quote-spy-qqq-iwm-tlt-hyg-gld-uso,Entity,2026-05-04_FMP_Quote_SPY_QQQ_IWM_TLT_HYG_GLD_USO,2026-05-04_FMP_Quote_SPY_QQQ_IWM_TLT_HYG_GLD_USO,2026-05-04_FMP_Quote_SPY_QQQ_IWM_TLT_HYG_GLD_USO,,,,,,,entity,Entities,,,,,,,,,,,,,,,,2026-06-01,,,,,,,,,,,,,,
world:entity:2026-05-04-fmp-relvol-screen,Entity,2026-05-04_FMP_RelVol_Screen,2026-05-04_FMP_RelVol_Screen,2026-05-04_FMP_RelVol_Screen,,,,,,,entity,Entities,,,,,,,,,,,,,,,,2026-06-01,,,,,,,,,,,,,,
world:entity:2026-05-04-orb-entropy-screen,Entity,2026-05-04_ORB_Entropy_Screen,2026-05-04_ORB_Entropy_Screen,2026-05-04_ORB_Entropy_Screen,,,,,,,entity,Entities,,,,,,,,,,,,,,,,2026-06-01,,,,,,,,,,,,,,
world:entity:2026-05-05-agent-analysis-aapl,Entity,2026-05-05_Agent_Analysis_AAPL,2026-05-05_Agent_Analysis_AAPL,2026-05-05_Agent_Analysis_AAPL,,,,,,,entity,Entities,,,,,,,,,,,,,,,,2026-06-01,,,,,,,,,,,,,,
world:entity:2026-05-05-agent-analysis-acad,Entity,2026-05-05_Agent_Analysis_ACAD,2026-05-05_Agent_Analysis_ACAD,2026-05-05_Agent_Analysis_ACAD,,,,,,,entity,Entities,,,,,,,,,,,,,,,,2026-06-01,,,,,,,,,,,,,,
world:entity:2026-05-05-agent-analysis-all-theses,Entity,2026-05-05_Agent_Analysis_All_Theses,2026-05-05_Agent_Analysis_All_Theses,2026-05-05_Agent_Analysis_All_Theses,,,,,,,entity,Entities,,,,,,,,,,,,,,,,2026-06-01,,,,,,,,,,,,,,
world:entity:2026-05-05-agent-analysis-amzn,Entity,2026-05-05_Agent_Analysis_AMZN,2026-05-05_Agent_Analysis_AMZN,2026-05-05_Agent_Analysis_AMZN,,,,,,,entity,Entities,,,,,,,,,,,,,,,,2026-06-01,,,,,,,,,,,,,,
world:entity:2026-05-05-agent-analysis-axp,Entity,2026-05-05_Agent_Analysis_AXP,2026-05-05_Agent_Analysis_AXP,2026-05-05_Agent_Analysis_AXP,,,,,,,entity,Entities,,,,,,,,,,,,,,,,2026-06-01,,,,,,,,,,,,,,
world:entity:2026-05-05-agent-analysis-biib,Entity,2026-05-05_Agent_Analysis_BIIB,2026-05-05_Agent_Analysis_BIIB,2026-05-05_Agent_Analysis_BIIB,,,,,,,entity,Entities,,,,,,,,,,,,,,,,2026-06-01,,,,,,,,,,,,,,
world:entity:2026-05-05-agent-analysis-brk-b,Entity,2026-05-05_Agent_Analysis_BRK_B,2026-05-05_Agent_Analysis_BRK_B,2026-05-05_Agent_Analysis_BRK_B,,,,,,,entity,Entities,,,,,,,,,,,,,,,,2026-06-01,,,,,,,,,,,,,,
world:entity:2026-05-05-agent-analysis-etn,Entity,2026-05-05_Agent_Analysis_ETN,2026-05-05_Agent_Analysis_ETN,2026-05-05_Agent_Analysis_ETN,,,,,,,entity,Entities,,,,,,,,,,,,,,,,2026-06-01,,,,,,,,,,,,,,
world:entity:2026-05-05-agent-analysis-gev,Entity,2026-05-05_Agent_Analysis_GEV,2026-05-05_Agent_Analysis_GEV,2026-05-05_Agent_Analysis_GEV,,,,,,,entity,Entities,,,,,,,,,,,,,,,,2026-06-01,,,,,,,,,,,,,,
world:entity:2026-05-05-agent-analysis-gold,Entity,2026-05-05_Agent_Analysis_GOLD,2026-05-05_Agent_Analysis_GOLD,2026-05-05_Agent_Analysis_GOLD,,,,,,,entity,Entities,,,,,,,,,,,,,,,,2026-06-01,,,,,,,,,,,,,,
world:entity:2026-05-05-agent-analysis-googl,Entity,2026-05-05_Agent_Analysis_GOOGL,2026-05-05_Agent_Analysis_GOOGL,2026-05-05_Agent_Analysis_GOOGL,,,,,,,entity,Entities,,,,,,,,,,,,,,,,2026-06-01,,,,,,,,,,,,,,
world:entity:2026-05-05-agent-analysis-ko,Entity,2026-05-05_Agent_Analysis_KO,2026-05-05_Agent_Analysis_KO,2026-05-05_Agent_Analysis_KO,,,,,,,entity,Entities,,,,,,,,,,,,,,,,2026-06-01,,,,,,,,,,,,,,
world:entity:2026-05-05-agent-analysis-lly,Entity,2026-05-05_Agent_Analysis_LLY,2026-05-05_Agent_Analysis_LLY,2026-05-05_Agent_Analysis_LLY,,,,,,,entity,Entities,,,,,,,,,,,,,,,,2026-06-01,,,,,,,,,,,,,,
world:entity:2026-05-05-agent-analysis-msft,Entity,2026-05-05_Agent_Analysis_MSFT,2026-05-05_Agent_Analysis_MSFT,2026-05-05_Agent_Analysis_MSFT,,,,,,,entity,Entities,,,,,,,,,,,,,,,,2026-06-01,,,,,,,,,,,,,,
world:entity:2026-05-05-agent-analysis-nem,Entity,2026-05-05_Agent_Analysis_NEM,2026-05-05_Agent_Analysis_NEM,2026-05-05_Agent_Analysis_NEM,,,,,,,entity,Entities,,,,,,,,,,,,,,,,2026-06-01,,,,,,,,,,,,,,
world:entity:2026-05-05-agent-analysis-nrg,Entity,2026-05-05_Agent_Analysis_NRG,2026-05-05_Agent_Analysis_NRG,2026-05-05_Agent_Analysis_NRG,,,,,,,entity,Entities,,,,,,,,,,,,,,,,2026-06-01,,,,,,,,,,,,,,
world:entity:2026-05-05-agent-analysis-nvda,Entity,2026-05-05_Agent_Analysis_NVDA,2026-05-05_Agent_Analysis_NVDA,2026-05-05_Agent_Analysis_NVDA,,,,,,,entity,Entities,,,,,,,,,,,,,,,,2026-06-01,,,,,,,,,,,,,,
world:entity:2026-05-05-agent-analysis-pltr,Entity,2026-05-05_Agent_Analysis_PLTR,2026-05-05_Agent_Analysis_PLTR,2026-05-05_Agent_Analysis_PLTR,,,,,,,entity,Entities,,,,,,,,,,,,,,,,2026-06-01,,,,,,,,,,,,,,
world:entity:2026-05-05-agent-analysis-prta,Entity,2026-05-05_Agent_Analysis_PRTA,2026-05-05_Agent_Analysis_PRTA,2026-05-05_Agent_Analysis_PRTA,,,,,,,entity,Entities,,,,,,,,,,,,,,,,2026-06-01,,,,,,,,,,,,,,
world:entity:2026-05-05-agent-analysis-strl,Entity,2026-05-05_Agent_Analysis_STRL,2026-05-05_Agent_Analysis_STRL,2026-05-05_Agent_Analysis_STRL,,,,,,,entity,Entities,,,,,,,,,,,,,,,,2026-06-01,,,,,,,,,,,,,,
world:entity:2026-05-05-agent-analysis-vst,Entity,2026-05-05_Agent_Analysis_VST,2026-05-05_Agent_Analysis_VST,2026-05-05_Agent_Analysis_VST,,,,,,,entity,Entities,,,,,,,,,,,,,,,,2026-06-01,,,,,,,,,,,,,,
world:entity:2026-05-05-agent-analysis-wpm,Entity,2026-05-05_Agent_Analysis_WPM,2026-05-05_Agent_Analysis_WPM,2026-05-05_Agent_Analysis_WPM,,,,,,,entity,Entities,,,,,,,,,,,,,,,,2026-06-01,,,,,,,,,,,,,,
world:entity:2026-05-05-agent-analysis-xom,Entity,2026-05-05_Agent_Analysis_XOM,2026-05-05_Agent_Analysis_XOM,2026-05-05_Agent_Analysis_XOM,,,,,,,entity,Entities,,,,,,,,,,,,,,,,2026-06-01,,,,,,,,,,,,,,
world:entity:2026-05-05-disclosure-reality-check,Entity,2026-05-05_Disclosure_Reality_Check,2026-05-05_Disclosure_Reality_Check,2026-05-05_Disclosure_Reality_Check,,,,,,,entity,Entities,,,,,,,,,,,,,,,,2026-06-01,,,,,,,,,,,,,,
world:entity:2026-05-05-entropy-monitor-spy-qqq,Entity,2026-05-05_Entropy_Monitor_SPY_QQQ,2026-05-05_Entropy_Monitor_SPY_QQQ,2026-05-05_Entropy_Monitor_SPY_QQQ,,,,,,,entity,Entities,,,,,,,,,,,,,,,,2026-06-01,,,,,,,,,,,,,,
world:entity:2026-05-05-fmp-earnings-calendar-thesis-watchlists,Entity,2026-05-05_FMP_Earnings_Calendar_Thesis_Watchlists,2026-05-05_FMP_Earnings_Calendar_Thesis_Watchlists,2026-05-05_FMP_Earnings_Calendar_Thesis_Watchlists,,,,,,,entity,Entities,,,,,,,,,,,,,,,,2026-06-01,,,,,,,,,,,,,,
world:entity:2026-05-05-fmp-economiccalendar,Entity,2026-05-05_FMP_EconomicCalendar,2026-05-05_FMP_EconomicCalendar,2026-05-05_FMP_EconomicCalendar,,,,,,,entity,Entities,,,,,,,,,,,,,,,,2026-06-01,,,,,,,,,,,,,,
world:entity:2026-05-05-fmp-technicals-abbv-daily,Entity,2026-05-05_FMP_Technicals_ABBV_daily,2026-05-05_FMP_Technicals_ABBV_daily,2026-05-05_FMP_Technicals_ABBV_daily,,,,,,,entity,Entities,,,,,,,,,,,,,,,,2026-06-01,,,,,,,,,,,,,,
world:entity:2026-05-05-fmp-technicals-acad-daily,Entity,2026-05-05_FMP_Technicals_ACAD_daily,2026-05-05_FMP_Technicals_ACAD_daily,2026-05-05_FMP_Technicals_ACAD_daily,,,,,,,entity,Entities,,,,,,,,,,,,,,,,2026-06-01,,,,,,,,,,,,,,
world:entity:2026-05-05-fmp-technicals-achr-daily,Entity,2026-05-05_FMP_Technicals_ACHR_daily,2026-05-05_FMP_Technicals_ACHR_daily,2026-05-05_FMP_Technicals_ACHR_daily,,,,,,,entity,Entities,,,,,,,,,,,,,,,,2026-06-01,,,,,,,,,,,,,,
world:entity:2026-05-05-fmp-technicals-adm-daily,Entity,2026-05-05_FMP_Technicals_ADM_daily,2026-05-05_FMP_Technicals_ADM_daily,2026-05-05_FMP_Technicals_ADM_daily,,,,,,,entity,Entities,,,,,,,,,,,,,,,,2026-06-01,,,,,,,,,,,,,,
world:entity:2026-05-05-fmp-technicals-airo-daily,Entity,2026-05-05_FMP_Technicals_AIRO_daily,2026-05-05_FMP_Technicals_AIRO_daily,2026-05-05_FMP_Technicals_AIRO_daily,,,,,,,entity,Entities,,,,,,,,,,,,,,,,2026-06-01,,,,,,,,,,,,,,
world:entity:2026-05-05-fmp-technicals-alks-daily,Entity,2026-05-05_FMP_Technicals_ALKS_daily,2026-05-05_FMP_Technicals_ALKS_daily,2026-05-05_FMP_Technicals_ALKS_daily,,,,,,,entity,Entities,,,,,,,,,,,,,,,,2026-06-01,,,,,,,,,,,,,,
world:entity:2026-05-05-fmp-technicals-alvo-daily,Entity,2026-05-05_FMP_Technicals_ALVO_daily,2026-05-05_FMP_Technicals_ALVO_daily,2026-05-05_FMP_Technicals_ALVO_daily,,,,,,,entity,Entities,,,,,,,,,,,,,,,,2026-06-01,,,,,,,,,,,,,,
world:entity:2026-05-05-fmp-technicals-amat-daily,Entity,2026-05-05_FMP_Technicals_AMAT_daily,2026-05-05_FMP_Technicals_AMAT_daily,2026-05-05_FMP_Technicals_AMAT_daily,,,,,,,entity,Entities,,,,,,,,,,,,,,,,2026-06-01,,,,,,,,,,,,,,
world:entity:2026-05-05-fmp-technicals-amgn-daily,Entity,2026-05-05_FMP_Technicals_AMGN_daily,2026-05-05_FMP_Technicals_AMGN_daily,2026-05-05_FMP_Technicals_AMGN_daily,,,,,,,entity,Entities,,,,,,,,,,,,,,,,2026-06-01,,,,,,,,,,,,,,
world:entity:2026-05-05-fmp-technicals-amsc-daily,Entity,2026-05-05_FMP_Technicals_AMSC_daily,2026-05-05_FMP_Technicals_AMSC_daily,2026-05-05_FMP_Technicals_AMSC_daily,,,,,,,entity,Entities,,,,,,,,,,,,,,,,2026-06-01,,,,,,,,,,,,,,
world:entity:2026-05-05-fmp-technicals-amzn-daily,Entity,2026-05-05_FMP_Technicals_AMZN_daily,2026-05-05_FMP_Technicals_AMZN_daily,2026-05-05_FMP_Technicals_AMZN_daily,,,,,,,entity,Entities,,,,,,,,,,,,,,,,2026-06-01,,,,,,,,,,,,,,
world:entity:2026-05-05-fmp-technicals-asts-daily,Entity,2026-05-05_FMP_Technicals_ASTS_daily,2026-05-05_FMP_Technicals_ASTS_daily,2026-05-05_FMP_Technicals_ASTS_daily,,,,,,,entity,Entities,,,,,,,,,,,,,,,,2026-06-01,,,,,,,,,,,,,,
world:entity:2026-05-05-fmp-technicals-atai-daily,Entity,2026-05-05_FMP_Technicals_ATAI_daily,2026-05-05_FMP_Technicals_ATAI_daily,2026-05-05_FMP_Technicals_ATAI_daily,,,,,,,entity,Entities,,,,,,,,,,,,,,,,2026-06-01,,,,,,,,,,,,,,
world:entity:2026-05-05-fmp-technicals-avav-daily,Entity,2026-05-05_FMP_Technicals_AVAV_daily,2026-05-05_FMP_Technicals_AVAV_daily,2026-05-05_FMP_Technicals_AVAV_daily,,,,,,,entity,Entities,,,,,,,,,,,,,,,,2026-06-01,,,,,,,,,,,,,,
world:entity:2026-05-05-fmp-technicals-bah-daily,Entity,2026-05-05_FMP_Technicals_BAH_daily,2026-05-05_FMP_Technicals_BAH_daily,2026-05-05_FMP_Technicals_BAH_daily,,,,,,,entity,Entities,,,,,,,,,,,,,,,,2026-06-01,,,,,,,,,,,,,,
world:entity:2026-05-05-fmp-technicals-bbai-daily,Entity,2026-05-05_FMP_Technicals_BBAI_daily,2026-05-05_FMP_Technicals_BBAI_daily,2026-05-05_FMP_Technicals_BBAI_daily,,,,,,,entity,Entities,,,,,,,,,,,,,,,,2026-06-01,,,,,,,,,,,,,,
world:entity:2026-05-05-fmp-technicals-beam-daily,Entity,2026-05-05_FMP_Technicals_BEAM_daily,2026-05-05_FMP_Technicals_BEAM_daily,2026-05-05_FMP_Technicals_BEAM_daily,,,,,,,entity,Entities,,,,,,,,,,,,,,,,2026-06-01,,,,,,,,,,,,,,
world:entity:2026-05-05-fmp-technicals-bg-daily,Entity,2026-05-05_FMP_Technicals_BG_daily,2026-05-05_FMP_Technicals_BG_daily,2026-05-05_FMP_Technicals_BG_daily,,,,,,,entity,Entities,,,,,,,,,,,,,,,,2026-06-01,,,,,,,,,,,,,,
world:entity:2026-05-05-fmp-technicals-biib-daily,Entity,2026-05-05_FMP_Technicals_BIIB_daily,2026-05-05_FMP_Technicals_BIIB_daily,2026-05-05_FMP_Technicals_BIIB_daily,,,,,,,entity,Entities,,,,,,,,,,,,,,,,2026-06-01,,,,,,,,,,,,,,
world:entity:2026-05-05-fmp-technicals-bksy-daily,Entity,2026-05-05_FMP_Technicals_BKSY_daily,2026-05-05_FMP_Technicals_BKSY_daily,2026-05-05_FMP_Technicals_BKSY_daily,,,,,,,entity,Entities,,,,,,,,,,,,,,,,2026-06-01,,,,,,,,,,,,,,
world:entity:2026-05-05-fmp-technicals-brbr-daily,Entity,2026-05-05_FMP_Technicals_BRBR_daily,2026-05-05_FMP_Technicals_BRBR_daily,2026-05-05_FMP_Technicals_BRBR_daily,,,,,,,entity,Entities,,,,,,,,,,,,,,,,2026-06-01,,,,,,,,,,,,,,
world:entity:2026-05-05-fmp-technicals-bw-daily,Entity,2026-05-05_FMP_Technicals_BW_daily,2026-05-05_FMP_Technicals_BW_daily,2026-05-05_FMP_Technicals_BW_daily,,,,,,,entity,Entities,,,,,,,,,,,,,,,,2026-06-01,,,,,,,,,,,,,,
world:entity:2026-05-05-fmp-technicals-bynd-daily,Entity,2026-05-05_FMP_Technicals_BYND_daily,2026-05-05_FMP_Technicals_BYND_daily,2026-05-05_FMP_Technicals_BYND_daily,,,,,,,entity,Entities,,,,,,,,,,,,,,,,2026-06-01,,,,,,,,,,,,,,
world:entity:2026-05-05-fmp-technicals-caci-daily,Entity,2026-05-05_FMP_Technicals_CACI_daily,2026-05-05_FMP_Technicals_CACI_daily,2026-05-05_FMP_Technicals_CACI_daily,,,,,,,entity,Entities,,,,,,,,,,,,,,,,2026-06-01,,,,,,,,,,,,,,
world:entity:2026-05-05-fmp-technicals-ccj-daily,Entity,2026-05-05_FMP_Technicals_CCJ_daily,2026-05-05_FMP_Technicals_CCJ_daily,2026-05-05_FMP_Technicals_CCJ_daily,,,,,,,entity,Entities,,,,,,,,,,,,,,,,2026-06-01,,,,,,,,,,,,,,
world:entity:2026-05-05-fmp-technicals-ceg-daily,Entity,2026-05-05_FMP_Technicals_CEG_daily,2026-05-05_FMP_Technicals_CEG_daily,2026-05-05_FMP_Technicals_CEG_daily,,,,,,,entity,Entities,,,,,,,,,,,,,,,,2026-06-01,,,,,,,,,,,,,,
world:entity:2026-05-05-fmp-technicals-cmps-daily,Entity,2026-05-05_FMP_Technicals_CMPS_daily,2026-05-05_FMP_Technicals_CMPS_daily,2026-05-05_FMP_Technicals_CMPS_daily,,,,,,,entity,Entities,,,,,,,,,,,,,,,,2026-06-01,,,,,,,,,,,,,,
world:entity:2026-05-05-fmp-technicals-coin-daily,Entity,2026-05-05_FMP_Technicals_COIN_daily,2026-05-05_FMP_Technicals_COIN_daily,2026-05-05_FMP_Technicals_COIN_daily,,,,,,,entity,Entities,,,,,,,,,,,,,,,,2026-06-01,,,,,,,,,,,,,,
world:entity:2026-05-05-fmp-technicals-crsp-daily,Entity,2026-05-05_FMP_Technicals_CRSP_daily,2026-05-05_FMP_Technicals_CRSP_daily,2026-05-05_FMP_Technicals_CRSP_daily,,,,,,,entity,Entities,,,,,,,,,,,,,,,,2026-06-01,,,,,,,,,,,,,,
world:entity:2026-05-05-fmp-technicals-ctva-daily,Entity,2026-05-05_FMP_Technicals_CTVA_daily,2026-05-05_FMP_Technicals_CTVA_daily,2026-05-05_FMP_Technicals_CTVA_daily,,,,,,,entity,Entities,,,,,,,,,,,,,,,,2026-06-01,,,,,,,,,,,,,,
world:entity:2026-05-05-fmp-technicals-dftx-daily,Entity,2026-05-05_FMP_Technicals_DFTX_daily,2026-05-05_FMP_Technicals_DFTX_daily,2026-05-05_FMP_Technicals_DFTX_daily,,,,,,,entity,Entities,,,,,,,,,,,,,,,,2026-06-01,,,,,,,,,,,,,,
world:entity:2026-05-05-fmp-technicals-dhi-daily,Entity,2026-05-05_FMP_Technicals_DHI_daily,2026-05-05_FMP_Technicals_DHI_daily,2026-05-05_FMP_Technicals_DHI_daily,,,,,,,entity,Entities,,,,,,,,,,,,,,,,2026-06-01,,,,,,,,,,,,,,
world:entity:2026-05-05-fmp-technicals-dna-daily,Entity,2026-05-05_FMP_Technicals_DNA_daily,2026-05-05_FMP_Technicals_DNA_daily,2026-05-05_FMP_Technicals_DNA_daily,,,,,,,entity,Entities,,,,,,,,,,,,,,,,2026-06-01,,,,,,,,,,,,,,
world:entity:2026-05-05-fmp-technicals-dpro-daily,Entity,2026-05-05_FMP_Technicals_DPRO_daily,2026-05-05_FMP_Technicals_DPRO_daily,2026-05-05_FMP_Technicals_DPRO_daily,,,,,,,entity,Entities,,,,,,,,,,,,,,,,2026-06-01,,,,,,,,,,,,,,
world:entity:2026-05-05-fmp-technicals-ecpg-daily,Entity,2026-05-05_FMP_Technicals_ECPG_daily,2026-05-05_FMP_Technicals_ECPG_daily,2026-05-05_FMP_Technicals_ECPG_daily,,,,,,,entity,Entities,,,,,,,,,,,,,,,,2026-06-01,,,,,,,,,,,,,,
world:entity:2026-05-05-fmp-technicals-edit-daily,Entity,2026-05-05_FMP_Technicals_EDIT_daily,2026-05-05_FMP_Technicals_EDIT_daily,2026-05-05_FMP_Technicals_EDIT_daily,,,,,,,entity,Entities,,,,,,,,,,,,,,,,2026-06-01,,,,,,,,,,,,,,
world:entity:2026-05-05-fmp-technicals-eh-daily,Entity,2026-05-05_FMP_Technicals_EH_daily,2026-05-05_FMP_Technicals_EH_daily,2026-05-05_FMP_Technicals_EH_daily,,,,,,,entity,Entities,,,,,,,,,,,,,,,,2026-06-01,,,,,,,,,,,,,,
world:entity:2026-05-05-fmp-technicals-envx-daily,Entity,2026-05-05_FMP_Technicals_ENVX_daily,2026-05-05_FMP_Technicals_ENVX_daily,2026-05-05_FMP_Technicals_ENVX_daily,,,,,,,entity,Entities,,,,,,,,,,,,,,,,2026-06-01,,,,,,,,,,,,,,
world:entity:2026-05-05-fmp-technicals-eslt-daily,Entity,2026-05-05_FMP_Technicals_ESLT_daily,2026-05-05_FMP_Technicals_ESLT_daily,2026-05-05_FMP_Technicals_ESLT_daily,,,,,,,entity,Entities,,,,,,,,,,,,,,,,2026-06-01,,,,,,,,,,,,,,
world:entity:2026-05-05-fmp-technicals-etn-daily,Entity,2026-05-05_FMP_Technicals_ETN_daily,2026-05-05_FMP_Technicals_ETN_daily,2026-05-05_FMP_Technicals_ETN_daily,,,,,,,entity,Entities,,,,,,,,,,,,,,,,2026-06-01,,,,,,,,,,,,,,
world:entity:2026-05-05-fmp-technicals-evtl-daily,Entity,2026-05-05_FMP_Technicals_EVTL_daily,2026-05-05_FMP_Technicals_EVTL_daily,2026-05-05_FMP_Technicals_EVTL_daily,,,,,,,entity,Entities,,,,,,,,,,,,,,,,2026-06-01,,,,,,,,,,,,,,
world:entity:2026-05-05-fmp-technicals-flnc-daily,Entity,2026-05-05_FMP_Technicals_FLNC_daily,2026-05-05_FMP_Technicals_FLNC_daily,2026-05-05_FMP_Technicals_FLNC_daily,,,,,,,entity,Entities,,,,,,,,,,,,,,,,2026-06-01,,,,,,,,,,,,,,
world:entity:2026-05-05-fmp-technicals-fmc-daily,Entity,2026-05-05_FMP_Technicals_FMC_daily,2026-05-05_FMP_Technicals_FMC_daily,2026-05-05_FMP_Technicals_FMC_daily,,,,,,,entity,Entities,,,,,,,,,,,,,,,,2026-06-01,,,,,,,,,,,,,,
world:entity:2026-05-05-fmp-technicals-gd-daily,Entity,2026-05-05_FMP_Technicals_GD_daily,2026-05-05_FMP_Technicals_GD_daily,2026-05-05_FMP_Technicals_GD_daily,,,,,,,entity,Entities,,,,,,,,,,,,,,,,2026-06-01,,,,,,,,,,,,,,
world:entity:2026-05-05-fmp-technicals-gev-daily,Entity,2026-05-05_FMP_Technicals_GEV_daily,2026-05-05_FMP_Technicals_GEV_daily,2026-05-05_FMP_Technicals_GEV_daily,,,,,,,entity,Entities,,,,,,,,,,,,,,,,2026-06-01,,,,,,,,,,,,,,
world:entity:2026-05-05-fmp-technicals-ghrs-daily,Entity,2026-05-05_FMP_Technicals_GHRS_daily,2026-05-05_FMP_Technicals_GHRS_daily,2026-05-05_FMP_Technicals_GHRS_daily,,,,,,,entity,Entities,,,,,,,,,,,,,,,,2026-06-01,,,,,,,,,,,,,,
world:entity:2026-05-05-fmp-technicals-gold-daily,Entity,2026-05-05_FMP_Technicals_GOLD_daily,2026-05-05_FMP_Technicals_GOLD_daily,2026-05-05_FMP_Technicals_GOLD_daily,,,,,,,entity,Entities,,,,,,,,,,,,,,,,2026-06-01,,,,,,,,,,,,,,
world:entity:2026-05-05-fmp-technicals-googl-daily,Entity,2026-05-05_FMP_Technicals_GOOGL_daily,2026-05-05_FMP_Technicals_GOOGL_daily,2026-05-05_FMP_Technicals_GOOGL_daily,,,,,,,entity,Entities,,,,,,,,,,,,,,,,2026-06-01,,,,,,,,,,,,,,
world:entity:2026-05-05-fmp-technicals-help-daily,Entity,2026-05-05_FMP_Technicals_HELP_daily,2026-05-05_FMP_Technicals_HELP_daily,2026-05-05_FMP_Technicals_HELP_daily,,,,,,,entity,Entities,,,,,,,,,,,,,,,,2026-06-01,,,,,,,,,,,,,,
world:entity:2026-05-05-fmp-technicals-hims-daily,Entity,2026-05-05_FMP_Technicals_HIMS_daily,2026-05-05_FMP_Technicals_HIMS_daily,2026-05-05_FMP_Technicals_HIMS_daily,,,,,,,entity,Entities,,,,,,,,,,,,,,,,2026-06-01,,,,,,,,,,,,,,
world:entity:2026-05-05-fmp-technicals-hovr-daily,Entity,2026-05-05_FMP_Technicals_HOVR_daily,2026-05-05_FMP_Technicals_HOVR_daily,2026-05-05_FMP_Technicals_HOVR_daily,,,,,,,entity,Entities,,,,,,,,,,,,,,,,2026-06-01,,,,,,,,,,,,,,
world:entity:2026-05-05-fmp-technicals-hubb-daily,Entity,2026-05-05_FMP_Technicals_HUBB_daily,2026-05-05_FMP_Technicals_HUBB_daily,2026-05-05_FMP_Technicals_HUBB_daily,,,,,,,entity,Entities,,,,,,,,,,,,,,,,2026-06-01,,,,,,,,,,,,,,
world:entity:2026-05-05-fmp-technicals-iff-daily,Entity,2026-05-05_FMP_Technicals_IFF_daily,2026-05-05_FMP_Technicals_IFF_daily,2026-05-05_FMP_Technicals_IFF_daily,,,,,,,entity,Entities,,,,,,,,,,,,,,,,2026-06-01,,,,,,,,,,,,,,
world:entity:2026-05-05-fmp-technicals-iipr-daily,Entity,2026-05-05_FMP_Technicals_IIPR_daily,2026-05-05_FMP_Technicals_IIPR_daily,2026-05-05_FMP_Technicals_IIPR_daily,,,,,,,entity,Entities,,,,,,,,,,,,,,,,2026-06-01,,,,,,,,,,,,,,
world:entity:2026-05-05-fmp-technicals-inva-daily,Entity,2026-05-05_FMP_Technicals_INVA_daily,2026-05-05_FMP_Technicals_INVA_daily,2026-05-05_FMP_Technicals_INVA_daily,,,,,,,entity,Entities,,,,,,,,,,,,,,,,2026-06-01,,,,,,,,,,,,,,
world:entity:2026-05-05-fmp-technicals-ionq-daily,Entity,2026-05-05_FMP_Technicals_IONQ_daily,2026-05-05_FMP_Technicals_IONQ_daily,2026-05-05_FMP_Technicals_IONQ_daily,,,,,,,entity,Entities,,,,,,,,,,,,,,,,2026-06-01,,,,,,,,,,,,,,
world:entity:2026-05-05-fmp-technicals-jnj-daily,Entity,2026-05-05_FMP_Technicals_JNJ_daily,2026-05-05_FMP_Technicals_JNJ_daily,2026-05-05_FMP_Technicals_JNJ_daily,,,,,,,entity,Entities,,,,,,,,,,,,,,,,2026-06-01,,,,,,,,,,,,,,
world:entity:2026-05-05-fmp-technicals-joby-daily,Entity,2026-05-05_FMP_Technicals_JOBY_daily,2026-05-05_FMP_Technicals_JOBY_daily,2026-05-05_FMP_Technicals_JOBY_daily,,,,,,,entity,Entities,,,,,,,,,,,,,,,,2026-06-01,,,,,,,,,,,,,,
world:entity:2026-05-05-fmp-technicals-klac-daily,Entity,2026-05-05_FMP_Technicals_KLAC_daily,2026-05-05_FMP_Technicals_KLAC_daily,2026-05-05_FMP_Technicals_KLAC_daily,,,,,,,entity,Entities,,,,,,,,,,,,,,,,2026-06-01,,,,,,,,,,,,,,
world:entity:2026-05-05-fmp-technicals-ktos-daily,Entity,2026-05-05_FMP_Technicals_KTOS_daily,2026-05-05_FMP_Technicals_KTOS_daily,2026-05-05_FMP_Technicals_KTOS_daily,,,,,,,entity,Entities,,,,,,,,,,,,,,,,2026-06-01,,,,,,,,,,,,,,
world:entity:2026-05-05-fmp-technicals-ldos-daily,Entity,2026-05-05_FMP_Technicals_LDOS_daily,2026-05-05_FMP_Technicals_LDOS_daily,2026-05-05_FMP_Technicals_LDOS_daily,,,,,,,entity,Entities,,,,,,,,,,,,,,,,2026-06-01,,,,,,,,,,,,,,
world:entity:2026-05-05-fmp-technicals-len-daily,Entity,2026-05-05_FMP_Technicals_LEN_daily,2026-05-05_FMP_Technicals_LEN_daily,2026-05-05_FMP_Technicals_LEN_daily,,,,,,,entity,Entities,,,,,,,,,,,,,,,,2026-06-01,,,,,,,,,,,,,,
world:entity:2026-05-05-fmp-technicals-lhx-daily,Entity,2026-05-05_FMP_Technicals_LHX_daily,2026-05-05_FMP_Technicals_LHX_daily,2026-05-05_FMP_Technicals_LHX_daily,,,,,,,entity,Entities,,,,,,,,,,,,,,,,2026-06-01,,,,,,,,,,,,,,
world:entity:2026-05-05-fmp-technicals-lly-daily,Entity,2026-05-05_FMP_Technicals_LLY_daily,2026-05-05_FMP_Technicals_LLY_daily,2026-05-05_FMP_Technicals_LLY_daily,,,,,,,entity,Entities,,,,,,,,,,,,,,,,2026-06-01,,,,,,,,,,,,,,
world:entity:2026-05-05-fmp-technicals-lmt-daily,Entity,2026-05-05_FMP_Technicals_LMT_daily,2026-05-05_FMP_Technicals_LMT_daily,2026-05-05_FMP_Technicals_LMT_daily,,,,,,,entity,Entities,,,,,,,,,,,,,,,,2026-06-01,,,,,,,,,,,,,,
world:entity:2026-05-05-fmp-technicals-lrcx-daily,Entity,2026-05-05_FMP_Technicals_LRCX_daily,2026-05-05_FMP_Technicals_LRCX_daily,2026-05-05_FMP_Technicals_LRCX_daily,,,,,,,entity,Entities,,,,,,,,,,,,,,,,2026-06-01,,,,,,,,,,,,,,
world:entity:2026-05-05-fmp-technicals-mnts-daily,Entity,2026-05-05_FMP_Technicals_MNTS_daily,2026-05-05_FMP_Technicals_MNTS_daily,2026-05-05_FMP_Technicals_MNTS_daily,,,,,,,entity,Entities,,,,,,,,,,,,,,,,2026-06-01,,,,,,,,,,,,,,
world:entity:2026-05-05-fmp-technicals-mrk-daily,Entity,2026-05-05_FMP_Technicals_MRK_daily,2026-05-05_FMP_Technicals_MRK_daily,2026-05-05_FMP_Technicals_MRK_daily,,,,,,,entity,Entities,,,,,,,,,,,,,,,,2026-06-01,,,,,,,,,,,,,,
world:entity:2026-05-05-fmp-technicals-msft-daily,Entity,2026-05-05_FMP_Technicals_MSFT_daily,2026-05-05_FMP_Technicals_MSFT_daily,2026-05-05_FMP_Technicals_MSFT_daily,,,,,,,entity,Entities,,,,,,,,,,,,,,,,2026-06-01,,,,,,,,,,,,,,
world:entity:2026-05-05-fmp-technicals-mstr-daily,Entity,2026-05-05_FMP_Technicals_MSTR_daily,2026-05-05_FMP_Technicals_MSTR_daily,2026-05-05_FMP_Technicals_MSTR_daily,,,,,,,entity,Entities,,,,,,,,,,,,,,,,2026-06-01,,,,,,,,,,,,,,
world:entity:2026-05-05-fmp-technicals-mtz-daily,Entity,2026-05-05_FMP_Technicals_MTZ_daily,2026-05-05_FMP_Technicals_MTZ_daily,2026-05-05_FMP_Technicals_MTZ_daily,,,,,,,entity,Entities,,,,,,,,,,,,,,,,2026-06-01,,,,,,,,,,,,,,
world:entity:2026-05-05-fmp-technicals-myrg-daily,Entity,2026-05-05_FMP_Technicals_MYRG_daily,2026-05-05_FMP_Technicals_MYRG_daily,2026-05-05_FMP_Technicals_MYRG_daily,,,,,,,entity,Entities,,,,,,,,,,,,,,,,2026-06-01,,,,,,,,,,,,,,
world:entity:2026-05-05-fmp-technicals-nbix-daily,Entity,2026-05-05_FMP_Technicals_NBIX_daily,2026-05-05_FMP_Technicals_NBIX_daily,2026-05-05_FMP_Technicals_NBIX_daily,,,,,,,entity,Entities,,,,,,,,,,,,,,,,2026-06-01,,,,,,,,,,,,,,
world:entity:2026-05-05-fmp-technicals-nem-daily,Entity,2026-05-05_FMP_Technicals_NEM_daily,2026-05-05_FMP_Technicals_NEM_daily,2026-05-05_FMP_Technicals_NEM_daily,,,,,,,entity,Entities,,,,,,,,,,,,,,,,2026-06-01,,,,,,,,,,,,,,
world:entity:2026-05-05-fmp-technicals-nktr-daily,Entity,2026-05-05_FMP_Technicals_NKTR_daily,2026-05-05_FMP_Technicals_NKTR_daily,2026-05-05_FMP_Technicals_NKTR_daily,,,,,,,entity,Entities,,,,,,,,,,,,,,,,2026-06-01,,,,,,,,,,,,,,
world:entity:2026-05-05-fmp-technicals-nne-daily,Entity,2026-05-05_FMP_Technicals_NNE_daily,2026-05-05_FMP_Technicals_NNE_daily,2026-05-05_FMP_Technicals_NNE_daily,,,,,,,entity,Entities,,,,,,,,,,,,,,,,2026-06-01,,,,,,,,,,,,,,
world:entity:2026-05-05-fmp-technicals-noc-daily,Entity,2026-05-05_FMP_Technicals_NOC_daily,2026-05-05_FMP_Technicals_NOC_daily,2026-05-05_FMP_Technicals_NOC_daily,,,,,,,entity,Entities,,,,,,,,,,,,,,,,2026-06-01,,,,,,,,,,,,,,
world:entity:2026-05-05-fmp-technicals-nrg-daily,Entity,2026-05-05_FMP_Technicals_NRG_daily,2026-05-05_FMP_Technicals_NRG_daily,2026-05-05_FMP_Technicals_NRG_daily,,,,,,,entity,Entities,,,,,,,,,,,,,,,,2026-06-01,,,,,,,,,,,,,,
world:entity:2026-05-05-fmp-technicals-ntla-daily,Entity,2026-05-05_FMP_Technicals_NTLA_daily,2026-05-05_FMP_Technicals_NTLA_daily,2026-05-05_FMP_Technicals_NTLA_daily,,,,,,,entity,Entities,,,,,,,,,,,,,,,,2026-06-01,,,,,,,,,,,,,,
world:entity:2026-05-05-fmp-technicals-nvda-daily,Entity,2026-05-05_FMP_Technicals_NVDA_daily,2026-05-05_FMP_Technicals_NVDA_daily,2026-05-05_FMP_Technicals_NVDA_daily,,,,,,,entity,Entities,,,,,,,,,,,,,,,,2026-06-01,,,,,,,,,,,,,,
world:entity:2026-05-05-fmp-technicals-nvr-daily,Entity,2026-05-05_FMP_Technicals_NVR_daily,2026-05-05_FMP_Technicals_NVR_daily,2026-05-05_FMP_Technicals_NVR_daily,,,,,,,entity,Entities,,,,,,,,,,,,,,,,2026-06-01,,,,,,,,,,,,,,
world:entity:2026-05-05-fmp-technicals-oklo-daily,Entity,2026-05-05_FMP_Technicals_OKLO_daily,2026-05-05_FMP_Technicals_OKLO_daily,2026-05-05_FMP_Technicals_OKLO_daily,,,,,,,entity,Entities,,,,,,,,,,,,,,,,2026-06-01,,,,,,,,,,,,,,
world:entity:2026-05-05-fmp-technicals-on-daily,Entity,2026-05-05_FMP_Technicals_ON_daily,2026-05-05_FMP_Technicals_ON_daily,2026-05-05_FMP_Technicals_ON_daily,,,,,,,entity,Entities,,,,,,,,,,,,,,,,2026-06-01,,,,,,,,,,,,,,
world:entity:2026-05-05-fmp-technicals-onds-daily,Entity,2026-05-05_FMP_Technicals_ONDS_daily,2026-05-05_FMP_Technicals_ONDS_daily,2026-05-05_FMP_Technicals_ONDS_daily,,,,,,,entity,Entities,,,,,,,,,,,,,,,,2026-06-01,,,,,,,,,,,,,,
world:entity:2026-05-05-fmp-technicals-onto-daily,Entity,2026-05-05_FMP_Technicals_ONTO_daily,2026-05-05_FMP_Technicals_ONTO_daily,2026-05-05_FMP_Technicals_ONTO_daily,,,,,,,entity,Entities,,,,,,,,,,,,,,,,2026-06-01,,,,,,,,,,,,,,
world:entity:2026-05-05-fmp-technicals-pdfs-daily,Entity,2026-05-05_FMP_Technicals_PDFS_daily,2026-05-05_FMP_Technicals_PDFS_daily,2026-05-05_FMP_Technicals_PDFS_daily,,,,,,,entity,Entities,,,,,,,,,,,,,,,,2026-06-01,,,,,,,,,,,,,,
world:entity:2026-05-05-fmp-technicals-pfe-daily,Entity,2026-05-05_FMP_Technicals_PFE_daily,2026-05-05_FMP_Technicals_PFE_daily,2026-05-05_FMP_Technicals_PFE_daily,,,,,,,entity,Entities,,,,,,,,,,,,,,,,2026-06-01,,,,,,,,,,,,,,
world:entity:2026-05-05-fmp-technicals-pl-daily,Entity,2026-05-05_FMP_Technicals_PL_daily,2026-05-05_FMP_Technicals_PL_daily,2026-05-05_FMP_Technicals_PL_daily,,,,,,,entity,Entities,,,,,,,,,,,,,,,,2026-06-01,,,,,,,,,,,,,,
world:entity:2026-05-05-fmp-technicals-pltr-daily,Entity,2026-05-05_FMP_Technicals_PLTR_daily,2026-05-05_FMP_Technicals_PLTR_daily,2026-05-05_FMP_Technicals_PLTR_daily,,,,,,,entity,Entities,,,,,,,,,,,,,,,,2026-06-01,,,,,,,,,,,,,,
world:entity:2026-05-05-fmp-technicals-powl-daily,Entity,2026-05-05_FMP_Technicals_POWL_daily,2026-05-05_FMP_Technicals_POWL_daily,2026-05-05_FMP_Technicals_POWL_daily,,,,,,,entity,Entities,,,,,,,,,,,,,,,,2026-06-01,,,,,,,,,,,,,,
world:entity:2026-05-05-fmp-technicals-ppih-daily,Entity,2026-05-05_FMP_Technicals_PPIH_daily,2026-05-05_FMP_Technicals_PPIH_daily,2026-05-05_FMP_Technicals_PPIH_daily,,,,,,,entity,Entities,,,,,,,,,,,,,,,,2026-06-01,,,,,,,,,,,,,,
world:entity:2026-05-05-fmp-technicals-prks-daily,Entity,2026-05-05_FMP_Technicals_PRKS_daily,2026-05-05_FMP_Technicals_PRKS_daily,2026-05-05_FMP_Technicals_PRKS_daily,,,,,,,entity,Entities,,,,,,,,,,,,,,,,2026-06-01,,,,,,,,,,,,,,
world:entity:2026-05-05-fmp-technicals-prta-daily,Entity,2026-05-05_FMP_Technicals_PRTA_daily,2026-05-05_FMP_Technicals_PRTA_daily,2026-05-05_FMP_Technicals_PRTA_daily,,,,,,,entity,Entities,,,,,,,,,,,,,,,,2026-06-01,,,,,,,,,,,,,,
world:entity:2026-05-05-fmp-technicals-psil-daily,Entity,2026-05-05_FMP_Technicals_PSIL_daily,2026-05-05_FMP_Technicals_PSIL_daily,2026-05-05_FMP_Technicals_PSIL_daily,,,,,,,entity,Entities,,,,,,,,,,,,,,,,2026-06-01,,,,,,,,,,,,,,
world:entity:2026-05-05-fmp-technicals-pwr-daily,Entity,2026-05-05_FMP_Technicals_PWR_daily,2026-05-05_FMP_Technicals_PWR_daily,2026-05-05_FMP_Technicals_PWR_daily,,,,,,,entity,Entities,,,,,,,,,,,,,,,,2026-06-01,,,,,,,,,,,,,,
world:entity:2026-05-05-fmp-technicals-qubt-daily,Entity,2026-05-05_FMP_Technicals_QUBT_daily,2026-05-05_FMP_Technicals_QUBT_daily,2026-05-05_FMP_Technicals_QUBT_daily,,,,,,,entity,Entities,,,,,,,,,,,,,,,,2026-06-01,,,,,,,,,,,,,,
world:entity:2026-05-05-fmp-technicals-rcat-daily,Entity,2026-05-05_FMP_Technicals_RCAT_daily,2026-05-05_FMP_Technicals_RCAT_daily,2026-05-05_FMP_Technicals_RCAT_daily,,,,,,,entity,Entities,,,,,,,,,,,,,,,,2026-06-01,,,,,,,,,,,,,,
world:entity:2026-05-05-fmp-technicals-rgti-daily,Entity,2026-05-05_FMP_Technicals_RGTI_daily,2026-05-05_FMP_Technicals_RGTI_daily,2026-05-05_FMP_Technicals_RGTI_daily,,,,,,,entity,Entities,,,,,,,,,,,,,,,,2026-06-01,,,,,,,,,,,,,,
world:entity:2026-05-05-fmp-technicals-rklb-daily,Entity,2026-05-05_FMP_Technicals_RKLB_daily,2026-05-05_FMP_Technicals_RKLB_daily,2026-05-05_FMP_Technicals_RKLB_daily,,,,,,,entity,Entities,,,,,,,,,,,,,,,,2026-06-01,,,,,,,,,,,,,,
world:entity:2026-05-05-fmp-technicals-rprx-daily,Entity,2026-05-05_FMP_Technicals_RPRX_daily,2026-05-05_FMP_Technicals_RPRX_daily,2026-05-05_FMP_Technicals_RPRX_daily,,,,,,,entity,Entities,,,,,,,,,,,,,,,,2026-06-01,,,,,,,,,,,,,,
world:entity:2026-05-05-fmp-technicals-rtx-daily,Entity,2026-05-05_FMP_Technicals_RTX_daily,2026-05-05_FMP_Technicals_RTX_daily,2026-05-05_FMP_Technicals_RTX_daily,,,,,,,entity,Entities,,,,,,,,,,,,,,,,2026-06-01,,,,,,,,,,,,,,
world:entity:2026-05-05-fmp-technicals-saic-daily,Entity,2026-05-05_FMP_Technicals_SAIC_daily,2026-05-05_FMP_Technicals_SAIC_daily,2026-05-05_FMP_Technicals_SAIC_daily,,,,,,,entity,Entities,,,,,,,,,,,,,,,,2026-06-01,,,,,,,,,,,,,,
world:entity:2026-05-05-fmp-technicals-sky-daily,Entity,2026-05-05_FMP_Technicals_SKY_daily,2026-05-05_FMP_Technicals_SKY_daily,2026-05-05_FMP_Technicals_SKY_daily,,,,,,,entity,Entities,,,,,,,,,,,,,,,,2026-06-01,,,,,,,,,,,,,,
world:entity:2026-05-05-fmp-technicals-smr-daily,Entity,2026-05-05_FMP_Technicals_SMR_daily,2026-05-05_FMP_Technicals_SMR_daily,2026-05-05_FMP_Technicals_SMR_daily,,,,,,,entity,Entities,,,,,,,,,,,,,,,,2026-06-01,,,,,,,,,,,,,,
world:entity:2026-05-05-fmp-technicals-spir-daily,Entity,2026-05-05_FMP_Technicals_SPIR_daily,2026-05-05_FMP_Technicals_SPIR_daily,2026-05-05_FMP_Technicals_SPIR_daily,,,,,,,entity,Entities,,,,,,,,,,,,,,,,2026-06-01,,,,,,,,,,,,,,
world:entity:2026-05-05-fmp-technicals-spro-daily,Entity,2026-05-05_FMP_Technicals_SPRO_daily,2026-05-05_FMP_Technicals_SPRO_daily,2026-05-05_FMP_Technicals_SPRO_daily,,,,,,,entity,Entities,,,,,,,,,,,,,,,,2026-06-01,,,,,,,,,,,,,,
world:entity:2026-05-05-fmp-technicals-stem-daily,Entity,2026-05-05_FMP_Technicals_STEM_daily,2026-05-05_FMP_Technicals_STEM_daily,2026-05-05_FMP_Technicals_STEM_daily,,,,,,,entity,Entities,,,,,,,,,,,,,,,,2026-06-01,,,,,,,,,,,,,,
world:entity:2026-05-05-fmp-technicals-strl-daily,Entity,2026-05-05_FMP_Technicals_STRL_daily,2026-05-05_FMP_Technicals_STRL_daily,2026-05-05_FMP_Technicals_STRL_daily,,,,,,,entity,Entities,,,,,,,,,,,,,,,,2026-06-01,,,,,,,,,,,,,,
world:entity:2026-05-05-fmp-technicals-tdy-daily,Entity,2026-05-05_FMP_Technicals_TDY_daily,2026-05-05_FMP_Technicals_TDY_daily,2026-05-05_FMP_Technicals_TDY_daily,,,,,,,entity,Entities,,,,,,,,,,,,,,,,2026-06-01,,,,,,,,,,,,,,
world:entity:2026-05-05-fmp-technicals-tmhc-daily,Entity,2026-05-05_FMP_Technicals_TMHC_daily,2026-05-05_FMP_Technicals_TMHC_daily,2026-05-05_FMP_Technicals_TMHC_daily,,,,,,,entity,Entities,,,,,,,,,,,,,,,,2026-06-01,,,,,,,,,,,,,,
world:entity:2026-05-05-fmp-technicals-tmo-daily,Entity,2026-05-05_FMP_Technicals_TMO_daily,2026-05-05_FMP_Technicals_TMO_daily,2026-05-05_FMP_Technicals_TMO_daily,,,,,,,entity,Entities,,,,,,,,,,,,,,,,2026-06-01,,,,,,,,,,,,,,
world:entity:2026-05-05-fmp-technicals-tnc-daily,Entity,2026-05-05_FMP_Technicals_TNC_daily,2026-05-05_FMP_Technicals_TNC_daily,2026-05-05_FMP_Technicals_TNC_daily,,,,,,,entity,Entities,,,,,,,,,,,,,,,,2026-06-01,,,,,,,,,,,,,,
world:entity:2026-05-05-fmp-technicals-tol-daily,Entity,2026-05-05_FMP_Technicals_TOL_daily,2026-05-05_FMP_Technicals_TOL_daily,2026-05-05_FMP_Technicals_TOL_daily,,,,,,,entity,Entities,,,,,,,,,,,,,,,,2026-06-01,,,,,,,,,,,,,,
world:entity:2026-05-05-fmp-technicals-tsla-daily,Entity,2026-05-05_FMP_Technicals_TSLA_daily,2026-05-05_FMP_Technicals_TSLA_daily,2026-05-05_FMP_Technicals_TSLA_daily,,,,,,,entity,Entities,,,,,,,,,,,,,,,,2026-06-01,,,,,,,,,,,,,,
world:entity:2026-05-05-fmp-technicals-tsn-daily,Entity,2026-05-05_FMP_Technicals_TSN_daily,2026-05-05_FMP_Technicals_TSN_daily,2026-05-05_FMP_Technicals_TSN_daily,,,,,,,entity,Entities,,,,,,,,,,,,,,,,2026-06-01,,,,,,,,,,,,,,
world:entity:2026-05-05-fmp-technicals-twst-daily,Entity,2026-05-05_FMP_Technicals_TWST_daily,2026-05-05_FMP_Technicals_TWST_daily,2026-05-05_FMP_Technicals_TWST_daily,,,,,,,entity,Entities,,,,,,,,,,,,,,,,2026-06-01,,,,,,,,,,,,,,
world:entity:2026-05-05-fmp-technicals-txt-daily,Entity,2026-05-05_FMP_Technicals_TXT_daily,2026-05-05_FMP_Technicals_TXT_daily,2026-05-05_FMP_Technicals_TXT_daily,,,,,,,entity,Entities,,,,,,,,,,,,,,,,2026-06-01,,,,,,,,,,,,,,
world:entity:2026-05-05-fmp-technicals-ufpt-daily,Entity,2026-05-05_FMP_Technicals_UFPT_daily,2026-05-05_FMP_Technicals_UFPT_daily,2026-05-05_FMP_Technicals_UFPT_daily,,,,,,,entity,Entities,,,,,,,,,,,,,,,,2026-06-01,,,,,,,,,,,,,,
world:entity:2026-05-05-fmp-technicals-umac-daily,Entity,2026-05-05_FMP_Technicals_UMAC_daily,2026-05-05_FMP_Technicals_UMAC_daily,2026-05-05_FMP_Technicals_UMAC_daily,,,,,,,entity,Entities,,,,,,,,,,,,,,,,2026-06-01,,,,,,,,,,,,,,
world:entity:2026-05-05-fmp-technicals-unty-daily,Entity,2026-05-05_FMP_Technicals_UNTY_daily,2026-05-05_FMP_Technicals_UNTY_daily,2026-05-05_FMP_Technicals_UNTY_daily,,,,,,,entity,Entities,,,,,,,,,,,,,,,,2026-06-01,,,,,,,,,,,,,,
world:entity:2026-05-05-fmp-technicals-vktx-daily,Entity,2026-05-05_FMP_Technicals_VKTX_daily,2026-05-05_FMP_Technicals_VKTX_daily,2026-05-05_FMP_Technicals_VKTX_daily,,,,,,,entity,Entities,,,,,,,,,,,,,,,,2026-06-01,,,,,,,,,,,,,,
world:entity:2026-05-05-fmp-technicals-vst-daily,Entity,2026-05-05_FMP_Technicals_VST_daily,2026-05-05_FMP_Technicals_VST_daily,2026-05-05_FMP_Technicals_VST_daily,,,,,,,entity,Entities,,,,,,,,,,,,,,,,2026-06-01,,,,,,,,,,,,,,
world:entity:2026-05-05-fmp-technicals-wcc-daily,Entity,2026-05-05_FMP_Technicals_WCC_daily,2026-05-05_FMP_Technicals_WCC_daily,2026-05-05_FMP_Technicals_WCC_daily,,,,,,,entity,Entities,,,,,,,,,,,,,,,,2026-06-01,,,,,,,,,,,,,,
world:entity:2026-05-05-fmp-technicals-wolf-daily,Entity,2026-05-05_FMP_Technicals_WOLF_daily,2026-05-05_FMP_Technicals_WOLF_daily,2026-05-05_FMP_Technicals_WOLF_daily,,,,,,,entity,Entities,,,,,,,,,,,,,,,,2026-06-01,,,,,,,,,,,,,,
world:entity:2026-05-05-fmp-technicals-wpm-daily,Entity,2026-05-05_FMP_Technicals_WPM_daily,2026-05-05_FMP_Technicals_WPM_daily,2026-05-05_FMP_Technicals_WPM_daily,,,,,,,entity,Entities,,,,,,,,,,,,,,,,2026-06-01,,,,,,,,,,,,,,
world:entity:2026-05-05-fmp-technicals-xoma-daily,Entity,2026-05-05_FMP_Technicals_XOMA_daily,2026-05-05_FMP_Technicals_XOMA_daily,2026-05-05_FMP_Technicals_XOMA_daily,,,,,,,entity,Entities,,,,,,,,,,,,,,,,2026-06-01,,,,,,,,,,,,,,
world:entity:2026-05-05-fmp-thesis-watchlist-ai-power-defense-stack,Entity,2026-05-05_FMP_Thesis_Watchlist_AI_Power_Defense_Stack,2026-05-05_FMP_Thesis_Watchlist_AI_Power_Defense_Stack,2026-05-05_FMP_Thesis_Watchlist_AI_Power_Defense_Stack,,,,,,,entity,Entities,,,,,,,,,,,,,,,,2026-06-01,,,,,,,,,,,,,,
world:entity:2026-05-05-fmp-thesis-watchlist-ai-power-infrastructure,Entity,2026-05-05_FMP_Thesis_Watchlist_AI_Power_Infrastructure,2026-05-05_FMP_Thesis_Watchlist_AI_Power_Infrastructure,2026-05-05_FMP_Thesis_Watchlist_AI_Power_Infrastructure,,,,,,,entity,Entities,,,,,,,,,,,,,,,,2026-06-01,,,,,,,,,,,,,,
world:entity:2026-05-05-fmp-thesis-watchlist-alzheimer-s-disease-modification,Entity,2026-05-05_FMP_Thesis_Watchlist_Alzheimer's_Disease_Modification,2026-05-05_FMP_Thesis_Watchlist_Alzheimer's_Disease_Modification,2026-05-05_FMP_Thesis_Watchlist_Alzheimer's_Disease_Modification,,,,,,,entity,Entities,,,,,,,,,,,,,,,,2026-06-01,,,,,,,,,,,,,,
world:entity:2026-05-05-fmp-thesis-watchlist-bioengineered-food-systems,Entity,2026-05-05_FMP_Thesis_Watchlist_Bioengineered_Food_Systems,2026-05-05_FMP_Thesis_Watchlist_Bioengineered_Food_Systems,2026-05-05_FMP_Thesis_Watchlist_Bioengineered_Food_Systems,,,,,,,entity,Entities,,,,,,,,,,,,,,,,2026-06-01,,,,,,,,,,,,,,
world:entity:2026-05-05-fmp-thesis-watchlist-capital-raise-survivors-small-cap-inflection-basket,Entity,2026-05-05_FMP_Thesis_Watchlist_Capital_Raise_Survivors_Small-Cap_Inflection_Basket,2026-05-05_FMP_Thesis_Watchlist_Capital_Raise_Survivors_Small-Cap_Inflection_Basket,2026-05-05_FMP_Thesis_Watchlist_Capital_Raise_Survivors_Small-Cap_Inflection_Basket,,,,,,,entity,Entities,,,,,,,,,,,,,,,,2026-06-01,,,,,,,,,,,,,,
world:entity:2026-05-05-fmp-thesis-watchlist-defense-ai-autonomous-warfare,Entity,2026-05-05_FMP_Thesis_Watchlist_Defense_AI_&_Autonomous_Warfare,2026-05-05_FMP_Thesis_Watchlist_Defense_AI_&_Autonomous_Warfare,2026-05-05_FMP_Thesis_Watchlist_Defense_AI_&_Autonomous_Warfare,,,,,,,entity,Entities,,,,,,,,,,,,,,,,2026-06-01,,,,,,,,,,,,,,
world:entity:2026-05-05-fmp-thesis-watchlist-dollar-debasement-hard-money,Entity,2026-05-05_FMP_Thesis_Watchlist_Dollar_Debasement_&_Hard_Money,2026-05-05_FMP_Thesis_Watchlist_Dollar_Debasement_&_Hard_Money,2026-05-05_FMP_Thesis_Watchlist_Dollar_Debasement_&_Hard_Money,,,,,,,entity,Entities,,,,,,,,,,,,,,,,2026-06-01,,,,,,,,,,,,,,
world:entity:2026-05-05-fmp-thesis-watchlist-drone-autonomous-systems-revolution,Entity,2026-05-05_FMP_Thesis_Watchlist_Drone_&_Autonomous_Systems_Revolution,2026-05-05_FMP_Thesis_Watchlist_Drone_&_Autonomous_Systems_Revolution,2026-05-05_FMP_Thesis_Watchlist_Drone_&_Autonomous_Systems_Revolution,,,,,,,entity,Entities,,,,,,,,,,,,,,,,2026-06-01,,,,,,,,,,,,,,
world:entity:2026-05-05-fmp-thesis-watchlist-fiscal-scarcity-rearmament,Entity,2026-05-05_FMP_Thesis_Watchlist_Fiscal_Scarcity_Rearmament,2026-05-05_FMP_Thesis_Watchlist_Fiscal_Scarcity_Rearmament,2026-05-05_FMP_Thesis_Watchlist_Fiscal_Scarcity_Rearmament,,,,,,,entity,Entities,,,,,,,,,,,,,,,,2026-06-01,,,,,,,,,,,,,,
world:entity:2026-05-05-fmp-thesis-watchlist-gene-editing-crispr-therapeutics,Entity,2026-05-05_FMP_Thesis_Watchlist_Gene_Editing_&_CRISPR_Therapeutics,2026-05-05_FMP_Thesis_Watchlist_Gene_Editing_&_CRISPR_Therapeutics,2026-05-05_FMP_Thesis_Watchlist_Gene_Editing_&_CRISPR_Therapeutics,,,,,,,entity,Entities,,,,,,,,,,,,,,,,2026-06-01,,,,,,,,,,,,,,
world:entity:2026-05-05-fmp-thesis-watchlist-glp-1-metabolic-disease-revolution,Entity,2026-05-05_FMP_Thesis_Watchlist_GLP-1_Metabolic_Disease_Revolution,2026-05-05_FMP_Thesis_Watchlist_GLP-1_Metabolic_Disease_Revolution,2026-05-05_FMP_Thesis_Watchlist_GLP-1_Metabolic_Disease_Revolution,,,,,,,entity,Entities,,,,,,,,,,,,,,,,2026-06-01,,,,,,,,,,,,,,
world:entity:2026-05-05-fmp-thesis-watchlist-grid-scale-battery-storage,Entity,2026-05-05_FMP_Thesis_Watchlist_Grid-Scale_Battery_Storage,2026-05-05_FMP_Thesis_Watchlist_Grid-Scale_Battery_Storage,2026-05-05_FMP_Thesis_Watchlist_Grid-Scale_Battery_Storage,,,,,,,entity,Entities,,,,,,,,,,,,,,,,2026-06-01,,,,,,,,,,,,,,
world:entity:2026-05-05-fmp-thesis-watchlist-housing-supply-correction,Entity,2026-05-05_FMP_Thesis_Watchlist_Housing_Supply_Correction,2026-05-05_FMP_Thesis_Watchlist_Housing_Supply_Correction,2026-05-05_FMP_Thesis_Watchlist_Housing_Supply_Correction,,,,,,,entity,Entities,,,,,,,,,,,,,,,,2026-06-01,,,,,,,,,,,,,,
world:entity:2026-05-05-fmp-thesis-watchlist-humanoid-robotics,Entity,2026-05-05_FMP_Thesis_Watchlist_Humanoid_Robotics,2026-05-05_FMP_Thesis_Watchlist_Humanoid_Robotics,2026-05-05_FMP_Thesis_Watchlist_Humanoid_Robotics,,,,,,,entity,Entities,,,,,,,,,,,,,,,,2026-06-01,,,,,,,,,,,,,,
world:entity:2026-05-05-fmp-thesis-watchlist-hypersonic-weapons-advanced-defense-systems,Entity,2026-05-05_FMP_Thesis_Watchlist_Hypersonic_Weapons_&_Advanced_Defense_Systems,2026-05-05_FMP_Thesis_Watchlist_Hypersonic_Weapons_&_Advanced_Defense_Systems,2026-05-05_FMP_Thesis_Watchlist_Hypersonic_Weapons_&_Advanced_Defense_Systems,,,,,,,entity,Entities,,,,,,,,,,,,,,,,2026-06-01,,,,,,,,,,,,,,
world:entity:2026-05-05-fmp-thesis-watchlist-nuclear-renaissance-small-modular-reactors,Entity,2026-05-05_FMP_Thesis_Watchlist_Nuclear_Renaissance_&_Small_Modular_Reactors,2026-05-05_FMP_Thesis_Watchlist_Nuclear_Renaissance_&_Small_Modular_Reactors,2026-05-05_FMP_Thesis_Watchlist_Nuclear_Renaissance_&_Small_Modular_Reactors,,,,,,,entity,Entities,,,,,,,,,,,,,,,,2026-06-01,,,,,,,,,,,,,,
world:entity:2026-05-05-fmp-thesis-watchlist-psychedelic-mental-health-revolution,Entity,2026-05-05_FMP_Thesis_Watchlist_Psychedelic_Mental_Health_Revolution,2026-05-05_FMP_Thesis_Watchlist_Psychedelic_Mental_Health_Revolution,2026-05-05_FMP_Thesis_Watchlist_Psychedelic_Mental_Health_Revolution,,,,,,,entity,Entities,,,,,,,,,,,,,,,,2026-06-01,,,,,,,,,,,,,,
world:entity:2026-05-05-fmp-thesis-watchlist-quantum-computing,Entity,2026-05-05_FMP_Thesis_Watchlist_Quantum_Computing,2026-05-05_FMP_Thesis_Watchlist_Quantum_Computing,2026-05-05_FMP_Thesis_Watchlist_Quantum_Computing,,,,,,,entity,Entities,,,,,,,,,,,,,,,,2026-06-01,,,,,,,,,,,,,,
world:entity:2026-05-05-fmp-thesis-watchlist-space-domain-awareness-commercial-space,Entity,2026-05-05_FMP_Thesis_Watchlist_Space_Domain_Awareness_&_Commercial_Space,2026-05-05_FMP_Thesis_Watchlist_Space_Domain_Awareness_&_Commercial_Space,2026-05-05_FMP_Thesis_Watchlist_Space_Domain_Awareness_&_Commercial_Space,,,,,,,entity,Entities,,,,,,,,,,,,,,,,2026-06-01,,,,,,,,,,,,,,
world:entity:2026-05-05-opportunity-viewpoints,Entity,2026-05-05_Opportunity_Viewpoints,2026-05-05_Opportunity_Viewpoints,2026-05-05_Opportunity_Viewpoints,,,,,,,entity,Entities,,,,,,,,,,,,,,,,2026-06-01,,,,,,,,,,,,,,
world:entity:2026-05-06-entropy-monitor-fdx-crcl-ebay-ups-cuk-chrw-tsn-expd-cdw-efx-iqv-vgk-twlo-rivn-hd-xpo-mksi-nke-lscc-ixus,Entity,2026-05-06_Entropy_Monitor_FDX_CRCL_EBAY_UPS_CUK_CHRW_TSN_EXPD_CDW_EFX_IQV_VGK_TWLO_RIVN_HD_XPO_MKSI_NKE_LSCC_IXUS,2026-05-06_Entropy_Monitor_FDX_CRCL_EBAY_UPS_CUK_CHRW_TSN_EXPD_CDW_EFX_IQV_VGK_TWLO_RIVN_HD_XPO_MKSI_NKE_LSCC_IXUS,2026-05-06_Entropy_Monitor_FDX_CRCL_EBAY_UPS_CUK_CHRW_TSN_EXPD_CDW_EFX_IQV_VGK_TWLO_RIVN_HD_XPO_MKSI_NKE_LSCC_IXUS,,,,,,,entity,Entities,,,,,,,,,,,,,,,,2026-06-01,,,,,,,,,,,,,,
world:entity:2026-05-06-fema-declarations,Entity,2026-05-06_FEMA_Declarations,2026-05-06_FEMA_Declarations,2026-05-06_FEMA_Declarations,,,,,,,entity,Entities,,,,,,,,,,,,,,,,2026-06-01,,,,,,,,,,,,,,
world:entity:2026-05-06-fmp-economiccalendar,Entity,2026-05-06_FMP_EconomicCalendar,2026-05-06_FMP_EconomicCalendar,2026-05-06_FMP_EconomicCalendar,,,,,,,entity,Entities,,,,,,,,,,,,,,,,2026-06-01,,,,,,,,,,,,,,
world:entity:2026-05-06-orb-entropy-screen,Entity,2026-05-06_ORB_Entropy_Screen,2026-05-06_ORB_Entropy_Screen,2026-05-06_ORB_Entropy_Screen,,,,,,,entity,Entities,,,,,,,,,,,,,,,,2026-06-01,,,,,,,,,,,,,,
world:entity:2026-05-07-agent-analysis-all-theses,Entity,2026-05-07_Agent_Analysis_All_Theses,2026-05-07_Agent_Analysis_All_Theses,2026-05-07_Agent_Analysis_All_Theses,,,,,,,entity,Entities,,,,,,,,,,,,,,,,2026-06-01,,,,,,,,,,,,,,
world:entity:2026-05-07-agent-analysis-amzn,Entity,2026-05-07_Agent_Analysis_AMZN,2026-05-07_Agent_Analysis_AMZN,2026-05-07_Agent_Analysis_AMZN,,,,,,,entity,Entities,,,,,,,,,,,,,,,,2026-06-01,,,,,,,,,,,,,,
world:entity:2026-05-07-agent-analysis-etn,Entity,2026-05-07_Agent_Analysis_ETN,2026-05-07_Agent_Analysis_ETN,2026-05-07_Agent_Analysis_ETN,,,,,,,entity,Entities,,,,,,,,,,,,,,,,2026-06-01,,,,,,,,,,,,,,
world:entity:2026-05-07-agent-analysis-gev,Entity,2026-05-07_Agent_Analysis_GEV,2026-05-07_Agent_Analysis_GEV,2026-05-07_Agent_Analysis_GEV,,,,,,,entity,Entities,,,,,,,,,,,,,,,,2026-06-01,,,,,,,,,,,,,,
world:entity:2026-05-07-agent-analysis-msft,Entity,2026-05-07_Agent_Analysis_MSFT,2026-05-07_Agent_Analysis_MSFT,2026-05-07_Agent_Analysis_MSFT,,,,,,,entity,Entities,,,,,,,,,,,,,,,,2026-06-01,,,,,,,,,,,,,,
world:entity:2026-05-07-agent-analysis-nrg,Entity,2026-05-07_Agent_Analysis_NRG,2026-05-07_Agent_Analysis_NRG,2026-05-07_Agent_Analysis_NRG,,,,,,,entity,Entities,,,,,,,,,,,,,,,,2026-06-01,,,,,,,,,,,,,,
world:entity:2026-05-07-agent-analysis-pltr,Entity,2026-05-07_Agent_Analysis_PLTR,2026-05-07_Agent_Analysis_PLTR,2026-05-07_Agent_Analysis_PLTR,,,,,,,entity,Entities,,,,,,,,,,,,,,,,2026-06-01,,,,,,,,,,,,,,
world:entity:2026-05-07-agent-analysis-strl,Entity,2026-05-07_Agent_Analysis_STRL,2026-05-07_Agent_Analysis_STRL,2026-05-07_Agent_Analysis_STRL,,,,,,,entity,Entities,,,,,,,,,,,,,,,,2026-06-01,,,,,,,,,,,,,,
world:entity:2026-05-07-agent-analysis-vst,Entity,2026-05-07_Agent_Analysis_VST,2026-05-07_Agent_Analysis_VST,2026-05-07_Agent_Analysis_VST,,,,,,,entity,Entities,,,,,,,,,,,,,,,,2026-06-01,,,,,,,,,,,,,,
world:entity:2026-05-07-conviction-delta,Entity,2026-05-07_Conviction_Delta,2026-05-07_Conviction_Delta,2026-05-07_Conviction_Delta,,,,,,,entity,Entities,,,,,,,,,,,,,,,,2026-06-01,,,,,,,,,,,,,,
world:entity:2026-05-07-entropy-monitor-spy-qqq,Entity,2026-05-07_Entropy_Monitor_SPY_QQQ,2026-05-07_Entropy_Monitor_SPY_QQQ,2026-05-07_Entropy_Monitor_SPY_QQQ,,,,,,,entity,Entities,,,,,,,,,,,,,,,,2026-06-01,,,,,,,,,,,,,,
world:entity:2026-05-07-fmp-earnings-calendar-thesis-watchlists,Entity,2026-05-07_FMP_Earnings_Calendar_Thesis_Watchlists,2026-05-07_FMP_Earnings_Calendar_Thesis_Watchlists,2026-05-07_FMP_Earnings_Calendar_Thesis_Watchlists,,,,,,,entity,Entities,,,,,,,,,,,,,,,,2026-06-01,,,,,,,,,,,,,,
world:entity:2026-05-07-fmp-economiccalendar,Entity,2026-05-07_FMP_EconomicCalendar,2026-05-07_FMP_EconomicCalendar,2026-05-07_FMP_EconomicCalendar,,,,,,,entity,Entities,,,,,,,,,,,,,,,,2026-06-01,,,,,,,,,,,,,,
world:entity:2026-05-07-fmp-technicals-abbv-daily,Entity,2026-05-07_FMP_Technicals_ABBV_daily,2026-05-07_FMP_Technicals_ABBV_daily,2026-05-07_FMP_Technicals_ABBV_daily,,,,,,,entity,Entities,,,,,,,,,,,,,,,,2026-06-01,,,,,,,,,,,,,,
world:entity:2026-05-07-fmp-technicals-acad-daily,Entity,2026-05-07_FMP_Technicals_ACAD_daily,2026-05-07_FMP_Technicals_ACAD_daily,2026-05-07_FMP_Technicals_ACAD_daily,,,,,,,entity,Entities,,,,,,,,,,,,,,,,2026-06-01,,,,,,,,,,,,,,
world:entity:2026-05-07-fmp-technicals-achr-daily,Entity,2026-05-07_FMP_Technicals_ACHR_daily,2026-05-07_FMP_Technicals_ACHR_daily,2026-05-07_FMP_Technicals_ACHR_daily,,,,,,,entity,Entities,,,,,,,,,,,,,,,,2026-06-01,,,,,,,,,,,,,,
world:entity:2026-05-07-fmp-technicals-adm-daily,Entity,2026-05-07_FMP_Technicals_ADM_daily,2026-05-07_FMP_Technicals_ADM_daily,2026-05-07_FMP_Technicals_ADM_daily,,,,,,,entity,Entities,,,,,,,,,,,,,,,,2026-06-01,,,,,,,,,,,,,,
world:entity:2026-05-07-fmp-technicals-airo-daily,Entity,2026-05-07_FMP_Technicals_AIRO_daily,2026-05-07_FMP_Technicals_AIRO_daily,2026-05-07_FMP_Technicals_AIRO_daily,,,,,,,entity,Entities,,,,,,,,,,,,,,,,2026-06-01,,,,,,,,,,,,,,
world:entity:2026-05-07-fmp-technicals-alks-daily,Entity,2026-05-07_FMP_Technicals_ALKS_daily,2026-05-07_FMP_Technicals_ALKS_daily,2026-05-07_FMP_Technicals_ALKS_daily,,,,,,,entity,Entities,,,,,,,,,,,,,,,,2026-06-01,,,,,,,,,,,,,,
world:entity:2026-05-07-fmp-technicals-alvo-daily,Entity,2026-05-07_FMP_Technicals_ALVO_daily,2026-05-07_FMP_Technicals_ALVO_daily,2026-05-07_FMP_Technicals_ALVO_daily,,,,,,,entity,Entities,,,,,,,,,,,,,,,,2026-06-01,,,,,,,,,,,,,,
world:entity:2026-05-07-fmp-technicals-amat-daily,Entity,2026-05-07_FMP_Technicals_AMAT_daily,2026-05-07_FMP_Technicals_AMAT_daily,2026-05-07_FMP_Technicals_AMAT_daily,,,,,,,entity,Entities,,,,,,,,,,,,,,,,2026-06-01,,,,,,,,,,,,,,
world:entity:2026-05-07-fmp-technicals-amgn-daily,Entity,2026-05-07_FMP_Technicals_AMGN_daily,2026-05-07_FMP_Technicals_AMGN_daily,2026-05-07_FMP_Technicals_AMGN_daily,,,,,,,entity,Entities,,,,,,,,,,,,,,,,2026-06-01,,,,,,,,,,,,,,
world:entity:2026-05-07-fmp-technicals-amsc-daily,Entity,2026-05-07_FMP_Technicals_AMSC_daily,2026-05-07_FMP_Technicals_AMSC_daily,2026-05-07_FMP_Technicals_AMSC_daily,,,,,,,entity,Entities,,,,,,,,,,,,,,,,2026-06-01,,,,,,,,,,,,,,
world:entity:2026-05-07-fmp-technicals-amzn-daily,Entity,2026-05-07_FMP_Technicals_AMZN_daily,2026-05-07_FMP_Technicals_AMZN_daily,2026-05-07_FMP_Technicals_AMZN_daily,,,,,,,entity,Entities,,,,,,,,,,,,,,,,2026-06-01,,,,,,,,,,,,,,
world:entity:2026-05-07-fmp-technicals-asts-daily,Entity,2026-05-07_FMP_Technicals_ASTS_daily,2026-05-07_FMP_Technicals_ASTS_daily,2026-05-07_FMP_Technicals_ASTS_daily,,,,,,,entity,Entities,,,,,,,,,,,,,,,,2026-06-01,,,,,,,,,,,,,,
world:entity:2026-05-07-fmp-technicals-atai-daily,Entity,2026-05-07_FMP_Technicals_ATAI_daily,2026-05-07_FMP_Technicals_ATAI_daily,2026-05-07_FMP_Technicals_ATAI_daily,,,,,,,entity,Entities,,,,,,,,,,,,,,,,2026-06-01,,,,,,,,,,,,,,
world:entity:2026-05-07-fmp-technicals-avav-daily,Entity,2026-05-07_FMP_Technicals_AVAV_daily,2026-05-07_FMP_Technicals_AVAV_daily,2026-05-07_FMP_Technicals_AVAV_daily,,,,,,,entity,Entities,,,,,,,,,,,,,,,,2026-06-01,,,,,,,,,,,,,,
world:entity:2026-05-07-fmp-technicals-bah-daily,Entity,2026-05-07_FMP_Technicals_BAH_daily,2026-05-07_FMP_Technicals_BAH_daily,2026-05-07_FMP_Technicals_BAH_daily,,,,,,,entity,Entities,,,,,,,,,,,,,,,,2026-06-01,,,,,,,,,,,,,,
world:entity:2026-05-07-fmp-technicals-bbai-daily,Entity,2026-05-07_FMP_Technicals_BBAI_daily,2026-05-07_FMP_Technicals_BBAI_daily,2026-05-07_FMP_Technicals_BBAI_daily,,,,,,,entity,Entities,,,,,,,,,,,,,,,,2026-06-01,,,,,,,,,,,,,,
world:entity:2026-05-07-fmp-technicals-beam-daily,Entity,2026-05-07_FMP_Technicals_BEAM_daily,2026-05-07_FMP_Technicals_BEAM_daily,2026-05-07_FMP_Technicals_BEAM_daily,,,,,,,entity,Entities,,,,,,,,,,,,,,,,2026-06-01,,,,,,,,,,,,,,
world:entity:2026-05-07-fmp-technicals-bg-daily,Entity,2026-05-07_FMP_Technicals_BG_daily,2026-05-07_FMP_Technicals_BG_daily,2026-05-07_FMP_Technicals_BG_daily,,,,,,,entity,Entities,,,,,,,,,,,,,,,,2026-06-01,,,,,,,,,,,,,,
world:entity:2026-05-07-fmp-technicals-biib-daily,Entity,2026-05-07_FMP_Technicals_BIIB_daily,2026-05-07_FMP_Technicals_BIIB_daily,2026-05-07_FMP_Technicals_BIIB_daily,,,,,,,entity,Entities,,,,,,,,,,,,,,,,2026-06-01,,,,,,,,,,,,,,
world:entity:2026-05-07-fmp-technicals-bksy-daily,Entity,2026-05-07_FMP_Technicals_BKSY_daily,2026-05-07_FMP_Technicals_BKSY_daily,2026-05-07_FMP_Technicals_BKSY_daily,,,,,,,entity,Entities,,,,,,,,,,,,,,,,2026-06-01,,,,,,,,,,,,,,
world:entity:2026-05-07-fmp-technicals-brbr-daily,Entity,2026-05-07_FMP_Technicals_BRBR_daily,2026-05-07_FMP_Technicals_BRBR_daily,2026-05-07_FMP_Technicals_BRBR_daily,,,,,,,entity,Entities,,,,,,,,,,,,,,,,2026-06-01,,,,,,,,,,,,,,
world:entity:2026-05-07-fmp-technicals-bw-daily,Entity,2026-05-07_FMP_Technicals_BW_daily,2026-05-07_FMP_Technicals_BW_daily,2026-05-07_FMP_Technicals_BW_daily,,,,,,,entity,Entities,,,,,,,,,,,,,,,,2026-06-01,,,,,,,,,,,,,,
world:entity:2026-05-07-fmp-technicals-bynd-daily,Entity,2026-05-07_FMP_Technicals_BYND_daily,2026-05-07_FMP_Technicals_BYND_daily,2026-05-07_FMP_Technicals_BYND_daily,,,,,,,entity,Entities,,,,,,,,,,,,,,,,2026-06-01,,,,,,,,,,,,,,
world:entity:2026-05-07-fmp-technicals-caci-daily,Entity,2026-05-07_FMP_Technicals_CACI_daily,2026-05-07_FMP_Technicals_CACI_daily,2026-05-07_FMP_Technicals_CACI_daily,,,,,,,entity,Entities,,,,,,,,,,,,,,,,2026-06-01,,,,,,,,,,,,,,
world:entity:2026-05-07-fmp-technicals-ccj-daily,Entity,2026-05-07_FMP_Technicals_CCJ_daily,2026-05-07_FMP_Technicals_CCJ_daily,2026-05-07_FMP_Technicals_CCJ_daily,,,,,,,entity,Entities,,,,,,,,,,,,,,,,2026-06-01,,,,,,,,,,,,,,
world:entity:2026-05-07-fmp-technicals-ceg-daily,Entity,2026-05-07_FMP_Technicals_CEG_daily,2026-05-07_FMP_Technicals_CEG_daily,2026-05-07_FMP_Technicals_CEG_daily,,,,,,,entity,Entities,,,,,,,,,,,,,,,,2026-06-01,,,,,,,,,,,,,,
world:entity:2026-05-07-fmp-technicals-cmps-daily,Entity,2026-05-07_FMP_Technicals_CMPS_daily,2026-05-07_FMP_Technicals_CMPS_daily,2026-05-07_FMP_Technicals_CMPS_daily,,,,,,,entity,Entities,,,,,,,,,,,,,,,,2026-06-01,,,,,,,,,,,,,,
world:entity:2026-05-07-fmp-technicals-coin-daily,Entity,2026-05-07_FMP_Technicals_COIN_daily,2026-05-07_FMP_Technicals_COIN_daily,2026-05-07_FMP_Technicals_COIN_daily,,,,,,,entity,Entities,,,,,,,,,,,,,,,,2026-06-01,,,,,,,,,,,,,,
world:entity:2026-05-07-fmp-technicals-crsp-daily,Entity,2026-05-07_FMP_Technicals_CRSP_daily,2026-05-07_FMP_Technicals_CRSP_daily,2026-05-07_FMP_Technicals_CRSP_daily,,,,,,,entity,Entities,,,,,,,,,,,,,,,,2026-06-01,,,,,,,,,,,,,,
world:entity:2026-05-07-fmp-technicals-ctva-daily,Entity,2026-05-07_FMP_Technicals_CTVA_daily,2026-05-07_FMP_Technicals_CTVA_daily,2026-05-07_FMP_Technicals_CTVA_daily,,,,,,,entity,Entities,,,,,,,,,,,,,,,,2026-06-01,,,,,,,,,,,,,,
world:entity:2026-05-07-fmp-technicals-dftx-daily,Entity,2026-05-07_FMP_Technicals_DFTX_daily,2026-05-07_FMP_Technicals_DFTX_daily,2026-05-07_FMP_Technicals_DFTX_daily,,,,,,,entity,Entities,,,,,,,,,,,,,,,,2026-06-01,,,,,,,,,,,,,,
world:entity:2026-05-07-fmp-technicals-dhi-daily,Entity,2026-05-07_FMP_Technicals_DHI_daily,2026-05-07_FMP_Technicals_DHI_daily,2026-05-07_FMP_Technicals_DHI_daily,,,,,,,entity,Entities,,,,,,,,,,,,,,,,2026-06-01,,,,,,,,,,,,,,
world:entity:2026-05-07-fmp-technicals-dna-daily,Entity,2026-05-07_FMP_Technicals_DNA_daily,2026-05-07_FMP_Technicals_DNA_daily,2026-05-07_FMP_Technicals_DNA_daily,,,,,,,entity,Entities,,,,,,,,,,,,,,,,2026-06-01,,,,,,,,,,,,,,
world:entity:2026-05-07-fmp-technicals-dpro-daily,Entity,2026-05-07_FMP_Technicals_DPRO_daily,2026-05-07_FMP_Technicals_DPRO_daily,2026-05-07_FMP_Technicals_DPRO_daily,,,,,,,entity,Entities,,,,,,,,,,,,,,,,2026-06-01,,,,,,,,,,,,,,
world:entity:2026-05-07-fmp-technicals-ecpg-daily,Entity,2026-05-07_FMP_Technicals_ECPG_daily,2026-05-07_FMP_Technicals_ECPG_daily,2026-05-07_FMP_Technicals_ECPG_daily,,,,,,,entity,Entities,,,,,,,,,,,,,,,,2026-06-01,,,,,,,,,,,,,,
world:entity:2026-05-07-fmp-technicals-edit-daily,Entity,2026-05-07_FMP_Technicals_EDIT_daily,2026-05-07_FMP_Technicals_EDIT_daily,2026-05-07_FMP_Technicals_EDIT_daily,,,,,,,entity,Entities,,,,,,,,,,,,,,,,2026-06-01,,,,,,,,,,,,,,
world:entity:2026-05-07-fmp-technicals-eh-daily,Entity,2026-05-07_FMP_Technicals_EH_daily,2026-05-07_FMP_Technicals_EH_daily,2026-05-07_FMP_Technicals_EH_daily,,,,,,,entity,Entities,,,,,,,,,,,,,,,,2026-06-01,,,,,,,,,,,,,,
world:entity:2026-05-07-fmp-technicals-envx-daily,Entity,2026-05-07_FMP_Technicals_ENVX_daily,2026-05-07_FMP_Technicals_ENVX_daily,2026-05-07_FMP_Technicals_ENVX_daily,,,,,,,entity,Entities,,,,,,,,,,,,,,,,2026-06-01,,,,,,,,,,,,,,
world:entity:2026-05-07-fmp-technicals-eslt-daily,Entity,2026-05-07_FMP_Technicals_ESLT_daily,2026-05-07_FMP_Technicals_ESLT_daily,2026-05-07_FMP_Technicals_ESLT_daily,,,,,,,entity,Entities,,,,,,,,,,,,,,,,2026-06-01,,,,,,,,,,,,,,
world:entity:2026-05-07-fmp-technicals-etn-daily,Entity,2026-05-07_FMP_Technicals_ETN_daily,2026-05-07_FMP_Technicals_ETN_daily,2026-05-07_FMP_Technicals_ETN_daily,,,,,,,entity,Entities,,,,,,,,,,,,,,,,2026-06-01,,,,,,,,,,,,,,
world:entity:2026-05-07-fmp-technicals-evtl-daily,Entity,2026-05-07_FMP_Technicals_EVTL_daily,2026-05-07_FMP_Technicals_EVTL_daily,2026-05-07_FMP_Technicals_EVTL_daily,,,,,,,entity,Entities,,,,,,,,,,,,,,,,2026-06-01,,,,,,,,,,,,,,
world:entity:2026-05-07-fmp-technicals-flnc-daily,Entity,2026-05-07_FMP_Technicals_FLNC_daily,2026-05-07_FMP_Technicals_FLNC_daily,2026-05-07_FMP_Technicals_FLNC_daily,,,,,,,entity,Entities,,,,,,,,,,,,,,,,2026-06-01,,,,,,,,,,,,,,
world:entity:2026-05-07-fmp-technicals-fmc-daily,Entity,2026-05-07_FMP_Technicals_FMC_daily,2026-05-07_FMP_Technicals_FMC_daily,2026-05-07_FMP_Technicals_FMC_daily,,,,,,,entity,Entities,,,,,,,,,,,,,,,,2026-06-01,,,,,,,,,,,,,,
world:entity:2026-05-07-fmp-technicals-gd-daily,Entity,2026-05-07_FMP_Technicals_GD_daily,2026-05-07_FMP_Technicals_GD_daily,2026-05-07_FMP_Technicals_GD_daily,,,,,,,entity,Entities,,,,,,,,,,,,,,,,2026-06-01,,,,,,,,,,,,,,
world:entity:2026-05-07-fmp-technicals-gev-daily,Entity,2026-05-07_FMP_Technicals_GEV_daily,2026-05-07_FMP_Technicals_GEV_daily,2026-05-07_FMP_Technicals_GEV_daily,,,,,,,entity,Entities,,,,,,,,,,,,,,,,2026-06-01,,,,,,,,,,,,,,
world:entity:2026-05-07-fmp-technicals-ghrs-daily,Entity,2026-05-07_FMP_Technicals_GHRS_daily,2026-05-07_FMP_Technicals_GHRS_daily,2026-05-07_FMP_Technicals_GHRS_daily,,,,,,,entity,Entities,,,,,,,,,,,,,,,,2026-06-01,,,,,,,,,,,,,,
world:entity:2026-05-07-fmp-technicals-gold-daily,Entity,2026-05-07_FMP_Technicals_GOLD_daily,2026-05-07_FMP_Technicals_GOLD_daily,2026-05-07_FMP_Technicals_GOLD_daily,,,,,,,entity,Entities,,,,,,,,,,,,,,,,2026-06-01,,,,,,,,,,,,,,
world:entity:2026-05-07-fmp-technicals-googl-daily,Entity,2026-05-07_FMP_Technicals_GOOGL_daily,2026-05-07_FMP_Technicals_GOOGL_daily,2026-05-07_FMP_Technicals_GOOGL_daily,,,,,,,entity,Entities,,,,,,,,,,,,,,,,2026-06-01,,,,,,,,,,,,,,
world:entity:2026-05-07-fmp-technicals-help-daily,Entity,2026-05-07_FMP_Technicals_HELP_daily,2026-05-07_FMP_Technicals_HELP_daily,2026-05-07_FMP_Technicals_HELP_daily,,,,,,,entity,Entities,,,,,,,,,,,,,,,,2026-06-01,,,,,,,,,,,,,,
world:entity:2026-05-07-fmp-technicals-hims-daily,Entity,2026-05-07_FMP_Technicals_HIMS_daily,2026-05-07_FMP_Technicals_HIMS_daily,2026-05-07_FMP_Technicals_HIMS_daily,,,,,,,entity,Entities,,,,,,,,,,,,,,,,2026-06-01,,,,,,,,,,,,,,
world:entity:2026-05-07-fmp-technicals-hovr-daily,Entity,2026-05-07_FMP_Technicals_HOVR_daily,2026-05-07_FMP_Technicals_HOVR_daily,2026-05-07_FMP_Technicals_HOVR_daily,,,,,,,entity,Entities,,,,,,,,,,,,,,,,2026-06-01,,,,,,,,,,,,,,
world:entity:2026-05-07-fmp-technicals-hubb-daily,Entity,2026-05-07_FMP_Technicals_HUBB_daily,2026-05-07_FMP_Technicals_HUBB_daily,2026-05-07_FMP_Technicals_HUBB_daily,,,,,,,entity,Entities,,,,,,,,,,,,,,,,2026-06-01,,,,,,,,,,,,,,
world:entity:2026-05-07-fmp-technicals-iff-daily,Entity,2026-05-07_FMP_Technicals_IFF_daily,2026-05-07_FMP_Technicals_IFF_daily,2026-05-07_FMP_Technicals_IFF_daily,,,,,,,entity,Entities,,,,,,,,,,,,,,,,2026-06-01,,,,,,,,,,,,,,
world:entity:2026-05-07-fmp-technicals-iipr-daily,Entity,2026-05-07_FMP_Technicals_IIPR_daily,2026-05-07_FMP_Technicals_IIPR_daily,2026-05-07_FMP_Technicals_IIPR_daily,,,,,,,entity,Entities,,,,,,,,,,,,,,,,2026-06-01,,,,,,,,,,,,,,
world:entity:2026-05-07-fmp-technicals-inva-daily,Entity,2026-05-07_FMP_Technicals_INVA_daily,2026-05-07_FMP_Technicals_INVA_daily,2026-05-07_FMP_Technicals_INVA_daily,,,,,,,entity,Entities,,,,,,,,,,,,,,,,2026-06-01,,,,,,,,,,,,,,
world:entity:2026-05-07-fmp-technicals-ionq-daily,Entity,2026-05-07_FMP_Technicals_IONQ_daily,2026-05-07_FMP_Technicals_IONQ_daily,2026-05-07_FMP_Technicals_IONQ_daily,,,,,,,entity,Entities,,,,,,,,,,,,,,,,2026-06-01,,,,,,,,,,,,,,
world:entity:2026-05-07-fmp-technicals-jnj-daily,Entity,2026-05-07_FMP_Technicals_JNJ_daily,2026-05-07_FMP_Technicals_JNJ_daily,2026-05-07_FMP_Technicals_JNJ_daily,,,,,,,entity,Entities,,,,,,,,,,,,,,,,2026-06-01,,,,,,,,,,,,,,
world:entity:2026-05-07-fmp-technicals-joby-daily,Entity,2026-05-07_FMP_Technicals_JOBY_daily,2026-05-07_FMP_Technicals_JOBY_daily,2026-05-07_FMP_Technicals_JOBY_daily,,,,,,,entity,Entities,,,,,,,,,,,,,,,,2026-06-01,,,,,,,,,,,,,,
world:entity:2026-05-07-fmp-technicals-klac-daily,Entity,2026-05-07_FMP_Technicals_KLAC_daily,2026-05-07_FMP_Technicals_KLAC_daily,2026-05-07_FMP_Technicals_KLAC_daily,,,,,,,entity,Entities,,,,,,,,,,,,,,,,2026-06-01,,,,,,,,,,,,,,
world:entity:2026-05-07-fmp-technicals-ktos-daily,Entity,2026-05-07_FMP_Technicals_KTOS_daily,2026-05-07_FMP_Technicals_KTOS_daily,2026-05-07_FMP_Technicals_KTOS_daily,,,,,,,entity,Entities,,,,,,,,,,,,,,,,2026-06-01,,,,,,,,,,,,,,
world:entity:2026-05-07-fmp-technicals-ldos-daily,Entity,2026-05-07_FMP_Technicals_LDOS_daily,2026-05-07_FMP_Technicals_LDOS_daily,2026-05-07_FMP_Technicals_LDOS_daily,,,,,,,entity,Entities,,,,,,,,,,,,,,,,2026-06-01,,,,,,,,,,,,,,
world:entity:2026-05-07-fmp-technicals-len-daily,Entity,2026-05-07_FMP_Technicals_LEN_daily,2026-05-07_FMP_Technicals_LEN_daily,2026-05-07_FMP_Technicals_LEN_daily,,,,,,,entity,Entities,,,,,,,,,,,,,,,,2026-06-01,,,,,,,,,,,,,,
world:entity:2026-05-07-fmp-technicals-lhx-daily,Entity,2026-05-07_FMP_Technicals_LHX_daily,2026-05-07_FMP_Technicals_LHX_daily,2026-05-07_FMP_Technicals_LHX_daily,,,,,,,entity,Entities,,,,,,,,,,,,,,,,2026-06-01,,,,,,,,,,,,,,
world:entity:2026-05-07-fmp-technicals-lly-daily,Entity,2026-05-07_FMP_Technicals_LLY_daily,2026-05-07_FMP_Technicals_LLY_daily,2026-05-07_FMP_Technicals_LLY_daily,,,,,,,entity,Entities,,,,,,,,,,,,,,,,2026-06-01,,,,,,,,,,,,,,
world:entity:2026-05-07-fmp-technicals-lmt-daily,Entity,2026-05-07_FMP_Technicals_LMT_daily,2026-05-07_FMP_Technicals_LMT_daily,2026-05-07_FMP_Technicals_LMT_daily,,,,,,,entity,Entities,,,,,,,,,,,,,,,,2026-06-01,,,,,,,,,,,,,,
world:entity:2026-05-07-fmp-technicals-lrcx-daily,Entity,2026-05-07_FMP_Technicals_LRCX_daily,2026-05-07_FMP_Technicals_LRCX_daily,2026-05-07_FMP_Technicals_LRCX_daily,,,,,,,entity,Entities,,,,,,,,,,,,,,,,2026-06-01,,,,,,,,,,,,,,
world:entity:2026-05-07-fmp-technicals-mnts-daily,Entity,2026-05-07_FMP_Technicals_MNTS_daily,2026-05-07_FMP_Technicals_MNTS_daily,2026-05-07_FMP_Technicals_MNTS_daily,,,,,,,entity,Entities,,,,,,,,,,,,,,,,2026-06-01,,,,,,,,,,,,,,
world:entity:2026-05-07-fmp-technicals-mrk-daily,Entity,2026-05-07_FMP_Technicals_MRK_daily,2026-05-07_FMP_Technicals_MRK_daily,2026-05-07_FMP_Technicals_MRK_daily,,,,,,,entity,Entities,,,,,,,,,,,,,,,,2026-06-01,,,,,,,,,,,,,,
world:entity:2026-05-07-fmp-technicals-msft-daily,Entity,2026-05-07_FMP_Technicals_MSFT_daily,2026-05-07_FMP_Technicals_MSFT_daily,2026-05-07_FMP_Technicals_MSFT_daily,,,,,,,entity,Entities,,,,,,,,,,,,,,,,2026-06-01,,,,,,,,,,,,,,
world:entity:2026-05-07-fmp-technicals-mstr-daily,Entity,2026-05-07_FMP_Technicals_MSTR_daily,2026-05-07_FMP_Technicals_MSTR_daily,2026-05-07_FMP_Technicals_MSTR_daily,,,,,,,entity,Entities,,,,,,,,,,,,,,,,2026-06-01,,,,,,,,,,,,,,
world:entity:2026-05-07-fmp-technicals-mtz-daily,Entity,2026-05-07_FMP_Technicals_MTZ_daily,2026-05-07_FMP_Technicals_MTZ_daily,2026-05-07_FMP_Technicals_MTZ_daily,,,,,,,entity,Entities,,,,,,,,,,,,,,,,2026-06-01,,,,,,,,,,,,,,
world:entity:2026-05-07-fmp-technicals-myrg-daily,Entity,2026-05-07_FMP_Technicals_MYRG_daily,2026-05-07_FMP_Technicals_MYRG_daily,2026-05-07_FMP_Technicals_MYRG_daily,,,,,,,entity,Entities,,,,,,,,,,,,,,,,2026-06-01,,,,,,,,,,,,,,
world:entity:2026-05-07-fmp-technicals-nbix-daily,Entity,2026-05-07_FMP_Technicals_NBIX_daily,2026-05-07_FMP_Technicals_NBIX_daily,2026-05-07_FMP_Technicals_NBIX_daily,,,,,,,entity,Entities,,,,,,,,,,,,,,,,2026-06-01,,,,,,,,,,,,,,
world:entity:2026-05-07-fmp-technicals-nem-daily,Entity,2026-05-07_FMP_Technicals_NEM_daily,2026-05-07_FMP_Technicals_NEM_daily,2026-05-07_FMP_Technicals_NEM_daily,,,,,,,entity,Entities,,,,,,,,,,,,,,,,2026-06-01,,,,,,,,,,,,,,
world:entity:2026-05-07-fmp-technicals-nktr-daily,Entity,2026-05-07_FMP_Technicals_NKTR_daily,2026-05-07_FMP_Technicals_NKTR_daily,2026-05-07_FMP_Technicals_NKTR_daily,,,,,,,entity,Entities,,,,,,,,,,,,,,,,2026-06-01,,,,,,,,,,,,,,
world:entity:2026-05-07-fmp-technicals-nne-daily,Entity,2026-05-07_FMP_Technicals_NNE_daily,2026-05-07_FMP_Technicals_NNE_daily,2026-05-07_FMP_Technicals_NNE_daily,,,,,,,entity,Entities,,,,,,,,,,,,,,,,2026-06-01,,,,,,,,,,,,,,
world:entity:2026-05-07-fmp-technicals-noc-daily,Entity,2026-05-07_FMP_Technicals_NOC_daily,2026-05-07_FMP_Technicals_NOC_daily,2026-05-07_FMP_Technicals_NOC_daily,,,,,,,entity,Entities,,,,,,,,,,,,,,,,2026-06-01,,,,,,,,,,,,,,
world:entity:2026-05-07-fmp-technicals-nrg-daily,Entity,2026-05-07_FMP_Technicals_NRG_daily,2026-05-07_FMP_Technicals_NRG_daily,2026-05-07_FMP_Technicals_NRG_daily,,,,,,,entity,Entities,,,,,,,,,,,,,,,,2026-06-01,,,,,,,,,,,,,,
world:entity:2026-05-07-fmp-technicals-ntla-daily,Entity,2026-05-07_FMP_Technicals_NTLA_daily,2026-05-07_FMP_Technicals_NTLA_daily,2026-05-07_FMP_Technicals_NTLA_daily,,,,,,,entity,Entities,,,,,,,,,,,,,,,,2026-06-01,,,,,,,,,,,,,,
world:entity:2026-05-07-fmp-technicals-nvda-daily,Entity,2026-05-07_FMP_Technicals_NVDA_daily,2026-05-07_FMP_Technicals_NVDA_daily,2026-05-07_FMP_Technicals_NVDA_daily,,,,,,,entity,Entities,,,,,,,,,,,,,,,,2026-06-01,,,,,,,,,,,,,,
world:entity:2026-05-07-fmp-technicals-nvr-daily,Entity,2026-05-07_FMP_Technicals_NVR_daily,2026-05-07_FMP_Technicals_NVR_daily,2026-05-07_FMP_Technicals_NVR_daily,,,,,,,entity,Entities,,,,,,,,,,,,,,,,2026-06-01,,,,,,,,,,,,,,
world:entity:2026-05-07-fmp-technicals-oklo-daily,Entity,2026-05-07_FMP_Technicals_OKLO_daily,2026-05-07_FMP_Technicals_OKLO_daily,2026-05-07_FMP_Technicals_OKLO_daily,,,,,,,entity,Entities,,,,,,,,,,,,,,,,2026-06-01,,,,,,,,,,,,,,
world:entity:2026-05-07-fmp-technicals-on-daily,Entity,2026-05-07_FMP_Technicals_ON_daily,2026-05-07_FMP_Technicals_ON_daily,2026-05-07_FMP_Technicals_ON_daily,,,,,,,entity,Entities,,,,,,,,,,,,,,,,2026-06-01,,,,,,,,,,,,,,
world:entity:2026-05-07-fmp-technicals-onds-daily,Entity,2026-05-07_FMP_Technicals_ONDS_daily,2026-05-07_FMP_Technicals_ONDS_daily,2026-05-07_FMP_Technicals_ONDS_daily,,,,,,,entity,Entities,,,,,,,,,,,,,,,,2026-06-01,,,,,,,,,,,,,,
world:entity:2026-05-07-fmp-technicals-onto-daily,Entity,2026-05-07_FMP_Technicals_ONTO_daily,2026-05-07_FMP_Technicals_ONTO_daily,2026-05-07_FMP_Technicals_ONTO_daily,,,,,,,entity,Entities,,,,,,,,,,,,,,,,2026-06-01,,,,,,,,,,,,,,
world:entity:2026-05-07-fmp-technicals-pdfs-daily,Entity,2026-05-07_FMP_Technicals_PDFS_daily,2026-05-07_FMP_Technicals_PDFS_daily,2026-05-07_FMP_Technicals_PDFS_daily,,,,,,,entity,Entities,,,,,,,,,,,,,,,,2026-06-01,,,,,,,,,,,,,,
world:entity:2026-05-07-fmp-technicals-pfe-daily,Entity,2026-05-07_FMP_Technicals_PFE_daily,2026-05-07_FMP_Technicals_PFE_daily,2026-05-07_FMP_Technicals_PFE_daily,,,,,,,entity,Entities,,,,,,,,,,,,,,,,2026-06-01,,,,,,,,,,,,,,
world:entity:2026-05-07-fmp-technicals-pl-daily,Entity,2026-05-07_FMP_Technicals_PL_daily,2026-05-07_FMP_Technicals_PL_daily,2026-05-07_FMP_Technicals_PL_daily,,,,,,,entity,Entities,,,,,,,,,,,,,,,,2026-06-01,,,,,,,,,,,,,,
world:entity:2026-05-07-fmp-technicals-pltr-daily,Entity,2026-05-07_FMP_Technicals_PLTR_daily,2026-05-07_FMP_Technicals_PLTR_daily,2026-05-07_FMP_Technicals_PLTR_daily,,,,,,,entity,Entities,,,,,,,,,,,,,,,,2026-06-01,,,,,,,,,,,,,,
world:entity:2026-05-07-fmp-technicals-powl-daily,Entity,2026-05-07_FMP_Technicals_POWL_daily,2026-05-07_FMP_Technicals_POWL_daily,2026-05-07_FMP_Technicals_POWL_daily,,,,,,,entity,Entities,,,,,,,,,,,,,,,,2026-06-01,,,,,,,,,,,,,,
world:entity:2026-05-07-fmp-technicals-ppih-daily,Entity,2026-05-07_FMP_Technicals_PPIH_daily,2026-05-07_FMP_Technicals_PPIH_daily,2026-05-07_FMP_Technicals_PPIH_daily,,,,,,,entity,Entities,,,,,,,,,,,,,,,,2026-06-01,,,,,,,,,,,,,,
world:entity:2026-05-07-fmp-technicals-prks-daily,Entity,2026-05-07_FMP_Technicals_PRKS_daily,2026-05-07_FMP_Technicals_PRKS_daily,2026-05-07_FMP_Technicals_PRKS_daily,,,,,,,entity,Entities,,,,,,,,,,,,,,,,2026-06-01,,,,,,,,,,,,,,
world:entity:2026-05-07-fmp-technicals-prta-daily,Entity,2026-05-07_FMP_Technicals_PRTA_daily,2026-05-07_FMP_Technicals_PRTA_daily,2026-05-07_FMP_Technicals_PRTA_daily,,,,,,,entity,Entities,,,,,,,,,,,,,,,,2026-06-01,,,,,,,,,,,,,,
world:entity:2026-05-07-fmp-technicals-psil-daily,Entity,2026-05-07_FMP_Technicals_PSIL_daily,2026-05-07_FMP_Technicals_PSIL_daily,2026-05-07_FMP_Technicals_PSIL_daily,,,,,,,entity,Entities,,,,,,,,,,,,,,,,2026-06-01,,,,,,,,,,,,,,
world:entity:2026-05-07-fmp-technicals-pwr-daily,Entity,2026-05-07_FMP_Technicals_PWR_daily,2026-05-07_FMP_Technicals_PWR_daily,2026-05-07_FMP_Technicals_PWR_daily,,,,,,,entity,Entities,,,,,,,,,,,,,,,,2026-06-01,,,,,,,,,,,,,,
world:entity:2026-05-07-fmp-technicals-qubt-daily,Entity,2026-05-07_FMP_Technicals_QUBT_daily,2026-05-07_FMP_Technicals_QUBT_daily,2026-05-07_FMP_Technicals_QUBT_daily,,,,,,,entity,Entities,,,,,,,,,,,,,,,,2026-06-01,,,,,,,,,,,,,,
world:entity:2026-05-07-fmp-technicals-rcat-daily,Entity,2026-05-07_FMP_Technicals_RCAT_daily,2026-05-07_FMP_Technicals_RCAT_daily,2026-05-07_FMP_Technicals_RCAT_daily,,,,,,,entity,Entities,,,,,,,,,,,,,,,,2026-06-01,,,,,,,,,,,,,,
world:entity:2026-05-07-fmp-technicals-rgti-daily,Entity,2026-05-07_FMP_Technicals_RGTI_daily,2026-05-07_FMP_Technicals_RGTI_daily,2026-05-07_FMP_Technicals_RGTI_daily,,,,,,,entity,Entities,,,,,,,,,,,,,,,,2026-06-01,,,,,,,,,,,,,,
world:entity:2026-05-07-fmp-technicals-rklb-daily,Entity,2026-05-07_FMP_Technicals_RKLB_daily,2026-05-07_FMP_Technicals_RKLB_daily,2026-05-07_FMP_Technicals_RKLB_daily,,,,,,,entity,Entities,,,,,,,,,,,,,,,,2026-06-01,,,,,,,,,,,,,,
world:entity:2026-05-07-fmp-technicals-rprx-daily,Entity,2026-05-07_FMP_Technicals_RPRX_daily,2026-05-07_FMP_Technicals_RPRX_daily,2026-05-07_FMP_Technicals_RPRX_daily,,,,,,,entity,Entities,,,,,,,,,,,,,,,,2026-06-01,,,,,,,,,,,,,,
world:entity:2026-05-07-fmp-technicals-rtx-daily,Entity,2026-05-07_FMP_Technicals_RTX_daily,2026-05-07_FMP_Technicals_RTX_daily,2026-05-07_FMP_Technicals_RTX_daily,,,,,,,entity,Entities,,,,,,,,,,,,,,,,2026-06-01,,,,,,,,,,,,,,
world:entity:2026-05-07-fmp-technicals-saic-daily,Entity,2026-05-07_FMP_Technicals_SAIC_daily,2026-05-07_FMP_Technicals_SAIC_daily,2026-05-07_FMP_Technicals_SAIC_daily,,,,,,,entity,Entities,,,,,,,,,,,,,,,,2026-06-01,,,,,,,,,,,,,,
world:entity:2026-05-07-fmp-technicals-sky-daily,Entity,2026-05-07_FMP_Technicals_SKY_daily,2026-05-07_FMP_Technicals_SKY_daily,2026-05-07_FMP_Technicals_SKY_daily,,,,,,,entity,Entities,,,,,,,,,,,,,,,,2026-06-01,,,,,,,,,,,,,,
world:entity:2026-05-07-fmp-technicals-smr-daily,Entity,2026-05-07_FMP_Technicals_SMR_daily,2026-05-07_FMP_Technicals_SMR_daily,2026-05-07_FMP_Technicals_SMR_daily,,,,,,,entity,Entities,,,,,,,,,,,,,,,,2026-06-01,,,,,,,,,,,,,,
world:entity:2026-05-07-fmp-technicals-spir-daily,Entity,2026-05-07_FMP_Technicals_SPIR_daily,2026-05-07_FMP_Technicals_SPIR_daily,2026-05-07_FMP_Technicals_SPIR_daily,,,,,,,entity,Entities,,,,,,,,,,,,,,,,2026-06-01,,,,,,,,,,,,,,
world:entity:2026-05-07-fmp-technicals-spro-daily,Entity,2026-05-07_FMP_Technicals_SPRO_daily,2026-05-07_FMP_Technicals_SPRO_daily,2026-05-07_FMP_Technicals_SPRO_daily,,,,,,,entity,Entities,,,,,,,,,,,,,,,,2026-06-01,,,,,,,,,,,,,,
world:entity:2026-05-07-fmp-technicals-stem-daily,Entity,2026-05-07_FMP_Technicals_STEM_daily,2026-05-07_FMP_Technicals_STEM_daily,2026-05-07_FMP_Technicals_STEM_daily,,,,,,,entity,Entities,,,,,,,,,,,,,,,,2026-06-01,,,,,,,,,,,,,,
world:entity:2026-05-07-fmp-technicals-strl-daily,Entity,2026-05-07_FMP_Technicals_STRL_daily,2026-05-07_FMP_Technicals_STRL_daily,2026-05-07_FMP_Technicals_STRL_daily,,,,,,,entity,Entities,,,,,,,,,,,,,,,,2026-06-01,,,,,,,,,,,,,,
world:entity:2026-05-07-fmp-technicals-tdy-daily,Entity,2026-05-07_FMP_Technicals_TDY_daily,2026-05-07_FMP_Technicals_TDY_daily,2026-05-07_FMP_Technicals_TDY_daily,,,,,,,entity,Entities,,,,,,,,,,,,,,,,2026-06-01,,,,,,,,,,,,,,
world:entity:2026-05-07-fmp-technicals-tmhc-daily,Entity,2026-05-07_FMP_Technicals_TMHC_daily,2026-05-07_FMP_Technicals_TMHC_daily,2026-05-07_FMP_Technicals_TMHC_daily,,,,,,,entity,Entities,,,,,,,,,,,,,,,,2026-06-01,,,,,,,,,,,,,,
world:entity:2026-05-07-fmp-technicals-tmo-daily,Entity,2026-05-07_FMP_Technicals_TMO_daily,2026-05-07_FMP_Technicals_TMO_daily,2026-05-07_FMP_Technicals_TMO_daily,,,,,,,entity,Entities,,,,,,,,,,,,,,,,2026-06-01,,,,,,,,,,,,,,
world:entity:2026-05-07-fmp-technicals-tnc-daily,Entity,2026-05-07_FMP_Technicals_TNC_daily,2026-05-07_FMP_Technicals_TNC_daily,2026-05-07_FMP_Technicals_TNC_daily,,,,,,,entity,Entities,,,,,,,,,,,,,,,,2026-06-01,,,,,,,,,,,,,,
world:entity:2026-05-07-fmp-technicals-tol-daily,Entity,2026-05-07_FMP_Technicals_TOL_daily,2026-05-07_FMP_Technicals_TOL_daily,2026-05-07_FMP_Technicals_TOL_daily,,,,,,,entity,Entities,,,,,,,,,,,,,,,,2026-06-01,,,,,,,,,,,,,,
world:entity:2026-05-07-fmp-technicals-tsla-daily,Entity,2026-05-07_FMP_Technicals_TSLA_daily,2026-05-07_FMP_Technicals_TSLA_daily,2026-05-07_FMP_Technicals_TSLA_daily,,,,,,,entity,Entities,,,,,,,,,,,,,,,,2026-06-01,,,,,,,,,,,,,,
world:entity:2026-05-07-fmp-technicals-tsn-daily,Entity,2026-05-07_FMP_Technicals_TSN_daily,2026-05-07_FMP_Technicals_TSN_daily,2026-05-07_FMP_Technicals_TSN_daily,,,,,,,entity,Entities,,,,,,,,,,,,,,,,2026-06-01,,,,,,,,,,,,,,
world:entity:2026-05-07-fmp-technicals-twst-daily,Entity,2026-05-07_FMP_Technicals_TWST_daily,2026-05-07_FMP_Technicals_TWST_daily,2026-05-07_FMP_Technicals_TWST_daily,,,,,,,entity,Entities,,,,,,,,,,,,,,,,2026-06-01,,,,,,,,,,,,,,
world:entity:2026-05-07-fmp-technicals-txt-daily,Entity,2026-05-07_FMP_Technicals_TXT_daily,2026-05-07_FMP_Technicals_TXT_daily,2026-05-07_FMP_Technicals_TXT_daily,,,,,,,entity,Entities,,,,,,,,,,,,,,,,2026-06-01,,,,,,,,,,,,,,
world:entity:2026-05-07-fmp-technicals-ufpt-daily,Entity,2026-05-07_FMP_Technicals_UFPT_daily,2026-05-07_FMP_Technicals_UFPT_daily,2026-05-07_FMP_Technicals_UFPT_daily,,,,,,,entity,Entities,,,,,,,,,,,,,,,,2026-06-01,,,,,,,,,,,,,,
world:entity:2026-05-07-fmp-technicals-umac-daily,Entity,2026-05-07_FMP_Technicals_UMAC_daily,2026-05-07_FMP_Technicals_UMAC_daily,2026-05-07_FMP_Technicals_UMAC_daily,,,,,,,entity,Entities,,,,,,,,,,,,,,,,2026-06-01,,,,,,,,,,,,,,
world:entity:2026-05-07-fmp-technicals-unty-daily,Entity,2026-05-07_FMP_Technicals_UNTY_daily,2026-05-07_FMP_Technicals_UNTY_daily,2026-05-07_FMP_Technicals_UNTY_daily,,,,,,,entity,Entities,,,,,,,,,,,,,,,,2026-06-01,,,,,,,,,,,,,,
world:entity:2026-05-07-fmp-technicals-vktx-daily,Entity,2026-05-07_FMP_Technicals_VKTX_daily,2026-05-07_FMP_Technicals_VKTX_daily,2026-05-07_FMP_Technicals_VKTX_daily,,,,,,,entity,Entities,,,,,,,,,,,,,,,,2026-06-01,,,,,,,,,,,,,,
world:entity:2026-05-07-fmp-technicals-vst-daily,Entity,2026-05-07_FMP_Technicals_VST_daily,2026-05-07_FMP_Technicals_VST_daily,2026-05-07_FMP_Technicals_VST_daily,,,,,,,entity,Entities,,,,,,,,,,,,,,,,2026-06-01,,,,,,,,,,,,,,
world:entity:2026-05-07-fmp-technicals-wcc-daily,Entity,2026-05-07_FMP_Technicals_WCC_daily,2026-05-07_FMP_Technicals_WCC_daily,2026-05-07_FMP_Technicals_WCC_daily,,,,,,,entity,Entities,,,,,,,,,,,,,,,,2026-06-01,,,,,,,,,,,,,,
world:entity:2026-05-07-fmp-technicals-wolf-daily,Entity,2026-05-07_FMP_Technicals_WOLF_daily,2026-05-07_FMP_Technicals_WOLF_daily,2026-05-07_FMP_Technicals_WOLF_daily,,,,,,,entity,Entities,,,,,,,,,,,,,,,,2026-06-01,,,,,,,,,,,,,,
world:entity:2026-05-07-fmp-technicals-wpm-daily,Entity,2026-05-07_FMP_Technicals_WPM_daily,2026-05-07_FMP_Technicals_WPM_daily,2026-05-07_FMP_Technicals_WPM_daily,,,,,,,entity,Entities,,,,,,,,,,,,,,,,2026-06-01,,,,,,,,,,,,,,
world:entity:2026-05-07-fmp-technicals-xoma-daily,Entity,2026-05-07_FMP_Technicals_XOMA_daily,2026-05-07_FMP_Technicals_XOMA_daily,2026-05-07_FMP_Technicals_XOMA_daily,,,,,,,entity,Entities,,,,,,,,,,,,,,,,2026-06-01,,,,,,,,,,,,,,
world:entity:2026-05-07-fmp-thesis-watchlist-bioengineered-food-systems,Entity,2026-05-07_FMP_Thesis_Watchlist_Bioengineered_Food_Systems,2026-05-07_FMP_Thesis_Watchlist_Bioengineered_Food_Systems,2026-05-07_FMP_Thesis_Watchlist_Bioengineered_Food_Systems,,,,,,,entity,Entities,,,,,,,,,,,,,,,,2026-06-01,,,,,,,,,,,,,,
world:entity:2026-05-07-fmp-thesis-watchlist-capital-raise-survivors-small-cap-inflection-basket,Entity,2026-05-07_FMP_Thesis_Watchlist_Capital_Raise_Survivors_Small-Cap_Inflection_Basket,2026-05-07_FMP_Thesis_Watchlist_Capital_Raise_Survivors_Small-Cap_Inflection_Basket,2026-05-07_FMP_Thesis_Watchlist_Capital_Raise_Survivors_Small-Cap_Inflection_Basket,,,,,,,entity,Entities,,,,,,,,,,,,,,,,2026-06-01,,,,,,,,,,,,,,
world:entity:2026-05-07-fmp-thesis-watchlist-defense-ai-autonomous-warfare,Entity,2026-05-07_FMP_Thesis_Watchlist_Defense_AI_&_Autonomous_Warfare,2026-05-07_FMP_Thesis_Watchlist_Defense_AI_&_Autonomous_Warfare,2026-05-07_FMP_Thesis_Watchlist_Defense_AI_&_Autonomous_Warfare,,,,,,,entity,Entities,,,,,,,,,,,,,,,,2026-06-01,,,,,,,,,,,,,,
world:entity:2026-05-07-fmp-thesis-watchlist-dollar-debasement-hard-money,Entity,2026-05-07_FMP_Thesis_Watchlist_Dollar_Debasement_&_Hard_Money,2026-05-07_FMP_Thesis_Watchlist_Dollar_Debasement_&_Hard_Money,2026-05-07_FMP_Thesis_Watchlist_Dollar_Debasement_&_Hard_Money,,,,,,,entity,Entities,,,,,,,,,,,,,,,,2026-06-01,,,,,,,,,,,,,,
world:entity:2026-05-07-fmp-thesis-watchlist-drone-autonomous-systems-revolution,Entity,2026-05-07_FMP_Thesis_Watchlist_Drone_&_Autonomous_Systems_Revolution,2026-05-07_FMP_Thesis_Watchlist_Drone_&_Autonomous_Systems_Revolution,2026-05-07_FMP_Thesis_Watchlist_Drone_&_Autonomous_Systems_Revolution,,,,,,,entity,Entities,,,,,,,,,,,,,,,,2026-06-01,,,,,,,,,,,,,,
world:entity:2026-05-07-fmp-thesis-watchlist-fiscal-scarcity-rearmament,Entity,2026-05-07_FMP_Thesis_Watchlist_Fiscal_Scarcity_Rearmament,2026-05-07_FMP_Thesis_Watchlist_Fiscal_Scarcity_Rearmament,2026-05-07_FMP_Thesis_Watchlist_Fiscal_Scarcity_Rearmament,,,,,,,entity,Entities,,,,,,,,,,,,,,,,2026-06-01,,,,,,,,,,,,,,
world:entity:2026-05-07-fmp-thesis-watchlist-gene-editing-crispr-therapeutics,Entity,2026-05-07_FMP_Thesis_Watchlist_Gene_Editing_&_CRISPR_Therapeutics,2026-05-07_FMP_Thesis_Watchlist_Gene_Editing_&_CRISPR_Therapeutics,2026-05-07_FMP_Thesis_Watchlist_Gene_Editing_&_CRISPR_Therapeutics,,,,,,,entity,Entities,,,,,,,,,,,,,,,,2026-06-01,,,,,,,,,,,,,,
world:entity:2026-05-07-fmp-thesis-watchlist-glp-1-metabolic-disease-revolution,Entity,2026-05-07_FMP_Thesis_Watchlist_GLP-1_Metabolic_Disease_Revolution,2026-05-07_FMP_Thesis_Watchlist_GLP-1_Metabolic_Disease_Revolution,2026-05-07_FMP_Thesis_Watchlist_GLP-1_Metabolic_Disease_Revolution,,,,,,,entity,Entities,,,,,,,,,,,,,,,,2026-06-01,,,,,,,,,,,,,,
world:entity:2026-05-07-fmp-thesis-watchlist-grid-scale-battery-storage,Entity,2026-05-07_FMP_Thesis_Watchlist_Grid-Scale_Battery_Storage,2026-05-07_FMP_Thesis_Watchlist_Grid-Scale_Battery_Storage,2026-05-07_FMP_Thesis_Watchlist_Grid-Scale_Battery_Storage,,,,,,,entity,Entities,,,,,,,,,,,,,,,,2026-06-01,,,,,,,,,,,,,,
world:entity:2026-05-07-fmp-thesis-watchlist-housing-supply-correction,Entity,2026-05-07_FMP_Thesis_Watchlist_Housing_Supply_Correction,2026-05-07_FMP_Thesis_Watchlist_Housing_Supply_Correction,2026-05-07_FMP_Thesis_Watchlist_Housing_Supply_Correction,,,,,,,entity,Entities,,,,,,,,,,,,,,,,2026-06-01,,,,,,,,,,,,,,
world:entity:2026-05-07-fmp-thesis-watchlist-hypersonic-weapons-advanced-defense-systems,Entity,2026-05-07_FMP_Thesis_Watchlist_Hypersonic_Weapons_&_Advanced_Defense_Systems,2026-05-07_FMP_Thesis_Watchlist_Hypersonic_Weapons_&_Advanced_Defense_Systems,2026-05-07_FMP_Thesis_Watchlist_Hypersonic_Weapons_&_Advanced_Defense_Systems,,,,,,,entity,Entities,,,,,,,,,,,,,,,,2026-06-01,,,,,,,,,,,,,,
world:entity:2026-05-07-fmp-thesis-watchlist-nuclear-renaissance-small-modular-reactors,Entity,2026-05-07_FMP_Thesis_Watchlist_Nuclear_Renaissance_&_Small_Modular_Reactors,2026-05-07_FMP_Thesis_Watchlist_Nuclear_Renaissance_&_Small_Modular_Reactors,2026-05-07_FMP_Thesis_Watchlist_Nuclear_Renaissance_&_Small_Modular_Reactors,,,,,,,entity,Entities,,,,,,,,,,,,,,,,2026-06-01,,,,,,,,,,,,,,
world:entity:2026-05-07-fmp-thesis-watchlist-psychedelic-mental-health-revolution,Entity,2026-05-07_FMP_Thesis_Watchlist_Psychedelic_Mental_Health_Revolution,2026-05-07_FMP_Thesis_Watchlist_Psychedelic_Mental_Health_Revolution,2026-05-07_FMP_Thesis_Watchlist_Psychedelic_Mental_Health_Revolution,,,,,,,entity,Entities,,,,,,,,,,,,,,,,2026-06-01,,,,,,,,,,,,,,
world:entity:2026-05-07-fmp-thesis-watchlist-quantum-computing,Entity,2026-05-07_FMP_Thesis_Watchlist_Quantum_Computing,2026-05-07_FMP_Thesis_Watchlist_Quantum_Computing,2026-05-07_FMP_Thesis_Watchlist_Quantum_Computing,,,,,,,entity,Entities,,,,,,,,,,,,,,,,2026-06-01,,,,,,,,,,,,,,
world:entity:2026-05-07-fmp-thesis-watchlist-space-domain-awareness-commercial-space,Entity,2026-05-07_FMP_Thesis_Watchlist_Space_Domain_Awareness_&_Commercial_Space,2026-05-07_FMP_Thesis_Watchlist_Space_Domain_Awareness_&_Commercial_Space,2026-05-07_FMP_Thesis_Watchlist_Space_Domain_Awareness_&_Commercial_Space,,,,,,,entity,Entities,,,,,,,,,,,,,,,,2026-06-01,,,,,,,,,,,,,,
world:entity:2026-05-07-fred-liquidity,Entity,2026-05-07_FRED_Liquidity,2026-05-07_FRED_Liquidity,2026-05-07_FRED_Liquidity,,,,,,,entity,Entities,,,,,,,,,,,,,,,,2026-06-01,,,,,,,,,,,,,,
world:entity:2026-05-07-opportunity-viewpoints,Entity,2026-05-07_Opportunity_Viewpoints,2026-05-07_Opportunity_Viewpoints,2026-05-07_Opportunity_Viewpoints,,,,,,,entity,Entities,,,,,,,,,,,,,,,,2026-06-01,,,,,,,,,,,,,,
world:entity:2026-05-08-entropy-monitor-ctra-insm-zts-ddog-ftnt-tpr-app-usfd-dash-vtrs-mdb-axon-mtsi-alb-mdln-lng-expe-crwd-hwm,Entity,2026-05-08_Entropy_Monitor_CTRA_INSM_ZTS_DDOG_FTNT_TPR_APP_USFD_DASH_VTRS_MDB_AXON_MTSI_ALB_MDLN_LNG_EXPE_CRWD_HWM,2026-05-08_Entropy_Monitor_CTRA_INSM_ZTS_DDOG_FTNT_TPR_APP_USFD_DASH_VTRS_MDB_AXON_MTSI_ALB_MDLN_LNG_EXPE_CRWD_HWM,2026-05-08_Entropy_Monitor_CTRA_INSM_ZTS_DDOG_FTNT_TPR_APP_USFD_DASH_VTRS_MDB_AXON_MTSI_ALB_MDLN_LNG_EXPE_CRWD_HWM,,,,,,,entity,Entities,,,,,,,,,,,,,,,,2026-06-01,,,,,,,,,,,,,,
world:entity:2026-05-08-fmp-earnings-calendar-thesis-watchlists,Entity,2026-05-08_FMP_Earnings_Calendar_Thesis_Watchlists,2026-05-08_FMP_Earnings_Calendar_Thesis_Watchlists,2026-05-08_FMP_Earnings_Calendar_Thesis_Watchlists,,,,,,,entity,Entities,,,,,,,,,,,,,,,,2026-06-01,,,,,,,,,,,,,,
world:entity:2026-05-08-fmp-economiccalendar,Entity,2026-05-08_FMP_EconomicCalendar,2026-05-08_FMP_EconomicCalendar,2026-05-08_FMP_EconomicCalendar,,,,,,,entity,Entities,,,,,,,,,,,,,,,,2026-06-01,,,,,,,,,,,,,,
world:entity:2026-05-08-fmp-technicals-abbv-daily,Entity,2026-05-08_FMP_Technicals_ABBV_daily,2026-05-08_FMP_Technicals_ABBV_daily,2026-05-08_FMP_Technicals_ABBV_daily,,,,,,,entity,Entities,,,,,,,,,,,,,,,,2026-06-01,,,,,,,,,,,,,,
world:entity:2026-05-08-fmp-technicals-acad-daily,Entity,2026-05-08_FMP_Technicals_ACAD_daily,2026-05-08_FMP_Technicals_ACAD_daily,2026-05-08_FMP_Technicals_ACAD_daily,,,,,,,entity,Entities,,,,,,,,,,,,,,,,2026-06-01,,,,,,,,,,,,,,
world:entity:2026-05-08-fmp-technicals-achr-daily,Entity,2026-05-08_FMP_Technicals_ACHR_daily,2026-05-08_FMP_Technicals_ACHR_daily,2026-05-08_FMP_Technicals_ACHR_daily,,,,,,,entity,Entities,,,,,,,,,,,,,,,,2026-06-01,,,,,,,,,,,,,,
world:entity:2026-05-08-fmp-technicals-adm-daily,Entity,2026-05-08_FMP_Technicals_ADM_daily,2026-05-08_FMP_Technicals_ADM_daily,2026-05-08_FMP_Technicals_ADM_daily,,,,,,,entity,Entities,,,,,,,,,,,,,,,,2026-06-01,,,,,,,,,,,,,,
world:entity:2026-05-08-fmp-technicals-airo-daily,Entity,2026-05-08_FMP_Technicals_AIRO_daily,2026-05-08_FMP_Technicals_AIRO_daily,2026-05-08_FMP_Technicals_AIRO_daily,,,,,,,entity,Entities,,,,,,,,,,,,,,,,2026-06-01,,,,,,,,,,,,,,
world:entity:2026-05-08-fmp-technicals-alks-daily,Entity,2026-05-08_FMP_Technicals_ALKS_daily,2026-05-08_FMP_Technicals_ALKS_daily,2026-05-08_FMP_Technicals_ALKS_daily,,,,,,,entity,Entities,,,,,,,,,,,,,,,,2026-06-01,,,,,,,,,,,,,,
world:entity:2026-05-08-fmp-technicals-alvo-daily,Entity,2026-05-08_FMP_Technicals_ALVO_daily,2026-05-08_FMP_Technicals_ALVO_daily,2026-05-08_FMP_Technicals_ALVO_daily,,,,,,,entity,Entities,,,,,,,,,,,,,,,,2026-06-01,,,,,,,,,,,,,,
world:entity:2026-05-08-fmp-technicals-amat-daily,Entity,2026-05-08_FMP_Technicals_AMAT_daily,2026-05-08_FMP_Technicals_AMAT_daily,2026-05-08_FMP_Technicals_AMAT_daily,,,,,,,entity,Entities,,,,,,,,,,,,,,,,2026-06-01,,,,,,,,,,,,,,
world:entity:2026-05-08-fmp-technicals-amgn-daily,Entity,2026-05-08_FMP_Technicals_AMGN_daily,2026-05-08_FMP_Technicals_AMGN_daily,2026-05-08_FMP_Technicals_AMGN_daily,,,,,,,entity,Entities,,,,,,,,,,,,,,,,2026-06-01,,,,,,,,,,,,,,
world:entity:2026-05-08-fmp-technicals-amsc-daily,Entity,2026-05-08_FMP_Technicals_AMSC_daily,2026-05-08_FMP_Technicals_AMSC_daily,2026-05-08_FMP_Technicals_AMSC_daily,,,,,,,entity,Entities,,,,,,,,,,,,,,,,2026-06-01,,,,,,,,,,,,,,
world:entity:2026-05-08-fmp-technicals-asts-daily,Entity,2026-05-08_FMP_Technicals_ASTS_daily,2026-05-08_FMP_Technicals_ASTS_daily,2026-05-08_FMP_Technicals_ASTS_daily,,,,,,,entity,Entities,,,,,,,,,,,,,,,,2026-06-01,,,,,,,,,,,,,,
world:entity:2026-05-08-fmp-technicals-atai-daily,Entity,2026-05-08_FMP_Technicals_ATAI_daily,2026-05-08_FMP_Technicals_ATAI_daily,2026-05-08_FMP_Technicals_ATAI_daily,,,,,,,entity,Entities,,,,,,,,,,,,,,,,2026-06-01,,,,,,,,,,,,,,
world:entity:2026-05-08-fmp-technicals-avav-daily,Entity,2026-05-08_FMP_Technicals_AVAV_daily,2026-05-08_FMP_Technicals_AVAV_daily,2026-05-08_FMP_Technicals_AVAV_daily,,,,,,,entity,Entities,,,,,,,,,,,,,,,,2026-06-01,,,,,,,,,,,,,,
world:entity:2026-05-08-fmp-technicals-bah-daily,Entity,2026-05-08_FMP_Technicals_BAH_daily,2026-05-08_FMP_Technicals_BAH_daily,2026-05-08_FMP_Technicals_BAH_daily,,,,,,,entity,Entities,,,,,,,,,,,,,,,,2026-06-01,,,,,,,,,,,,,,
world:entity:2026-05-08-fmp-technicals-bbai-daily,Entity,2026-05-08_FMP_Technicals_BBAI_daily,2026-05-08_FMP_Technicals_BBAI_daily,2026-05-08_FMP_Technicals_BBAI_daily,,,,,,,entity,Entities,,,,,,,,,,,,,,,,2026-06-01,,,,,,,,,,,,,,
world:entity:2026-05-08-fmp-technicals-beam-daily,Entity,2026-05-08_FMP_Technicals_BEAM_daily,2026-05-08_FMP_Technicals_BEAM_daily,2026-05-08_FMP_Technicals_BEAM_daily,,,,,,,entity,Entities,,,,,,,,,,,,,,,,2026-06-01,,,,,,,,,,,,,,
world:entity:2026-05-08-fmp-technicals-bg-daily,Entity,2026-05-08_FMP_Technicals_BG_daily,2026-05-08_FMP_Technicals_BG_daily,2026-05-08_FMP_Technicals_BG_daily,,,,,,,entity,Entities,,,,,,,,,,,,,,,,2026-06-01,,,,,,,,,,,,,,
world:entity:2026-05-08-fmp-technicals-biib-daily,Entity,2026-05-08_FMP_Technicals_BIIB_daily,2026-05-08_FMP_Technicals_BIIB_daily,2026-05-08_FMP_Technicals_BIIB_daily,,,,,,,entity,Entities,,,,,,,,,,,,,,,,2026-06-01,,,,,,,,,,,,,,
world:entity:2026-05-08-fmp-technicals-bksy-daily,Entity,2026-05-08_FMP_Technicals_BKSY_daily,2026-05-08_FMP_Technicals_BKSY_daily,2026-05-08_FMP_Technicals_BKSY_daily,,,,,,,entity,Entities,,,,,,,,,,,,,,,,2026-06-01,,,,,,,,,,,,,,
world:entity:2026-05-08-fmp-technicals-brbr-daily,Entity,2026-05-08_FMP_Technicals_BRBR_daily,2026-05-08_FMP_Technicals_BRBR_daily,2026-05-08_FMP_Technicals_BRBR_daily,,,,,,,entity,Entities,,,,,,,,,,,,,,,,2026-06-01,,,,,,,,,,,,,,
world:entity:2026-05-08-fmp-technicals-bw-daily,Entity,2026-05-08_FMP_Technicals_BW_daily,2026-05-08_FMP_Technicals_BW_daily,2026-05-08_FMP_Technicals_BW_daily,,,,,,,entity,Entities,,,,,,,,,,,,,,,,2026-06-01,,,,,,,,,,,,,,
world:entity:2026-05-08-fmp-technicals-bynd-daily,Entity,2026-05-08_FMP_Technicals_BYND_daily,2026-05-08_FMP_Technicals_BYND_daily,2026-05-08_FMP_Technicals_BYND_daily,,,,,,,entity,Entities,,,,,,,,,,,,,,,,2026-06-01,,,,,,,,,,,,,,
world:entity:2026-05-08-fmp-technicals-caci-daily,Entity,2026-05-08_FMP_Technicals_CACI_daily,2026-05-08_FMP_Technicals_CACI_daily,2026-05-08_FMP_Technicals_CACI_daily,,,,,,,entity,Entities,,,,,,,,,,,,,,,,2026-06-01,,,,,,,,,,,,,,
world:entity:2026-05-08-fmp-technicals-ccj-daily,Entity,2026-05-08_FMP_Technicals_CCJ_daily,2026-05-08_FMP_Technicals_CCJ_daily,2026-05-08_FMP_Technicals_CCJ_daily,,,,,,,entity,Entities,,,,,,,,,,,,,,,,2026-06-01,,,,,,,,,,,,,,
world:entity:2026-05-08-fmp-technicals-ceg-daily,Entity,2026-05-08_FMP_Technicals_CEG_daily,2026-05-08_FMP_Technicals_CEG_daily,2026-05-08_FMP_Technicals_CEG_daily,,,,,,,entity,Entities,,,,,,,,,,,,,,,,2026-06-01,,,,,,,,,,,,,,
world:entity:2026-05-08-fmp-technicals-cmps-daily,Entity,2026-05-08_FMP_Technicals_CMPS_daily,2026-05-08_FMP_Technicals_CMPS_daily,2026-05-08_FMP_Technicals_CMPS_daily,,,,,,,entity,Entities,,,,,,,,,,,,,,,,2026-06-01,,,,,,,,,,,,,,
world:entity:2026-05-08-fmp-technicals-coin-daily,Entity,2026-05-08_FMP_Technicals_COIN_daily,2026-05-08_FMP_Technicals_COIN_daily,2026-05-08_FMP_Technicals_COIN_daily,,,,,,,entity,Entities,,,,,,,,,,,,,,,,2026-06-01,,,,,,,,,,,,,,
world:entity:2026-05-08-fmp-technicals-crsp-daily,Entity,2026-05-08_FMP_Technicals_CRSP_daily,2026-05-08_FMP_Technicals_CRSP_daily,2026-05-08_FMP_Technicals_CRSP_daily,,,,,,,entity,Entities,,,,,,,,,,,,,,,,2026-06-01,,,,,,,,,,,,,,
world:entity:2026-05-08-fmp-technicals-ctva-daily,Entity,2026-05-08_FMP_Technicals_CTVA_daily,2026-05-08_FMP_Technicals_CTVA_daily,2026-05-08_FMP_Technicals_CTVA_daily,,,,,,,entity,Entities,,,,,,,,,,,,,,,,2026-06-01,,,,,,,,,,,,,,
world:entity:2026-05-08-fmp-technicals-dftx-daily,Entity,2026-05-08_FMP_Technicals_DFTX_daily,2026-05-08_FMP_Technicals_DFTX_daily,2026-05-08_FMP_Technicals_DFTX_daily,,,,,,,entity,Entities,,,,,,,,,,,,,,,,2026-06-01,,,,,,,,,,,,,,
world:entity:2026-05-08-fmp-technicals-dhi-daily,Entity,2026-05-08_FMP_Technicals_DHI_daily,2026-05-08_FMP_Technicals_DHI_daily,2026-05-08_FMP_Technicals_DHI_daily,,,,,,,entity,Entities,,,,,,,,,,,,,,,,2026-06-01,,,,,,,,,,,,,,
world:entity:2026-05-08-fmp-technicals-dna-daily,Entity,2026-05-08_FMP_Technicals_DNA_daily,2026-05-08_FMP_Technicals_DNA_daily,2026-05-08_FMP_Technicals_DNA_daily,,,,,,,entity,Entities,,,,,,,,,,,,,,,,2026-06-01,,,,,,,,,,,,,,
world:entity:2026-05-08-fmp-technicals-dpro-daily,Entity,2026-05-08_FMP_Technicals_DPRO_daily,2026-05-08_FMP_Technicals_DPRO_daily,2026-05-08_FMP_Technicals_DPRO_daily,,,,,,,entity,Entities,,,,,,,,,,,,,,,,2026-06-01,,,,,,,,,,,,,,
world:entity:2026-05-08-fmp-technicals-ecpg-daily,Entity,2026-05-08_FMP_Technicals_ECPG_daily,2026-05-08_FMP_Technicals_ECPG_daily,2026-05-08_FMP_Technicals_ECPG_daily,,,,,,,entity,Entities,,,,,,,,,,,,,,,,2026-06-01,,,,,,,,,,,,,,
world:entity:2026-05-08-fmp-technicals-edit-daily,Entity,2026-05-08_FMP_Technicals_EDIT_daily,2026-05-08_FMP_Technicals_EDIT_daily,2026-05-08_FMP_Technicals_EDIT_daily,,,,,,,entity,Entities,,,,,,,,,,,,,,,,2026-06-01,,,,,,,,,,,,,,
world:entity:2026-05-08-fmp-technicals-eh-daily,Entity,2026-05-08_FMP_Technicals_EH_daily,2026-05-08_FMP_Technicals_EH_daily,2026-05-08_FMP_Technicals_EH_daily,,,,,,,entity,Entities,,,,,,,,,,,,,,,,2026-06-01,,,,,,,,,,,,,,
world:entity:2026-05-08-fmp-technicals-envx-daily,Entity,2026-05-08_FMP_Technicals_ENVX_daily,2026-05-08_FMP_Technicals_ENVX_daily,2026-05-08_FMP_Technicals_ENVX_daily,,,,,,,entity,Entities,,,,,,,,,,,,,,,,2026-06-01,,,,,,,,,,,,,,
world:entity:2026-05-08-fmp-technicals-eslt-daily,Entity,2026-05-08_FMP_Technicals_ESLT_daily,2026-05-08_FMP_Technicals_ESLT_daily,2026-05-08_FMP_Technicals_ESLT_daily,,,,,,,entity,Entities,,,,,,,,,,,,,,,,2026-06-01,,,,,,,,,,,,,,
world:entity:2026-05-08-fmp-technicals-etn-daily,Entity,2026-05-08_FMP_Technicals_ETN_daily,2026-05-08_FMP_Technicals_ETN_daily,2026-05-08_FMP_Technicals_ETN_daily,,,,,,,entity,Entities,,,,,,,,,,,,,,,,2026-06-01,,,,,,,,,,,,,,
world:entity:2026-05-08-fmp-technicals-flnc-daily,Entity,2026-05-08_FMP_Technicals_FLNC_daily,2026-05-08_FMP_Technicals_FLNC_daily,2026-05-08_FMP_Technicals_FLNC_daily,,,,,,,entity,Entities,,,,,,,,,,,,,,,,2026-06-01,,,,,,,,,,,,,,
world:entity:2026-05-08-fmp-technicals-fmc-daily,Entity,2026-05-08_FMP_Technicals_FMC_daily,2026-05-08_FMP_Technicals_FMC_daily,2026-05-08_FMP_Technicals_FMC_daily,,,,,,,entity,Entities,,,,,,,,,,,,,,,,2026-06-01,,,,,,,,,,,,,,
world:entity:2026-05-08-fmp-technicals-gd-daily,Entity,2026-05-08_FMP_Technicals_GD_daily,2026-05-08_FMP_Technicals_GD_daily,2026-05-08_FMP_Technicals_GD_daily,,,,,,,entity,Entities,,,,,,,,,,,,,,,,2026-06-01,,,,,,,,,,,,,,
world:entity:2026-05-08-fmp-technicals-gev-daily,Entity,2026-05-08_FMP_Technicals_GEV_daily,2026-05-08_FMP_Technicals_GEV_daily,2026-05-08_FMP_Technicals_GEV_daily,,,,,,,entity,Entities,,,,,,,,,,,,,,,,2026-06-01,,,,,,,,,,,,,,
world:entity:2026-05-08-fmp-technicals-ghrs-daily,Entity,2026-05-08_FMP_Technicals_GHRS_daily,2026-05-08_FMP_Technicals_GHRS_daily,2026-05-08_FMP_Technicals_GHRS_daily,,,,,,,entity,Entities,,,,,,,,,,,,,,,,2026-06-01,,,,,,,,,,,,,,
world:entity:2026-05-08-fmp-technicals-googl-daily,Entity,2026-05-08_FMP_Technicals_GOOGL_daily,2026-05-08_FMP_Technicals_GOOGL_daily,2026-05-08_FMP_Technicals_GOOGL_daily,,,,,,,entity,Entities,,,,,,,,,,,,,,,,2026-06-01,,,,,,,,,,,,,,
world:entity:2026-05-08-fmp-technicals-help-daily,Entity,2026-05-08_FMP_Technicals_HELP_daily,2026-05-08_FMP_Technicals_HELP_daily,2026-05-08_FMP_Technicals_HELP_daily,,,,,,,entity,Entities,,,,,,,,,,,,,,,,2026-06-01,,,,,,,,,,,,,,
world:entity:2026-05-08-fmp-technicals-hims-daily,Entity,2026-05-08_FMP_Technicals_HIMS_daily,2026-05-08_FMP_Technicals_HIMS_daily,2026-05-08_FMP_Technicals_HIMS_daily,,,,,,,entity,Entities,,,,,,,,,,,,,,,,2026-06-01,,,,,,,,,,,,,,
world:entity:2026-05-08-fmp-technicals-hovr-daily,Entity,2026-05-08_FMP_Technicals_HOVR_daily,2026-05-08_FMP_Technicals_HOVR_daily,2026-05-08_FMP_Technicals_HOVR_daily,,,,,,,entity,Entities,,,,,,,,,,,,,,,,2026-06-01,,,,,,,,,,,,,,
world:entity:2026-05-08-fmp-technicals-iff-daily,Entity,2026-05-08_FMP_Technicals_IFF_daily,2026-05-08_FMP_Technicals_IFF_daily,2026-05-08_FMP_Technicals_IFF_daily,,,,,,,entity,Entities,,,,,,,,,,,,,,,,2026-06-01,,,,,,,,,,,,,,
world:entity:2026-05-08-fmp-technicals-iipr-daily,Entity,2026-05-08_FMP_Technicals_IIPR_daily,2026-05-08_FMP_Technicals_IIPR_daily,2026-05-08_FMP_Technicals_IIPR_daily,,,,,,,entity,Entities,,,,,,,,,,,,,,,,2026-06-01,,,,,,,,,,,,,,
world:entity:2026-05-08-fmp-technicals-inva-daily,Entity,2026-05-08_FMP_Technicals_INVA_daily,2026-05-08_FMP_Technicals_INVA_daily,2026-05-08_FMP_Technicals_INVA_daily,,,,,,,entity,Entities,,,,,,,,,,,,,,,,2026-06-01,,,,,,,,,,,,,,
world:entity:2026-05-08-fmp-technicals-ionq-daily,Entity,2026-05-08_FMP_Technicals_IONQ_daily,2026-05-08_FMP_Technicals_IONQ_daily,2026-05-08_FMP_Technicals_IONQ_daily,,,,,,,entity,Entities,,,,,,,,,,,,,,,,2026-06-01,,,,,,,,,,,,,,
world:entity:2026-05-08-fmp-technicals-jnj-daily,Entity,2026-05-08_FMP_Technicals_JNJ_daily,2026-05-08_FMP_Technicals_JNJ_daily,2026-05-08_FMP_Technicals_JNJ_daily,,,,,,,entity,Entities,,,,,,,,,,,,,,,,2026-06-01,,,,,,,,,,,,,,
world:entity:2026-05-08-fmp-technicals-joby-daily,Entity,2026-05-08_FMP_Technicals_JOBY_daily,2026-05-08_FMP_Technicals_JOBY_daily,2026-05-08_FMP_Technicals_JOBY_daily,,,,,,,entity,Entities,,,,,,,,,,,,,,,,2026-06-01,,,,,,,,,,,,,,
world:entity:2026-05-08-fmp-technicals-klac-daily,Entity,2026-05-08_FMP_Technicals_KLAC_daily,2026-05-08_FMP_Technicals_KLAC_daily,2026-05-08_FMP_Technicals_KLAC_daily,,,,,,,entity,Entities,,,,,,,,,,,,,,,,2026-06-01,,,,,,,,,,,,,,
world:entity:2026-05-08-fmp-technicals-ktos-daily,Entity,2026-05-08_FMP_Technicals_KTOS_daily,2026-05-08_FMP_Technicals_KTOS_daily,2026-05-08_FMP_Technicals_KTOS_daily,,,,,,,entity,Entities,,,,,,,,,,,,,,,,2026-06-01,,,,,,,,,,,,,,
world:entity:2026-05-08-fmp-technicals-ldos-daily,Entity,2026-05-08_FMP_Technicals_LDOS_daily,2026-05-08_FMP_Technicals_LDOS_daily,2026-05-08_FMP_Technicals_LDOS_daily,,,,,,,entity,Entities,,,,,,,,,,,,,,,,2026-06-01,,,,,,,,,,,,,,
world:entity:2026-05-08-fmp-technicals-len-daily,Entity,2026-05-08_FMP_Technicals_LEN_daily,2026-05-08_FMP_Technicals_LEN_daily,2026-05-08_FMP_Technicals_LEN_daily,,,,,,,entity,Entities,,,,,,,,,,,,,,,,2026-06-01,,,,,,,,,,,,,,
world:entity:2026-05-08-fmp-technicals-lhx-daily,Entity,2026-05-08_FMP_Technicals_LHX_daily,2026-05-08_FMP_Technicals_LHX_daily,2026-05-08_FMP_Technicals_LHX_daily,,,,,,,entity,Entities,,,,,,,,,,,,,,,,2026-06-01,,,,,,,,,,,,,,
world:entity:2026-05-08-fmp-technicals-lly-daily,Entity,2026-05-08_FMP_Technicals_LLY_daily,2026-05-08_FMP_Technicals_LLY_daily,2026-05-08_FMP_Technicals_LLY_daily,,,,,,,entity,Entities,,,,,,,,,,,,,,,,2026-06-01,,,,,,,,,,,,,,
world:entity:2026-05-08-fmp-technicals-lmt-daily,Entity,2026-05-08_FMP_Technicals_LMT_daily,2026-05-08_FMP_Technicals_LMT_daily,2026-05-08_FMP_Technicals_LMT_daily,,,,,,,entity,Entities,,,,,,,,,,,,,,,,2026-06-01,,,,,,,,,,,,,,
world:entity:2026-05-08-fmp-technicals-lrcx-daily,Entity,2026-05-08_FMP_Technicals_LRCX_daily,2026-05-08_FMP_Technicals_LRCX_daily,2026-05-08_FMP_Technicals_LRCX_daily,,,,,,,entity,Entities,,,,,,,,,,,,,,,,2026-06-01,,,,,,,,,,,,,,
world:entity:2026-05-08-fmp-technicals-mnts-daily,Entity,2026-05-08_FMP_Technicals_MNTS_daily,2026-05-08_FMP_Technicals_MNTS_daily,2026-05-08_FMP_Technicals_MNTS_daily,,,,,,,entity,Entities,,,,,,,,,,,,,,,,2026-06-01,,,,,,,,,,,,,,
world:entity:2026-05-08-fmp-technicals-mrk-daily,Entity,2026-05-08_FMP_Technicals_MRK_daily,2026-05-08_FMP_Technicals_MRK_daily,2026-05-08_FMP_Technicals_MRK_daily,,,,,,,entity,Entities,,,,,,,,,,,,,,,,2026-06-01,,,,,,,,,,,,,,
world:entity:2026-05-08-fmp-technicals-msft-daily,Entity,2026-05-08_FMP_Technicals_MSFT_daily,2026-05-08_FMP_Technicals_MSFT_daily,2026-05-08_FMP_Technicals_MSFT_daily,,,,,,,entity,Entities,,,,,,,,,,,,,,,,2026-06-01,,,,,,,,,,,,,,
world:entity:2026-05-08-fmp-technicals-mstr-daily,Entity,2026-05-08_FMP_Technicals_MSTR_daily,2026-05-08_FMP_Technicals_MSTR_daily,2026-05-08_FMP_Technicals_MSTR_daily,,,,,,,entity,Entities,,,,,,,,,,,,,,,,2026-06-01,,,,,,,,,,,,,,
world:entity:2026-05-08-fmp-technicals-mtz-daily,Entity,2026-05-08_FMP_Technicals_MTZ_daily,2026-05-08_FMP_Technicals_MTZ_daily,2026-05-08_FMP_Technicals_MTZ_daily,,,,,,,entity,Entities,,,,,,,,,,,,,,,,2026-06-01,,,,,,,,,,,,,,
world:entity:2026-05-08-fmp-technicals-myrg-daily,Entity,2026-05-08_FMP_Technicals_MYRG_daily,2026-05-08_FMP_Technicals_MYRG_daily,2026-05-08_FMP_Technicals_MYRG_daily,,,,,,,entity,Entities,,,,,,,,,,,,,,,,2026-06-01,,,,,,,,,,,,,,
world:entity:2026-05-08-fmp-technicals-nbix-daily,Entity,2026-05-08_FMP_Technicals_NBIX_daily,2026-05-08_FMP_Technicals_NBIX_daily,2026-05-08_FMP_Technicals_NBIX_daily,,,,,,,entity,Entities,,,,,,,,,,,,,,,,2026-06-01,,,,,,,,,,,,,,
world:entity:2026-05-08-fmp-technicals-nem-daily,Entity,2026-05-08_FMP_Technicals_NEM_daily,2026-05-08_FMP_Technicals_NEM_daily,2026-05-08_FMP_Technicals_NEM_daily,,,,,,,entity,Entities,,,,,,,,,,,,,,,,2026-06-01,,,,,,,,,,,,,,
world:entity:2026-05-08-fmp-technicals-nktr-daily,Entity,2026-05-08_FMP_Technicals_NKTR_daily,2026-05-08_FMP_Technicals_NKTR_daily,2026-05-08_FMP_Technicals_NKTR_daily,,,,,,,entity,Entities,,,,,,,,,,,,,,,,2026-06-01,,,,,,,,,,,,,,
world:entity:2026-05-08-fmp-technicals-nne-daily,Entity,2026-05-08_FMP_Technicals_NNE_daily,2026-05-08_FMP_Technicals_NNE_daily,2026-05-08_FMP_Technicals_NNE_daily,,,,,,,entity,Entities,,,,,,,,,,,,,,,,2026-06-01,,,,,,,,,,,,,,
world:entity:2026-05-08-fmp-technicals-noc-daily,Entity,2026-05-08_FMP_Technicals_NOC_daily,2026-05-08_FMP_Technicals_NOC_daily,2026-05-08_FMP_Technicals_NOC_daily,,,,,,,entity,Entities,,,,,,,,,,,,,,,,2026-06-01,,,,,,,,,,,,,,
world:entity:2026-05-08-fmp-technicals-nrg-daily,Entity,2026-05-08_FMP_Technicals_NRG_daily,2026-05-08_FMP_Technicals_NRG_daily,2026-05-08_FMP_Technicals_NRG_daily,,,,,,,entity,Entities,,,,,,,,,,,,,,,,2026-06-01,,,,,,,,,,,,,,
world:entity:2026-05-08-fmp-technicals-ntla-daily,Entity,2026-05-08_FMP_Technicals_NTLA_daily,2026-05-08_FMP_Technicals_NTLA_daily,2026-05-08_FMP_Technicals_NTLA_daily,,,,,,,entity,Entities,,,,,,,,,,,,,,,,2026-06-01,,,,,,,,,,,,,,
world:entity:2026-05-08-fmp-technicals-nvda-daily,Entity,2026-05-08_FMP_Technicals_NVDA_daily,2026-05-08_FMP_Technicals_NVDA_daily,2026-05-08_FMP_Technicals_NVDA_daily,,,,,,,entity,Entities,,,,,,,,,,,,,,,,2026-06-01,,,,,,,,,,,,,,
world:entity:2026-05-08-fmp-technicals-on-daily,Entity,2026-05-08_FMP_Technicals_ON_daily,2026-05-08_FMP_Technicals_ON_daily,2026-05-08_FMP_Technicals_ON_daily,,,,,,,entity,Entities,,,,,,,,,,,,,,,,2026-06-01,,,,,,,,,,,,,,
world:entity:2026-05-08-fmp-technicals-onds-daily,Entity,2026-05-08_FMP_Technicals_ONDS_daily,2026-05-08_FMP_Technicals_ONDS_daily,2026-05-08_FMP_Technicals_ONDS_daily,,,,,,,entity,Entities,,,,,,,,,,,,,,,,2026-06-01,,,,,,,,,,,,,,
world:entity:2026-05-08-fmp-technicals-onto-daily,Entity,2026-05-08_FMP_Technicals_ONTO_daily,2026-05-08_FMP_Technicals_ONTO_daily,2026-05-08_FMP_Technicals_ONTO_daily,,,,,,,entity,Entities,,,,,,,,,,,,,,,,2026-06-01,,,,,,,,,,,,,,
world:entity:2026-05-08-fmp-technicals-pfe-daily,Entity,2026-05-08_FMP_Technicals_PFE_daily,2026-05-08_FMP_Technicals_PFE_daily,2026-05-08_FMP_Technicals_PFE_daily,,,,,,,entity,Entities,,,,,,,,,,,,,,,,2026-06-01,,,,,,,,,,,,,,
world:entity:2026-05-08-fmp-technicals-pl-daily,Entity,2026-05-08_FMP_Technicals_PL_daily,2026-05-08_FMP_Technicals_PL_daily,2026-05-08_FMP_Technicals_PL_daily,,,,,,,entity,Entities,,,,,,,,,,,,,,,,2026-06-01,,,,,,,,,,,,,,
world:entity:2026-05-08-fmp-technicals-pltr-daily,Entity,2026-05-08_FMP_Technicals_PLTR_daily,2026-05-08_FMP_Technicals_PLTR_daily,2026-05-08_FMP_Technicals_PLTR_daily,,,,,,,entity,Entities,,,,,,,,,,,,,,,,2026-06-01,,,,,,,,,,,,,,
world:entity:2026-05-08-fmp-technicals-powl-daily,Entity,2026-05-08_FMP_Technicals_POWL_daily,2026-05-08_FMP_Technicals_POWL_daily,2026-05-08_FMP_Technicals_POWL_daily,,,,,,,entity,Entities,,,,,,,,,,,,,,,,2026-06-01,,,,,,,,,,,,,,
world:entity:2026-05-08-fmp-technicals-ppih-daily,Entity,2026-05-08_FMP_Technicals_PPIH_daily,2026-05-08_FMP_Technicals_PPIH_daily,2026-05-08_FMP_Technicals_PPIH_daily,,,,,,,entity,Entities,,,,,,,,,,,,,,,,2026-06-01,,,,,,,,,,,,,,
world:entity:2026-05-08-fmp-technicals-prks-daily,Entity,2026-05-08_FMP_Technicals_PRKS_daily,2026-05-08_FMP_Technicals_PRKS_daily,2026-05-08_FMP_Technicals_PRKS_daily,,,,,,,entity,Entities,,,,,,,,,,,,,,,,2026-06-01,,,,,,,,,,,,,,
world:entity:2026-05-08-fmp-technicals-prta-daily,Entity,2026-05-08_FMP_Technicals_PRTA_daily,2026-05-08_FMP_Technicals_PRTA_daily,2026-05-08_FMP_Technicals_PRTA_daily,,,,,,,entity,Entities,,,,,,,,,,,,,,,,2026-06-01,,,,,,,,,,,,,,
world:entity:2026-05-08-fmp-technicals-psil-daily,Entity,2026-05-08_FMP_Technicals_PSIL_daily,2026-05-08_FMP_Technicals_PSIL_daily,2026-05-08_FMP_Technicals_PSIL_daily,,,,,,,entity,Entities,,,,,,,,,,,,,,,,2026-06-01,,,,,,,,,,,,,,
world:entity:2026-05-08-fmp-technicals-pwr-daily,Entity,2026-05-08_FMP_Technicals_PWR_daily,2026-05-08_FMP_Technicals_PWR_daily,2026-05-08_FMP_Technicals_PWR_daily,,,,,,,entity,Entities,,,,,,,,,,,,,,,,2026-06-01,,,,,,,,,,,,,,
world:entity:2026-05-08-fmp-technicals-rcat-daily,Entity,2026-05-08_FMP_Technicals_RCAT_daily,2026-05-08_FMP_Technicals_RCAT_daily,2026-05-08_FMP_Technicals_RCAT_daily,,,,,,,entity,Entities,,,,,,,,,,,,,,,,2026-06-01,,,,,,,,,,,,,,
world:entity:2026-05-08-fmp-technicals-rgti-daily,Entity,2026-05-08_FMP_Technicals_RGTI_daily,2026-05-08_FMP_Technicals_RGTI_daily,2026-05-08_FMP_Technicals_RGTI_daily,,,,,,,entity,Entities,,,,,,,,,,,,,,,,2026-06-01,,,,,,,,,,,,,,
world:entity:2026-05-08-fmp-technicals-rklb-daily,Entity,2026-05-08_FMP_Technicals_RKLB_daily,2026-05-08_FMP_Technicals_RKLB_daily,2026-05-08_FMP_Technicals_RKLB_daily,,,,,,,entity,Entities,,,,,,,,,,,,,,,,2026-06-01,,,,,,,,,,,,,,
world:entity:2026-05-08-fmp-technicals-rprx-daily,Entity,2026-05-08_FMP_Technicals_RPRX_daily,2026-05-08_FMP_Technicals_RPRX_daily,2026-05-08_FMP_Technicals_RPRX_daily,,,,,,,entity,Entities,,,,,,,,,,,,,,,,2026-06-01,,,,,,,,,,,,,,
world:entity:2026-05-08-fmp-technicals-rtx-daily,Entity,2026-05-08_FMP_Technicals_RTX_daily,2026-05-08_FMP_Technicals_RTX_daily,2026-05-08_FMP_Technicals_RTX_daily,,,,,,,entity,Entities,,,,,,,,,,,,,,,,2026-06-01,,,,,,,,,,,,,,
world:entity:2026-05-08-fmp-technicals-saic-daily,Entity,2026-05-08_FMP_Technicals_SAIC_daily,2026-05-08_FMP_Technicals_SAIC_daily,2026-05-08_FMP_Technicals_SAIC_daily,,,,,,,entity,Entities,,,,,,,,,,,,,,,,2026-06-01,,,,,,,,,,,,,,
world:entity:2026-05-08-fmp-technicals-sky-daily,Entity,2026-05-08_FMP_Technicals_SKY_daily,2026-05-08_FMP_Technicals_SKY_daily,2026-05-08_FMP_Technicals_SKY_daily,,,,,,,entity,Entities,,,,,,,,,,,,,,,,2026-06-01,,,,,,,,,,,,,,
world:entity:2026-05-08-fmp-technicals-smr-daily,Entity,2026-05-08_FMP_Technicals_SMR_daily,2026-05-08_FMP_Technicals_SMR_daily,2026-05-08_FMP_Technicals_SMR_daily,,,,,,,entity,Entities,,,,,,,,,,,,,,,,2026-06-01,,,,,,,,,,,,,,
world:entity:2026-05-08-fmp-technicals-spir-daily,Entity,2026-05-08_FMP_Technicals_SPIR_daily,2026-05-08_FMP_Technicals_SPIR_daily,2026-05-08_FMP_Technicals_SPIR_daily,,,,,,,entity,Entities,,,,,,,,,,,,,,,,2026-06-01,,,,,,,,,,,,,,
world:entity:2026-05-08-fmp-technicals-spro-daily,Entity,2026-05-08_FMP_Technicals_SPRO_daily,2026-05-08_FMP_Technicals_SPRO_daily,2026-05-08_FMP_Technicals_SPRO_daily,,,,,,,entity,Entities,,,,,,,,,,,,,,,,2026-06-01,,,,,,,,,,,,,,
world:entity:2026-05-08-fmp-technicals-stem-daily,Entity,2026-05-08_FMP_Technicals_STEM_daily,2026-05-08_FMP_Technicals_STEM_daily,2026-05-08_FMP_Technicals_STEM_daily,,,,,,,entity,Entities,,,,,,,,,,,,,,,,2026-06-01,,,,,,,,,,,,,,
world:entity:2026-05-08-fmp-technicals-strl-daily,Entity,2026-05-08_FMP_Technicals_STRL_daily,2026-05-08_FMP_Technicals_STRL_daily,2026-05-08_FMP_Technicals_STRL_daily,,,,,,,entity,Entities,,,,,,,,,,,,,,,,2026-06-01,,,,,,,,,,,,,,
world:entity:2026-05-08-fmp-technicals-tdy-daily,Entity,2026-05-08_FMP_Technicals_TDY_daily,2026-05-08_FMP_Technicals_TDY_daily,2026-05-08_FMP_Technicals_TDY_daily,,,,,,,entity,Entities,,,,,,,,,,,,,,,,2026-06-01,,,,,,,,,,,,,,
world:entity:2026-05-08-fmp-technicals-tmhc-daily,Entity,2026-05-08_FMP_Technicals_TMHC_daily,2026-05-08_FMP_Technicals_TMHC_daily,2026-05-08_FMP_Technicals_TMHC_daily,,,,,,,entity,Entities,,,,,,,,,,,,,,,,2026-06-01,,,,,,,,,,,,,,
world:entity:2026-05-08-fmp-technicals-tmo-daily,Entity,2026-05-08_FMP_Technicals_TMO_daily,2026-05-08_FMP_Technicals_TMO_daily,2026-05-08_FMP_Technicals_TMO_daily,,,,,,,entity,Entities,,,,,,,,,,,,,,,,2026-06-01,,,,,,,,,,,,,,
world:entity:2026-05-08-fmp-technicals-tnc-daily,Entity,2026-05-08_FMP_Technicals_TNC_daily,2026-05-08_FMP_Technicals_TNC_daily,2026-05-08_FMP_Technicals_TNC_daily,,,,,,,entity,Entities,,,,,,,,,,,,,,,,2026-06-01,,,,,,,,,,,,,,
world:entity:2026-05-08-fmp-technicals-tol-daily,Entity,2026-05-08_FMP_Technicals_TOL_daily,2026-05-08_FMP_Technicals_TOL_daily,2026-05-08_FMP_Technicals_TOL_daily,,,,,,,entity,Entities,,,,,,,,,,,,,,,,2026-06-01,,,,,,,,,,,,,,
world:entity:2026-05-08-fmp-technicals-tsla-daily,Entity,2026-05-08_FMP_Technicals_TSLA_daily,2026-05-08_FMP_Technicals_TSLA_daily,2026-05-08_FMP_Technicals_TSLA_daily,,,,,,,entity,Entities,,,,,,,,,,,,,,,,2026-06-01,,,,,,,,,,,,,,
world:entity:2026-05-08-fmp-technicals-tsn-daily,Entity,2026-05-08_FMP_Technicals_TSN_daily,2026-05-08_FMP_Technicals_TSN_daily,2026-05-08_FMP_Technicals_TSN_daily,,,,,,,entity,Entities,,,,,,,,,,,,,,,,2026-06-01,,,,,,,,,,,,,,
world:entity:2026-05-08-fmp-technicals-twst-daily,Entity,2026-05-08_FMP_Technicals_TWST_daily,2026-05-08_FMP_Technicals_TWST_daily,2026-05-08_FMP_Technicals_TWST_daily,,,,,,,entity,Entities,,,,,,,,,,,,,,,,2026-06-01,,,,,,,,,,,,,,
world:entity:2026-05-08-fmp-technicals-txt-daily,Entity,2026-05-08_FMP_Technicals_TXT_daily,2026-05-08_FMP_Technicals_TXT_daily,2026-05-08_FMP_Technicals_TXT_daily,,,,,,,entity,Entities,,,,,,,,,,,,,,,,2026-06-01,,,,,,,,,,,,,,
world:entity:2026-05-08-fmp-technicals-ufpt-daily,Entity,2026-05-08_FMP_Technicals_UFPT_daily,2026-05-08_FMP_Technicals_UFPT_daily,2026-05-08_FMP_Technicals_UFPT_daily,,,,,,,entity,Entities,,,,,,,,,,,,,,,,2026-06-01,,,,,,,,,,,,,,
world:entity:2026-05-08-fmp-technicals-umac-daily,Entity,2026-05-08_FMP_Technicals_UMAC_daily,2026-05-08_FMP_Technicals_UMAC_daily,2026-05-08_FMP_Technicals_UMAC_daily,,,,,,,entity,Entities,,,,,,,,,,,,,,,,2026-06-01,,,,,,,,,,,,,,
world:entity:2026-05-08-fmp-technicals-unty-daily,Entity,2026-05-08_FMP_Technicals_UNTY_daily,2026-05-08_FMP_Technicals_UNTY_daily,2026-05-08_FMP_Technicals_UNTY_daily,,,,,,,entity,Entities,,,,,,,,,,,,,,,,2026-06-01,,,,,,,,,,,,,,
world:entity:2026-05-08-fmp-technicals-vktx-daily,Entity,2026-05-08_FMP_Technicals_VKTX_daily,2026-05-08_FMP_Technicals_VKTX_daily,2026-05-08_FMP_Technicals_VKTX_daily,,,,,,,entity,Entities,,,,,,,,,,,,,,,,2026-06-01,,,,,,,,,,,,,,
world:entity:2026-05-08-fmp-technicals-vst-daily,Entity,2026-05-08_FMP_Technicals_VST_daily,2026-05-08_FMP_Technicals_VST_daily,2026-05-08_FMP_Technicals_VST_daily,,,,,,,entity,Entities,,,,,,,,,,,,,,,,2026-06-01,,,,,,,,,,,,,,
world:entity:2026-05-08-fmp-technicals-wcc-daily,Entity,2026-05-08_FMP_Technicals_WCC_daily,2026-05-08_FMP_Technicals_WCC_daily,2026-05-08_FMP_Technicals_WCC_daily,,,,,,,entity,Entities,,,,,,,,,,,,,,,,2026-06-01,,,,,,,,,,,,,,
world:entity:2026-05-08-fmp-technicals-wolf-daily,Entity,2026-05-08_FMP_Technicals_WOLF_daily,2026-05-08_FMP_Technicals_WOLF_daily,2026-05-08_FMP_Technicals_WOLF_daily,,,,,,,entity,Entities,,,,,,,,,,,,,,,,2026-06-01,,,,,,,,,,,,,,
world:entity:2026-05-08-fmp-technicals-wpm-daily,Entity,2026-05-08_FMP_Technicals_WPM_daily,2026-05-08_FMP_Technicals_WPM_daily,2026-05-08_FMP_Technicals_WPM_daily,,,,,,,entity,Entities,,,,,,,,,,,,,,,,2026-06-01,,,,,,,,,,,,,,
world:entity:2026-05-08-fmp-technicals-xoma-daily,Entity,2026-05-08_FMP_Technicals_XOMA_daily,2026-05-08_FMP_Technicals_XOMA_daily,2026-05-08_FMP_Technicals_XOMA_daily,,,,,,,entity,Entities,,,,,,,,,,,,,,,,2026-06-01,,,,,,,,,,,,,,
world:entity:2026-05-08-fmp-thesis-watchlist-ai-power-defense-stack,Entity,2026-05-08_FMP_Thesis_Watchlist_AI_Power_Defense_Stack,2026-05-08_FMP_Thesis_Watchlist_AI_Power_Defense_Stack,2026-05-08_FMP_Thesis_Watchlist_AI_Power_Defense_Stack,,,,,,,entity,Entities,,,,,,,,,,,,,,,,2026-06-01,,,,,,,,,,,,,,
world:entity:2026-05-08-fmp-thesis-watchlist-ai-power-infrastructure,Entity,2026-05-08_FMP_Thesis_Watchlist_AI_Power_Infrastructure,2026-05-08_FMP_Thesis_Watchlist_AI_Power_Infrastructure,2026-05-08_FMP_Thesis_Watchlist_AI_Power_Infrastructure,,,,,,,entity,Entities,,,,,,,,,,,,,,,,2026-06-01,,,,,,,,,,,,,,
world:entity:2026-05-08-fmp-thesis-watchlist-alzheimer-s-disease-modification,Entity,2026-05-08_FMP_Thesis_Watchlist_Alzheimer's_Disease_Modification,2026-05-08_FMP_Thesis_Watchlist_Alzheimer's_Disease_Modification,2026-05-08_FMP_Thesis_Watchlist_Alzheimer's_Disease_Modification,,,,,,,entity,Entities,,,,,,,,,,,,,,,,2026-06-01,,,,,,,,,,,,,,
world:entity:2026-05-08-fmp-thesis-watchlist-bioengineered-food-systems,Entity,2026-05-08_FMP_Thesis_Watchlist_Bioengineered_Food_Systems,2026-05-08_FMP_Thesis_Watchlist_Bioengineered_Food_Systems,2026-05-08_FMP_Thesis_Watchlist_Bioengineered_Food_Systems,,,,,,,entity,Entities,,,,,,,,,,,,,,,,2026-06-01,,,,,,,,,,,,,,
world:entity:2026-05-08-fmp-thesis-watchlist-capital-raise-survivors-small-cap-inflection-basket,Entity,2026-05-08_FMP_Thesis_Watchlist_Capital_Raise_Survivors_Small-Cap_Inflection_Basket,2026-05-08_FMP_Thesis_Watchlist_Capital_Raise_Survivors_Small-Cap_Inflection_Basket,2026-05-08_FMP_Thesis_Watchlist_Capital_Raise_Survivors_Small-Cap_Inflection_Basket,,,,,,,entity,Entities,,,,,,,,,,,,,,,,2026-06-01,,,,,,,,,,,,,,
world:entity:2026-05-08-fmp-thesis-watchlist-defense-ai-autonomous-warfare,Entity,2026-05-08_FMP_Thesis_Watchlist_Defense_AI_&_Autonomous_Warfare,2026-05-08_FMP_Thesis_Watchlist_Defense_AI_&_Autonomous_Warfare,2026-05-08_FMP_Thesis_Watchlist_Defense_AI_&_Autonomous_Warfare,,,,,,,entity,Entities,,,,,,,,,,,,,,,,2026-06-01,,,,,,,,,,,,,,
world:entity:2026-05-08-fmp-thesis-watchlist-dollar-debasement-hard-money,Entity,2026-05-08_FMP_Thesis_Watchlist_Dollar_Debasement_&_Hard_Money,2026-05-08_FMP_Thesis_Watchlist_Dollar_Debasement_&_Hard_Money,2026-05-08_FMP_Thesis_Watchlist_Dollar_Debasement_&_Hard_Money,,,,,,,entity,Entities,,,,,,,,,,,,,,,,2026-06-01,,,,,,,,,,,,,,
world:entity:2026-05-08-fmp-thesis-watchlist-drone-autonomous-systems-revolution,Entity,2026-05-08_FMP_Thesis_Watchlist_Drone_&_Autonomous_Systems_Revolution,2026-05-08_FMP_Thesis_Watchlist_Drone_&_Autonomous_Systems_Revolution,2026-05-08_FMP_Thesis_Watchlist_Drone_&_Autonomous_Systems_Revolution,,,,,,,entity,Entities,,,,,,,,,,,,,,,,2026-06-01,,,,,,,,,,,,,,
world:entity:2026-05-08-fmp-thesis-watchlist-fiscal-scarcity-rearmament,Entity,2026-05-08_FMP_Thesis_Watchlist_Fiscal_Scarcity_Rearmament,2026-05-08_FMP_Thesis_Watchlist_Fiscal_Scarcity_Rearmament,2026-05-08_FMP_Thesis_Watchlist_Fiscal_Scarcity_Rearmament,,,,,,,entity,Entities,,,,,,,,,,,,,,,,2026-06-01,,,,,,,,,,,,,,
world:entity:2026-05-08-fmp-thesis-watchlist-gene-editing-crispr-therapeutics,Entity,2026-05-08_FMP_Thesis_Watchlist_Gene_Editing_&_CRISPR_Therapeutics,2026-05-08_FMP_Thesis_Watchlist_Gene_Editing_&_CRISPR_Therapeutics,2026-05-08_FMP_Thesis_Watchlist_Gene_Editing_&_CRISPR_Therapeutics,,,,,,,entity,Entities,,,,,,,,,,,,,,,,2026-06-01,,,,,,,,,,,,,,
world:entity:2026-05-08-fmp-thesis-watchlist-glp-1-metabolic-disease-revolution,Entity,2026-05-08_FMP_Thesis_Watchlist_GLP-1_Metabolic_Disease_Revolution,2026-05-08_FMP_Thesis_Watchlist_GLP-1_Metabolic_Disease_Revolution,2026-05-08_FMP_Thesis_Watchlist_GLP-1_Metabolic_Disease_Revolution,,,,,,,entity,Entities,,,,,,,,,,,,,,,,2026-06-01,,,,,,,,,,,,,,
world:entity:2026-05-08-fmp-thesis-watchlist-grid-scale-battery-storage,Entity,2026-05-08_FMP_Thesis_Watchlist_Grid-Scale_Battery_Storage,2026-05-08_FMP_Thesis_Watchlist_Grid-Scale_Battery_Storage,2026-05-08_FMP_Thesis_Watchlist_Grid-Scale_Battery_Storage,,,,,,,entity,Entities,,,,,,,,,,,,,,,,2026-06-01,,,,,,,,,,,,,,
world:entity:2026-05-08-fmp-thesis-watchlist-housing-supply-correction,Entity,2026-05-08_FMP_Thesis_Watchlist_Housing_Supply_Correction,2026-05-08_FMP_Thesis_Watchlist_Housing_Supply_Correction,2026-05-08_FMP_Thesis_Watchlist_Housing_Supply_Correction,,,,,,,entity,Entities,,,,,,,,,,,,,,,,2026-06-01,,,,,,,,,,,,,,
world:entity:2026-05-08-fmp-thesis-watchlist-hypersonic-weapons-advanced-defense-systems,Entity,2026-05-08_FMP_Thesis_Watchlist_Hypersonic_Weapons_&_Advanced_Defense_Systems,2026-05-08_FMP_Thesis_Watchlist_Hypersonic_Weapons_&_Advanced_Defense_Systems,2026-05-08_FMP_Thesis_Watchlist_Hypersonic_Weapons_&_Advanced_Defense_Systems,,,,,,,entity,Entities,,,,,,,,,,,,,,,,2026-06-01,,,,,,,,,,,,,,
world:entity:2026-05-08-fmp-thesis-watchlist-nuclear-renaissance-small-modular-reactors,Entity,2026-05-08_FMP_Thesis_Watchlist_Nuclear_Renaissance_&_Small_Modular_Reactors,2026-05-08_FMP_Thesis_Watchlist_Nuclear_Renaissance_&_Small_Modular_Reactors,2026-05-08_FMP_Thesis_Watchlist_Nuclear_Renaissance_&_Small_Modular_Reactors,,,,,,,entity,Entities,,,,,,,,,,,,,,,,2026-06-01,,,,,,,,,,,,,,
world:entity:2026-05-08-fmp-thesis-watchlist-psychedelic-mental-health-revolution,Entity,2026-05-08_FMP_Thesis_Watchlist_Psychedelic_Mental_Health_Revolution,2026-05-08_FMP_Thesis_Watchlist_Psychedelic_Mental_Health_Revolution,2026-05-08_FMP_Thesis_Watchlist_Psychedelic_Mental_Health_Revolution,,,,,,,entity,Entities,,,,,,,,,,,,,,,,2026-06-01,,,,,,,,,,,,,,
world:entity:2026-05-08-fmp-thesis-watchlist-quantum-computing,Entity,2026-05-08_FMP_Thesis_Watchlist_Quantum_Computing,2026-05-08_FMP_Thesis_Watchlist_Quantum_Computing,2026-05-08_FMP_Thesis_Watchlist_Quantum_Computing,,,,,,,entity,Entities,,,,,,,,,,,,,,,,2026-06-01,,,,,,,,,,,,,,
world:entity:2026-05-08-fmp-thesis-watchlist-space-domain-awareness-commercial-space,Entity,2026-05-08_FMP_Thesis_Watchlist_Space_Domain_Awareness_&_Commercial_Space,2026-05-08_FMP_Thesis_Watchlist_Space_Domain_Awareness_&_Commercial_Space,2026-05-08_FMP_Thesis_Watchlist_Space_Domain_Awareness_&_Commercial_Space,,,,,,,entity,Entities,,,,,,,,,,,,,,,,2026-06-01,,,,,,,,,,,,,,
world:entity:2026-05-08-fred-liquidity,Entity,2026-05-08_FRED_Liquidity,2026-05-08_FRED_Liquidity,2026-05-08_FRED_Liquidity,,,,,,,entity,Entities,,,,,,,,,,,,,,,,2026-06-01,,,,,,,,,,,,,,
world:entity:2026-05-08-orb-entropy-screen,Entity,2026-05-08_ORB_Entropy_Screen,2026-05-08_ORB_Entropy_Screen,2026-05-08_ORB_Entropy_Screen,,,,,,,entity,Entities,,,,,,,,,,,,,,,,2026-06-01,,,,,,,,,,,,,,
world:entity:2026-05-09-agent-analysis-aapl,Entity,2026-05-09_Agent_Analysis_AAPL,2026-05-09_Agent_Analysis_AAPL,2026-05-09_Agent_Analysis_AAPL,,,,,,,entity,Entities,,,,,,,,,,,,,,,,2026-06-01,,,,,,,,,,,,,,
world:entity:2026-05-09-agent-analysis-acad,Entity,2026-05-09_Agent_Analysis_ACAD,2026-05-09_Agent_Analysis_ACAD,2026-05-09_Agent_Analysis_ACAD,,,,,,,entity,Entities,,,,,,,,,,,,,,,,2026-06-01,,,,,,,,,,,,,,
world:entity:2026-05-09-agent-analysis-all-theses,Entity,2026-05-09_Agent_Analysis_All_Theses,2026-05-09_Agent_Analysis_All_Theses,2026-05-09_Agent_Analysis_All_Theses,,,,,,,entity,Entities,,,,,,,,,,,,,,,,2026-06-01,,,,,,,,,,,,,,
world:entity:2026-05-09-agent-analysis-amzn,Entity,2026-05-09_Agent_Analysis_AMZN,2026-05-09_Agent_Analysis_AMZN,2026-05-09_Agent_Analysis_AMZN,,,,,,,entity,Entities,,,,,,,,,,,,,,,,2026-06-01,,,,,,,,,,,,,,
world:entity:2026-05-09-agent-analysis-axp,Entity,2026-05-09_Agent_Analysis_AXP,2026-05-09_Agent_Analysis_AXP,2026-05-09_Agent_Analysis_AXP,,,,,,,entity,Entities,,,,,,,,,,,,,,,,2026-06-01,,,,,,,,,,,,,,
world:entity:2026-05-09-agent-analysis-biib,Entity,2026-05-09_Agent_Analysis_BIIB,2026-05-09_Agent_Analysis_BIIB,2026-05-09_Agent_Analysis_BIIB,,,,,,,entity,Entities,,,,,,,,,,,,,,,,2026-06-01,,,,,,,,,,,,,,
world:entity:2026-05-09-agent-analysis-brk-b,Entity,2026-05-09_Agent_Analysis_BRK_B,2026-05-09_Agent_Analysis_BRK_B,2026-05-09_Agent_Analysis_BRK_B,,,,,,,entity,Entities,,,,,,,,,,,,,,,,2026-06-01,,,,,,,,,,,,,,
world:entity:2026-05-09-agent-analysis-etn,Entity,2026-05-09_Agent_Analysis_ETN,2026-05-09_Agent_Analysis_ETN,2026-05-09_Agent_Analysis_ETN,,,,,,,entity,Entities,,,,,,,,,,,,,,,,2026-06-01,,,,,,,,,,,,,,
world:entity:2026-05-09-agent-analysis-gev,Entity,2026-05-09_Agent_Analysis_GEV,2026-05-09_Agent_Analysis_GEV,2026-05-09_Agent_Analysis_GEV,,,,,,,entity,Entities,,,,,,,,,,,,,,,,2026-06-01,,,,,,,,,,,,,,
world:entity:2026-05-09-agent-analysis-gold,Entity,2026-05-09_Agent_Analysis_GOLD,2026-05-09_Agent_Analysis_GOLD,2026-05-09_Agent_Analysis_GOLD,,,,,,,entity,Entities,,,,,,,,,,,,,,,,2026-06-01,,,,,,,,,,,,,,
world:entity:2026-05-09-agent-analysis-googl,Entity,2026-05-09_Agent_Analysis_GOOGL,2026-05-09_Agent_Analysis_GOOGL,2026-05-09_Agent_Analysis_GOOGL,,,,,,,entity,Entities,,,,,,,,,,,,,,,,2026-06-01,,,,,,,,,,,,,,
world:entity:2026-05-09-agent-analysis-ko,Entity,2026-05-09_Agent_Analysis_KO,2026-05-09_Agent_Analysis_KO,2026-05-09_Agent_Analysis_KO,,,,,,,entity,Entities,,,,,,,,,,,,,,,,2026-06-01,,,,,,,,,,,,,,
world:entity:2026-05-09-agent-analysis-lly,Entity,2026-05-09_Agent_Analysis_LLY,2026-05-09_Agent_Analysis_LLY,2026-05-09_Agent_Analysis_LLY,,,,,,,entity,Entities,,,,,,,,,,,,,,,,2026-06-01,,,,,,,,,,,,,,
world:entity:2026-05-09-agent-analysis-msft,Entity,2026-05-09_Agent_Analysis_MSFT,2026-05-09_Agent_Analysis_MSFT,2026-05-09_Agent_Analysis_MSFT,,,,,,,entity,Entities,,,,,,,,,,,,,,,,2026-06-01,,,,,,,,,,,,,,
world:entity:2026-05-09-agent-analysis-nem,Entity,2026-05-09_Agent_Analysis_NEM,2026-05-09_Agent_Analysis_NEM,2026-05-09_Agent_Analysis_NEM,,,,,,,entity,Entities,,,,,,,,,,,,,,,,2026-06-01,,,,,,,,,,,,,,
world:entity:2026-05-09-agent-analysis-nrg,Entity,2026-05-09_Agent_Analysis_NRG,2026-05-09_Agent_Analysis_NRG,2026-05-09_Agent_Analysis_NRG,,,,,,,entity,Entities,,,,,,,,,,,,,,,,2026-06-01,,,,,,,,,,,,,,
world:entity:2026-05-09-agent-analysis-nvda,Entity,2026-05-09_Agent_Analysis_NVDA,2026-05-09_Agent_Analysis_NVDA,2026-05-09_Agent_Analysis_NVDA,,,,,,,entity,Entities,,,,,,,,,,,,,,,,2026-06-01,,,,,,,,,,,,,,
world:entity:2026-05-09-agent-analysis-pltr,Entity,2026-05-09_Agent_Analysis_PLTR,2026-05-09_Agent_Analysis_PLTR,2026-05-09_Agent_Analysis_PLTR,,,,,,,entity,Entities,,,,,,,,,,,,,,,,2026-06-01,,,,,,,,,,,,,,
world:entity:2026-05-09-agent-analysis-prta,Entity,2026-05-09_Agent_Analysis_PRTA,2026-05-09_Agent_Analysis_PRTA,2026-05-09_Agent_Analysis_PRTA,,,,,,,entity,Entities,,,,,,,,,,,,,,,,2026-06-01,,,,,,,,,,,,,,
world:entity:2026-05-09-agent-analysis-strl,Entity,2026-05-09_Agent_Analysis_STRL,2026-05-09_Agent_Analysis_STRL,2026-05-09_Agent_Analysis_STRL,,,,,,,entity,Entities,,,,,,,,,,,,,,,,2026-06-01,,,,,,,,,,,,,,
world:entity:2026-05-09-agent-analysis-vst,Entity,2026-05-09_Agent_Analysis_VST,2026-05-09_Agent_Analysis_VST,2026-05-09_Agent_Analysis_VST,,,,,,,entity,Entities,,,,,,,,,,,,,,,,2026-06-01,,,,,,,,,,,,,,
world:entity:2026-05-09-agent-analysis-wpm,Entity,2026-05-09_Agent_Analysis_WPM,2026-05-09_Agent_Analysis_WPM,2026-05-09_Agent_Analysis_WPM,,,,,,,entity,Entities,,,,,,,,,,,,,,,,2026-06-01,,,,,,,,,,,,,,
world:entity:2026-05-09-agent-analysis-xom,Entity,2026-05-09_Agent_Analysis_XOM,2026-05-09_Agent_Analysis_XOM,2026-05-09_Agent_Analysis_XOM,,,,,,,entity,Entities,,,,,,,,,,,,,,,,2026-06-01,,,,,,,,,,,,,,
world:entity:2026-05-09-disclosure-reality-check,Entity,2026-05-09_Disclosure_Reality_Check,2026-05-09_Disclosure_Reality_Check,2026-05-09_Disclosure_Reality_Check,,,,,,,entity,Entities,,,,,,,,,,,,,,,,2026-06-01,,,,,,,,,,,,,,
world:entity:2026-05-09-fema-declarations,Entity,2026-05-09_FEMA_Declarations,2026-05-09_FEMA_Declarations,2026-05-09_FEMA_Declarations,,,,,,,entity,Entities,,,,,,,,,,,,,,,,2026-06-01,,,,,,,,,,,,,,
world:entity:2026-05-09-fmp-economiccalendar,Entity,2026-05-09_FMP_EconomicCalendar,2026-05-09_FMP_EconomicCalendar,2026-05-09_FMP_EconomicCalendar,,,,,,,entity,Entities,,,,,,,,,,,,,,,,2026-06-01,,,,,,,,,,,,,,
world:entity:2026-05-11-africa-international-trade-and-investment,Entity,2026-05-11 - Africa International Trade and Investment,2026-05-11 - Africa International Trade and Investment,2026-05-11 - Africa International Trade and Investment,,,,,,,entity,Entities,,,,,,,,,,,,,,,,2026-06-01,,,,,,,,,,,,,,
world:entity:2026-05-11-entropy-monitor-net-akam-rklb-mrna-mnst-insm-msi-wmg-ntra-expe-zts-xyz-abnb-fis-dell-aph-nws-afrm-rost,Entity,2026-05-11_Entropy_Monitor_NET_AKAM_RKLB_MRNA_MNST_INSM_MSI_WMG_NTRA_EXPE_ZTS_XYZ_ABNB_FIS_DELL_APH_NWS_AFRM_ROST,2026-05-11_Entropy_Monitor_NET_AKAM_RKLB_MRNA_MNST_INSM_MSI_WMG_NTRA_EXPE_ZTS_XYZ_ABNB_FIS_DELL_APH_NWS_AFRM_ROST,2026-05-11_Entropy_Monitor_NET_AKAM_RKLB_MRNA_MNST_INSM_MSI_WMG_NTRA_EXPE_ZTS_XYZ_ABNB_FIS_DELL_APH_NWS_AFRM_ROST,,,,,,,entity,Entities,,,,,,,,,,,,,,,,2026-06-01,,,,,,,,,,,,,,
world:entity:2026-05-11-fmp-earnings-calendar-thesis-watchlists,Entity,2026-05-11_FMP_Earnings_Calendar_Thesis_Watchlists,2026-05-11_FMP_Earnings_Calendar_Thesis_Watchlists,2026-05-11_FMP_Earnings_Calendar_Thesis_Watchlists,,,,,,,entity,Entities,,,,,,,,,,,,,,,,2026-06-01,,,,,,,,,,,,,,
world:entity:2026-05-11-fmp-economiccalendar,Entity,2026-05-11_FMP_EconomicCalendar,2026-05-11_FMP_EconomicCalendar,2026-05-11_FMP_EconomicCalendar,,,,,,,entity,Entities,,,,,,,,,,,,,,,,2026-06-01,,,,,,,,,,,,,,
world:entity:2026-05-11-fmp-technicals-abbv-daily,Entity,2026-05-11_FMP_Technicals_ABBV_daily,2026-05-11_FMP_Technicals_ABBV_daily,2026-05-11_FMP_Technicals_ABBV_daily,,,,,,,entity,Entities,,,,,,,,,,,,,,,,2026-06-01,,,,,,,,,,,,,,
world:entity:2026-05-11-fmp-technicals-acad-daily,Entity,2026-05-11_FMP_Technicals_ACAD_daily,2026-05-11_FMP_Technicals_ACAD_daily,2026-05-11_FMP_Technicals_ACAD_daily,,,,,,,entity,Entities,,,,,,,,,,,,,,,,2026-06-01,,,,,,,,,,,,,,
world:entity:2026-05-11-fmp-technicals-adm-daily,Entity,2026-05-11_FMP_Technicals_ADM_daily,2026-05-11_FMP_Technicals_ADM_daily,2026-05-11_FMP_Technicals_ADM_daily,,,,,,,entity,Entities,,,,,,,,,,,,,,,,2026-06-01,,,,,,,,,,,,,,
world:entity:2026-05-11-fmp-technicals-airo-daily,Entity,2026-05-11_FMP_Technicals_AIRO_daily,2026-05-11_FMP_Technicals_AIRO_daily,2026-05-11_FMP_Technicals_AIRO_daily,,,,,,,entity,Entities,,,,,,,,,,,,,,,,2026-06-01,,,,,,,,,,,,,,
world:entity:2026-05-11-fmp-technicals-alks-daily,Entity,2026-05-11_FMP_Technicals_ALKS_daily,2026-05-11_FMP_Technicals_ALKS_daily,2026-05-11_FMP_Technicals_ALKS_daily,,,,,,,entity,Entities,,,,,,,,,,,,,,,,2026-06-01,,,,,,,,,,,,,,
world:entity:2026-05-11-fmp-technicals-alvo-daily,Entity,2026-05-11_FMP_Technicals_ALVO_daily,2026-05-11_FMP_Technicals_ALVO_daily,2026-05-11_FMP_Technicals_ALVO_daily,,,,,,,entity,Entities,,,,,,,,,,,,,,,,2026-06-01,,,,,,,,,,,,,,
world:entity:2026-05-11-fmp-technicals-amat-daily,Entity,2026-05-11_FMP_Technicals_AMAT_daily,2026-05-11_FMP_Technicals_AMAT_daily,2026-05-11_FMP_Technicals_AMAT_daily,,,,,,,entity,Entities,,,,,,,,,,,,,,,,2026-06-01,,,,,,,,,,,,,,
world:entity:2026-05-11-fmp-technicals-amgn-daily,Entity,2026-05-11_FMP_Technicals_AMGN_daily,2026-05-11_FMP_Technicals_AMGN_daily,2026-05-11_FMP_Technicals_AMGN_daily,,,,,,,entity,Entities,,,,,,,,,,,,,,,,2026-06-01,,,,,,,,,,,,,,
world:entity:2026-05-11-fmp-technicals-amsc-daily,Entity,2026-05-11_FMP_Technicals_AMSC_daily,2026-05-11_FMP_Technicals_AMSC_daily,2026-05-11_FMP_Technicals_AMSC_daily,,,,,,,entity,Entities,,,,,,,,,,,,,,,,2026-06-01,,,,,,,,,,,,,,
world:entity:2026-05-11-fmp-technicals-amzn-daily,Entity,2026-05-11_FMP_Technicals_AMZN_daily,2026-05-11_FMP_Technicals_AMZN_daily,2026-05-11_FMP_Technicals_AMZN_daily,,,,,,,entity,Entities,,,,,,,,,,,,,,,,2026-06-01,,,,,,,,,,,,,,
world:entity:2026-05-11-fmp-technicals-asts-daily,Entity,2026-05-11_FMP_Technicals_ASTS_daily,2026-05-11_FMP_Technicals_ASTS_daily,2026-05-11_FMP_Technicals_ASTS_daily,,,,,,,entity,Entities,,,,,,,,,,,,,,,,2026-06-01,,,,,,,,,,,,,,
world:entity:2026-05-11-fmp-technicals-atai-daily,Entity,2026-05-11_FMP_Technicals_ATAI_daily,2026-05-11_FMP_Technicals_ATAI_daily,2026-05-11_FMP_Technicals_ATAI_daily,,,,,,,entity,Entities,,,,,,,,,,,,,,,,2026-06-01,,,,,,,,,,,,,,
world:entity:2026-05-11-fmp-technicals-avav-daily,Entity,2026-05-11_FMP_Technicals_AVAV_daily,2026-05-11_FMP_Technicals_AVAV_daily,2026-05-11_FMP_Technicals_AVAV_daily,,,,,,,entity,Entities,,,,,,,,,,,,,,,,2026-06-01,,,,,,,,,,,,,,
world:entity:2026-05-11-fmp-technicals-bah-daily,Entity,2026-05-11_FMP_Technicals_BAH_daily,2026-05-11_FMP_Technicals_BAH_daily,2026-05-11_FMP_Technicals_BAH_daily,,,,,,,entity,Entities,,,,,,,,,,,,,,,,2026-06-01,,,,,,,,,,,,,,
world:entity:2026-05-11-fmp-technicals-bbai-daily,Entity,2026-05-11_FMP_Technicals_BBAI_daily,2026-05-11_FMP_Technicals_BBAI_daily,2026-05-11_FMP_Technicals_BBAI_daily,,,,,,,entity,Entities,,,,,,,,,,,,,,,,2026-06-01,,,,,,,,,,,,,,
world:entity:2026-05-11-fmp-technicals-beam-daily,Entity,2026-05-11_FMP_Technicals_BEAM_daily,2026-05-11_FMP_Technicals_BEAM_daily,2026-05-11_FMP_Technicals_BEAM_daily,,,,,,,entity,Entities,,,,,,,,,,,,,,,,2026-06-01,,,,,,,,,,,,,,
world:entity:2026-05-11-fmp-technicals-bg-daily,Entity,2026-05-11_FMP_Technicals_BG_daily,2026-05-11_FMP_Technicals_BG_daily,2026-05-11_FMP_Technicals_BG_daily,,,,,,,entity,Entities,,,,,,,,,,,,,,,,2026-06-01,,,,,,,,,,,,,,
world:entity:2026-05-11-fmp-technicals-biib-daily,Entity,2026-05-11_FMP_Technicals_BIIB_daily,2026-05-11_FMP_Technicals_BIIB_daily,2026-05-11_FMP_Technicals_BIIB_daily,,,,,,,entity,Entities,,,,,,,,,,,,,,,,2026-06-01,,,,,,,,,,,,,,
world:entity:2026-05-11-fmp-technicals-bksy-daily,Entity,2026-05-11_FMP_Technicals_BKSY_daily,2026-05-11_FMP_Technicals_BKSY_daily,2026-05-11_FMP_Technicals_BKSY_daily,,,,,,,entity,Entities,,,,,,,,,,,,,,,,2026-06-01,,,,,,,,,,,,,,
world:entity:2026-05-11-fmp-technicals-brbr-daily,Entity,2026-05-11_FMP_Technicals_BRBR_daily,2026-05-11_FMP_Technicals_BRBR_daily,2026-05-11_FMP_Technicals_BRBR_daily,,,,,,,entity,Entities,,,,,,,,,,,,,,,,2026-06-01,,,,,,,,,,,,,,
world:entity:2026-05-11-fmp-technicals-bw-daily,Entity,2026-05-11_FMP_Technicals_BW_daily,2026-05-11_FMP_Technicals_BW_daily,2026-05-11_FMP_Technicals_BW_daily,,,,,,,entity,Entities,,,,,,,,,,,,,,,,2026-06-01,,,,,,,,,,,,,,
world:entity:2026-05-11-fmp-technicals-bynd-daily,Entity,2026-05-11_FMP_Technicals_BYND_daily,2026-05-11_FMP_Technicals_BYND_daily,2026-05-11_FMP_Technicals_BYND_daily,,,,,,,entity,Entities,,,,,,,,,,,,,,,,2026-06-01,,,,,,,,,,,,,,
world:entity:2026-05-11-fmp-technicals-caci-daily,Entity,2026-05-11_FMP_Technicals_CACI_daily,2026-05-11_FMP_Technicals_CACI_daily,2026-05-11_FMP_Technicals_CACI_daily,,,,,,,entity,Entities,,,,,,,,,,,,,,,,2026-06-01,,,,,,,,,,,,,,
world:entity:2026-05-11-fmp-technicals-ceg-daily,Entity,2026-05-11_FMP_Technicals_CEG_daily,2026-05-11_FMP_Technicals_CEG_daily,2026-05-11_FMP_Technicals_CEG_daily,,,,,,,entity,Entities,,,,,,,,,,,,,,,,2026-06-01,,,,,,,,,,,,,,
world:entity:2026-05-11-fmp-technicals-cmps-daily,Entity,2026-05-11_FMP_Technicals_CMPS_daily,2026-05-11_FMP_Technicals_CMPS_daily,2026-05-11_FMP_Technicals_CMPS_daily,,,,,,,entity,Entities,,,,,,,,,,,,,,,,2026-06-01,,,,,,,,,,,,,,
world:entity:2026-05-11-fmp-technicals-coin-daily,Entity,2026-05-11_FMP_Technicals_COIN_daily,2026-05-11_FMP_Technicals_COIN_daily,2026-05-11_FMP_Technicals_COIN_daily,,,,,,,entity,Entities,,,,,,,,,,,,,,,,2026-06-01,,,,,,,,,,,,,,
world:entity:2026-05-11-fmp-technicals-crsp-daily,Entity,2026-05-11_FMP_Technicals_CRSP_daily,2026-05-11_FMP_Technicals_CRSP_daily,2026-05-11_FMP_Technicals_CRSP_daily,,,,,,,entity,Entities,,,,,,,,,,,,,,,,2026-06-01,,,,,,,,,,,,,,
world:entity:2026-05-11-fmp-technicals-dftx-daily,Entity,2026-05-11_FMP_Technicals_DFTX_daily,2026-05-11_FMP_Technicals_DFTX_daily,2026-05-11_FMP_Technicals_DFTX_daily,,,,,,,entity,Entities,,,,,,,,,,,,,,,,2026-06-01,,,,,,,,,,,,,,
world:entity:2026-05-11-fmp-technicals-dhi-daily,Entity,2026-05-11_FMP_Technicals_DHI_daily,2026-05-11_FMP_Technicals_DHI_daily,2026-05-11_FMP_Technicals_DHI_daily,,,,,,,entity,Entities,,,,,,,,,,,,,,,,2026-06-01,,,,,,,,,,,,,,
world:entity:2026-05-11-fmp-technicals-dna-daily,Entity,2026-05-11_FMP_Technicals_DNA_daily,2026-05-11_FMP_Technicals_DNA_daily,2026-05-11_FMP_Technicals_DNA_daily,,,,,,,entity,Entities,,,,,,,,,,,,,,,,2026-06-01,,,,,,,,,,,,,,
world:entity:2026-05-11-fmp-technicals-dpro-daily,Entity,2026-05-11_FMP_Technicals_DPRO_daily,2026-05-11_FMP_Technicals_DPRO_daily,2026-05-11_FMP_Technicals_DPRO_daily,,,,,,,entity,Entities,,,,,,,,,,,,,,,,2026-06-01,,,,,,,,,,,,,,
world:entity:2026-05-11-fmp-technicals-ecpg-daily,Entity,2026-05-11_FMP_Technicals_ECPG_daily,2026-05-11_FMP_Technicals_ECPG_daily,2026-05-11_FMP_Technicals_ECPG_daily,,,,,,,entity,Entities,,,,,,,,,,,,,,,,2026-06-01,,,,,,,,,,,,,,
world:entity:2026-05-11-fmp-technicals-edit-daily,Entity,2026-05-11_FMP_Technicals_EDIT_daily,2026-05-11_FMP_Technicals_EDIT_daily,2026-05-11_FMP_Technicals_EDIT_daily,,,,,,,entity,Entities,,,,,,,,,,,,,,,,2026-06-01,,,,,,,,,,,,,,
world:entity:2026-05-11-fmp-technicals-eh-daily,Entity,2026-05-11_FMP_Technicals_EH_daily,2026-05-11_FMP_Technicals_EH_daily,2026-05-11_FMP_Technicals_EH_daily,,,,,,,entity,Entities,,,,,,,,,,,,,,,,2026-06-01,,,,,,,,,,,,,,
world:entity:2026-05-11-fmp-technicals-envx-daily,Entity,2026-05-11_FMP_Technicals_ENVX_daily,2026-05-11_FMP_Technicals_ENVX_daily,2026-05-11_FMP_Technicals_ENVX_daily,,,,,,,entity,Entities,,,,,,,,,,,,,,,,2026-06-01,,,,,,,,,,,,,,
world:entity:2026-05-11-fmp-technicals-eslt-daily,Entity,2026-05-11_FMP_Technicals_ESLT_daily,2026-05-11_FMP_Technicals_ESLT_daily,2026-05-11_FMP_Technicals_ESLT_daily,,,,,,,entity,Entities,,,,,,,,,,,,,,,,2026-06-01,,,,,,,,,,,,,,
world:entity:2026-05-11-fmp-technicals-etn-daily,Entity,2026-05-11_FMP_Technicals_ETN_daily,2026-05-11_FMP_Technicals_ETN_daily,2026-05-11_FMP_Technicals_ETN_daily,,,,,,,entity,Entities,,,,,,,,,,,,,,,,2026-06-01,,,,,,,,,,,,,,
world:entity:2026-05-11-fmp-technicals-evtl-daily,Entity,2026-05-11_FMP_Technicals_EVTL_daily,2026-05-11_FMP_Technicals_EVTL_daily,2026-05-11_FMP_Technicals_EVTL_daily,,,,,,,entity,Entities,,,,,,,,,,,,,,,,2026-06-01,,,,,,,,,,,,,,
world:entity:2026-05-11-fmp-technicals-flnc-daily,Entity,2026-05-11_FMP_Technicals_FLNC_daily,2026-05-11_FMP_Technicals_FLNC_daily,2026-05-11_FMP_Technicals_FLNC_daily,,,,,,,entity,Entities,,,,,,,,,,,,,,,,2026-06-01,,,,,,,,,,,,,,
world:entity:2026-05-11-fmp-technicals-fmc-daily,Entity,2026-05-11_FMP_Technicals_FMC_daily,2026-05-11_FMP_Technicals_FMC_daily,2026-05-11_FMP_Technicals_FMC_daily,,,,,,,entity,Entities,,,,,,,,,,,,,,,,2026-06-01,,,,,,,,,,,,,,
world:entity:2026-05-11-fmp-technicals-gd-daily,Entity,2026-05-11_FMP_Technicals_GD_daily,2026-05-11_FMP_Technicals_GD_daily,2026-05-11_FMP_Technicals_GD_daily,,,,,,,entity,Entities,,,,,,,,,,,,,,,,2026-06-01,,,,,,,,,,,,,,
world:entity:2026-05-11-fmp-technicals-gev-daily,Entity,2026-05-11_FMP_Technicals_GEV_daily,2026-05-11_FMP_Technicals_GEV_daily,2026-05-11_FMP_Technicals_GEV_daily,,,,,,,entity,Entities,,,,,,,,,,,,,,,,2026-06-01,,,,,,,,,,,,,,
world:entity:2026-05-11-fmp-technicals-ghrs-daily,Entity,2026-05-11_FMP_Technicals_GHRS_daily,2026-05-11_FMP_Technicals_GHRS_daily,2026-05-11_FMP_Technicals_GHRS_daily,,,,,,,entity,Entities,,,,,,,,,,,,,,,,2026-06-01,,,,,,,,,,,,,,
world:entity:2026-05-11-fmp-technicals-gold-daily,Entity,2026-05-11_FMP_Technicals_GOLD_daily,2026-05-11_FMP_Technicals_GOLD_daily,2026-05-11_FMP_Technicals_GOLD_daily,,,,,,,entity,Entities,,,,,,,,,,,,,,,,2026-06-01,,,,,,,,,,,,,,
world:entity:2026-05-11-fmp-technicals-googl-daily,Entity,2026-05-11_FMP_Technicals_GOOGL_daily,2026-05-11_FMP_Technicals_GOOGL_daily,2026-05-11_FMP_Technicals_GOOGL_daily,,,,,,,entity,Entities,,,,,,,,,,,,,,,,2026-06-01,,,,,,,,,,,,,,
world:entity:2026-05-11-fmp-technicals-hims-daily,Entity,2026-05-11_FMP_Technicals_HIMS_daily,2026-05-11_FMP_Technicals_HIMS_daily,2026-05-11_FMP_Technicals_HIMS_daily,,,,,,,entity,Entities,,,,,,,,,,,,,,,,2026-06-01,,,,,,,,,,,,,,
world:entity:2026-05-11-fmp-technicals-hovr-daily,Entity,2026-05-11_FMP_Technicals_HOVR_daily,2026-05-11_FMP_Technicals_HOVR_daily,2026-05-11_FMP_Technicals_HOVR_daily,,,,,,,entity,Entities,,,,,,,,,,,,,,,,2026-06-01,,,,,,,,,,,,,,
world:entity:2026-05-11-fmp-technicals-hubb-daily,Entity,2026-05-11_FMP_Technicals_HUBB_daily,2026-05-11_FMP_Technicals_HUBB_daily,2026-05-11_FMP_Technicals_HUBB_daily,,,,,,,entity,Entities,,,,,,,,,,,,,,,,2026-06-01,,,,,,,,,,,,,,
world:entity:2026-05-11-fmp-technicals-iff-daily,Entity,2026-05-11_FMP_Technicals_IFF_daily,2026-05-11_FMP_Technicals_IFF_daily,2026-05-11_FMP_Technicals_IFF_daily,,,,,,,entity,Entities,,,,,,,,,,,,,,,,2026-06-01,,,,,,,,,,,,,,
world:entity:2026-05-11-fmp-technicals-iipr-daily,Entity,2026-05-11_FMP_Technicals_IIPR_daily,2026-05-11_FMP_Technicals_IIPR_daily,2026-05-11_FMP_Technicals_IIPR_daily,,,,,,,entity,Entities,,,,,,,,,,,,,,,,2026-06-01,,,,,,,,,,,,,,
world:entity:2026-05-11-fmp-technicals-inva-daily,Entity,2026-05-11_FMP_Technicals_INVA_daily,2026-05-11_FMP_Technicals_INVA_daily,2026-05-11_FMP_Technicals_INVA_daily,,,,,,,entity,Entities,,,,,,,,,,,,,,,,2026-06-01,,,,,,,,,,,,,,
world:entity:2026-05-11-fmp-technicals-ionq-daily,Entity,2026-05-11_FMP_Technicals_IONQ_daily,2026-05-11_FMP_Technicals_IONQ_daily,2026-05-11_FMP_Technicals_IONQ_daily,,,,,,,entity,Entities,,,,,,,,,,,,,,,,2026-06-01,,,,,,,,,,,,,,
world:entity:2026-05-11-fmp-technicals-jnj-daily,Entity,2026-05-11_FMP_Technicals_JNJ_daily,2026-05-11_FMP_Technicals_JNJ_daily,2026-05-11_FMP_Technicals_JNJ_daily,,,,,,,entity,Entities,,,,,,,,,,,,,,,,2026-06-01,,,,,,,,,,,,,,
world:entity:2026-05-11-fmp-technicals-joby-daily,Entity,2026-05-11_FMP_Technicals_JOBY_daily,2026-05-11_FMP_Technicals_JOBY_daily,2026-05-11_FMP_Technicals_JOBY_daily,,,,,,,entity,Entities,,,,,,,,,,,,,,,,2026-06-01,,,,,,,,,,,,,,
world:entity:2026-05-11-fmp-technicals-klac-daily,Entity,2026-05-11_FMP_Technicals_KLAC_daily,2026-05-11_FMP_Technicals_KLAC_daily,2026-05-11_FMP_Technicals_KLAC_daily,,,,,,,entity,Entities,,,,,,,,,,,,,,,,2026-06-01,,,,,,,,,,,,,,
world:entity:2026-05-11-fmp-technicals-ktos-daily,Entity,2026-05-11_FMP_Technicals_KTOS_daily,2026-05-11_FMP_Technicals_KTOS_daily,2026-05-11_FMP_Technicals_KTOS_daily,,,,,,,entity,Entities,,,,,,,,,,,,,,,,2026-06-01,,,,,,,,,,,,,,
world:entity:2026-05-11-fmp-technicals-ldos-daily,Entity,2026-05-11_FMP_Technicals_LDOS_daily,2026-05-11_FMP_Technicals_LDOS_daily,2026-05-11_FMP_Technicals_LDOS_daily,,,,,,,entity,Entities,,,,,,,,,,,,,,,,2026-06-01,,,,,,,,,,,,,,
world:entity:2026-05-11-fmp-technicals-len-daily,Entity,2026-05-11_FMP_Technicals_LEN_daily,2026-05-11_FMP_Technicals_LEN_daily,2026-05-11_FMP_Technicals_LEN_daily,,,,,,,entity,Entities,,,,,,,,,,,,,,,,2026-06-01,,,,,,,,,,,,,,
world:entity:2026-05-11-fmp-technicals-lhx-daily,Entity,2026-05-11_FMP_Technicals_LHX_daily,2026-05-11_FMP_Technicals_LHX_daily,2026-05-11_FMP_Technicals_LHX_daily,,,,,,,entity,Entities,,,,,,,,,,,,,,,,2026-06-01,,,,,,,,,,,,,,
world:entity:2026-05-11-fmp-technicals-lly-daily,Entity,2026-05-11_FMP_Technicals_LLY_daily,2026-05-11_FMP_Technicals_LLY_daily,2026-05-11_FMP_Technicals_LLY_daily,,,,,,,entity,Entities,,,,,,,,,,,,,,,,2026-06-01,,,,,,,,,,,,,,
world:entity:2026-05-11-fmp-technicals-lmt-daily,Entity,2026-05-11_FMP_Technicals_LMT_daily,2026-05-11_FMP_Technicals_LMT_daily,2026-05-11_FMP_Technicals_LMT_daily,,,,,,,entity,Entities,,,,,,,,,,,,,,,,2026-06-01,,,,,,,,,,,,,,
world:entity:2026-05-11-fmp-technicals-lrcx-daily,Entity,2026-05-11_FMP_Technicals_LRCX_daily,2026-05-11_FMP_Technicals_LRCX_daily,2026-05-11_FMP_Technicals_LRCX_daily,,,,,,,entity,Entities,,,,,,,,,,,,,,,,2026-06-01,,,,,,,,,,,,,,
world:entity:2026-05-11-fmp-technicals-mnts-daily,Entity,2026-05-11_FMP_Technicals_MNTS_daily,2026-05-11_FMP_Technicals_MNTS_daily,2026-05-11_FMP_Technicals_MNTS_daily,,,,,,,entity,Entities,,,,,,,,,,,,,,,,2026-06-01,,,,,,,,,,,,,,
world:entity:2026-05-11-fmp-technicals-mrk-daily,Entity,2026-05-11_FMP_Technicals_MRK_daily,2026-05-11_FMP_Technicals_MRK_daily,2026-05-11_FMP_Technicals_MRK_daily,,,,,,,entity,Entities,,,,,,,,,,,,,,,,2026-06-01,,,,,,,,,,,,,,
world:entity:2026-05-11-fmp-technicals-msft-daily,Entity,2026-05-11_FMP_Technicals_MSFT_daily,2026-05-11_FMP_Technicals_MSFT_daily,2026-05-11_FMP_Technicals_MSFT_daily,,,,,,,entity,Entities,,,,,,,,,,,,,,,,2026-06-01,,,,,,,,,,,,,,
world:entity:2026-05-11-fmp-technicals-mstr-daily,Entity,2026-05-11_FMP_Technicals_MSTR_daily,2026-05-11_FMP_Technicals_MSTR_daily,2026-05-11_FMP_Technicals_MSTR_daily,,,,,,,entity,Entities,,,,,,,,,,,,,,,,2026-06-01,,,,,,,,,,,,,,
world:entity:2026-05-11-fmp-technicals-mtz-daily,Entity,2026-05-11_FMP_Technicals_MTZ_daily,2026-05-11_FMP_Technicals_MTZ_daily,2026-05-11_FMP_Technicals_MTZ_daily,,,,,,,entity,Entities,,,,,,,,,,,,,,,,2026-06-01,,,,,,,,,,,,,,
world:entity:2026-05-11-fmp-technicals-myrg-daily,Entity,2026-05-11_FMP_Technicals_MYRG_daily,2026-05-11_FMP_Technicals_MYRG_daily,2026-05-11_FMP_Technicals_MYRG_daily,,,,,,,entity,Entities,,,,,,,,,,,,,,,,2026-06-01,,,,,,,,,,,,,,
world:entity:2026-05-11-fmp-technicals-nbix-daily,Entity,2026-05-11_FMP_Technicals_NBIX_daily,2026-05-11_FMP_Technicals_NBIX_daily,2026-05-11_FMP_Technicals_NBIX_daily,,,,,,,entity,Entities,,,,,,,,,,,,,,,,2026-06-01,,,,,,,,,,,,,,
world:entity:2026-05-11-fmp-technicals-nem-daily,Entity,2026-05-11_FMP_Technicals_NEM_daily,2026-05-11_FMP_Technicals_NEM_daily,2026-05-11_FMP_Technicals_NEM_daily,,,,,,,entity,Entities,,,,,,,,,,,,,,,,2026-06-01,,,,,,,,,,,,,,
world:entity:2026-05-11-fmp-technicals-nktr-daily,Entity,2026-05-11_FMP_Technicals_NKTR_daily,2026-05-11_FMP_Technicals_NKTR_daily,2026-05-11_FMP_Technicals_NKTR_daily,,,,,,,entity,Entities,,,,,,,,,,,,,,,,2026-06-01,,,,,,,,,,,,,,
world:entity:2026-05-11-fmp-technicals-nne-daily,Entity,2026-05-11_FMP_Technicals_NNE_daily,2026-05-11_FMP_Technicals_NNE_daily,2026-05-11_FMP_Technicals_NNE_daily,,,,,,,entity,Entities,,,,,,,,,,,,,,,,2026-06-01,,,,,,,,,,,,,,
world:entity:2026-05-11-fmp-technicals-noc-daily,Entity,2026-05-11_FMP_Technicals_NOC_daily,2026-05-11_FMP_Technicals_NOC_daily,2026-05-11_FMP_Technicals_NOC_daily,,,,,,,entity,Entities,,,,,,,,,,,,,,,,2026-06-01,,,,,,,,,,,,,,
world:entity:2026-05-11-fmp-technicals-ntla-daily,Entity,2026-05-11_FMP_Technicals_NTLA_daily,2026-05-11_FMP_Technicals_NTLA_daily,2026-05-11_FMP_Technicals_NTLA_daily,,,,,,,entity,Entities,,,,,,,,,,,,,,,,2026-06-01,,,,,,,,,,,,,,
world:entity:2026-05-11-fmp-technicals-nvda-daily,Entity,2026-05-11_FMP_Technicals_NVDA_daily,2026-05-11_FMP_Technicals_NVDA_daily,2026-05-11_FMP_Technicals_NVDA_daily,,,,,,,entity,Entities,,,,,,,,,,,,,,,,2026-06-01,,,,,,,,,,,,,,
world:entity:2026-05-11-fmp-technicals-nvr-daily,Entity,2026-05-11_FMP_Technicals_NVR_daily,2026-05-11_FMP_Technicals_NVR_daily,2026-05-11_FMP_Technicals_NVR_daily,,,,,,,entity,Entities,,,,,,,,,,,,,,,,2026-06-01,,,,,,,,,,,,,,
world:entity:2026-05-11-fmp-technicals-oklo-daily,Entity,2026-05-11_FMP_Technicals_OKLO_daily,2026-05-11_FMP_Technicals_OKLO_daily,2026-05-11_FMP_Technicals_OKLO_daily,,,,,,,entity,Entities,,,,,,,,,,,,,,,,2026-06-01,,,,,,,,,,,,,,
world:entity:2026-05-11-fmp-technicals-on-daily,Entity,2026-05-11_FMP_Technicals_ON_daily,2026-05-11_FMP_Technicals_ON_daily,2026-05-11_FMP_Technicals_ON_daily,,,,,,,entity,Entities,,,,,,,,,,,,,,,,2026-06-01,,,,,,,,,,,,,,
world:entity:2026-05-11-fmp-technicals-onds-daily,Entity,2026-05-11_FMP_Technicals_ONDS_daily,2026-05-11_FMP_Technicals_ONDS_daily,2026-05-11_FMP_Technicals_ONDS_daily,,,,,,,entity,Entities,,,,,,,,,,,,,,,,2026-06-01,,,,,,,,,,,,,,
world:entity:2026-05-11-fmp-technicals-onto-daily,Entity,2026-05-11_FMP_Technicals_ONTO_daily,2026-05-11_FMP_Technicals_ONTO_daily,2026-05-11_FMP_Technicals_ONTO_daily,,,,,,,entity,Entities,,,,,,,,,,,,,,,,2026-06-01,,,,,,,,,,,,,,
world:entity:2026-05-11-fmp-technicals-pdfs-daily,Entity,2026-05-11_FMP_Technicals_PDFS_daily,2026-05-11_FMP_Technicals_PDFS_daily,2026-05-11_FMP_Technicals_PDFS_daily,,,,,,,entity,Entities,,,,,,,,,,,,,,,,2026-06-01,,,,,,,,,,,,,,
world:entity:2026-05-11-fmp-technicals-pfe-daily,Entity,2026-05-11_FMP_Technicals_PFE_daily,2026-05-11_FMP_Technicals_PFE_daily,2026-05-11_FMP_Technicals_PFE_daily,,,,,,,entity,Entities,,,,,,,,,,,,,,,,2026-06-01,,,,,,,,,,,,,,
world:entity:2026-05-11-fmp-technicals-pl-daily,Entity,2026-05-11_FMP_Technicals_PL_daily,2026-05-11_FMP_Technicals_PL_daily,2026-05-11_FMP_Technicals_PL_daily,,,,,,,entity,Entities,,,,,,,,,,,,,,,,2026-06-01,,,,,,,,,,,,,,
world:entity:2026-05-11-fmp-technicals-pltr-daily,Entity,2026-05-11_FMP_Technicals_PLTR_daily,2026-05-11_FMP_Technicals_PLTR_daily,2026-05-11_FMP_Technicals_PLTR_daily,,,,,,,entity,Entities,,,,,,,,,,,,,,,,2026-06-01,,,,,,,,,,,,,,
world:entity:2026-05-11-fmp-technicals-ppih-daily,Entity,2026-05-11_FMP_Technicals_PPIH_daily,2026-05-11_FMP_Technicals_PPIH_daily,2026-05-11_FMP_Technicals_PPIH_daily,,,,,,,entity,Entities,,,,,,,,,,,,,,,,2026-06-01,,,,,,,,,,,,,,
world:entity:2026-05-11-fmp-technicals-prks-daily,Entity,2026-05-11_FMP_Technicals_PRKS_daily,2026-05-11_FMP_Technicals_PRKS_daily,2026-05-11_FMP_Technicals_PRKS_daily,,,,,,,entity,Entities,,,,,,,,,,,,,,,,2026-06-01,,,,,,,,,,,,,,
world:entity:2026-05-11-fmp-technicals-prta-daily,Entity,2026-05-11_FMP_Technicals_PRTA_daily,2026-05-11_FMP_Technicals_PRTA_daily,2026-05-11_FMP_Technicals_PRTA_daily,,,,,,,entity,Entities,,,,,,,,,,,,,,,,2026-06-01,,,,,,,,,,,,,,
world:entity:2026-05-11-fmp-technicals-psil-daily,Entity,2026-05-11_FMP_Technicals_PSIL_daily,2026-05-11_FMP_Technicals_PSIL_daily,2026-05-11_FMP_Technicals_PSIL_daily,,,,,,,entity,Entities,,,,,,,,,,,,,,,,2026-06-01,,,,,,,,,,,,,,
world:entity:2026-05-11-fmp-technicals-pwr-daily,Entity,2026-05-11_FMP_Technicals_PWR_daily,2026-05-11_FMP_Technicals_PWR_daily,2026-05-11_FMP_Technicals_PWR_daily,,,,,,,entity,Entities,,,,,,,,,,,,,,,,2026-06-01,,,,,,,,,,,,,,
world:entity:2026-05-11-fmp-technicals-qubt-daily,Entity,2026-05-11_FMP_Technicals_QUBT_daily,2026-05-11_FMP_Technicals_QUBT_daily,2026-05-11_FMP_Technicals_QUBT_daily,,,,,,,entity,Entities,,,,,,,,,,,,,,,,2026-06-01,,,,,,,,,,,,,,
world:entity:2026-05-11-fmp-technicals-rcat-daily,Entity,2026-05-11_FMP_Technicals_RCAT_daily,2026-05-11_FMP_Technicals_RCAT_daily,2026-05-11_FMP_Technicals_RCAT_daily,,,,,,,entity,Entities,,,,,,,,,,,,,,,,2026-06-01,,,,,,,,,,,,,,
world:entity:2026-05-11-fmp-technicals-rgti-daily,Entity,2026-05-11_FMP_Technicals_RGTI_daily,2026-05-11_FMP_Technicals_RGTI_daily,2026-05-11_FMP_Technicals_RGTI_daily,,,,,,,entity,Entities,,,,,,,,,,,,,,,,2026-06-01,,,,,,,,,,,,,,
world:entity:2026-05-11-fmp-technicals-rklb-daily,Entity,2026-05-11_FMP_Technicals_RKLB_daily,2026-05-11_FMP_Technicals_RKLB_daily,2026-05-11_FMP_Technicals_RKLB_daily,,,,,,,entity,Entities,,,,,,,,,,,,,,,,2026-06-01,,,,,,,,,,,,,,
world:entity:2026-05-11-fmp-technicals-rprx-daily,Entity,2026-05-11_FMP_Technicals_RPRX_daily,2026-05-11_FMP_Technicals_RPRX_daily,2026-05-11_FMP_Technicals_RPRX_daily,,,,,,,entity,Entities,,,,,,,,,,,,,,,,2026-06-01,,,,,,,,,,,,,,
world:entity:2026-05-11-fmp-technicals-rtx-daily,Entity,2026-05-11_FMP_Technicals_RTX_daily,2026-05-11_FMP_Technicals_RTX_daily,2026-05-11_FMP_Technicals_RTX_daily,,,,,,,entity,Entities,,,,,,,,,,,,,,,,2026-06-01,,,,,,,,,,,,,,
world:entity:2026-05-11-fmp-technicals-sky-daily,Entity,2026-05-11_FMP_Technicals_SKY_daily,2026-05-11_FMP_Technicals_SKY_daily,2026-05-11_FMP_Technicals_SKY_daily,,,,,,,entity,Entities,,,,,,,,,,,,,,,,2026-06-01,,,,,,,,,,,,,,
world:entity:2026-05-11-fmp-technicals-smr-daily,Entity,2026-05-11_FMP_Technicals_SMR_daily,2026-05-11_FMP_Technicals_SMR_daily,2026-05-11_FMP_Technicals_SMR_daily,,,,,,,entity,Entities,,,,,,,,,,,,,,,,2026-06-01,,,,,,,,,,,,,,
world:entity:2026-05-11-fmp-technicals-spir-daily,Entity,2026-05-11_FMP_Technicals_SPIR_daily,2026-05-11_FMP_Technicals_SPIR_daily,2026-05-11_FMP_Technicals_SPIR_daily,,,,,,,entity,Entities,,,,,,,,,,,,,,,,2026-06-01,,,,,,,,,,,,,,
world:entity:2026-05-11-fmp-technicals-spro-daily,Entity,2026-05-11_FMP_Technicals_SPRO_daily,2026-05-11_FMP_Technicals_SPRO_daily,2026-05-11_FMP_Technicals_SPRO_daily,,,,,,,entity,Entities,,,,,,,,,,,,,,,,2026-06-01,,,,,,,,,,,,,,
world:entity:2026-05-11-fmp-technicals-stem-daily,Entity,2026-05-11_FMP_Technicals_STEM_daily,2026-05-11_FMP_Technicals_STEM_daily,2026-05-11_FMP_Technicals_STEM_daily,,,,,,,entity,Entities,,,,,,,,,,,,,,,,2026-06-01,,,,,,,,,,,,,,
world:entity:2026-05-11-fmp-technicals-strl-daily,Entity,2026-05-11_FMP_Technicals_STRL_daily,2026-05-11_FMP_Technicals_STRL_daily,2026-05-11_FMP_Technicals_STRL_daily,,,,,,,entity,Entities,,,,,,,,,,,,,,,,2026-06-01,,,,,,,,,,,,,,
world:entity:2026-05-11-fmp-technicals-tdy-daily,Entity,2026-05-11_FMP_Technicals_TDY_daily,2026-05-11_FMP_Technicals_TDY_daily,2026-05-11_FMP_Technicals_TDY_daily,,,,,,,entity,Entities,,,,,,,,,,,,,,,,2026-06-01,,,,,,,,,,,,,,
world:entity:2026-05-11-fmp-technicals-tmhc-daily,Entity,2026-05-11_FMP_Technicals_TMHC_daily,2026-05-11_FMP_Technicals_TMHC_daily,2026-05-11_FMP_Technicals_TMHC_daily,,,,,,,entity,Entities,,,,,,,,,,,,,,,,2026-06-01,,,,,,,,,,,,,,
world:entity:2026-05-11-fmp-technicals-tmo-daily,Entity,2026-05-11_FMP_Technicals_TMO_daily,2026-05-11_FMP_Technicals_TMO_daily,2026-05-11_FMP_Technicals_TMO_daily,,,,,,,entity,Entities,,,,,,,,,,,,,,,,2026-06-01,,,,,,,,,,,,,,
world:entity:2026-05-11-fmp-technicals-tol-daily,Entity,2026-05-11_FMP_Technicals_TOL_daily,2026-05-11_FMP_Technicals_TOL_daily,2026-05-11_FMP_Technicals_TOL_daily,,,,,,,entity,Entities,,,,,,,,,,,,,,,,2026-06-01,,,,,,,,,,,,,,
world:entity:2026-05-11-fmp-technicals-tsla-daily,Entity,2026-05-11_FMP_Technicals_TSLA_daily,2026-05-11_FMP_Technicals_TSLA_daily,2026-05-11_FMP_Technicals_TSLA_daily,,,,,,,entity,Entities,,,,,,,,,,,,,,,,2026-06-01,,,,,,,,,,,,,,
world:entity:2026-05-11-fmp-technicals-tsn-daily,Entity,2026-05-11_FMP_Technicals_TSN_daily,2026-05-11_FMP_Technicals_TSN_daily,2026-05-11_FMP_Technicals_TSN_daily,,,,,,,entity,Entities,,,,,,,,,,,,,,,,2026-06-01,,,,,,,,,,,,,,
world:entity:2026-05-11-fmp-technicals-twst-daily,Entity,2026-05-11_FMP_Technicals_TWST_daily,2026-05-11_FMP_Technicals_TWST_daily,2026-05-11_FMP_Technicals_TWST_daily,,,,,,,entity,Entities,,,,,,,,,,,,,,,,2026-06-01,,,,,,,,,,,,,,
world:entity:2026-05-11-fmp-technicals-txt-daily,Entity,2026-05-11_FMP_Technicals_TXT_daily,2026-05-11_FMP_Technicals_TXT_daily,2026-05-11_FMP_Technicals_TXT_daily,,,,,,,entity,Entities,,,,,,,,,,,,,,,,2026-06-01,,,,,,,,,,,,,,
world:entity:2026-05-11-fmp-technicals-ufpt-daily,Entity,2026-05-11_FMP_Technicals_UFPT_daily,2026-05-11_FMP_Technicals_UFPT_daily,2026-05-11_FMP_Technicals_UFPT_daily,,,,,,,entity,Entities,,,,,,,,,,,,,,,,2026-06-01,,,,,,,,,,,,,,
world:entity:2026-05-11-fmp-technicals-umac-daily,Entity,2026-05-11_FMP_Technicals_UMAC_daily,2026-05-11_FMP_Technicals_UMAC_daily,2026-05-11_FMP_Technicals_UMAC_daily,,,,,,,entity,Entities,,,,,,,,,,,,,,,,2026-06-01,,,,,,,,,,,,,,
world:entity:2026-05-11-fmp-technicals-unty-daily,Entity,2026-05-11_FMP_Technicals_UNTY_daily,2026-05-11_FMP_Technicals_UNTY_daily,2026-05-11_FMP_Technicals_UNTY_daily,,,,,,,entity,Entities,,,,,,,,,,,,,,,,2026-06-01,,,,,,,,,,,,,,
world:entity:2026-05-11-fmp-technicals-vktx-daily,Entity,2026-05-11_FMP_Technicals_VKTX_daily,2026-05-11_FMP_Technicals_VKTX_daily,2026-05-11_FMP_Technicals_VKTX_daily,,,,,,,entity,Entities,,,,,,,,,,,,,,,,2026-06-01,,,,,,,,,,,,,,
world:entity:2026-05-11-fmp-technicals-vst-daily,Entity,2026-05-11_FMP_Technicals_VST_daily,2026-05-11_FMP_Technicals_VST_daily,2026-05-11_FMP_Technicals_VST_daily,,,,,,,entity,Entities,,,,,,,,,,,,,,,,2026-06-01,,,,,,,,,,,,,,
world:entity:2026-05-11-fmp-technicals-wcc-daily,Entity,2026-05-11_FMP_Technicals_WCC_daily,2026-05-11_FMP_Technicals_WCC_daily,2026-05-11_FMP_Technicals_WCC_daily,,,,,,,entity,Entities,,,,,,,,,,,,,,,,2026-06-01,,,,,,,,,,,,,,
world:entity:2026-05-11-fmp-technicals-wolf-daily,Entity,2026-05-11_FMP_Technicals_WOLF_daily,2026-05-11_FMP_Technicals_WOLF_daily,2026-05-11_FMP_Technicals_WOLF_daily,,,,,,,entity,Entities,,,,,,,,,,,,,,,,2026-06-01,,,,,,,,,,,,,,
world:entity:2026-05-11-fmp-technicals-wpm-daily,Entity,2026-05-11_FMP_Technicals_WPM_daily,2026-05-11_FMP_Technicals_WPM_daily,2026-05-11_FMP_Technicals_WPM_daily,,,,,,,entity,Entities,,,,,,,,,,,,,,,,2026-06-01,,,,,,,,,,,,,,
world:entity:2026-05-11-fmp-technicals-xoma-daily,Entity,2026-05-11_FMP_Technicals_XOMA_daily,2026-05-11_FMP_Technicals_XOMA_daily,2026-05-11_FMP_Technicals_XOMA_daily,,,,,,,entity,Entities,,,,,,,,,,,,,,,,2026-06-01,,,,,,,,,,,,,,
world:entity:2026-05-11-fmp-thesis-watchlist-drone-autonomous-systems-revolution,Entity,2026-05-11_FMP_Thesis_Watchlist_Drone_&_Autonomous_Systems_Revolution,2026-05-11_FMP_Thesis_Watchlist_Drone_&_Autonomous_Systems_Revolution,2026-05-11_FMP_Thesis_Watchlist_Drone_&_Autonomous_Systems_Revolution,,,,,,,entity,Entities,,,,,,,,,,,,,,,,2026-06-01,,,,,,,,,,,,,,
world:entity:2026-05-11-fmp-thesis-watchlist-fiscal-scarcity-rearmament,Entity,2026-05-11_FMP_Thesis_Watchlist_Fiscal_Scarcity_Rearmament,2026-05-11_FMP_Thesis_Watchlist_Fiscal_Scarcity_Rearmament,2026-05-11_FMP_Thesis_Watchlist_Fiscal_Scarcity_Rearmament,,,,,,,entity,Entities,,,,,,,,,,,,,,,,2026-06-01,,,,,,,,,,,,,,
world:entity:2026-05-11-fmp-thesis-watchlist-gene-editing-crispr-therapeutics,Entity,2026-05-11_FMP_Thesis_Watchlist_Gene_Editing_&_CRISPR_Therapeutics,2026-05-11_FMP_Thesis_Watchlist_Gene_Editing_&_CRISPR_Therapeutics,2026-05-11_FMP_Thesis_Watchlist_Gene_Editing_&_CRISPR_Therapeutics,,,,,,,entity,Entities,,,,,,,,,,,,,,,,2026-06-01,,,,,,,,,,,,,,
world:entity:2026-05-11-fmp-thesis-watchlist-glp-1-metabolic-disease-revolution,Entity,2026-05-11_FMP_Thesis_Watchlist_GLP-1_Metabolic_Disease_Revolution,2026-05-11_FMP_Thesis_Watchlist_GLP-1_Metabolic_Disease_Revolution,2026-05-11_FMP_Thesis_Watchlist_GLP-1_Metabolic_Disease_Revolution,,,,,,,entity,Entities,,,,,,,,,,,,,,,,2026-06-01,,,,,,,,,,,,,,
world:entity:2026-05-11-fmp-thesis-watchlist-grid-scale-battery-storage,Entity,2026-05-11_FMP_Thesis_Watchlist_Grid-Scale_Battery_Storage,2026-05-11_FMP_Thesis_Watchlist_Grid-Scale_Battery_Storage,2026-05-11_FMP_Thesis_Watchlist_Grid-Scale_Battery_Storage,,,,,,,entity,Entities,,,,,,,,,,,,,,,,2026-06-01,,,,,,,,,,,,,,
world:entity:2026-05-11-fmp-thesis-watchlist-housing-supply-correction,Entity,2026-05-11_FMP_Thesis_Watchlist_Housing_Supply_Correction,2026-05-11_FMP_Thesis_Watchlist_Housing_Supply_Correction,2026-05-11_FMP_Thesis_Watchlist_Housing_Supply_Correction,,,,,,,entity,Entities,,,,,,,,,,,,,,,,2026-06-01,,,,,,,,,,,,,,
world:entity:2026-05-11-fmp-thesis-watchlist-hypersonic-weapons-advanced-defense-systems,Entity,2026-05-11_FMP_Thesis_Watchlist_Hypersonic_Weapons_&_Advanced_Defense_Systems,2026-05-11_FMP_Thesis_Watchlist_Hypersonic_Weapons_&_Advanced_Defense_Systems,2026-05-11_FMP_Thesis_Watchlist_Hypersonic_Weapons_&_Advanced_Defense_Systems,,,,,,,entity,Entities,,,,,,,,,,,,,,,,2026-06-01,,,,,,,,,,,,,,
world:entity:2026-05-11-fmp-thesis-watchlist-nuclear-renaissance-small-modular-reactors,Entity,2026-05-11_FMP_Thesis_Watchlist_Nuclear_Renaissance_&_Small_Modular_Reactors,2026-05-11_FMP_Thesis_Watchlist_Nuclear_Renaissance_&_Small_Modular_Reactors,2026-05-11_FMP_Thesis_Watchlist_Nuclear_Renaissance_&_Small_Modular_Reactors,,,,,,,entity,Entities,,,,,,,,,,,,,,,,2026-06-01,,,,,,,,,,,,,,
world:entity:2026-05-11-fmp-thesis-watchlist-psychedelic-mental-health-revolution,Entity,2026-05-11_FMP_Thesis_Watchlist_Psychedelic_Mental_Health_Revolution,2026-05-11_FMP_Thesis_Watchlist_Psychedelic_Mental_Health_Revolution,2026-05-11_FMP_Thesis_Watchlist_Psychedelic_Mental_Health_Revolution,,,,,,,entity,Entities,,,,,,,,,,,,,,,,2026-06-01,,,,,,,,,,,,,,
world:entity:2026-05-11-fmp-thesis-watchlist-quantum-computing,Entity,2026-05-11_FMP_Thesis_Watchlist_Quantum_Computing,2026-05-11_FMP_Thesis_Watchlist_Quantum_Computing,2026-05-11_FMP_Thesis_Watchlist_Quantum_Computing,,,,,,,entity,Entities,,,,,,,,,,,,,,,,2026-06-01,,,,,,,,,,,,,,
world:entity:2026-05-11-fmp-thesis-watchlist-space-domain-awareness-commercial-space,Entity,2026-05-11_FMP_Thesis_Watchlist_Space_Domain_Awareness_&_Commercial_Space,2026-05-11_FMP_Thesis_Watchlist_Space_Domain_Awareness_&_Commercial_Space,2026-05-11_FMP_Thesis_Watchlist_Space_Domain_Awareness_&_Commercial_Space,,,,,,,entity,Entities,,,,,,,,,,,,,,,,2026-06-01,,,,,,,,,,,,,,
world:entity:2026-05-11-fred-liquidity,Entity,2026-05-11_FRED_Liquidity,2026-05-11_FRED_Liquidity,2026-05-11_FRED_Liquidity,,,,,,,entity,Entities,,,,,,,,,,,,,,,,2026-06-01,,,,,,,,,,,,,,
world:entity:2026-05-11-inbox-synthesis-iran-hormuz-and-risk-channels,Entity,2026-05-11 - Inbox Synthesis - Iran Hormuz and Risk Channels,2026-05-11 - Inbox Synthesis - Iran Hormuz and Risk Channels,2026-05-11 - Inbox Synthesis - Iran Hormuz and Risk Channels,,,,,,,entity,Entities,,,,,,,,,,,,,,,,2026-06-01,,,,,,,,,,,,,,
world:entity:2026-05-11-macro-volatility-digest,Entity,2026-05-11 - Macro Volatility Digest,2026-05-11 - Macro Volatility Digest,2026-05-11 - Macro Volatility Digest,,,,,,,entity,Entities,,,,,,,,,,,,,,,,2026-06-01,,,,,,,,,,,,,,
world:entity:2026-05-11-orb-entropy-screen,Entity,2026-05-11_ORB_Entropy_Screen,2026-05-11_ORB_Entropy_Screen,2026-05-11_ORB_Entropy_Screen,,,,,,,entity,Entities,,,,,,,,,,,,,,,,2026-06-01,,,,,,,,,,,,,,
world:entity:2026-05-11-purdue-cme-ag-economy-barometer-april-2026,Entity,2026-05-11 - Purdue CME Ag Economy Barometer April 2026,2026-05-11 - Purdue CME Ag Economy Barometer April 2026,2026-05-11 - Purdue CME Ag Economy Barometer April 2026,,,,,,,entity,Entities,,,,,,,,,,,,,,,,2026-06-01,,,,,,,,,,,,,,
world:entity:2026-05-11-value-line-selection-and-opinion-may-15-2026,Entity,2026-05-11 - Value Line Selection and Opinion May 15 2026,2026-05-11 - Value Line Selection and Opinion May 15 2026,2026-05-11 - Value Line Selection and Opinion May 15 2026,,,,,,,entity,Entities,,,,,,,,,,,,,,,,2026-06-01,,,,,,,,,,,,,,
world:entity:2026-05-11-value-line-special-situations-service-april-2026,Entity,2026-05-11 - Value Line Special Situations Service April 2026,2026-05-11 - Value Line Special Situations Service April 2026,2026-05-11 - Value Line Special Situations Service April 2026,,,,,,,entity,Entities,,,,,,,,,,,,,,,,2026-06-01,,,,,,,,,,,,,,
world:entity:2026-05-12-academic-research-batch-volatility-esg-ai-credit,Entity,2026-05-12 - Academic Research Batch Volatility ESG AI Credit,2026-05-12 - Academic Research Batch Volatility ESG AI Credit,2026-05-12 - Academic Research Batch Volatility ESG AI Credit,,,,,,,entity,Entities,,,,,,,,,,,,,,,,2026-06-01,,,,,,,,,,,,,,
world:entity:2026-05-12-agent-analysis-all-theses,Entity,2026-05-12_Agent_Analysis_All_Theses,2026-05-12_Agent_Analysis_All_Theses,2026-05-12_Agent_Analysis_All_Theses,,,,,,,entity,Entities,,,,,,,,,,,,,,,,2026-06-01,,,,,,,,,,,,,,
world:entity:2026-05-12-agent-analysis-amzn,Entity,2026-05-12_Agent_Analysis_AMZN,2026-05-12_Agent_Analysis_AMZN,2026-05-12_Agent_Analysis_AMZN,,,,,,,entity,Entities,,,,,,,,,,,,,,,,2026-06-01,,,,,,,,,,,,,,
world:entity:2026-05-12-agent-analysis-etn,Entity,2026-05-12_Agent_Analysis_ETN,2026-05-12_Agent_Analysis_ETN,2026-05-12_Agent_Analysis_ETN,,,,,,,entity,Entities,,,,,,,,,,,,,,,,2026-06-01,,,,,,,,,,,,,,
world:entity:2026-05-12-agent-analysis-gev,Entity,2026-05-12_Agent_Analysis_GEV,2026-05-12_Agent_Analysis_GEV,2026-05-12_Agent_Analysis_GEV,,,,,,,entity,Entities,,,,,,,,,,,,,,,,2026-06-01,,,,,,,,,,,,,,
world:entity:2026-05-12-agent-analysis-msft,Entity,2026-05-12_Agent_Analysis_MSFT,2026-05-12_Agent_Analysis_MSFT,2026-05-12_Agent_Analysis_MSFT,,,,,,,entity,Entities,,,,,,,,,,,,,,,,2026-06-01,,,,,,,,,,,,,,
world:entity:2026-05-12-agent-analysis-nrg,Entity,2026-05-12_Agent_Analysis_NRG,2026-05-12_Agent_Analysis_NRG,2026-05-12_Agent_Analysis_NRG,,,,,,,entity,Entities,,,,,,,,,,,,,,,,2026-06-01,,,,,,,,,,,,,,
world:entity:2026-05-12-agent-analysis-pltr,Entity,2026-05-12_Agent_Analysis_PLTR,2026-05-12_Agent_Analysis_PLTR,2026-05-12_Agent_Analysis_PLTR,,,,,,,entity,Entities,,,,,,,,,,,,,,,,2026-06-01,,,,,,,,,,,,,,
world:entity:2026-05-12-agent-analysis-strl,Entity,2026-05-12_Agent_Analysis_STRL,2026-05-12_Agent_Analysis_STRL,2026-05-12_Agent_Analysis_STRL,,,,,,,entity,Entities,,,,,,,,,,,,,,,,2026-06-01,,,,,,,,,,,,,,
world:entity:2026-05-12-agent-analysis-vst,Entity,2026-05-12_Agent_Analysis_VST,2026-05-12_Agent_Analysis_VST,2026-05-12_Agent_Analysis_VST,,,,,,,entity,Entities,,,,,,,,,,,,,,,,2026-06-01,,,,,,,,,,,,,,
world:entity:2026-05-12-ai-infrastructure-and-cyber-risk-watchpoints,Entity,2026-05-12 - AI Infrastructure and Cyber Risk Watchpoints,2026-05-12 - AI Infrastructure and Cyber Risk Watchpoints,2026-05-12 - AI Infrastructure and Cyber Risk Watchpoints,,,,,,,entity,Entities,,,,,,,,,,,,,,,,2026-06-01,,,,,,,,,,,,,,
world:entity:2026-05-12-ai-memory-agent-software-and-cyber-risk,Entity,2026-05-12 - AI Memory Agent Software and Cyber Risk,2026-05-12 - AI Memory Agent Software and Cyber Risk,2026-05-12 - AI Memory Agent Software and Cyber Risk,,,,,,,entity,Entities,,,,,,,,,,,,,,,,2026-06-01,,,,,,,,,,,,,,
world:entity:2026-05-12-behavioral-finance-strategy-watchpoints,Entity,2026-05-12 - Behavioral Finance Strategy Watchpoints,2026-05-12 - Behavioral Finance Strategy Watchpoints,2026-05-12 - Behavioral Finance Strategy Watchpoints,,,,,,,entity,Entities,,,,,,,,,,,,,,,,2026-06-01,,,,,,,,,,,,,,
world:entity:2026-05-12-disclosure-reality-check,Entity,2026-05-12_Disclosure_Reality_Check,2026-05-12_Disclosure_Reality_Check,2026-05-12_Disclosure_Reality_Check,,,,,,,entity,Entities,,,,,,,,,,,,,,,,2026-06-01,,,,,,,,,,,,,,
world:entity:2026-05-12-entropy-monitor-spy-qqq,Entity,2026-05-12_Entropy_Monitor_SPY_QQQ,2026-05-12_Entropy_Monitor_SPY_QQQ,2026-05-12_Entropy_Monitor_SPY_QQQ,,,,,,,entity,Entities,,,,,,,,,,,,,,,,2026-06-01,,,,,,,,,,,,,,
world:entity:2026-05-12-federal-student-loan-defaults-return,Entity,2026-05-12 - Federal Student Loan Defaults Return,2026-05-12 - Federal Student Loan Defaults Return,2026-05-12 - Federal Student Loan Defaults Return,,,,,,,entity,Entities,,,,,,,,,,,,,,,,2026-06-01,,,,,,,,,,,,,,
world:entity:2026-05-12-fmp-earnings-calendar-thesis-watchlists,Entity,2026-05-12_FMP_Earnings_Calendar_Thesis_Watchlists,2026-05-12_FMP_Earnings_Calendar_Thesis_Watchlists,2026-05-12_FMP_Earnings_Calendar_Thesis_Watchlists,,,,,,,entity,Entities,,,,,,,,,,,,,,,,2026-06-01,,,,,,,,,,,,,,
world:entity:2026-05-12-fmp-economiccalendar,Entity,2026-05-12_FMP_EconomicCalendar,2026-05-12_FMP_EconomicCalendar,2026-05-12_FMP_EconomicCalendar,,,,,,,entity,Entities,,,,,,,,,,,,,,,,2026-06-01,,,,,,,,,,,,,,
world:entity:2026-05-12-fmp-technicals-abbv-daily,Entity,2026-05-12_FMP_Technicals_ABBV_daily,2026-05-12_FMP_Technicals_ABBV_daily,2026-05-12_FMP_Technicals_ABBV_daily,,,,,,,entity,Entities,,,,,,,,,,,,,,,,2026-06-01,,,,,,,,,,,,,,
world:entity:2026-05-12-fmp-technicals-acad-daily,Entity,2026-05-12_FMP_Technicals_ACAD_daily,2026-05-12_FMP_Technicals_ACAD_daily,2026-05-12_FMP_Technicals_ACAD_daily,,,,,,,entity,Entities,,,,,,,,,,,,,,,,2026-06-01,,,,,,,,,,,,,,
world:entity:2026-05-12-fmp-technicals-achr-daily,Entity,2026-05-12_FMP_Technicals_ACHR_daily,2026-05-12_FMP_Technicals_ACHR_daily,2026-05-12_FMP_Technicals_ACHR_daily,,,,,,,entity,Entities,,,,,,,,,,,,,,,,2026-06-01,,,,,,,,,,,,,,
world:entity:2026-05-12-fmp-technicals-adm-daily,Entity,2026-05-12_FMP_Technicals_ADM_daily,2026-05-12_FMP_Technicals_ADM_daily,2026-05-12_FMP_Technicals_ADM_daily,,,,,,,entity,Entities,,,,,,,,,,,,,,,,2026-06-01,,,,,,,,,,,,,,
world:entity:2026-05-12-fmp-technicals-airo-daily,Entity,2026-05-12_FMP_Technicals_AIRO_daily,2026-05-12_FMP_Technicals_AIRO_daily,2026-05-12_FMP_Technicals_AIRO_daily,,,,,,,entity,Entities,,,,,,,,,,,,,,,,2026-06-01,,,,,,,,,,,,,,
world:entity:2026-05-12-fmp-technicals-alks-daily,Entity,2026-05-12_FMP_Technicals_ALKS_daily,2026-05-12_FMP_Technicals_ALKS_daily,2026-05-12_FMP_Technicals_ALKS_daily,,,,,,,entity,Entities,,,,,,,,,,,,,,,,2026-06-01,,,,,,,,,,,,,,
world:entity:2026-05-12-fmp-technicals-alvo-daily,Entity,2026-05-12_FMP_Technicals_ALVO_daily,2026-05-12_FMP_Technicals_ALVO_daily,2026-05-12_FMP_Technicals_ALVO_daily,,,,,,,entity,Entities,,,,,,,,,,,,,,,,2026-06-01,,,,,,,,,,,,,,
world:entity:2026-05-12-fmp-technicals-amat-daily,Entity,2026-05-12_FMP_Technicals_AMAT_daily,2026-05-12_FMP_Technicals_AMAT_daily,2026-05-12_FMP_Technicals_AMAT_daily,,,,,,,entity,Entities,,,,,,,,,,,,,,,,2026-06-01,,,,,,,,,,,,,,
world:entity:2026-05-12-fmp-technicals-amgn-daily,Entity,2026-05-12_FMP_Technicals_AMGN_daily,2026-05-12_FMP_Technicals_AMGN_daily,2026-05-12_FMP_Technicals_AMGN_daily,,,,,,,entity,Entities,,,,,,,,,,,,,,,,2026-06-01,,,,,,,,,,,,,,
world:entity:2026-05-12-fmp-technicals-amsc-daily,Entity,2026-05-12_FMP_Technicals_AMSC_daily,2026-05-12_FMP_Technicals_AMSC_daily,2026-05-12_FMP_Technicals_AMSC_daily,,,,,,,entity,Entities,,,,,,,,,,,,,,,,2026-06-01,,,,,,,,,,,,,,
world:entity:2026-05-12-fmp-technicals-amzn-daily,Entity,2026-05-12_FMP_Technicals_AMZN_daily,2026-05-12_FMP_Technicals_AMZN_daily,2026-05-12_FMP_Technicals_AMZN_daily,,,,,,,entity,Entities,,,,,,,,,,,,,,,,2026-06-01,,,,,,,,,,,,,,
world:entity:2026-05-12-fmp-technicals-asts-daily,Entity,2026-05-12_FMP_Technicals_ASTS_daily,2026-05-12_FMP_Technicals_ASTS_daily,2026-05-12_FMP_Technicals_ASTS_daily,,,,,,,entity,Entities,,,,,,,,,,,,,,,,2026-06-01,,,,,,,,,,,,,,
world:entity:2026-05-12-fmp-technicals-atai-daily,Entity,2026-05-12_FMP_Technicals_ATAI_daily,2026-05-12_FMP_Technicals_ATAI_daily,2026-05-12_FMP_Technicals_ATAI_daily,,,,,,,entity,Entities,,,,,,,,,,,,,,,,2026-06-01,,,,,,,,,,,,,,
world:entity:2026-05-12-fmp-technicals-avav-daily,Entity,2026-05-12_FMP_Technicals_AVAV_daily,2026-05-12_FMP_Technicals_AVAV_daily,2026-05-12_FMP_Technicals_AVAV_daily,,,,,,,entity,Entities,,,,,,,,,,,,,,,,2026-06-01,,,,,,,,,,,,,,
world:entity:2026-05-12-fmp-technicals-bah-daily,Entity,2026-05-12_FMP_Technicals_BAH_daily,2026-05-12_FMP_Technicals_BAH_daily,2026-05-12_FMP_Technicals_BAH_daily,,,,,,,entity,Entities,,,,,,,,,,,,,,,,2026-06-01,,,,,,,,,,,,,,
world:entity:2026-05-12-fmp-technicals-bbai-daily,Entity,2026-05-12_FMP_Technicals_BBAI_daily,2026-05-12_FMP_Technicals_BBAI_daily,2026-05-12_FMP_Technicals_BBAI_daily,,,,,,,entity,Entities,,,,,,,,,,,,,,,,2026-06-01,,,,,,,,,,,,,,
world:entity:2026-05-12-fmp-technicals-beam-daily,Entity,2026-05-12_FMP_Technicals_BEAM_daily,2026-05-12_FMP_Technicals_BEAM_daily,2026-05-12_FMP_Technicals_BEAM_daily,,,,,,,entity,Entities,,,,,,,,,,,,,,,,2026-06-01,,,,,,,,,,,,,,
world:entity:2026-05-12-fmp-technicals-bg-daily,Entity,2026-05-12_FMP_Technicals_BG_daily,2026-05-12_FMP_Technicals_BG_daily,2026-05-12_FMP_Technicals_BG_daily,,,,,,,entity,Entities,,,,,,,,,,,,,,,,2026-06-01,,,,,,,,,,,,,,
world:entity:2026-05-12-fmp-technicals-biib-daily,Entity,2026-05-12_FMP_Technicals_BIIB_daily,2026-05-12_FMP_Technicals_BIIB_daily,2026-05-12_FMP_Technicals_BIIB_daily,,,,,,,entity,Entities,,,,,,,,,,,,,,,,2026-06-01,,,,,,,,,,,,,,
world:entity:2026-05-12-fmp-technicals-bksy-daily,Entity,2026-05-12_FMP_Technicals_BKSY_daily,2026-05-12_FMP_Technicals_BKSY_daily,2026-05-12_FMP_Technicals_BKSY_daily,,,,,,,entity,Entities,,,,,,,,,,,,,,,,2026-06-01,,,,,,,,,,,,,,
world:entity:2026-05-12-fmp-technicals-brbr-daily,Entity,2026-05-12_FMP_Technicals_BRBR_daily,2026-05-12_FMP_Technicals_BRBR_daily,2026-05-12_FMP_Technicals_BRBR_daily,,,,,,,entity,Entities,,,,,,,,,,,,,,,,2026-06-01,,,,,,,,,,,,,,
world:entity:2026-05-12-fmp-technicals-bw-daily,Entity,2026-05-12_FMP_Technicals_BW_daily,2026-05-12_FMP_Technicals_BW_daily,2026-05-12_FMP_Technicals_BW_daily,,,,,,,entity,Entities,,,,,,,,,,,,,,,,2026-06-01,,,,,,,,,,,,,,
world:entity:2026-05-12-fmp-technicals-bynd-daily,Entity,2026-05-12_FMP_Technicals_BYND_daily,2026-05-12_FMP_Technicals_BYND_daily,2026-05-12_FMP_Technicals_BYND_daily,,,,,,,entity,Entities,,,,,,,,,,,,,,,,2026-06-01,,,,,,,,,,,,,,
world:entity:2026-05-12-fmp-technicals-caci-daily,Entity,2026-05-12_FMP_Technicals_CACI_daily,2026-05-12_FMP_Technicals_CACI_daily,2026-05-12_FMP_Technicals_CACI_daily,,,,,,,entity,Entities,,,,,,,,,,,,,,,,2026-06-01,,,,,,,,,,,,,,
world:entity:2026-05-12-fmp-technicals-ccj-daily,Entity,2026-05-12_FMP_Technicals_CCJ_daily,2026-05-12_FMP_Technicals_CCJ_daily,2026-05-12_FMP_Technicals_CCJ_daily,,,,,,,entity,Entities,,,,,,,,,,,,,,,,2026-06-01,,,,,,,,,,,,,,
world:entity:2026-05-12-fmp-technicals-ceg-daily,Entity,2026-05-12_FMP_Technicals_CEG_daily,2026-05-12_FMP_Technicals_CEG_daily,2026-05-12_FMP_Technicals_CEG_daily,,,,,,,entity,Entities,,,,,,,,,,,,,,,,2026-06-01,,,,,,,,,,,,,,
world:entity:2026-05-12-fmp-technicals-cmps-daily,Entity,2026-05-12_FMP_Technicals_CMPS_daily,2026-05-12_FMP_Technicals_CMPS_daily,2026-05-12_FMP_Technicals_CMPS_daily,,,,,,,entity,Entities,,,,,,,,,,,,,,,,2026-06-01,,,,,,,,,,,,,,
world:entity:2026-05-12-fmp-technicals-coin-daily,Entity,2026-05-12_FMP_Technicals_COIN_daily,2026-05-12_FMP_Technicals_COIN_daily,2026-05-12_FMP_Technicals_COIN_daily,,,,,,,entity,Entities,,,,,,,,,,,,,,,,2026-06-01,,,,,,,,,,,,,,
world:entity:2026-05-12-fmp-technicals-crsp-daily,Entity,2026-05-12_FMP_Technicals_CRSP_daily,2026-05-12_FMP_Technicals_CRSP_daily,2026-05-12_FMP_Technicals_CRSP_daily,,,,,,,entity,Entities,,,,,,,,,,,,,,,,2026-06-01,,,,,,,,,,,,,,
world:entity:2026-05-12-fmp-technicals-ctva-daily,Entity,2026-05-12_FMP_Technicals_CTVA_daily,2026-05-12_FMP_Technicals_CTVA_daily,2026-05-12_FMP_Technicals_CTVA_daily,,,,,,,entity,Entities,,,,,,,,,,,,,,,,2026-06-01,,,,,,,,,,,,,,
world:entity:2026-05-12-fmp-technicals-dftx-daily,Entity,2026-05-12_FMP_Technicals_DFTX_daily,2026-05-12_FMP_Technicals_DFTX_daily,2026-05-12_FMP_Technicals_DFTX_daily,,,,,,,entity,Entities,,,,,,,,,,,,,,,,2026-06-01,,,,,,,,,,,,,,
world:entity:2026-05-12-fmp-technicals-dhi-daily,Entity,2026-05-12_FMP_Technicals_DHI_daily,2026-05-12_FMP_Technicals_DHI_daily,2026-05-12_FMP_Technicals_DHI_daily,,,,,,,entity,Entities,,,,,,,,,,,,,,,,2026-06-01,,,,,,,,,,,,,,
world:entity:2026-05-12-fmp-technicals-dna-daily,Entity,2026-05-12_FMP_Technicals_DNA_daily,2026-05-12_FMP_Technicals_DNA_daily,2026-05-12_FMP_Technicals_DNA_daily,,,,,,,entity,Entities,,,,,,,,,,,,,,,,2026-06-01,,,,,,,,,,,,,,
world:entity:2026-05-12-fmp-technicals-dpro-daily,Entity,2026-05-12_FMP_Technicals_DPRO_daily,2026-05-12_FMP_Technicals_DPRO_daily,2026-05-12_FMP_Technicals_DPRO_daily,,,,,,,entity,Entities,,,,,,,,,,,,,,,,2026-06-01,,,,,,,,,,,,,,
world:entity:2026-05-12-fmp-technicals-ecpg-daily,Entity,2026-05-12_FMP_Technicals_ECPG_daily,2026-05-12_FMP_Technicals_ECPG_daily,2026-05-12_FMP_Technicals_ECPG_daily,,,,,,,entity,Entities,,,,,,,,,,,,,,,,2026-06-01,,,,,,,,,,,,,,
world:entity:2026-05-12-fmp-technicals-edit-daily,Entity,2026-05-12_FMP_Technicals_EDIT_daily,2026-05-12_FMP_Technicals_EDIT_daily,2026-05-12_FMP_Technicals_EDIT_daily,,,,,,,entity,Entities,,,,,,,,,,,,,,,,2026-06-01,,,,,,,,,,,,,,
world:entity:2026-05-12-fmp-technicals-eh-daily,Entity,2026-05-12_FMP_Technicals_EH_daily,2026-05-12_FMP_Technicals_EH_daily,2026-05-12_FMP_Technicals_EH_daily,,,,,,,entity,Entities,,,,,,,,,,,,,,,,2026-06-01,,,,,,,,,,,,,,
world:entity:2026-05-12-fmp-technicals-envx-daily,Entity,2026-05-12_FMP_Technicals_ENVX_daily,2026-05-12_FMP_Technicals_ENVX_daily,2026-05-12_FMP_Technicals_ENVX_daily,,,,,,,entity,Entities,,,,,,,,,,,,,,,,2026-06-01,,,,,,,,,,,,,,
world:entity:2026-05-12-fmp-technicals-eslt-daily,Entity,2026-05-12_FMP_Technicals_ESLT_daily,2026-05-12_FMP_Technicals_ESLT_daily,2026-05-12_FMP_Technicals_ESLT_daily,,,,,,,entity,Entities,,,,,,,,,,,,,,,,2026-06-01,,,,,,,,,,,,,,
world:entity:2026-05-12-fmp-technicals-etn-daily,Entity,2026-05-12_FMP_Technicals_ETN_daily,2026-05-12_FMP_Technicals_ETN_daily,2026-05-12_FMP_Technicals_ETN_daily,,,,,,,entity,Entities,,,,,,,,,,,,,,,,2026-06-01,,,,,,,,,,,,,,
world:entity:2026-05-12-fmp-technicals-evtl-daily,Entity,2026-05-12_FMP_Technicals_EVTL_daily,2026-05-12_FMP_Technicals_EVTL_daily,2026-05-12_FMP_Technicals_EVTL_daily,,,,,,,entity,Entities,,,,,,,,,,,,,,,,2026-06-01,,,,,,,,,,,,,,
world:entity:2026-05-12-fmp-technicals-flnc-daily,Entity,2026-05-12_FMP_Technicals_FLNC_daily,2026-05-12_FMP_Technicals_FLNC_daily,2026-05-12_FMP_Technicals_FLNC_daily,,,,,,,entity,Entities,,,,,,,,,,,,,,,,2026-06-01,,,,,,,,,,,,,,
world:entity:2026-05-12-fmp-technicals-fmc-daily,Entity,2026-05-12_FMP_Technicals_FMC_daily,2026-05-12_FMP_Technicals_FMC_daily,2026-05-12_FMP_Technicals_FMC_daily,,,,,,,entity,Entities,,,,,,,,,,,,,,,,2026-06-01,,,,,,,,,,,,,,
world:entity:2026-05-12-fmp-technicals-gd-daily,Entity,2026-05-12_FMP_Technicals_GD_daily,2026-05-12_FMP_Technicals_GD_daily,2026-05-12_FMP_Technicals_GD_daily,,,,,,,entity,Entities,,,,,,,,,,,,,,,,2026-06-01,,,,,,,,,,,,,,
world:entity:2026-05-12-fmp-technicals-gev-daily,Entity,2026-05-12_FMP_Technicals_GEV_daily,2026-05-12_FMP_Technicals_GEV_daily,2026-05-12_FMP_Technicals_GEV_daily,,,,,,,entity,Entities,,,,,,,,,,,,,,,,2026-06-01,,,,,,,,,,,,,,
world:entity:2026-05-12-fmp-technicals-ghrs-daily,Entity,2026-05-12_FMP_Technicals_GHRS_daily,2026-05-12_FMP_Technicals_GHRS_daily,2026-05-12_FMP_Technicals_GHRS_daily,,,,,,,entity,Entities,,,,,,,,,,,,,,,,2026-06-01,,,,,,,,,,,,,,
world:entity:2026-05-12-fmp-technicals-gold-daily,Entity,2026-05-12_FMP_Technicals_GOLD_daily,2026-05-12_FMP_Technicals_GOLD_daily,2026-05-12_FMP_Technicals_GOLD_daily,,,,,,,entity,Entities,,,,,,,,,,,,,,,,2026-06-01,,,,,,,,,,,,,,
world:entity:2026-05-12-fmp-technicals-googl-daily,Entity,2026-05-12_FMP_Technicals_GOOGL_daily,2026-05-12_FMP_Technicals_GOOGL_daily,2026-05-12_FMP_Technicals_GOOGL_daily,,,,,,,entity,Entities,,,,,,,,,,,,,,,,2026-06-01,,,,,,,,,,,,,,
world:entity:2026-05-12-fmp-technicals-help-daily,Entity,2026-05-12_FMP_Technicals_HELP_daily,2026-05-12_FMP_Technicals_HELP_daily,2026-05-12_FMP_Technicals_HELP_daily,,,,,,,entity,Entities,,,,,,,,,,,,,,,,2026-06-01,,,,,,,,,,,,,,
world:entity:2026-05-12-fmp-technicals-hims-daily,Entity,2026-05-12_FMP_Technicals_HIMS_daily,2026-05-12_FMP_Technicals_HIMS_daily,2026-05-12_FMP_Technicals_HIMS_daily,,,,,,,entity,Entities,,,,,,,,,,,,,,,,2026-06-01,,,,,,,,,,,,,,
world:entity:2026-05-12-fmp-technicals-hovr-daily,Entity,2026-05-12_FMP_Technicals_HOVR_daily,2026-05-12_FMP_Technicals_HOVR_daily,2026-05-12_FMP_Technicals_HOVR_daily,,,,,,,entity,Entities,,,,,,,,,,,,,,,,2026-06-01,,,,,,,,,,,,,,
world:entity:2026-05-12-fmp-technicals-hubb-daily,Entity,2026-05-12_FMP_Technicals_HUBB_daily,2026-05-12_FMP_Technicals_HUBB_daily,2026-05-12_FMP_Technicals_HUBB_daily,,,,,,,entity,Entities,,,,,,,,,,,,,,,,2026-06-01,,,,,,,,,,,,,,
world:entity:2026-05-12-fmp-technicals-iff-daily,Entity,2026-05-12_FMP_Technicals_IFF_daily,2026-05-12_FMP_Technicals_IFF_daily,2026-05-12_FMP_Technicals_IFF_daily,,,,,,,entity,Entities,,,,,,,,,,,,,,,,2026-06-01,,,,,,,,,,,,,,
world:entity:2026-05-12-fmp-technicals-iipr-daily,Entity,2026-05-12_FMP_Technicals_IIPR_daily,2026-05-12_FMP_Technicals_IIPR_daily,2026-05-12_FMP_Technicals_IIPR_daily,,,,,,,entity,Entities,,,,,,,,,,,,,,,,2026-06-01,,,,,,,,,,,,,,
world:entity:2026-05-12-fmp-technicals-inva-daily,Entity,2026-05-12_FMP_Technicals_INVA_daily,2026-05-12_FMP_Technicals_INVA_daily,2026-05-12_FMP_Technicals_INVA_daily,,,,,,,entity,Entities,,,,,,,,,,,,,,,,2026-06-01,,,,,,,,,,,,,,
world:entity:2026-05-12-fmp-technicals-ionq-daily,Entity,2026-05-12_FMP_Technicals_IONQ_daily,2026-05-12_FMP_Technicals_IONQ_daily,2026-05-12_FMP_Technicals_IONQ_daily,,,,,,,entity,Entities,,,,,,,,,,,,,,,,2026-06-01,,,,,,,,,,,,,,
world:entity:2026-05-12-fmp-technicals-jnj-daily,Entity,2026-05-12_FMP_Technicals_JNJ_daily,2026-05-12_FMP_Technicals_JNJ_daily,2026-05-12_FMP_Technicals_JNJ_daily,,,,,,,entity,Entities,,,,,,,,,,,,,,,,2026-06-01,,,,,,,,,,,,,,
world:entity:2026-05-12-fmp-technicals-joby-daily,Entity,2026-05-12_FMP_Technicals_JOBY_daily,2026-05-12_FMP_Technicals_JOBY_daily,2026-05-12_FMP_Technicals_JOBY_daily,,,,,,,entity,Entities,,,,,,,,,,,,,,,,2026-06-01,,,,,,,,,,,,,,
world:entity:2026-05-12-fmp-technicals-klac-daily,Entity,2026-05-12_FMP_Technicals_KLAC_daily,2026-05-12_FMP_Technicals_KLAC_daily,2026-05-12_FMP_Technicals_KLAC_daily,,,,,,,entity,Entities,,,,,,,,,,,,,,,,2026-06-01,,,,,,,,,,,,,,
world:entity:2026-05-12-fmp-technicals-ktos-daily,Entity,2026-05-12_FMP_Technicals_KTOS_daily,2026-05-12_FMP_Technicals_KTOS_daily,2026-05-12_FMP_Technicals_KTOS_daily,,,,,,,entity,Entities,,,,,,,,,,,,,,,,2026-06-01,,,,,,,,,,,,,,
world:entity:2026-05-12-fmp-technicals-ldos-daily,Entity,2026-05-12_FMP_Technicals_LDOS_daily,2026-05-12_FMP_Technicals_LDOS_daily,2026-05-12_FMP_Technicals_LDOS_daily,,,,,,,entity,Entities,,,,,,,,,,,,,,,,2026-06-01,,,,,,,,,,,,,,
world:entity:2026-05-12-fmp-technicals-len-daily,Entity,2026-05-12_FMP_Technicals_LEN_daily,2026-05-12_FMP_Technicals_LEN_daily,2026-05-12_FMP_Technicals_LEN_daily,,,,,,,entity,Entities,,,,,,,,,,,,,,,,2026-06-01,,,,,,,,,,,,,,
world:entity:2026-05-12-fmp-technicals-lhx-daily,Entity,2026-05-12_FMP_Technicals_LHX_daily,2026-05-12_FMP_Technicals_LHX_daily,2026-05-12_FMP_Technicals_LHX_daily,,,,,,,entity,Entities,,,,,,,,,,,,,,,,2026-06-01,,,,,,,,,,,,,,
world:entity:2026-05-12-fmp-technicals-lly-daily,Entity,2026-05-12_FMP_Technicals_LLY_daily,2026-05-12_FMP_Technicals_LLY_daily,2026-05-12_FMP_Technicals_LLY_daily,,,,,,,entity,Entities,,,,,,,,,,,,,,,,2026-06-01,,,,,,,,,,,,,,
world:entity:2026-05-12-fmp-technicals-lmt-daily,Entity,2026-05-12_FMP_Technicals_LMT_daily,2026-05-12_FMP_Technicals_LMT_daily,2026-05-12_FMP_Technicals_LMT_daily,,,,,,,entity,Entities,,,,,,,,,,,,,,,,2026-06-01,,,,,,,,,,,,,,
world:entity:2026-05-12-fmp-technicals-lrcx-daily,Entity,2026-05-12_FMP_Technicals_LRCX_daily,2026-05-12_FMP_Technicals_LRCX_daily,2026-05-12_FMP_Technicals_LRCX_daily,,,,,,,entity,Entities,,,,,,,,,,,,,,,,2026-06-01,,,,,,,,,,,,,,
world:entity:2026-05-12-fmp-technicals-mnts-daily,Entity,2026-05-12_FMP_Technicals_MNTS_daily,2026-05-12_FMP_Technicals_MNTS_daily,2026-05-12_FMP_Technicals_MNTS_daily,,,,,,,entity,Entities,,,,,,,,,,,,,,,,2026-06-01,,,,,,,,,,,,,,
world:entity:2026-05-12-fmp-technicals-mrk-daily,Entity,2026-05-12_FMP_Technicals_MRK_daily,2026-05-12_FMP_Technicals_MRK_daily,2026-05-12_FMP_Technicals_MRK_daily,,,,,,,entity,Entities,,,,,,,,,,,,,,,,2026-06-01,,,,,,,,,,,,,,
world:entity:2026-05-12-fmp-technicals-msft-daily,Entity,2026-05-12_FMP_Technicals_MSFT_daily,2026-05-12_FMP_Technicals_MSFT_daily,2026-05-12_FMP_Technicals_MSFT_daily,,,,,,,entity,Entities,,,,,,,,,,,,,,,,2026-06-01,,,,,,,,,,,,,,
world:entity:2026-05-12-fmp-technicals-mstr-daily,Entity,2026-05-12_FMP_Technicals_MSTR_daily,2026-05-12_FMP_Technicals_MSTR_daily,2026-05-12_FMP_Technicals_MSTR_daily,,,,,,,entity,Entities,,,,,,,,,,,,,,,,2026-06-01,,,,,,,,,,,,,,
world:entity:2026-05-12-fmp-technicals-mtz-daily,Entity,2026-05-12_FMP_Technicals_MTZ_daily,2026-05-12_FMP_Technicals_MTZ_daily,2026-05-12_FMP_Technicals_MTZ_daily,,,,,,,entity,Entities,,,,,,,,,,,,,,,,2026-06-01,,,,,,,,,,,,,,
world:entity:2026-05-12-fmp-technicals-myrg-daily,Entity,2026-05-12_FMP_Technicals_MYRG_daily,2026-05-12_FMP_Technicals_MYRG_daily,2026-05-12_FMP_Technicals_MYRG_daily,,,,,,,entity,Entities,,,,,,,,,,,,,,,,2026-06-01,,,,,,,,,,,,,,
world:entity:2026-05-12-fmp-technicals-nbix-daily,Entity,2026-05-12_FMP_Technicals_NBIX_daily,2026-05-12_FMP_Technicals_NBIX_daily,2026-05-12_FMP_Technicals_NBIX_daily,,,,,,,entity,Entities,,,,,,,,,,,,,,,,2026-06-01,,,,,,,,,,,,,,
world:entity:2026-05-12-fmp-technicals-nem-daily,Entity,2026-05-12_FMP_Technicals_NEM_daily,2026-05-12_FMP_Technicals_NEM_daily,2026-05-12_FMP_Technicals_NEM_daily,,,,,,,entity,Entities,,,,,,,,,,,,,,,,2026-06-01,,,,,,,,,,,,,,
world:entity:2026-05-12-fmp-technicals-nktr-daily,Entity,2026-05-12_FMP_Technicals_NKTR_daily,2026-05-12_FMP_Technicals_NKTR_daily,2026-05-12_FMP_Technicals_NKTR_daily,,,,,,,entity,Entities,,,,,,,,,,,,,,,,2026-06-01,,,,,,,,,,,,,,
world:entity:2026-05-12-fmp-technicals-nne-daily,Entity,2026-05-12_FMP_Technicals_NNE_daily,2026-05-12_FMP_Technicals_NNE_daily,2026-05-12_FMP_Technicals_NNE_daily,,,,,,,entity,Entities,,,,,,,,,,,,,,,,2026-06-01,,,,,,,,,,,,,,
world:entity:2026-05-12-fmp-technicals-noc-daily,Entity,2026-05-12_FMP_Technicals_NOC_daily,2026-05-12_FMP_Technicals_NOC_daily,2026-05-12_FMP_Technicals_NOC_daily,,,,,,,entity,Entities,,,,,,,,,,,,,,,,2026-06-01,,,,,,,,,,,,,,
world:entity:2026-05-12-fmp-technicals-nrg-daily,Entity,2026-05-12_FMP_Technicals_NRG_daily,2026-05-12_FMP_Technicals_NRG_daily,2026-05-12_FMP_Technicals_NRG_daily,,,,,,,entity,Entities,,,,,,,,,,,,,,,,2026-06-01,,,,,,,,,,,,,,
world:entity:2026-05-12-fmp-technicals-ntla-daily,Entity,2026-05-12_FMP_Technicals_NTLA_daily,2026-05-12_FMP_Technicals_NTLA_daily,2026-05-12_FMP_Technicals_NTLA_daily,,,,,,,entity,Entities,,,,,,,,,,,,,,,,2026-06-01,,,,,,,,,,,,,,
world:entity:2026-05-12-fmp-technicals-nvda-daily,Entity,2026-05-12_FMP_Technicals_NVDA_daily,2026-05-12_FMP_Technicals_NVDA_daily,2026-05-12_FMP_Technicals_NVDA_daily,,,,,,,entity,Entities,,,,,,,,,,,,,,,,2026-06-01,,,,,,,,,,,,,,
world:entity:2026-05-12-fmp-technicals-nvr-daily,Entity,2026-05-12_FMP_Technicals_NVR_daily,2026-05-12_FMP_Technicals_NVR_daily,2026-05-12_FMP_Technicals_NVR_daily,,,,,,,entity,Entities,,,,,,,,,,,,,,,,2026-06-01,,,,,,,,,,,,,,
world:entity:2026-05-12-fmp-technicals-oklo-daily,Entity,2026-05-12_FMP_Technicals_OKLO_daily,2026-05-12_FMP_Technicals_OKLO_daily,2026-05-12_FMP_Technicals_OKLO_daily,,,,,,,entity,Entities,,,,,,,,,,,,,,,,2026-06-01,,,,,,,,,,,,,,
world:entity:2026-05-12-fmp-technicals-on-daily,Entity,2026-05-12_FMP_Technicals_ON_daily,2026-05-12_FMP_Technicals_ON_daily,2026-05-12_FMP_Technicals_ON_daily,,,,,,,entity,Entities,,,,,,,,,,,,,,,,2026-06-01,,,,,,,,,,,,,,
world:entity:2026-05-12-fmp-technicals-onds-daily,Entity,2026-05-12_FMP_Technicals_ONDS_daily,2026-05-12_FMP_Technicals_ONDS_daily,2026-05-12_FMP_Technicals_ONDS_daily,,,,,,,entity,Entities,,,,,,,,,,,,,,,,2026-06-01,,,,,,,,,,,,,,
world:entity:2026-05-12-fmp-technicals-onto-daily,Entity,2026-05-12_FMP_Technicals_ONTO_daily,2026-05-12_FMP_Technicals_ONTO_daily,2026-05-12_FMP_Technicals_ONTO_daily,,,,,,,entity,Entities,,,,,,,,,,,,,,,,2026-06-01,,,,,,,,,,,,,,
world:entity:2026-05-12-fmp-technicals-pdfs-daily,Entity,2026-05-12_FMP_Technicals_PDFS_daily,2026-05-12_FMP_Technicals_PDFS_daily,2026-05-12_FMP_Technicals_PDFS_daily,,,,,,,entity,Entities,,,,,,,,,,,,,,,,2026-06-01,,,,,,,,,,,,,,
world:entity:2026-05-12-fmp-technicals-pfe-daily,Entity,2026-05-12_FMP_Technicals_PFE_daily,2026-05-12_FMP_Technicals_PFE_daily,2026-05-12_FMP_Technicals_PFE_daily,,,,,,,entity,Entities,,,,,,,,,,,,,,,,2026-06-01,,,,,,,,,,,,,,
world:entity:2026-05-12-fmp-technicals-pl-daily,Entity,2026-05-12_FMP_Technicals_PL_daily,2026-05-12_FMP_Technicals_PL_daily,2026-05-12_FMP_Technicals_PL_daily,,,,,,,entity,Entities,,,,,,,,,,,,,,,,2026-06-01,,,,,,,,,,,,,,
world:entity:2026-05-12-fmp-technicals-pltr-daily,Entity,2026-05-12_FMP_Technicals_PLTR_daily,2026-05-12_FMP_Technicals_PLTR_daily,2026-05-12_FMP_Technicals_PLTR_daily,,,,,,,entity,Entities,,,,,,,,,,,,,,,,2026-06-01,,,,,,,,,,,,,,
world:entity:2026-05-12-fmp-technicals-powl-daily,Entity,2026-05-12_FMP_Technicals_POWL_daily,2026-05-12_FMP_Technicals_POWL_daily,2026-05-12_FMP_Technicals_POWL_daily,,,,,,,entity,Entities,,,,,,,,,,,,,,,,2026-06-01,,,,,,,,,,,,,,
world:entity:2026-05-12-fmp-technicals-ppih-daily,Entity,2026-05-12_FMP_Technicals_PPIH_daily,2026-05-12_FMP_Technicals_PPIH_daily,2026-05-12_FMP_Technicals_PPIH_daily,,,,,,,entity,Entities,,,,,,,,,,,,,,,,2026-06-01,,,,,,,,,,,,,,
world:entity:2026-05-12-fmp-technicals-prks-daily,Entity,2026-05-12_FMP_Technicals_PRKS_daily,2026-05-12_FMP_Technicals_PRKS_daily,2026-05-12_FMP_Technicals_PRKS_daily,,,,,,,entity,Entities,,,,,,,,,,,,,,,,2026-06-01,,,,,,,,,,,,,,
world:entity:2026-05-12-fmp-technicals-prta-daily,Entity,2026-05-12_FMP_Technicals_PRTA_daily,2026-05-12_FMP_Technicals_PRTA_daily,2026-05-12_FMP_Technicals_PRTA_daily,,,,,,,entity,Entities,,,,,,,,,,,,,,,,2026-06-01,,,,,,,,,,,,,,
world:entity:2026-05-12-fmp-technicals-psil-daily,Entity,2026-05-12_FMP_Technicals_PSIL_daily,2026-05-12_FMP_Technicals_PSIL_daily,2026-05-12_FMP_Technicals_PSIL_daily,,,,,,,entity,Entities,,,,,,,,,,,,,,,,2026-06-01,,,,,,,,,,,,,,
world:entity:2026-05-12-fmp-technicals-pwr-daily,Entity,2026-05-12_FMP_Technicals_PWR_daily,2026-05-12_FMP_Technicals_PWR_daily,2026-05-12_FMP_Technicals_PWR_daily,,,,,,,entity,Entities,,,,,,,,,,,,,,,,2026-06-01,,,,,,,,,,,,,,
world:entity:2026-05-12-fmp-technicals-qubt-daily,Entity,2026-05-12_FMP_Technicals_QUBT_daily,2026-05-12_FMP_Technicals_QUBT_daily,2026-05-12_FMP_Technicals_QUBT_daily,,,,,,,entity,Entities,,,,,,,,,,,,,,,,2026-06-01,,,,,,,,,,,,,,
world:entity:2026-05-12-fmp-technicals-rcat-daily,Entity,2026-05-12_FMP_Technicals_RCAT_daily,2026-05-12_FMP_Technicals_RCAT_daily,2026-05-12_FMP_Technicals_RCAT_daily,,,,,,,entity,Entities,,,,,,,,,,,,,,,,2026-06-01,,,,,,,,,,,,,,
world:entity:2026-05-12-fmp-technicals-rgti-daily,Entity,2026-05-12_FMP_Technicals_RGTI_daily,2026-05-12_FMP_Technicals_RGTI_daily,2026-05-12_FMP_Technicals_RGTI_daily,,,,,,,entity,Entities,,,,,,,,,,,,,,,,2026-06-01,,,,,,,,,,,,,,
world:entity:2026-05-12-fmp-technicals-rklb-daily,Entity,2026-05-12_FMP_Technicals_RKLB_daily,2026-05-12_FMP_Technicals_RKLB_daily,2026-05-12_FMP_Technicals_RKLB_daily,,,,,,,entity,Entities,,,,,,,,,,,,,,,,2026-06-01,,,,,,,,,,,,,,
world:entity:2026-05-12-fmp-technicals-rprx-daily,Entity,2026-05-12_FMP_Technicals_RPRX_daily,2026-05-12_FMP_Technicals_RPRX_daily,2026-05-12_FMP_Technicals_RPRX_daily,,,,,,,entity,Entities,,,,,,,,,,,,,,,,2026-06-01,,,,,,,,,,,,,,
world:entity:2026-05-12-fmp-technicals-rtx-daily,Entity,2026-05-12_FMP_Technicals_RTX_daily,2026-05-12_FMP_Technicals_RTX_daily,2026-05-12_FMP_Technicals_RTX_daily,,,,,,,entity,Entities,,,,,,,,,,,,,,,,2026-06-01,,,,,,,,,,,,,,
world:entity:2026-05-12-fmp-technicals-saic-daily,Entity,2026-05-12_FMP_Technicals_SAIC_daily,2026-05-12_FMP_Technicals_SAIC_daily,2026-05-12_FMP_Technicals_SAIC_daily,,,,,,,entity,Entities,,,,,,,,,,,,,,,,2026-06-01,,,,,,,,,,,,,,
world:entity:2026-05-12-fmp-technicals-sky-daily,Entity,2026-05-12_FMP_Technicals_SKY_daily,2026-05-12_FMP_Technicals_SKY_daily,2026-05-12_FMP_Technicals_SKY_daily,,,,,,,entity,Entities,,,,,,,,,,,,,,,,2026-06-01,,,,,,,,,,,,,,
world:entity:2026-05-12-fmp-technicals-smr-daily,Entity,2026-05-12_FMP_Technicals_SMR_daily,2026-05-12_FMP_Technicals_SMR_daily,2026-05-12_FMP_Technicals_SMR_daily,,,,,,,entity,Entities,,,,,,,,,,,,,,,,2026-06-01,,,,,,,,,,,,,,
world:entity:2026-05-12-fmp-technicals-spir-daily,Entity,2026-05-12_FMP_Technicals_SPIR_daily,2026-05-12_FMP_Technicals_SPIR_daily,2026-05-12_FMP_Technicals_SPIR_daily,,,,,,,entity,Entities,,,,,,,,,,,,,,,,2026-06-01,,,,,,,,,,,,,,
world:entity:2026-05-12-fmp-technicals-spro-daily,Entity,2026-05-12_FMP_Technicals_SPRO_daily,2026-05-12_FMP_Technicals_SPRO_daily,2026-05-12_FMP_Technicals_SPRO_daily,,,,,,,entity,Entities,,,,,,,,,,,,,,,,2026-06-01,,,,,,,,,,,,,,
world:entity:2026-05-12-fmp-technicals-stem-daily,Entity,2026-05-12_FMP_Technicals_STEM_daily,2026-05-12_FMP_Technicals_STEM_daily,2026-05-12_FMP_Technicals_STEM_daily,,,,,,,entity,Entities,,,,,,,,,,,,,,,,2026-06-01,,,,,,,,,,,,,,
world:entity:2026-05-12-fmp-technicals-strl-daily,Entity,2026-05-12_FMP_Technicals_STRL_daily,2026-05-12_FMP_Technicals_STRL_daily,2026-05-12_FMP_Technicals_STRL_daily,,,,,,,entity,Entities,,,,,,,,,,,,,,,,2026-06-01,,,,,,,,,,,,,,
world:entity:2026-05-12-fmp-technicals-tdy-daily,Entity,2026-05-12_FMP_Technicals_TDY_daily,2026-05-12_FMP_Technicals_TDY_daily,2026-05-12_FMP_Technicals_TDY_daily,,,,,,,entity,Entities,,,,,,,,,,,,,,,,2026-06-01,,,,,,,,,,,,,,
world:entity:2026-05-12-fmp-technicals-tmhc-daily,Entity,2026-05-12_FMP_Technicals_TMHC_daily,2026-05-12_FMP_Technicals_TMHC_daily,2026-05-12_FMP_Technicals_TMHC_daily,,,,,,,entity,Entities,,,,,,,,,,,,,,,,2026-06-01,,,,,,,,,,,,,,
world:entity:2026-05-12-fmp-technicals-tmo-daily,Entity,2026-05-12_FMP_Technicals_TMO_daily,2026-05-12_FMP_Technicals_TMO_daily,2026-05-12_FMP_Technicals_TMO_daily,,,,,,,entity,Entities,,,,,,,,,,,,,,,,2026-06-01,,,,,,,,,,,,,,
world:entity:2026-05-12-fmp-technicals-tnc-daily,Entity,2026-05-12_FMP_Technicals_TNC_daily,2026-05-12_FMP_Technicals_TNC_daily,2026-05-12_FMP_Technicals_TNC_daily,,,,,,,entity,Entities,,,,,,,,,,,,,,,,2026-06-01,,,,,,,,,,,,,,
world:entity:2026-05-12-fmp-technicals-tol-daily,Entity,2026-05-12_FMP_Technicals_TOL_daily,2026-05-12_FMP_Technicals_TOL_daily,2026-05-12_FMP_Technicals_TOL_daily,,,,,,,entity,Entities,,,,,,,,,,,,,,,,2026-06-01,,,,,,,,,,,,,,
world:entity:2026-05-12-fmp-technicals-tsla-daily,Entity,2026-05-12_FMP_Technicals_TSLA_daily,2026-05-12_FMP_Technicals_TSLA_daily,2026-05-12_FMP_Technicals_TSLA_daily,,,,,,,entity,Entities,,,,,,,,,,,,,,,,2026-06-01,,,,,,,,,,,,,,
world:entity:2026-05-12-fmp-technicals-tsn-daily,Entity,2026-05-12_FMP_Technicals_TSN_daily,2026-05-12_FMP_Technicals_TSN_daily,2026-05-12_FMP_Technicals_TSN_daily,,,,,,,entity,Entities,,,,,,,,,,,,,,,,2026-06-01,,,,,,,,,,,,,,
world:entity:2026-05-12-fmp-technicals-twst-daily,Entity,2026-05-12_FMP_Technicals_TWST_daily,2026-05-12_FMP_Technicals_TWST_daily,2026-05-12_FMP_Technicals_TWST_daily,,,,,,,entity,Entities,,,,,,,,,,,,,,,,2026-06-01,,,,,,,,,,,,,,
world:entity:2026-05-12-fmp-technicals-txt-daily,Entity,2026-05-12_FMP_Technicals_TXT_daily,2026-05-12_FMP_Technicals_TXT_daily,2026-05-12_FMP_Technicals_TXT_daily,,,,,,,entity,Entities,,,,,,,,,,,,,,,,2026-06-01,,,,,,,,,,,,,,
world:entity:2026-05-12-fmp-technicals-ufpt-daily,Entity,2026-05-12_FMP_Technicals_UFPT_daily,2026-05-12_FMP_Technicals_UFPT_daily,2026-05-12_FMP_Technicals_UFPT_daily,,,,,,,entity,Entities,,,,,,,,,,,,,,,,2026-06-01,,,,,,,,,,,,,,
world:entity:2026-05-12-fmp-technicals-umac-daily,Entity,2026-05-12_FMP_Technicals_UMAC_daily,2026-05-12_FMP_Technicals_UMAC_daily,2026-05-12_FMP_Technicals_UMAC_daily,,,,,,,entity,Entities,,,,,,,,,,,,,,,,2026-06-01,,,,,,,,,,,,,,
world:entity:2026-05-12-fmp-technicals-unty-daily,Entity,2026-05-12_FMP_Technicals_UNTY_daily,2026-05-12_FMP_Technicals_UNTY_daily,2026-05-12_FMP_Technicals_UNTY_daily,,,,,,,entity,Entities,,,,,,,,,,,,,,,,2026-06-01,,,,,,,,,,,,,,
world:entity:2026-05-12-fmp-technicals-vktx-daily,Entity,2026-05-12_FMP_Technicals_VKTX_daily,2026-05-12_FMP_Technicals_VKTX_daily,2026-05-12_FMP_Technicals_VKTX_daily,,,,,,,entity,Entities,,,,,,,,,,,,,,,,2026-06-01,,,,,,,,,,,,,,
world:entity:2026-05-12-fmp-technicals-vst-daily,Entity,2026-05-12_FMP_Technicals_VST_daily,2026-05-12_FMP_Technicals_VST_daily,2026-05-12_FMP_Technicals_VST_daily,,,,,,,entity,Entities,,,,,,,,,,,,,,,,2026-06-01,,,,,,,,,,,,,,
world:entity:2026-05-12-fmp-technicals-wcc-daily,Entity,2026-05-12_FMP_Technicals_WCC_daily,2026-05-12_FMP_Technicals_WCC_daily,2026-05-12_FMP_Technicals_WCC_daily,,,,,,,entity,Entities,,,,,,,,,,,,,,,,2026-06-01,,,,,,,,,,,,,,
world:entity:2026-05-12-fmp-technicals-wolf-daily,Entity,2026-05-12_FMP_Technicals_WOLF_daily,2026-05-12_FMP_Technicals_WOLF_daily,2026-05-12_FMP_Technicals_WOLF_daily,,,,,,,entity,Entities,,,,,,,,,,,,,,,,2026-06-01,,,,,,,,,,,,,,
world:entity:2026-05-12-fmp-technicals-wpm-daily,Entity,2026-05-12_FMP_Technicals_WPM_daily,2026-05-12_FMP_Technicals_WPM_daily,2026-05-12_FMP_Technicals_WPM_daily,,,,,,,entity,Entities,,,,,,,,,,,,,,,,2026-06-01,,,,,,,,,,,,,,
world:entity:2026-05-12-fmp-technicals-xoma-daily,Entity,2026-05-12_FMP_Technicals_XOMA_daily,2026-05-12_FMP_Technicals_XOMA_daily,2026-05-12_FMP_Technicals_XOMA_daily,,,,,,,entity,Entities,,,,,,,,,,,,,,,,2026-06-01,,,,,,,,,,,,,,
world:entity:2026-05-12-fmp-thesis-watchlist-capital-raise-survivors-small-cap-inflection-basket,Entity,2026-05-12_FMP_Thesis_Watchlist_Capital_Raise_Survivors_Small-Cap_Inflection_Basket,2026-05-12_FMP_Thesis_Watchlist_Capital_Raise_Survivors_Small-Cap_Inflection_Basket,2026-05-12_FMP_Thesis_Watchlist_Capital_Raise_Survivors_Small-Cap_Inflection_Basket,,,,,,,entity,Entities,,,,,,,,,,,,,,,,2026-06-01,,,,,,,,,,,,,,
world:entity:2026-05-12-fmp-thesis-watchlist-defense-ai-autonomous-warfare,Entity,2026-05-12_FMP_Thesis_Watchlist_Defense_AI_&_Autonomous_Warfare,2026-05-12_FMP_Thesis_Watchlist_Defense_AI_&_Autonomous_Warfare,2026-05-12_FMP_Thesis_Watchlist_Defense_AI_&_Autonomous_Warfare,,,,,,,entity,Entities,,,,,,,,,,,,,,,,2026-06-01,,,,,,,,,,,,,,
world:entity:2026-05-12-fmp-thesis-watchlist-dollar-debasement-hard-money,Entity,2026-05-12_FMP_Thesis_Watchlist_Dollar_Debasement_&_Hard_Money,2026-05-12_FMP_Thesis_Watchlist_Dollar_Debasement_&_Hard_Money,2026-05-12_FMP_Thesis_Watchlist_Dollar_Debasement_&_Hard_Money,,,,,,,entity,Entities,,,,,,,,,,,,,,,,2026-06-01,,,,,,,,,,,,,,
world:entity:2026-05-12-fmp-thesis-watchlist-drone-autonomous-systems-revolution,Entity,2026-05-12_FMP_Thesis_Watchlist_Drone_&_Autonomous_Systems_Revolution,2026-05-12_FMP_Thesis_Watchlist_Drone_&_Autonomous_Systems_Revolution,2026-05-12_FMP_Thesis_Watchlist_Drone_&_Autonomous_Systems_Revolution,,,,,,,entity,Entities,,,,,,,,,,,,,,,,2026-06-01,,,,,,,,,,,,,,
world:entity:2026-05-12-fmp-thesis-watchlist-fiscal-scarcity-rearmament,Entity,2026-05-12_FMP_Thesis_Watchlist_Fiscal_Scarcity_Rearmament,2026-05-12_FMP_Thesis_Watchlist_Fiscal_Scarcity_Rearmament,2026-05-12_FMP_Thesis_Watchlist_Fiscal_Scarcity_Rearmament,,,,,,,entity,Entities,,,,,,,,,,,,,,,,2026-06-01,,,,,,,,,,,,,,
world:entity:2026-05-12-fmp-thesis-watchlist-gene-editing-crispr-therapeutics,Entity,2026-05-12_FMP_Thesis_Watchlist_Gene_Editing_&_CRISPR_Therapeutics,2026-05-12_FMP_Thesis_Watchlist_Gene_Editing_&_CRISPR_Therapeutics,2026-05-12_FMP_Thesis_Watchlist_Gene_Editing_&_CRISPR_Therapeutics,,,,,,,entity,Entities,,,,,,,,,,,,,,,,2026-06-01,,,,,,,,,,,,,,
world:entity:2026-05-12-fmp-thesis-watchlist-glp-1-metabolic-disease-revolution,Entity,2026-05-12_FMP_Thesis_Watchlist_GLP-1_Metabolic_Disease_Revolution,2026-05-12_FMP_Thesis_Watchlist_GLP-1_Metabolic_Disease_Revolution,2026-05-12_FMP_Thesis_Watchlist_GLP-1_Metabolic_Disease_Revolution,,,,,,,entity,Entities,,,,,,,,,,,,,,,,2026-06-01,,,,,,,,,,,,,,
world:entity:2026-05-12-fmp-thesis-watchlist-grid-scale-battery-storage,Entity,2026-05-12_FMP_Thesis_Watchlist_Grid-Scale_Battery_Storage,2026-05-12_FMP_Thesis_Watchlist_Grid-Scale_Battery_Storage,2026-05-12_FMP_Thesis_Watchlist_Grid-Scale_Battery_Storage,,,,,,,entity,Entities,,,,,,,,,,,,,,,,2026-06-01,,,,,,,,,,,,,,
world:entity:2026-05-12-fmp-thesis-watchlist-housing-supply-correction,Entity,2026-05-12_FMP_Thesis_Watchlist_Housing_Supply_Correction,2026-05-12_FMP_Thesis_Watchlist_Housing_Supply_Correction,2026-05-12_FMP_Thesis_Watchlist_Housing_Supply_Correction,,,,,,,entity,Entities,,,,,,,,,,,,,,,,2026-06-01,,,,,,,,,,,,,,
world:entity:2026-05-12-fmp-thesis-watchlist-hypersonic-weapons-advanced-defense-systems,Entity,2026-05-12_FMP_Thesis_Watchlist_Hypersonic_Weapons_&_Advanced_Defense_Systems,2026-05-12_FMP_Thesis_Watchlist_Hypersonic_Weapons_&_Advanced_Defense_Systems,2026-05-12_FMP_Thesis_Watchlist_Hypersonic_Weapons_&_Advanced_Defense_Systems,,,,,,,entity,Entities,,,,,,,,,,,,,,,,2026-06-01,,,,,,,,,,,,,,
world:entity:2026-05-12-fmp-thesis-watchlist-nuclear-renaissance-small-modular-reactors,Entity,2026-05-12_FMP_Thesis_Watchlist_Nuclear_Renaissance_&_Small_Modular_Reactors,2026-05-12_FMP_Thesis_Watchlist_Nuclear_Renaissance_&_Small_Modular_Reactors,2026-05-12_FMP_Thesis_Watchlist_Nuclear_Renaissance_&_Small_Modular_Reactors,,,,,,,entity,Entities,,,,,,,,,,,,,,,,2026-06-01,,,,,,,,,,,,,,
world:entity:2026-05-12-fmp-thesis-watchlist-psychedelic-mental-health-revolution,Entity,2026-05-12_FMP_Thesis_Watchlist_Psychedelic_Mental_Health_Revolution,2026-05-12_FMP_Thesis_Watchlist_Psychedelic_Mental_Health_Revolution,2026-05-12_FMP_Thesis_Watchlist_Psychedelic_Mental_Health_Revolution,,,,,,,entity,Entities,,,,,,,,,,,,,,,,2026-06-01,,,,,,,,,,,,,,
world:entity:2026-05-12-fmp-thesis-watchlist-quantum-computing,Entity,2026-05-12_FMP_Thesis_Watchlist_Quantum_Computing,2026-05-12_FMP_Thesis_Watchlist_Quantum_Computing,2026-05-12_FMP_Thesis_Watchlist_Quantum_Computing,,,,,,,entity,Entities,,,,,,,,,,,,,,,,2026-06-01,,,,,,,,,,,,,,
world:entity:2026-05-12-fmp-thesis-watchlist-space-domain-awareness-commercial-space,Entity,2026-05-12_FMP_Thesis_Watchlist_Space_Domain_Awareness_&_Commercial_Space,2026-05-12_FMP_Thesis_Watchlist_Space_Domain_Awareness_&_Commercial_Space,2026-05-12_FMP_Thesis_Watchlist_Space_Domain_Awareness_&_Commercial_Space,,,,,,,entity,Entities,,,,,,,,,,,,,,,,2026-06-01,,,,,,,,,,,,,,
world:entity:2026-05-12-fred-liquidity,Entity,2026-05-12_FRED_Liquidity,2026-05-12_FRED_Liquidity,2026-05-12_FRED_Liquidity,,,,,,,entity,Entities,,,,,,,,,,,,,,,,2026-06-01,,,,,,,,,,,,,,
world:entity:2026-05-12-macro-private-markets-and-liquidity-research-batch,Entity,2026-05-12 - Macro Private Markets and Liquidity Research Batch,2026-05-12 - Macro Private Markets and Liquidity Research Batch,2026-05-12 - Macro Private Markets and Liquidity Research Batch,,,,,,,entity,Entities,,,,,,,,,,,,,,,,2026-06-01,,,,,,,,,,,,,,
world:entity:2026-05-12-opportunity-viewpoints,Entity,2026-05-12_Opportunity_Viewpoints,2026-05-12_Opportunity_Viewpoints,2026-05-12_Opportunity_Viewpoints,,,,,,,entity,Entities,,,,,,,,,,,,,,,,2026-06-01,,,,,,,,,,,,,,
world:entity:2026-05-12-orb-entropy-screen,Entity,2026-05-12_ORB_Entropy_Screen,2026-05-12_ORB_Entropy_Screen,2026-05-12_ORB_Entropy_Screen,,,,,,,entity,Entities,,,,,,,,,,,,,,,,2026-06-01,,,,,,,,,,,,,,
world:entity:2026-05-12-pair-metrics,Entity,2026-05-12_Pair_Metrics,2026-05-12_Pair_Metrics,2026-05-12_Pair_Metrics,,,,,,,entity,Entities,,,,,,,,,,,,,,,,2026-06-01,,,,,,,,,,,,,,
world:entity:2026-05-12-pead-watch,Entity,2026-05-12_PEAD_Watch,2026-05-12_PEAD_Watch,2026-05-12_PEAD_Watch,,,,,,,entity,Entities,,,,,,,,,,,,,,,,2026-06-01,,,,,,,,,,,,,,
world:entity:2026-05-12-policy-tail-risks,Entity,2026-05-12 - Policy Tail Risks,2026-05-12 - Policy Tail Risks,2026-05-12 - Policy Tail Risks,,,,,,,entity,Entities,,,,,,,,,,,,,,,,2026-06-01,,,,,,,,,,,,,,
world:entity:2026-05-12-semiconductor-bubble-derisking-watchpoints,Entity,2026-05-12 - Semiconductor Bubble Derisking Watchpoints,2026-05-12 - Semiconductor Bubble Derisking Watchpoints,2026-05-12 - Semiconductor Bubble Derisking Watchpoints,,,,,,,entity,Entities,,,,,,,,,,,,,,,,2026-06-01,,,,,,,,,,,,,,
world:entity:2026-05-12-sweden-privatization-and-annuity-policy,Entity,2026-05-12 - Sweden Privatization and Annuity Policy,2026-05-12 - Sweden Privatization and Annuity Policy,2026-05-12 - Sweden Privatization and Annuity Policy,,,,,,,entity,Entities,,,,,,,,,,,,,,,,2026-06-01,,,,,,,,,,,,,,
world:entity:2026-05-12-tlt-death-cross-and-sox-parabolic,Entity,2026-05-12 - TLT Death Cross and SOX Parabolic,2026-05-12 - TLT Death Cross and SOX Parabolic,2026-05-12 - TLT Death Cross and SOX Parabolic,,,,,,,entity,Entities,,,,,,,,,,,,,,,,2026-06-01,,,,,,,,,,,,,,
world:entity:2026-05-12-wasde-may-2026-crop-supply-demand,Entity,2026-05-12 - WASDE May 2026 Crop Supply Demand,2026-05-12 - WASDE May 2026 Crop Supply Demand,2026-05-12 - WASDE May 2026 Crop Supply Demand,,,,,,,entity,Entities,,,,,,,,,,,,,,,,2026-06-01,,,,,,,,,,,,,,
world:entity:2026-05-13-affordability-stress-and-consumer-substitution,Entity,2026-05-13 - Affordability Stress and Consumer Substitution,2026-05-13 - Affordability Stress and Consumer Substitution,2026-05-13 - Affordability Stress and Consumer Substitution,,,,,,,entity,Entities,,,,,,,,,,,,,,,,2026-06-01,,,,,,,,,,,,,,
world:entity:2026-05-13-agent-analysis-all-theses,Entity,2026-05-13_Agent_Analysis_All_Theses,2026-05-13_Agent_Analysis_All_Theses,2026-05-13_Agent_Analysis_All_Theses,,,,,,,entity,Entities,,,,,,,,,,,,,,,,2026-06-01,,,,,,,,,,,,,,
world:entity:2026-05-13-agent-analysis-amzn,Entity,2026-05-13_Agent_Analysis_AMZN,2026-05-13_Agent_Analysis_AMZN,2026-05-13_Agent_Analysis_AMZN,,,,,,,entity,Entities,,,,,,,,,,,,,,,,2026-06-01,,,,,,,,,,,,,,
world:entity:2026-05-13-agent-analysis-etn,Entity,2026-05-13_Agent_Analysis_ETN,2026-05-13_Agent_Analysis_ETN,2026-05-13_Agent_Analysis_ETN,,,,,,,entity,Entities,,,,,,,,,,,,,,,,2026-06-01,,,,,,,,,,,,,,
world:entity:2026-05-13-agent-analysis-gev,Entity,2026-05-13_Agent_Analysis_GEV,2026-05-13_Agent_Analysis_GEV,2026-05-13_Agent_Analysis_GEV,,,,,,,entity,Entities,,,,,,,,,,,,,,,,2026-06-01,,,,,,,,,,,,,,
world:entity:2026-05-13-agent-analysis-msft,Entity,2026-05-13_Agent_Analysis_MSFT,2026-05-13_Agent_Analysis_MSFT,2026-05-13_Agent_Analysis_MSFT,,,,,,,entity,Entities,,,,,,,,,,,,,,,,2026-06-01,,,,,,,,,,,,,,
world:entity:2026-05-13-agent-analysis-nrg,Entity,2026-05-13_Agent_Analysis_NRG,2026-05-13_Agent_Analysis_NRG,2026-05-13_Agent_Analysis_NRG,,,,,,,entity,Entities,,,,,,,,,,,,,,,,2026-06-01,,,,,,,,,,,,,,
world:entity:2026-05-13-agent-analysis-pltr,Entity,2026-05-13_Agent_Analysis_PLTR,2026-05-13_Agent_Analysis_PLTR,2026-05-13_Agent_Analysis_PLTR,,,,,,,entity,Entities,,,,,,,,,,,,,,,,2026-06-01,,,,,,,,,,,,,,
world:entity:2026-05-13-agent-analysis-strl,Entity,2026-05-13_Agent_Analysis_STRL,2026-05-13_Agent_Analysis_STRL,2026-05-13_Agent_Analysis_STRL,,,,,,,entity,Entities,,,,,,,,,,,,,,,,2026-06-01,,,,,,,,,,,,,,
world:entity:2026-05-13-agent-analysis-vst,Entity,2026-05-13_Agent_Analysis_VST,2026-05-13_Agent_Analysis_VST,2026-05-13_Agent_Analysis_VST,,,,,,,entity,Entities,,,,,,,,,,,,,,,,2026-06-01,,,,,,,,,,,,,,
world:entity:2026-05-13-daily-vault-state-observation,Entity,2026-05-13 - Daily Vault State Observation,2026-05-13 - Daily Vault State Observation,2026-05-13 - Daily Vault State Observation,,,,,,,entity,Entities,,,,,,,,,,,,,,,,2026-06-01,,,,,,,,,,,,,,
world:entity:2026-05-13-energy-food-consumer-and-market-structure-inbox-batch,Entity,2026-05-13 - Energy Food Consumer and Market Structure Inbox Batch,2026-05-13 - Energy Food Consumer and Market Structure Inbox Batch,2026-05-13 - Energy Food Consumer and Market Structure Inbox Batch,,,,,,,entity,Entities,,,,,,,,,,,,,,,,2026-06-01,,,,,,,,,,,,,,
world:entity:2026-05-13-entropy-monitor-spy-qqq,Entity,2026-05-13_Entropy_Monitor_SPY_QQQ,2026-05-13_Entropy_Monitor_SPY_QQQ,2026-05-13_Entropy_Monitor_SPY_QQQ,,,,,,,entity,Entities,,,,,,,,,,,,,,,,2026-06-01,,,,,,,,,,,,,,
world:entity:2026-05-13-eod-vault-state,Entity,2026-05-13 EOD Vault State,2026-05-13 EOD Vault State,2026-05-13 EOD Vault State,,,,,,,entity,Entities,,,,,,,,,,,,,,,,2026-06-01,,,,,,,,,,,,,,
world:entity:2026-05-13-fiscal-duration-ai-earnings-and-political-risk,Entity,2026-05-13 - Fiscal Duration AI Earnings and Political Risk,2026-05-13 - Fiscal Duration AI Earnings and Political Risk,2026-05-13 - Fiscal Duration AI Earnings and Political Risk,,,,,,,entity,Entities,,,,,,,,,,,,,,,,2026-06-01,,,,,,,,,,,,,,
world:entity:2026-05-13-fiscal-duration-and-ai-systemic-risk-watchpoints,Entity,2026-05-13 - Fiscal Duration and AI Systemic Risk Watchpoints,2026-05-13 - Fiscal Duration and AI Systemic Risk Watchpoints,2026-05-13 - Fiscal Duration and AI Systemic Risk Watchpoints,,,,,,,entity,Entities,,,,,,,,,,,,,,,,2026-06-01,,,,,,,,,,,,,,
world:entity:2026-05-13-fmp-earnings-calendar-thesis-watchlists,Entity,2026-05-13_FMP_Earnings_Calendar_Thesis_Watchlists,2026-05-13_FMP_Earnings_Calendar_Thesis_Watchlists,2026-05-13_FMP_Earnings_Calendar_Thesis_Watchlists,,,,,,,entity,Entities,,,,,,,,,,,,,,,,2026-06-01,,,,,,,,,,,,,,
world:entity:2026-05-13-fmp-economiccalendar,Entity,2026-05-13_FMP_EconomicCalendar,2026-05-13_FMP_EconomicCalendar,2026-05-13_FMP_EconomicCalendar,,,,,,,entity,Entities,,,,,,,,,,,,,,,,2026-06-01,,,,,,,,,,,,,,
world:entity:2026-05-13-fmp-technicals-abbv-daily,Entity,2026-05-13_FMP_Technicals_ABBV_daily,2026-05-13_FMP_Technicals_ABBV_daily,2026-05-13_FMP_Technicals_ABBV_daily,,,,,,,entity,Entities,,,,,,,,,,,,,,,,2026-06-01,,,,,,,,,,,,,,
world:entity:2026-05-13-fmp-technicals-acad-daily,Entity,2026-05-13_FMP_Technicals_ACAD_daily,2026-05-13_FMP_Technicals_ACAD_daily,2026-05-13_FMP_Technicals_ACAD_daily,,,,,,,entity,Entities,,,,,,,,,,,,,,,,2026-06-01,,,,,,,,,,,,,,
world:entity:2026-05-13-fmp-technicals-achr-daily,Entity,2026-05-13_FMP_Technicals_ACHR_daily,2026-05-13_FMP_Technicals_ACHR_daily,2026-05-13_FMP_Technicals_ACHR_daily,,,,,,,entity,Entities,,,,,,,,,,,,,,,,2026-06-01,,,,,,,,,,,,,,
world:entity:2026-05-13-fmp-technicals-adm-daily,Entity,2026-05-13_FMP_Technicals_ADM_daily,2026-05-13_FMP_Technicals_ADM_daily,2026-05-13_FMP_Technicals_ADM_daily,,,,,,,entity,Entities,,,,,,,,,,,,,,,,2026-06-01,,,,,,,,,,,,,,
world:entity:2026-05-13-fmp-technicals-airo-daily,Entity,2026-05-13_FMP_Technicals_AIRO_daily,2026-05-13_FMP_Technicals_AIRO_daily,2026-05-13_FMP_Technicals_AIRO_daily,,,,,,,entity,Entities,,,,,,,,,,,,,,,,2026-06-01,,,,,,,,,,,,,,
world:entity:2026-05-13-fmp-technicals-alks-daily,Entity,2026-05-13_FMP_Technicals_ALKS_daily,2026-05-13_FMP_Technicals_ALKS_daily,2026-05-13_FMP_Technicals_ALKS_daily,,,,,,,entity,Entities,,,,,,,,,,,,,,,,2026-06-01,,,,,,,,,,,,,,
world:entity:2026-05-13-fmp-technicals-alvo-daily,Entity,2026-05-13_FMP_Technicals_ALVO_daily,2026-05-13_FMP_Technicals_ALVO_daily,2026-05-13_FMP_Technicals_ALVO_daily,,,,,,,entity,Entities,,,,,,,,,,,,,,,,2026-06-01,,,,,,,,,,,,,,
world:entity:2026-05-13-fmp-technicals-amat-daily,Entity,2026-05-13_FMP_Technicals_AMAT_daily,2026-05-13_FMP_Technicals_AMAT_daily,2026-05-13_FMP_Technicals_AMAT_daily,,,,,,,entity,Entities,,,,,,,,,,,,,,,,2026-06-01,,,,,,,,,,,,,,
world:entity:2026-05-13-fmp-technicals-amgn-daily,Entity,2026-05-13_FMP_Technicals_AMGN_daily,2026-05-13_FMP_Technicals_AMGN_daily,2026-05-13_FMP_Technicals_AMGN_daily,,,,,,,entity,Entities,,,,,,,,,,,,,,,,2026-06-01,,,,,,,,,,,,,,
world:entity:2026-05-13-fmp-technicals-amsc-daily,Entity,2026-05-13_FMP_Technicals_AMSC_daily,2026-05-13_FMP_Technicals_AMSC_daily,2026-05-13_FMP_Technicals_AMSC_daily,,,,,,,entity,Entities,,,,,,,,,,,,,,,,2026-06-01,,,,,,,,,,,,,,
world:entity:2026-05-13-fmp-technicals-amzn-daily,Entity,2026-05-13_FMP_Technicals_AMZN_daily,2026-05-13_FMP_Technicals_AMZN_daily,2026-05-13_FMP_Technicals_AMZN_daily,,,,,,,entity,Entities,,,,,,,,,,,,,,,,2026-06-01,,,,,,,,,,,,,,
world:entity:2026-05-13-fmp-technicals-asts-daily,Entity,2026-05-13_FMP_Technicals_ASTS_daily,2026-05-13_FMP_Technicals_ASTS_daily,2026-05-13_FMP_Technicals_ASTS_daily,,,,,,,entity,Entities,,,,,,,,,,,,,,,,2026-06-01,,,,,,,,,,,,,,
world:entity:2026-05-13-fmp-technicals-atai-daily,Entity,2026-05-13_FMP_Technicals_ATAI_daily,2026-05-13_FMP_Technicals_ATAI_daily,2026-05-13_FMP_Technicals_ATAI_daily,,,,,,,entity,Entities,,,,,,,,,,,,,,,,2026-06-01,,,,,,,,,,,,,,
world:entity:2026-05-13-fmp-technicals-avav-daily,Entity,2026-05-13_FMP_Technicals_AVAV_daily,2026-05-13_FMP_Technicals_AVAV_daily,2026-05-13_FMP_Technicals_AVAV_daily,,,,,,,entity,Entities,,,,,,,,,,,,,,,,2026-06-01,,,,,,,,,,,,,,
world:entity:2026-05-13-fmp-technicals-bah-daily,Entity,2026-05-13_FMP_Technicals_BAH_daily,2026-05-13_FMP_Technicals_BAH_daily,2026-05-13_FMP_Technicals_BAH_daily,,,,,,,entity,Entities,,,,,,,,,,,,,,,,2026-06-01,,,,,,,,,,,,,,
world:entity:2026-05-13-fmp-technicals-bbai-daily,Entity,2026-05-13_FMP_Technicals_BBAI_daily,2026-05-13_FMP_Technicals_BBAI_daily,2026-05-13_FMP_Technicals_BBAI_daily,,,,,,,entity,Entities,,,,,,,,,,,,,,,,2026-06-01,,,,,,,,,,,,,,
world:entity:2026-05-13-fmp-technicals-beam-daily,Entity,2026-05-13_FMP_Technicals_BEAM_daily,2026-05-13_FMP_Technicals_BEAM_daily,2026-05-13_FMP_Technicals_BEAM_daily,,,,,,,entity,Entities,,,,,,,,,,,,,,,,2026-06-01,,,,,,,,,,,,,,
world:entity:2026-05-13-fmp-technicals-bg-daily,Entity,2026-05-13_FMP_Technicals_BG_daily,2026-05-13_FMP_Technicals_BG_daily,2026-05-13_FMP_Technicals_BG_daily,,,,,,,entity,Entities,,,,,,,,,,,,,,,,2026-06-01,,,,,,,,,,,,,,
world:entity:2026-05-13-fmp-technicals-biib-daily,Entity,2026-05-13_FMP_Technicals_BIIB_daily,2026-05-13_FMP_Technicals_BIIB_daily,2026-05-13_FMP_Technicals_BIIB_daily,,,,,,,entity,Entities,,,,,,,,,,,,,,,,2026-06-01,,,,,,,,,,,,,,
world:entity:2026-05-13-fmp-technicals-bksy-daily,Entity,2026-05-13_FMP_Technicals_BKSY_daily,2026-05-13_FMP_Technicals_BKSY_daily,2026-05-13_FMP_Technicals_BKSY_daily,,,,,,,entity,Entities,,,,,,,,,,,,,,,,2026-06-01,,,,,,,,,,,,,,
world:entity:2026-05-13-fmp-technicals-brbr-daily,Entity,2026-05-13_FMP_Technicals_BRBR_daily,2026-05-13_FMP_Technicals_BRBR_daily,2026-05-13_FMP_Technicals_BRBR_daily,,,,,,,entity,Entities,,,,,,,,,,,,,,,,2026-06-01,,,,,,,,,,,,,,
world:entity:2026-05-13-fmp-technicals-bw-daily,Entity,2026-05-13_FMP_Technicals_BW_daily,2026-05-13_FMP_Technicals_BW_daily,2026-05-13_FMP_Technicals_BW_daily,,,,,,,entity,Entities,,,,,,,,,,,,,,,,2026-06-01,,,,,,,,,,,,,,
world:entity:2026-05-13-fmp-technicals-bynd-daily,Entity,2026-05-13_FMP_Technicals_BYND_daily,2026-05-13_FMP_Technicals_BYND_daily,2026-05-13_FMP_Technicals_BYND_daily,,,,,,,entity,Entities,,,,,,,,,,,,,,,,2026-06-01,,,,,,,,,,,,,,
world:entity:2026-05-13-fmp-technicals-caci-daily,Entity,2026-05-13_FMP_Technicals_CACI_daily,2026-05-13_FMP_Technicals_CACI_daily,2026-05-13_FMP_Technicals_CACI_daily,,,,,,,entity,Entities,,,,,,,,,,,,,,,,2026-06-01,,,,,,,,,,,,,,
world:entity:2026-05-13-fmp-technicals-ccj-daily,Entity,2026-05-13_FMP_Technicals_CCJ_daily,2026-05-13_FMP_Technicals_CCJ_daily,2026-05-13_FMP_Technicals_CCJ_daily,,,,,,,entity,Entities,,,,,,,,,,,,,,,,2026-06-01,,,,,,,,,,,,,,
world:entity:2026-05-13-fmp-technicals-ceg-daily,Entity,2026-05-13_FMP_Technicals_CEG_daily,2026-05-13_FMP_Technicals_CEG_daily,2026-05-13_FMP_Technicals_CEG_daily,,,,,,,entity,Entities,,,,,,,,,,,,,,,,2026-06-01,,,,,,,,,,,,,,
world:entity:2026-05-13-fmp-technicals-cmps-daily,Entity,2026-05-13_FMP_Technicals_CMPS_daily,2026-05-13_FMP_Technicals_CMPS_daily,2026-05-13_FMP_Technicals_CMPS_daily,,,,,,,entity,Entities,,,,,,,,,,,,,,,,2026-06-01,,,,,,,,,,,,,,
world:entity:2026-05-13-fmp-technicals-coin-daily,Entity,2026-05-13_FMP_Technicals_COIN_daily,2026-05-13_FMP_Technicals_COIN_daily,2026-05-13_FMP_Technicals_COIN_daily,,,,,,,entity,Entities,,,,,,,,,,,,,,,,2026-06-01,,,,,,,,,,,,,,
world:entity:2026-05-13-fmp-technicals-crsp-daily,Entity,2026-05-13_FMP_Technicals_CRSP_daily,2026-05-13_FMP_Technicals_CRSP_daily,2026-05-13_FMP_Technicals_CRSP_daily,,,,,,,entity,Entities,,,,,,,,,,,,,,,,2026-06-01,,,,,,,,,,,,,,
world:entity:2026-05-13-fmp-technicals-ctva-daily,Entity,2026-05-13_FMP_Technicals_CTVA_daily,2026-05-13_FMP_Technicals_CTVA_daily,2026-05-13_FMP_Technicals_CTVA_daily,,,,,,,entity,Entities,,,,,,,,,,,,,,,,2026-06-01,,,,,,,,,,,,,,
world:entity:2026-05-13-fmp-technicals-dftx-daily,Entity,2026-05-13_FMP_Technicals_DFTX_daily,2026-05-13_FMP_Technicals_DFTX_daily,2026-05-13_FMP_Technicals_DFTX_daily,,,,,,,entity,Entities,,,,,,,,,,,,,,,,2026-06-01,,,,,,,,,,,,,,
world:entity:2026-05-13-fmp-technicals-dhi-daily,Entity,2026-05-13_FMP_Technicals_DHI_daily,2026-05-13_FMP_Technicals_DHI_daily,2026-05-13_FMP_Technicals_DHI_daily,,,,,,,entity,Entities,,,,,,,,,,,,,,,,2026-06-01,,,,,,,,,,,,,,
world:entity:2026-05-13-fmp-technicals-dna-daily,Entity,2026-05-13_FMP_Technicals_DNA_daily,2026-05-13_FMP_Technicals_DNA_daily,2026-05-13_FMP_Technicals_DNA_daily,,,,,,,entity,Entities,,,,,,,,,,,,,,,,2026-06-01,,,,,,,,,,,,,,
world:entity:2026-05-13-fmp-technicals-dpro-daily,Entity,2026-05-13_FMP_Technicals_DPRO_daily,2026-05-13_FMP_Technicals_DPRO_daily,2026-05-13_FMP_Technicals_DPRO_daily,,,,,,,entity,Entities,,,,,,,,,,,,,,,,2026-06-01,,,,,,,,,,,,,,
world:entity:2026-05-13-fmp-technicals-ecpg-daily,Entity,2026-05-13_FMP_Technicals_ECPG_daily,2026-05-13_FMP_Technicals_ECPG_daily,2026-05-13_FMP_Technicals_ECPG_daily,,,,,,,entity,Entities,,,,,,,,,,,,,,,,2026-06-01,,,,,,,,,,,,,,
world:entity:2026-05-13-fmp-technicals-edit-daily,Entity,2026-05-13_FMP_Technicals_EDIT_daily,2026-05-13_FMP_Technicals_EDIT_daily,2026-05-13_FMP_Technicals_EDIT_daily,,,,,,,entity,Entities,,,,,,,,,,,,,,,,2026-06-01,,,,,,,,,,,,,,
world:entity:2026-05-13-fmp-technicals-eh-daily,Entity,2026-05-13_FMP_Technicals_EH_daily,2026-05-13_FMP_Technicals_EH_daily,2026-05-13_FMP_Technicals_EH_daily,,,,,,,entity,Entities,,,,,,,,,,,,,,,,2026-06-01,,,,,,,,,,,,,,
world:entity:2026-05-13-fmp-technicals-envx-daily,Entity,2026-05-13_FMP_Technicals_ENVX_daily,2026-05-13_FMP_Technicals_ENVX_daily,2026-05-13_FMP_Technicals_ENVX_daily,,,,,,,entity,Entities,,,,,,,,,,,,,,,,2026-06-01,,,,,,,,,,,,,,
world:entity:2026-05-13-fmp-technicals-eslt-daily,Entity,2026-05-13_FMP_Technicals_ESLT_daily,2026-05-13_FMP_Technicals_ESLT_daily,2026-05-13_FMP_Technicals_ESLT_daily,,,,,,,entity,Entities,,,,,,,,,,,,,,,,2026-06-01,,,,,,,,,,,,,,
world:entity:2026-05-13-fmp-technicals-etn-daily,Entity,2026-05-13_FMP_Technicals_ETN_daily,2026-05-13_FMP_Technicals_ETN_daily,2026-05-13_FMP_Technicals_ETN_daily,,,,,,,entity,Entities,,,,,,,,,,,,,,,,2026-06-01,,,,,,,,,,,,,,
world:entity:2026-05-13-fmp-technicals-evtl-daily,Entity,2026-05-13_FMP_Technicals_EVTL_daily,2026-05-13_FMP_Technicals_EVTL_daily,2026-05-13_FMP_Technicals_EVTL_daily,,,,,,,entity,Entities,,,,,,,,,,,,,,,,2026-06-01,,,,,,,,,,,,,,
world:entity:2026-05-13-fmp-technicals-flnc-daily,Entity,2026-05-13_FMP_Technicals_FLNC_daily,2026-05-13_FMP_Technicals_FLNC_daily,2026-05-13_FMP_Technicals_FLNC_daily,,,,,,,entity,Entities,,,,,,,,,,,,,,,,2026-06-01,,,,,,,,,,,,,,
world:entity:2026-05-13-fmp-technicals-fmc-daily,Entity,2026-05-13_FMP_Technicals_FMC_daily,2026-05-13_FMP_Technicals_FMC_daily,2026-05-13_FMP_Technicals_FMC_daily,,,,,,,entity,Entities,,,,,,,,,,,,,,,,2026-06-01,,,,,,,,,,,,,,
world:entity:2026-05-13-fmp-technicals-gd-daily,Entity,2026-05-13_FMP_Technicals_GD_daily,2026-05-13_FMP_Technicals_GD_daily,2026-05-13_FMP_Technicals_GD_daily,,,,,,,entity,Entities,,,,,,,,,,,,,,,,2026-06-01,,,,,,,,,,,,,,
world:entity:2026-05-13-fmp-technicals-gev-daily,Entity,2026-05-13_FMP_Technicals_GEV_daily,2026-05-13_FMP_Technicals_GEV_daily,2026-05-13_FMP_Technicals_GEV_daily,,,,,,,entity,Entities,,,,,,,,,,,,,,,,2026-06-01,,,,,,,,,,,,,,
world:entity:2026-05-13-fmp-technicals-ghrs-daily,Entity,2026-05-13_FMP_Technicals_GHRS_daily,2026-05-13_FMP_Technicals_GHRS_daily,2026-05-13_FMP_Technicals_GHRS_daily,,,,,,,entity,Entities,,,,,,,,,,,,,,,,2026-06-01,,,,,,,,,,,,,,
world:entity:2026-05-13-fmp-technicals-gold-daily,Entity,2026-05-13_FMP_Technicals_GOLD_daily,2026-05-13_FMP_Technicals_GOLD_daily,2026-05-13_FMP_Technicals_GOLD_daily,,,,,,,entity,Entities,,,,,,,,,,,,,,,,2026-06-01,,,,,,,,,,,,,,
world:entity:2026-05-13-fmp-technicals-googl-daily,Entity,2026-05-13_FMP_Technicals_GOOGL_daily,2026-05-13_FMP_Technicals_GOOGL_daily,2026-05-13_FMP_Technicals_GOOGL_daily,,,,,,,entity,Entities,,,,,,,,,,,,,,,,2026-06-01,,,,,,,,,,,,,,
world:entity:2026-05-13-fmp-technicals-help-daily,Entity,2026-05-13_FMP_Technicals_HELP_daily,2026-05-13_FMP_Technicals_HELP_daily,2026-05-13_FMP_Technicals_HELP_daily,,,,,,,entity,Entities,,,,,,,,,,,,,,,,2026-06-01,,,,,,,,,,,,,,
world:entity:2026-05-13-fmp-technicals-hims-daily,Entity,2026-05-13_FMP_Technicals_HIMS_daily,2026-05-13_FMP_Technicals_HIMS_daily,2026-05-13_FMP_Technicals_HIMS_daily,,,,,,,entity,Entities,,,,,,,,,,,,,,,,2026-06-01,,,,,,,,,,,,,,
world:entity:2026-05-13-fmp-technicals-hovr-daily,Entity,2026-05-13_FMP_Technicals_HOVR_daily,2026-05-13_FMP_Technicals_HOVR_daily,2026-05-13_FMP_Technicals_HOVR_daily,,,,,,,entity,Entities,,,,,,,,,,,,,,,,2026-06-01,,,,,,,,,,,,,,
world:entity:2026-05-13-fmp-technicals-hubb-daily,Entity,2026-05-13_FMP_Technicals_HUBB_daily,2026-05-13_FMP_Technicals_HUBB_daily,2026-05-13_FMP_Technicals_HUBB_daily,,,,,,,entity,Entities,,,,,,,,,,,,,,,,2026-06-01,,,,,,,,,,,,,,
world:entity:2026-05-13-fmp-technicals-iff-daily,Entity,2026-05-13_FMP_Technicals_IFF_daily,2026-05-13_FMP_Technicals_IFF_daily,2026-05-13_FMP_Technicals_IFF_daily,,,,,,,entity,Entities,,,,,,,,,,,,,,,,2026-06-01,,,,,,,,,,,,,,
world:entity:2026-05-13-fmp-technicals-iipr-daily,Entity,2026-05-13_FMP_Technicals_IIPR_daily,2026-05-13_FMP_Technicals_IIPR_daily,2026-05-13_FMP_Technicals_IIPR_daily,,,,,,,entity,Entities,,,,,,,,,,,,,,,,2026-06-01,,,,,,,,,,,,,,
world:entity:2026-05-13-fmp-technicals-inva-daily,Entity,2026-05-13_FMP_Technicals_INVA_daily,2026-05-13_FMP_Technicals_INVA_daily,2026-05-13_FMP_Technicals_INVA_daily,,,,,,,entity,Entities,,,,,,,,,,,,,,,,2026-06-01,,,,,,,,,,,,,,
world:entity:2026-05-13-fmp-technicals-ionq-daily,Entity,2026-05-13_FMP_Technicals_IONQ_daily,2026-05-13_FMP_Technicals_IONQ_daily,2026-05-13_FMP_Technicals_IONQ_daily,,,,,,,entity,Entities,,,,,,,,,,,,,,,,2026-06-01,,,,,,,,,,,,,,
world:entity:2026-05-13-fmp-technicals-jnj-daily,Entity,2026-05-13_FMP_Technicals_JNJ_daily,2026-05-13_FMP_Technicals_JNJ_daily,2026-05-13_FMP_Technicals_JNJ_daily,,,,,,,entity,Entities,,,,,,,,,,,,,,,,2026-06-01,,,,,,,,,,,,,,
world:entity:2026-05-13-fmp-technicals-joby-daily,Entity,2026-05-13_FMP_Technicals_JOBY_daily,2026-05-13_FMP_Technicals_JOBY_daily,2026-05-13_FMP_Technicals_JOBY_daily,,,,,,,entity,Entities,,,,,,,,,,,,,,,,2026-06-01,,,,,,,,,,,,,,
world:entity:2026-05-13-fmp-technicals-klac-daily,Entity,2026-05-13_FMP_Technicals_KLAC_daily,2026-05-13_FMP_Technicals_KLAC_daily,2026-05-13_FMP_Technicals_KLAC_daily,,,,,,,entity,Entities,,,,,,,,,,,,,,,,2026-06-01,,,,,,,,,,,,,,
world:entity:2026-05-13-fmp-technicals-ktos-daily,Entity,2026-05-13_FMP_Technicals_KTOS_daily,2026-05-13_FMP_Technicals_KTOS_daily,2026-05-13_FMP_Technicals_KTOS_daily,,,,,,,entity,Entities,,,,,,,,,,,,,,,,2026-06-01,,,,,,,,,,,,,,
world:entity:2026-05-13-fmp-technicals-ldos-daily,Entity,2026-05-13_FMP_Technicals_LDOS_daily,2026-05-13_FMP_Technicals_LDOS_daily,2026-05-13_FMP_Technicals_LDOS_daily,,,,,,,entity,Entities,,,,,,,,,,,,,,,,2026-06-01,,,,,,,,,,,,,,
world:entity:2026-05-13-fmp-technicals-len-daily,Entity,2026-05-13_FMP_Technicals_LEN_daily,2026-05-13_FMP_Technicals_LEN_daily,2026-05-13_FMP_Technicals_LEN_daily,,,,,,,entity,Entities,,,,,,,,,,,,,,,,2026-06-01,,,,,,,,,,,,,,
world:entity:2026-05-13-fmp-technicals-lhx-daily,Entity,2026-05-13_FMP_Technicals_LHX_daily,2026-05-13_FMP_Technicals_LHX_daily,2026-05-13_FMP_Technicals_LHX_daily,,,,,,,entity,Entities,,,,,,,,,,,,,,,,2026-06-01,,,,,,,,,,,,,,
world:entity:2026-05-13-fmp-technicals-lly-daily,Entity,2026-05-13_FMP_Technicals_LLY_daily,2026-05-13_FMP_Technicals_LLY_daily,2026-05-13_FMP_Technicals_LLY_daily,,,,,,,entity,Entities,,,,,,,,,,,,,,,,2026-06-01,,,,,,,,,,,,,,
world:entity:2026-05-13-fmp-technicals-lmt-daily,Entity,2026-05-13_FMP_Technicals_LMT_daily,2026-05-13_FMP_Technicals_LMT_daily,2026-05-13_FMP_Technicals_LMT_daily,,,,,,,entity,Entities,,,,,,,,,,,,,,,,2026-06-01,,,,,,,,,,,,,,
world:entity:2026-05-13-fmp-technicals-lrcx-daily,Entity,2026-05-13_FMP_Technicals_LRCX_daily,2026-05-13_FMP_Technicals_LRCX_daily,2026-05-13_FMP_Technicals_LRCX_daily,,,,,,,entity,Entities,,,,,,,,,,,,,,,,2026-06-01,,,,,,,,,,,,,,
world:entity:2026-05-13-fmp-technicals-mnts-daily,Entity,2026-05-13_FMP_Technicals_MNTS_daily,2026-05-13_FMP_Technicals_MNTS_daily,2026-05-13_FMP_Technicals_MNTS_daily,,,,,,,entity,Entities,,,,,,,,,,,,,,,,2026-06-01,,,,,,,,,,,,,,
world:entity:2026-05-13-fmp-technicals-mrk-daily,Entity,2026-05-13_FMP_Technicals_MRK_daily,2026-05-13_FMP_Technicals_MRK_daily,2026-05-13_FMP_Technicals_MRK_daily,,,,,,,entity,Entities,,,,,,,,,,,,,,,,2026-06-01,,,,,,,,,,,,,,
world:entity:2026-05-13-fmp-technicals-msft-daily,Entity,2026-05-13_FMP_Technicals_MSFT_daily,2026-05-13_FMP_Technicals_MSFT_daily,2026-05-13_FMP_Technicals_MSFT_daily,,,,,,,entity,Entities,,,,,,,,,,,,,,,,2026-06-01,,,,,,,,,,,,,,
world:entity:2026-05-13-fmp-technicals-mstr-daily,Entity,2026-05-13_FMP_Technicals_MSTR_daily,2026-05-13_FMP_Technicals_MSTR_daily,2026-05-13_FMP_Technicals_MSTR_daily,,,,,,,entity,Entities,,,,,,,,,,,,,,,,2026-06-01,,,,,,,,,,,,,,
world:entity:2026-05-13-fmp-technicals-mtz-daily,Entity,2026-05-13_FMP_Technicals_MTZ_daily,2026-05-13_FMP_Technicals_MTZ_daily,2026-05-13_FMP_Technicals_MTZ_daily,,,,,,,entity,Entities,,,,,,,,,,,,,,,,2026-06-01,,,,,,,,,,,,,,
world:entity:2026-05-13-fmp-technicals-myrg-daily,Entity,2026-05-13_FMP_Technicals_MYRG_daily,2026-05-13_FMP_Technicals_MYRG_daily,2026-05-13_FMP_Technicals_MYRG_daily,,,,,,,entity,Entities,,,,,,,,,,,,,,,,2026-06-01,,,,,,,,,,,,,,
world:entity:2026-05-13-fmp-technicals-nbix-daily,Entity,2026-05-13_FMP_Technicals_NBIX_daily,2026-05-13_FMP_Technicals_NBIX_daily,2026-05-13_FMP_Technicals_NBIX_daily,,,,,,,entity,Entities,,,,,,,,,,,,,,,,2026-06-01,,,,,,,,,,,,,,
world:entity:2026-05-13-fmp-technicals-nem-daily,Entity,2026-05-13_FMP_Technicals_NEM_daily,2026-05-13_FMP_Technicals_NEM_daily,2026-05-13_FMP_Technicals_NEM_daily,,,,,,,entity,Entities,,,,,,,,,,,,,,,,2026-06-01,,,,,,,,,,,,,,
world:entity:2026-05-13-fmp-technicals-nktr-daily,Entity,2026-05-13_FMP_Technicals_NKTR_daily,2026-05-13_FMP_Technicals_NKTR_daily,2026-05-13_FMP_Technicals_NKTR_daily,,,,,,,entity,Entities,,,,,,,,,,,,,,,,2026-06-01,,,,,,,,,,,,,,
world:entity:2026-05-13-fmp-technicals-nne-daily,Entity,2026-05-13_FMP_Technicals_NNE_daily,2026-05-13_FMP_Technicals_NNE_daily,2026-05-13_FMP_Technicals_NNE_daily,,,,,,,entity,Entities,,,,,,,,,,,,,,,,2026-06-01,,,,,,,,,,,,,,
world:entity:2026-05-13-fmp-technicals-noc-daily,Entity,2026-05-13_FMP_Technicals_NOC_daily,2026-05-13_FMP_Technicals_NOC_daily,2026-05-13_FMP_Technicals_NOC_daily,,,,,,,entity,Entities,,,,,,,,,,,,,,,,2026-06-01,,,,,,,,,,,,,,
world:entity:2026-05-13-fmp-technicals-nrg-daily,Entity,2026-05-13_FMP_Technicals_NRG_daily,2026-05-13_FMP_Technicals_NRG_daily,2026-05-13_FMP_Technicals_NRG_daily,,,,,,,entity,Entities,,,,,,,,,,,,,,,,2026-06-01,,,,,,,,,,,,,,
world:entity:2026-05-13-fmp-technicals-ntla-daily,Entity,2026-05-13_FMP_Technicals_NTLA_daily,2026-05-13_FMP_Technicals_NTLA_daily,2026-05-13_FMP_Technicals_NTLA_daily,,,,,,,entity,Entities,,,,,,,,,,,,,,,,2026-06-01,,,,,,,,,,,,,,
world:entity:2026-05-13-fmp-technicals-nvda-daily,Entity,2026-05-13_FMP_Technicals_NVDA_daily,2026-05-13_FMP_Technicals_NVDA_daily,2026-05-13_FMP_Technicals_NVDA_daily,,,,,,,entity,Entities,,,,,,,,,,,,,,,,2026-06-01,,,,,,,,,,,,,,
world:entity:2026-05-13-fmp-technicals-nvr-daily,Entity,2026-05-13_FMP_Technicals_NVR_daily,2026-05-13_FMP_Technicals_NVR_daily,2026-05-13_FMP_Technicals_NVR_daily,,,,,,,entity,Entities,,,,,,,,,,,,,,,,2026-06-01,,,,,,,,,,,,,,
world:entity:2026-05-13-fmp-technicals-oklo-daily,Entity,2026-05-13_FMP_Technicals_OKLO_daily,2026-05-13_FMP_Technicals_OKLO_daily,2026-05-13_FMP_Technicals_OKLO_daily,,,,,,,entity,Entities,,,,,,,,,,,,,,,,2026-06-01,,,,,,,,,,,,,,
world:entity:2026-05-13-fmp-technicals-on-daily,Entity,2026-05-13_FMP_Technicals_ON_daily,2026-05-13_FMP_Technicals_ON_daily,2026-05-13_FMP_Technicals_ON_daily,,,,,,,entity,Entities,,,,,,,,,,,,,,,,2026-06-01,,,,,,,,,,,,,,
world:entity:2026-05-13-fmp-technicals-onds-daily,Entity,2026-05-13_FMP_Technicals_ONDS_daily,2026-05-13_FMP_Technicals_ONDS_daily,2026-05-13_FMP_Technicals_ONDS_daily,,,,,,,entity,Entities,,,,,,,,,,,,,,,,2026-06-01,,,,,,,,,,,,,,
world:entity:2026-05-13-fmp-technicals-onto-daily,Entity,2026-05-13_FMP_Technicals_ONTO_daily,2026-05-13_FMP_Technicals_ONTO_daily,2026-05-13_FMP_Technicals_ONTO_daily,,,,,,,entity,Entities,,,,,,,,,,,,,,,,2026-06-01,,,,,,,,,,,,,,
world:entity:2026-05-13-fmp-technicals-pdfs-daily,Entity,2026-05-13_FMP_Technicals_PDFS_daily,2026-05-13_FMP_Technicals_PDFS_daily,2026-05-13_FMP_Technicals_PDFS_daily,,,,,,,entity,Entities,,,,,,,,,,,,,,,,2026-06-01,,,,,,,,,,,,,,
world:entity:2026-05-13-fmp-technicals-pfe-daily,Entity,2026-05-13_FMP_Technicals_PFE_daily,2026-05-13_FMP_Technicals_PFE_daily,2026-05-13_FMP_Technicals_PFE_daily,,,,,,,entity,Entities,,,,,,,,,,,,,,,,2026-06-01,,,,,,,,,,,,,,
world:entity:2026-05-13-fmp-technicals-pl-daily,Entity,2026-05-13_FMP_Technicals_PL_daily,2026-05-13_FMP_Technicals_PL_daily,2026-05-13_FMP_Technicals_PL_daily,,,,,,,entity,Entities,,,,,,,,,,,,,,,,2026-06-01,,,,,,,,,,,,,,
world:entity:2026-05-13-fmp-technicals-pltr-daily,Entity,2026-05-13_FMP_Technicals_PLTR_daily,2026-05-13_FMP_Technicals_PLTR_daily,2026-05-13_FMP_Technicals_PLTR_daily,,,,,,,entity,Entities,,,,,,,,,,,,,,,,2026-06-01,,,,,,,,,,,,,,
world:entity:2026-05-13-fmp-technicals-powl-daily,Entity,2026-05-13_FMP_Technicals_POWL_daily,2026-05-13_FMP_Technicals_POWL_daily,2026-05-13_FMP_Technicals_POWL_daily,,,,,,,entity,Entities,,,,,,,,,,,,,,,,2026-06-01,,,,,,,,,,,,,,
world:entity:2026-05-13-fmp-technicals-ppih-daily,Entity,2026-05-13_FMP_Technicals_PPIH_daily,2026-05-13_FMP_Technicals_PPIH_daily,2026-05-13_FMP_Technicals_PPIH_daily,,,,,,,entity,Entities,,,,,,,,,,,,,,,,2026-06-01,,,,,,,,,,,,,,
world:entity:2026-05-13-fmp-technicals-prks-daily,Entity,2026-05-13_FMP_Technicals_PRKS_daily,2026-05-13_FMP_Technicals_PRKS_daily,2026-05-13_FMP_Technicals_PRKS_daily,,,,,,,entity,Entities,,,,,,,,,,,,,,,,2026-06-01,,,,,,,,,,,,,,
world:entity:2026-05-13-fmp-technicals-prta-daily,Entity,2026-05-13_FMP_Technicals_PRTA_daily,2026-05-13_FMP_Technicals_PRTA_daily,2026-05-13_FMP_Technicals_PRTA_daily,,,,,,,entity,Entities,,,,,,,,,,,,,,,,2026-06-01,,,,,,,,,,,,,,
world:entity:2026-05-13-fmp-technicals-psil-daily,Entity,2026-05-13_FMP_Technicals_PSIL_daily,2026-05-13_FMP_Technicals_PSIL_daily,2026-05-13_FMP_Technicals_PSIL_daily,,,,,,,entity,Entities,,,,,,,,,,,,,,,,2026-06-01,,,,,,,,,,,,,,
world:entity:2026-05-13-fmp-technicals-pwr-daily,Entity,2026-05-13_FMP_Technicals_PWR_daily,2026-05-13_FMP_Technicals_PWR_daily,2026-05-13_FMP_Technicals_PWR_daily,,,,,,,entity,Entities,,,,,,,,,,,,,,,,2026-06-01,,,,,,,,,,,,,,
world:entity:2026-05-13-fmp-technicals-qubt-daily,Entity,2026-05-13_FMP_Technicals_QUBT_daily,2026-05-13_FMP_Technicals_QUBT_daily,2026-05-13_FMP_Technicals_QUBT_daily,,,,,,,entity,Entities,,,,,,,,,,,,,,,,2026-06-01,,,,,,,,,,,,,,
world:entity:2026-05-13-fmp-technicals-rcat-daily,Entity,2026-05-13_FMP_Technicals_RCAT_daily,2026-05-13_FMP_Technicals_RCAT_daily,2026-05-13_FMP_Technicals_RCAT_daily,,,,,,,entity,Entities,,,,,,,,,,,,,,,,2026-06-01,,,,,,,,,,,,,,
world:entity:2026-05-13-fmp-technicals-rgti-daily,Entity,2026-05-13_FMP_Technicals_RGTI_daily,2026-05-13_FMP_Technicals_RGTI_daily,2026-05-13_FMP_Technicals_RGTI_daily,,,,,,,entity,Entities,,,,,,,,,,,,,,,,2026-06-01,,,,,,,,,,,,,,
world:entity:2026-05-13-fmp-technicals-rklb-daily,Entity,2026-05-13_FMP_Technicals_RKLB_daily,2026-05-13_FMP_Technicals_RKLB_daily,2026-05-13_FMP_Technicals_RKLB_daily,,,,,,,entity,Entities,,,,,,,,,,,,,,,,2026-06-01,,,,,,,,,,,,,,
world:entity:2026-05-13-fmp-technicals-rprx-daily,Entity,2026-05-13_FMP_Technicals_RPRX_daily,2026-05-13_FMP_Technicals_RPRX_daily,2026-05-13_FMP_Technicals_RPRX_daily,,,,,,,entity,Entities,,,,,,,,,,,,,,,,2026-06-01,,,,,,,,,,,,,,
world:entity:2026-05-13-fmp-technicals-rtx-daily,Entity,2026-05-13_FMP_Technicals_RTX_daily,2026-05-13_FMP_Technicals_RTX_daily,2026-05-13_FMP_Technicals_RTX_daily,,,,,,,entity,Entities,,,,,,,,,,,,,,,,2026-06-01,,,,,,,,,,,,,,
world:entity:2026-05-13-fmp-technicals-saic-daily,Entity,2026-05-13_FMP_Technicals_SAIC_daily,2026-05-13_FMP_Technicals_SAIC_daily,2026-05-13_FMP_Technicals_SAIC_daily,,,,,,,entity,Entities,,,,,,,,,,,,,,,,2026-06-01,,,,,,,,,,,,,,
world:entity:2026-05-13-fmp-technicals-sky-daily,Entity,2026-05-13_FMP_Technicals_SKY_daily,2026-05-13_FMP_Technicals_SKY_daily,2026-05-13_FMP_Technicals_SKY_daily,,,,,,,entity,Entities,,,,,,,,,,,,,,,,2026-06-01,,,,,,,,,,,,,,
world:entity:2026-05-13-fmp-technicals-smr-daily,Entity,2026-05-13_FMP_Technicals_SMR_daily,2026-05-13_FMP_Technicals_SMR_daily,2026-05-13_FMP_Technicals_SMR_daily,,,,,,,entity,Entities,,,,,,,,,,,,,,,,2026-06-01,,,,,,,,,,,,,,
world:entity:2026-05-13-fmp-technicals-spir-daily,Entity,2026-05-13_FMP_Technicals_SPIR_daily,2026-05-13_FMP_Technicals_SPIR_daily,2026-05-13_FMP_Technicals_SPIR_daily,,,,,,,entity,Entities,,,,,,,,,,,,,,,,2026-06-01,,,,,,,,,,,,,,
world:entity:2026-05-13-fmp-technicals-spro-daily,Entity,2026-05-13_FMP_Technicals_SPRO_daily,2026-05-13_FMP_Technicals_SPRO_daily,2026-05-13_FMP_Technicals_SPRO_daily,,,,,,,entity,Entities,,,,,,,,,,,,,,,,2026-06-01,,,,,,,,,,,,,,
world:entity:2026-05-13-fmp-technicals-stem-daily,Entity,2026-05-13_FMP_Technicals_STEM_daily,2026-05-13_FMP_Technicals_STEM_daily,2026-05-13_FMP_Technicals_STEM_daily,,,,,,,entity,Entities,,,,,,,,,,,,,,,,2026-06-01,,,,,,,,,,,,,,
world:entity:2026-05-13-fmp-technicals-strl-daily,Entity,2026-05-13_FMP_Technicals_STRL_daily,2026-05-13_FMP_Technicals_STRL_daily,2026-05-13_FMP_Technicals_STRL_daily,,,,,,,entity,Entities,,,,,,,,,,,,,,,,2026-06-01,,,,,,,,,,,,,,
world:entity:2026-05-13-fmp-technicals-tdy-daily,Entity,2026-05-13_FMP_Technicals_TDY_daily,2026-05-13_FMP_Technicals_TDY_daily,2026-05-13_FMP_Technicals_TDY_daily,,,,,,,entity,Entities,,,,,,,,,,,,,,,,2026-06-01,,,,,,,,,,,,,,
world:entity:2026-05-13-fmp-technicals-tmhc-daily,Entity,2026-05-13_FMP_Technicals_TMHC_daily,2026-05-13_FMP_Technicals_TMHC_daily,2026-05-13_FMP_Technicals_TMHC_daily,,,,,,,entity,Entities,,,,,,,,,,,,,,,,2026-06-01,,,,,,,,,,,,,,
world:entity:2026-05-13-fmp-technicals-tmo-daily,Entity,2026-05-13_FMP_Technicals_TMO_daily,2026-05-13_FMP_Technicals_TMO_daily,2026-05-13_FMP_Technicals_TMO_daily,,,,,,,entity,Entities,,,,,,,,,,,,,,,,2026-06-01,,,,,,,,,,,,,,
world:entity:2026-05-13-fmp-technicals-tnc-daily,Entity,2026-05-13_FMP_Technicals_TNC_daily,2026-05-13_FMP_Technicals_TNC_daily,2026-05-13_FMP_Technicals_TNC_daily,,,,,,,entity,Entities,,,,,,,,,,,,,,,,2026-06-01,,,,,,,,,,,,,,
world:entity:2026-05-13-fmp-technicals-tol-daily,Entity,2026-05-13_FMP_Technicals_TOL_daily,2026-05-13_FMP_Technicals_TOL_daily,2026-05-13_FMP_Technicals_TOL_daily,,,,,,,entity,Entities,,,,,,,,,,,,,,,,2026-06-01,,,,,,,,,,,,,,
world:entity:2026-05-13-fmp-technicals-tsla-daily,Entity,2026-05-13_FMP_Technicals_TSLA_daily,2026-05-13_FMP_Technicals_TSLA_daily,2026-05-13_FMP_Technicals_TSLA_daily,,,,,,,entity,Entities,,,,,,,,,,,,,,,,2026-06-01,,,,,,,,,,,,,,
world:entity:2026-05-13-fmp-technicals-tsn-daily,Entity,2026-05-13_FMP_Technicals_TSN_daily,2026-05-13_FMP_Technicals_TSN_daily,2026-05-13_FMP_Technicals_TSN_daily,,,,,,,entity,Entities,,,,,,,,,,,,,,,,2026-06-01,,,,,,,,,,,,,,
world:entity:2026-05-13-fmp-technicals-twst-daily,Entity,2026-05-13_FMP_Technicals_TWST_daily,2026-05-13_FMP_Technicals_TWST_daily,2026-05-13_FMP_Technicals_TWST_daily,,,,,,,entity,Entities,,,,,,,,,,,,,,,,2026-06-01,,,,,,,,,,,,,,
world:entity:2026-05-13-fmp-technicals-txt-daily,Entity,2026-05-13_FMP_Technicals_TXT_daily,2026-05-13_FMP_Technicals_TXT_daily,2026-05-13_FMP_Technicals_TXT_daily,,,,,,,entity,Entities,,,,,,,,,,,,,,,,2026-06-01,,,,,,,,,,,,,,
world:entity:2026-05-13-fmp-technicals-ufpt-daily,Entity,2026-05-13_FMP_Technicals_UFPT_daily,2026-05-13_FMP_Technicals_UFPT_daily,2026-05-13_FMP_Technicals_UFPT_daily,,,,,,,entity,Entities,,,,,,,,,,,,,,,,2026-06-01,,,,,,,,,,,,,,
world:entity:2026-05-13-fmp-technicals-umac-daily,Entity,2026-05-13_FMP_Technicals_UMAC_daily,2026-05-13_FMP_Technicals_UMAC_daily,2026-05-13_FMP_Technicals_UMAC_daily,,,,,,,entity,Entities,,,,,,,,,,,,,,,,2026-06-01,,,,,,,,,,,,,,
world:entity:2026-05-13-fmp-technicals-unty-daily,Entity,2026-05-13_FMP_Technicals_UNTY_daily,2026-05-13_FMP_Technicals_UNTY_daily,2026-05-13_FMP_Technicals_UNTY_daily,,,,,,,entity,Entities,,,,,,,,,,,,,,,,2026-06-01,,,,,,,,,,,,,,
world:entity:2026-05-13-fmp-technicals-vktx-daily,Entity,2026-05-13_FMP_Technicals_VKTX_daily,2026-05-13_FMP_Technicals_VKTX_daily,2026-05-13_FMP_Technicals_VKTX_daily,,,,,,,entity,Entities,,,,,,,,,,,,,,,,2026-06-01,,,,,,,,,,,,,,
world:entity:2026-05-13-fmp-technicals-vst-daily,Entity,2026-05-13_FMP_Technicals_VST_daily,2026-05-13_FMP_Technicals_VST_daily,2026-05-13_FMP_Technicals_VST_daily,,,,,,,entity,Entities,,,,,,,,,,,,,,,,2026-06-01,,,,,,,,,,,,,,
world:entity:2026-05-13-fmp-technicals-wcc-daily,Entity,2026-05-13_FMP_Technicals_WCC_daily,2026-05-13_FMP_Technicals_WCC_daily,2026-05-13_FMP_Technicals_WCC_daily,,,,,,,entity,Entities,,,,,,,,,,,,,,,,2026-06-01,,,,,,,,,,,,,,
world:entity:2026-05-13-fmp-technicals-wolf-daily,Entity,2026-05-13_FMP_Technicals_WOLF_daily,2026-05-13_FMP_Technicals_WOLF_daily,2026-05-13_FMP_Technicals_WOLF_daily,,,,,,,entity,Entities,,,,,,,,,,,,,,,,2026-06-01,,,,,,,,,,,,,,
world:entity:2026-05-13-fmp-technicals-wpm-daily,Entity,2026-05-13_FMP_Technicals_WPM_daily,2026-05-13_FMP_Technicals_WPM_daily,2026-05-13_FMP_Technicals_WPM_daily,,,,,,,entity,Entities,,,,,,,,,,,,,,,,2026-06-01,,,,,,,,,,,,,,
world:entity:2026-05-13-fmp-technicals-xoma-daily,Entity,2026-05-13_FMP_Technicals_XOMA_daily,2026-05-13_FMP_Technicals_XOMA_daily,2026-05-13_FMP_Technicals_XOMA_daily,,,,,,,entity,Entities,,,,,,,,,,,,,,,,2026-06-01,,,,,,,,,,,,,,
world:entity:2026-05-13-fmp-thesis-watchlist-capital-raise-survivors-small-cap-inflection-basket,Entity,2026-05-13_FMP_Thesis_Watchlist_Capital_Raise_Survivors_Small-Cap_Inflection_Basket,2026-05-13_FMP_Thesis_Watchlist_Capital_Raise_Survivors_Small-Cap_Inflection_Basket,2026-05-13_FMP_Thesis_Watchlist_Capital_Raise_Survivors_Small-Cap_Inflection_Basket,,,,,,,entity,Entities,,,,,,,,,,,,,,,,2026-06-01,,,,,,,,,,,,,,
world:entity:2026-05-13-fmp-thesis-watchlist-defense-ai-autonomous-warfare,Entity,2026-05-13_FMP_Thesis_Watchlist_Defense_AI_&_Autonomous_Warfare,2026-05-13_FMP_Thesis_Watchlist_Defense_AI_&_Autonomous_Warfare,2026-05-13_FMP_Thesis_Watchlist_Defense_AI_&_Autonomous_Warfare,,,,,,,entity,Entities,,,,,,,,,,,,,,,,2026-06-01,,,,,,,,,,,,,,
world:entity:2026-05-13-fmp-thesis-watchlist-dollar-debasement-hard-money,Entity,2026-05-13_FMP_Thesis_Watchlist_Dollar_Debasement_&_Hard_Money,2026-05-13_FMP_Thesis_Watchlist_Dollar_Debasement_&_Hard_Money,2026-05-13_FMP_Thesis_Watchlist_Dollar_Debasement_&_Hard_Money,,,,,,,entity,Entities,,,,,,,,,,,,,,,,2026-06-01,,,,,,,,,,,,,,
world:entity:2026-05-13-fmp-thesis-watchlist-drone-autonomous-systems-revolution,Entity,2026-05-13_FMP_Thesis_Watchlist_Drone_&_Autonomous_Systems_Revolution,2026-05-13_FMP_Thesis_Watchlist_Drone_&_Autonomous_Systems_Revolution,2026-05-13_FMP_Thesis_Watchlist_Drone_&_Autonomous_Systems_Revolution,,,,,,,entity,Entities,,,,,,,,,,,,,,,,2026-06-01,,,,,,,,,,,,,,
world:entity:2026-05-13-fmp-thesis-watchlist-fiscal-scarcity-rearmament,Entity,2026-05-13_FMP_Thesis_Watchlist_Fiscal_Scarcity_Rearmament,2026-05-13_FMP_Thesis_Watchlist_Fiscal_Scarcity_Rearmament,2026-05-13_FMP_Thesis_Watchlist_Fiscal_Scarcity_Rearmament,,,,,,,entity,Entities,,,,,,,,,,,,,,,,2026-06-01,,,,,,,,,,,,,,
world:entity:2026-05-13-fmp-thesis-watchlist-gene-editing-crispr-therapeutics,Entity,2026-05-13_FMP_Thesis_Watchlist_Gene_Editing_&_CRISPR_Therapeutics,2026-05-13_FMP_Thesis_Watchlist_Gene_Editing_&_CRISPR_Therapeutics,2026-05-13_FMP_Thesis_Watchlist_Gene_Editing_&_CRISPR_Therapeutics,,,,,,,entity,Entities,,,,,,,,,,,,,,,,2026-06-01,,,,,,,,,,,,,,
world:entity:2026-05-13-fmp-thesis-watchlist-glp-1-metabolic-disease-revolution,Entity,2026-05-13_FMP_Thesis_Watchlist_GLP-1_Metabolic_Disease_Revolution,2026-05-13_FMP_Thesis_Watchlist_GLP-1_Metabolic_Disease_Revolution,2026-05-13_FMP_Thesis_Watchlist_GLP-1_Metabolic_Disease_Revolution,,,,,,,entity,Entities,,,,,,,,,,,,,,,,2026-06-01,,,,,,,,,,,,,,
world:entity:2026-05-13-fmp-thesis-watchlist-grid-scale-battery-storage,Entity,2026-05-13_FMP_Thesis_Watchlist_Grid-Scale_Battery_Storage,2026-05-13_FMP_Thesis_Watchlist_Grid-Scale_Battery_Storage,2026-05-13_FMP_Thesis_Watchlist_Grid-Scale_Battery_Storage,,,,,,,entity,Entities,,,,,,,,,,,,,,,,2026-06-01,,,,,,,,,,,,,,
world:entity:2026-05-13-fmp-thesis-watchlist-housing-supply-correction,Entity,2026-05-13_FMP_Thesis_Watchlist_Housing_Supply_Correction,2026-05-13_FMP_Thesis_Watchlist_Housing_Supply_Correction,2026-05-13_FMP_Thesis_Watchlist_Housing_Supply_Correction,,,,,,,entity,Entities,,,,,,,,,,,,,,,,2026-06-01,,,,,,,,,,,,,,
world:entity:2026-05-13-fmp-thesis-watchlist-hypersonic-weapons-advanced-defense-systems,Entity,2026-05-13_FMP_Thesis_Watchlist_Hypersonic_Weapons_&_Advanced_Defense_Systems,2026-05-13_FMP_Thesis_Watchlist_Hypersonic_Weapons_&_Advanced_Defense_Systems,2026-05-13_FMP_Thesis_Watchlist_Hypersonic_Weapons_&_Advanced_Defense_Systems,,,,,,,entity,Entities,,,,,,,,,,,,,,,,2026-06-01,,,,,,,,,,,,,,
world:entity:2026-05-13-fmp-thesis-watchlist-nuclear-renaissance-small-modular-reactors,Entity,2026-05-13_FMP_Thesis_Watchlist_Nuclear_Renaissance_&_Small_Modular_Reactors,2026-05-13_FMP_Thesis_Watchlist_Nuclear_Renaissance_&_Small_Modular_Reactors,2026-05-13_FMP_Thesis_Watchlist_Nuclear_Renaissance_&_Small_Modular_Reactors,,,,,,,entity,Entities,,,,,,,,,,,,,,,,2026-06-01,,,,,,,,,,,,,,
world:entity:2026-05-13-fmp-thesis-watchlist-psychedelic-mental-health-revolution,Entity,2026-05-13_FMP_Thesis_Watchlist_Psychedelic_Mental_Health_Revolution,2026-05-13_FMP_Thesis_Watchlist_Psychedelic_Mental_Health_Revolution,2026-05-13_FMP_Thesis_Watchlist_Psychedelic_Mental_Health_Revolution,,,,,,,entity,Entities,,,,,,,,,,,,,,,,2026-06-01,,,,,,,,,,,,,,
world:entity:2026-05-13-fmp-thesis-watchlist-quantum-computing,Entity,2026-05-13_FMP_Thesis_Watchlist_Quantum_Computing,2026-05-13_FMP_Thesis_Watchlist_Quantum_Computing,2026-05-13_FMP_Thesis_Watchlist_Quantum_Computing,,,,,,,entity,Entities,,,,,,,,,,,,,,,,2026-06-01,,,,,,,,,,,,,,
world:entity:2026-05-13-fmp-thesis-watchlist-space-domain-awareness-commercial-space,Entity,2026-05-13_FMP_Thesis_Watchlist_Space_Domain_Awareness_&_Commercial_Space,2026-05-13_FMP_Thesis_Watchlist_Space_Domain_Awareness_&_Commercial_Space,2026-05-13_FMP_Thesis_Watchlist_Space_Domain_Awareness_&_Commercial_Space,,,,,,,entity,Entities,,,,,,,,,,,,,,,,2026-06-01,,,,,,,,,,,,,,
world:entity:2026-05-13-fred-liquidity,Entity,2026-05-13_FRED_Liquidity,2026-05-13_FRED_Liquidity,2026-05-13_FRED_Liquidity,,,,,,,entity,Entities,,,,,,,,,,,,,,,,2026-06-01,,,,,,,,,,,,,,
world:entity:2026-05-13-inbox-ingestion-batch,Entity,2026-05-13 - Inbox Ingestion Batch,2026-05-13 - Inbox Ingestion Batch,2026-05-13 - Inbox Ingestion Batch,,,,,,,entity,Entities,,,,,,,,,,,,,,,,2026-06-01,,,,,,,,,,,,,,
world:entity:2026-05-13-inflation-fomo-and-uk-political-risk,Entity,2026-05-13 - Inflation FOMO and UK Political Risk,2026-05-13 - Inflation FOMO and UK Political Risk,2026-05-13 - Inflation FOMO and UK Political Risk,,,,,,,entity,Entities,,,,,,,,,,,,,,,,2026-06-01,,,,,,,,,,,,,,
world:entity:2026-05-13-opportunity-viewpoints,Entity,2026-05-13_Opportunity_Viewpoints,2026-05-13_Opportunity_Viewpoints,2026-05-13_Opportunity_Viewpoints,,,,,,,entity,Entities,,,,,,,,,,,,,,,,2026-06-01,,,,,,,,,,,,,,
world:entity:2026-05-13-orb-entropy-screen,Entity,2026-05-13_ORB_Entropy_Screen,2026-05-13_ORB_Entropy_Screen,2026-05-13_ORB_Entropy_Screen,,,,,,,entity,Entities,,,,,,,,,,,,,,,,2026-06-01,,,,,,,,,,,,,,
world:entity:2026-05-14-agent-analysis-all-theses,Entity,2026-05-14_Agent_Analysis_All_Theses,2026-05-14_Agent_Analysis_All_Theses,2026-05-14_Agent_Analysis_All_Theses,,,,,,,entity,Entities,,,,,,,,,,,,,,,,2026-06-01,,,,,,,,,,,,,,
world:entity:2026-05-14-agent-analysis-amzn,Entity,2026-05-14_Agent_Analysis_AMZN,2026-05-14_Agent_Analysis_AMZN,2026-05-14_Agent_Analysis_AMZN,,,,,,,entity,Entities,,,,,,,,,,,,,,,,2026-06-01,,,,,,,,,,,,,,
world:entity:2026-05-14-agent-analysis-etn,Entity,2026-05-14_Agent_Analysis_ETN,2026-05-14_Agent_Analysis_ETN,2026-05-14_Agent_Analysis_ETN,,,,,,,entity,Entities,,,,,,,,,,,,,,,,2026-06-01,,,,,,,,,,,,,,
world:entity:2026-05-14-agent-analysis-gev,Entity,2026-05-14_Agent_Analysis_GEV,2026-05-14_Agent_Analysis_GEV,2026-05-14_Agent_Analysis_GEV,,,,,,,entity,Entities,,,,,,,,,,,,,,,,2026-06-01,,,,,,,,,,,,,,
world:entity:2026-05-14-agent-analysis-msft,Entity,2026-05-14_Agent_Analysis_MSFT,2026-05-14_Agent_Analysis_MSFT,2026-05-14_Agent_Analysis_MSFT,,,,,,,entity,Entities,,,,,,,,,,,,,,,,2026-06-01,,,,,,,,,,,,,,
world:entity:2026-05-14-agent-analysis-nrg,Entity,2026-05-14_Agent_Analysis_NRG,2026-05-14_Agent_Analysis_NRG,2026-05-14_Agent_Analysis_NRG,,,,,,,entity,Entities,,,,,,,,,,,,,,,,2026-06-01,,,,,,,,,,,,,,
world:entity:2026-05-14-agent-analysis-pltr,Entity,2026-05-14_Agent_Analysis_PLTR,2026-05-14_Agent_Analysis_PLTR,2026-05-14_Agent_Analysis_PLTR,,,,,,,entity,Entities,,,,,,,,,,,,,,,,2026-06-01,,,,,,,,,,,,,,
world:entity:2026-05-14-agent-analysis-strl,Entity,2026-05-14_Agent_Analysis_STRL,2026-05-14_Agent_Analysis_STRL,2026-05-14_Agent_Analysis_STRL,,,,,,,entity,Entities,,,,,,,,,,,,,,,,2026-06-01,,,,,,,,,,,,,,
world:entity:2026-05-14-agent-analysis-vst,Entity,2026-05-14_Agent_Analysis_VST,2026-05-14_Agent_Analysis_VST,2026-05-14_Agent_Analysis_VST,,,,,,,entity,Entities,,,,,,,,,,,,,,,,2026-06-01,,,,,,,,,,,,,,
world:entity:2026-05-14-crypto-policy-capture-and-clarity-act-watchpoints,Entity,2026-05-14 - Crypto Policy Capture and CLARITY Act Watchpoints,2026-05-14 - Crypto Policy Capture and CLARITY Act Watchpoints,2026-05-14 - Crypto Policy Capture and CLARITY Act Watchpoints,,,,,,,entity,Entities,,,,,,,,,,,,,,,,2026-06-01,,,,,,,,,,,,,,
world:entity:2026-05-14-crypto-policy-capture-clarity-act-and-warsh-risk,Entity,2026-05-14 - Crypto Policy Capture - CLARITY Act and Warsh Risk,2026-05-14 - Crypto Policy Capture - CLARITY Act and Warsh Risk,2026-05-14 - Crypto Policy Capture - CLARITY Act and Warsh Risk,,,,,,,entity,Entities,,,,,,,,,,,,,,,,2026-06-01,,,,,,,,,,,,,,
world:entity:2026-05-14-el-nino-2026-commodity-risk-watchpoints,Entity,2026-05-14 - El Nino 2026 Commodity Risk Watchpoints,2026-05-14 - El Nino 2026 Commodity Risk Watchpoints,2026-05-14 - El Nino 2026 Commodity Risk Watchpoints,,,,,,,entity,Entities,,,,,,,,,,,,,,,,2026-06-01,,,,,,,,,,,,,,
world:entity:2026-05-14-entropy-monitor-spy-qqq,Entity,2026-05-14_Entropy_Monitor_SPY_QQQ,2026-05-14_Entropy_Monitor_SPY_QQQ,2026-05-14_Entropy_Monitor_SPY_QQQ,,,,,,,entity,Entities,,,,,,,,,,,,,,,,2026-06-01,,,,,,,,,,,,,,
world:entity:2026-05-14-five-t-rally-trump-xi-summit-iran-and-tech-melt-up,Entity,"2026-05-14 - Five-T Rally - Trump-Xi Summit, Iran, and Tech Melt-Up","2026-05-14 - Five-T Rally - Trump-Xi Summit, Iran, and Tech Melt-Up","2026-05-14 - Five-T Rally - Trump-Xi Summit, Iran, and Tech Melt-Up",,,,,,,entity,Entities,,,,,,,,,,,,,,,,2026-06-01,,,,,,,,,,,,,,
world:entity:2026-05-14-fmp-earnings-calendar-thesis-watchlists,Entity,2026-05-14_FMP_Earnings_Calendar_Thesis_Watchlists,2026-05-14_FMP_Earnings_Calendar_Thesis_Watchlists,2026-05-14_FMP_Earnings_Calendar_Thesis_Watchlists,,,,,,,entity,Entities,,,,,,,,,,,,,,,,2026-06-01,,,,,,,,,,,,,,
world:entity:2026-05-14-fmp-economiccalendar,Entity,2026-05-14_FMP_EconomicCalendar,2026-05-14_FMP_EconomicCalendar,2026-05-14_FMP_EconomicCalendar,,,,,,,entity,Entities,,,,,,,,,,,,,,,,2026-06-01,,,,,,,,,,,,,,
world:entity:2026-05-14-fmp-technicals-abbv-daily,Entity,2026-05-14_FMP_Technicals_ABBV_daily,2026-05-14_FMP_Technicals_ABBV_daily,2026-05-14_FMP_Technicals_ABBV_daily,,,,,,,entity,Entities,,,,,,,,,,,,,,,,2026-06-01,,,,,,,,,,,,,,
world:entity:2026-05-14-fmp-technicals-acad-daily,Entity,2026-05-14_FMP_Technicals_ACAD_daily,2026-05-14_FMP_Technicals_ACAD_daily,2026-05-14_FMP_Technicals_ACAD_daily,,,,,,,entity,Entities,,,,,,,,,,,,,,,,2026-06-01,,,,,,,,,,,,,,
world:entity:2026-05-14-fmp-technicals-achr-daily,Entity,2026-05-14_FMP_Technicals_ACHR_daily,2026-05-14_FMP_Technicals_ACHR_daily,2026-05-14_FMP_Technicals_ACHR_daily,,,,,,,entity,Entities,,,,,,,,,,,,,,,,2026-06-01,,,,,,,,,,,,,,
world:entity:2026-05-14-fmp-technicals-adm-daily,Entity,2026-05-14_FMP_Technicals_ADM_daily,2026-05-14_FMP_Technicals_ADM_daily,2026-05-14_FMP_Technicals_ADM_daily,,,,,,,entity,Entities,,,,,,,,,,,,,,,,2026-06-01,,,,,,,,,,,,,,
world:entity:2026-05-14-fmp-technicals-airo-daily,Entity,2026-05-14_FMP_Technicals_AIRO_daily,2026-05-14_FMP_Technicals_AIRO_daily,2026-05-14_FMP_Technicals_AIRO_daily,,,,,,,entity,Entities,,,,,,,,,,,,,,,,2026-06-01,,,,,,,,,,,,,,
world:entity:2026-05-14-fmp-technicals-alks-daily,Entity,2026-05-14_FMP_Technicals_ALKS_daily,2026-05-14_FMP_Technicals_ALKS_daily,2026-05-14_FMP_Technicals_ALKS_daily,,,,,,,entity,Entities,,,,,,,,,,,,,,,,2026-06-01,,,,,,,,,,,,,,
world:entity:2026-05-14-fmp-technicals-alvo-daily,Entity,2026-05-14_FMP_Technicals_ALVO_daily,2026-05-14_FMP_Technicals_ALVO_daily,2026-05-14_FMP_Technicals_ALVO_daily,,,,,,,entity,Entities,,,,,,,,,,,,,,,,2026-06-01,,,,,,,,,,,,,,
world:entity:2026-05-14-fmp-technicals-amat-daily,Entity,2026-05-14_FMP_Technicals_AMAT_daily,2026-05-14_FMP_Technicals_AMAT_daily,2026-05-14_FMP_Technicals_AMAT_daily,,,,,,,entity,Entities,,,,,,,,,,,,,,,,2026-06-01,,,,,,,,,,,,,,
world:entity:2026-05-14-fmp-technicals-amgn-daily,Entity,2026-05-14_FMP_Technicals_AMGN_daily,2026-05-14_FMP_Technicals_AMGN_daily,2026-05-14_FMP_Technicals_AMGN_daily,,,,,,,entity,Entities,,,,,,,,,,,,,,,,2026-06-01,,,,,,,,,,,,,,
world:entity:2026-05-14-fmp-technicals-amsc-daily,Entity,2026-05-14_FMP_Technicals_AMSC_daily,2026-05-14_FMP_Technicals_AMSC_daily,2026-05-14_FMP_Technicals_AMSC_daily,,,,,,,entity,Entities,,,,,,,,,,,,,,,,2026-06-01,,,,,,,,,,,,,,
world:entity:2026-05-14-fmp-technicals-amzn-daily,Entity,2026-05-14_FMP_Technicals_AMZN_daily,2026-05-14_FMP_Technicals_AMZN_daily,2026-05-14_FMP_Technicals_AMZN_daily,,,,,,,entity,Entities,,,,,,,,,,,,,,,,2026-06-01,,,,,,,,,,,,,,
world:entity:2026-05-14-fmp-technicals-asts-daily,Entity,2026-05-14_FMP_Technicals_ASTS_daily,2026-05-14_FMP_Technicals_ASTS_daily,2026-05-14_FMP_Technicals_ASTS_daily,,,,,,,entity,Entities,,,,,,,,,,,,,,,,2026-06-01,,,,,,,,,,,,,,
world:entity:2026-05-14-fmp-technicals-atai-daily,Entity,2026-05-14_FMP_Technicals_ATAI_daily,2026-05-14_FMP_Technicals_ATAI_daily,2026-05-14_FMP_Technicals_ATAI_daily,,,,,,,entity,Entities,,,,,,,,,,,,,,,,2026-06-01,,,,,,,,,,,,,,
world:entity:2026-05-14-fmp-technicals-avav-daily,Entity,2026-05-14_FMP_Technicals_AVAV_daily,2026-05-14_FMP_Technicals_AVAV_daily,2026-05-14_FMP_Technicals_AVAV_daily,,,,,,,entity,Entities,,,,,,,,,,,,,,,,2026-06-01,,,,,,,,,,,,,,
world:entity:2026-05-14-fmp-technicals-bah-daily,Entity,2026-05-14_FMP_Technicals_BAH_daily,2026-05-14_FMP_Technicals_BAH_daily,2026-05-14_FMP_Technicals_BAH_daily,,,,,,,entity,Entities,,,,,,,,,,,,,,,,2026-06-01,,,,,,,,,,,,,,
world:entity:2026-05-14-fmp-technicals-bbai-daily,Entity,2026-05-14_FMP_Technicals_BBAI_daily,2026-05-14_FMP_Technicals_BBAI_daily,2026-05-14_FMP_Technicals_BBAI_daily,,,,,,,entity,Entities,,,,,,,,,,,,,,,,2026-06-01,,,,,,,,,,,,,,
world:entity:2026-05-14-fmp-technicals-beam-daily,Entity,2026-05-14_FMP_Technicals_BEAM_daily,2026-05-14_FMP_Technicals_BEAM_daily,2026-05-14_FMP_Technicals_BEAM_daily,,,,,,,entity,Entities,,,,,,,,,,,,,,,,2026-06-01,,,,,,,,,,,,,,
world:entity:2026-05-14-fmp-technicals-bg-daily,Entity,2026-05-14_FMP_Technicals_BG_daily,2026-05-14_FMP_Technicals_BG_daily,2026-05-14_FMP_Technicals_BG_daily,,,,,,,entity,Entities,,,,,,,,,,,,,,,,2026-06-01,,,,,,,,,,,,,,
world:entity:2026-05-14-fmp-technicals-biib-daily,Entity,2026-05-14_FMP_Technicals_BIIB_daily,2026-05-14_FMP_Technicals_BIIB_daily,2026-05-14_FMP_Technicals_BIIB_daily,,,,,,,entity,Entities,,,,,,,,,,,,,,,,2026-06-01,,,,,,,,,,,,,,
world:entity:2026-05-14-fmp-technicals-bksy-daily,Entity,2026-05-14_FMP_Technicals_BKSY_daily,2026-05-14_FMP_Technicals_BKSY_daily,2026-05-14_FMP_Technicals_BKSY_daily,,,,,,,entity,Entities,,,,,,,,,,,,,,,,2026-06-01,,,,,,,,,,,,,,
world:entity:2026-05-14-fmp-technicals-brbr-daily,Entity,2026-05-14_FMP_Technicals_BRBR_daily,2026-05-14_FMP_Technicals_BRBR_daily,2026-05-14_FMP_Technicals_BRBR_daily,,,,,,,entity,Entities,,,,,,,,,,,,,,,,2026-06-01,,,,,,,,,,,,,,
world:entity:2026-05-14-fmp-technicals-bw-daily,Entity,2026-05-14_FMP_Technicals_BW_daily,2026-05-14_FMP_Technicals_BW_daily,2026-05-14_FMP_Technicals_BW_daily,,,,,,,entity,Entities,,,,,,,,,,,,,,,,2026-06-01,,,,,,,,,,,,,,
world:entity:2026-05-14-fmp-technicals-bynd-daily,Entity,2026-05-14_FMP_Technicals_BYND_daily,2026-05-14_FMP_Technicals_BYND_daily,2026-05-14_FMP_Technicals_BYND_daily,,,,,,,entity,Entities,,,,,,,,,,,,,,,,2026-06-01,,,,,,,,,,,,,,
world:entity:2026-05-14-fmp-technicals-caci-daily,Entity,2026-05-14_FMP_Technicals_CACI_daily,2026-05-14_FMP_Technicals_CACI_daily,2026-05-14_FMP_Technicals_CACI_daily,,,,,,,entity,Entities,,,,,,,,,,,,,,,,2026-06-01,,,,,,,,,,,,,,
world:entity:2026-05-14-fmp-technicals-ccj-daily,Entity,2026-05-14_FMP_Technicals_CCJ_daily,2026-05-14_FMP_Technicals_CCJ_daily,2026-05-14_FMP_Technicals_CCJ_daily,,,,,,,entity,Entities,,,,,,,,,,,,,,,,2026-06-01,,,,,,,,,,,,,,
world:entity:2026-05-14-fmp-technicals-ceg-daily,Entity,2026-05-14_FMP_Technicals_CEG_daily,2026-05-14_FMP_Technicals_CEG_daily,2026-05-14_FMP_Technicals_CEG_daily,,,,,,,entity,Entities,,,,,,,,,,,,,,,,2026-06-01,,,,,,,,,,,,,,
world:entity:2026-05-14-fmp-technicals-cmps-daily,Entity,2026-05-14_FMP_Technicals_CMPS_daily,2026-05-14_FMP_Technicals_CMPS_daily,2026-05-14_FMP_Technicals_CMPS_daily,,,,,,,entity,Entities,,,,,,,,,,,,,,,,2026-06-01,,,,,,,,,,,,,,
world:entity:2026-05-14-fmp-technicals-coin-daily,Entity,2026-05-14_FMP_Technicals_COIN_daily,2026-05-14_FMP_Technicals_COIN_daily,2026-05-14_FMP_Technicals_COIN_daily,,,,,,,entity,Entities,,,,,,,,,,,,,,,,2026-06-01,,,,,,,,,,,,,,
world:entity:2026-05-14-fmp-technicals-crsp-daily,Entity,2026-05-14_FMP_Technicals_CRSP_daily,2026-05-14_FMP_Technicals_CRSP_daily,2026-05-14_FMP_Technicals_CRSP_daily,,,,,,,entity,Entities,,,,,,,,,,,,,,,,2026-06-01,,,,,,,,,,,,,,
world:entity:2026-05-14-fmp-technicals-ctva-daily,Entity,2026-05-14_FMP_Technicals_CTVA_daily,2026-05-14_FMP_Technicals_CTVA_daily,2026-05-14_FMP_Technicals_CTVA_daily,,,,,,,entity,Entities,,,,,,,,,,,,,,,,2026-06-01,,,,,,,,,,,,,,
world:entity:2026-05-14-fmp-technicals-dftx-daily,Entity,2026-05-14_FMP_Technicals_DFTX_daily,2026-05-14_FMP_Technicals_DFTX_daily,2026-05-14_FMP_Technicals_DFTX_daily,,,,,,,entity,Entities,,,,,,,,,,,,,,,,2026-06-01,,,,,,,,,,,,,,
world:entity:2026-05-14-fmp-technicals-dhi-daily,Entity,2026-05-14_FMP_Technicals_DHI_daily,2026-05-14_FMP_Technicals_DHI_daily,2026-05-14_FMP_Technicals_DHI_daily,,,,,,,entity,Entities,,,,,,,,,,,,,,,,2026-06-01,,,,,,,,,,,,,,
world:entity:2026-05-14-fmp-technicals-dna-daily,Entity,2026-05-14_FMP_Technicals_DNA_daily,2026-05-14_FMP_Technicals_DNA_daily,2026-05-14_FMP_Technicals_DNA_daily,,,,,,,entity,Entities,,,,,,,,,,,,,,,,2026-06-01,,,,,,,,,,,,,,
world:entity:2026-05-14-fmp-technicals-dpro-daily,Entity,2026-05-14_FMP_Technicals_DPRO_daily,2026-05-14_FMP_Technicals_DPRO_daily,2026-05-14_FMP_Technicals_DPRO_daily,,,,,,,entity,Entities,,,,,,,,,,,,,,,,2026-06-01,,,,,,,,,,,,,,
world:entity:2026-05-14-fmp-technicals-ecpg-daily,Entity,2026-05-14_FMP_Technicals_ECPG_daily,2026-05-14_FMP_Technicals_ECPG_daily,2026-05-14_FMP_Technicals_ECPG_daily,,,,,,,entity,Entities,,,,,,,,,,,,,,,,2026-06-01,,,,,,,,,,,,,,
world:entity:2026-05-14-fmp-technicals-edit-daily,Entity,2026-05-14_FMP_Technicals_EDIT_daily,2026-05-14_FMP_Technicals_EDIT_daily,2026-05-14_FMP_Technicals_EDIT_daily,,,,,,,entity,Entities,,,,,,,,,,,,,,,,2026-06-01,,,,,,,,,,,,,,
world:entity:2026-05-14-fmp-technicals-eh-daily,Entity,2026-05-14_FMP_Technicals_EH_daily,2026-05-14_FMP_Technicals_EH_daily,2026-05-14_FMP_Technicals_EH_daily,,,,,,,entity,Entities,,,,,,,,,,,,,,,,2026-06-01,,,,,,,,,,,,,,
world:entity:2026-05-14-fmp-technicals-envx-daily,Entity,2026-05-14_FMP_Technicals_ENVX_daily,2026-05-14_FMP_Technicals_ENVX_daily,2026-05-14_FMP_Technicals_ENVX_daily,,,,,,,entity,Entities,,,,,,,,,,,,,,,,2026-06-01,,,,,,,,,,,,,,
world:entity:2026-05-14-fmp-technicals-eslt-daily,Entity,2026-05-14_FMP_Technicals_ESLT_daily,2026-05-14_FMP_Technicals_ESLT_daily,2026-05-14_FMP_Technicals_ESLT_daily,,,,,,,entity,Entities,,,,,,,,,,,,,,,,2026-06-01,,,,,,,,,,,,,,
world:entity:2026-05-14-fmp-technicals-etn-daily,Entity,2026-05-14_FMP_Technicals_ETN_daily,2026-05-14_FMP_Technicals_ETN_daily,2026-05-14_FMP_Technicals_ETN_daily,,,,,,,entity,Entities,,,,,,,,,,,,,,,,2026-06-01,,,,,,,,,,,,,,
world:entity:2026-05-14-fmp-technicals-evtl-daily,Entity,2026-05-14_FMP_Technicals_EVTL_daily,2026-05-14_FMP_Technicals_EVTL_daily,2026-05-14_FMP_Technicals_EVTL_daily,,,,,,,entity,Entities,,,,,,,,,,,,,,,,2026-06-01,,,,,,,,,,,,,,
world:entity:2026-05-14-fmp-technicals-flnc-daily,Entity,2026-05-14_FMP_Technicals_FLNC_daily,2026-05-14_FMP_Technicals_FLNC_daily,2026-05-14_FMP_Technicals_FLNC_daily,,,,,,,entity,Entities,,,,,,,,,,,,,,,,2026-06-01,,,,,,,,,,,,,,
world:entity:2026-05-14-fmp-technicals-fmc-daily,Entity,2026-05-14_FMP_Technicals_FMC_daily,2026-05-14_FMP_Technicals_FMC_daily,2026-05-14_FMP_Technicals_FMC_daily,,,,,,,entity,Entities,,,,,,,,,,,,,,,,2026-06-01,,,,,,,,,,,,,,
world:entity:2026-05-14-fmp-technicals-gd-daily,Entity,2026-05-14_FMP_Technicals_GD_daily,2026-05-14_FMP_Technicals_GD_daily,2026-05-14_FMP_Technicals_GD_daily,,,,,,,entity,Entities,,,,,,,,,,,,,,,,2026-06-01,,,,,,,,,,,,,,
world:entity:2026-05-14-fmp-technicals-gev-daily,Entity,2026-05-14_FMP_Technicals_GEV_daily,2026-05-14_FMP_Technicals_GEV_daily,2026-05-14_FMP_Technicals_GEV_daily,,,,,,,entity,Entities,,,,,,,,,,,,,,,,2026-06-01,,,,,,,,,,,,,,
world:entity:2026-05-14-fmp-technicals-ghrs-daily,Entity,2026-05-14_FMP_Technicals_GHRS_daily,2026-05-14_FMP_Technicals_GHRS_daily,2026-05-14_FMP_Technicals_GHRS_daily,,,,,,,entity,Entities,,,,,,,,,,,,,,,,2026-06-01,,,,,,,,,,,,,,
world:entity:2026-05-14-fmp-technicals-gold-daily,Entity,2026-05-14_FMP_Technicals_GOLD_daily,2026-05-14_FMP_Technicals_GOLD_daily,2026-05-14_FMP_Technicals_GOLD_daily,,,,,,,entity,Entities,,,,,,,,,,,,,,,,2026-06-01,,,,,,,,,,,,,,
world:entity:2026-05-14-fmp-technicals-googl-daily,Entity,2026-05-14_FMP_Technicals_GOOGL_daily,2026-05-14_FMP_Technicals_GOOGL_daily,2026-05-14_FMP_Technicals_GOOGL_daily,,,,,,,entity,Entities,,,,,,,,,,,,,,,,2026-06-01,,,,,,,,,,,,,,
world:entity:2026-05-14-fmp-technicals-help-daily,Entity,2026-05-14_FMP_Technicals_HELP_daily,2026-05-14_FMP_Technicals_HELP_daily,2026-05-14_FMP_Technicals_HELP_daily,,,,,,,entity,Entities,,,,,,,,,,,,,,,,2026-06-01,,,,,,,,,,,,,,
world:entity:2026-05-14-fmp-technicals-hims-daily,Entity,2026-05-14_FMP_Technicals_HIMS_daily,2026-05-14_FMP_Technicals_HIMS_daily,2026-05-14_FMP_Technicals_HIMS_daily,,,,,,,entity,Entities,,,,,,,,,,,,,,,,2026-06-01,,,,,,,,,,,,,,
world:entity:2026-05-14-fmp-technicals-hovr-daily,Entity,2026-05-14_FMP_Technicals_HOVR_daily,2026-05-14_FMP_Technicals_HOVR_daily,2026-05-14_FMP_Technicals_HOVR_daily,,,,,,,entity,Entities,,,,,,,,,,,,,,,,2026-06-01,,,,,,,,,,,,,,
world:entity:2026-05-14-fmp-technicals-hubb-daily,Entity,2026-05-14_FMP_Technicals_HUBB_daily,2026-05-14_FMP_Technicals_HUBB_daily,2026-05-14_FMP_Technicals_HUBB_daily,,,,,,,entity,Entities,,,,,,,,,,,,,,,,2026-06-01,,,,,,,,,,,,,,
world:entity:2026-05-14-fmp-technicals-iff-daily,Entity,2026-05-14_FMP_Technicals_IFF_daily,2026-05-14_FMP_Technicals_IFF_daily,2026-05-14_FMP_Technicals_IFF_daily,,,,,,,entity,Entities,,,,,,,,,,,,,,,,2026-06-01,,,,,,,,,,,,,,
world:entity:2026-05-14-fmp-technicals-iipr-daily,Entity,2026-05-14_FMP_Technicals_IIPR_daily,2026-05-14_FMP_Technicals_IIPR_daily,2026-05-14_FMP_Technicals_IIPR_daily,,,,,,,entity,Entities,,,,,,,,,,,,,,,,2026-06-01,,,,,,,,,,,,,,
world:entity:2026-05-14-fmp-technicals-inva-daily,Entity,2026-05-14_FMP_Technicals_INVA_daily,2026-05-14_FMP_Technicals_INVA_daily,2026-05-14_FMP_Technicals_INVA_daily,,,,,,,entity,Entities,,,,,,,,,,,,,,,,2026-06-01,,,,,,,,,,,,,,
world:entity:2026-05-14-fmp-technicals-ionq-daily,Entity,2026-05-14_FMP_Technicals_IONQ_daily,2026-05-14_FMP_Technicals_IONQ_daily,2026-05-14_FMP_Technicals_IONQ_daily,,,,,,,entity,Entities,,,,,,,,,,,,,,,,2026-06-01,,,,,,,,,,,,,,
world:entity:2026-05-14-fmp-technicals-jnj-daily,Entity,2026-05-14_FMP_Technicals_JNJ_daily,2026-05-14_FMP_Technicals_JNJ_daily,2026-05-14_FMP_Technicals_JNJ_daily,,,,,,,entity,Entities,,,,,,,,,,,,,,,,2026-06-01,,,,,,,,,,,,,,
world:entity:2026-05-14-fmp-technicals-joby-daily,Entity,2026-05-14_FMP_Technicals_JOBY_daily,2026-05-14_FMP_Technicals_JOBY_daily,2026-05-14_FMP_Technicals_JOBY_daily,,,,,,,entity,Entities,,,,,,,,,,,,,,,,2026-06-01,,,,,,,,,,,,,,
world:entity:2026-05-14-fmp-technicals-klac-daily,Entity,2026-05-14_FMP_Technicals_KLAC_daily,2026-05-14_FMP_Technicals_KLAC_daily,2026-05-14_FMP_Technicals_KLAC_daily,,,,,,,entity,Entities,,,,,,,,,,,,,,,,2026-06-01,,,,,,,,,,,,,,
world:entity:2026-05-14-fmp-technicals-ktos-daily,Entity,2026-05-14_FMP_Technicals_KTOS_daily,2026-05-14_FMP_Technicals_KTOS_daily,2026-05-14_FMP_Technicals_KTOS_daily,,,,,,,entity,Entities,,,,,,,,,,,,,,,,2026-06-01,,,,,,,,,,,,,,
world:entity:2026-05-14-fmp-technicals-ldos-daily,Entity,2026-05-14_FMP_Technicals_LDOS_daily,2026-05-14_FMP_Technicals_LDOS_daily,2026-05-14_FMP_Technicals_LDOS_daily,,,,,,,entity,Entities,,,,,,,,,,,,,,,,2026-06-01,,,,,,,,,,,,,,
world:entity:2026-05-14-fmp-technicals-len-daily,Entity,2026-05-14_FMP_Technicals_LEN_daily,2026-05-14_FMP_Technicals_LEN_daily,2026-05-14_FMP_Technicals_LEN_daily,,,,,,,entity,Entities,,,,,,,,,,,,,,,,2026-06-01,,,,,,,,,,,,,,
world:entity:2026-05-14-fmp-technicals-lhx-daily,Entity,2026-05-14_FMP_Technicals_LHX_daily,2026-05-14_FMP_Technicals_LHX_daily,2026-05-14_FMP_Technicals_LHX_daily,,,,,,,entity,Entities,,,,,,,,,,,,,,,,2026-06-01,,,,,,,,,,,,,,
world:entity:2026-05-14-fmp-technicals-lly-daily,Entity,2026-05-14_FMP_Technicals_LLY_daily,2026-05-14_FMP_Technicals_LLY_daily,2026-05-14_FMP_Technicals_LLY_daily,,,,,,,entity,Entities,,,,,,,,,,,,,,,,2026-06-01,,,,,,,,,,,,,,
world:entity:2026-05-14-fmp-technicals-lmt-daily,Entity,2026-05-14_FMP_Technicals_LMT_daily,2026-05-14_FMP_Technicals_LMT_daily,2026-05-14_FMP_Technicals_LMT_daily,,,,,,,entity,Entities,,,,,,,,,,,,,,,,2026-06-01,,,,,,,,,,,,,,
world:entity:2026-05-14-fmp-technicals-lrcx-daily,Entity,2026-05-14_FMP_Technicals_LRCX_daily,2026-05-14_FMP_Technicals_LRCX_daily,2026-05-14_FMP_Technicals_LRCX_daily,,,,,,,entity,Entities,,,,,,,,,,,,,,,,2026-06-01,,,,,,,,,,,,,,
world:entity:2026-05-14-fmp-technicals-mnts-daily,Entity,2026-05-14_FMP_Technicals_MNTS_daily,2026-05-14_FMP_Technicals_MNTS_daily,2026-05-14_FMP_Technicals_MNTS_daily,,,,,,,entity,Entities,,,,,,,,,,,,,,,,2026-06-01,,,,,,,,,,,,,,
world:entity:2026-05-14-fmp-technicals-mrk-daily,Entity,2026-05-14_FMP_Technicals_MRK_daily,2026-05-14_FMP_Technicals_MRK_daily,2026-05-14_FMP_Technicals_MRK_daily,,,,,,,entity,Entities,,,,,,,,,,,,,,,,2026-06-01,,,,,,,,,,,,,,
world:entity:2026-05-14-fmp-technicals-msft-daily,Entity,2026-05-14_FMP_Technicals_MSFT_daily,2026-05-14_FMP_Technicals_MSFT_daily,2026-05-14_FMP_Technicals_MSFT_daily,,,,,,,entity,Entities,,,,,,,,,,,,,,,,2026-06-01,,,,,,,,,,,,,,
world:entity:2026-05-14-fmp-technicals-mstr-daily,Entity,2026-05-14_FMP_Technicals_MSTR_daily,2026-05-14_FMP_Technicals_MSTR_daily,2026-05-14_FMP_Technicals_MSTR_daily,,,,,,,entity,Entities,,,,,,,,,,,,,,,,2026-06-01,,,,,,,,,,,,,,
world:entity:2026-05-14-fmp-technicals-mtz-daily,Entity,2026-05-14_FMP_Technicals_MTZ_daily,2026-05-14_FMP_Technicals_MTZ_daily,2026-05-14_FMP_Technicals_MTZ_daily,,,,,,,entity,Entities,,,,,,,,,,,,,,,,2026-06-01,,,,,,,,,,,,,,
world:entity:2026-05-14-fmp-technicals-myrg-daily,Entity,2026-05-14_FMP_Technicals_MYRG_daily,2026-05-14_FMP_Technicals_MYRG_daily,2026-05-14_FMP_Technicals_MYRG_daily,,,,,,,entity,Entities,,,,,,,,,,,,,,,,2026-06-01,,,,,,,,,,,,,,
world:entity:2026-05-14-fmp-technicals-nbix-daily,Entity,2026-05-14_FMP_Technicals_NBIX_daily,2026-05-14_FMP_Technicals_NBIX_daily,2026-05-14_FMP_Technicals_NBIX_daily,,,,,,,entity,Entities,,,,,,,,,,,,,,,,2026-06-01,,,,,,,,,,,,,,
world:entity:2026-05-14-fmp-technicals-nem-daily,Entity,2026-05-14_FMP_Technicals_NEM_daily,2026-05-14_FMP_Technicals_NEM_daily,2026-05-14_FMP_Technicals_NEM_daily,,,,,,,entity,Entities,,,,,,,,,,,,,,,,2026-06-01,,,,,,,,,,,,,,
world:entity:2026-05-14-fmp-technicals-nktr-daily,Entity,2026-05-14_FMP_Technicals_NKTR_daily,2026-05-14_FMP_Technicals_NKTR_daily,2026-05-14_FMP_Technicals_NKTR_daily,,,,,,,entity,Entities,,,,,,,,,,,,,,,,2026-06-01,,,,,,,,,,,,,,
world:entity:2026-05-14-fmp-technicals-nne-daily,Entity,2026-05-14_FMP_Technicals_NNE_daily,2026-05-14_FMP_Technicals_NNE_daily,2026-05-14_FMP_Technicals_NNE_daily,,,,,,,entity,Entities,,,,,,,,,,,,,,,,2026-06-01,,,,,,,,,,,,,,
world:entity:2026-05-14-fmp-technicals-noc-daily,Entity,2026-05-14_FMP_Technicals_NOC_daily,2026-05-14_FMP_Technicals_NOC_daily,2026-05-14_FMP_Technicals_NOC_daily,,,,,,,entity,Entities,,,,,,,,,,,,,,,,2026-06-01,,,,,,,,,,,,,,
world:entity:2026-05-14-fmp-technicals-nrg-daily,Entity,2026-05-14_FMP_Technicals_NRG_daily,2026-05-14_FMP_Technicals_NRG_daily,2026-05-14_FMP_Technicals_NRG_daily,,,,,,,entity,Entities,,,,,,,,,,,,,,,,2026-06-01,,,,,,,,,,,,,,
world:entity:2026-05-14-fmp-technicals-ntla-daily,Entity,2026-05-14_FMP_Technicals_NTLA_daily,2026-05-14_FMP_Technicals_NTLA_daily,2026-05-14_FMP_Technicals_NTLA_daily,,,,,,,entity,Entities,,,,,,,,,,,,,,,,2026-06-01,,,,,,,,,,,,,,
world:entity:2026-05-14-fmp-technicals-nvda-daily,Entity,2026-05-14_FMP_Technicals_NVDA_daily,2026-05-14_FMP_Technicals_NVDA_daily,2026-05-14_FMP_Technicals_NVDA_daily,,,,,,,entity,Entities,,,,,,,,,,,,,,,,2026-06-01,,,,,,,,,,,,,,
world:entity:2026-05-14-fmp-technicals-nvr-daily,Entity,2026-05-14_FMP_Technicals_NVR_daily,2026-05-14_FMP_Technicals_NVR_daily,2026-05-14_FMP_Technicals_NVR_daily,,,,,,,entity,Entities,,,,,,,,,,,,,,,,2026-06-01,,,,,,,,,,,,,,
world:entity:2026-05-14-fmp-technicals-oklo-daily,Entity,2026-05-14_FMP_Technicals_OKLO_daily,2026-05-14_FMP_Technicals_OKLO_daily,2026-05-14_FMP_Technicals_OKLO_daily,,,,,,,entity,Entities,,,,,,,,,,,,,,,,2026-06-01,,,,,,,,,,,,,,
world:entity:2026-05-14-fmp-technicals-on-daily,Entity,2026-05-14_FMP_Technicals_ON_daily,2026-05-14_FMP_Technicals_ON_daily,2026-05-14_FMP_Technicals_ON_daily,,,,,,,entity,Entities,,,,,,,,,,,,,,,,2026-06-01,,,,,,,,,,,,,,
world:entity:2026-05-14-fmp-technicals-onds-daily,Entity,2026-05-14_FMP_Technicals_ONDS_daily,2026-05-14_FMP_Technicals_ONDS_daily,2026-05-14_FMP_Technicals_ONDS_daily,,,,,,,entity,Entities,,,,,,,,,,,,,,,,2026-06-01,,,,,,,,,,,,,,
world:entity:2026-05-14-fmp-technicals-onto-daily,Entity,2026-05-14_FMP_Technicals_ONTO_daily,2026-05-14_FMP_Technicals_ONTO_daily,2026-05-14_FMP_Technicals_ONTO_daily,,,,,,,entity,Entities,,,,,,,,,,,,,,,,2026-06-01,,,,,,,,,,,,,,
world:entity:2026-05-14-fmp-technicals-pdfs-daily,Entity,2026-05-14_FMP_Technicals_PDFS_daily,2026-05-14_FMP_Technicals_PDFS_daily,2026-05-14_FMP_Technicals_PDFS_daily,,,,,,,entity,Entities,,,,,,,,,,,,,,,,2026-06-01,,,,,,,,,,,,,,
world:entity:2026-05-14-fmp-technicals-pfe-daily,Entity,2026-05-14_FMP_Technicals_PFE_daily,2026-05-14_FMP_Technicals_PFE_daily,2026-05-14_FMP_Technicals_PFE_daily,,,,,,,entity,Entities,,,,,,,,,,,,,,,,2026-06-01,,,,,,,,,,,,,,
world:entity:2026-05-14-fmp-technicals-pl-daily,Entity,2026-05-14_FMP_Technicals_PL_daily,2026-05-14_FMP_Technicals_PL_daily,2026-05-14_FMP_Technicals_PL_daily,,,,,,,entity,Entities,,,,,,,,,,,,,,,,2026-06-01,,,,,,,,,,,,,,
world:entity:2026-05-14-fmp-technicals-pltr-daily,Entity,2026-05-14_FMP_Technicals_PLTR_daily,2026-05-14_FMP_Technicals_PLTR_daily,2026-05-14_FMP_Technicals_PLTR_daily,,,,,,,entity,Entities,,,,,,,,,,,,,,,,2026-06-01,,,,,,,,,,,,,,
world:entity:2026-05-14-fmp-technicals-powl-daily,Entity,2026-05-14_FMP_Technicals_POWL_daily,2026-05-14_FMP_Technicals_POWL_daily,2026-05-14_FMP_Technicals_POWL_daily,,,,,,,entity,Entities,,,,,,,,,,,,,,,,2026-06-01,,,,,,,,,,,,,,
world:entity:2026-05-14-fmp-technicals-ppih-daily,Entity,2026-05-14_FMP_Technicals_PPIH_daily,2026-05-14_FMP_Technicals_PPIH_daily,2026-05-14_FMP_Technicals_PPIH_daily,,,,,,,entity,Entities,,,,,,,,,,,,,,,,2026-06-01,,,,,,,,,,,,,,
world:entity:2026-05-14-fmp-technicals-prks-daily,Entity,2026-05-14_FMP_Technicals_PRKS_daily,2026-05-14_FMP_Technicals_PRKS_daily,2026-05-14_FMP_Technicals_PRKS_daily,,,,,,,entity,Entities,,,,,,,,,,,,,,,,2026-06-01,,,,,,,,,,,,,,
world:entity:2026-05-14-fmp-technicals-prta-daily,Entity,2026-05-14_FMP_Technicals_PRTA_daily,2026-05-14_FMP_Technicals_PRTA_daily,2026-05-14_FMP_Technicals_PRTA_daily,,,,,,,entity,Entities,,,,,,,,,,,,,,,,2026-06-01,,,,,,,,,,,,,,
world:entity:2026-05-14-fmp-technicals-psil-daily,Entity,2026-05-14_FMP_Technicals_PSIL_daily,2026-05-14_FMP_Technicals_PSIL_daily,2026-05-14_FMP_Technicals_PSIL_daily,,,,,,,entity,Entities,,,,,,,,,,,,,,,,2026-06-01,,,,,,,,,,,,,,
world:entity:2026-05-14-fmp-technicals-pwr-daily,Entity,2026-05-14_FMP_Technicals_PWR_daily,2026-05-14_FMP_Technicals_PWR_daily,2026-05-14_FMP_Technicals_PWR_daily,,,,,,,entity,Entities,,,,,,,,,,,,,,,,2026-06-01,,,,,,,,,,,,,,
world:entity:2026-05-14-fmp-technicals-qubt-daily,Entity,2026-05-14_FMP_Technicals_QUBT_daily,2026-05-14_FMP_Technicals_QUBT_daily,2026-05-14_FMP_Technicals_QUBT_daily,,,,,,,entity,Entities,,,,,,,,,,,,,,,,2026-06-01,,,,,,,,,,,,,,
world:entity:2026-05-14-fmp-technicals-rcat-daily,Entity,2026-05-14_FMP_Technicals_RCAT_daily,2026-05-14_FMP_Technicals_RCAT_daily,2026-05-14_FMP_Technicals_RCAT_daily,,,,,,,entity,Entities,,,,,,,,,,,,,,,,2026-06-01,,,,,,,,,,,,,,
world:entity:2026-05-14-fmp-technicals-rgti-daily,Entity,2026-05-14_FMP_Technicals_RGTI_daily,2026-05-14_FMP_Technicals_RGTI_daily,2026-05-14_FMP_Technicals_RGTI_daily,,,,,,,entity,Entities,,,,,,,,,,,,,,,,2026-06-01,,,,,,,,,,,,,,
world:entity:2026-05-14-fmp-technicals-rklb-daily,Entity,2026-05-14_FMP_Technicals_RKLB_daily,2026-05-14_FMP_Technicals_RKLB_daily,2026-05-14_FMP_Technicals_RKLB_daily,,,,,,,entity,Entities,,,,,,,,,,,,,,,,2026-06-01,,,,,,,,,,,,,,
world:entity:2026-05-14-fmp-technicals-rprx-daily,Entity,2026-05-14_FMP_Technicals_RPRX_daily,2026-05-14_FMP_Technicals_RPRX_daily,2026-05-14_FMP_Technicals_RPRX_daily,,,,,,,entity,Entities,,,,,,,,,,,,,,,,2026-06-01,,,,,,,,,,,,,,
world:entity:2026-05-14-fmp-technicals-rtx-daily,Entity,2026-05-14_FMP_Technicals_RTX_daily,2026-05-14_FMP_Technicals_RTX_daily,2026-05-14_FMP_Technicals_RTX_daily,,,,,,,entity,Entities,,,,,,,,,,,,,,,,2026-06-01,,,,,,,,,,,,,,
world:entity:2026-05-14-fmp-technicals-saic-daily,Entity,2026-05-14_FMP_Technicals_SAIC_daily,2026-05-14_FMP_Technicals_SAIC_daily,2026-05-14_FMP_Technicals_SAIC_daily,,,,,,,entity,Entities,,,,,,,,,,,,,,,,2026-06-01,,,,,,,,,,,,,,
world:entity:2026-05-14-fmp-technicals-sky-daily,Entity,2026-05-14_FMP_Technicals_SKY_daily,2026-05-14_FMP_Technicals_SKY_daily,2026-05-14_FMP_Technicals_SKY_daily,,,,,,,entity,Entities,,,,,,,,,,,,,,,,2026-06-01,,,,,,,,,,,,,,
world:entity:2026-05-14-fmp-technicals-smr-daily,Entity,2026-05-14_FMP_Technicals_SMR_daily,2026-05-14_FMP_Technicals_SMR_daily,2026-05-14_FMP_Technicals_SMR_daily,,,,,,,entity,Entities,,,,,,,,,,,,,,,,2026-06-01,,,,,,,,,,,,,,
world:entity:2026-05-14-fmp-technicals-spir-daily,Entity,2026-05-14_FMP_Technicals_SPIR_daily,2026-05-14_FMP_Technicals_SPIR_daily,2026-05-14_FMP_Technicals_SPIR_daily,,,,,,,entity,Entities,,,,,,,,,,,,,,,,2026-06-01,,,,,,,,,,,,,,
world:entity:2026-05-14-fmp-technicals-spro-daily,Entity,2026-05-14_FMP_Technicals_SPRO_daily,2026-05-14_FMP_Technicals_SPRO_daily,2026-05-14_FMP_Technicals_SPRO_daily,,,,,,,entity,Entities,,,,,,,,,,,,,,,,2026-06-01,,,,,,,,,,,,,,
world:entity:2026-05-14-fmp-technicals-stem-daily,Entity,2026-05-14_FMP_Technicals_STEM_daily,2026-05-14_FMP_Technicals_STEM_daily,2026-05-14_FMP_Technicals_STEM_daily,,,,,,,entity,Entities,,,,,,,,,,,,,,,,2026-06-01,,,,,,,,,,,,,,
world:entity:2026-05-14-fmp-technicals-strl-daily,Entity,2026-05-14_FMP_Technicals_STRL_daily,2026-05-14_FMP_Technicals_STRL_daily,2026-05-14_FMP_Technicals_STRL_daily,,,,,,,entity,Entities,,,,,,,,,,,,,,,,2026-06-01,,,,,,,,,,,,,,
world:entity:2026-05-14-fmp-technicals-tdy-daily,Entity,2026-05-14_FMP_Technicals_TDY_daily,2026-05-14_FMP_Technicals_TDY_daily,2026-05-14_FMP_Technicals_TDY_daily,,,,,,,entity,Entities,,,,,,,,,,,,,,,,2026-06-01,,,,,,,,,,,,,,
world:entity:2026-05-14-fmp-technicals-tmhc-daily,Entity,2026-05-14_FMP_Technicals_TMHC_daily,2026-05-14_FMP_Technicals_TMHC_daily,2026-05-14_FMP_Technicals_TMHC_daily,,,,,,,entity,Entities,,,,,,,,,,,,,,,,2026-06-01,,,,,,,,,,,,,,
world:entity:2026-05-14-fmp-technicals-tmo-daily,Entity,2026-05-14_FMP_Technicals_TMO_daily,2026-05-14_FMP_Technicals_TMO_daily,2026-05-14_FMP_Technicals_TMO_daily,,,,,,,entity,Entities,,,,,,,,,,,,,,,,2026-06-01,,,,,,,,,,,,,,
world:entity:2026-05-14-fmp-technicals-tnc-daily,Entity,2026-05-14_FMP_Technicals_TNC_daily,2026-05-14_FMP_Technicals_TNC_daily,2026-05-14_FMP_Technicals_TNC_daily,,,,,,,entity,Entities,,,,,,,,,,,,,,,,2026-06-01,,,,,,,,,,,,,,
world:entity:2026-05-14-fmp-technicals-tol-daily,Entity,2026-05-14_FMP_Technicals_TOL_daily,2026-05-14_FMP_Technicals_TOL_daily,2026-05-14_FMP_Technicals_TOL_daily,,,,,,,entity,Entities,,,,,,,,,,,,,,,,2026-06-01,,,,,,,,,,,,,,
world:entity:2026-05-14-fmp-technicals-tsla-daily,Entity,2026-05-14_FMP_Technicals_TSLA_daily,2026-05-14_FMP_Technicals_TSLA_daily,2026-05-14_FMP_Technicals_TSLA_daily,,,,,,,entity,Entities,,,,,,,,,,,,,,,,2026-06-01,,,,,,,,,,,,,,
world:entity:2026-05-14-fmp-technicals-tsn-daily,Entity,2026-05-14_FMP_Technicals_TSN_daily,2026-05-14_FMP_Technicals_TSN_daily,2026-05-14_FMP_Technicals_TSN_daily,,,,,,,entity,Entities,,,,,,,,,,,,,,,,2026-06-01,,,,,,,,,,,,,,
world:entity:2026-05-14-fmp-technicals-twst-daily,Entity,2026-05-14_FMP_Technicals_TWST_daily,2026-05-14_FMP_Technicals_TWST_daily,2026-05-14_FMP_Technicals_TWST_daily,,,,,,,entity,Entities,,,,,,,,,,,,,,,,2026-06-01,,,,,,,,,,,,,,
world:entity:2026-05-14-fmp-technicals-txt-daily,Entity,2026-05-14_FMP_Technicals_TXT_daily,2026-05-14_FMP_Technicals_TXT_daily,2026-05-14_FMP_Technicals_TXT_daily,,,,,,,entity,Entities,,,,,,,,,,,,,,,,2026-06-01,,,,,,,,,,,,,,
world:entity:2026-05-14-fmp-technicals-ufpt-daily,Entity,2026-05-14_FMP_Technicals_UFPT_daily,2026-05-14_FMP_Technicals_UFPT_daily,2026-05-14_FMP_Technicals_UFPT_daily,,,,,,,entity,Entities,,,,,,,,,,,,,,,,2026-06-01,,,,,,,,,,,,,,
world:entity:2026-05-14-fmp-technicals-umac-daily,Entity,2026-05-14_FMP_Technicals_UMAC_daily,2026-05-14_FMP_Technicals_UMAC_daily,2026-05-14_FMP_Technicals_UMAC_daily,,,,,,,entity,Entities,,,,,,,,,,,,,,,,2026-06-01,,,,,,,,,,,,,,
world:entity:2026-05-14-fmp-technicals-unty-daily,Entity,2026-05-14_FMP_Technicals_UNTY_daily,2026-05-14_FMP_Technicals_UNTY_daily,2026-05-14_FMP_Technicals_UNTY_daily,,,,,,,entity,Entities,,,,,,,,,,,,,,,,2026-06-01,,,,,,,,,,,,,,
world:entity:2026-05-14-fmp-technicals-vktx-daily,Entity,2026-05-14_FMP_Technicals_VKTX_daily,2026-05-14_FMP_Technicals_VKTX_daily,2026-05-14_FMP_Technicals_VKTX_daily,,,,,,,entity,Entities,,,,,,,,,,,,,,,,2026-06-01,,,,,,,,,,,,,,
world:entity:2026-05-14-fmp-technicals-vst-daily,Entity,2026-05-14_FMP_Technicals_VST_daily,2026-05-14_FMP_Technicals_VST_daily,2026-05-14_FMP_Technicals_VST_daily,,,,,,,entity,Entities,,,,,,,,,,,,,,,,2026-06-01,,,,,,,,,,,,,,
world:entity:2026-05-14-fmp-technicals-wcc-daily,Entity,2026-05-14_FMP_Technicals_WCC_daily,2026-05-14_FMP_Technicals_WCC_daily,2026-05-14_FMP_Technicals_WCC_daily,,,,,,,entity,Entities,,,,,,,,,,,,,,,,2026-06-01,,,,,,,,,,,,,,
world:entity:2026-05-14-fmp-technicals-wolf-daily,Entity,2026-05-14_FMP_Technicals_WOLF_daily,2026-05-14_FMP_Technicals_WOLF_daily,2026-05-14_FMP_Technicals_WOLF_daily,,,,,,,entity,Entities,,,,,,,,,,,,,,,,2026-06-01,,,,,,,,,,,,,,
world:entity:2026-05-14-fmp-technicals-wpm-daily,Entity,2026-05-14_FMP_Technicals_WPM_daily,2026-05-14_FMP_Technicals_WPM_daily,2026-05-14_FMP_Technicals_WPM_daily,,,,,,,entity,Entities,,,,,,,,,,,,,,,,2026-06-01,,,,,,,,,,,,,,
world:entity:2026-05-14-fmp-technicals-xoma-daily,Entity,2026-05-14_FMP_Technicals_XOMA_daily,2026-05-14_FMP_Technicals_XOMA_daily,2026-05-14_FMP_Technicals_XOMA_daily,,,,,,,entity,Entities,,,,,,,,,,,,,,,,2026-06-01,,,,,,,,,,,,,,
world:entity:2026-05-14-fmp-thesis-watchlist-capital-raise-survivors-small-cap-inflection-basket,Entity,2026-05-14_FMP_Thesis_Watchlist_Capital_Raise_Survivors_Small-Cap_Inflection_Basket,2026-05-14_FMP_Thesis_Watchlist_Capital_Raise_Survivors_Small-Cap_Inflection_Basket,2026-05-14_FMP_Thesis_Watchlist_Capital_Raise_Survivors_Small-Cap_Inflection_Basket,,,,,,,entity,Entities,,,,,,,,,,,,,,,,2026-06-01,,,,,,,,,,,,,,
world:entity:2026-05-14-fmp-thesis-watchlist-defense-ai-autonomous-warfare,Entity,2026-05-14_FMP_Thesis_Watchlist_Defense_AI_&_Autonomous_Warfare,2026-05-14_FMP_Thesis_Watchlist_Defense_AI_&_Autonomous_Warfare,2026-05-14_FMP_Thesis_Watchlist_Defense_AI_&_Autonomous_Warfare,,,,,,,entity,Entities,,,,,,,,,,,,,,,,2026-06-01,,,,,,,,,,,,,,
world:entity:2026-05-14-fmp-thesis-watchlist-dollar-debasement-hard-money,Entity,2026-05-14_FMP_Thesis_Watchlist_Dollar_Debasement_&_Hard_Money,2026-05-14_FMP_Thesis_Watchlist_Dollar_Debasement_&_Hard_Money,2026-05-14_FMP_Thesis_Watchlist_Dollar_Debasement_&_Hard_Money,,,,,,,entity,Entities,,,,,,,,,,,,,,,,2026-06-01,,,,,,,,,,,,,,
world:entity:2026-05-14-fmp-thesis-watchlist-drone-autonomous-systems-revolution,Entity,2026-05-14_FMP_Thesis_Watchlist_Drone_&_Autonomous_Systems_Revolution,2026-05-14_FMP_Thesis_Watchlist_Drone_&_Autonomous_Systems_Revolution,2026-05-14_FMP_Thesis_Watchlist_Drone_&_Autonomous_Systems_Revolution,,,,,,,entity,Entities,,,,,,,,,,,,,,,,2026-06-01,,,,,,,,,,,,,,
world:entity:2026-05-14-fmp-thesis-watchlist-fiscal-scarcity-rearmament,Entity,2026-05-14_FMP_Thesis_Watchlist_Fiscal_Scarcity_Rearmament,2026-05-14_FMP_Thesis_Watchlist_Fiscal_Scarcity_Rearmament,2026-05-14_FMP_Thesis_Watchlist_Fiscal_Scarcity_Rearmament,,,,,,,entity,Entities,,,,,,,,,,,,,,,,2026-06-01,,,,,,,,,,,,,,
world:entity:2026-05-14-fmp-thesis-watchlist-gene-editing-crispr-therapeutics,Entity,2026-05-14_FMP_Thesis_Watchlist_Gene_Editing_&_CRISPR_Therapeutics,2026-05-14_FMP_Thesis_Watchlist_Gene_Editing_&_CRISPR_Therapeutics,2026-05-14_FMP_Thesis_Watchlist_Gene_Editing_&_CRISPR_Therapeutics,,,,,,,entity,Entities,,,,,,,,,,,,,,,,2026-06-01,,,,,,,,,,,,,,
world:entity:2026-05-14-fmp-thesis-watchlist-glp-1-metabolic-disease-revolution,Entity,2026-05-14_FMP_Thesis_Watchlist_GLP-1_Metabolic_Disease_Revolution,2026-05-14_FMP_Thesis_Watchlist_GLP-1_Metabolic_Disease_Revolution,2026-05-14_FMP_Thesis_Watchlist_GLP-1_Metabolic_Disease_Revolution,,,,,,,entity,Entities,,,,,,,,,,,,,,,,2026-06-01,,,,,,,,,,,,,,
world:entity:2026-05-14-fmp-thesis-watchlist-grid-scale-battery-storage,Entity,2026-05-14_FMP_Thesis_Watchlist_Grid-Scale_Battery_Storage,2026-05-14_FMP_Thesis_Watchlist_Grid-Scale_Battery_Storage,2026-05-14_FMP_Thesis_Watchlist_Grid-Scale_Battery_Storage,,,,,,,entity,Entities,,,,,,,,,,,,,,,,2026-06-01,,,,,,,,,,,,,,
world:entity:2026-05-14-fmp-thesis-watchlist-housing-supply-correction,Entity,2026-05-14_FMP_Thesis_Watchlist_Housing_Supply_Correction,2026-05-14_FMP_Thesis_Watchlist_Housing_Supply_Correction,2026-05-14_FMP_Thesis_Watchlist_Housing_Supply_Correction,,,,,,,entity,Entities,,,,,,,,,,,,,,,,2026-06-01,,,,,,,,,,,,,,
world:entity:2026-05-14-fmp-thesis-watchlist-hypersonic-weapons-advanced-defense-systems,Entity,2026-05-14_FMP_Thesis_Watchlist_Hypersonic_Weapons_&_Advanced_Defense_Systems,2026-05-14_FMP_Thesis_Watchlist_Hypersonic_Weapons_&_Advanced_Defense_Systems,2026-05-14_FMP_Thesis_Watchlist_Hypersonic_Weapons_&_Advanced_Defense_Systems,,,,,,,entity,Entities,,,,,,,,,,,,,,,,2026-06-01,,,,,,,,,,,,,,
world:entity:2026-05-14-fmp-thesis-watchlist-nuclear-renaissance-small-modular-reactors,Entity,2026-05-14_FMP_Thesis_Watchlist_Nuclear_Renaissance_&_Small_Modular_Reactors,2026-05-14_FMP_Thesis_Watchlist_Nuclear_Renaissance_&_Small_Modular_Reactors,2026-05-14_FMP_Thesis_Watchlist_Nuclear_Renaissance_&_Small_Modular_Reactors,,,,,,,entity,Entities,,,,,,,,,,,,,,,,2026-06-01,,,,,,,,,,,,,,
world:entity:2026-05-14-fmp-thesis-watchlist-psychedelic-mental-health-revolution,Entity,2026-05-14_FMP_Thesis_Watchlist_Psychedelic_Mental_Health_Revolution,2026-05-14_FMP_Thesis_Watchlist_Psychedelic_Mental_Health_Revolution,2026-05-14_FMP_Thesis_Watchlist_Psychedelic_Mental_Health_Revolution,,,,,,,entity,Entities,,,,,,,,,,,,,,,,2026-06-01,,,,,,,,,,,,,,
world:entity:2026-05-14-fmp-thesis-watchlist-quantum-computing,Entity,2026-05-14_FMP_Thesis_Watchlist_Quantum_Computing,2026-05-14_FMP_Thesis_Watchlist_Quantum_Computing,2026-05-14_FMP_Thesis_Watchlist_Quantum_Computing,,,,,,,entity,Entities,,,,,,,,,,,,,,,,2026-06-01,,,,,,,,,,,,,,
world:entity:2026-05-14-fmp-thesis-watchlist-space-domain-awareness-commercial-space,Entity,2026-05-14_FMP_Thesis_Watchlist_Space_Domain_Awareness_&_Commercial_Space,2026-05-14_FMP_Thesis_Watchlist_Space_Domain_Awareness_&_Commercial_Space,2026-05-14_FMP_Thesis_Watchlist_Space_Domain_Awareness_&_Commercial_Space,,,,,,,entity,Entities,,,,,,,,,,,,,,,,2026-06-01,,,,,,,,,,,,,,
world:entity:2026-05-14-fred-liquidity,Entity,2026-05-14_FRED_Liquidity,2026-05-14_FRED_Liquidity,2026-05-14_FRED_Liquidity,,,,,,,entity,Entities,,,,,,,,,,,,,,,,2026-06-01,,,,,,,,,,,,,,
world:entity:2026-05-14-india-em-capital-controls-and-crypto-escape-valve-watchpoints,Entity,2026-05-14 - India EM Capital Controls and Crypto Escape Valve Watchpoints,2026-05-14 - India EM Capital Controls and Crypto Escape Valve Watchpoints,2026-05-14 - India EM Capital Controls and Crypto Escape Valve Watchpoints,,,,,,,entity,Entities,,,,,,,,,,,,,,,,2026-06-01,,,,,,,,,,,,,,
world:entity:2026-05-14-india-rupee-collapse-and-gold-capital-controls,Entity,2026-05-14 - India Rupee Collapse and Gold Capital Controls,2026-05-14 - India Rupee Collapse and Gold Capital Controls,2026-05-14 - India Rupee Collapse and Gold Capital Controls,,,,,,,entity,Entities,,,,,,,,,,,,,,,,2026-06-01,,,,,,,,,,,,,,
world:entity:2026-05-14-market-breadth-fracture-and-ai-infrastructure-gap,Entity,2026-05-14 - Market Breadth Fracture and AI Infrastructure Gap,2026-05-14 - Market Breadth Fracture and AI Infrastructure Gap,2026-05-14 - Market Breadth Fracture and AI Infrastructure Gap,,,,,,,entity,Entities,,,,,,,,,,,,,,,,2026-06-01,,,,,,,,,,,,,,
world:entity:2026-05-14-opportunity-viewpoints,Entity,2026-05-14_Opportunity_Viewpoints,2026-05-14_Opportunity_Viewpoints,2026-05-14_Opportunity_Viewpoints,,,,,,,entity,Entities,,,,,,,,,,,,,,,,2026-06-01,,,,,,,,,,,,,,
world:entity:2026-05-14-orb-entropy-screen,Entity,2026-05-14_ORB_Entropy_Screen,2026-05-14_ORB_Entropy_Screen,2026-05-14_ORB_Entropy_Screen,,,,,,,entity,Entities,,,,,,,,,,,,,,,,2026-06-01,,,,,,,,,,,,,,
world:entity:2026-05-14-uk-political-transition-and-gilt-risk-watchpoints,Entity,2026-05-14 - UK Political Transition and Gilt Risk Watchpoints,2026-05-14 - UK Political Transition and Gilt Risk Watchpoints,2026-05-14 - UK Political Transition and Gilt Risk Watchpoints,,,,,,,entity,Entities,,,,,,,,,,,,,,,,2026-06-01,,,,,,,,,,,,,,
world:entity:2026-05-14-us-china-tariff-cliff-and-hormuz-resolution-watchpoints,Entity,2026-05-14 - US-China Tariff Cliff and Hormuz Resolution Watchpoints,2026-05-14 - US-China Tariff Cliff and Hormuz Resolution Watchpoints,2026-05-14 - US-China Tariff Cliff and Hormuz Resolution Watchpoints,,,,,,,entity,Entities,,,,,,,,,,,,,,,,2026-06-01,,,,,,,,,,,,,,
world:entity:2026-05-15,Entity,2026-05-15,2026-05-15,2026-05-15,,,,,,,entity,Entities,,,,,,,,,,,,,,,,2026-06-01,,,,,,,,,,,,,,
world:entity:2026-05-15-daily-monitoring-snapshot,Entity,2026-05-15 Daily Monitoring Snapshot,2026-05-15 Daily Monitoring Snapshot,2026-05-15 Daily Monitoring Snapshot,,,,,,,entity,Entities,,,,,,,,,,,,,,,,2026-06-01,,,,,,,,,,,,,,
world:entity:2026-05-15-end-of-day-briefing,Entity,2026-05-15 End Of Day Briefing,2026-05-15 End Of Day Briefing,2026-05-15 End Of Day Briefing,,,,,,,entity,Entities,,,,,,,,,,,,,,,,2026-06-01,,,,,,,,,,,,,,
world:entity:2026-05-15-end-of-day-monitoring-snapshot,Entity,2026-05-15 End Of Day Monitoring Snapshot,2026-05-15 End Of Day Monitoring Snapshot,2026-05-15 End Of Day Monitoring Snapshot,,,,,,,entity,Entities,,,,,,,,,,,,,,,,2026-06-01,,,,,,,,,,,,,,
world:entity:2026-05-15-entropy-monitor-csco-ba-f-biib-chrw-ttwo-ntap-hpe-cbre-bbjp-amat-coin-wm-aep-tjx-zs-epd-mrvl-fitb,Entity,2026-05-15_Entropy_Monitor_CSCO_BA_F_BIIB_CHRW_TTWO_NTAP_HPE_CBRE_BBJP_AMAT_COIN_WM_AEP_TJX_ZS_EPD_MRVL_FITB,2026-05-15_Entropy_Monitor_CSCO_BA_F_BIIB_CHRW_TTWO_NTAP_HPE_CBRE_BBJP_AMAT_COIN_WM_AEP_TJX_ZS_EPD_MRVL_FITB,2026-05-15_Entropy_Monitor_CSCO_BA_F_BIIB_CHRW_TTWO_NTAP_HPE_CBRE_BBJP_AMAT_COIN_WM_AEP_TJX_ZS_EPD_MRVL_FITB,,,,,,,entity,Entities,,,,,,,,,,,,,,,,2026-06-01,,,,,,,,,,,,,,
world:entity:2026-05-15-fed-tightening-bias-watch,Entity,2026-05-15 - Fed Tightening Bias Watch,2026-05-15 - Fed Tightening Bias Watch,2026-05-15 - Fed Tightening Bias Watch,,,,,,,entity,Entities,,,,,,,,,,,,,,,,2026-06-01,,,,,,,,,,,,,,
world:entity:2026-05-15-fmp-earnings-calendar-thesis-watchlists,Entity,2026-05-15_FMP_Earnings_Calendar_Thesis_Watchlists,2026-05-15_FMP_Earnings_Calendar_Thesis_Watchlists,2026-05-15_FMP_Earnings_Calendar_Thesis_Watchlists,,,,,,,entity,Entities,,,,,,,,,,,,,,,,2026-06-01,,,,,,,,,,,,,,
world:entity:2026-05-15-fmp-economiccalendar,Entity,2026-05-15_FMP_EconomicCalendar,2026-05-15_FMP_EconomicCalendar,2026-05-15_FMP_EconomicCalendar,,,,,,,entity,Entities,,,,,,,,,,,,,,,,2026-06-01,,,,,,,,,,,,,,
world:entity:2026-05-15-fmp-technicals-saic-daily,Entity,2026-05-15_FMP_Technicals_SAIC_daily,2026-05-15_FMP_Technicals_SAIC_daily,2026-05-15_FMP_Technicals_SAIC_daily,,,,,,,entity,Entities,,,,,,,,,,,,,,,,2026-06-01,,,,,,,,,,,,,,
world:entity:2026-05-15-fmp-technicals-sky-daily,Entity,2026-05-15_FMP_Technicals_SKY_daily,2026-05-15_FMP_Technicals_SKY_daily,2026-05-15_FMP_Technicals_SKY_daily,,,,,,,entity,Entities,,,,,,,,,,,,,,,,2026-06-01,,,,,,,,,,,,,,
world:entity:2026-05-15-fmp-technicals-smr-daily,Entity,2026-05-15_FMP_Technicals_SMR_daily,2026-05-15_FMP_Technicals_SMR_daily,2026-05-15_FMP_Technicals_SMR_daily,,,,,,,entity,Entities,,,,,,,,,,,,,,,,2026-06-01,,,,,,,,,,,,,,
world:entity:2026-05-15-fmp-technicals-stem-daily,Entity,2026-05-15_FMP_Technicals_STEM_daily,2026-05-15_FMP_Technicals_STEM_daily,2026-05-15_FMP_Technicals_STEM_daily,,,,,,,entity,Entities,,,,,,,,,,,,,,,,2026-06-01,,,,,,,,,,,,,,
world:entity:2026-05-15-fmp-technicals-tmhc-daily,Entity,2026-05-15_FMP_Technicals_TMHC_daily,2026-05-15_FMP_Technicals_TMHC_daily,2026-05-15_FMP_Technicals_TMHC_daily,,,,,,,entity,Entities,,,,,,,,,,,,,,,,2026-06-01,,,,,,,,,,,,,,
world:entity:2026-05-15-fmp-technicals-tmo-daily,Entity,2026-05-15_FMP_Technicals_TMO_daily,2026-05-15_FMP_Technicals_TMO_daily,2026-05-15_FMP_Technicals_TMO_daily,,,,,,,entity,Entities,,,,,,,,,,,,,,,,2026-06-01,,,,,,,,,,,,,,
world:entity:2026-05-15-fmp-technicals-tnc-daily,Entity,2026-05-15_FMP_Technicals_TNC_daily,2026-05-15_FMP_Technicals_TNC_daily,2026-05-15_FMP_Technicals_TNC_daily,,,,,,,entity,Entities,,,,,,,,,,,,,,,,2026-06-01,,,,,,,,,,,,,,
world:entity:2026-05-15-fmp-technicals-tol-daily,Entity,2026-05-15_FMP_Technicals_TOL_daily,2026-05-15_FMP_Technicals_TOL_daily,2026-05-15_FMP_Technicals_TOL_daily,,,,,,,entity,Entities,,,,,,,,,,,,,,,,2026-06-01,,,,,,,,,,,,,,
world:entity:2026-05-15-fmp-technicals-tsla-daily,Entity,2026-05-15_FMP_Technicals_TSLA_daily,2026-05-15_FMP_Technicals_TSLA_daily,2026-05-15_FMP_Technicals_TSLA_daily,,,,,,,entity,Entities,,,,,,,,,,,,,,,,2026-06-01,,,,,,,,,,,,,,
world:entity:2026-05-15-fmp-technicals-tsn-daily,Entity,2026-05-15_FMP_Technicals_TSN_daily,2026-05-15_FMP_Technicals_TSN_daily,2026-05-15_FMP_Technicals_TSN_daily,,,,,,,entity,Entities,,,,,,,,,,,,,,,,2026-06-01,,,,,,,,,,,,,,
world:entity:2026-05-15-fmp-technicals-twst-daily,Entity,2026-05-15_FMP_Technicals_TWST_daily,2026-05-15_FMP_Technicals_TWST_daily,2026-05-15_FMP_Technicals_TWST_daily,,,,,,,entity,Entities,,,,,,,,,,,,,,,,2026-06-01,,,,,,,,,,,,,,
world:entity:2026-05-15-fmp-technicals-txt-daily,Entity,2026-05-15_FMP_Technicals_TXT_daily,2026-05-15_FMP_Technicals_TXT_daily,2026-05-15_FMP_Technicals_TXT_daily,,,,,,,entity,Entities,,,,,,,,,,,,,,,,2026-06-01,,,,,,,,,,,,,,
world:entity:2026-05-15-fmp-technicals-ufpt-daily,Entity,2026-05-15_FMP_Technicals_UFPT_daily,2026-05-15_FMP_Technicals_UFPT_daily,2026-05-15_FMP_Technicals_UFPT_daily,,,,,,,entity,Entities,,,,,,,,,,,,,,,,2026-06-01,,,,,,,,,,,,,,
world:entity:2026-05-15-fmp-technicals-umac-daily,Entity,2026-05-15_FMP_Technicals_UMAC_daily,2026-05-15_FMP_Technicals_UMAC_daily,2026-05-15_FMP_Technicals_UMAC_daily,,,,,,,entity,Entities,,,,,,,,,,,,,,,,2026-06-01,,,,,,,,,,,,,,
world:entity:2026-05-15-fmp-technicals-unty-daily,Entity,2026-05-15_FMP_Technicals_UNTY_daily,2026-05-15_FMP_Technicals_UNTY_daily,2026-05-15_FMP_Technicals_UNTY_daily,,,,,,,entity,Entities,,,,,,,,,,,,,,,,2026-06-01,,,,,,,,,,,,,,
world:entity:2026-05-15-fmp-technicals-vktx-daily,Entity,2026-05-15_FMP_Technicals_VKTX_daily,2026-05-15_FMP_Technicals_VKTX_daily,2026-05-15_FMP_Technicals_VKTX_daily,,,,,,,entity,Entities,,,,,,,,,,,,,,,,2026-06-01,,,,,,,,,,,,,,
world:entity:2026-05-15-fmp-technicals-vst-daily,Entity,2026-05-15_FMP_Technicals_VST_daily,2026-05-15_FMP_Technicals_VST_daily,2026-05-15_FMP_Technicals_VST_daily,,,,,,,entity,Entities,,,,,,,,,,,,,,,,2026-06-01,,,,,,,,,,,,,,
world:entity:2026-05-15-fmp-technicals-wcc-daily,Entity,2026-05-15_FMP_Technicals_WCC_daily,2026-05-15_FMP_Technicals_WCC_daily,2026-05-15_FMP_Technicals_WCC_daily,,,,,,,entity,Entities,,,,,,,,,,,,,,,,2026-06-01,,,,,,,,,,,,,,
world:entity:2026-05-15-fmp-technicals-wolf-daily,Entity,2026-05-15_FMP_Technicals_WOLF_daily,2026-05-15_FMP_Technicals_WOLF_daily,2026-05-15_FMP_Technicals_WOLF_daily,,,,,,,entity,Entities,,,,,,,,,,,,,,,,2026-06-01,,,,,,,,,,,,,,
world:entity:2026-05-15-fmp-technicals-wpm-daily,Entity,2026-05-15_FMP_Technicals_WPM_daily,2026-05-15_FMP_Technicals_WPM_daily,2026-05-15_FMP_Technicals_WPM_daily,,,,,,,entity,Entities,,,,,,,,,,,,,,,,2026-06-01,,,,,,,,,,,,,,
world:entity:2026-05-15-fmp-technicals-xoma-daily,Entity,2026-05-15_FMP_Technicals_XOMA_daily,2026-05-15_FMP_Technicals_XOMA_daily,2026-05-15_FMP_Technicals_XOMA_daily,,,,,,,entity,Entities,,,,,,,,,,,,,,,,2026-06-01,,,,,,,,,,,,,,
world:entity:2026-05-15-fmp-thesis-watchlist-capital-raise-survivors-small-cap-inflection-basket,Entity,2026-05-15_FMP_Thesis_Watchlist_Capital_Raise_Survivors_Small-Cap_Inflection_Basket,2026-05-15_FMP_Thesis_Watchlist_Capital_Raise_Survivors_Small-Cap_Inflection_Basket,2026-05-15_FMP_Thesis_Watchlist_Capital_Raise_Survivors_Small-Cap_Inflection_Basket,,,,,,,entity,Entities,,,,,,,,,,,,,,,,2026-06-01,,,,,,,,,,,,,,
world:entity:2026-05-15-fmp-thesis-watchlist-drone-autonomous-systems-revolution,Entity,2026-05-15_FMP_Thesis_Watchlist_Drone_&_Autonomous_Systems_Revolution,2026-05-15_FMP_Thesis_Watchlist_Drone_&_Autonomous_Systems_Revolution,2026-05-15_FMP_Thesis_Watchlist_Drone_&_Autonomous_Systems_Revolution,,,,,,,entity,Entities,,,,,,,,,,,,,,,,2026-06-01,,,,,,,,,,,,,,
world:entity:2026-05-15-fmp-thesis-watchlist-fiscal-scarcity-rearmament,Entity,2026-05-15_FMP_Thesis_Watchlist_Fiscal_Scarcity_Rearmament,2026-05-15_FMP_Thesis_Watchlist_Fiscal_Scarcity_Rearmament,2026-05-15_FMP_Thesis_Watchlist_Fiscal_Scarcity_Rearmament,,,,,,,entity,Entities,,,,,,,,,,,,,,,,2026-06-01,,,,,,,,,,,,,,
world:entity:2026-05-15-fmp-thesis-watchlist-gene-editing-crispr-therapeutics,Entity,2026-05-15_FMP_Thesis_Watchlist_Gene_Editing_&_CRISPR_Therapeutics,2026-05-15_FMP_Thesis_Watchlist_Gene_Editing_&_CRISPR_Therapeutics,2026-05-15_FMP_Thesis_Watchlist_Gene_Editing_&_CRISPR_Therapeutics,,,,,,,entity,Entities,,,,,,,,,,,,,,,,2026-06-01,,,,,,,,,,,,,,
world:entity:2026-05-15-fmp-thesis-watchlist-glp-1-metabolic-disease-revolution,Entity,2026-05-15_FMP_Thesis_Watchlist_GLP-1_Metabolic_Disease_Revolution,2026-05-15_FMP_Thesis_Watchlist_GLP-1_Metabolic_Disease_Revolution,2026-05-15_FMP_Thesis_Watchlist_GLP-1_Metabolic_Disease_Revolution,,,,,,,entity,Entities,,,,,,,,,,,,,,,,2026-06-01,,,,,,,,,,,,,,
world:entity:2026-05-15-fmp-thesis-watchlist-grid-scale-battery-storage,Entity,2026-05-15_FMP_Thesis_Watchlist_Grid-Scale_Battery_Storage,2026-05-15_FMP_Thesis_Watchlist_Grid-Scale_Battery_Storage,2026-05-15_FMP_Thesis_Watchlist_Grid-Scale_Battery_Storage,,,,,,,entity,Entities,,,,,,,,,,,,,,,,2026-06-01,,,,,,,,,,,,,,
world:entity:2026-05-15-fmp-thesis-watchlist-housing-supply-correction,Entity,2026-05-15_FMP_Thesis_Watchlist_Housing_Supply_Correction,2026-05-15_FMP_Thesis_Watchlist_Housing_Supply_Correction,2026-05-15_FMP_Thesis_Watchlist_Housing_Supply_Correction,,,,,,,entity,Entities,,,,,,,,,,,,,,,,2026-06-01,,,,,,,,,,,,,,
world:entity:2026-05-15-fmp-thesis-watchlist-hypersonic-weapons-advanced-defense-systems,Entity,2026-05-15_FMP_Thesis_Watchlist_Hypersonic_Weapons_&_Advanced_Defense_Systems,2026-05-15_FMP_Thesis_Watchlist_Hypersonic_Weapons_&_Advanced_Defense_Systems,2026-05-15_FMP_Thesis_Watchlist_Hypersonic_Weapons_&_Advanced_Defense_Systems,,,,,,,entity,Entities,,,,,,,,,,,,,,,,2026-06-01,,,,,,,,,,,,,,
world:entity:2026-05-15-fmp-thesis-watchlist-nuclear-renaissance-small-modular-reactors,Entity,2026-05-15_FMP_Thesis_Watchlist_Nuclear_Renaissance_&_Small_Modular_Reactors,2026-05-15_FMP_Thesis_Watchlist_Nuclear_Renaissance_&_Small_Modular_Reactors,2026-05-15_FMP_Thesis_Watchlist_Nuclear_Renaissance_&_Small_Modular_Reactors,,,,,,,entity,Entities,,,,,,,,,,,,,,,,2026-06-01,,,,,,,,,,,,,,
world:entity:2026-05-15-fmp-thesis-watchlist-psychedelic-mental-health-revolution,Entity,2026-05-15_FMP_Thesis_Watchlist_Psychedelic_Mental_Health_Revolution,2026-05-15_FMP_Thesis_Watchlist_Psychedelic_Mental_Health_Revolution,2026-05-15_FMP_Thesis_Watchlist_Psychedelic_Mental_Health_Revolution,,,,,,,entity,Entities,,,,,,,,,,,,,,,,2026-06-01,,,,,,,,,,,,,,
world:entity:2026-05-15-fmp-thesis-watchlist-quantum-computing,Entity,2026-05-15_FMP_Thesis_Watchlist_Quantum_Computing,2026-05-15_FMP_Thesis_Watchlist_Quantum_Computing,2026-05-15_FMP_Thesis_Watchlist_Quantum_Computing,,,,,,,entity,Entities,,,,,,,,,,,,,,,,2026-06-01,,,,,,,,,,,,,,
world:entity:2026-05-15-fmp-thesis-watchlist-space-domain-awareness-commercial-space,Entity,2026-05-15_FMP_Thesis_Watchlist_Space_Domain_Awareness_&_Commercial_Space,2026-05-15_FMP_Thesis_Watchlist_Space_Domain_Awareness_&_Commercial_Space,2026-05-15_FMP_Thesis_Watchlist_Space_Domain_Awareness_&_Commercial_Space,,,,,,,entity,Entities,,,,,,,,,,,,,,,,2026-06-01,,,,,,,,,,,,,,
world:entity:2026-05-15-fred-liquidity,Entity,2026-05-15_FRED_Liquidity,2026-05-15_FRED_Liquidity,2026-05-15_FRED_Liquidity,,,,,,,entity,Entities,,,,,,,,,,,,,,,,2026-06-01,,,,,,,,,,,,,,
world:entity:2026-05-15-inbox-clearance-growth-resilience-factor-stress-and-semiconductor-risk,Entity,2026-05-15 - Inbox Clearance - Growth Resilience Factor Stress and Semiconductor Risk,2026-05-15 - Inbox Clearance - Growth Resilience Factor Stress and Semiconductor Risk,2026-05-15 - Inbox Clearance - Growth Resilience Factor Stress and Semiconductor Risk,,,,,,,entity,Entities,,,,,,,,,,,,,,,,2026-06-01,,,,,,,,,,,,,,
world:entity:2026-05-15-inbox-ingestion-batch,Entity,2026-05-15 - Inbox Ingestion Batch,2026-05-15 - Inbox Ingestion Batch,2026-05-15 - Inbox Ingestion Batch,,,,,,,entity,Entities,,,,,,,,,,,,,,,,2026-06-01,,,,,,,,,,,,,,
world:entity:2026-05-15-orb-entropy-screen,Entity,2026-05-15_ORB_Entropy_Screen,2026-05-15_ORB_Entropy_Screen,2026-05-15_ORB_Entropy_Screen,,,,,,,entity,Entities,,,,,,,,,,,,,,,,2026-06-01,,,,,,,,,,,,,,
world:entity:2026-05-16-agent-analysis-aapl,Entity,2026-05-16_Agent_Analysis_AAPL,2026-05-16_Agent_Analysis_AAPL,2026-05-16_Agent_Analysis_AAPL,,,,,,,entity,Entities,,,,,,,,,,,,,,,,2026-06-01,,,,,,,,,,,,,,
world:entity:2026-05-16-agent-analysis-all-theses,Entity,2026-05-16_Agent_Analysis_All_Theses,2026-05-16_Agent_Analysis_All_Theses,2026-05-16_Agent_Analysis_All_Theses,,,,,,,entity,Entities,,,,,,,,,,,,,,,,2026-06-01,,,,,,,,,,,,,,
world:entity:2026-05-16-agent-analysis-amzn,Entity,2026-05-16_Agent_Analysis_AMZN,2026-05-16_Agent_Analysis_AMZN,2026-05-16_Agent_Analysis_AMZN,,,,,,,entity,Entities,,,,,,,,,,,,,,,,2026-06-01,,,,,,,,,,,,,,
world:entity:2026-05-16-agent-analysis-axp,Entity,2026-05-16_Agent_Analysis_AXP,2026-05-16_Agent_Analysis_AXP,2026-05-16_Agent_Analysis_AXP,,,,,,,entity,Entities,,,,,,,,,,,,,,,,2026-06-01,,,,,,,,,,,,,,
world:entity:2026-05-16-agent-analysis-brk-b,Entity,2026-05-16_Agent_Analysis_BRK_B,2026-05-16_Agent_Analysis_BRK_B,2026-05-16_Agent_Analysis_BRK_B,,,,,,,entity,Entities,,,,,,,,,,,,,,,,2026-06-01,,,,,,,,,,,,,,
world:entity:2026-05-16-agent-analysis-etn,Entity,2026-05-16_Agent_Analysis_ETN,2026-05-16_Agent_Analysis_ETN,2026-05-16_Agent_Analysis_ETN,,,,,,,entity,Entities,,,,,,,,,,,,,,,,2026-06-01,,,,,,,,,,,,,,
world:entity:2026-05-16-agent-analysis-gev,Entity,2026-05-16_Agent_Analysis_GEV,2026-05-16_Agent_Analysis_GEV,2026-05-16_Agent_Analysis_GEV,,,,,,,entity,Entities,,,,,,,,,,,,,,,,2026-06-01,,,,,,,,,,,,,,
world:entity:2026-05-16-agent-analysis-gold,Entity,2026-05-16_Agent_Analysis_GOLD,2026-05-16_Agent_Analysis_GOLD,2026-05-16_Agent_Analysis_GOLD,,,,,,,entity,Entities,,,,,,,,,,,,,,,,2026-06-01,,,,,,,,,,,,,,
world:entity:2026-05-16-agent-analysis-googl,Entity,2026-05-16_Agent_Analysis_GOOGL,2026-05-16_Agent_Analysis_GOOGL,2026-05-16_Agent_Analysis_GOOGL,,,,,,,entity,Entities,,,,,,,,,,,,,,,,2026-06-01,,,,,,,,,,,,,,
world:entity:2026-05-16-agent-analysis-ko,Entity,2026-05-16_Agent_Analysis_KO,2026-05-16_Agent_Analysis_KO,2026-05-16_Agent_Analysis_KO,,,,,,,entity,Entities,,,,,,,,,,,,,,,,2026-06-01,,,,,,,,,,,,,,
world:entity:2026-05-16-agent-analysis-lly,Entity,2026-05-16_Agent_Analysis_LLY,2026-05-16_Agent_Analysis_LLY,2026-05-16_Agent_Analysis_LLY,,,,,,,entity,Entities,,,,,,,,,,,,,,,,2026-06-01,,,,,,,,,,,,,,
world:entity:2026-05-16-agent-analysis-msft,Entity,2026-05-16_Agent_Analysis_MSFT,2026-05-16_Agent_Analysis_MSFT,2026-05-16_Agent_Analysis_MSFT,,,,,,,entity,Entities,,,,,,,,,,,,,,,,2026-06-01,,,,,,,,,,,,,,
world:entity:2026-05-16-agent-analysis-nem,Entity,2026-05-16_Agent_Analysis_NEM,2026-05-16_Agent_Analysis_NEM,2026-05-16_Agent_Analysis_NEM,,,,,,,entity,Entities,,,,,,,,,,,,,,,,2026-06-01,,,,,,,,,,,,,,
world:entity:2026-05-16-agent-analysis-nrg,Entity,2026-05-16_Agent_Analysis_NRG,2026-05-16_Agent_Analysis_NRG,2026-05-16_Agent_Analysis_NRG,,,,,,,entity,Entities,,,,,,,,,,,,,,,,2026-06-01,,,,,,,,,,,,,,
world:entity:2026-05-16-agent-analysis-nvda,Entity,2026-05-16_Agent_Analysis_NVDA,2026-05-16_Agent_Analysis_NVDA,2026-05-16_Agent_Analysis_NVDA,,,,,,,entity,Entities,,,,,,,,,,,,,,,,2026-06-01,,,,,,,,,,,,,,
world:entity:2026-05-16-agent-analysis-pltr,Entity,2026-05-16_Agent_Analysis_PLTR,2026-05-16_Agent_Analysis_PLTR,2026-05-16_Agent_Analysis_PLTR,,,,,,,entity,Entities,,,,,,,,,,,,,,,,2026-06-01,,,,,,,,,,,,,,
world:entity:2026-05-16-agent-analysis-prta,Entity,2026-05-16_Agent_Analysis_PRTA,2026-05-16_Agent_Analysis_PRTA,2026-05-16_Agent_Analysis_PRTA,,,,,,,entity,Entities,,,,,,,,,,,,,,,,2026-06-01,,,,,,,,,,,,,,
world:entity:2026-05-16-agent-analysis-strl,Entity,2026-05-16_Agent_Analysis_STRL,2026-05-16_Agent_Analysis_STRL,2026-05-16_Agent_Analysis_STRL,,,,,,,entity,Entities,,,,,,,,,,,,,,,,2026-06-01,,,,,,,,,,,,,,
world:entity:2026-05-16-agent-analysis-vst,Entity,2026-05-16_Agent_Analysis_VST,2026-05-16_Agent_Analysis_VST,2026-05-16_Agent_Analysis_VST,,,,,,,entity,Entities,,,,,,,,,,,,,,,,2026-06-01,,,,,,,,,,,,,,
world:entity:2026-05-16-agent-analysis-wpm,Entity,2026-05-16_Agent_Analysis_WPM,2026-05-16_Agent_Analysis_WPM,2026-05-16_Agent_Analysis_WPM,,,,,,,entity,Entities,,,,,,,,,,,,,,,,2026-06-01,,,,,,,,,,,,,,
world:entity:2026-05-16-agent-analysis-xom,Entity,2026-05-16_Agent_Analysis_XOM,2026-05-16_Agent_Analysis_XOM,2026-05-16_Agent_Analysis_XOM,,,,,,,entity,Entities,,,,,,,,,,,,,,,,2026-06-01,,,,,,,,,,,,,,
world:entity:2026-05-16-daily-monitoring-snapshot,Entity,2026-05-16 Daily Monitoring Snapshot,2026-05-16 Daily Monitoring Snapshot,2026-05-16 Daily Monitoring Snapshot,,,,,,,entity,Entities,,,,,,,,,,,,,,,,2026-06-01,,,,,,,,,,,,,,
world:entity:2026-05-16-disclosure-reality-check,Entity,2026-05-16_Disclosure_Reality_Check,2026-05-16_Disclosure_Reality_Check,2026-05-16_Disclosure_Reality_Check,,,,,,,entity,Entities,,,,,,,,,,,,,,,,2026-06-01,,,,,,,,,,,,,,
world:entity:2026-05-16-entropy-monitor-spy-qqq,Entity,2026-05-16_Entropy_Monitor_SPY_QQQ,2026-05-16_Entropy_Monitor_SPY_QQQ,2026-05-16_Entropy_Monitor_SPY_QQQ,,,,,,,entity,Entities,,,,,,,,,,,,,,,,2026-06-01,,,,,,,,,,,,,,
world:entity:2026-05-16-fema-declarations,Entity,2026-05-16_FEMA_Declarations,2026-05-16_FEMA_Declarations,2026-05-16_FEMA_Declarations,,,,,,,entity,Entities,,,,,,,,,,,,,,,,2026-06-01,,,,,,,,,,,,,,
world:entity:2026-05-16-fmp-earnings-calendar-thesis-watchlists,Entity,2026-05-16_FMP_Earnings_Calendar_Thesis_Watchlists,2026-05-16_FMP_Earnings_Calendar_Thesis_Watchlists,2026-05-16_FMP_Earnings_Calendar_Thesis_Watchlists,,,,,,,entity,Entities,,,,,,,,,,,,,,,,2026-06-01,,,,,,,,,,,,,,
world:entity:2026-05-16-fmp-economiccalendar,Entity,2026-05-16_FMP_EconomicCalendar,2026-05-16_FMP_EconomicCalendar,2026-05-16_FMP_EconomicCalendar,,,,,,,entity,Entities,,,,,,,,,,,,,,,,2026-06-01,,,,,,,,,,,,,,
world:entity:2026-05-16-fmp-thesis-watchlist-capital-raise-survivors-small-cap-inflection-basket,Entity,2026-05-16_FMP_Thesis_Watchlist_Capital_Raise_Survivors_Small-Cap_Inflection_Basket,2026-05-16_FMP_Thesis_Watchlist_Capital_Raise_Survivors_Small-Cap_Inflection_Basket,2026-05-16_FMP_Thesis_Watchlist_Capital_Raise_Survivors_Small-Cap_Inflection_Basket,,,,,,,entity,Entities,,,,,,,,,,,,,,,,2026-06-01,,,,,,,,,,,,,,
world:entity:2026-05-16-fmp-thesis-watchlist-space-domain-awareness-commercial-space,Entity,2026-05-16_FMP_Thesis_Watchlist_Space_Domain_Awareness_&_Commercial_Space,2026-05-16_FMP_Thesis_Watchlist_Space_Domain_Awareness_&_Commercial_Space,2026-05-16_FMP_Thesis_Watchlist_Space_Domain_Awareness_&_Commercial_Space,,,,,,,entity,Entities,,,,,,,,,,,,,,,,2026-06-01,,,,,,,,,,,,,,
world:entity:2026-05-16-fred-liquidity,Entity,2026-05-16_FRED_Liquidity,2026-05-16_FRED_Liquidity,2026-05-16_FRED_Liquidity,,,,,,,entity,Entities,,,,,,,,,,,,,,,,2026-06-01,,,,,,,,,,,,,,
world:entity:2026-05-16-opportunity-viewpoints,Entity,2026-05-16_Opportunity_Viewpoints,2026-05-16_Opportunity_Viewpoints,2026-05-16_Opportunity_Viewpoints,,,,,,,entity,Entities,,,,,,,,,,,,,,,,2026-06-01,,,,,,,,,,,,,,
world:entity:2026-05-24-agent-analysis-all-theses,Entity,2026-05-24_Agent_Analysis_All_Theses,2026-05-24_Agent_Analysis_All_Theses,2026-05-24_Agent_Analysis_All_Theses,,,,,,,entity,Entities,,,,,,,,,,,,,,,,2026-06-01,,,,,,,,,,,,,,
world:entity:2026-05-24-agent-analysis-amzn,Entity,2026-05-24_Agent_Analysis_AMZN,2026-05-24_Agent_Analysis_AMZN,2026-05-24_Agent_Analysis_AMZN,,,,,,,entity,Entities,,,,,,,,,,,,,,,,2026-06-01,,,,,,,,,,,,,,
world:entity:2026-05-24-agent-analysis-etn,Entity,2026-05-24_Agent_Analysis_ETN,2026-05-24_Agent_Analysis_ETN,2026-05-24_Agent_Analysis_ETN,,,,,,,entity,Entities,,,,,,,,,,,,,,,,2026-06-01,,,,,,,,,,,,,,
world:entity:2026-05-24-agent-analysis-gev,Entity,2026-05-24_Agent_Analysis_GEV,2026-05-24_Agent_Analysis_GEV,2026-05-24_Agent_Analysis_GEV,,,,,,,entity,Entities,,,,,,,,,,,,,,,,2026-06-01,,,,,,,,,,,,,,
world:entity:2026-05-24-agent-analysis-msft,Entity,2026-05-24_Agent_Analysis_MSFT,2026-05-24_Agent_Analysis_MSFT,2026-05-24_Agent_Analysis_MSFT,,,,,,,entity,Entities,,,,,,,,,,,,,,,,2026-06-01,,,,,,,,,,,,,,
world:entity:2026-05-24-agent-analysis-nrg,Entity,2026-05-24_Agent_Analysis_NRG,2026-05-24_Agent_Analysis_NRG,2026-05-24_Agent_Analysis_NRG,,,,,,,entity,Entities,,,,,,,,,,,,,,,,2026-06-01,,,,,,,,,,,,,,
world:entity:2026-05-24-agent-analysis-pltr,Entity,2026-05-24_Agent_Analysis_PLTR,2026-05-24_Agent_Analysis_PLTR,2026-05-24_Agent_Analysis_PLTR,,,,,,,entity,Entities,,,,,,,,,,,,,,,,2026-06-01,,,,,,,,,,,,,,
world:entity:2026-05-24-agent-analysis-strl,Entity,2026-05-24_Agent_Analysis_STRL,2026-05-24_Agent_Analysis_STRL,2026-05-24_Agent_Analysis_STRL,,,,,,,entity,Entities,,,,,,,,,,,,,,,,2026-06-01,,,,,,,,,,,,,,
world:entity:2026-05-24-agent-analysis-vst,Entity,2026-05-24_Agent_Analysis_VST,2026-05-24_Agent_Analysis_VST,2026-05-24_Agent_Analysis_VST,,,,,,,entity,Entities,,,,,,,,,,,,,,,,2026-06-01,,,,,,,,,,,,,,
world:entity:2026-05-24-daily-monitoring-snapshot,Entity,2026-05-24 Daily Monitoring Snapshot,2026-05-24 Daily Monitoring Snapshot,2026-05-24 Daily Monitoring Snapshot,,,,,,,entity,Entities,,,,,,,,,,,,,,,,2026-06-01,,,,,,,,,,,,,,
world:entity:2026-05-24-dilution-monitor,Entity,2026-05-24_Dilution_Monitor,2026-05-24_Dilution_Monitor,2026-05-24_Dilution_Monitor,,,,,,,entity,Entities,,,,,,,,,,,,,,,,2026-06-01,,,,,,,,,,,,,,
world:entity:2026-05-24-disclosure-reality-check,Entity,2026-05-24_Disclosure_Reality_Check,2026-05-24_Disclosure_Reality_Check,2026-05-24_Disclosure_Reality_Check,,,,,,,entity,Entities,,,,,,,,,,,,,,,,2026-06-01,,,,,,,,,,,,,,
world:entity:2026-05-24-entropy-monitor-spy-qqq,Entity,2026-05-24_Entropy_Monitor_SPY_QQQ,2026-05-24_Entropy_Monitor_SPY_QQQ,2026-05-24_Entropy_Monitor_SPY_QQQ,,,,,,,entity,Entities,,,,,,,,,,,,,,,,2026-06-01,,,,,,,,,,,,,,
world:entity:2026-05-24-fmp-activist-with-a-calculator-screen,Entity,2026-05-24_FMP_Activist_With_a_Calculator_Screen,2026-05-24_FMP_Activist_With_a_Calculator_Screen,2026-05-24_FMP_Activist_With_a_Calculator_Screen,,,,,,,entity,Entities,,,,,,,,,,,,,,,,2026-06-01,,,,,,,,,,,,,,
world:entity:2026-05-24-fmp-boring-oligopoly-printer-screen,Entity,2026-05-24_FMP_Boring_Oligopoly_Printer_Screen,2026-05-24_FMP_Boring_Oligopoly_Printer_Screen,2026-05-24_FMP_Boring_Oligopoly_Printer_Screen,,,,,,,entity,Entities,,,,,,,,,,,,,,,,2026-06-01,,,,,,,,,,,,,,
world:entity:2026-05-24-fmp-capital-light-compounders-screen,Entity,2026-05-24_FMP_Capital_Light_Compounders_Screen,2026-05-24_FMP_Capital_Light_Compounders_Screen,2026-05-24_FMP_Capital_Light_Compounders_Screen,,,,,,,entity,Entities,,,,,,,,,,,,,,,,2026-06-01,,,,,,,,,,,,,,
world:entity:2026-05-24-fmp-cash-box-with-a-pulse-screen,Entity,2026-05-24_FMP_Cash_Box_With_A_Pulse_Screen,2026-05-24_FMP_Cash_Box_With_A_Pulse_Screen,2026-05-24_FMP_Cash_Box_With_A_Pulse_Screen,,,,,,,entity,Entities,,,,,,,,,,,,,,,,2026-06-01,,,,,,,,,,,,,,
world:entity:2026-05-24-fmp-cash-runway-dilution-watch-screen,Entity,2026-05-24_FMP_Cash_Runway_Dilution_Watch_Screen,2026-05-24_FMP_Cash_Runway_Dilution_Watch_Screen,2026-05-24_FMP_Cash_Runway_Dilution_Watch_Screen,,,,,,,entity,Entities,,,,,,,,,,,,,,,,2026-06-01,,,,,,,,,,,,,,
world:entity:2026-05-24-fmp-ceo-boomerang-buy-screen,Entity,2026-05-24_FMP_CEO_Boomerang_Buy_Screen,2026-05-24_FMP_CEO_Boomerang_Buy_Screen,2026-05-24_FMP_CEO_Boomerang_Buy_Screen,,,,,,,entity,Entities,,,,,,,,,,,,,,,,2026-06-01,,,,,,,,,,,,,,
world:entity:2026-05-24-fmp-chapter-11-avoidance-screen,Entity,2026-05-24_FMP_Chapter_11_Avoidance_Screen,2026-05-24_FMP_Chapter_11_Avoidance_Screen,2026-05-24_FMP_Chapter_11_Avoidance_Screen,,,,,,,entity,Entities,,,,,,,,,,,,,,,,2026-06-01,,,,,,,,,,,,,,
world:entity:2026-05-24-fmp-commodity-etp-curve-carry-screen,Entity,2026-05-24_FMP_Commodity_ETP_Curve_Carry_Screen,2026-05-24_FMP_Commodity_ETP_Curve_Carry_Screen,2026-05-24_FMP_Commodity_ETP_Curve_Carry_Screen,,,,,,,entity,Entities,,,,,,,,,,,,,,,,2026-06-01,,,,,,,,,,,,,,
world:entity:2026-05-24-fmp-commodity-producer-divergence-screen,Entity,2026-05-24_FMP_Commodity_Producer_Divergence_Screen,2026-05-24_FMP_Commodity_Producer_Divergence_Screen,2026-05-24_FMP_Commodity_Producer_Divergence_Screen,,,,,,,entity,Entities,,,,,,,,,,,,,,,,2026-06-01,,,,,,,,,,,,,,
world:entity:2026-05-24-fmp-debt-paydown-redemption-arc-screen,Entity,2026-05-24_FMP_Debt_Paydown_Redemption_Arc_Screen,2026-05-24_FMP_Debt_Paydown_Redemption_Arc_Screen,2026-05-24_FMP_Debt_Paydown_Redemption_Arc_Screen,,,,,,,entity,Entities,,,,,,,,,,,,,,,,2026-06-01,,,,,,,,,,,,,,
world:entity:2026-05-24-fmp-dividend-cockroach-screen,Entity,2026-05-24_FMP_Dividend_Cockroach_Screen,2026-05-24_FMP_Dividend_Cockroach_Screen,2026-05-24_FMP_Dividend_Cockroach_Screen,,,,,,,entity,Entities,,,,,,,,,,,,,,,,2026-06-01,,,,,,,,,,,,,,
world:entity:2026-05-24-fmp-earnings-calendar-thesis-watchlists,Entity,2026-05-24_FMP_Earnings_Calendar_Thesis_Watchlists,2026-05-24_FMP_Earnings_Calendar_Thesis_Watchlists,2026-05-24_FMP_Earnings_Calendar_Thesis_Watchlists,,,,,,,entity,Entities,,,,,,,,,,,,,,,,2026-06-01,,,,,,,,,,,,,,
world:entity:2026-05-24-fmp-economiccalendar,Entity,2026-05-24_FMP_EconomicCalendar,2026-05-24_FMP_EconomicCalendar,2026-05-24_FMP_EconomicCalendar,,,,,,,entity,Entities,,,,,,,,,,,,,,,,2026-06-01,,,,,,,,,,,,,,
world:entity:2026-05-24-fmp-etf-concentration-check-screen,Entity,2026-05-24_FMP_ETF_Concentration_Check_Screen,2026-05-24_FMP_ETF_Concentration_Check_Screen,2026-05-24_FMP_ETF_Concentration_Check_Screen,,,,,,,entity,Entities,,,,,,,,,,,,,,,,2026-06-01,,,,,,,,,,,,,,
world:entity:2026-05-24-fmp-factor-cocktail-etfs-screen,Entity,2026-05-24_FMP_Factor_Cocktail_ETFs_Screen,2026-05-24_FMP_Factor_Cocktail_ETFs_Screen,2026-05-24_FMP_Factor_Cocktail_ETFs_Screen,,,,,,,entity,Entities,,,,,,,,,,,,,,,,2026-06-01,,,,,,,,,,,,,,
world:entity:2026-05-24-fmp-fda-underdog-screen,Entity,2026-05-24_FMP_FDA_Underdog_Screen,2026-05-24_FMP_FDA_Underdog_Screen,2026-05-24_FMP_FDA_Underdog_Screen,,,,,,,entity,Entities,,,,,,,,,,,,,,,,2026-06-01,,,,,,,,,,,,,,
world:entity:2026-05-24-fmp-fresh-52-week-sinners-screen,Entity,2026-05-24_FMP_Fresh_52_Week_Sinners_Screen,2026-05-24_FMP_Fresh_52_Week_Sinners_Screen,2026-05-24_FMP_Fresh_52_Week_Sinners_Screen,,,,,,,entity,Entities,,,,,,,,,,,,,,,,2026-06-01,,,,,,,,,,,,,,
world:entity:2026-05-24-fmp-momentum-with-a-helmet-screen,Entity,2026-05-24_FMP_Momentum_With_A_Helmet_Screen,2026-05-24_FMP_Momentum_With_A_Helmet_Screen,2026-05-24_FMP_Momentum_With_A_Helmet_Screen,,,,,,,entity,Entities,,,,,,,,,,,,,,,,2026-06-01,,,,,,,,,,,,,,
world:entity:2026-05-24-fmp-shareholder-yield-all-stars-screen,Entity,2026-05-24_FMP_Shareholder_Yield_All_Stars_Screen,2026-05-24_FMP_Shareholder_Yield_All_Stars_Screen,2026-05-24_FMP_Shareholder_Yield_All_Stars_Screen,,,,,,,entity,Entities,,,,,,,,,,,,,,,,2026-06-01,,,,,,,,,,,,,,
world:entity:2026-05-24-fmp-special-dividend-atm-screen,Entity,2026-05-24_FMP_Special_Dividend_ATM_Screen,2026-05-24_FMP_Special_Dividend_ATM_Screen,2026-05-24_FMP_Special_Dividend_ATM_Screen,,,,,,,entity,Entities,,,,,,,,,,,,,,,,2026-06-01,,,,,,,,,,,,,,
world:entity:2026-05-24-fmp-thesis-watchlist-capital-raise-survivors-small-cap-inflection-basket,Entity,2026-05-24_FMP_Thesis_Watchlist_Capital_Raise_Survivors_Small-Cap_Inflection_Basket,2026-05-24_FMP_Thesis_Watchlist_Capital_Raise_Survivors_Small-Cap_Inflection_Basket,2026-05-24_FMP_Thesis_Watchlist_Capital_Raise_Survivors_Small-Cap_Inflection_Basket,,,,,,,entity,Entities,,,,,,,,,,,,,,,,2026-06-01,,,,,,,,,,,,,,
world:entity:2026-05-24-fmp-thesis-watchlist-space-domain-awareness-commercial-space,Entity,2026-05-24_FMP_Thesis_Watchlist_Space_Domain_Awareness_&_Commercial_Space,2026-05-24_FMP_Thesis_Watchlist_Space_Domain_Awareness_&_Commercial_Space,2026-05-24_FMP_Thesis_Watchlist_Space_Domain_Awareness_&_Commercial_Space,,,,,,,entity,Entities,,,,,,,,,,,,,,,,2026-06-01,,,,,,,,,,,,,,
world:entity:2026-05-24-fmp-ugly-bank-clean-vault-screen,Entity,2026-05-24_FMP_Ugly_Bank_Clean_Vault_Screen,2026-05-24_FMP_Ugly_Bank_Clean_Vault_Screen,2026-05-24_FMP_Ugly_Bank_Clean_Vault_Screen,,,,,,,entity,Entities,,,,,,,,,,,,,,,,2026-06-01,,,,,,,,,,,,,,
world:entity:2026-05-24-fmp-working-capital-houdini-screen,Entity,2026-05-24_FMP_Working_Capital_Houdini_Screen,2026-05-24_FMP_Working_Capital_Houdini_Screen,2026-05-24_FMP_Working_Capital_Houdini_Screen,,,,,,,entity,Entities,,,,,,,,,,,,,,,,2026-06-01,,,,,,,,,,,,,,
world:entity:2026-05-24-fred-liquidity,Entity,2026-05-24_FRED_Liquidity,2026-05-24_FRED_Liquidity,2026-05-24_FRED_Liquidity,,,,,,,entity,Entities,,,,,,,,,,,,,,,,2026-06-01,,,,,,,,,,,,,,
world:entity:2026-05-24-opportunity-viewpoints,Entity,2026-05-24_Opportunity_Viewpoints,2026-05-24_Opportunity_Viewpoints,2026-05-24_Opportunity_Viewpoints,,,,,,,entity,Entities,,,,,,,,,,,,,,,,2026-06-01,,,,,,,,,,,,,,
world:entity:2026-05-25-agent-analysis-all-theses,Entity,2026-05-25_Agent_Analysis_All_Theses,2026-05-25_Agent_Analysis_All_Theses,2026-05-25_Agent_Analysis_All_Theses,,,,,,,entity,Entities,,,,,,,,,,,,,,,,2026-06-01,,,,,,,,,,,,,,
world:entity:2026-05-25-agent-analysis-amzn,Entity,2026-05-25_Agent_Analysis_AMZN,2026-05-25_Agent_Analysis_AMZN,2026-05-25_Agent_Analysis_AMZN,,,,,,,entity,Entities,,,,,,,,,,,,,,,,2026-06-01,,,,,,,,,,,,,,
world:entity:2026-05-25-agent-analysis-etn,Entity,2026-05-25_Agent_Analysis_ETN,2026-05-25_Agent_Analysis_ETN,2026-05-25_Agent_Analysis_ETN,,,,,,,entity,Entities,,,,,,,,,,,,,,,,2026-06-01,,,,,,,,,,,,,,
world:entity:2026-05-25-agent-analysis-gev,Entity,2026-05-25_Agent_Analysis_GEV,2026-05-25_Agent_Analysis_GEV,2026-05-25_Agent_Analysis_GEV,,,,,,,entity,Entities,,,,,,,,,,,,,,,,2026-06-01,,,,,,,,,,,,,,
world:entity:2026-05-25-agent-analysis-msft,Entity,2026-05-25_Agent_Analysis_MSFT,2026-05-25_Agent_Analysis_MSFT,2026-05-25_Agent_Analysis_MSFT,,,,,,,entity,Entities,,,,,,,,,,,,,,,,2026-06-01,,,,,,,,,,,,,,
world:entity:2026-05-25-agent-analysis-nrg,Entity,2026-05-25_Agent_Analysis_NRG,2026-05-25_Agent_Analysis_NRG,2026-05-25_Agent_Analysis_NRG,,,,,,,entity,Entities,,,,,,,,,,,,,,,,2026-06-01,,,,,,,,,,,,,,
world:entity:2026-05-25-agent-analysis-pltr,Entity,2026-05-25_Agent_Analysis_PLTR,2026-05-25_Agent_Analysis_PLTR,2026-05-25_Agent_Analysis_PLTR,,,,,,,entity,Entities,,,,,,,,,,,,,,,,2026-06-01,,,,,,,,,,,,,,
world:entity:2026-05-25-agent-analysis-strl,Entity,2026-05-25_Agent_Analysis_STRL,2026-05-25_Agent_Analysis_STRL,2026-05-25_Agent_Analysis_STRL,,,,,,,entity,Entities,,,,,,,,,,,,,,,,2026-06-01,,,,,,,,,,,,,,
world:entity:2026-05-25-agent-analysis-vst,Entity,2026-05-25_Agent_Analysis_VST,2026-05-25_Agent_Analysis_VST,2026-05-25_Agent_Analysis_VST,,,,,,,entity,Entities,,,,,,,,,,,,,,,,2026-06-01,,,,,,,,,,,,,,
world:entity:2026-05-25-conviction-delta,Entity,2026-05-25_Conviction_Delta,2026-05-25_Conviction_Delta,2026-05-25_Conviction_Delta,,,,,,,entity,Entities,,,,,,,,,,,,,,,,2026-06-01,,,,,,,,,,,,,,
world:entity:2026-05-25-daily-monitoring-snapshot,Entity,2026-05-25 Daily Monitoring Snapshot,2026-05-25 Daily Monitoring Snapshot,2026-05-25 Daily Monitoring Snapshot,,,,,,,entity,Entities,,,,,,,,,,,,,,,,2026-06-01,,,,,,,,,,,,,,
world:entity:2026-05-25-end-of-day-monitoring-snapshot,Entity,2026-05-25 End Of Day Monitoring Snapshot,2026-05-25 End Of Day Monitoring Snapshot,2026-05-25 End Of Day Monitoring Snapshot,,,,,,,entity,Entities,,,,,,,,,,,,,,,,2026-06-01,,,,,,,,,,,,,,
world:entity:2026-05-25-entropy-monitor-spy-qqq,Entity,2026-05-25_Entropy_Monitor_SPY_QQQ,2026-05-25_Entropy_Monitor_SPY_QQQ,2026-05-25_Entropy_Monitor_SPY_QQQ,,,,,,,entity,Entities,,,,,,,,,,,,,,,,2026-06-01,,,,,,,,,,,,,,
world:entity:2026-05-25-event-research-ai-data-center-power-bottleneck,Entity,2026-05-25_Event_Research_AI_Data_Center_Power_Bottleneck,2026-05-25_Event_Research_AI_Data_Center_Power_Bottleneck,2026-05-25_Event_Research_AI_Data_Center_Power_Bottleneck,,,,,,,entity,Entities,,,,,,,,,,,,,,,,2026-06-01,,,,,,,,,,,,,,
world:entity:2026-05-25-event-research-copper-supply-bottleneck,Entity,2026-05-25_Event_Research_Copper_Supply_Bottleneck,2026-05-25_Event_Research_Copper_Supply_Bottleneck,2026-05-25_Event_Research_Copper_Supply_Bottleneck,,,,,,,entity,Entities,,,,,,,,,,,,,,,,2026-06-01,,,,,,,,,,,,,,
world:entity:2026-05-25-event-research-fertilizer-shortage,Entity,2026-05-25_Event_Research_Fertilizer_Shortage,2026-05-25_Event_Research_Fertilizer_Shortage,2026-05-25_Event_Research_Fertilizer_Shortage,,,,,,,entity,Entities,,,,,,,,,,,,,,,,2026-06-01,,,,,,,,,,,,,,
world:entity:2026-05-25-event-research-glp-1-supply-chain-shortage,Entity,2026-05-25_Event_Research_GLP-1_Supply_Chain_Shortage,2026-05-25_Event_Research_GLP-1_Supply_Chain_Shortage,2026-05-25_Event_Research_GLP-1_Supply_Chain_Shortage,,,,,,,entity,Entities,,,,,,,,,,,,,,,,2026-06-01,,,,,,,,,,,,,,
world:entity:2026-05-25-event-research-hormuz-oil-shock,Entity,2026-05-25_Event_Research_Hormuz_Oil_Shock,2026-05-25_Event_Research_Hormuz_Oil_Shock,2026-05-25_Event_Research_Hormuz_Oil_Shock,,,,,,,entity,Entities,,,,,,,,,,,,,,,,2026-06-01,,,,,,,,,,,,,,
world:entity:2026-05-25-fmp-earnings-calendar-thesis-watchlists,Entity,2026-05-25_FMP_Earnings_Calendar_Thesis_Watchlists,2026-05-25_FMP_Earnings_Calendar_Thesis_Watchlists,2026-05-25_FMP_Earnings_Calendar_Thesis_Watchlists,,,,,,,entity,Entities,,,,,,,,,,,,,,,,2026-06-01,,,,,,,,,,,,,,
world:entity:2026-05-25-fmp-thesis-watchlist-capital-raise-survivors-small-cap-inflection-basket,Entity,2026-05-25_FMP_Thesis_Watchlist_Capital_Raise_Survivors_Small-Cap_Inflection_Basket,2026-05-25_FMP_Thesis_Watchlist_Capital_Raise_Survivors_Small-Cap_Inflection_Basket,2026-05-25_FMP_Thesis_Watchlist_Capital_Raise_Survivors_Small-Cap_Inflection_Basket,,,,,,,entity,Entities,,,,,,,,,,,,,,,,2026-06-01,,,,,,,,,,,,,,
world:entity:2026-05-25-fmp-thesis-watchlist-space-domain-awareness-commercial-space,Entity,2026-05-25_FMP_Thesis_Watchlist_Space_Domain_Awareness_&_Commercial_Space,2026-05-25_FMP_Thesis_Watchlist_Space_Domain_Awareness_&_Commercial_Space,2026-05-25_FMP_Thesis_Watchlist_Space_Domain_Awareness_&_Commercial_Space,,,,,,,entity,Entities,,,,,,,,,,,,,,,,2026-06-01,,,,,,,,,,,,,,
world:entity:2026-05-25-fred-liquidity,Entity,2026-05-25_FRED_Liquidity,2026-05-25_FRED_Liquidity,2026-05-25_FRED_Liquidity,,,,,,,entity,Entities,,,,,,,,,,,,,,,,2026-06-01,,,,,,,,,,,,,,
world:entity:2026-05-25-opportunity-viewpoints,Entity,2026-05-25_Opportunity_Viewpoints,2026-05-25_Opportunity_Viewpoints,2026-05-25_Opportunity_Viewpoints,,,,,,,entity,Entities,,,,,,,,,,,,,,,,2026-06-01,,,,,,,,,,,,,,
world:entity:2026-05-26-agent-analysis-all-theses,Entity,2026-05-26_Agent_Analysis_All_Theses,2026-05-26_Agent_Analysis_All_Theses,2026-05-26_Agent_Analysis_All_Theses,,,,,,,entity,Entities,,,,,,,,,,,,,,,,2026-06-01,,,,,,,,,,,,,,
world:entity:2026-05-26-agent-analysis-amzn,Entity,2026-05-26_Agent_Analysis_AMZN,2026-05-26_Agent_Analysis_AMZN,2026-05-26_Agent_Analysis_AMZN,,,,,,,entity,Entities,,,,,,,,,,,,,,,,2026-06-01,,,,,,,,,,,,,,
world:entity:2026-05-26-agent-analysis-etn,Entity,2026-05-26_Agent_Analysis_ETN,2026-05-26_Agent_Analysis_ETN,2026-05-26_Agent_Analysis_ETN,,,,,,,entity,Entities,,,,,,,,,,,,,,,,2026-06-01,,,,,,,,,,,,,,
world:entity:2026-05-26-agent-analysis-gev,Entity,2026-05-26_Agent_Analysis_GEV,2026-05-26_Agent_Analysis_GEV,2026-05-26_Agent_Analysis_GEV,,,,,,,entity,Entities,,,,,,,,,,,,,,,,2026-06-01,,,,,,,,,,,,,,
world:entity:2026-05-26-agent-analysis-msft,Entity,2026-05-26_Agent_Analysis_MSFT,2026-05-26_Agent_Analysis_MSFT,2026-05-26_Agent_Analysis_MSFT,,,,,,,entity,Entities,,,,,,,,,,,,,,,,2026-06-01,,,,,,,,,,,,,,
world:entity:2026-05-26-agent-analysis-nrg,Entity,2026-05-26_Agent_Analysis_NRG,2026-05-26_Agent_Analysis_NRG,2026-05-26_Agent_Analysis_NRG,,,,,,,entity,Entities,,,,,,,,,,,,,,,,2026-06-01,,,,,,,,,,,,,,
world:entity:2026-05-26-agent-analysis-pltr,Entity,2026-05-26_Agent_Analysis_PLTR,2026-05-26_Agent_Analysis_PLTR,2026-05-26_Agent_Analysis_PLTR,,,,,,,entity,Entities,,,,,,,,,,,,,,,,2026-06-01,,,,,,,,,,,,,,
world:entity:2026-05-26-agent-analysis-strl,Entity,2026-05-26_Agent_Analysis_STRL,2026-05-26_Agent_Analysis_STRL,2026-05-26_Agent_Analysis_STRL,,,,,,,entity,Entities,,,,,,,,,,,,,,,,2026-06-01,,,,,,,,,,,,,,
world:entity:2026-05-26-agent-analysis-vst,Entity,2026-05-26_Agent_Analysis_VST,2026-05-26_Agent_Analysis_VST,2026-05-26_Agent_Analysis_VST,,,,,,,entity,Entities,,,,,,,,,,,,,,,,2026-06-01,,,,,,,,,,,,,,
world:entity:2026-05-26-daily-monitoring-snapshot,Entity,2026-05-26 Daily Monitoring Snapshot,2026-05-26 Daily Monitoring Snapshot,2026-05-26 Daily Monitoring Snapshot,,,,,,,entity,Entities,,,,,,,,,,,,,,,,2026-06-01,,,,,,,,,,,,,,
world:entity:2026-05-26-end-of-day-monitoring-snapshot,Entity,2026-05-26 End Of Day Monitoring Snapshot,2026-05-26 End Of Day Monitoring Snapshot,2026-05-26 End Of Day Monitoring Snapshot,,,,,,,entity,Entities,,,,,,,,,,,,,,,,2026-06-01,,,,,,,,,,,,,,
world:entity:2026-05-26-entropy-monitor-spy-qqq,Entity,2026-05-26_Entropy_Monitor_SPY_QQQ,2026-05-26_Entropy_Monitor_SPY_QQQ,2026-05-26_Entropy_Monitor_SPY_QQQ,,,,,,,entity,Entities,,,,,,,,,,,,,,,,2026-06-01,,,,,,,,,,,,,,
world:entity:2026-05-26-fed-policy-and-rates-inbox-synthesis,Entity,2026-05-26 - Fed Policy and Rates Inbox Synthesis,2026-05-26 - Fed Policy and Rates Inbox Synthesis,2026-05-26 - Fed Policy and Rates Inbox Synthesis,,,,,,,entity,Entities,,,,,,,,,,,,,,,,2026-06-01,,,,,,,,,,,,,,
world:entity:2026-05-26-fmp-earnings-calendar-thesis-watchlists,Entity,2026-05-26_FMP_Earnings_Calendar_Thesis_Watchlists,2026-05-26_FMP_Earnings_Calendar_Thesis_Watchlists,2026-05-26_FMP_Earnings_Calendar_Thesis_Watchlists,,,,,,,entity,Entities,,,,,,,,,,,,,,,,2026-06-01,,,,,,,,,,,,,,
world:entity:2026-05-26-fmp-economiccalendar,Entity,2026-05-26_FMP_EconomicCalendar,2026-05-26_FMP_EconomicCalendar,2026-05-26_FMP_EconomicCalendar,,,,,,,entity,Entities,,,,,,,,,,,,,,,,2026-06-01,,,,,,,,,,,,,,
world:entity:2026-05-26-fmp-thesis-watchlist-capital-raise-survivors-small-cap-inflection-basket,Entity,2026-05-26_FMP_Thesis_Watchlist_Capital_Raise_Survivors_Small-Cap_Inflection_Basket,2026-05-26_FMP_Thesis_Watchlist_Capital_Raise_Survivors_Small-Cap_Inflection_Basket,2026-05-26_FMP_Thesis_Watchlist_Capital_Raise_Survivors_Small-Cap_Inflection_Basket,,,,,,,entity,Entities,,,,,,,,,,,,,,,,2026-06-01,,,,,,,,,,,,,,
world:entity:2026-05-26-fmp-thesis-watchlist-space-domain-awareness-commercial-space,Entity,2026-05-26_FMP_Thesis_Watchlist_Space_Domain_Awareness_&_Commercial_Space,2026-05-26_FMP_Thesis_Watchlist_Space_Domain_Awareness_&_Commercial_Space,2026-05-26_FMP_Thesis_Watchlist_Space_Domain_Awareness_&_Commercial_Space,,,,,,,entity,Entities,,,,,,,,,,,,,,,,2026-06-01,,,,,,,,,,,,,,
world:entity:2026-05-26-fred-liquidity,Entity,2026-05-26_FRED_Liquidity,2026-05-26_FRED_Liquidity,2026-05-26_FRED_Liquidity,,,,,,,entity,Entities,,,,,,,,,,,,,,,,2026-06-01,,,,,,,,,,,,,,
world:entity:2026-05-26-opportunity-viewpoints,Entity,2026-05-26_Opportunity_Viewpoints,2026-05-26_Opportunity_Viewpoints,2026-05-26_Opportunity_Viewpoints,,,,,,,entity,Entities,,,,,,,,,,,,,,,,2026-06-01,,,,,,,,,,,,,,
world:entity:2026-05-27-daily-monitoring-snapshot,Entity,2026-05-27 Daily Monitoring Snapshot,2026-05-27 Daily Monitoring Snapshot,2026-05-27 Daily Monitoring Snapshot,,,,,,,entity,Entities,,,,,,,,,,,,,,,,2026-06-01,,,,,,,,,,,,,,
world:entity:2026-05-27-midday-monitoring-snapshot,Entity,2026-05-27 Midday Monitoring Snapshot,2026-05-27 Midday Monitoring Snapshot,2026-05-27 Midday Monitoring Snapshot,,,,,,,entity,Entities,,,,,,,,,,,,,,,,2026-06-01,,,,,,,,,,,,,,
world:entity:2026-05-28-daily-monitoring-snapshot,Entity,2026-05-28 Daily Monitoring Snapshot,2026-05-28 Daily Monitoring Snapshot,2026-05-28 Daily Monitoring Snapshot,,,,,,,entity,Entities,,,,,,,,,,,,,,,,2026-06-01,,,,,,,,,,,,,,
world:entity:2026-05-28-fmp-earnings-calendar,Entity,2026-05-28_FMP_Earnings_Calendar,2026-05-28_FMP_Earnings_Calendar,2026-05-28_FMP_Earnings_Calendar,,,,,,,entity,Entities,,,,,,,,,,,,,,,,2026-06-01,,,,,,,,,,,,,,
world:entity:2026-05-28-fmp-economiccalendar,Entity,2026-05-28_FMP_EconomicCalendar,2026-05-28_FMP_EconomicCalendar,2026-05-28_FMP_EconomicCalendar,,,,,,,entity,Entities,,,,,,,,,,,,,,,,2026-06-01,,,,,,,,,,,,,,
world:entity:2026-05-28-fred-liquidity,Entity,2026-05-28_FRED_Liquidity,2026-05-28_FRED_Liquidity,2026-05-28_FRED_Liquidity,,,,,,,entity,Entities,,,,,,,,,,,,,,,,2026-06-01,,,,,,,,,,,,,,
world:entity:2026-05-28-midday-monitoring-snapshot,Entity,2026-05-28 Midday Monitoring Snapshot,2026-05-28 Midday Monitoring Snapshot,2026-05-28 Midday Monitoring Snapshot,,,,,,,entity,Entities,,,,,,,,,,,,,,,,2026-06-01,,,,,,,,,,,,,,
world:entity:2026-05-29-daily-monitoring-snapshot,Entity,2026-05-29 Daily Monitoring Snapshot,2026-05-29 Daily Monitoring Snapshot,2026-05-29 Daily Monitoring Snapshot,,,,,,,entity,Entities,,,,,,,,,,,,,,,,2026-06-01,,,,,,,,,,,,,,
world:entity:2026-05-29-midday-monitoring-snapshot,Entity,2026-05-29 Midday Monitoring Snapshot,2026-05-29 Midday Monitoring Snapshot,2026-05-29 Midday Monitoring Snapshot,,,,,,,entity,Entities,,,,,,,,,,,,,,,,2026-06-01,,,,,,,,,,,,,,
world:entity:2026-05-30-fmp-economiccalendar,Entity,2026-05-30_FMP_EconomicCalendar,2026-05-30_FMP_EconomicCalendar,2026-05-30_FMP_EconomicCalendar,,,,,,,entity,Entities,,,,,,,,,,,,,,,,2026-06-01,,,,,,,,,,,,,,
world:entity:2026-05-30-fred-liquidity,Entity,2026-05-30_FRED_Liquidity,2026-05-30_FRED_Liquidity,2026-05-30_FRED_Liquidity,,,,,,,entity,Entities,,,,,,,,,,,,,,,,2026-06-01,,,,,,,,,,,,,,
world:entity:2026-06-01-midday-monitoring-snapshot,Entity,2026-06-01 Midday Monitoring Snapshot,2026-06-01 Midday Monitoring Snapshot,2026-06-01 Midday Monitoring Snapshot,,,,,,,entity,Entities,,,,,,,,,,,,,,,,2026-06-01,,,,,,,,,,,,,,
world:entity:a-robot-economy-who-gets-rich-who-gets-left-behind,Entity,"A Robot Economy_ Who Gets Rich, Who Gets Left Behind","A Robot Economy_ Who Gets Rich, Who Gets Left Behind","A Robot Economy_ Who Gets Rich, Who Gets Left Behind",,,,,,,entity,Entities,,,,,,,,,,,,,,,,2026-06-01,,,,,,,,,,,,,,
world:entity:affordability-pressure,Entity,Affordability Pressure,Affordability Pressure,Affordability Pressure,,,,,,,entity,Entities,,,,,,,,,,,,,,,,2026-06-01,,,,,,,,,,,,,,
world:entity:agency,Entity,{{Agency}},{{Agency}},{{Agency}},,,,,,,entity,Entities,,,,,,,,,,,,,,,,2026-06-01,,,,,,,,,,,,,,
world:entity:agriculture,Entity,Agriculture,Agriculture,Agriculture,,,,,,,entity,Entities,,,,,,,,,,,,,,,,2026-06-01,,,,,,,,,,,,,,
world:entity:ai-chip-demand,Entity,AI Chip Demand,AI Chip Demand,AI Chip Demand,,,,,,,entity,Entities,,,,,,,,,,,,,,,,2026-06-01,,,,,,,,,,,,,,
world:entity:ai-coding-agents,Entity,AI Coding Agents,AI Coding Agents,AI Coding Agents,,,,,,,entity,Entities,,,,,,,,,,,,,,,,2026-06-01,,,,,,,,,,,,,,
world:entity:ai-data-center-power-demand,Entity,AI Data Center Power Demand,AI Data Center Power Demand,AI Data Center Power Demand,,,,,,,entity,Entities,,,,,,,,,,,,,,,,2026-06-01,,,,,,,,,,,,,,
world:entity:ai-infrastructure-and-cyber-risk,Entity,AI Infrastructure and Cyber Risk,AI Infrastructure and Cyber Risk,AI Infrastructure and Cyber Risk,,,,,,,entity,Entities,,,,,,,,,,,,,,,,2026-06-01,,,,,,,,,,,,,,
world:entity:ai-infrastructure-buildout,Entity,AI Infrastructure Buildout,AI Infrastructure Buildout,AI Infrastructure Buildout,,,,,,,entity,Entities,,,,,,,,,,,,,,,,2026-06-01,,,,,,,,,,,,,,
world:entity:allied-procurement,Entity,Allied Procurement,Allied Procurement,Allied Procurement,,,,,,,entity,Entities,,,,,,,,,,,,,,,,2026-06-01,,,,,,,,,,,,,,
world:entity:alzheimers-disease-modification,Entity,Alzheimers Disease Modification,Alzheimers Disease Modification,Alzheimers Disease Modification,,,,,,,entity,Entities,,,,,,,,,,,,,,,,2026-06-01,,,,,,,,,,,,,,
world:entity:amyloid-pet-adoption,Entity,Amyloid PET Adoption,Amyloid PET Adoption,Amyloid PET Adoption,,,,,,,entity,Entities,,,,,,,,,,,,,,,,2026-06-01,,,,,,,,,,,,,,
world:entity:an-ai-ipo-impact-update-the-anthropix-effect-may-be-5-trillion,Entity,An AI IPO Impact Update_ The AnthroPix Effect May Be $5-Trillion+,An AI IPO Impact Update_ The AnthroPix Effect May Be $5-Trillion+,An AI IPO Impact Update_ The AnthroPix Effect May Be $5-Trillion+,,,,,,,entity,Entities,,,,,,,,,,,,,,,,2026-06-01,,,,,,,,,,,,,,
world:entity:artificial-intelligence-and-quarterly-earnings-reports,Entity,Artificial Intelligence and Quarterly Earnings Reports,Artificial Intelligence and Quarterly Earnings Reports,Artificial Intelligence and Quarterly Earnings Reports,,,,,,,entity,Entities,,,,,,,,,,,,,,,,2026-06-01,,,,,,,,,,,,,,
world:entity:australia,Entity,Australia,Australia,Australia,,,,,,,entity,Entities,,,,,,,,,,,,,,,,2026-06-01,,,,,,,,,,,,,,
world:entity:b200s-or-b-2s,Entity,B200s Or B-2s_,B200s Or B-2s_,B200s Or B-2s_,,,,,,,entity,Entities,,,,,,,,,,,,,,,,2026-06-01,,,,,,,,,,,,,,
world:entity:barda-contract-awards,Entity,BARDA Contract Awards,BARDA Contract Awards,BARDA Contract Awards,,,,,,,entity,Entities,,,,,,,,,,,,,,,,2026-06-01,,,,,,,,,,,,,,
world:entity:base-editing-phase-2-data,Entity,Base Editing Phase 2 Data,Base Editing Phase 2 Data,Base Editing Phase 2 Data,,,,,,,entity,Entities,,,,,,,,,,,,,,,,2026-06-01,,,,,,,,,,,,,,
world:entity:bauer-kahan-rebecca-ca-assembly,Entity,"Bauer-Kahan, Rebecca (CA-Assembly)","Bauer-Kahan, Rebecca (CA-Assembly)","Bauer-Kahan, Rebecca (CA-Assembly)",,,,,,,entity,Entities,,,,,,,,,,,,,,,,2026-06-01,,,,,,,,,,,,,,
world:entity:behavioral-finance-strategy,Entity,Behavioral Finance Strategy,Behavioral Finance Strategy,Behavioral Finance Strategy,,,,,,,entity,Entities,,,,,,,,,,,,,,,,2026-06-01,,,,,,,,,,,,,,
world:entity:bellingcat-adsb-history,Entity,Bellingcat-ADSB-History,Bellingcat-ADSB-History,Bellingcat-ADSB-History,,,,,,,entity,Entities,,,,,,,,,,,,,,,,2026-06-01,,,,,,,,,,,,,,
world:entity:bellingcat-autoarchiver,Entity,Bellingcat-AutoArchiver,Bellingcat-AutoArchiver,Bellingcat-AutoArchiver,,,,,,,entity,Entities,,,,,,,,,,,,,,,,2026-06-01,,,,,,,,,,,,,,
world:entity:bess-deployment-gwh,Entity,BESS Deployment GWh,BESS Deployment GWh,BESS Deployment GWh,,,,,,,entity,Entities,,,,,,,,,,,,,,,,2026-06-01,,,,,,,,,,,,,,
world:entity:beta-sam-search,Entity,Beta_SAM_Search,Beta_SAM_Search,Beta_SAM_Search,,,,,,,entity,Entities,,,,,,,,,,,,,,,,2026-06-01,,,,,,,,,,,,,,
world:entity:beyond-meta,Entity,Beyond META,Beyond META,Beyond META,,,,,,,entity,Entities,,,,,,,,,,,,,,,,2026-06-01,,,,,,,,,,,,,,
world:entity:bill-companion-or-related-bill,Entity,Bill: {{Companion or Related Bill}},Bill: {{Companion or Related Bill}},Bill: {{Companion or Related Bill}},,,,,,,entity,Entities,,,,,,,,,,,,,,,,2026-06-01,,,,,,,,,,,,,,
world:entity:bill-number-title,Entity,{{Bill Number}}: {{Title}},{{Bill Number}}: {{Title}},{{Bill Number}}: {{Title}},,,,,,,entity,Entities,,,,,,,,,,,,,,,,2026-06-01,,,,,,,,,,,,,,
world:entity:bill-related-bill,Entity,Bill: {{Related Bill}},Bill: {{Related Bill}},Bill: {{Related Bill}},,,,,,,entity,Entities,,,,,,,,,,,,,,,,2026-06-01,,,,,,,,,,,,,,
world:entity:bill-title,Entity,{{Bill Title}},{{Bill Title}},{{Bill Title}},,,,,,,entity,Entities,,,,,,,,,,,,,,,,2026-06-01,,,,,,,,,,,,,,
world:entity:bioengineered-food-research-velocity,Entity,Bioengineered Food Research Velocity,Bioengineered Food Research Velocity,Bioengineered Food Research Velocity,,,,,,,entity,Entities,,,,,,,,,,,,,,,,2026-06-01,,,,,,,,,,,,,,
world:entity:biosecurity-spending,Entity,Biosecurity Spending,Biosecurity Spending,Biosecurity Spending,,,,,,,entity,Entities,,,,,,,,,,,,,,,,2026-06-01,,,,,,,,,,,,,,
world:entity:biotechnology,Entity,Biotechnology,Biotechnology,Biotechnology,,,,,,,entity,Entities,,,,,,,,,,,,,,,,2026-06-01,,,,,,,,,,,,,,
world:entity:bitcoin,Entity,Bitcoin,Bitcoin,Bitcoin,,,,,,,entity,Entities,,,,,,,,,,,,,,,,2026-06-01,,,,,,,,,,,,,,
world:entity:bitcoin-price,Entity,Bitcoin Price,Bitcoin Price,Bitcoin Price,,,,,,,entity,Entities,,,,,,,,,,,,,,,,2026-06-01,,,,,,,,,,,,,,
world:entity:bito-vs-ibit-vs-fbtc,Entity,BITO vs IBIT vs FBTC,BITO vs IBIT vs FBTC,BITO vs IBIT vs FBTC,,,,,,,entity,Entities,,,,,,,,,,,,,,,,2026-06-01,,,,,,,,,,,,,,
world:entity:branch,Entity,{{BRANCH}},{{BRANCH}},{{BRANCH}},,,,,,,entity,Entities,,,,,,,,,,,,,,,,2026-06-01,,,,,,,,,,,,,,
world:entity:branch-a,Entity,{{BRANCH_A}},{{BRANCH_A}},{{BRANCH_A}},,,,,,,entity,Entities,,,,,,,,,,,,,,,,2026-06-01,,,,,,,,,,,,,,
world:entity:branch-b,Entity,{{BRANCH_B}},{{BRANCH_B}},{{BRANCH_B}},,,,,,,entity,Entities,,,,,,,,,,,,,,,,2026-06-01,,,,,,,,,,,,,,
world:entity:branch-c,Entity,{{BRANCH_C}},{{BRANCH_C}},{{BRANCH_C}},,,,,,,entity,Entities,,,,,,,,,,,,,,,,2026-06-01,,,,,,,,,,,,,,
world:entity:branch-d,Entity,{{BRANCH_D}},{{BRANCH_D}},{{BRANCH_D}},,,,,,,entity,Entities,,,,,,,,,,,,,,,,2026-06-01,,,,,,,,,,,,,,
world:entity:breadth-divergence,Entity,Breadth Divergence,Breadth Divergence,Breadth Divergence,,,,,,,entity,Entities,,,,,,,,,,,,,,,,2026-06-01,,,,,,,,,,,,,,
world:entity:briefings,Entity,Briefings,Briefings,Briefings,,,,,,,entity,Entities,,,,,,,,,,,,,,,,2026-06-01,,,,,,,,,,,,,,
world:entity:builder-confidence-index,Entity,Builder Confidence Index,Builder Confidence Index,Builder Confidence Index,,,,,,,entity,Entities,,,,,,,,,,,,,,,,2026-06-01,,,,,,,,,,,,,,
world:entity:building-permits-permit,Entity,Building Permits PERMIT,Building Permits PERMIT,Building Permits PERMIT,,,,,,,entity,Entities,,,,,,,,,,,,,,,,2026-06-01,,,,,,,,,,,,,,
world:entity:canada,Entity,Canada,Canada,Canada,,,,,,,entity,Entities,,,,,,,,,,,,,,,,2026-06-01,,,,,,,,,,,,,,
world:entity:capital-raise-activity,Entity,Capital Raise Activity,Capital Raise Activity,Capital Raise Activity,,,,,,,entity,Entities,,,,,,,,,,,,,,,,2026-06-01,,,,,,,,,,,,,,
world:entity:capital-raises,Entity,Capital Raises,Capital Raises,Capital Raises,,,,,,,entity,Entities,,,,,,,,,,,,,,,,2026-06-01,,,,,,,,,,,,,,
world:entity:central-bank-gold-purchases,Entity,Central Bank Gold Purchases,Central Bank Gold Purchases,Central Bank Gold Purchases,,,,,,,entity,Entities,,,,,,,,,,,,,,,,2026-06-01,,,,,,,,,,,,,,
world:entity:checkmate,Entity,Checkmate,Checkmate,Checkmate,,,,,,,entity,Entities,,,,,,,,,,,,,,,,2026-06-01,,,,,,,,,,,,,,
world:entity:chips-act-disbursements,Entity,CHIPS Act Disbursements,CHIPS Act Disbursements,CHIPS Act Disbursements,,,,,,,entity,Entities,,,,,,,,,,,,,,,,2026-06-01,,,,,,,,,,,,,,
world:entity:chokepoint,Entity,Chokepoint,Chokepoint,Chokepoint,,,,,,,entity,Entities,,,,,,,,,,,,,,,,2026-06-01,,,,,,,,,,,,,,
world:entity:clean-energy,Entity,Clean Energy,Clean Energy,Clean Energy,,,,,,,entity,Entities,,,,,,,,,,,,,,,,2026-06-01,,,,,,,,,,,,,,
world:entity:client-company,Entity,{{Client Company}},{{Client Company}},{{Client Company}},,,,,,,entity,Entities,,,,,,,,,,,,,,,,2026-06-01,,,,,,,,,,,,,,
world:entity:clinical-trial-enrollment,Entity,Clinical Trial Enrollment,Clinical Trial Enrollment,Clinical Trial Enrollment,,,,,,,entity,Entities,,,,,,,,,,,,,,,,2026-06-01,,,,,,,,,,,,,,
world:entity:clinicaltrials-amr-pipeline,Entity,ClinicalTrials AMR Pipeline,ClinicalTrials AMR Pipeline,ClinicalTrials AMR Pipeline,,,,,,,entity,Entities,,,,,,,,,,,,,,,,2026-06-01,,,,,,,,,,,,,,
world:entity:cms-coverage-expansion,Entity,CMS Coverage Expansion,CMS Coverage Expansion,CMS Coverage Expansion,,,,,,,entity,Entities,,,,,,,,,,,,,,,,2026-06-01,,,,,,,,,,,,,,
world:entity:commercial-launch-cadence,Entity,Commercial Launch Cadence,Commercial Launch Cadence,Commercial Launch Cadence,,,,,,,entity,Entities,,,,,,,,,,,,,,,,2026-06-01,,,,,,,,,,,,,,
world:entity:committee-name,Entity,{{Committee Name}},{{Committee Name}},{{Committee Name}},,,,,,,entity,Entities,,,,,,,,,,,,,,,,2026-06-01,,,,,,,,,,,,,,
world:entity:company-name,Entity,{{Company Name}},{{Company Name}},{{Company Name}},,,,,,,entity,Entities,,,,,,,,,,,,,,,,2026-06-01,,,,,,,,,,,,,,
world:entity:competing-lobbying-firm,Entity,{{Competing Lobbying Firm}},{{Competing Lobbying Firm}},{{Competing Lobbying Firm}},,,,,,,entity,Entities,,,,,,,,,,,,,,,,2026-06-01,,,,,,,,,,,,,,
world:entity:competing-pac,Entity,{{Competing PAC}},{{Competing PAC}},{{Competing PAC}},,,,,,,entity,Entities,,,,,,,,,,,,,,,,2026-06-01,,,,,,,,,,,,,,
world:entity:competing-recipient,Entity,{{Competing Recipient}},{{Competing Recipient}},{{Competing Recipient}},,,,,,,entity,Entities,,,,,,,,,,,,,,,,2026-06-01,,,,,,,,,,,,,,
world:entity:competitor-company-spending-profile,Entity,{{Competitor Company Spending Profile}},{{Competitor Company Spending Profile}},{{Competitor Company Spending Profile}},,,,,,,entity,Entities,,,,,,,,,,,,,,,,2026-06-01,,,,,,,,,,,,,,
world:entity:cor1m,Entity,COR1M,COR1M,COR1M,,,,,,,entity,Entities,,,,,,,,,,,,,,,,2026-06-01,,,,,,,,,,,,,,
world:entity:core-pce,Entity,Core PCE,Core PCE,Core PCE,,,,,,,entity,Entities,,,,,,,,,,,,,,,,2026-06-01,,,,,,,,,,,,,,
world:entity:counter-hypersonic-contracts,Entity,Counter-Hypersonic Contracts,Counter-Hypersonic Contracts,Counter-Hypersonic Contracts,,,,,,,entity,Entities,,,,,,,,,,,,,,,,2026-06-01,,,,,,,,,,,,,,
world:entity:crispr-approvals,Entity,CRISPR Approvals,CRISPR Approvals,CRISPR Approvals,,,,,,,entity,Entities,,,,,,,,,,,,,,,,2026-06-01,,,,,,,,,,,,,,
world:entity:crop-input-costs,Entity,Crop Input Costs,Crop Input Costs,Crop Input Costs,,,,,,,entity,Entities,,,,,,,,,,,,,,,,2026-06-01,,,,,,,,,,,,,,
world:entity:crypto-policy-capture-strategies,Entity,Crypto Policy Capture Strategies,Crypto Policy Capture Strategies,Crypto Policy Capture Strategies,,,,,,,entity,Entities,,,,,,,,,,,,,,,,2026-06-01,,,,,,,,,,,,,,
world:entity:cryptographic-migration-timeline,Entity,Cryptographic Migration Timeline,Cryptographic Migration Timeline,Cryptographic Migration Timeline,,,,,,,entity,Entities,,,,,,,,,,,,,,,,2026-06-01,,,,,,,,,,,,,,
world:entity:darpa-contract-awards,Entity,DARPA Contract Awards,DARPA Contract Awards,DARPA Contract Awards,,,,,,,entity,Entities,,,,,,,,,,,,,,,,2026-06-01,,,,,,,,,,,,,,
world:entity:data-center-power-demand-gw,Entity,Data Center Power Demand GW,Data Center Power Demand GW,Data Center Power Demand GW,,,,,,,entity,Entities,,,,,,,,,,,,,,,,2026-06-01,,,,,,,,,,,,,,
world:entity:defense-budget-supercycle,Entity,Defense Budget Supercycle,Defense Budget Supercycle,Defense Budget Supercycle,,,,,,,entity,Entities,,,,,,,,,,,,,,,,2026-06-01,,,,,,,,,,,,,,
world:entity:defense-policy-spending-tailwinds,Entity,Defense - Policy & Spending Tailwinds,Defense - Policy & Spending Tailwinds,Defense - Policy & Spending Tailwinds,,,,,,,entity,Entities,,,,,,,,,,,,,,,,2026-06-01,,,,,,,,,,,,,,
world:entity:does-the-eu-mercosur-deal-help-or-hurt-brazil-s-ai-ambitions,Entity,Does the EU-Mercosur deal help or hurt Brazilâ€™s AI ambitions_,Does the EU-Mercosur deal help or hurt Brazilâ€™s AI ambitions_,Does the EU-Mercosur deal help or hurt Brazilâ€™s AI ambitions_,,,,,,,entity,Entities,,,,,,,,,,,,,,,,2026-06-01,,,,,,,,,,,,,,
world:entity:dollar-debasement,Entity,Dollar Debasement,Dollar Debasement,Dollar Debasement,,,,,,,entity,Entities,,,,,,,,,,,,,,,,2026-06-01,,,,,,,,,,,,,,
world:entity:donanemab-revenue,Entity,Donanemab Revenue,Donanemab Revenue,Donanemab Revenue,,,,,,,entity,Entities,,,,,,,,,,,,,,,,2026-06-01,,,,,,,,,,,,,,
world:entity:economic-well-being-of-u-s-households-in-2025-fact-sheet,Entity,Economic Well-Being of U.S. Households in 2025 Fact Sheet,Economic Well-Being of U.S. Households in 2025 Fact Sheet,Economic Well-Being of U.S. Households in 2025 Fact Sheet,,,,,,,entity,Entities,,,,,,,,,,,,,,,,2026-06-01,,,,,,,,,,,,,,
world:entity:eia-electricity,Entity,EIA_Electricity,EIA_Electricity,EIA_Electricity,,,,,,,entity,Entities,,,,,,,,,,,,,,,,2026-06-01,,,,,,,,,,,,,,
world:entity:endgame,Entity,Endgame,Endgame,Endgame,,,,,,,entity,Entities,,,,,,,,,,,,,,,,2026-06-01,,,,,,,,,,,,,,
world:entity:energy-indicator,Entity,{{ENERGY_INDICATOR}},{{ENERGY_INDICATOR}},{{ENERGY_INDICATOR}},,,,,,,entity,Entities,,,,,,,,,,,,,,,,2026-06-01,,,,,,,,,,,,,,
world:entity:energy-security,Entity,Energy Security,Energy Security,Energy Security,,,,,,,entity,Entities,,,,,,,,,,,,,,,,2026-06-01,,,,,,,,,,,,,,
world:entity:energy-transition,Entity,Energy Transition,Energy Transition,Energy Transition,,,,,,,entity,Entities,,,,,,,,,,,,,,,,2026-06-01,,,,,,,,,,,,,,
world:entity:entity-a,Entity,{{ENTITY_A}},{{ENTITY_A}},{{ENTITY_A}},,,,,,,entity,Entities,,,,,,,,,,,,,,,,2026-06-01,,,,,,,,,,,,,,
world:entity:entropy-levels-for-agent-orchestration,Entity,Entropy Levels for Agent Orchestration,Entropy Levels for Agent Orchestration,Entropy Levels for Agent Orchestration,,,,,,,entity,Entities,,,,,,,,,,,,,,,,2026-06-01,,,,,,,,,,,,,,
world:entity:entropy-strategy-monitoring-cheat-sheet,Entity,Entropy Strategy Monitoring Cheat Sheet,Entropy Strategy Monitoring Cheat Sheet,Entropy Strategy Monitoring Cheat Sheet,,,,,,,entity,Entities,,,,,,,,,,,,,,,,2026-06-01,,,,,,,,,,,,,,
world:entity:equipment-backlog,Entity,Equipment Backlog,Equipment Backlog,Equipment Backlog,,,,,,,entity,Entities,,,,,,,,,,,,,,,,2026-06-01,,,,,,,,,,,,,,
world:entity:eurobonds-despite-objections-they-are-more-needed-than-ever,Entity,"Eurobonds_ Despite objections, they are more needed than ever","Eurobonds_ Despite objections, they are more needed than ever","Eurobonds_ Despite objections, they are more needed than ever",,,,,,,entity,Entities,,,,,,,,,,,,,,,,2026-06-01,,,,,,,,,,,,,,
world:entity:event-map,Entity,event map,event map,event map,,,,,,,entity,Entities,,,,,,,,,,,,,,,,2026-06-01,,,,,,,,,,,,,,
world:entity:event-research-freshness-note,Entity,Event Research Freshness Note,Event Research Freshness Note,Event Research Freshness Note,,,,,,,entity,Entities,,,,,,,,,,,,,,,,2026-06-01,,,,,,,,,,,,,,
world:entity:export-control-escalation,Entity,Export Control Escalation,Export Control Escalation,Export Control Escalation,,,,,,,entity,Entities,,,,,,,,,,,,,,,,2026-06-01,,,,,,,,,,,,,,
world:entity:fab-construction-starts,Entity,Fab Construction Starts,Fab Construction Starts,Fab Construction Starts,,,,,,,entity,Entities,,,,,,,,,,,,,,,,2026-06-01,,,,,,,,,,,,,,
world:entity:factory-automation-orders,Entity,Factory Automation Orders,Factory Automation Orders,Factory Automation Orders,,,,,,,entity,Entities,,,,,,,,,,,,,,,,2026-06-01,,,,,,,,,,,,,,
world:entity:false-floor,Entity,False Floor,False Floor,False Floor,,,,,,,entity,Entities,,,,,,,,,,,,,,,,2026-06-01,,,,,,,,,,,,,,
world:entity:fda-aging-as-disease-recognition,Entity,FDA Aging as Disease Recognition,FDA Aging as Disease Recognition,FDA Aging as Disease Recognition,,,,,,,entity,Entities,,,,,,,,,,,,,,,,2026-06-01,,,,,,,,,,,,,,
world:entity:fda-nda-filings,Entity,FDA NDA Filings,FDA NDA Filings,FDA NDA Filings,,,,,,,entity,Entities,,,,,,,,,,,,,,,,2026-06-01,,,,,,,,,,,,,,
world:entity:fda-open-data-drugs-fda,Entity,FDA open data Drugs@FDA,FDA open data Drugs@FDA,FDA open data Drugs@FDA,,,,,,,entity,Entities,,,,,,,,,,,,,,,,2026-06-01,,,,,,,,,,,,,,
world:entity:fda-qidp-designations,Entity,FDA QIDP Designations,FDA QIDP Designations,FDA QIDP Designations,,,,,,,entity,Entities,,,,,,,,,,,,,,,,2026-06-01,,,,,,,,,,,,,,
world:entity:firm-name,Entity,{{Firm Name}},{{Firm Name}},{{Firm Name}},,,,,,,entity,Entities,,,,,,,,,,,,,,,,2026-06-01,,,,,,,,,,,,,,
world:entity:fiscal-dominance,Entity,Fiscal Dominance,Fiscal Dominance,Fiscal Dominance,,,,,,,entity,Entities,,,,,,,,,,,,,,,,2026-06-01,,,,,,,,,,,,,,
world:entity:fiscal-duration-and-ai-systemic-risk,Entity,Fiscal Duration and AI Systemic Risk,Fiscal Duration and AI Systemic Risk,Fiscal Duration and AI Systemic Risk,,,,,,,entity,Entities,,,,,,,,,,,,,,,,2026-06-01,,,,,,,,,,,,,,
world:entity:fiscal-regime,Entity,{{FISCAL_REGIME}},{{FISCAL_REGIME}},{{FISCAL_REGIME}},,,,,,,entity,Entities,,,,,,,,,,,,,,,,2026-06-01,,,,,,,,,,,,,,
world:entity:float,Entity,Float,Float,Float,,,,,,,entity,Entities,,,,,,,,,,,,,,,,2026-06-01,,,,,,,,,,,,,,
world:entity:fmp-premium,Entity,FMP Premium,FMP Premium,FMP Premium,,,,,,,entity,Entities,,,,,,,,,,,,,,,,2026-06-01,,,,,,,,,,,,,,
world:entity:food-inflation,Entity,Food Inflation,Food Inflation,Food Inflation,,,,,,,entity,Entities,,,,,,,,,,,,,,,,2026-06-01,,,,,,,,,,,,,,
world:entity:food-systems,Entity,Food Systems,Food Systems,Food Systems,,,,,,,entity,Entities,,,,,,,,,,,,,,,,2026-06-01,,,,,,,,,,,,,,
world:entity:fx-regime,Entity,{{FX_REGIME}},{{FX_REGIME}},{{FX_REGIME}},,,,,,,entity,Entities,,,,,,,,,,,,,,,,2026-06-01,,,,,,,,,,,,,,
world:entity:gamma-and-momentum-a-recipe-for-spikes-and-tears,Entity,Gamma And Momentum_ A Recipe For Spikes And Tears,Gamma And Momentum_ A Recipe For Spikes And Tears,Gamma And Momentum_ A Recipe For Spikes And Tears,,,,,,,entity,Entities,,,,,,,,,,,,,,,,2026-06-01,,,,,,,,,,,,,,
world:entity:gamma-squeeze,Entity,Gamma Squeeze,Gamma Squeeze,Gamma Squeeze,,,,,,,entity,Entities,,,,,,,,,,,,,,,,2026-06-01,,,,,,,,,,,,,,
world:entity:gene-editing,Entity,Gene Editing,Gene Editing,Gene Editing,,,,,,,entity,Entities,,,,,,,,,,,,,,,,2026-06-01,,,,,,,,,,,,,,
world:entity:geroscience-publication-velocity,Entity,GeroScience Publication Velocity,GeroScience Publication Velocity,GeroScience Publication Velocity,,,,,,,entity,Entities,,,,,,,,,,,,,,,,2026-06-01,,,,,,,,,,,,,,
world:entity:glp-1-prescriptions,Entity,GLP-1 Prescriptions,GLP-1 Prescriptions,GLP-1 Prescriptions,,,,,,,entity,Entities,,,,,,,,,,,,,,,,2026-06-01,,,,,,,,,,,,,,
world:entity:gold-bugs-faulty-thesis-m2-and-inflation,Entity,Gold Bugs Faulty Thesis_ M2 and Inflation,Gold Bugs Faulty Thesis_ M2 and Inflation,Gold Bugs Faulty Thesis_ M2 and Inflation,,,,,,,entity,Entities,,,,,,,,,,,,,,,,2026-06-01,,,,,,,,,,,,,,
world:entity:gold-spot-price,Entity,Gold Spot Price,Gold Spot Price,Gold Spot Price,,,,,,,entity,Entities,,,,,,,,,,,,,,,,2026-06-01,,,,,,,,,,,,,,
world:entity:goldman-flags-troubling-mortgage-delinquency-rise-across-this-u-s-region,Entity,Goldman Flags Troubling Mortgage Delinquency Rise Across This U.S. Region,Goldman Flags Troubling Mortgage Delinquency Rise Across This U.S. Region,Goldman Flags Troubling Mortgage Delinquency Rise Across This U.S. Region,,,,,,,entity,Entities,,,,,,,,,,,,,,,,2026-06-01,,,,,,,,,,,,,,
world:entity:government-contact,Entity,{{Government Contact}},{{Government Contact}},{{Government Contact}},,,,,,,entity,Entities,,,,,,,,,,,,,,,,2026-06-01,,,,,,,,,,,,,,
world:entity:government-qc-contracts,Entity,Government QC Contracts,Government QC Contracts,Government QC Contracts,,,,,,,entity,Entities,,,,,,,,,,,,,,,,2026-06-01,,,,,,,,,,,,,,
world:entity:government-spending-cuts,Entity,Government Spending Cuts,Government Spending Cuts,Government Spending Cuts,,,,,,,entity,Entities,,,,,,,,,,,,,,,,2026-06-01,,,,,,,,,,,,,,
world:entity:grid-interconnection-queue,Entity,Grid Interconnection Queue,Grid Interconnection Queue,Grid Interconnection Queue,,,,,,,entity,Entities,,,,,,,,,,,,,,,,2026-06-01,,,,,,,,,,,,,,
world:entity:grid-resilience-investment,Entity,Grid Resilience Investment,Grid Resilience Investment,Grid Resilience Investment,,,,,,,entity,Entities,,,,,,,,,,,,,,,,2026-06-01,,,,,,,,,,,,,,
world:entity:grid-storage,Entity,Grid Storage,Grid Storage,Grid Storage,,,,,,,entity,Entities,,,,,,,,,,,,,,,,2026-06-01,,,,,,,,,,,,,,
world:entity:hacm-test-milestones,Entity,HACM Test Milestones,HACM Test Milestones,HACM Test Milestones,,,,,,,entity,Entities,,,,,,,,,,,,,,,,2026-06-01,,,,,,,,,,,,,,
world:entity:hard-asset-carry,Entity,Hard Asset Carry,Hard Asset Carry,Hard Asset Carry,,,,,,,entity,Entities,,,,,,,,,,,,,,,,2026-06-01,,,,,,,,,,,,,,
world:entity:healthcare-conviction-momentum-queue,Entity,Healthcare Conviction Momentum Queue,Healthcare Conviction Momentum Queue,Healthcare Conviction Momentum Queue,,,,,,,entity,Entities,,,,,,,,,,,,,,,,2026-06-01,,,,,,,,,,,,,,
world:entity:home-price-index-csushpisa,Entity,Home Price Index CSUSHPISA,Home Price Index CSUSHPISA,Home Price Index CSUSHPISA,,,,,,,entity,Entities,,,,,,,,,,,,,,,,2026-06-01,,,,,,,,,,,,,,
world:entity:housing,Entity,Housing,Housing,Housing,,,,,,,entity,Entities,,,,,,,,,,,,,,,,2026-06-01,,,,,,,,,,,,,,
world:entity:housing-policy-spending-risk,Entity,Housing - Policy & Spending Risk,Housing - Policy & Spending Risk,Housing - Policy & Spending Risk,,,,,,,entity,Entities,,,,,,,,,,,,,,,,2026-06-01,,,,,,,,,,,,,,
world:entity:housing-starts-houst,Entity,Housing Starts HOUST,Housing Starts HOUST,Housing Starts HOUST,,,,,,,entity,Entities,,,,,,,,,,,,,,,,2026-06-01,,,,,,,,,,,,,,
world:entity:housing-supply-crisis,Entity,Housing Supply Crisis,Housing Supply Crisis,Housing Supply Crisis,,,,,,,entity,Entities,,,,,,,,,,,,,,,,2026-06-01,,,,,,,,,,,,,,
world:entity:how-asml-took-over-the-world,Entity,How ASML took over the world,How ASML took over the world,How ASML took over the world,,,,,,,entity,Entities,,,,,,,,,,,,,,,,2026-06-01,,,,,,,,,,,,,,
world:entity:humanoid-unit-deployments,Entity,Humanoid Unit Deployments,Humanoid Unit Deployments,Humanoid Unit Deployments,,,,,,,entity,Entities,,,,,,,,,,,,,,,,2026-06-01,,,,,,,,,,,,,,
world:entity:hyperscaler-capex,Entity,Hyperscaler Capex,Hyperscaler Capex,Hyperscaler Capex,,,,,,,entity,Entities,,,,,,,,,,,,,,,,2026-06-01,,,,,,,,,,,,,,
world:entity:hypersonic-program-budget,Entity,Hypersonic Program Budget,Hypersonic Program Budget,Hypersonic Program Budget,,,,,,,entity,Entities,,,,,,,,,,,,,,,,2026-06-01,,,,,,,,,,,,,,
world:entity:hypersonics,Entity,Hypersonics,Hypersonics,Hypersonics,,,,,,,entity,Entities,,,,,,,,,,,,,,,,2026-06-01,,,,,,,,,,,,,,
world:entity:icij-offshoreleaksdb,Entity,ICIJ-OffshoreleaksDB,ICIJ-OffshoreleaksDB,ICIJ-OffshoreleaksDB,,,,,,,entity,Entities,,,,,,,,,,,,,,,,2026-06-01,,,,,,,,,,,,,,
world:entity:iea-revises-2026-forecast-global-oil-supply-to-plunge-below-demand-this-year,Entity,IEA Revises 2026 Forecast_ Global Oil Supply To Plunge Below Demand This Year,IEA Revises 2026 Forecast_ Global Oil Supply To Plunge Below Demand This Year,IEA Revises 2026 Forecast_ Global Oil Supply To Plunge Below Demand This Year,,,,,,,entity,Entities,,,,,,,,,,,,,,,,2026-06-01,,,,,,,,,,,,,,
world:entity:in-vivo-editing-trials,Entity,In Vivo Editing Trials,In Vivo Editing Trials,In Vivo Editing Trials,,,,,,,entity,Entities,,,,,,,,,,,,,,,,2026-06-01,,,,,,,,,,,,,,
world:entity:inbox-ingestion-batch-2026-05-25,Entity,Inbox Ingestion Batch - 2026-05-25,Inbox Ingestion Batch - 2026-05-25,Inbox Ingestion Batch - 2026-05-25,,,,,,,entity,Entities,,,,,,,,,,,,,,,,2026-06-01,,,,,,,,,,,,,,
world:entity:indicator-a,Entity,{{INDICATOR_A}},{{INDICATOR_A}},{{INDICATOR_A}},,,,,,,entity,Entities,,,,,,,,,,,,,,,,2026-06-01,,,,,,,,,,,,,,
world:entity:indicator-b,Entity,{{INDICATOR_B}},{{INDICATOR_B}},{{INDICATOR_B}},,,,,,,entity,Entities,,,,,,,,,,,,,,,,2026-06-01,,,,,,,,,,,,,,
world:entity:indicator-c,Entity,{{INDICATOR_C}},{{INDICATOR_C}},{{INDICATOR_C}},,,,,,,entity,Entities,,,,,,,,,,,,,,,,2026-06-01,,,,,,,,,,,,,,
world:entity:indicator-d,Entity,{{INDICATOR_D}},{{INDICATOR_D}},{{INDICATOR_D}},,,,,,,entity,Entities,,,,,,,,,,,,,,,,2026-06-01,,,,,,,,,,,,,,
world:entity:indicator-e,Entity,{{INDICATOR_E}},{{INDICATOR_E}},{{INDICATOR_E}},,,,,,,entity,Entities,,,,,,,,,,,,,,,,2026-06-01,,,,,,,,,,,,,,
world:entity:indicator-or-pattern,Entity,Indicator or pattern,Indicator or pattern,Indicator or pattern,,,,,,,entity,Entities,,,,,,,,,,,,,,,,2026-06-01,,,,,,,,,,,,,,
world:entity:industrial-policy,Entity,Industrial Policy,Industrial Policy,Industrial Policy,,,,,,,entity,Entities,,,,,,,,,,,,,,,,2026-06-01,,,,,,,,,,,,,,
world:entity:inflation-regime,Entity,{{INFLATION_REGIME}},{{INFLATION_REGIME}},{{INFLATION_REGIME}},,,,,,,entity,Entities,,,,,,,,,,,,,,,,2026-06-01,,,,,,,,,,,,,,
world:entity:inflation-resurgence,Entity,Inflation Resurgence,Inflation Resurgence,Inflation Resurgence,,,,,,,entity,Entities,,,,,,,,,,,,,,,,2026-06-01,,,,,,,,,,,,,,
world:entity:inflationelevated,Entity,InflationElevated,InflationElevated,InflationElevated,,,,,,,entity,Entities,,,,,,,,,,,,,,,,2026-06-01,,,,,,,,,,,,,,
world:entity:ira-incentives,Entity,IRA Incentives,IRA Incentives,IRA Incentives,,,,,,,entity,Entities,,,,,,,,,,,,,,,,2026-06-01,,,,,,,,,,,,,,
world:entity:ira-investment-tax-credit-utilization,Entity,IRA Investment Tax Credit Utilization,IRA Investment Tax Credit Utilization,IRA Investment Tax Credit Utilization,,,,,,,entity,Entities,,,,,,,,,,,,,,,,2026-06-01,,,,,,,,,,,,,,
world:entity:iran-hormuz-strait-escalation,Entity,Iran-Hormuz Strait Escalation,Iran-Hormuz Strait Escalation,Iran-Hormuz Strait Escalation,,,,,,,entity,Entities,,,,,,,,,,,,,,,,2026-06-01,,,,,,,,,,,,,,
world:entity:is-your-index-fund-really-diversified,Entity,Is Your Index Fund Really Diversified_,Is Your Index Fund Really Diversified_,Is Your Index Fund Really Diversified_,,,,,,,entity,Entities,,,,,,,,,,,,,,,,2026-06-01,,,,,,,,,,,,,,
world:entity:ism-manufacturing,Entity,ISM Manufacturing,ISM Manufacturing,ISM Manufacturing,,,,,,,entity,Entities,,,,,,,,,,,,,,,,2026-06-01,,,,,,,,,,,,,,
world:entity:israel,Entity,Israel,Israel,Israel,,,,,,,entity,Entities,,,,,,,,,,,,,,,,2026-06-01,,,,,,,,,,,,,,
world:entity:item,Entity,,,,,,,,,,entity,Entities,,,,,,,,,,,,,,,,2026-06-01,,,,,,,,,,,,,,
world:entity:jon-husted,Entity,Jon Husted,Jon Husted,Jon Husted,,,,,,,entity,Entities,,,,,,,,,,,,,,,,2026-06-01,,,,,,,,,,,,,,
world:entity:key-recipient,Entity,{{Key Recipient}},{{Key Recipient}},{{Key Recipient}},,,,,,,entity,Entities,,,,,,,,,,,,,,,,2026-06-01,,,,,,,,,,,,,,
world:entity:kwh,Entity,kWh,kWh,kWh,,,,,,,entity,Entities,,,,,,,,,,,,,,,,2026-06-01,,,,,,,,,,,,,,
world:entity:labor-shortage,Entity,Labor Shortage,Labor Shortage,Labor Shortage,,,,,,,entity,Entities,,,,,,,,,,,,,,,,2026-06-01,,,,,,,,,,,,,,
world:entity:lecanemab-prescriptions,Entity,Lecanemab Prescriptions,Lecanemab Prescriptions,Lecanemab Prescriptions,,,,,,,entity,Entities,,,,,,,,,,,,,,,,2026-06-01,,,,,,,,,,,,,,
world:entity:lobbying-firm,Entity,{{Lobbying Firm}},{{Lobbying Firm}},{{Lobbying Firm}},,,,,,,entity,Entities,,,,,,,,,,,,,,,,2026-06-01,,,,,,,,,,,,,,
world:entity:longevity,Entity,Longevity,Longevity,Longevity,,,,,,,entity,Entities,,,,,,,,,,,,,,,,2026-06-01,,,,,,,,,,,,,,
world:entity:macro-economics,Entity,Macro Economics,Macro Economics,Macro Economics,,,,,,,entity,Entities,,,,,,,,,,,,,,,,2026-06-01,,,,,,,,,,,,,,
world:entity:macro-to-strategy-signal-bridge,Entity,Macro-to-Strategy Signal Bridge,Macro-to-Strategy Signal Bridge,Macro-to-Strategy Signal Bridge,,,,,,,entity,Entities,,,,,,,,,,,,,,,,2026-06-01,,,,,,,,,,,,,,
world:entity:market-correction-risk-why-summer-2026-looks-risky,Entity,Market Correction Risk_ Why Summer 2026 Looks Risky,Market Correction Risk_ Why Summer 2026 Looks Risky,Market Correction Risk_ Why Summer 2026 Looks Risky,,,,,,,entity,Entities,,,,,,,,,,,,,,,,2026-06-01,,,,,,,,,,,,,,
world:entity:market-cycles,Entity,Market_Cycles,Market_Cycles,Market_Cycles,,,,,,,entity,Entities,,,,,,,,,,,,,,,,2026-06-01,,,,,,,,,,,,,,
world:entity:metabolic-disease,Entity,Metabolic Disease,Metabolic Disease,Metabolic Disease,,,,,,,entity,Entities,,,,,,,,,,,,,,,,2026-06-01,,,,,,,,,,,,,,
world:entity:micron-just-gave-chip-bulls-a-100-billion-stress-test,Entity,Micron just gave chip bulls a $100 billion stress test,Micron just gave chip bulls a $100 billion stress test,Micron just gave chip bulls a $100 billion stress test,,,,,,,entity,Entities,,,,,,,,,,,,,,,,2026-06-01,,,,,,,,,,,,,,
world:entity:middle-market-private-equity-reset,Entity,Middle-Market Private Equity Reset,Middle-Market Private Equity Reset,Middle-Market Private Equity Reset,,,,,,,entity,Entities,,,,,,,,,,,,,,,,2026-06-01,,,,,,,,,,,,,,
world:entity:monthly,Entity,Monthly,Monthly,Monthly,,,,,,,entity,Entities,,,,,,,,,,,,,,,,2026-06-01,,,,,,,,,,,,,,
world:entity:moving-average-crossover,Entity,Moving Average Crossover,Moving Average Crossover,Moving Average Crossover,,,,,,,entity,Entities,,,,,,,,,,,,,,,,2026-06-01,,,,,,,,,,,,,,
world:entity:ndaa-hypersonic-line-items,Entity,NDAA Hypersonic Line Items,NDAA Hypersonic Line Items,NDAA Hypersonic Line Items,,,,,,,entity,Entities,,,,,,,,,,,,,,,,2026-06-01,,,,,,,,,,,,,,
world:entity:neurology,Entity,Neurology,Neurology,Neurology,,,,,,,entity,Entities,,,,,,,,,,,,,,,,2026-06-01,,,,,,,,,,,,,,
world:entity:noaa-storm-events,Entity,NOAA Storm Events,NOAA Storm Events,NOAA Storm Events,,,,,,,entity,Entities,,,,,,,,,,,,,,,,2026-06-01,,,,,,,,,,,,,,
world:entity:note,Entity,note}},note}},note}},,,,,,,entity,Entities,,,,,,,,,,,,,,,,2026-06-01,,,,,,,,,,,,,,
world:entity:nrc-smr-approvals,Entity,NRC SMR Approvals,NRC SMR Approvals,NRC SMR Approvals,,,,,,,entity,Entities,,,,,,,,,,,,,,,,2026-06-01,,,,,,,,,,,,,,
world:entity:nuclear-capacity-factor,Entity,Nuclear Capacity Factor,Nuclear Capacity Factor,Nuclear Capacity Factor,,,,,,,entity,Entities,,,,,,,,,,,,,,,,2026-06-01,,,,,,,,,,,,,,
world:entity:nuclear-energy,Entity,Nuclear Energy,Nuclear Energy,Nuclear Energy,,,,,,,entity,Entities,,,,,,,,,,,,,,,,2026-06-01,,,,,,,,,,,,,,
world:entity:nuclear-renaissance-smrs,Entity,[Nuclear Renaissance SMRs,[Nuclear Renaissance SMRs,[Nuclear Renaissance SMRs,,,,,,,entity,Entities,,,,,,,,,,,,,,,,2026-06-01,,,,,,,,,,,,,,
world:entity:nvidia-isaac-adoption,Entity,NVIDIA Isaac Adoption,NVIDIA Isaac Adoption,NVIDIA Isaac Adoption,,,,,,,entity,Entities,,,,,,,,,,,,,,,,2026-06-01,,,,,,,,,,,,,,
world:entity:obesity-drug-revenue,Entity,Obesity Drug Revenue,Obesity Drug Revenue,Obesity Drug Revenue,,,,,,,entity,Entities,,,,,,,,,,,,,,,,2026-06-01,,,,,,,,,,,,,,
world:entity:object,Entity,object}},object}},object}},,,,,,,entity,Entities,,,,,,,,,,,,,,,,2026-06-01,,,,,,,,,,,,,,
world:entity:observation-federal-broadband-funding-expansion,Entity,Observation: Federal Broadband Funding Expansion,Observation: Federal Broadband Funding Expansion,Observation: Federal Broadband Funding Expansion,,,,,,,entity,Entities,,,,,,,,,,,,,,,,2026-06-01,,,,,,,,,,,,,,
world:entity:observation-federal-r-d-security-restrictions,Entity,Observation: Federal R&D Security Restrictions,Observation: Federal R&D Security Restrictions,Observation: Federal R&D Security Restrictions,,,,,,,entity,Entities,,,,,,,,,,,,,,,,2026-06-01,,,,,,,,,,,,,,
world:entity:observation-ftc-ai-enforcement-authority-expansion,Entity,Observation: FTC AI Enforcement Authority Expansion,Observation: FTC AI Enforcement Authority Expansion,Observation: FTC AI Enforcement Authority Expansion,,,,,,,entity,Entities,,,,,,,,,,,,,,,,2026-06-01,,,,,,,,,,,,,,
world:entity:observation-note,Entity,Observation Note,Observation Note,Observation Note,,,,,,,entity,Entities,,,,,,,,,,,,,,,,2026-06-01,,,,,,,,,,,,,,
world:entity:observation-related-observation,Entity,Observation: {{Related Observation}},Observation: {{Related Observation}},Observation: {{Related Observation}},,,,,,,entity,Entities,,,,,,,,,,,,,,,,2026-06-01,,,,,,,,,,,,,,
world:entity:observation-title,Entity,{{Observation Title}},{{Observation Title}},{{Observation Title}},,,,,,,entity,Entities,,,,,,,,,,,,,,,,2026-06-01,,,,,,,,,,,,,,
world:entity:occ-sector-concentration-taxonomy,Entity,OCC Sector Concentration Taxonomy,OCC Sector Concentration Taxonomy,OCC Sector Concentration Taxonomy,,,,,,,entity,Entities,,,,,,,,,,,,,,,,2026-06-01,,,,,,,,,,,,,,
world:entity:opportunity-discovery,Entity,Opportunity Discovery,Opportunity Discovery,Opportunity Discovery,,,,,,,entity,Entities,,,,,,,,,,,,,,,,2026-06-01,,,,,,,,,,,,,,
world:entity:options-skew,Entity,Options Skew,Options Skew,Options Skew,,,,,,,entity,Entities,,,,,,,,,,,,,,,,2026-06-01,,,,,,,,,,,,,,
world:entity:orb-entropy-strategy-playbook,Entity,ORB + Entropy Strategy Playbook,ORB + Entropy Strategy Playbook,ORB + Entropy Strategy Playbook,,,,,,,entity,Entities,,,,,,,,,,,,,,,,2026-06-01,,,,,,,,,,,,,,
world:entity:org,Entity,Org}},Org}},Org}},,,,,,,entity,Entities,,,,,,,,,,,,,,,,2026-06-01,,,,,,,,,,,,,,
world:entity:pac-name,Entity,{{PAC Name}},{{PAC Name}},{{PAC Name}},,,,,,,entity,Entities,,,,,,,,,,,,,,,,2026-06-01,,,,,,,,,,,,,,
world:entity:padilla-steve-ca-senate,Entity,"Padilla, Steve (CA-Senate)","Padilla, Steve (CA-Senate)","Padilla, Steve (CA-Senate)",,,,,,,entity,Entities,,,,,,,,,,,,,,,,2026-06-01,,,,,,,,,,,,,,
world:entity:parabolic-semiconductor-rally-is-pricing-in-2028-already,Entity,Parabolic Semiconductor Rally Is Pricing In 2028 Already,Parabolic Semiconductor Rally Is Pricing In 2028 Already,Parabolic Semiconductor Rally Is Pricing In 2028 Already,,,,,,,entity,Entities,,,,,,,,,,,,,,,,2026-06-01,,,,,,,,,,,,,,
world:entity:parent-org-wikilink,Entity,{{parent_org_wikilink}},{{parent_org_wikilink}},{{parent_org_wikilink}},,,,,,,entity,Entities,,,,,,,,,,,,,,,,2026-06-01,,,,,,,,,,,,,,
world:entity:parent-organization,Entity,{{Parent Organization}},{{Parent Organization}},{{Parent Organization}},,,,,,,entity,Entities,,,,,,,,,,,,,,,,2026-06-01,,,,,,,,,,,,,,
world:entity:patent-landscape,Entity,Patent Landscape,Patent Landscape,Patent Landscape,,,,,,,entity,Entities,,,,,,,,,,,,,,,,2026-06-01,,,,,,,,,,,,,,
world:entity:peace-dividend,Entity,Peace Dividend,Peace Dividend,Peace Dividend,,,,,,,entity,Entities,,,,,,,,,,,,,,,,2026-06-01,,,,,,,,,,,,,,
world:entity:pentagon-ai-adoption,Entity,Pentagon AI Adoption,Pentagon AI Adoption,Pentagon AI Adoption,,,,,,,entity,Entities,,,,,,,,,,,,,,,,2026-06-01,,,,,,,,,,,,,,
world:entity:pharmaceutical-qc-applications,Entity,Pharmaceutical QC Applications,Pharmaceutical QC Applications,Pharmaceutical QC Applications,,,,,,,entity,Entities,,,,,,,,,,,,,,,,2026-06-01,,,,,,,,,,,,,,
world:entity:pharmaceuticals,Entity,Pharmaceuticals,Pharmaceuticals,Pharmaceuticals,,,,,,,entity,Entities,,,,,,,,,,,,,,,,2026-06-01,,,,,,,,,,,,,,
world:entity:phase-3-trial-readouts,Entity,Phase 3 Trial Readouts,Phase 3 Trial Readouts,Phase 3 Trial Readouts,,,,,,,entity,Entities,,,,,,,,,,,,,,,,2026-06-01,,,,,,,,,,,,,,
world:entity:policy-a,Entity,{{POLICY_A}},{{POLICY_A}},{{POLICY_A}},,,,,,,entity,Entities,,,,,,,,,,,,,,,,2026-06-01,,,,,,,,,,,,,,
world:entity:policy-b,Entity,{{POLICY_B}},{{POLICY_B}},{{POLICY_B}},,,,,,,entity,Entities,,,,,,,,,,,,,,,,2026-06-01,,,,,,,,,,,,,,
world:entity:power-infrastructure,Entity,Power Infrastructure,Power Infrastructure,Power Infrastructure,,,,,,,entity,Entities,,,,,,,,,,,,,,,,2026-06-01,,,,,,,,,,,,,,
world:entity:power-ppa-prices,Entity,Power PPA Prices,Power PPA Prices,Power PPA Prices,,,,,,,entity,Entities,,,,,,,,,,,,,,,,2026-06-01,,,,,,,,,,,,,,
world:entity:ppa-signings,Entity,PPA Signings,PPA Signings,PPA Signings,,,,,,,entity,Entities,,,,,,,,,,,,,,,,2026-06-01,,,,,,,,,,,,,,
world:entity:precision-fermentation-scale-up,Entity,Precision Fermentation Scale-Up,Precision Fermentation Scale-Up,Precision Fermentation Scale-Up,,,,,,,entity,Entities,,,,,,,,,,,,,,,,2026-06-01,,,,,,,,,,,,,,
world:entity:private-infrastructure-halo-framework,Entity,Private Infrastructure HALO Framework,Private Infrastructure HALO Framework,Private Infrastructure HALO Framework,,,,,,,entity,Entities,,,,,,,,,,,,,,,,2026-06-01,,,,,,,,,,,,,,
world:entity:pullpush-reddit,Entity,PullPush-Reddit,PullPush-Reddit,PullPush-Reddit,,,,,,,entity,Entities,,,,,,,,,,,,,,,,2026-06-01,,,,,,,,,,,,,,
world:entity:quantum-error-correction-progress,Entity,Quantum Error Correction Progress,Quantum Error Correction Progress,Quantum Error Correction Progress,,,,,,,entity,Entities,,,,,,,,,,,,,,,,2026-06-01,,,,,,,,,,,,,,
world:entity:quarterly,Entity,Quarterly,Quarterly,Quarterly,,,,,,,entity,Entities,,,,,,,,,,,,,,,,2026-06-01,,,,,,,,,,,,,,
world:entity:qubit-count,Entity,Qubit Count,Qubit Count,Qubit Count,,,,,,,entity,Entities,,,,,,,,,,,,,,,,2026-06-01,,,,,,,,,,,,,,
world:entity:rapamycin-trial-readouts,Entity,Rapamycin Trial Readouts,Rapamycin Trial Readouts,Rapamycin Trial Readouts,,,,,,,entity,Entities,,,,,,,,,,,,,,,,2026-06-01,,,,,,,,,,,,,,
world:entity:rare-disease,Entity,Rare Disease,Rare Disease,Rare Disease,,,,,,,entity,Entities,,,,,,,,,,,,,,,,2026-06-01,,,,,,,,,,,,,,
world:entity:rates-regime,Entity,{{RATES_REGIME}},{{RATES_REGIME}},{{RATES_REGIME}},,,,,,,entity,Entities,,,,,,,,,,,,,,,,2026-06-01,,,,,,,,,,,,,,
world:entity:reading-modes,Entity,Reading Modes,Reading Modes,Reading Modes,,,,,,,entity,Entities,,,,,,,,,,,,,,,,2026-06-01,,,,,,,,,,,,,,
world:entity:recurring-revenue,Entity,Recurring Revenue,Recurring Revenue,Recurring Revenue,,,,,,,entity,Entities,,,,,,,,,,,,,,,,2026-06-01,,,,,,,,,,,,,,
world:entity:regime-a,Entity,{{REGIME_A}},{{REGIME_A}},{{REGIME_A}},,,,,,,entity,Entities,,,,,,,,,,,,,,,,2026-06-01,,,,,,,,,,,,,,
world:entity:regime-b,Entity,{{REGIME_B}},{{REGIME_B}},{{REGIME_B}},,,,,,,entity,Entities,,,,,,,,,,,,,,,,2026-06-01,,,,,,,,,,,,,,
world:entity:regime-c,Entity,{{REGIME_C}},{{REGIME_C}},{{REGIME_C}},,,,,,,entity,Entities,,,,,,,,,,,,,,,,2026-06-01,,,,,,,,,,,,,,
world:entity:regime-d,Entity,{{REGIME_D}},{{REGIME_D}},{{REGIME_D}},,,,,,,entity,Entities,,,,,,,,,,,,,,,,2026-06-01,,,,,,,,,,,,,,
world:entity:regulation-name,Entity,{{Regulation Name}},{{Regulation Name}},{{Regulation Name}},,,,,,,entity,Entities,,,,,,,,,,,,,,,,2026-06-01,,,,,,,,,,,,,,
world:entity:regulation-related-regulation,Entity,Regulation: {{Related Regulation}},Regulation: {{Related Regulation}},Regulation: {{Related Regulation}},,,,,,,entity,Entities,,,,,,,,,,,,,,,,2026-06-01,,,,,,,,,,,,,,
world:entity:regulation-related-rule,Entity,Regulation: {{Related Rule}},Regulation: {{Related Rule}},Regulation: {{Related Rule}},,,,,,,entity,Entities,,,,,,,,,,,,,,,,2026-06-01,,,,,,,,,,,,,,
world:entity:reports,Entity,Reports,Reports,Reports,,,,,,,entity,Entities,,,,,,,,,,,,,,,,2026-06-01,,,,,,,,,,,,,,
world:entity:retirement-income-and-annuity-policy,Entity,Retirement Income and Annuity Policy,Retirement Income and Annuity Policy,Retirement Income and Annuity Policy,,,,,,,entity,Entities,,,,,,,,,,,,,,,,2026-06-01,,,,,,,,,,,,,,
world:entity:revenge-of-the-business-idiot,Entity,Revenge of The Business Idiot,Revenge of The Business Idiot,Revenge of The Business Idiot,,,,,,,entity,Entities,,,,,,,,,,,,,,,,2026-06-01,,,,,,,,,,,,,,
world:entity:rick-scott,Entity,Rick Scott,Rick Scott,Rick Scott,,,,,,,entity,Entities,,,,,,,,,,,,,,,,2026-06-01,,,,,,,,,,,,,,
world:entity:rising-prices-at-the-grocery-store,Entity,Rising prices at the grocery store,Rising prices at the grocery store,Rising prices at the grocery store,,,,,,,entity,Entities,,,,,,,,,,,,,,,,2026-06-01,,,,,,,,,,,,,,
world:entity:risk-reward-calculation-log,Entity,Risk-Reward Calculation Log,Risk-Reward Calculation Log,Risk-Reward Calculation Log,,,,,,,entity,Entities,,,,,,,,,,,,,,,,2026-06-01,,,,,,,,,,,,,,
world:entity:robot-dexterity-benchmarks,Entity,Robot Dexterity Benchmarks,Robot Dexterity Benchmarks,Robot Dexterity Benchmarks,,,,,,,entity,Entities,,,,,,,,,,,,,,,,2026-06-01,,,,,,,,,,,,,,
world:entity:robotics,Entity,Robotics,Robotics,Robotics,,,,,,,entity,Entities,,,,,,,,,,,,,,,,2026-06-01,,,,,,,,,,,,,,
world:entity:rsi-strategies,Entity,RSI Strategies,RSI Strategies,RSI Strategies,,,,,,,entity,Entities,,,,,,,,,,,,,,,,2026-06-01,,,,,,,,,,,,,,
world:entity:satellite-constellation-size,Entity,Satellite Constellation Size,Satellite Constellation Size,Satellite Constellation Size,,,,,,,entity,Entities,,,,,,,,,,,,,,,,2026-06-01,,,,,,,,,,,,,,
world:entity:sda-space-development-agency-contracts,Entity,SDA (Space Development Agency) Contracts,SDA (Space Development Agency) Contracts,SDA (Space Development Agency) Contracts,,,,,,,entity,Entities,,,,,,,,,,,,,,,,2026-06-01,,,,,,,,,,,,,,
world:entity:semiconductor-bubble-derisking,Entity,Semiconductor Bubble Derisking,Semiconductor Bubble Derisking,Semiconductor Bubble Derisking,,,,,,,entity,Entities,,,,,,,,,,,,,,,,2026-06-01,,,,,,,,,,,,,,
world:entity:semiconductors,Entity,Semiconductors,Semiconductors,Semiconductors,,,,,,,entity,Entities,,,,,,,,,,,,,,,,2026-06-01,,,,,,,,,,,,,,
world:entity:senate-confirms-kevin-warsh-as-fed-chair-in-most-partisan-vote-ever,Entity,Senate Confirms Kevin Warsh As Fed Chair In Most Partisan Vote Ever,Senate Confirms Kevin Warsh As Fed Chair In Most Partisan Vote Ever,Senate Confirms Kevin Warsh As Fed Chair In Most Partisan Vote Ever,,,,,,,entity,Entities,,,,,,,,,,,,,,,,2026-06-01,,,,,,,,,,,,,,
world:entity:senolytic-clinical-trial-data,Entity,Senolytic Clinical Trial Data,Senolytic Clinical Trial Data,Senolytic Clinical Trial Data,,,,,,,entity,Entities,,,,,,,,,,,,,,,,2026-06-01,,,,,,,,,,,,,,
world:entity:seven-breakouts,Entity,Seven breakouts,Seven breakouts,Seven breakouts,,,,,,,entity,Entities,,,,,,,,,,,,,,,,2026-06-01,,,,,,,,,,,,,,
world:entity:shelf-registrations,Entity,Shelf Registrations,Shelf Registrations,Shelf Registrations,,,,,,,entity,Entities,,,,,,,,,,,,,,,,2026-06-01,,,,,,,,,,,,,,
world:entity:shodan,Entity,Shodan,Shodan,Shodan,,,,,,,entity,Entities,,,,,,,,,,,,,,,,2026-06-01,,,,,,,,,,,,,,
world:entity:short-interest,Entity,Short Interest,Short Interest,Short Interest,,,,,,,entity,Entities,,,,,,,,,,,,,,,,2026-06-01,,,,,,,,,,,,,,
world:entity:signal-board,Entity,Signal Board,Signal Board,Signal Board,,,,,,,entity,Entities,,,,,,,,,,,,,,,,2026-06-01,,,,,,,,,,,,,,
world:entity:small-cap-breadth,Entity,Small-Cap Breadth,Small-Cap Breadth,Small-Cap Breadth,,,,,,,entity,Entities,,,,,,,,,,,,,,,,2026-06-01,,,,,,,,,,,,,,
world:entity:small-caps,Entity,Small Caps,Small Caps,Small Caps,,,,,,,entity,Entities,,,,,,,,,,,,,,,,2026-06-01,,,,,,,,,,,,,,
world:entity:solving-the-gridlock-america-s-electric-supply-chain-opportunity,Entity,Solving the Gridlock_ America’s Electric Supply Chain Opportunity,Solving the Gridlock_ America’s Electric Supply Chain Opportunity,Solving the Gridlock_ America’s Electric Supply Chain Opportunity,,,,,,,entity,Entities,,,,,,,,,,,,,,,,2026-06-01,,,,,,,,,,,,,,
world:entity:source-gap-register,Entity,Source Gap Register,Source Gap Register,Source Gap Register,,,,,,,entity,Entities,,,,,,,,,,,,,,,,2026-06-01,,,,,,,,,,,,,,
world:entity:source-or-observation-a,Entity,{{SOURCE_OR_OBSERVATION_A}},{{SOURCE_OR_OBSERVATION_A}},{{SOURCE_OR_OBSERVATION_A}},,,,,,,entity,Entities,,,,,,,,,,,,,,,,2026-06-01,,,,,,,,,,,,,,
world:entity:source-or-observation-b,Entity,{{SOURCE_OR_OBSERVATION_B}},{{SOURCE_OR_OBSERVATION_B}},{{SOURCE_OR_OBSERVATION_B}},,,,,,,entity,Entities,,,,,,,,,,,,,,,,2026-06-01,,,,,,,,,,,,,,
world:entity:source-or-observation-c,Entity,{{SOURCE_OR_OBSERVATION_C}},{{SOURCE_OR_OBSERVATION_C}},{{SOURCE_OR_OBSERVATION_C}},,,,,,,entity,Entities,,,,,,,,,,,,,,,,2026-06-01,,,,,,,,,,,,,,
world:entity:sources,Entity,Sources,Sources,Sources,,,,,,,entity,Entities,,,,,,,,,,,,,,,,2026-06-01,,,,,,,,,,,,,,
world:entity:space,Entity,Space,Space,Space,,,,,,,entity,Entities,,,,,,,,,,,,,,,,2026-06-01,,,,,,,,,,,,,,
world:entity:space-domain-awareness,Entity,[Space Domain Awareness,[Space Domain Awareness,[Space Domain Awareness,,,,,,,entity,Entities,,,,,,,,,,,,,,,,2026-06-01,,,,,,,,,,,,,,
world:entity:space-force-budget,Entity,Space Force Budget,Space Force Budget,Space Force Budget,,,,,,,entity,Entities,,,,,,,,,,,,,,,,2026-06-01,,,,,,,,,,,,,,
world:entity:starshield-government-orders,Entity,Starshield Government Orders,Starshield Government Orders,Starshield Government Orders,,,,,,,entity,Entities,,,,,,,,,,,,,,,,2026-06-01,,,,,,,,,,,,,,
world:entity:steady-ground,Entity,Steady Ground,Steady Ground,Steady Ground,,,,,,,entity,Entities,,,,,,,,,,,,,,,,2026-06-01,,,,,,,,,,,,,,
world:entity:strategy-tracking-register,Entity,Strategy Tracking Register,Strategy Tracking Register,Strategy Tracking Register,,,,,,,entity,Entities,,,,,,,,,,,,,,,,2026-06-01,,,,,,,,,,,,,,
world:entity:superconcentration,Entity,Superconcentration,Superconcentration,Superconcentration,,,,,,,entity,Entities,,,,,,,,,,,,,,,,2026-06-01,,,,,,,,,,,,,,
world:entity:supply-chain-nationalism,Entity,Supply Chain Nationalism,Supply Chain Nationalism,Supply Chain Nationalism,,,,,,,entity,Entities,,,,,,,,,,,,,,,,2026-06-01,,,,,,,,,,,,,,
world:entity:synthetic-biology,Entity,Synthetic Biology,Synthetic Biology,Synthetic Biology,,,,,,,entity,Entities,,,,,,,,,,,,,,,,2026-06-01,,,,,,,,,,,,,,
world:entity:target,Entity,{{TARGET}},{{TARGET}},{{TARGET}},,,,,,,entity,Entities,,,,,,,,,,,,,,,,2026-06-01,,,,,,,,,,,,,,
world:entity:tech-antitrust-privacy-ai-regulation-risk,Entity,"Tech - Antitrust, Privacy, AI Regulation Risk","Tech - Antitrust, Privacy, AI Regulation Risk","Tech - Antitrust, Privacy, AI Regulation Risk",,,,,,,entity,Entities,,,,,,,,,,,,,,,,2026-06-01,,,,,,,,,,,,,,
world:entity:tech-broadband-infrastructure-rural-connectivity,Entity,Tech - Broadband Infrastructure & Rural Connectivity,Tech - Broadband Infrastructure & Rural Connectivity,Tech - Broadband Infrastructure & Rural Connectivity,,,,,,,entity,Entities,,,,,,,,,,,,,,,,2026-06-01,,,,,,,,,,,,,,
world:entity:telegram,Entity,Telegram,Telegram,Telegram,,,,,,,entity,Entities,,,,,,,,,,,,,,,,2026-06-01,,,,,,,,,,,,,,
world:entity:the-active-vs-passive-distinction-is-broken-and-it-matters,Entity,The Active vs. Passive Distinction Is Broken — And It Matters,The Active vs. Passive Distinction Is Broken — And It Matters,The Active vs. Passive Distinction Is Broken — And It Matters,,,,,,,entity,Entities,,,,,,,,,,,,,,,,2026-06-01,,,,,,,,,,,,,,
world:entity:the-free-market-can-fix-it,Entity,The free market can fix it,The free market can fix it,The free market can fix it,,,,,,,entity,Entities,,,,,,,,,,,,,,,,2026-06-01,,,,,,,,,,,,,,
world:entity:the-gauntlet,Entity,The Gauntlet,The Gauntlet,The Gauntlet,,,,,,,entity,Entities,,,,,,,,,,,,,,,,2026-06-01,,,,,,,,,,,,,,
world:entity:the-inflationary-k-shaped-t-p-economy,Entity,"The inflationary, “K”-shaped T—-p economy","The inflationary, “K”-shaped T—-p economy","The inflationary, “K”-shaped T—-p economy",,,,,,,entity,Entities,,,,,,,,,,,,,,,,2026-06-01,,,,,,,,,,,,,,
world:entity:they-graduate-to-six-figure-salaries-and-grueling-work,Entity,"They graduate to six figure salaries, and grueling work","They graduate to six figure salaries, and grueling work","They graduate to six figure salaries, and grueling work",,,,,,,entity,Entities,,,,,,,,,,,,,,,,2026-06-01,,,,,,,,,,,,,,
world:entity:ticker,Entity,{{TICKER}},{{TICKER}},{{TICKER}},,,,,,,entity,Entities,,,,,,,,,,,,,,,,2026-06-01,,,,,,,,,,,,,,
world:entity:top-donor-company,Entity,{{Top Donor Company}},{{Top Donor Company}},{{Top Donor Company}},,,,,,,entity,Entities,,,,,,,,,,,,,,,,2026-06-01,,,,,,,,,,,,,,
world:entity:topic-name,Entity,{{Topic Name}},{{Topic Name}},{{Topic Name}},,,,,,,entity,Entities,,,,,,,,,,,,,,,,2026-06-01,,,,,,,,,,,,,,
world:entity:topic-topic-name,Entity,Topic: {{Topic Name}},Topic: {{Topic Name}},Topic: {{Topic Name}},,,,,,,entity,Entities,,,,,,,,,,,,,,,,2026-06-01,,,,,,,,,,,,,,
world:entity:trade-expression-layer,Entity,Trade Expression Layer,Trade Expression Layer,Trade Expression Layer,,,,,,,entity,Entities,,,,,,,,,,,,,,,,2026-06-01,,,,,,,,,,,,,,
world:entity:transformer-lead-times,Entity,Transformer Lead Times,Transformer Lead Times,Transformer Lead Times,,,,,,,entity,Entities,,,,,,,,,,,,,,,,2026-06-01,,,,,,,,,,,,,,
world:entity:trump-says-open-up-china-before-landing-in-beijing-for-pomp-filled-red-carpet-airport-welcome,Entity,Trump Says 'Open Up China' Before Landing In Beijing For Pomp-Filled Red Carpet Airport Welcome,Trump Says 'Open Up China' Before Landing In Beijing For Pomp-Filled Red Carpet Airport Welcome,Trump Says 'Open Up China' Before Landing In Beijing For Pomp-Filled Red Carpet Airport Welcome,,,,,,,entity,Entities,,,,,,,,,,,,,,,,2026-06-01,,,,,,,,,,,,,,
world:entity:up-to-170-billion-needed-to-secure-full-domestic-nuclear-fuel-supply-chain,Entity,Up To $170 Billion Needed To Secure Full Domestic Nuclear Fuel Supply Chain,Up To $170 Billion Needed To Secure Full Domestic Nuclear Fuel Supply Chain,Up To $170 Billion Needed To Secure Full Domestic Nuclear Fuel Supply Chain,,,,,,,entity,Entities,,,,,,,,,,,,,,,,2026-06-01,,,,,,,,,,,,,,
world:entity:uranium-spot-price,Entity,Uranium Spot Price,Uranium Spot Price,Uranium Spot Price,,,,,,,entity,Entities,,,,,,,,,,,,,,,,2026-06-01,,,,,,,,,,,,,,
world:entity:us-government-finances-are-not-ready-for-a-recession,Entity,US Government Finances Are Not Ready for a Recession,US Government Finances Are Not Ready for a Recession,US Government Finances Are Not Ready for a Recession,,,,,,,entity,Entities,,,,,,,,,,,,,,,,2026-06-01,,,,,,,,,,,,,,
world:entity:usaspending,Entity,USASpending,USASpending,USASpending,,,,,,,entity,Entities,,,,,,,,,,,,,,,,2026-06-01,,,,,,,,,,,,,,
world:entity:usaspending-defense-ai,Entity,USASpending Defense AI,USASpending Defense AI,USASpending Defense AI,,,,,,,entity,Entities,,,,,,,,,,,,,,,,2026-06-01,,,,,,,,,,,,,,
world:entity:utility-capex,Entity,Utility Capex,Utility Capex,Utility Capex,,,,,,,entity,Entities,,,,,,,,,,,,,,,,2026-06-01,,,,,,,,,,,,,,
world:entity:utility-scale-storage-orders,Entity,Utility Scale Storage Orders,Utility Scale Storage Orders,Utility Scale Storage Orders,,,,,,,entity,Entities,,,,,,,,,,,,,,,,2026-06-01,,,,,,,,,,,,,,
world:entity:valerie-foushee,Entity,Valerie Foushee,Valerie Foushee,Valerie Foushee,,,,,,,entity,Entities,,,,,,,,,,,,,,,,2026-06-01,,,,,,,,,,,,,,
world:entity:venture-funding-in-longevity,Entity,Venture Funding in Longevity,Venture Funding in Longevity,Venture Funding in Longevity,,,,,,,entity,Entities,,,,,,,,,,,,,,,,2026-06-01,,,,,,,,,,,,,,
world:entity:vesselfinder,Entity,VesselFinder,VesselFinder,VesselFinder,,,,,,,entity,Entities,,,,,,,,,,,,,,,,2026-06-01,,,,,,,,,,,,,,
world:entity:volatility,Entity,Volatility,Volatility,Volatility,,,,,,,entity,Entities,,,,,,,,,,,,,,,,2026-06-01,,,,,,,,,,,,,,
world:entity:war-premium,Entity,War Premium,War Premium,War Premium,,,,,,,entity,Entities,,,,,,,,,,,,,,,,2026-06-01,,,,,,,,,,,,,,
world:entity:watchpoints,Entity,Watchpoints,Watchpoints,Watchpoints,,,,,,,entity,Entities,,,,,,,,,,,,,,,,2026-06-01,,,,,,,,,,,,,,
world:entity:weekly,Entity,Weekly,Weekly,Weekly,,,,,,,entity,Entities,,,,,,,,,,,,,,,,2026-06-01,,,,,,,,,,,,,,
world:entity:when-everyone-trades-the-same-factor-playbook,Entity,When Everyone Trades the Same Factor Playbook,When Everyone Trades the Same Factor Playbook,When Everyone Trades the Same Factor Playbook,,,,,,,entity,Entities,,,,,,,,,,,,,,,,2026-06-01,,,,,,,,,,,,,,
world:entity:who-priority-pathogen-list,Entity,WHO Priority Pathogen List,WHO Priority Pathogen List,WHO Priority Pathogen List,,,,,,,entity,Entities,,,,,,,,,,,,,,,,2026-06-01,,,,,,,,,,,,,,
world:entity:wicks-buffy-ca-assembly,Entity,"Wicks, Buffy (CA-Assembly)","Wicks, Buffy (CA-Assembly)","Wicks, Buffy (CA-Assembly)",,,,,,,entity,Entities,,,,,,,,,,,,,,,,2026-06-01,,,,,,,,,,,,,,
world:entity:wikilinks,Entity,wikilinks,wikilinks,wikilinks,,,,,,,entity,Entities,,,,,,,,,,,,,,,,2026-06-01,,,,,,,,,,,,,,
world:entity:wp-a,Entity,{{WP_A}},{{WP_A}},{{WP_A}},,,,,,,entity,Entities,,,,,,,,,,,,,,,,2026-06-01,,,,,,,,,,,,,,
world:entity:wp-b,Entity,{{WP_B}},{{WP_B}},{{WP_B}},,,,,,,entity,Entities,,,,,,,,,,,,,,,,2026-06-01,,,,,,,,,,,,,,
world:entity:wp-c,Entity,{{WP_C}},{{WP_C}},{{WP_C}},,,,,,,entity,Entities,,,,,,,,,,,,,,,,2026-06-01,,,,,,,,,,,,,,
world:entity:wp-d,Entity,{{WP_D}},{{WP_D}},{{WP_D}},,,,,,,entity,Entities,,,,,,,,,,,,,,,,2026-06-01,,,,,,,,,,,,,,
world:entity:www-reuters-com,Entity,www.reuters.com,www.reuters.com,www.reuters.com,,,,,,,entity,Entities,,,,,,,,,,,,,,,,2026-06-01,,,,,,,,,,,,,,
world:entity:yearly,Entity,Yearly,Yearly,Yearly,,,,,,,entity,Entities,,,,,,,,,,,,,,,,2026-06-01,,,,,,,,,,,,,,
world:entity:yen-carry-trade-risk-watchpoints,Entity,Yen Carry Trade Risk Watchpoints,Yen Carry Trade Risk Watchpoints,Yen Carry Trade Risk Watchpoints,,,,,,,entity,Entities,,,,,,,,,,,,,,,,2026-06-01,,,,,,,,,,,,,,
world:entity:yieldcurve,Entity,YieldCurve,YieldCurve,YieldCurve,,,,,,,entity,Entities,,,,,,,,,,,,,,,,2026-06-01,,,,,,,,,,,,,,
world:entity:yr,Entity,yr,yr,yr,,,,,,,entity,Entities,,,,,,,,,,,,,,,,2026-06-01,,,,,,,,,,,,,,
world:entity:yyyy-mm-dd-daily-vault-state-observation,Entity,{{YYYY-MM-DD}} - Daily Vault State Observation,{{YYYY-MM-DD}} - Daily Vault State Observation,{{YYYY-MM-DD}} - Daily Vault State Observation,,,,,,,entity,Entities,,,,,,,,,,,,,,,,2026-06-01,,,,,,,,,,,,,,
world:entity:yyyy-mm-dd-eod-vault-state-report,Entity,{{YYYY-MM-DD}} - EOD Vault State Report,{{YYYY-MM-DD}} - EOD Vault State Report,{{YYYY-MM-DD}} - EOD Vault State Report,,,,,,,entity,Entities,,,,,,,,,,,,,,,,2026-06-01,,,,,,,,,,,,,,
world:geopoliticalevent:afcfta,GeopoliticalEvent;Entity,AfCFTA,AfCFTA,AfCFTA,World_Machine,Entities/Geopolitics/AfCFTA.md,obsidian://open?vault=World_Machine&file=Entities%2FGeopolitics%2FAfCFTA.md,C:\Users\CaveUser\Documents\Obsidian Vault\World_Machine\Entities\Geopolitics\AfCFTA.md,World_Machine,Entities,geopoliticalevent,Entities,Geopolitics,,,,,,africa;trade;regional-integration;free-trade;african-union,,,,,,,,2026-05-11,2026-06-01,,,,,,,,,,trade-agreement,,,,
world:geopoliticalevent:axis-of-resistance,GeopoliticalEvent;Entity,Axis of Resistance,Axis of Resistance,Axis of Resistance,World_Machine,Entities/Geopolitics/Axis of Resistance.md,obsidian://open?vault=World_Machine&file=Entities%2FGeopolitics%2FAxis%20of%20Resistance.md,C:\Users\CaveUser\Documents\Obsidian Vault\World_Machine\Entities\Geopolitics\Axis of Resistance.md,World_Machine,Entities,geopoliticalevent,Entities,Geopolitics,,,,,,iran;proxies;middle-east;asymmetric-conflict;non-state-actors,,,,,,,,2026-05-11,2026-06-01,,,,,,,,,,alliance-network,,,,
world:geopoliticalevent:belt-and-road-initiative,GeopoliticalEvent;Entity,Belt and Road Initiative,Belt and Road Initiative,Belt and Road Initiative,World_Machine,Entities/Geopolitics/Belt and Road Initiative.md,obsidian://open?vault=World_Machine&file=Entities%2FGeopolitics%2FBelt%20and%20Road%20Initiative.md,C:\Users\CaveUser\Documents\Obsidian Vault\World_Machine\Entities\Geopolitics\Belt and Road Initiative.md,World_Machine,Entities,geopoliticalevent,Entities,Geopolitics,,,,,,bri;china;infrastructure;emerging-markets;debt;soft-power,,,,,,,,2026-05-11,2026-06-01,,,,,,,,,,initiative,,,,
world:geopoliticalevent:iran,GeopoliticalEvent;Entity,Iran,Iran,Iran,World_Machine,Entities/Geopolitics/Iran.md,obsidian://open?vault=World_Machine&file=Entities%2FGeopolitics%2FIran.md,C:\Users\CaveUser\Documents\Obsidian Vault\World_Machine\Entities\Geopolitics\Iran.md,World_Machine,Entities,geopoliticalevent,Entities,Geopolitics,,,,,,country;iran;middle-east;energy;sanctions;regional-power,,,,,,,,2026-05-11,2026-06-01,,,,,,,,,,country,,,,
world:geopoliticalevent:jcpoa,GeopoliticalEvent;Entity,JCPOA,JCPOA,JCPOA,World_Machine,Entities/Geopolitics/JCPOA.md,obsidian://open?vault=World_Machine&file=Entities%2FGeopolitics%2FJCPOA.md,C:\Users\CaveUser\Documents\Obsidian Vault\World_Machine\Entities\Geopolitics\JCPOA.md,World_Machine,Entities,geopoliticalevent,Entities,Geopolitics,,,,,,iran;nuclear;sanctions;diplomacy;multilateral-agreement,,,,,,,,2026-05-11,2026-06-01,,,,,,,,,,treaty,,,,
world:geopoliticalevent:strait-of-hormuz,GeopoliticalEvent;Entity,Strait of Hormuz,Strait of Hormuz,Strait of Hormuz,World_Machine,Entities/Geopolitics/Strait of Hormuz.md,obsidian://open?vault=World_Machine&file=Entities%2FGeopolitics%2FStrait%20of%20Hormuz.md,C:\Users\CaveUser\Documents\Obsidian Vault\World_Machine\Entities\Geopolitics\Strait of Hormuz.md,World_Machine,Entities,geopoliticalevent,Entities,Geopolitics,,,,,,chokepoint;energy;oil;middle-east;shipping;maritime-security,,,,,,,,2026-05-11,2026-06-01,,,,,,,,,,chokepoint,,,,
