id,labels,name,canonicalName,label,vault,relativePath,obsidianUrl,sourcePath,sourceVault,sourceFolder,nodeType,domain,subdomain,assetClass,sector,industry,country,jurisdiction,tags,status,signalStatus,confidence,conviction,timeframe,frequency,lastUpdated,date,asOfDate,ticker,exchange,symbol,currency,instrumentType,currentValue,trend,source,provider,dataType,datePulled,freshnessDate,summary,url
world:evidenceartifact:2026-05-13-eod-vault-state-report,EvidenceArtifact,2026-05-13 - EOD Vault State Report,2026-05-13 - EOD Vault State Report,2026-05-13 - EOD Vault State Report,World_Machine,Reports/EOD/2026-05-13 - EOD Vault State Report.md,obsidian://open?vault=World_Machine&file=Reports%2FEOD%2F2026-05-13%20-%20EOD%20Vault%20State%20Report.md,C:\Users\CaveUser\Documents\Obsidian Vault\World_Machine\Reports\EOD\2026-05-13 - EOD Vault State Report.md,World_Machine,Reports,evidenceartifact,Reports,EOD,,,,,,report;eod;vault-state;macro;strategy;detective-brief,active,alert,,,,,,2026-05-13,2026-06-01,,,,,,,,,,report,,,,
world:evidenceartifact:2026-05-14-eod-vault-state-report,EvidenceArtifact,2026-05-14 - EOD Vault State Report,2026-05-14 - EOD Vault State Report,2026-05-14 - EOD Vault State Report,World_Machine,Reports/EOD/2026-05-14 - EOD Vault State Report.md,obsidian://open?vault=World_Machine&file=Reports%2FEOD%2F2026-05-14%20-%20EOD%20Vault%20State%20Report.md,C:\Users\CaveUser\Documents\Obsidian Vault\World_Machine\Reports\EOD\2026-05-14 - EOD Vault State Report.md,World_Machine,Reports,evidenceartifact,Reports,EOD,,,,,,report;eod;vault-state;macro;strategy;detective-brief,active,alert,,,,,,2026-05-14,2026-06-01,,,,,,,,,,report,,,,
world:evidenceartifact:2026-05-15-daily-briefing,EvidenceArtifact,Daily Briefing - 2026-05-15,Daily Briefing - 2026-05-15,Daily Briefing - 2026-05-15,World_Machine,Reports/Daily/Briefings/2026-05-15 Daily Briefing.md,obsidian://open?vault=World_Machine&file=Reports%2FDaily%2FBriefings%2F2026-05-15%20Daily%20Briefing.md,C:\Users\CaveUser\Documents\Obsidian Vault\World_Machine\Reports\Daily\Briefings\2026-05-15 Daily Briefing.md,World_Machine,Reports,evidenceartifact,Reports,Daily,,,,,,world-machine-review;briefing;daily,,,,,,,,,2026-06-01,,,,,,,,World Machine Review Flow,,briefing,2026-05-15,,,
world:evidenceartifact:2026-05-15-daily-monitoring-snapshot,EvidenceArtifact,Daily Monitoring Snapshot - 2026-05-15,Daily Monitoring Snapshot - 2026-05-15,Daily Monitoring Snapshot - 2026-05-15,World_Machine,Reports/Daily/Monitoring/2026-05-15 Daily Monitoring Snapshot.md,obsidian://open?vault=World_Machine&file=Reports%2FDaily%2FMonitoring%2F2026-05-15%20Daily%20Monitoring%20Snapshot.md,C:\Users\CaveUser\Documents\Obsidian Vault\World_Machine\Reports\Daily\Monitoring\2026-05-15 Daily Monitoring Snapshot.md,World_Machine,Reports,evidenceartifact,Reports,Daily,,,,,,world-machine-review;monitoring_snapshot;daily,,,,,,,,,2026-06-01,,,,,,,,World Machine Review Flow,,monitoring_snapshot,2026-05-15,,,
world:evidenceartifact:2026-05-15-end-of-day-briefing,EvidenceArtifact,End Of Day Briefing - 2026-05-15,End Of Day Briefing - 2026-05-15,End Of Day Briefing - 2026-05-15,World_Machine,Reports/EOD/Briefings/2026-05-15 End Of Day Briefing.md,obsidian://open?vault=World_Machine&file=Reports%2FEOD%2FBriefings%2F2026-05-15%20End%20Of%20Day%20Briefing.md,C:\Users\CaveUser\Documents\Obsidian Vault\World_Machine\Reports\EOD\Briefings\2026-05-15 End Of Day Briefing.md,World_Machine,Reports,evidenceartifact,Reports,EOD,,,,,,world-machine-review;briefing;endofday,,,,,,,,,2026-06-01,,,,,,,,World Machine Review Flow,,briefing,2026-05-15,,,
world:evidenceartifact:2026-05-15-end-of-day-monitoring-snapshot,EvidenceArtifact,End Of Day Monitoring Snapshot - 2026-05-15,End Of Day Monitoring Snapshot - 2026-05-15,End Of Day Monitoring Snapshot - 2026-05-15,World_Machine,Reports/EOD/Monitoring/2026-05-15 End Of Day Monitoring Snapshot.md,obsidian://open?vault=World_Machine&file=Reports%2FEOD%2FMonitoring%2F2026-05-15%20End%20Of%20Day%20Monitoring%20Snapshot.md,C:\Users\CaveUser\Documents\Obsidian Vault\World_Machine\Reports\EOD\Monitoring\2026-05-15 End Of Day Monitoring Snapshot.md,World_Machine,Reports,evidenceartifact,Reports,EOD,,,,,,world-machine-review;monitoring_snapshot;endofday,,,,,,,,,2026-06-01,,,,,,,,World Machine Review Flow,,monitoring_snapshot,2026-05-15,,,
world:evidenceartifact:2026-05-15-eod-digest,EvidenceArtifact,2026-05-15_EOD_Digest,2026-05-15_EOD_Digest,2026-05-15_EOD_Digest,World_Machine,Reports/EOD/Briefings/2026-05-15_EOD_Digest.md,obsidian://open?vault=World_Machine&file=Reports%2FEOD%2FBriefings%2F2026-05-15_EOD_Digest.md,C:\Users\CaveUser\Documents\Obsidian Vault\World_Machine\Reports\EOD\Briefings\2026-05-15_EOD_Digest.md,World_Machine,Reports,evidenceartifact,Reports,EOD,,,,,,,,,,,,,,2026-05-15,2026-06-01,,,,,,,,,,eod_digest,,,,
world:evidenceartifact:2026-05-15-midday-monitoring-snapshot,EvidenceArtifact,Midday Monitoring Snapshot - 2026-05-15,Midday Monitoring Snapshot - 2026-05-15,Midday Monitoring Snapshot - 2026-05-15,World_Machine,Reports/Midday/Monitoring/2026-05-15 Midday Monitoring Snapshot.md,obsidian://open?vault=World_Machine&file=Reports%2FMidday%2FMonitoring%2F2026-05-15%20Midday%20Monitoring%20Snapshot.md,C:\Users\CaveUser\Documents\Obsidian Vault\World_Machine\Reports\Midday\Monitoring\2026-05-15 Midday Monitoring Snapshot.md,World_Machine,Reports,evidenceartifact,Reports,Midday,,,,,,world-machine-review;monitoring_snapshot;midday,,,,,,,,,2026-06-01,,,,,,,,World Machine Review Flow,,monitoring_snapshot,2026-05-15,,,
world:evidenceartifact:2026-05-15-preclose-monitoring-snapshot,EvidenceArtifact,Preclose Monitoring Snapshot - 2026-05-15,Preclose Monitoring Snapshot - 2026-05-15,Preclose Monitoring Snapshot - 2026-05-15,World_Machine,Reports/Preclose/Monitoring/2026-05-15 Preclose Monitoring Snapshot.md,obsidian://open?vault=World_Machine&file=Reports%2FPreclose%2FMonitoring%2F2026-05-15%20Preclose%20Monitoring%20Snapshot.md,C:\Users\CaveUser\Documents\Obsidian Vault\World_Machine\Reports\Preclose\Monitoring\2026-05-15 Preclose Monitoring Snapshot.md,World_Machine,Reports,evidenceartifact,Reports,Preclose,,,,,,world-machine-review;monitoring_snapshot;preclose,,,,,,,,,2026-06-01,,,,,,,,World Machine Review Flow,,monitoring_snapshot,2026-05-15,,,
world:evidenceartifact:2026-05-15-premarket-monitoring-snapshot,EvidenceArtifact,Premarket Monitoring Snapshot - 2026-05-15,Premarket Monitoring Snapshot - 2026-05-15,Premarket Monitoring Snapshot - 2026-05-15,World_Machine,Reports/Premarket/Monitoring/2026-05-15 Premarket Monitoring Snapshot.md,obsidian://open?vault=World_Machine&file=Reports%2FPremarket%2FMonitoring%2F2026-05-15%20Premarket%20Monitoring%20Snapshot.md,C:\Users\CaveUser\Documents\Obsidian Vault\World_Machine\Reports\Premarket\Monitoring\2026-05-15 Premarket Monitoring Snapshot.md,World_Machine,Reports,evidenceartifact,Reports,Premarket,,,,,,world-machine-review;monitoring_snapshot;premarket,,,,,,,,,2026-06-01,,,,,,,,World Machine Review Flow,,monitoring_snapshot,2026-05-15,,,
world:evidenceartifact:2026-05-16-18-50,EvidenceArtifact,2026-05-16_18-50,2026-05-16_18-50,2026-05-16_18-50,World_Machine,Reports/System/run_summaries/2026-05-16_18-50.md,obsidian://open?vault=World_Machine&file=Reports%2FSystem%2Frun_summaries%2F2026-05-16_18-50.md,C:\Users\CaveUser\Documents\Obsidian Vault\World_Machine\Reports\System\run_summaries\2026-05-16_18-50.md,World_Machine,Reports,evidenceartifact,Reports,System,,,,,,,,,,,,,,2026-05-16,2026-06-01,,,,,,,,,,run_summary,,,,
world:evidenceartifact:2026-05-16-daily-briefing,EvidenceArtifact,Daily Briefing - 2026-05-16,Daily Briefing - 2026-05-16,Daily Briefing - 2026-05-16,World_Machine,Reports/Daily/Briefings/2026-05-16 Daily Briefing.md,obsidian://open?vault=World_Machine&file=Reports%2FDaily%2FBriefings%2F2026-05-16%20Daily%20Briefing.md,C:\Users\CaveUser\Documents\Obsidian Vault\World_Machine\Reports\Daily\Briefings\2026-05-16 Daily Briefing.md,World_Machine,Reports,evidenceartifact,Reports,Daily,,,,,,world-machine-review;briefing;daily,,,,,,,,,2026-06-01,,,,,,,,World Machine Review Flow,,briefing,2026-05-16,,,
world:evidenceartifact:2026-05-16-daily-monitoring-snapshot,EvidenceArtifact,Daily Monitoring Snapshot - 2026-05-16,Daily Monitoring Snapshot - 2026-05-16,Daily Monitoring Snapshot - 2026-05-16,World_Machine,Reports/Daily/Monitoring/2026-05-16 Daily Monitoring Snapshot.md,obsidian://open?vault=World_Machine&file=Reports%2FDaily%2FMonitoring%2F2026-05-16%20Daily%20Monitoring%20Snapshot.md,C:\Users\CaveUser\Documents\Obsidian Vault\World_Machine\Reports\Daily\Monitoring\2026-05-16 Daily Monitoring Snapshot.md,World_Machine,Reports,evidenceartifact,Reports,Daily,,,,,,world-machine-review;monitoring_snapshot;daily,,,,,,,,,2026-06-01,,,,,,,,World Machine Review Flow,,monitoring_snapshot,2026-05-16,,,
world:evidenceartifact:2026-05-16-eod-digest,EvidenceArtifact,2026-05-16_EOD_Digest,2026-05-16_EOD_Digest,2026-05-16_EOD_Digest,World_Machine,Reports/EOD/Briefings/2026-05-16_EOD_Digest.md,obsidian://open?vault=World_Machine&file=Reports%2FEOD%2FBriefings%2F2026-05-16_EOD_Digest.md,C:\Users\CaveUser\Documents\Obsidian Vault\World_Machine\Reports\EOD\Briefings\2026-05-16_EOD_Digest.md,World_Machine,Reports,evidenceartifact,Reports,EOD,,,,,,,,,,,,,,2026-05-16,2026-06-01,,,,,,,,,,eod_digest,,,,
world:evidenceartifact:2026-05-18-09-45,EvidenceArtifact,2026-05-18_09-45,2026-05-18_09-45,2026-05-18_09-45,World_Machine,Reports/System/run_summaries/2026-05-18_09-45.md,obsidian://open?vault=World_Machine&file=Reports%2FSystem%2Frun_summaries%2F2026-05-18_09-45.md,C:\Users\CaveUser\Documents\Obsidian Vault\World_Machine\Reports\System\run_summaries\2026-05-18_09-45.md,World_Machine,Reports,evidenceartifact,Reports,System,,,,,,,,,,,,,,2026-05-18,2026-06-01,,,,,,,,,,run_summary,,,,
world:evidenceartifact:2026-05-18-12-30,EvidenceArtifact,2026-05-18_12-30,2026-05-18_12-30,2026-05-18_12-30,World_Machine,Reports/System/run_summaries/2026-05-18_12-30.md,obsidian://open?vault=World_Machine&file=Reports%2FSystem%2Frun_summaries%2F2026-05-18_12-30.md,C:\Users\CaveUser\Documents\Obsidian Vault\World_Machine\Reports\System\run_summaries\2026-05-18_12-30.md,World_Machine,Reports,evidenceartifact,Reports,System,,,,,,,,,,,,,,2026-05-18,2026-06-01,,,,,,,,,,run_summary,,,,
world:evidenceartifact:2026-05-18-midday-monitoring-snapshot,EvidenceArtifact,Midday Monitoring Snapshot - 2026-05-18,Midday Monitoring Snapshot - 2026-05-18,Midday Monitoring Snapshot - 2026-05-18,World_Machine,Reports/Midday/Monitoring/2026-05-18 Midday Monitoring Snapshot.md,obsidian://open?vault=World_Machine&file=Reports%2FMidday%2FMonitoring%2F2026-05-18%20Midday%20Monitoring%20Snapshot.md,C:\Users\CaveUser\Documents\Obsidian Vault\World_Machine\Reports\Midday\Monitoring\2026-05-18 Midday Monitoring Snapshot.md,World_Machine,Reports,evidenceartifact,Reports,Midday,,,,,,world-machine-review;monitoring_snapshot;midday,,,,,,,,,2026-06-01,,,,,,,,World Machine Review Flow,,monitoring_snapshot,2026-05-18,,,
world:evidenceartifact:2026-05-19-09-57,EvidenceArtifact,2026-05-19_09-57,2026-05-19_09-57,2026-05-19_09-57,World_Machine,Reports/System/run_summaries/2026-05-19_09-57.md,obsidian://open?vault=World_Machine&file=Reports%2FSystem%2Frun_summaries%2F2026-05-19_09-57.md,C:\Users\CaveUser\Documents\Obsidian Vault\World_Machine\Reports\System\run_summaries\2026-05-19_09-57.md,World_Machine,Reports,evidenceartifact,Reports,System,,,,,,,,,,,,,,2026-05-19,2026-06-01,,,,,,,,,,run_summary,,,,
world:evidenceartifact:2026-05-19-12-30,EvidenceArtifact,2026-05-19_12-30,2026-05-19_12-30,2026-05-19_12-30,World_Machine,Reports/System/run_summaries/2026-05-19_12-30.md,obsidian://open?vault=World_Machine&file=Reports%2FSystem%2Frun_summaries%2F2026-05-19_12-30.md,C:\Users\CaveUser\Documents\Obsidian Vault\World_Machine\Reports\System\run_summaries\2026-05-19_12-30.md,World_Machine,Reports,evidenceartifact,Reports,System,,,,,,,,,,,,,,2026-05-19,2026-06-01,,,,,,,,,,run_summary,,,,
world:evidenceartifact:2026-05-19-midday-monitoring-snapshot,EvidenceArtifact,Midday Monitoring Snapshot - 2026-05-19,Midday Monitoring Snapshot - 2026-05-19,Midday Monitoring Snapshot - 2026-05-19,World_Machine,Reports/Midday/Monitoring/2026-05-19 Midday Monitoring Snapshot.md,obsidian://open?vault=World_Machine&file=Reports%2FMidday%2FMonitoring%2F2026-05-19%20Midday%20Monitoring%20Snapshot.md,C:\Users\CaveUser\Documents\Obsidian Vault\World_Machine\Reports\Midday\Monitoring\2026-05-19 Midday Monitoring Snapshot.md,World_Machine,Reports,evidenceartifact,Reports,Midday,,,,,,world-machine-review;monitoring_snapshot;midday,,,,,,,,,2026-06-01,,,,,,,,World Machine Review Flow,,monitoring_snapshot,2026-05-19,,,
world:evidenceartifact:2026-05-20-09-45,EvidenceArtifact,2026-05-20_09-45,2026-05-20_09-45,2026-05-20_09-45,World_Machine,Reports/System/run_summaries/2026-05-20_09-45.md,obsidian://open?vault=World_Machine&file=Reports%2FSystem%2Frun_summaries%2F2026-05-20_09-45.md,C:\Users\CaveUser\Documents\Obsidian Vault\World_Machine\Reports\System\run_summaries\2026-05-20_09-45.md,World_Machine,Reports,evidenceartifact,Reports,System,,,,,,,,,,,,,,2026-05-20,2026-06-01,,,,,,,,,,run_summary,,,,
world:evidenceartifact:2026-05-20-12-30,EvidenceArtifact,2026-05-20_12-30,2026-05-20_12-30,2026-05-20_12-30,World_Machine,Reports/System/run_summaries/2026-05-20_12-30.md,obsidian://open?vault=World_Machine&file=Reports%2FSystem%2Frun_summaries%2F2026-05-20_12-30.md,C:\Users\CaveUser\Documents\Obsidian Vault\World_Machine\Reports\System\run_summaries\2026-05-20_12-30.md,World_Machine,Reports,evidenceartifact,Reports,System,,,,,,,,,,,,,,2026-05-20,2026-06-01,,,,,,,,,,run_summary,,,,
world:evidenceartifact:2026-05-20-midday-monitoring-snapshot,EvidenceArtifact,Midday Monitoring Snapshot - 2026-05-20,Midday Monitoring Snapshot - 2026-05-20,Midday Monitoring Snapshot - 2026-05-20,World_Machine,Reports/Midday/Monitoring/2026-05-20 Midday Monitoring Snapshot.md,obsidian://open?vault=World_Machine&file=Reports%2FMidday%2FMonitoring%2F2026-05-20%20Midday%20Monitoring%20Snapshot.md,C:\Users\CaveUser\Documents\Obsidian Vault\World_Machine\Reports\Midday\Monitoring\2026-05-20 Midday Monitoring Snapshot.md,World_Machine,Reports,evidenceartifact,Reports,Midday,,,,,,world-machine-review;monitoring_snapshot;midday,,,,,,,,,2026-06-01,,,,,,,,World Machine Review Flow,,monitoring_snapshot,2026-05-20,,,
world:evidenceartifact:2026-05-21-09-45,EvidenceArtifact,2026-05-21_09-45,2026-05-21_09-45,2026-05-21_09-45,World_Machine,Reports/System/run_summaries/2026-05-21_09-45.md,obsidian://open?vault=World_Machine&file=Reports%2FSystem%2Frun_summaries%2F2026-05-21_09-45.md,C:\Users\CaveUser\Documents\Obsidian Vault\World_Machine\Reports\System\run_summaries\2026-05-21_09-45.md,World_Machine,Reports,evidenceartifact,Reports,System,,,,,,,,,,,,,,2026-05-21,2026-06-01,,,,,,,,,,run_summary,,,,
world:evidenceartifact:2026-05-21-12-30,EvidenceArtifact,2026-05-21_12-30,2026-05-21_12-30,2026-05-21_12-30,World_Machine,Reports/System/run_summaries/2026-05-21_12-30.md,obsidian://open?vault=World_Machine&file=Reports%2FSystem%2Frun_summaries%2F2026-05-21_12-30.md,C:\Users\CaveUser\Documents\Obsidian Vault\World_Machine\Reports\System\run_summaries\2026-05-21_12-30.md,World_Machine,Reports,evidenceartifact,Reports,System,,,,,,,,,,,,,,2026-05-21,2026-06-01,,,,,,,,,,run_summary,,,,
world:evidenceartifact:2026-05-21-midday-monitoring-snapshot,EvidenceArtifact,Midday Monitoring Snapshot - 2026-05-21,Midday Monitoring Snapshot - 2026-05-21,Midday Monitoring Snapshot - 2026-05-21,World_Machine,Reports/Midday/Monitoring/2026-05-21 Midday Monitoring Snapshot.md,obsidian://open?vault=World_Machine&file=Reports%2FMidday%2FMonitoring%2F2026-05-21%20Midday%20Monitoring%20Snapshot.md,C:\Users\CaveUser\Documents\Obsidian Vault\World_Machine\Reports\Midday\Monitoring\2026-05-21 Midday Monitoring Snapshot.md,World_Machine,Reports,evidenceartifact,Reports,Midday,,,,,,world-machine-review;monitoring_snapshot;midday,,,,,,,,,2026-06-01,,,,,,,,World Machine Review Flow,,monitoring_snapshot,2026-05-21,,,
world:evidenceartifact:2026-05-22-09-45,EvidenceArtifact,2026-05-22_09-45,2026-05-22_09-45,2026-05-22_09-45,World_Machine,Reports/System/run_summaries/2026-05-22_09-45.md,obsidian://open?vault=World_Machine&file=Reports%2FSystem%2Frun_summaries%2F2026-05-22_09-45.md,C:\Users\CaveUser\Documents\Obsidian Vault\World_Machine\Reports\System\run_summaries\2026-05-22_09-45.md,World_Machine,Reports,evidenceartifact,Reports,System,,,,,,,,,,,,,,2026-05-22,2026-06-01,,,,,,,,,,run_summary,,,,
world:evidenceartifact:2026-05-22-12-30,EvidenceArtifact,2026-05-22_12-30,2026-05-22_12-30,2026-05-22_12-30,World_Machine,Reports/System/run_summaries/2026-05-22_12-30.md,obsidian://open?vault=World_Machine&file=Reports%2FSystem%2Frun_summaries%2F2026-05-22_12-30.md,C:\Users\CaveUser\Documents\Obsidian Vault\World_Machine\Reports\System\run_summaries\2026-05-22_12-30.md,World_Machine,Reports,evidenceartifact,Reports,System,,,,,,,,,,,,,,2026-05-22,2026-06-01,,,,,,,,,,run_summary,,,,
world:evidenceartifact:2026-05-22-midday-monitoring-snapshot,EvidenceArtifact,Midday Monitoring Snapshot - 2026-05-22,Midday Monitoring Snapshot - 2026-05-22,Midday Monitoring Snapshot - 2026-05-22,World_Machine,Reports/Midday/Monitoring/2026-05-22 Midday Monitoring Snapshot.md,obsidian://open?vault=World_Machine&file=Reports%2FMidday%2FMonitoring%2F2026-05-22%20Midday%20Monitoring%20Snapshot.md,C:\Users\CaveUser\Documents\Obsidian Vault\World_Machine\Reports\Midday\Monitoring\2026-05-22 Midday Monitoring Snapshot.md,World_Machine,Reports,evidenceartifact,Reports,Midday,,,,,,world-machine-review;monitoring_snapshot;midday,,,,,,,,,2026-06-01,,,,,,,,World Machine Review Flow,,monitoring_snapshot,2026-05-22,,,
world:evidenceartifact:2026-05-24-daily-briefing,EvidenceArtifact,Daily Briefing - 2026-05-24,Daily Briefing - 2026-05-24,Daily Briefing - 2026-05-24,World_Machine,Reports/Daily/Briefings/2026-05-24 Daily Briefing.md,obsidian://open?vault=World_Machine&file=Reports%2FDaily%2FBriefings%2F2026-05-24%20Daily%20Briefing.md,C:\Users\CaveUser\Documents\Obsidian Vault\World_Machine\Reports\Daily\Briefings\2026-05-24 Daily Briefing.md,World_Machine,Reports,evidenceartifact,Reports,Daily,,,,,,world-machine-review;briefing;daily,,,,,,,,,2026-06-01,,,,,,,,World Machine Review Flow,,briefing,2026-05-24,,,
world:evidenceartifact:2026-05-24-daily-monitoring-snapshot,EvidenceArtifact,Daily Monitoring Snapshot - 2026-05-24,Daily Monitoring Snapshot - 2026-05-24,Daily Monitoring Snapshot - 2026-05-24,World_Machine,Reports/Daily/Monitoring/2026-05-24 Daily Monitoring Snapshot.md,obsidian://open?vault=World_Machine&file=Reports%2FDaily%2FMonitoring%2F2026-05-24%20Daily%20Monitoring%20Snapshot.md,C:\Users\CaveUser\Documents\Obsidian Vault\World_Machine\Reports\Daily\Monitoring\2026-05-24 Daily Monitoring Snapshot.md,World_Machine,Reports,evidenceartifact,Reports,Daily,,,,,,world-machine-review;monitoring_snapshot;daily,,,,,,,,,2026-06-01,,,,,,,,World Machine Review Flow,,monitoring_snapshot,2026-05-24,,,
world:evidenceartifact:2026-05-25-09-45,EvidenceArtifact,2026-05-25_09-45,2026-05-25_09-45,2026-05-25_09-45,World_Machine,Reports/System/run_summaries/2026-05-25_09-45.md,obsidian://open?vault=World_Machine&file=Reports%2FSystem%2Frun_summaries%2F2026-05-25_09-45.md,C:\Users\CaveUser\Documents\Obsidian Vault\World_Machine\Reports\System\run_summaries\2026-05-25_09-45.md,World_Machine,Reports,evidenceartifact,Reports,System,,,,,,,,,,,,,,2026-05-25,2026-06-01,,,,,,,,,,run_summary,,,,
world:evidenceartifact:2026-05-25-12-30,EvidenceArtifact,2026-05-25_12-30,2026-05-25_12-30,2026-05-25_12-30,World_Machine,Reports/System/run_summaries/2026-05-25_12-30.md,obsidian://open?vault=World_Machine&file=Reports%2FSystem%2Frun_summaries%2F2026-05-25_12-30.md,C:\Users\CaveUser\Documents\Obsidian Vault\World_Machine\Reports\System\run_summaries\2026-05-25_12-30.md,World_Machine,Reports,evidenceartifact,Reports,System,,,,,,,,,,,,,,2026-05-25,2026-06-01,,,,,,,,,,run_summary,,,,
world:evidenceartifact:2026-05-25-daily-briefing,EvidenceArtifact,Daily Briefing - 2026-05-25,Daily Briefing - 2026-05-25,Daily Briefing - 2026-05-25,World_Machine,Reports/Daily/Briefings/2026-05-25 Daily Briefing.md,obsidian://open?vault=World_Machine&file=Reports%2FDaily%2FBriefings%2F2026-05-25%20Daily%20Briefing.md,C:\Users\CaveUser\Documents\Obsidian Vault\World_Machine\Reports\Daily\Briefings\2026-05-25 Daily Briefing.md,World_Machine,Reports,evidenceartifact,Reports,Daily,,,,,,world-machine-review;briefing;daily,,,,,,,,,2026-06-01,,,,,,,,World Machine Review Flow,,briefing,2026-05-25,,,
world:evidenceartifact:2026-05-25-daily-monitoring-snapshot,EvidenceArtifact,Daily Monitoring Snapshot - 2026-05-25,Daily Monitoring Snapshot - 2026-05-25,Daily Monitoring Snapshot - 2026-05-25,World_Machine,Reports/Daily/Monitoring/2026-05-25 Daily Monitoring Snapshot.md,obsidian://open?vault=World_Machine&file=Reports%2FDaily%2FMonitoring%2F2026-05-25%20Daily%20Monitoring%20Snapshot.md,C:\Users\CaveUser\Documents\Obsidian Vault\World_Machine\Reports\Daily\Monitoring\2026-05-25 Daily Monitoring Snapshot.md,World_Machine,Reports,evidenceartifact,Reports,Daily,,,,,,world-machine-review;monitoring_snapshot;daily,,,,,,,,,2026-06-01,,,,,,,,World Machine Review Flow,,monitoring_snapshot,2026-05-25,,,
world:evidenceartifact:2026-05-25-end-of-day-briefing,EvidenceArtifact,End Of Day Briefing - 2026-05-25,End Of Day Briefing - 2026-05-25,End Of Day Briefing - 2026-05-25,World_Machine,Reports/EOD/Briefings/2026-05-25 End Of Day Briefing.md,obsidian://open?vault=World_Machine&file=Reports%2FEOD%2FBriefings%2F2026-05-25%20End%20Of%20Day%20Briefing.md,C:\Users\CaveUser\Documents\Obsidian Vault\World_Machine\Reports\EOD\Briefings\2026-05-25 End Of Day Briefing.md,World_Machine,Reports,evidenceartifact,Reports,EOD,,,,,,world-machine-review;briefing;endofday,,,,,,,,,2026-06-01,,,,,,,,World Machine Review Flow,,briefing,2026-05-25,,,
world:evidenceartifact:2026-05-25-end-of-day-monitoring-snapshot,EvidenceArtifact,End Of Day Monitoring Snapshot - 2026-05-25,End Of Day Monitoring Snapshot - 2026-05-25,End Of Day Monitoring Snapshot - 2026-05-25,World_Machine,Reports/EOD/Monitoring/2026-05-25 End Of Day Monitoring Snapshot.md,obsidian://open?vault=World_Machine&file=Reports%2FEOD%2FMonitoring%2F2026-05-25%20End%20Of%20Day%20Monitoring%20Snapshot.md,C:\Users\CaveUser\Documents\Obsidian Vault\World_Machine\Reports\EOD\Monitoring\2026-05-25 End Of Day Monitoring Snapshot.md,World_Machine,Reports,evidenceartifact,Reports,EOD,,,,,,world-machine-review;monitoring_snapshot;endofday,,,,,,,,,2026-06-01,,,,,,,,World Machine Review Flow,,monitoring_snapshot,2026-05-25,,,
world:evidenceartifact:2026-05-25-midday-monitoring-snapshot,EvidenceArtifact,Midday Monitoring Snapshot - 2026-05-25,Midday Monitoring Snapshot - 2026-05-25,Midday Monitoring Snapshot - 2026-05-25,World_Machine,Reports/Midday/Monitoring/2026-05-25 Midday Monitoring Snapshot.md,obsidian://open?vault=World_Machine&file=Reports%2FMidday%2FMonitoring%2F2026-05-25%20Midday%20Monitoring%20Snapshot.md,C:\Users\CaveUser\Documents\Obsidian Vault\World_Machine\Reports\Midday\Monitoring\2026-05-25 Midday Monitoring Snapshot.md,World_Machine,Reports,evidenceartifact,Reports,Midday,,,,,,world-machine-review;monitoring_snapshot;midday,,,,,,,,,2026-06-01,,,,,,,,World Machine Review Flow,,monitoring_snapshot,2026-05-25,,,
world:evidenceartifact:2026-05-25-preclose-monitoring-snapshot,EvidenceArtifact,Preclose Monitoring Snapshot - 2026-05-25,Preclose Monitoring Snapshot - 2026-05-25,Preclose Monitoring Snapshot - 2026-05-25,World_Machine,Reports/Preclose/Monitoring/2026-05-25 Preclose Monitoring Snapshot.md,obsidian://open?vault=World_Machine&file=Reports%2FPreclose%2FMonitoring%2F2026-05-25%20Preclose%20Monitoring%20Snapshot.md,C:\Users\CaveUser\Documents\Obsidian Vault\World_Machine\Reports\Preclose\Monitoring\2026-05-25 Preclose Monitoring Snapshot.md,World_Machine,Reports,evidenceartifact,Reports,Preclose,,,,,,world-machine-review;monitoring_snapshot;preclose,,,,,,,,,2026-06-01,,,,,,,,World Machine Review Flow,,monitoring_snapshot,2026-05-25,,,
world:evidenceartifact:2026-05-25-premarket-monitoring-snapshot,EvidenceArtifact,Premarket Monitoring Snapshot - 2026-05-25,Premarket Monitoring Snapshot - 2026-05-25,Premarket Monitoring Snapshot - 2026-05-25,World_Machine,Reports/Premarket/Monitoring/2026-05-25 Premarket Monitoring Snapshot.md,obsidian://open?vault=World_Machine&file=Reports%2FPremarket%2FMonitoring%2F2026-05-25%20Premarket%20Monitoring%20Snapshot.md,C:\Users\CaveUser\Documents\Obsidian Vault\World_Machine\Reports\Premarket\Monitoring\2026-05-25 Premarket Monitoring Snapshot.md,World_Machine,Reports,evidenceartifact,Reports,Premarket,,,,,,world-machine-review;monitoring_snapshot;premarket,,,,,,,,,2026-06-01,,,,,,,,World Machine Review Flow,,monitoring_snapshot,2026-05-25,,,
world:evidenceartifact:2026-05-25-world-machine-event-connections,EvidenceArtifact,2026-05-25 World Machine Event Connections,2026-05-25 World Machine Event Connections,2026-05-25 World Machine Event Connections,World_Machine,Reports/System/2026-05-25 World Machine Event Connections.md,obsidian://open?vault=World_Machine&file=Reports%2FSystem%2F2026-05-25%20World%20Machine%20Event%20Connections.md,C:\Users\CaveUser\Documents\Obsidian Vault\World_Machine\Reports\System\2026-05-25 World Machine Event Connections.md,World_Machine,Reports,evidenceartifact,Reports,System,,,,,,,,,,,,,,,2026-06-01,,,,,,,,,,,,,,
world:evidenceartifact:2026-05-26-09-45,EvidenceArtifact,2026-05-26_09-45,2026-05-26_09-45,2026-05-26_09-45,World_Machine,Reports/System/run_summaries/2026-05-26_09-45.md,obsidian://open?vault=World_Machine&file=Reports%2FSystem%2Frun_summaries%2F2026-05-26_09-45.md,C:\Users\CaveUser\Documents\Obsidian Vault\World_Machine\Reports\System\run_summaries\2026-05-26_09-45.md,World_Machine,Reports,evidenceartifact,Reports,System,,,,,,,,,,,,,,2026-05-26,2026-06-01,,,,,,,,,,run_summary,,,,
world:evidenceartifact:2026-05-26-12-30,EvidenceArtifact,2026-05-26_12-30,2026-05-26_12-30,2026-05-26_12-30,World_Machine,Reports/System/run_summaries/2026-05-26_12-30.md,obsidian://open?vault=World_Machine&file=Reports%2FSystem%2Frun_summaries%2F2026-05-26_12-30.md,C:\Users\CaveUser\Documents\Obsidian Vault\World_Machine\Reports\System\run_summaries\2026-05-26_12-30.md,World_Machine,Reports,evidenceartifact,Reports,System,,,,,,,,,,,,,,2026-05-26,2026-06-01,,,,,,,,,,run_summary,,,,
world:evidenceartifact:2026-05-26-daily-briefing,EvidenceArtifact,Daily Briefing - 2026-05-26,Daily Briefing - 2026-05-26,Daily Briefing - 2026-05-26,World_Machine,Reports/Daily/Briefings/2026-05-26 Daily Briefing.md,obsidian://open?vault=World_Machine&file=Reports%2FDaily%2FBriefings%2F2026-05-26%20Daily%20Briefing.md,C:\Users\CaveUser\Documents\Obsidian Vault\World_Machine\Reports\Daily\Briefings\2026-05-26 Daily Briefing.md,World_Machine,Reports,evidenceartifact,Reports,Daily,,,,,,world-machine-review;briefing;daily,,,,,,,,,2026-06-01,,,,,,,,World Machine Review Flow,,briefing,2026-05-26,,,
world:evidenceartifact:2026-05-26-daily-monitoring-snapshot,EvidenceArtifact,Daily Monitoring Snapshot - 2026-05-26,Daily Monitoring Snapshot - 2026-05-26,Daily Monitoring Snapshot - 2026-05-26,World_Machine,Reports/Daily/Monitoring/2026-05-26 Daily Monitoring Snapshot.md,obsidian://open?vault=World_Machine&file=Reports%2FDaily%2FMonitoring%2F2026-05-26%20Daily%20Monitoring%20Snapshot.md,C:\Users\CaveUser\Documents\Obsidian Vault\World_Machine\Reports\Daily\Monitoring\2026-05-26 Daily Monitoring Snapshot.md,World_Machine,Reports,evidenceartifact,Reports,Daily,,,,,,world-machine-review;monitoring_snapshot;daily,,,,,,,,,2026-06-01,,,,,,,,World Machine Review Flow,,monitoring_snapshot,2026-05-26,,,
world:evidenceartifact:2026-05-26-end-of-day-briefing,EvidenceArtifact,End Of Day Briefing - 2026-05-26,End Of Day Briefing - 2026-05-26,End Of Day Briefing - 2026-05-26,World_Machine,Reports/EOD/Briefings/2026-05-26 End Of Day Briefing.md,obsidian://open?vault=World_Machine&file=Reports%2FEOD%2FBriefings%2F2026-05-26%20End%20Of%20Day%20Briefing.md,C:\Users\CaveUser\Documents\Obsidian Vault\World_Machine\Reports\EOD\Briefings\2026-05-26 End Of Day Briefing.md,World_Machine,Reports,evidenceartifact,Reports,EOD,,,,,,world-machine-review;briefing;endofday,,,,,,,,,2026-06-01,,,,,,,,World Machine Review Flow,,briefing,2026-05-26,,,
world:evidenceartifact:2026-05-26-end-of-day-monitoring-snapshot,EvidenceArtifact,End Of Day Monitoring Snapshot - 2026-05-26,End Of Day Monitoring Snapshot - 2026-05-26,End Of Day Monitoring Snapshot - 2026-05-26,World_Machine,Reports/EOD/Monitoring/2026-05-26 End Of Day Monitoring Snapshot.md,obsidian://open?vault=World_Machine&file=Reports%2FEOD%2FMonitoring%2F2026-05-26%20End%20Of%20Day%20Monitoring%20Snapshot.md,C:\Users\CaveUser\Documents\Obsidian Vault\World_Machine\Reports\EOD\Monitoring\2026-05-26 End Of Day Monitoring Snapshot.md,World_Machine,Reports,evidenceartifact,Reports,EOD,,,,,,world-machine-review;monitoring_snapshot;endofday,,,,,,,,,2026-06-01,,,,,,,,World Machine Review Flow,,monitoring_snapshot,2026-05-26,,,
world:evidenceartifact:2026-05-26-midday-monitoring-snapshot,EvidenceArtifact,Midday Monitoring Snapshot - 2026-05-26,Midday Monitoring Snapshot - 2026-05-26,Midday Monitoring Snapshot - 2026-05-26,World_Machine,Reports/Midday/Monitoring/2026-05-26 Midday Monitoring Snapshot.md,obsidian://open?vault=World_Machine&file=Reports%2FMidday%2FMonitoring%2F2026-05-26%20Midday%20Monitoring%20Snapshot.md,C:\Users\CaveUser\Documents\Obsidian Vault\World_Machine\Reports\Midday\Monitoring\2026-05-26 Midday Monitoring Snapshot.md,World_Machine,Reports,evidenceartifact,Reports,Midday,,,,,,world-machine-review;monitoring_snapshot;midday,,,,,,,,,2026-06-01,,,,,,,,World Machine Review Flow,,monitoring_snapshot,2026-05-26,,,
world:evidenceartifact:2026-05-26-preclose-monitoring-snapshot,EvidenceArtifact,Preclose Monitoring Snapshot - 2026-05-26,Preclose Monitoring Snapshot - 2026-05-26,Preclose Monitoring Snapshot - 2026-05-26,World_Machine,Reports/Preclose/Monitoring/2026-05-26 Preclose Monitoring Snapshot.md,obsidian://open?vault=World_Machine&file=Reports%2FPreclose%2FMonitoring%2F2026-05-26%20Preclose%20Monitoring%20Snapshot.md,C:\Users\CaveUser\Documents\Obsidian Vault\World_Machine\Reports\Preclose\Monitoring\2026-05-26 Preclose Monitoring Snapshot.md,World_Machine,Reports,evidenceartifact,Reports,Preclose,,,,,,world-machine-review;monitoring_snapshot;preclose,,,,,,,,,2026-06-01,,,,,,,,World Machine Review Flow,,monitoring_snapshot,2026-05-26,,,
world:evidenceartifact:2026-05-26-premarket-monitoring-snapshot,EvidenceArtifact,Premarket Monitoring Snapshot - 2026-05-26,Premarket Monitoring Snapshot - 2026-05-26,Premarket Monitoring Snapshot - 2026-05-26,World_Machine,Reports/Premarket/Monitoring/2026-05-26 Premarket Monitoring Snapshot.md,obsidian://open?vault=World_Machine&file=Reports%2FPremarket%2FMonitoring%2F2026-05-26%20Premarket%20Monitoring%20Snapshot.md,C:\Users\CaveUser\Documents\Obsidian Vault\World_Machine\Reports\Premarket\Monitoring\2026-05-26 Premarket Monitoring Snapshot.md,World_Machine,Reports,evidenceartifact,Reports,Premarket,,,,,,world-machine-review;monitoring_snapshot;premarket,,,,,,,,,2026-06-01,,,,,,,,World Machine Review Flow,,monitoring_snapshot,2026-05-26,,,
world:evidenceartifact:2026-05-27-09-45,EvidenceArtifact,2026-05-27_09-45,2026-05-27_09-45,2026-05-27_09-45,World_Machine,Reports/System/run_summaries/2026-05-27_09-45.md,obsidian://open?vault=World_Machine&file=Reports%2FSystem%2Frun_summaries%2F2026-05-27_09-45.md,C:\Users\CaveUser\Documents\Obsidian Vault\World_Machine\Reports\System\run_summaries\2026-05-27_09-45.md,World_Machine,Reports,evidenceartifact,Reports,System,,,,,,,,,,,,,,2026-05-27,2026-06-01,,,,,,,,,,run_summary,,,,
world:evidenceartifact:2026-05-27-12-30,EvidenceArtifact,2026-05-27_12-30,2026-05-27_12-30,2026-05-27_12-30,World_Machine,Reports/System/run_summaries/2026-05-27_12-30.md,obsidian://open?vault=World_Machine&file=Reports%2FSystem%2Frun_summaries%2F2026-05-27_12-30.md,C:\Users\CaveUser\Documents\Obsidian Vault\World_Machine\Reports\System\run_summaries\2026-05-27_12-30.md,World_Machine,Reports,evidenceartifact,Reports,System,,,,,,,,,,,,,,2026-05-27,2026-06-01,,,,,,,,,,run_summary,,,,
world:evidenceartifact:2026-05-27-daily-briefing,EvidenceArtifact,Daily Briefing - 2026-05-27,Daily Briefing - 2026-05-27,Daily Briefing - 2026-05-27,World_Machine,Reports/Daily/Briefings/2026-05-27 Daily Briefing.md,obsidian://open?vault=World_Machine&file=Reports%2FDaily%2FBriefings%2F2026-05-27%20Daily%20Briefing.md,C:\Users\CaveUser\Documents\Obsidian Vault\World_Machine\Reports\Daily\Briefings\2026-05-27 Daily Briefing.md,World_Machine,Reports,evidenceartifact,Reports,Daily,,,,,,world-machine-review;briefing;daily,,,,,,,,,2026-06-01,,,,,,,,World Machine Review Flow,,briefing,2026-05-27,,,
world:evidenceartifact:2026-05-27-daily-monitoring-snapshot,EvidenceArtifact,Daily Monitoring Snapshot - 2026-05-27,Daily Monitoring Snapshot - 2026-05-27,Daily Monitoring Snapshot - 2026-05-27,World_Machine,Reports/Daily/Monitoring/2026-05-27 Daily Monitoring Snapshot.md,obsidian://open?vault=World_Machine&file=Reports%2FDaily%2FMonitoring%2F2026-05-27%20Daily%20Monitoring%20Snapshot.md,C:\Users\CaveUser\Documents\Obsidian Vault\World_Machine\Reports\Daily\Monitoring\2026-05-27 Daily Monitoring Snapshot.md,World_Machine,Reports,evidenceartifact,Reports,Daily,,,,,,world-machine-review;monitoring_snapshot;daily,,,,,,,,,2026-06-01,,,,,,,,World Machine Review Flow,,monitoring_snapshot,2026-05-27,,,
world:evidenceartifact:2026-05-27-midday-monitoring-snapshot,EvidenceArtifact,Midday Monitoring Snapshot - 2026-05-27,Midday Monitoring Snapshot - 2026-05-27,Midday Monitoring Snapshot - 2026-05-27,World_Machine,Reports/Midday/Monitoring/2026-05-27 Midday Monitoring Snapshot.md,obsidian://open?vault=World_Machine&file=Reports%2FMidday%2FMonitoring%2F2026-05-27%20Midday%20Monitoring%20Snapshot.md,C:\Users\CaveUser\Documents\Obsidian Vault\World_Machine\Reports\Midday\Monitoring\2026-05-27 Midday Monitoring Snapshot.md,World_Machine,Reports,evidenceartifact,Reports,Midday,,,,,,world-machine-review;monitoring_snapshot;midday,,,,,,,,,2026-06-01,,,,,,,,World Machine Review Flow,,monitoring_snapshot,2026-05-27,,,
world:evidenceartifact:2026-05-28-09-45,EvidenceArtifact,2026-05-28_09-45,2026-05-28_09-45,2026-05-28_09-45,World_Machine,Reports/System/run_summaries/2026-05-28_09-45.md,obsidian://open?vault=World_Machine&file=Reports%2FSystem%2Frun_summaries%2F2026-05-28_09-45.md,C:\Users\CaveUser\Documents\Obsidian Vault\World_Machine\Reports\System\run_summaries\2026-05-28_09-45.md,World_Machine,Reports,evidenceartifact,Reports,System,,,,,,,,,,,,,,2026-05-28,2026-06-01,,,,,,,,,,run_summary,,,,
world:evidenceartifact:2026-05-28-12-30,EvidenceArtifact,2026-05-28_12-30,2026-05-28_12-30,2026-05-28_12-30,World_Machine,Reports/System/run_summaries/2026-05-28_12-30.md,obsidian://open?vault=World_Machine&file=Reports%2FSystem%2Frun_summaries%2F2026-05-28_12-30.md,C:\Users\CaveUser\Documents\Obsidian Vault\World_Machine\Reports\System\run_summaries\2026-05-28_12-30.md,World_Machine,Reports,evidenceartifact,Reports,System,,,,,,,,,,,,,,2026-05-28,2026-06-01,,,,,,,,,,run_summary,,,,
world:evidenceartifact:2026-05-28-daily-briefing,EvidenceArtifact,Daily Briefing - 2026-05-28,Daily Briefing - 2026-05-28,Daily Briefing - 2026-05-28,World_Machine,Reports/Daily/Briefings/2026-05-28 Daily Briefing.md,obsidian://open?vault=World_Machine&file=Reports%2FDaily%2FBriefings%2F2026-05-28%20Daily%20Briefing.md,C:\Users\CaveUser\Documents\Obsidian Vault\World_Machine\Reports\Daily\Briefings\2026-05-28 Daily Briefing.md,World_Machine,Reports,evidenceartifact,Reports,Daily,,,,,,world-machine-review;briefing;daily,,,,,,,,,2026-06-01,,,,,,,,World Machine Review Flow,,briefing,2026-05-28,,,
world:evidenceartifact:2026-05-28-daily-monitoring-snapshot,EvidenceArtifact,Daily Monitoring Snapshot - 2026-05-28,Daily Monitoring Snapshot - 2026-05-28,Daily Monitoring Snapshot - 2026-05-28,World_Machine,Reports/Daily/Monitoring/2026-05-28 Daily Monitoring Snapshot.md,obsidian://open?vault=World_Machine&file=Reports%2FDaily%2FMonitoring%2F2026-05-28%20Daily%20Monitoring%20Snapshot.md,C:\Users\CaveUser\Documents\Obsidian Vault\World_Machine\Reports\Daily\Monitoring\2026-05-28 Daily Monitoring Snapshot.md,World_Machine,Reports,evidenceartifact,Reports,Daily,,,,,,world-machine-review;monitoring_snapshot;daily,,,,,,,,,2026-06-01,,,,,,,,World Machine Review Flow,,monitoring_snapshot,2026-05-28,,,
world:evidenceartifact:2026-05-28-midday-monitoring-snapshot,EvidenceArtifact,Midday Monitoring Snapshot - 2026-05-28,Midday Monitoring Snapshot - 2026-05-28,Midday Monitoring Snapshot - 2026-05-28,World_Machine,Reports/Midday/Monitoring/2026-05-28 Midday Monitoring Snapshot.md,obsidian://open?vault=World_Machine&file=Reports%2FMidday%2FMonitoring%2F2026-05-28%20Midday%20Monitoring%20Snapshot.md,C:\Users\CaveUser\Documents\Obsidian Vault\World_Machine\Reports\Midday\Monitoring\2026-05-28 Midday Monitoring Snapshot.md,World_Machine,Reports,evidenceartifact,Reports,Midday,,,,,,world-machine-review;monitoring_snapshot;midday,,,,,,,,,2026-06-01,,,,,,,,World Machine Review Flow,,monitoring_snapshot,2026-05-28,,,
world:evidenceartifact:2026-05-28-premarket-monitoring-snapshot,EvidenceArtifact,Premarket Monitoring Snapshot - 2026-05-28,Premarket Monitoring Snapshot - 2026-05-28,Premarket Monitoring Snapshot - 2026-05-28,World_Machine,Reports/Premarket/Monitoring/2026-05-28 Premarket Monitoring Snapshot.md,obsidian://open?vault=World_Machine&file=Reports%2FPremarket%2FMonitoring%2F2026-05-28%20Premarket%20Monitoring%20Snapshot.md,C:\Users\CaveUser\Documents\Obsidian Vault\World_Machine\Reports\Premarket\Monitoring\2026-05-28 Premarket Monitoring Snapshot.md,World_Machine,Reports,evidenceartifact,Reports,Premarket,,,,,,world-machine-review;monitoring_snapshot;premarket,,,,,,,,,2026-06-01,,,,,,,,World Machine Review Flow,,monitoring_snapshot,2026-05-28,,,
world:evidenceartifact:2026-05-28-review-queue-rollup-before-2026-05-27,EvidenceArtifact,2026-05-28 - Review Queue Rollup before 2026-05-27,2026-05-28 - Review Queue Rollup before 2026-05-27,2026-05-28 - Review Queue Rollup before 2026-05-27,World_Machine,Reports/Review Queue/2026-05-28 - Review Queue Rollup before 2026-05-27.md,obsidian://open?vault=World_Machine&file=Reports%2FReview%20Queue%2F2026-05-28%20-%20Review%20Queue%20Rollup%20before%202026-05-27.md,C:\Users\CaveUser\Documents\Obsidian Vault\World_Machine\Reports\Review Queue\2026-05-28 - Review Queue Rollup before 2026-05-27.md,World_Machine,Reports,evidenceartifact,Reports,Review Queue,,,,,,review-queue;rollup,archived,,,,,,,2026-05-28,2026-06-01,,,,,,,,,,review-queue-rollup,,,,
world:evidenceartifact:2026-05-29-09-45,EvidenceArtifact,2026-05-29_09-45,2026-05-29_09-45,2026-05-29_09-45,World_Machine,Reports/System/run_summaries/2026-05-29_09-45.md,obsidian://open?vault=World_Machine&file=Reports%2FSystem%2Frun_summaries%2F2026-05-29_09-45.md,C:\Users\CaveUser\Documents\Obsidian Vault\World_Machine\Reports\System\run_summaries\2026-05-29_09-45.md,World_Machine,Reports,evidenceartifact,Reports,System,,,,,,,,,,,,,,2026-05-29,2026-06-01,,,,,,,,,,run_summary,,,,
world:evidenceartifact:2026-05-29-12-30,EvidenceArtifact,2026-05-29_12-30,2026-05-29_12-30,2026-05-29_12-30,World_Machine,Reports/System/run_summaries/2026-05-29_12-30.md,obsidian://open?vault=World_Machine&file=Reports%2FSystem%2Frun_summaries%2F2026-05-29_12-30.md,C:\Users\CaveUser\Documents\Obsidian Vault\World_Machine\Reports\System\run_summaries\2026-05-29_12-30.md,World_Machine,Reports,evidenceartifact,Reports,System,,,,,,,,,,,,,,2026-05-29,2026-06-01,,,,,,,,,,run_summary,,,,
world:evidenceartifact:2026-05-29-daily-briefing,EvidenceArtifact,Daily Briefing - 2026-05-29,Daily Briefing - 2026-05-29,Daily Briefing - 2026-05-29,World_Machine,Reports/Daily/Briefings/2026-05-29 Daily Briefing.md,obsidian://open?vault=World_Machine&file=Reports%2FDaily%2FBriefings%2F2026-05-29%20Daily%20Briefing.md,C:\Users\CaveUser\Documents\Obsidian Vault\World_Machine\Reports\Daily\Briefings\2026-05-29 Daily Briefing.md,World_Machine,Reports,evidenceartifact,Reports,Daily,,,,,,world-machine-review;briefing;daily,,,,,,,,,2026-06-01,,,,,,,,World Machine Review Flow,,briefing,2026-05-29,,,
world:evidenceartifact:2026-05-29-daily-monitoring-snapshot,EvidenceArtifact,Daily Monitoring Snapshot - 2026-05-29,Daily Monitoring Snapshot - 2026-05-29,Daily Monitoring Snapshot - 2026-05-29,World_Machine,Reports/Daily/Monitoring/2026-05-29 Daily Monitoring Snapshot.md,obsidian://open?vault=World_Machine&file=Reports%2FDaily%2FMonitoring%2F2026-05-29%20Daily%20Monitoring%20Snapshot.md,C:\Users\CaveUser\Documents\Obsidian Vault\World_Machine\Reports\Daily\Monitoring\2026-05-29 Daily Monitoring Snapshot.md,World_Machine,Reports,evidenceartifact,Reports,Daily,,,,,,world-machine-review;monitoring_snapshot;daily,,,,,,,,,2026-06-01,,,,,,,,World Machine Review Flow,,monitoring_snapshot,2026-05-29,,,
world:evidenceartifact:2026-05-29-midday-monitoring-snapshot,EvidenceArtifact,Midday Monitoring Snapshot - 2026-05-29,Midday Monitoring Snapshot - 2026-05-29,Midday Monitoring Snapshot - 2026-05-29,World_Machine,Reports/Midday/Monitoring/2026-05-29 Midday Monitoring Snapshot.md,obsidian://open?vault=World_Machine&file=Reports%2FMidday%2FMonitoring%2F2026-05-29%20Midday%20Monitoring%20Snapshot.md,C:\Users\CaveUser\Documents\Obsidian Vault\World_Machine\Reports\Midday\Monitoring\2026-05-29 Midday Monitoring Snapshot.md,World_Machine,Reports,evidenceartifact,Reports,Midday,,,,,,world-machine-review;monitoring_snapshot;midday,,,,,,,,,2026-06-01,,,,,,,,World Machine Review Flow,,monitoring_snapshot,2026-05-29,,,
world:evidenceartifact:2026-06-01-09-45,EvidenceArtifact,2026-06-01_09-45,2026-06-01_09-45,2026-06-01_09-45,World_Machine,Reports/System/run_summaries/2026-06-01_09-45.md,obsidian://open?vault=World_Machine&file=Reports%2FSystem%2Frun_summaries%2F2026-06-01_09-45.md,C:\Users\CaveUser\Documents\Obsidian Vault\World_Machine\Reports\System\run_summaries\2026-06-01_09-45.md,World_Machine,Reports,evidenceartifact,Reports,System,,,,,,,,,,,,,,2026-06-01,2026-06-01,,,,,,,,,,run_summary,,,,
world:evidenceartifact:2026-06-01-12-30,EvidenceArtifact,2026-06-01_12-30,2026-06-01_12-30,2026-06-01_12-30,World_Machine,Reports/System/run_summaries/2026-06-01_12-30.md,obsidian://open?vault=World_Machine&file=Reports%2FSystem%2Frun_summaries%2F2026-06-01_12-30.md,C:\Users\CaveUser\Documents\Obsidian Vault\World_Machine\Reports\System\run_summaries\2026-06-01_12-30.md,World_Machine,Reports,evidenceartifact,Reports,System,,,,,,,,,,,,,,2026-06-01,2026-06-01,,,,,,,,,,run_summary,,,,
world:evidenceartifact:2026-06-01-midday-monitoring-snapshot,EvidenceArtifact,Midday Monitoring Snapshot - 2026-06-01,Midday Monitoring Snapshot - 2026-06-01,Midday Monitoring Snapshot - 2026-06-01,World_Machine,Reports/Midday/Monitoring/2026-06-01 Midday Monitoring Snapshot.md,obsidian://open?vault=World_Machine&file=Reports%2FMidday%2FMonitoring%2F2026-06-01%20Midday%20Monitoring%20Snapshot.md,C:\Users\CaveUser\Documents\Obsidian Vault\World_Machine\Reports\Midday\Monitoring\2026-06-01 Midday Monitoring Snapshot.md,World_Machine,Reports,evidenceartifact,Reports,Midday,,,,,,world-machine-review;monitoring_snapshot;midday,,,,,,,,,2026-06-01,,,,,,,,World Machine Review Flow,,monitoring_snapshot,2026-06-01,,,
world:evidenceartifact:2026-w20-weekly-world-machine-summary,EvidenceArtifact,2026-W20 - Weekly World Machine Summary,2026-W20 - Weekly World Machine Summary,2026-W20 - Weekly World Machine Summary,World_Machine,Reports/Weekly/2026-W20 - Weekly World Machine Summary.md,obsidian://open?vault=World_Machine&file=Reports%2FWeekly%2F2026-W20%20-%20Weekly%20World%20Machine%20Summary.md,C:\Users\CaveUser\Documents\Obsidian Vault\World_Machine\Reports\Weekly\2026-W20 - Weekly World Machine Summary.md,World_Machine,Reports,evidenceartifact,Reports,Weekly,,,,,,report;weekly;world-machine;review-routing;inbox-ingestion,active,,,,,,,2026-05-15,2026-06-01,,,,,,,,,,report,,,,
world:evidenceartifact:2026-w22-strategy-backlog-review,EvidenceArtifact,2026-W22 - Strategy Backlog Review,2026-W22 - Strategy Backlog Review,2026-W22 - Strategy Backlog Review,World_Machine,Reports/Weekly/2026-W22 - Strategy Backlog Review.md,obsidian://open?vault=World_Machine&file=Reports%2FWeekly%2F2026-W22%20-%20Strategy%20Backlog%20Review.md,C:\Users\CaveUser\Documents\Obsidian Vault\World_Machine\Reports\Weekly\2026-W22 - Strategy Backlog Review.md,World_Machine,Reports,evidenceartifact,Reports,Weekly,,,,,,report;weekly;inbox-ingestion;strategy-review;backlog-review,active,,,,,,,2026-05-26,2026-06-01,,,,,,,,,,report,,,,
world:evidenceartifact:backtest-fmp-historical-ohlcv-orb-eod-backtest,EvidenceArtifact,FMP Historical OHLCV - orb_eod_backtest,FMP Historical OHLCV - orb_eod_backtest,FMP Historical OHLCV - orb_eod_backtest,World_Machine,Reports/Freshness/Sources/backtest__fmp-historical-ohlcv__orb_eod_backtest.md,obsidian://open?vault=World_Machine&file=Reports%2FFreshness%2FSources%2Fbacktest__fmp-historical-ohlcv__orb_eod_backtest.md,C:\Users\CaveUser\Documents\Obsidian Vault\World_Machine\Reports\Freshness\Sources\backtest__fmp-historical-ohlcv__orb_eod_backtest.md,World_Machine,Reports,evidenceartifact,Reports,Freshness,,,,,,world-machine-review;freshness,,watch,,,,,,,2026-06-01,,,,,,,,FMP Historical OHLCV,,orb_eod_backtest,2026-04-30,,,
world:evidenceartifact:biotech-clinicaltrials-gov-v2-api-event-list,EvidenceArtifact,ClinicalTrials.gov v2 API - event_list,ClinicalTrials.gov v2 API - event_list,ClinicalTrials.gov v2 API - event_list,World_Machine,Reports/Freshness/Sources/biotech__clinicaltrials-gov-v2-api__event_list.md,obsidian://open?vault=World_Machine&file=Reports%2FFreshness%2FSources%2Fbiotech__clinicaltrials-gov-v2-api__event_list.md,C:\Users\CaveUser\Documents\Obsidian Vault\World_Machine\Reports\Freshness\Sources\biotech__clinicaltrials-gov-v2-api__event_list.md,World_Machine,Reports,evidenceartifact,Reports,Freshness,,,,,,world-machine-review;freshness,,clear,,,,,,,2026-06-01,,,,,,,,ClinicalTrials.gov v2 API,,event_list,2026-05-16,,,
world:evidenceartifact:biotech-openfda-event-list,EvidenceArtifact,openFDA - event_list,openFDA - event_list,openFDA - event_list,World_Machine,Reports/Freshness/Sources/biotech__openfda__event_list.md,obsidian://open?vault=World_Machine&file=Reports%2FFreshness%2FSources%2Fbiotech__openfda__event_list.md,C:\Users\CaveUser\Documents\Obsidian Vault\World_Machine\Reports\Freshness\Sources\biotech__openfda__event_list.md,World_Machine,Reports,evidenceartifact,Reports,Freshness,,,,,,world-machine-review;freshness,,watch,,,,,,,2026-06-01,,,,,,,,openFDA,,event_list,2026-05-16,,,
world:evidenceartifact:breaking-points-policy-backstops,EvidenceArtifact,Breaking Points / Policy Backstops Cycle Status,Breaking Points / Policy Backstops Cycle Status,Breaking Points / Policy Backstops Cycle Status,World_Machine,Reports/Freshness/Market_Cycles/breaking-points-policy-backstops.md,obsidian://open?vault=World_Machine&file=Reports%2FFreshness%2FMarket_Cycles%2Fbreaking-points-policy-backstops.md,C:\Users\CaveUser\Documents\Obsidian Vault\World_Machine\Reports\Freshness\Market_Cycles\breaking-points-policy-backstops.md,World_Machine,Reports,evidenceartifact,Reports,Freshness,,,,,,world-machine-review;market-cycle-monitor,,watch,,,,,2026-05-30T19:54:57,,2026-06-01,,,,,,,,,,market_cycle_status,,,,
world:evidenceartifact:commodities-financial-modeling-prep-screener,EvidenceArtifact,Financial Modeling Prep - screener,Financial Modeling Prep - screener,Financial Modeling Prep - screener,World_Machine,Reports/Freshness/Sources/commodities__financial-modeling-prep__screener.md,obsidian://open?vault=World_Machine&file=Reports%2FFreshness%2FSources%2Fcommodities__financial-modeling-prep__screener.md,C:\Users\CaveUser\Documents\Obsidian Vault\World_Machine\Reports\Freshness\Sources\commodities__financial-modeling-prep__screener.md,World_Machine,Reports,evidenceartifact,Reports,Freshness,,,,,,world-machine-review;freshness,,clear,,,,,,,2026-06-01,,,,,,,,Financial Modeling Prep,,screener,2026-05-24,,,
world:evidenceartifact:commodity-delivery-storage,EvidenceArtifact,Commodity Delivery / Storage Cycle Status,Commodity Delivery / Storage Cycle Status,Commodity Delivery / Storage Cycle Status,World_Machine,Reports/Freshness/Market_Cycles/commodity-delivery-storage.md,obsidian://open?vault=World_Machine&file=Reports%2FFreshness%2FMarket_Cycles%2Fcommodity-delivery-storage.md,C:\Users\CaveUser\Documents\Obsidian Vault\World_Machine\Reports\Freshness\Market_Cycles\commodity-delivery-storage.md,World_Machine,Reports,evidenceartifact,Reports,Freshness,,,,,,world-machine-review;market-cycle-monitor,,unknown,,,,,,,2026-06-01,,,,,,,,,,market_cycle_status,,,,
world:evidenceartifact:credit-redemptions-etfs,EvidenceArtifact,Credit Redemptions / ETFs Cycle Status,Credit Redemptions / ETFs Cycle Status,Credit Redemptions / ETFs Cycle Status,World_Machine,Reports/Freshness/Market_Cycles/credit-redemptions-etfs.md,obsidian://open?vault=World_Machine&file=Reports%2FFreshness%2FMarket_Cycles%2Fcredit-redemptions-etfs.md,C:\Users\CaveUser\Documents\Obsidian Vault\World_Machine\Reports\Freshness\Market_Cycles\credit-redemptions-etfs.md,World_Machine,Reports,evidenceartifact,Reports,Freshness,,,,,,world-machine-review;market-cycle-monitor,,unknown,,,,,,,2026-06-01,,,,,,,,,,market_cycle_status,,,,
world:evidenceartifact:energy-eia-api-v2-time-series,EvidenceArtifact,EIA API v2 - time_series,EIA API v2 - time_series,EIA API v2 - time_series,World_Machine,Reports/Freshness/Sources/energy__eia-api-v2__time_series.md,obsidian://open?vault=World_Machine&file=Reports%2FFreshness%2FSources%2Fenergy__eia-api-v2__time_series.md,C:\Users\CaveUser\Documents\Obsidian Vault\World_Machine\Reports\Freshness\Sources\energy__eia-api-v2__time_series.md,World_Machine,Reports,evidenceartifact,Reports,Freshness,,,,,,world-machine-review;freshness,,clear,,,,,,,2026-06-01,,,,,,,,EIA API v2,,time_series,2026-05-02,,,
world:evidenceartifact:eod-reports-index,EvidenceArtifact,_EOD Reports Index,_EOD Reports Index,_EOD Reports Index,World_Machine,Reports/EOD/_EOD Reports Index.md,obsidian://open?vault=World_Machine&file=Reports%2FEOD%2F_EOD%20Reports%20Index.md,C:\Users\CaveUser\Documents\Obsidian Vault\World_Machine\Reports\EOD\_EOD Reports Index.md,World_Machine,Reports,evidenceartifact,Reports,EOD,,,,,,reports;eod;vault-state,,,,,,,,2026-05-13,2026-06-01,,,,,,,,,,reports-index,,,,
world:evidenceartifact:equity-options-microstructure,EvidenceArtifact,Equity Options Microstructure Cycle Status,Equity Options Microstructure Cycle Status,Equity Options Microstructure Cycle Status,World_Machine,Reports/Freshness/Market_Cycles/equity-options-microstructure.md,obsidian://open?vault=World_Machine&file=Reports%2FFreshness%2FMarket_Cycles%2Fequity-options-microstructure.md,C:\Users\CaveUser\Documents\Obsidian Vault\World_Machine\Reports\Freshness\Market_Cycles\equity-options-microstructure.md,World_Machine,Reports,evidenceartifact,Reports,Freshness,,,,,,world-machine-review;market-cycle-monitor,,clear,,,,,2026-05-30T19:50:29,,2026-06-01,,,,,,,,,,market_cycle_status,,,,
world:evidenceartifact:etf-financial-modeling-prep-screener,EvidenceArtifact,Financial Modeling Prep - screener,Financial Modeling Prep - screener,Financial Modeling Prep - screener,World_Machine,Reports/Freshness/Sources/etf__financial-modeling-prep__screener.md,obsidian://open?vault=World_Machine&file=Reports%2FFreshness%2FSources%2Fetf__financial-modeling-prep__screener.md,C:\Users\CaveUser\Documents\Obsidian Vault\World_Machine\Reports\Freshness\Sources\etf__financial-modeling-prep__screener.md,World_Machine,Reports,evidenceartifact,Reports,Freshness,,,,,,world-machine-review;freshness,,clear,,,,,,,2026-06-01,,,,,,,,Financial Modeling Prep,,screener,2026-05-24,,,
world:evidenceartifact:forced-flow-positioning,EvidenceArtifact,Forced Flow Positioning Cycle Status,Forced Flow Positioning Cycle Status,Forced Flow Positioning Cycle Status,World_Machine,Reports/Freshness/Market_Cycles/forced-flow-positioning.md,obsidian://open?vault=World_Machine&file=Reports%2FFreshness%2FMarket_Cycles%2Fforced-flow-positioning.md,C:\Users\CaveUser\Documents\Obsidian Vault\World_Machine\Reports\Freshness\Market_Cycles\forced-flow-positioning.md,World_Machine,Reports,evidenceartifact,Reports,Freshness,,,,,,world-machine-review;market-cycle-monitor,,clear,,,,,2026-05-16T10:42:57,,2026-06-01,,,,,,,,,,market_cycle_status,,,,
world:evidenceartifact:fundamentals-financial-modeling-prep-screener,EvidenceArtifact,Financial Modeling Prep - screener,Financial Modeling Prep - screener,Financial Modeling Prep - screener,World_Machine,Reports/Freshness/Sources/fundamentals__financial-modeling-prep__screener.md,obsidian://open?vault=World_Machine&file=Reports%2FFreshness%2FSources%2Ffundamentals__financial-modeling-prep__screener.md,C:\Users\CaveUser\Documents\Obsidian Vault\World_Machine\Reports\Freshness\Sources\fundamentals__financial-modeling-prep__screener.md,World_Machine,Reports,evidenceartifact,Reports,Freshness,,,,,,world-machine-review;freshness,,clear,,,,,,,2026-06-01,,,,,,,,Financial Modeling Prep,,screener,2026-05-24,,,
world:evidenceartifact:fundamentals-fmp-premium-sec-edgar-screener,EvidenceArtifact,FMP Premium + SEC EDGAR - screener,FMP Premium + SEC EDGAR - screener,FMP Premium + SEC EDGAR - screener,World_Machine,Reports/Freshness/Sources/fundamentals__fmp-premium-sec-edgar__screener.md,obsidian://open?vault=World_Machine&file=Reports%2FFreshness%2FSources%2Ffundamentals__fmp-premium-sec-edgar__screener.md,C:\Users\CaveUser\Documents\Obsidian Vault\World_Machine\Reports\Freshness\Sources\fundamentals__fmp-premium-sec-edgar__screener.md,World_Machine,Reports,evidenceartifact,Reports,Freshness,,,,,,world-machine-review;freshness,,clear,,,,,,,2026-06-01,,,,,,,,FMP Premium + SEC EDGAR,,screener,2026-05-23,,,
world:evidenceartifact:fundamentals-fmp-screener-batch-screener-review-summary,EvidenceArtifact,fmp-screener-batch - screener_review_summary,fmp-screener-batch - screener_review_summary,fmp-screener-batch - screener_review_summary,World_Machine,Reports/Freshness/Sources/fundamentals__fmp-screener-batch__screener_review_summary.md,obsidian://open?vault=World_Machine&file=Reports%2FFreshness%2FSources%2Ffundamentals__fmp-screener-batch__screener_review_summary.md,C:\Users\CaveUser\Documents\Obsidian Vault\World_Machine\Reports\Freshness\Sources\fundamentals__fmp-screener-batch__screener_review_summary.md,World_Machine,Reports,evidenceartifact,Reports,Freshness,,,,,,world-machine-review;freshness,,watch,,,,,,,2026-06-01,,,,,,,,fmp-screener-batch,,screener_review_summary,2026-05-24,,,
world:evidenceartifact:fundamentals-sec-edgar-digest,EvidenceArtifact,SEC EDGAR - digest,SEC EDGAR - digest,SEC EDGAR - digest,World_Machine,Reports/Freshness/Sources/fundamentals__sec-edgar__digest.md,obsidian://open?vault=World_Machine&file=Reports%2FFreshness%2FSources%2Ffundamentals__sec-edgar__digest.md,C:\Users\CaveUser\Documents\Obsidian Vault\World_Machine\Reports\Freshness\Sources\fundamentals__sec-edgar__digest.md,World_Machine,Reports,evidenceartifact,Reports,Freshness,,,,,,world-machine-review;freshness,,clear,,,,,,,2026-06-01,,,,,,,,SEC EDGAR,,digest,2026-05-24,,,
world:evidenceartifact:fundamentals-sec-edgar-disclosure-reality-check,EvidenceArtifact,SEC EDGAR - disclosure_reality_check,SEC EDGAR - disclosure_reality_check,SEC EDGAR - disclosure_reality_check,World_Machine,Reports/Freshness/Sources/fundamentals__sec-edgar__disclosure_reality_check.md,obsidian://open?vault=World_Machine&file=Reports%2FFreshness%2FSources%2Ffundamentals__sec-edgar__disclosure_reality_check.md,C:\Users\CaveUser\Documents\Obsidian Vault\World_Machine\Reports\Freshness\Sources\fundamentals__sec-edgar__disclosure_reality_check.md,World_Machine,Reports,evidenceartifact,Reports,Freshness,,,,,,world-machine-review;freshness,,watch,,,,,,,2026-06-01,,,,,,,,SEC EDGAR,,disclosure_reality_check,2026-05-24,,,
world:evidenceartifact:fundamentals-sec-edgar-efts-digest,EvidenceArtifact,SEC EDGAR EFTS - digest,SEC EDGAR EFTS - digest,SEC EDGAR EFTS - digest,World_Machine,Reports/Freshness/Sources/fundamentals__sec-edgar-efts__digest.md,obsidian://open?vault=World_Machine&file=Reports%2FFreshness%2FSources%2Ffundamentals__sec-edgar-efts__digest.md,C:\Users\CaveUser\Documents\Obsidian Vault\World_Machine\Reports\Freshness\Sources\fundamentals__sec-edgar-efts__digest.md,World_Machine,Reports,evidenceartifact,Reports,Freshness,,,,,,world-machine-review;freshness,,alert,,,,,,,2026-06-01,,,,,,,,SEC EDGAR EFTS,,digest,2026-05-12,,,
world:evidenceartifact:fundamentals-sec-edgar-efts-sec-form-4-fmp-premium-screener,EvidenceArtifact,SEC EDGAR EFTS + SEC Form 4 + FMP Premium - screener,SEC EDGAR EFTS + SEC Form 4 + FMP Premium - screener,SEC EDGAR EFTS + SEC Form 4 + FMP Premium - screener,World_Machine,Reports/Freshness/Sources/fundamentals__sec-edgar-efts-sec-form-4-fmp-premium__screener.md,obsidian://open?vault=World_Machine&file=Reports%2FFreshness%2FSources%2Ffundamentals__sec-edgar-efts-sec-form-4-fmp-premium__screener.md,C:\Users\CaveUser\Documents\Obsidian Vault\World_Machine\Reports\Freshness\Sources\fundamentals__sec-edgar-efts-sec-form-4-fmp-premium__screener.md,World_Machine,Reports,evidenceartifact,Reports,Freshness,,,,,,world-machine-review;freshness,,watch,,,,,,,2026-06-01,,,,,,,,SEC EDGAR EFTS + SEC Form 4 + FMP Premium,,screener,2026-05-23,,,
world:evidenceartifact:fundamentals-sec-edgar-fmp-premium-batch-scan,EvidenceArtifact,SEC EDGAR + FMP Premium - batch_scan,SEC EDGAR + FMP Premium - batch_scan,SEC EDGAR + FMP Premium - batch_scan,World_Machine,Reports/Freshness/Sources/fundamentals__sec-edgar-fmp-premium__batch_scan.md,obsidian://open?vault=World_Machine&file=Reports%2FFreshness%2FSources%2Ffundamentals__sec-edgar-fmp-premium__batch_scan.md,C:\Users\CaveUser\Documents\Obsidian Vault\World_Machine\Reports\Freshness\Sources\fundamentals__sec-edgar-fmp-premium__batch_scan.md,World_Machine,Reports,evidenceartifact,Reports,Freshness,,,,,,world-machine-review;freshness,,watch,,,,,,,2026-06-01,,,,,,,,SEC EDGAR + FMP Premium,,batch_scan,2026-05-24,,,
world:evidenceartifact:fundamentals-vault-orchestrator-cfq-analysis,EvidenceArtifact,Vault Orchestrator - cfq_analysis,Vault Orchestrator - cfq_analysis,Vault Orchestrator - cfq_analysis,World_Machine,Reports/Freshness/Sources/fundamentals__vault-orchestrator__cfq_analysis.md,obsidian://open?vault=World_Machine&file=Reports%2FFreshness%2FSources%2Ffundamentals__vault-orchestrator__cfq_analysis.md,C:\Users\CaveUser\Documents\Obsidian Vault\World_Machine\Reports\Freshness\Sources\fundamentals__vault-orchestrator__cfq_analysis.md,World_Machine,Reports,evidenceartifact,Reports,Freshness,,,,,,world-machine-review;freshness,,clear,,,,,,,2026-06-01,,,,,,,,Vault Orchestrator,,cfq_analysis,2026-05-16,,,
world:evidenceartifact:fx-crypto-carry-liquidations,EvidenceArtifact,FX / Crypto Carry And Liquidations Cycle Status,FX / Crypto Carry And Liquidations Cycle Status,FX / Crypto Carry And Liquidations Cycle Status,World_Machine,Reports/Freshness/Market_Cycles/fx-crypto-carry-liquidations.md,obsidian://open?vault=World_Machine&file=Reports%2FFreshness%2FMarket_Cycles%2Ffx-crypto-carry-liquidations.md,C:\Users\CaveUser\Documents\Obsidian Vault\World_Machine\Reports\Freshness\Market_Cycles\fx-crypto-carry-liquidations.md,World_Machine,Reports,evidenceartifact,Reports,Freshness,,,,,,world-machine-review;market-cycle-monitor,,unknown,,,,,,,2026-06-01,,,,,,,,,,market_cycle_status,,,,
world:evidenceartifact:government-federal-register-faa-time-series,EvidenceArtifact,Federal Register / FAA - time_series,Federal Register / FAA - time_series,Federal Register / FAA - time_series,World_Machine,Reports/Freshness/Sources/government__federal-register-faa__time_series.md,obsidian://open?vault=World_Machine&file=Reports%2FFreshness%2FSources%2Fgovernment__federal-register-faa__time_series.md,C:\Users\CaveUser\Documents\Obsidian Vault\World_Machine\Reports\Freshness\Sources\government__federal-register-faa__time_series.md,World_Machine,Reports,evidenceartifact,Reports,Freshness,,,,,,world-machine-review;freshness,,watch,,,,,,,2026-06-01,,,,,,,,Federal Register / FAA,,time_series,2026-05-02,,,
world:evidenceartifact:government-openfema-event-list,EvidenceArtifact,OpenFEMA - event_list,OpenFEMA - event_list,OpenFEMA - event_list,World_Machine,Reports/Freshness/Sources/government__openfema__event_list.md,obsidian://open?vault=World_Machine&file=Reports%2FFreshness%2FSources%2Fgovernment__openfema__event_list.md,C:\Users\CaveUser\Documents\Obsidian Vault\World_Machine\Reports\Freshness\Sources\government__openfema__event_list.md,World_Machine,Reports,evidenceartifact,Reports,Freshness,,,,,,world-machine-review;freshness,,alert,,,,,,,2026-06-01,,,,,,,,OpenFEMA,,event_list,2026-05-16,,,
world:evidenceartifact:government-sec-edgar-data-sec-gov-8k-filings,EvidenceArtifact,SEC EDGAR (data.sec.gov) - 8k_filings,SEC EDGAR (data.sec.gov) - 8k_filings,SEC EDGAR (data.sec.gov) - 8k_filings,World_Machine,Reports/Freshness/Sources/government__sec-edgar-data-sec-gov__8k_filings.md,obsidian://open?vault=World_Machine&file=Reports%2FFreshness%2FSources%2Fgovernment__sec-edgar-data-sec-gov__8k_filings.md,C:\Users\CaveUser\Documents\Obsidian Vault\World_Machine\Reports\Freshness\Sources\government__sec-edgar-data-sec-gov__8k_filings.md,World_Machine,Reports,evidenceartifact,Reports,Freshness,,,,,,world-machine-review;freshness,,watch,,,,,,,2026-06-01,,,,,,,,SEC EDGAR (data.sec.gov),,8k_filings,2026-05-26,,,
world:evidenceartifact:government-sec-edgar-data-sec-gov-8k-sector-overview,EvidenceArtifact,SEC EDGAR (data.sec.gov) - 8k_sector_overview,SEC EDGAR (data.sec.gov) - 8k_sector_overview,SEC EDGAR (data.sec.gov) - 8k_sector_overview,World_Machine,Reports/Freshness/Sources/government__sec-edgar-data-sec-gov__8k_sector_overview.md,obsidian://open?vault=World_Machine&file=Reports%2FFreshness%2FSources%2Fgovernment__sec-edgar-data-sec-gov__8k_sector_overview.md,C:\Users\CaveUser\Documents\Obsidian Vault\World_Machine\Reports\Freshness\Sources\government__sec-edgar-data-sec-gov__8k_sector_overview.md,World_Machine,Reports,evidenceartifact,Reports,Freshness,,,,,,world-machine-review;freshness,,watch,,,,,,,2026-06-01,,,,,,,,SEC EDGAR (data.sec.gov),,8k_sector_overview,2026-05-26,,,
world:evidenceartifact:government-usaspending-api-event-list,EvidenceArtifact,USASpending API - event_list,USASpending API - event_list,USASpending API - event_list,World_Machine,Reports/Freshness/Sources/government__usaspending-api__event_list.md,obsidian://open?vault=World_Machine&file=Reports%2FFreshness%2FSources%2Fgovernment__usaspending-api__event_list.md,C:\Users\CaveUser\Documents\Obsidian Vault\World_Machine\Reports\Freshness\Sources\government__usaspending-api__event_list.md,World_Machine,Reports,evidenceartifact,Reports,Freshness,,,,,,world-machine-review;freshness,,clear,,,,,,,2026-06-01,,,,,,,,USASpending API,,event_list,2026-05-16,,,
world:evidenceartifact:historical-case-studies,EvidenceArtifact,Historical Case Studies Cycle Status,Historical Case Studies Cycle Status,Historical Case Studies Cycle Status,World_Machine,Reports/Freshness/Market_Cycles/historical-case-studies.md,obsidian://open?vault=World_Machine&file=Reports%2FFreshness%2FMarket_Cycles%2Fhistorical-case-studies.md,C:\Users\CaveUser\Documents\Obsidian Vault\World_Machine\Reports\Freshness\Market_Cycles\historical-case-studies.md,World_Machine,Reports,evidenceartifact,Reports,Freshness,,,,,,world-machine-review;market-cycle-monitor,,unknown,,,,,,,2026-06-01,,,,,,,,,,market_cycle_status,,,,
world:evidenceartifact:housing-fred-api-time-series,EvidenceArtifact,FRED API - time_series,FRED API - time_series,FRED API - time_series,World_Machine,Reports/Freshness/Sources/housing__fred-api__time_series.md,obsidian://open?vault=World_Machine&file=Reports%2FFreshness%2FSources%2Fhousing__fred-api__time_series.md,C:\Users\CaveUser\Documents\Obsidian Vault\World_Machine\Reports\Freshness\Sources\housing__fred-api__time_series.md,World_Machine,Reports,evidenceartifact,Reports,Freshness,,,,,,world-machine-review;freshness,,clear,,,,,,,2026-06-01,,,,,,,,FRED API,,time_series,2026-05-26,,,
world:evidenceartifact:housing-nahb-housing-market-index-time-series,EvidenceArtifact,NAHB Housing Market Index - time_series,NAHB Housing Market Index - time_series,NAHB Housing Market Index - time_series,World_Machine,Reports/Freshness/Sources/housing__nahb-housing-market-index__time_series.md,obsidian://open?vault=World_Machine&file=Reports%2FFreshness%2FSources%2Fhousing__nahb-housing-market-index__time_series.md,C:\Users\CaveUser\Documents\Obsidian Vault\World_Machine\Reports\Freshness\Sources\housing__nahb-housing-market-index__time_series.md,World_Machine,Reports,evidenceartifact,Reports,Freshness,,,,,,world-machine-review;freshness,,alert,,,,,,,2026-06-01,,,,,,,,NAHB Housing Market Index,,time_series,2026-05-02,,,
world:evidenceartifact:housing-playbook-housing-cycle-synthesis,EvidenceArtifact,Playbook: Housing Cycle - synthesis,Playbook: Housing Cycle - synthesis,Playbook: Housing Cycle - synthesis,World_Machine,Reports/Freshness/Sources/housing__playbook-housing-cycle__synthesis.md,obsidian://open?vault=World_Machine&file=Reports%2FFreshness%2FSources%2Fhousing__playbook-housing-cycle__synthesis.md,C:\Users\CaveUser\Documents\Obsidian Vault\World_Machine\Reports\Freshness\Sources\housing__playbook-housing-cycle__synthesis.md,World_Machine,Reports,evidenceartifact,Reports,Freshness,,,,,,world-machine-review;freshness,,alert,,,,,,,2026-06-01,,,,,,,,Playbook: Housing Cycle,,synthesis,2026-03-27,,,
world:evidenceartifact:macro-bea-api-time-series,EvidenceArtifact,BEA API - time_series,BEA API - time_series,BEA API - time_series,World_Machine,Reports/Freshness/Sources/macro__bea-api__time_series.md,obsidian://open?vault=World_Machine&file=Reports%2FFreshness%2FSources%2Fmacro__bea-api__time_series.md,C:\Users\CaveUser\Documents\Obsidian Vault\World_Machine\Reports\Freshness\Sources\macro__bea-api__time_series.md,World_Machine,Reports,evidenceartifact,Reports,Freshness,,,,,,world-machine-review;freshness,,clear,,,,,,,2026-06-01,,,,,,,,BEA API,,time_series,2026-05-01,,,
world:evidenceartifact:macro-cftc-commitment-of-traders-cot-report,EvidenceArtifact,CFTC Commitment of Traders - cot_report,CFTC Commitment of Traders - cot_report,CFTC Commitment of Traders - cot_report,World_Machine,Reports/Freshness/Sources/macro__cftc-commitment-of-traders__cot_report.md,obsidian://open?vault=World_Machine&file=Reports%2FFreshness%2FSources%2Fmacro__cftc-commitment-of-traders__cot_report.md,C:\Users\CaveUser\Documents\Obsidian Vault\World_Machine\Reports\Freshness\Sources\macro__cftc-commitment-of-traders__cot_report.md,World_Machine,Reports,evidenceartifact,Reports,Freshness,,,,,,world-machine-review;freshness,,clear,,,,,,,2026-06-01,,,,,,,,CFTC Commitment of Traders,,cot_report,2026-05-16,,,
world:evidenceartifact:macro-financial-modeling-prep-economic-calendar,EvidenceArtifact,Financial Modeling Prep - economic_calendar,Financial Modeling Prep - economic_calendar,Financial Modeling Prep - economic_calendar,World_Machine,Reports/Freshness/Sources/macro__financial-modeling-prep__economic_calendar.md,obsidian://open?vault=World_Machine&file=Reports%2FFreshness%2FSources%2Fmacro__financial-modeling-prep__economic_calendar.md,C:\Users\CaveUser\Documents\Obsidian Vault\World_Machine\Reports\Freshness\Sources\macro__financial-modeling-prep__economic_calendar.md,World_Machine,Reports,evidenceartifact,Reports,Freshness,,,,,,world-machine-review;freshness,,watch,,,,,,,2026-06-01,,,,,,,,Financial Modeling Prep,,economic_calendar,2026-05-30,,,
world:evidenceartifact:macro-fred-api-time-series,EvidenceArtifact,FRED API - time_series,FRED API - time_series,FRED API - time_series,World_Machine,Reports/Freshness/Sources/macro__fred-api__time_series.md,obsidian://open?vault=World_Machine&file=Reports%2FFreshness%2FSources%2Fmacro__fred-api__time_series.md,C:\Users\CaveUser\Documents\Obsidian Vault\World_Machine\Reports\Freshness\Sources\macro__fred-api__time_series.md,World_Machine,Reports,evidenceartifact,Reports,Freshness,,,,,,world-machine-review;freshness,,clear,,,,,,,2026-06-01,,,,,,,,FRED API,,time_series,2026-05-30,,,
world:evidenceartifact:macro-macro-bridge-puller-time-series,EvidenceArtifact,Macro Bridge Puller - time_series,Macro Bridge Puller - time_series,Macro Bridge Puller - time_series,World_Machine,Reports/Freshness/Sources/macro__macro-bridge-puller__time_series.md,obsidian://open?vault=World_Machine&file=Reports%2FFreshness%2FSources%2Fmacro__macro-bridge-puller__time_series.md,C:\Users\CaveUser\Documents\Obsidian Vault\World_Machine\Reports\Freshness\Sources\macro__macro-bridge-puller__time_series.md,World_Machine,Reports,evidenceartifact,Reports,Freshness,,,,,,world-machine-review;freshness,,clear,,,,,,,2026-06-01,,,,,,,,Macro Bridge Puller,,time_series,2026-05-25,,,
world:evidenceartifact:macro-treasury-fiscal-data-snapshot,EvidenceArtifact,Treasury Fiscal Data - snapshot,Treasury Fiscal Data - snapshot,Treasury Fiscal Data - snapshot,World_Machine,Reports/Freshness/Sources/macro__treasury-fiscal-data__snapshot.md,obsidian://open?vault=World_Machine&file=Reports%2FFreshness%2FSources%2Fmacro__treasury-fiscal-data__snapshot.md,C:\Users\CaveUser\Documents\Obsidian Vault\World_Machine\Reports\Freshness\Sources\macro__treasury-fiscal-data__snapshot.md,World_Machine,Reports,evidenceartifact,Reports,Freshness,,,,,,world-machine-review;freshness,,clear,,,,,,,2026-06-01,,,,,,,,Treasury Fiscal Data,,snapshot,2026-05-30,,,
world:evidenceartifact:macro-vault-orchestrator-synthesis-macro-volatility,EvidenceArtifact,Vault Orchestrator (synthesis) - macro_volatility,Vault Orchestrator (synthesis) - macro_volatility,Vault Orchestrator (synthesis) - macro_volatility,World_Machine,Reports/Freshness/Sources/macro__vault-orchestrator-synthesis__macro_volatility.md,obsidian://open?vault=World_Machine&file=Reports%2FFreshness%2FSources%2Fmacro__vault-orchestrator-synthesis__macro_volatility.md,C:\Users\CaveUser\Documents\Obsidian Vault\World_Machine\Reports\Freshness\Sources\macro__vault-orchestrator-synthesis__macro_volatility.md,World_Machine,Reports,evidenceartifact,Reports,Freshness,,,,,,world-machine-review;freshness,,clear,,,,,,,2026-06-01,,,,,,,,Vault Orchestrator (synthesis),,macro_volatility,2026-05-12,,,
world:evidenceartifact:market-agent-analyst-agent-analysis,EvidenceArtifact,Agent Analyst - agent_analysis,Agent Analyst - agent_analysis,Agent Analyst - agent_analysis,World_Machine,Reports/Freshness/Sources/market__agent-analyst__agent_analysis.md,obsidian://open?vault=World_Machine&file=Reports%2FFreshness%2FSources%2Fmarket__agent-analyst__agent_analysis.md,C:\Users\CaveUser\Documents\Obsidian Vault\World_Machine\Reports\Freshness\Sources\market__agent-analyst__agent_analysis.md,World_Machine,Reports,evidenceartifact,Reports,Freshness,,,,,,world-machine-review;freshness,,watch,,,,,,,2026-06-01,,,,,,,,Agent Analyst,,agent_analysis,2026-05-26,,,
world:evidenceartifact:market-agent-analyst-agent-analysis-rollup,EvidenceArtifact,Agent Analyst - agent_analysis_rollup,Agent Analyst - agent_analysis_rollup,Agent Analyst - agent_analysis_rollup,World_Machine,Reports/Freshness/Sources/market__agent-analyst__agent_analysis_rollup.md,obsidian://open?vault=World_Machine&file=Reports%2FFreshness%2FSources%2Fmarket__agent-analyst__agent_analysis_rollup.md,C:\Users\CaveUser\Documents\Obsidian Vault\World_Machine\Reports\Freshness\Sources\market__agent-analyst__agent_analysis_rollup.md,World_Machine,Reports,evidenceartifact,Reports,Freshness,,,,,,world-machine-review;freshness,,watch,,,,,,,2026-06-01,,,,,,,,Agent Analyst,,agent_analysis_rollup,2026-05-26,,,
world:evidenceartifact:market-alpha-vantage-alpha-vantage-market-performance,EvidenceArtifact,Alpha Vantage - alpha_vantage_market_performance,Alpha Vantage - alpha_vantage_market_performance,Alpha Vantage - alpha_vantage_market_performance,World_Machine,Reports/Freshness/Sources/market__alpha-vantage__alpha_vantage_market_performance.md,obsidian://open?vault=World_Machine&file=Reports%2FFreshness%2FSources%2Fmarket__alpha-vantage__alpha_vantage_market_performance.md,C:\Users\CaveUser\Documents\Obsidian Vault\World_Machine\Reports\Freshness\Sources\market__alpha-vantage__alpha_vantage_market_performance.md,World_Machine,Reports,evidenceartifact,Reports,Freshness,,,,,,world-machine-review;freshness,,clear,,,,,,,2026-06-01,,,,,,,,Alpha Vantage,,alpha_vantage_market_performance,2026-05-06,,,
world:evidenceartifact:market-cboe-public-csv-daily-index,EvidenceArtifact,CBOE Public CSV - daily_index,CBOE Public CSV - daily_index,CBOE Public CSV - daily_index,World_Machine,Reports/Freshness/Sources/market__cboe-public-csv__daily_index.md,obsidian://open?vault=World_Machine&file=Reports%2FFreshness%2FSources%2Fmarket__cboe-public-csv__daily_index.md,C:\Users\CaveUser\Documents\Obsidian Vault\World_Machine\Reports\Freshness\Sources\market__cboe-public-csv__daily_index.md,World_Machine,Reports,evidenceartifact,Reports,Freshness,,,,,,world-machine-review;freshness,,clear,,,,,,,2026-06-01,,,,,,,,CBOE Public CSV,,daily_index,2026-05-30,,,
world:evidenceartifact:market-entropy-monitor-entropy-monitor,EvidenceArtifact,Entropy Monitor - entropy_monitor,Entropy Monitor - entropy_monitor,Entropy Monitor - entropy_monitor,World_Machine,Reports/Freshness/Sources/market__entropy-monitor__entropy_monitor.md,obsidian://open?vault=World_Machine&file=Reports%2FFreshness%2FSources%2Fmarket__entropy-monitor__entropy_monitor.md,C:\Users\CaveUser\Documents\Obsidian Vault\World_Machine\Reports\Freshness\Sources\market__entropy-monitor__entropy_monitor.md,World_Machine,Reports,evidenceartifact,Reports,Freshness,,,,,,world-machine-review;freshness,,clear,,,,,,,2026-06-01,,,,,,,,Entropy Monitor,,entropy_monitor,2026-05-26,,,
world:evidenceartifact:market-financial-modeling-prep-balance-sheet,EvidenceArtifact,Financial Modeling Prep - balance_sheet,Financial Modeling Prep - balance_sheet,Financial Modeling Prep - balance_sheet,World_Machine,Reports/Freshness/Sources/market__financial-modeling-prep__balance_sheet.md,obsidian://open?vault=World_Machine&file=Reports%2FFreshness%2FSources%2Fmarket__financial-modeling-prep__balance_sheet.md,C:\Users\CaveUser\Documents\Obsidian Vault\World_Machine\Reports\Freshness\Sources\market__financial-modeling-prep__balance_sheet.md,World_Machine,Reports,evidenceartifact,Reports,Freshness,,,,,,world-machine-review;freshness,,watch,,,,,,,2026-06-01,,,,,,,,Financial Modeling Prep,,balance_sheet,2026-05-16,,,
world:evidenceartifact:market-financial-modeling-prep-calendar,EvidenceArtifact,Financial Modeling Prep - calendar,Financial Modeling Prep - calendar,Financial Modeling Prep - calendar,World_Machine,Reports/Freshness/Sources/market__financial-modeling-prep__calendar.md,obsidian://open?vault=World_Machine&file=Reports%2FFreshness%2FSources%2Fmarket__financial-modeling-prep__calendar.md,C:\Users\CaveUser\Documents\Obsidian Vault\World_Machine\Reports\Freshness\Sources\market__financial-modeling-prep__calendar.md,World_Machine,Reports,evidenceartifact,Reports,Freshness,,,,,,world-machine-review;freshness,,clear,,,,,,,2026-06-01,,,,,,,,Financial Modeling Prep,,calendar,2026-05-28,,,
world:evidenceartifact:market-financial-modeling-prep-cash-flow,EvidenceArtifact,Financial Modeling Prep - cash_flow,Financial Modeling Prep - cash_flow,Financial Modeling Prep - cash_flow,World_Machine,Reports/Freshness/Sources/market__financial-modeling-prep__cash_flow.md,obsidian://open?vault=World_Machine&file=Reports%2FFreshness%2FSources%2Fmarket__financial-modeling-prep__cash_flow.md,C:\Users\CaveUser\Documents\Obsidian Vault\World_Machine\Reports\Freshness\Sources\market__financial-modeling-prep__cash_flow.md,World_Machine,Reports,evidenceartifact,Reports,Freshness,,,,,,world-machine-review;freshness,,clear,,,,,,,2026-06-01,,,,,,,,Financial Modeling Prep,,cash_flow,2026-05-16,,,
world:evidenceartifact:market-financial-modeling-prep-market-performance,EvidenceArtifact,Financial Modeling Prep - market_performance,Financial Modeling Prep - market_performance,Financial Modeling Prep - market_performance,World_Machine,Reports/Freshness/Sources/market__financial-modeling-prep__market_performance.md,obsidian://open?vault=World_Machine&file=Reports%2FFreshness%2FSources%2Fmarket__financial-modeling-prep__market_performance.md,C:\Users\CaveUser\Documents\Obsidian Vault\World_Machine\Reports\Freshness\Sources\market__financial-modeling-prep__market_performance.md,World_Machine,Reports,evidenceartifact,Reports,Freshness,,,,,,world-machine-review;freshness,,watch,,,,,,,2026-06-01,,,,,,,,Financial Modeling Prep,,market_performance,2026-05-30,,,
world:evidenceartifact:market-financial-modeling-prep-screen,EvidenceArtifact,Financial Modeling Prep - screen,Financial Modeling Prep - screen,Financial Modeling Prep - screen,World_Machine,Reports/Freshness/Sources/market__financial-modeling-prep__screen.md,obsidian://open?vault=World_Machine&file=Reports%2FFreshness%2FSources%2Fmarket__financial-modeling-prep__screen.md,C:\Users\CaveUser\Documents\Obsidian Vault\World_Machine\Reports\Freshness\Sources\market__financial-modeling-prep__screen.md,World_Machine,Reports,evidenceartifact,Reports,Freshness,,,,,,world-machine-review;freshness,,clear,,,,,,,2026-06-01,,,,,,,,Financial Modeling Prep,,screen,2026-05-26,,,
world:evidenceartifact:market-financial-modeling-prep-snapshot,EvidenceArtifact,Financial Modeling Prep - snapshot,Financial Modeling Prep - snapshot,Financial Modeling Prep - snapshot,World_Machine,Reports/Freshness/Sources/market__financial-modeling-prep__snapshot.md,obsidian://open?vault=World_Machine&file=Reports%2FFreshness%2FSources%2Fmarket__financial-modeling-prep__snapshot.md,C:\Users\CaveUser\Documents\Obsidian Vault\World_Machine\Reports\Freshness\Sources\market__financial-modeling-prep__snapshot.md,World_Machine,Reports,evidenceartifact,Reports,Freshness,,,,,,world-machine-review;freshness,,clear,,,,,,,2026-06-01,,,,,,,,Financial Modeling Prep,,snapshot,2026-05-30,,,
world:evidenceartifact:market-financial-modeling-prep-technical-snapshot,EvidenceArtifact,Financial Modeling Prep - technical_snapshot,Financial Modeling Prep - technical_snapshot,Financial Modeling Prep - technical_snapshot,World_Machine,Reports/Freshness/Sources/market__financial-modeling-prep__technical_snapshot.md,obsidian://open?vault=World_Machine&file=Reports%2FFreshness%2FSources%2Fmarket__financial-modeling-prep__technical_snapshot.md,C:\Users\CaveUser\Documents\Obsidian Vault\World_Machine\Reports\Freshness\Sources\market__financial-modeling-prep__technical_snapshot.md,World_Machine,Reports,evidenceartifact,Reports,Freshness,,,,,,world-machine-review;freshness,,alert,,,,,,,2026-06-01,,,,,,,,Financial Modeling Prep,,technical_snapshot,2026-05-15,,,
world:evidenceartifact:market-financial-modeling-prep-watchlist-report,EvidenceArtifact,Financial Modeling Prep - watchlist_report,Financial Modeling Prep - watchlist_report,Financial Modeling Prep - watchlist_report,World_Machine,Reports/Freshness/Sources/market__financial-modeling-prep__watchlist_report.md,obsidian://open?vault=World_Machine&file=Reports%2FFreshness%2FSources%2Fmarket__financial-modeling-prep__watchlist_report.md,C:\Users\CaveUser\Documents\Obsidian Vault\World_Machine\Reports\Freshness\Sources\market__financial-modeling-prep__watchlist_report.md,World_Machine,Reports,evidenceartifact,Reports,Freshness,,,,,,world-machine-review;freshness,,clear,,,,,,,2026-06-01,,,,,,,,Financial Modeling Prep,,watchlist_report,2026-05-26,,,
world:evidenceartifact:market-fmp-entropy-monitor-screen,EvidenceArtifact,FMP + Entropy Monitor - screen,FMP + Entropy Monitor - screen,FMP + Entropy Monitor - screen,World_Machine,Reports/Freshness/Sources/market__fmp-entropy-monitor__screen.md,obsidian://open?vault=World_Machine&file=Reports%2FFreshness%2FSources%2Fmarket__fmp-entropy-monitor__screen.md,C:\Users\CaveUser\Documents\Obsidian Vault\World_Machine\Reports\Freshness\Sources\market__fmp-entropy-monitor__screen.md,World_Machine,Reports,evidenceartifact,Reports,Freshness,,,,,,world-machine-review;freshness,,watch,,,,,,,2026-06-01,,,,,,,,FMP + Entropy Monitor,,screen,2026-05-15,,,
world:evidenceartifact:market-fmp-thesis-watchlists-earnings-calendar-screen,EvidenceArtifact,FMP + Thesis Watchlists + Earnings Calendar - screen,FMP + Thesis Watchlists + Earnings Calendar - screen,FMP + Thesis Watchlists + Earnings Calendar - screen,World_Machine,Reports/Freshness/Sources/market__fmp-thesis-watchlists-earnings-calendar__screen.md,obsidian://open?vault=World_Machine&file=Reports%2FFreshness%2FSources%2Fmarket__fmp-thesis-watchlists-earnings-calendar__screen.md,C:\Users\CaveUser\Documents\Obsidian Vault\World_Machine\Reports\Freshness\Sources\market__fmp-thesis-watchlists-earnings-calendar__screen.md,World_Machine,Reports,evidenceartifact,Reports,Freshness,,,,,,world-machine-review;freshness,,watch,,,,,,,2026-06-01,,,,,,,,FMP + Thesis Watchlists + Earnings Calendar,,screen,2026-05-15,,,
world:evidenceartifact:market-vault-orchestrator-auction-features,EvidenceArtifact,Vault Orchestrator - auction_features,Vault Orchestrator - auction_features,Vault Orchestrator - auction_features,World_Machine,Reports/Freshness/Sources/market__vault-orchestrator__auction_features.md,obsidian://open?vault=World_Machine&file=Reports%2FFreshness%2FSources%2Fmarket__vault-orchestrator__auction_features.md,C:\Users\CaveUser\Documents\Obsidian Vault\World_Machine\Reports\Freshness\Sources\market__vault-orchestrator__auction_features.md,World_Machine,Reports,evidenceartifact,Reports,Freshness,,,,,,world-machine-review;freshness,,clear,,,,,,,2026-06-01,,,,,,,,Vault Orchestrator,,auction_features,2026-05-12,,,
world:evidenceartifact:market-vault-orchestrator-pair-metrics,EvidenceArtifact,Vault Orchestrator - pair_metrics,Vault Orchestrator - pair_metrics,Vault Orchestrator - pair_metrics,World_Machine,Reports/Freshness/Sources/market__vault-orchestrator__pair_metrics.md,obsidian://open?vault=World_Machine&file=Reports%2FFreshness%2FSources%2Fmarket__vault-orchestrator__pair_metrics.md,C:\Users\CaveUser\Documents\Obsidian Vault\World_Machine\Reports\Freshness\Sources\market__vault-orchestrator__pair_metrics.md,World_Machine,Reports,evidenceartifact,Reports,Freshness,,,,,,world-machine-review;freshness,,alert,,,,,,,2026-06-01,,,,,,,,Vault Orchestrator,,pair_metrics,2026-05-12,,,
world:evidenceartifact:market-vault-orchestrator-pead-watch,EvidenceArtifact,Vault Orchestrator - pead_watch,Vault Orchestrator - pead_watch,Vault Orchestrator - pead_watch,World_Machine,Reports/Freshness/Sources/market__vault-orchestrator__pead_watch.md,obsidian://open?vault=World_Machine&file=Reports%2FFreshness%2FSources%2Fmarket__vault-orchestrator__pead_watch.md,C:\Users\CaveUser\Documents\Obsidian Vault\World_Machine\Reports\Freshness\Sources\market__vault-orchestrator__pead_watch.md,World_Machine,Reports,evidenceartifact,Reports,Freshness,,,,,,world-machine-review;freshness,,clear,,,,,,,2026-06-01,,,,,,,,Vault Orchestrator,,pead_watch,2026-05-12,,,
world:evidenceartifact:market-yfinance-vol-surface,EvidenceArtifact,yfinance - vol_surface,yfinance - vol_surface,yfinance - vol_surface,World_Machine,Reports/Freshness/Sources/market__yfinance__vol_surface.md,obsidian://open?vault=World_Machine&file=Reports%2FFreshness%2FSources%2Fmarket__yfinance__vol_surface.md,C:\Users\CaveUser\Documents\Obsidian Vault\World_Machine\Reports\Freshness\Sources\market__yfinance__vol_surface.md,World_Machine,Reports,evidenceartifact,Reports,Freshness,,,,,,world-machine-review;freshness,,clear,,,,,,,2026-06-01,,,,,,,,yfinance,,vol_surface,2026-05-28,,,
world:evidenceartifact:monthly-reports-index,EvidenceArtifact,_Monthly Reports Index,_Monthly Reports Index,_Monthly Reports Index,World_Machine,Reports/Monthly/_Monthly Reports Index.md,obsidian://open?vault=World_Machine&file=Reports%2FMonthly%2F_Monthly%20Reports%20Index.md,C:\Users\CaveUser\Documents\Obsidian Vault\World_Machine\Reports\Monthly\_Monthly Reports Index.md,World_Machine,Reports,evidenceartifact,Reports,Monthly,,,,,,reports;monthly;vault-state,,,,,,,,2026-05-13,2026-06-01,,,,,,,,,,reports-index,,,,
world:evidenceartifact:news-alpha-vantage-alpha-vantage-news-sentiment,EvidenceArtifact,Alpha Vantage - alpha_vantage_news_sentiment,Alpha Vantage - alpha_vantage_news_sentiment,Alpha Vantage - alpha_vantage_news_sentiment,World_Machine,Reports/Freshness/Sources/news__alpha-vantage__alpha_vantage_news_sentiment.md,obsidian://open?vault=World_Machine&file=Reports%2FFreshness%2FSources%2Fnews__alpha-vantage__alpha_vantage_news_sentiment.md,C:\Users\CaveUser\Documents\Obsidian Vault\World_Machine\Reports\Freshness\Sources\news__alpha-vantage__alpha_vantage_news_sentiment.md,World_Machine,Reports,evidenceartifact,Reports,Freshness,,,,,,world-machine-review;freshness,,clear,,,,,,,2026-06-01,,,,,,,,Alpha Vantage,,alpha_vantage_news_sentiment,2026-05-06,,,
world:evidenceartifact:news-financial-modeling-prep-general-market-news,EvidenceArtifact,Financial Modeling Prep - general_market_news,Financial Modeling Prep - general_market_news,Financial Modeling Prep - general_market_news,World_Machine,Reports/Freshness/Sources/news__financial-modeling-prep__general_market_news.md,obsidian://open?vault=World_Machine&file=Reports%2FFreshness%2FSources%2Fnews__financial-modeling-prep__general_market_news.md,C:\Users\CaveUser\Documents\Obsidian Vault\World_Machine\Reports\Freshness\Sources\news__financial-modeling-prep__general_market_news.md,World_Machine,Reports,evidenceartifact,Reports,Freshness,,,,,,world-machine-review;freshness,,clear,,,,,,,2026-06-01,,,,,,,,Financial Modeling Prep,,general_market_news,2026-05-28,,,
world:evidenceartifact:news-gdelt-doc-api-gdelt-news-monitor,EvidenceArtifact,GDELT DOC API - gdelt_news_monitor,GDELT DOC API - gdelt_news_monitor,GDELT DOC API - gdelt_news_monitor,World_Machine,Reports/Freshness/Sources/news__gdelt-doc-api__gdelt_news_monitor.md,obsidian://open?vault=World_Machine&file=Reports%2FFreshness%2FSources%2Fnews__gdelt-doc-api__gdelt_news_monitor.md,C:\Users\CaveUser\Documents\Obsidian Vault\World_Machine\Reports\Freshness\Sources\news__gdelt-doc-api__gdelt_news_monitor.md,World_Machine,Reports,evidenceartifact,Reports,Freshness,,,,,,world-machine-review;freshness,,watch,,,,,,,2026-06-01,,,,,,,,GDELT DOC API,,gdelt_news_monitor,2026-05-15,,,
world:evidenceartifact:news-newsapi-event-list,EvidenceArtifact,NewsAPI - event_list,NewsAPI - event_list,NewsAPI - event_list,World_Machine,Reports/Freshness/Sources/news__newsapi__event_list.md,obsidian://open?vault=World_Machine&file=Reports%2FFreshness%2FSources%2Fnews__newsapi__event_list.md,C:\Users\CaveUser\Documents\Obsidian Vault\World_Machine\Reports\Freshness\Sources\news__newsapi__event_list.md,World_Machine,Reports,evidenceartifact,Reports,Freshness,,,,,,world-machine-review;freshness,,watch,,,,,,,2026-06-01,,,,,,,,NewsAPI,,event_list,2026-05-26,,,
world:evidenceartifact:orchestrator-vault-orchestrator-agent-thread,EvidenceArtifact,Vault Orchestrator - agent_thread,Vault Orchestrator - agent_thread,Vault Orchestrator - agent_thread,World_Machine,Reports/Freshness/Sources/orchestrator__vault-orchestrator__agent_thread.md,obsidian://open?vault=World_Machine&file=Reports%2FFreshness%2FSources%2Forchestrator__vault-orchestrator__agent_thread.md,C:\Users\CaveUser\Documents\Obsidian Vault\World_Machine\Reports\Freshness\Sources\orchestrator__vault-orchestrator__agent_thread.md,World_Machine,Reports,evidenceartifact,Reports,Freshness,,,,,,world-machine-review;freshness,,watch,,,,,,,2026-06-01,,,,,,,,Vault Orchestrator,,agent_thread,2026-05-02,,,
world:evidenceartifact:orchestrator-vault-orchestrator-confluence-scan,EvidenceArtifact,Vault Orchestrator - confluence_scan,Vault Orchestrator - confluence_scan,Vault Orchestrator - confluence_scan,World_Machine,Reports/Freshness/Sources/orchestrator__vault-orchestrator__confluence_scan.md,obsidian://open?vault=World_Machine&file=Reports%2FFreshness%2FSources%2Forchestrator__vault-orchestrator__confluence_scan.md,C:\Users\CaveUser\Documents\Obsidian Vault\World_Machine\Reports\Freshness\Sources\orchestrator__vault-orchestrator__confluence_scan.md,World_Machine,Reports,evidenceartifact,Reports,Freshness,,,,,,world-machine-review;freshness,,watch,,,,,,,2026-06-01,,,,,,,,Vault Orchestrator,,confluence_scan,2026-05-16,,,
world:evidenceartifact:orchestrator-vault-orchestrator-run-ledger,EvidenceArtifact,Vault Orchestrator - run_ledger,Vault Orchestrator - run_ledger,Vault Orchestrator - run_ledger,World_Machine,Reports/Freshness/Sources/orchestrator__vault-orchestrator__run_ledger.md,obsidian://open?vault=World_Machine&file=Reports%2FFreshness%2FSources%2Forchestrator__vault-orchestrator__run_ledger.md,C:\Users\CaveUser\Documents\Obsidian Vault\World_Machine\Reports\Freshness\Sources\orchestrator__vault-orchestrator__run_ledger.md,World_Machine,Reports,evidenceartifact,Reports,Freshness,,,,,,world-machine-review;freshness,,clear,,,,,,,2026-06-01,,,,,,,,Vault Orchestrator,,run_ledger,2026-05-02,,,
world:evidenceartifact:orchestrator-vault-orchestrator-signal-quality,EvidenceArtifact,Vault Orchestrator - signal_quality,Vault Orchestrator - signal_quality,Vault Orchestrator - signal_quality,World_Machine,Reports/Freshness/Sources/orchestrator__vault-orchestrator__signal_quality.md,obsidian://open?vault=World_Machine&file=Reports%2FFreshness%2FSources%2Forchestrator__vault-orchestrator__signal_quality.md,C:\Users\CaveUser\Documents\Obsidian Vault\World_Machine\Reports\Freshness\Sources\orchestrator__vault-orchestrator__signal_quality.md,World_Machine,Reports,evidenceartifact,Reports,Freshness,,,,,,world-machine-review;freshness,,clear,,,,,,,2026-06-01,,,,,,,,Vault Orchestrator,,signal_quality,2026-05-12,,,
world:evidenceartifact:orchestrator-vault-orchestrator-streamline-report,EvidenceArtifact,Vault Orchestrator - streamline_report,Vault Orchestrator - streamline_report,Vault Orchestrator - streamline_report,World_Machine,Reports/Freshness/Sources/orchestrator__vault-orchestrator__streamline_report.md,obsidian://open?vault=World_Machine&file=Reports%2FFreshness%2FSources%2Forchestrator__vault-orchestrator__streamline_report.md,C:\Users\CaveUser\Documents\Obsidian Vault\World_Machine\Reports\Freshness\Sources\orchestrator__vault-orchestrator__streamline_report.md,World_Machine,Reports,evidenceartifact,Reports,Freshness,,,,,,world-machine-review;freshness,,alert,,,,,,,2026-06-01,,,,,,,,Vault Orchestrator,,streamline_report,2026-05-29,,,
world:evidenceartifact:patents-uspto-open-data-portal-api-uspto-gov-ptab-proceedings,EvidenceArtifact,USPTO Open Data Portal (api.uspto.gov) - ptab_proceedings,USPTO Open Data Portal (api.uspto.gov) - ptab_proceedings,USPTO Open Data Portal (api.uspto.gov) - ptab_proceedings,World_Machine,Reports/Freshness/Sources/patents__uspto-open-data-portal-api-uspto-gov__ptab_proceedings.md,obsidian://open?vault=World_Machine&file=Reports%2FFreshness%2FSources%2Fpatents__uspto-open-data-portal-api-uspto-gov__ptab_proceedings.md,C:\Users\CaveUser\Documents\Obsidian Vault\World_Machine\Reports\Freshness\Sources\patents__uspto-open-data-portal-api-uspto-gov__ptab_proceedings.md,World_Machine,Reports,evidenceartifact,Reports,Freshness,,,,,,world-machine-review;freshness,,watch,,,,,,,2026-06-01,,,,,,,,USPTO Open Data Portal (api.uspto.gov),,ptab_proceedings,2026-05-16,,,
world:evidenceartifact:portfolio-fidelity-positions-csv-portfolio-health-scan,EvidenceArtifact,Fidelity positions CSV - portfolio_health_scan,Fidelity positions CSV - portfolio_health_scan,Fidelity positions CSV - portfolio_health_scan,World_Machine,Reports/Freshness/Sources/portfolio__fidelity-positions-csv__portfolio_health_scan.md,obsidian://open?vault=World_Machine&file=Reports%2FFreshness%2FSources%2Fportfolio__fidelity-positions-csv__portfolio_health_scan.md,C:\Users\CaveUser\Documents\Obsidian Vault\World_Machine\Reports\Freshness\Sources\portfolio__fidelity-positions-csv__portfolio_health_scan.md,World_Machine,Reports,evidenceartifact,Reports,Freshness,,,,,,world-machine-review;freshness,,alert,,,,,,,2026-06-01,,,,,,,,Fidelity positions CSV,,portfolio_health_scan,2026-05-07,,,
world:evidenceartifact:positioning-my-data-institutional-positioning-agent-institutional-positioning-report,EvidenceArtifact,My_Data Institutional Positioning Agent - institutional_positioning_report,My_Data Institutional Positioning Agent - institutional_positioning_report,My_Data Institutional Positioning Agent - institutional_positioning_report,World_Machine,Reports/Freshness/Sources/positioning__my_data-institutional-positioning-agent__institutional_positioning_report.md,obsidian://open?vault=World_Machine&file=Reports%2FFreshness%2FSources%2Fpositioning__my_data-institutional-positioning-agent__institutional_positioning_report.md,C:\Users\CaveUser\Documents\Obsidian Vault\World_Machine\Reports\Freshness\Sources\positioning__my_data-institutional-positioning-agent__institutional_positioning_report.md,World_Machine,Reports,evidenceartifact,Reports,Freshness,,,,,,world-machine-review;freshness,,watch,,,,,,,2026-06-01,,,,,,,,My_Data Institutional Positioning Agent,,institutional_positioning_report,2026-05-15,,,
world:evidenceartifact:positioning-my-data-positioning-checklist-puller-positioning-checklist,EvidenceArtifact,My_Data Positioning Checklist Puller - positioning_checklist,My_Data Positioning Checklist Puller - positioning_checklist,My_Data Positioning Checklist Puller - positioning_checklist,World_Machine,Reports/Freshness/Sources/positioning__my_data-positioning-checklist-puller__positioning_checklist.md,obsidian://open?vault=World_Machine&file=Reports%2FFreshness%2FSources%2Fpositioning__my_data-positioning-checklist-puller__positioning_checklist.md,C:\Users\CaveUser\Documents\Obsidian Vault\World_Machine\Reports\Freshness\Sources\positioning__my_data-positioning-checklist-puller__positioning_checklist.md,World_Machine,Reports,evidenceartifact,Reports,Freshness,,,,,,world-machine-review;freshness,,watch,,,,,,,2026-06-01,,,,,,,,My_Data Positioning Checklist Puller,,positioning_checklist,2026-05-30,,,
world:evidenceartifact:positioning-vault-positioning-agent-positioning-report,EvidenceArtifact,Vault Positioning Agent - positioning_report,Vault Positioning Agent - positioning_report,Vault Positioning Agent - positioning_report,World_Machine,Reports/Freshness/Sources/positioning__vault-positioning-agent__positioning_report.md,obsidian://open?vault=World_Machine&file=Reports%2FFreshness%2FSources%2Fpositioning__vault-positioning-agent__positioning_report.md,C:\Users\CaveUser\Documents\Obsidian Vault\World_Machine\Reports\Freshness\Sources\positioning__vault-positioning-agent__positioning_report.md,World_Machine,Reports,evidenceartifact,Reports,Freshness,,,,,,world-machine-review;freshness,,watch,,,,,,,2026-06-01,,,,,,,,Vault Positioning Agent,,positioning_report,2026-05-02,,,
world:evidenceartifact:positioning-vault-positioning-agent-positioning-watchlist,EvidenceArtifact,Vault Positioning Agent - positioning_watchlist,Vault Positioning Agent - positioning_watchlist,Vault Positioning Agent - positioning_watchlist,World_Machine,Reports/Freshness/Sources/positioning__vault-positioning-agent__positioning_watchlist.md,obsidian://open?vault=World_Machine&file=Reports%2FFreshness%2FSources%2Fpositioning__vault-positioning-agent__positioning_watchlist.md,C:\Users\CaveUser\Documents\Obsidian Vault\World_Machine\Reports\Freshness\Sources\positioning__vault-positioning-agent__positioning_watchlist.md,World_Machine,Reports,evidenceartifact,Reports,Freshness,,,,,,world-machine-review;freshness,,watch,,,,,,,2026-06-01,,,,,,,,Vault Positioning Agent,,positioning_watchlist,2026-05-02,,,
world:evidenceartifact:quarterly-reports-index,EvidenceArtifact,_Quarterly Reports Index,_Quarterly Reports Index,_Quarterly Reports Index,World_Machine,Reports/Quarterly/_Quarterly Reports Index.md,obsidian://open?vault=World_Machine&file=Reports%2FQuarterly%2F_Quarterly%20Reports%20Index.md,C:\Users\CaveUser\Documents\Obsidian Vault\World_Machine\Reports\Quarterly\_Quarterly Reports Index.md,World_Machine,Reports,evidenceartifact,Reports,Quarterly,,,,,,reports;quarterly;vault-state,,,,,,,,2026-05-13,2026-06-01,,,,,,,,,,reports-index,,,,
world:evidenceartifact:rates-funding-collateral,EvidenceArtifact,Rates / Funding / Collateral Cycle Status,Rates / Funding / Collateral Cycle Status,Rates / Funding / Collateral Cycle Status,World_Machine,Reports/Freshness/Market_Cycles/rates-funding-collateral.md,obsidian://open?vault=World_Machine&file=Reports%2FFreshness%2FMarket_Cycles%2Frates-funding-collateral.md,C:\Users\CaveUser\Documents\Obsidian Vault\World_Machine\Reports\Freshness\Market_Cycles\rates-funding-collateral.md,World_Machine,Reports,evidenceartifact,Reports,Freshness,,,,,,world-machine-review;market-cycle-monitor,,watch,,,,,2026-05-30T20:01:29,,2026-06-01,,,,,,,,,,market_cycle_status,,,,
world:evidenceartifact:readme,EvidenceArtifact,README,README,README,World_Machine,Reports/README.md,obsidian://open?vault=World_Machine&file=Reports%2FREADME.md,C:\Users\CaveUser\Documents\Obsidian Vault\World_Machine\Reports\README.md,World_Machine,Reports,evidenceartifact,Reports,README.md,,,,,,reports;vault-state;cadence,,,,,,,,2026-05-13,2026-06-01,,,,,,,,,,reports-index,,,,
world:evidenceartifact:rebound-mechanics,EvidenceArtifact,Rebound Mechanics Cycle Status,Rebound Mechanics Cycle Status,Rebound Mechanics Cycle Status,World_Machine,Reports/Freshness/Market_Cycles/rebound-mechanics.md,obsidian://open?vault=World_Machine&file=Reports%2FFreshness%2FMarket_Cycles%2Frebound-mechanics.md,C:\Users\CaveUser\Documents\Obsidian Vault\World_Machine\Reports\Freshness\Market_Cycles\rebound-mechanics.md,World_Machine,Reports,evidenceartifact,Reports,Freshness,,,,,,world-machine-review;market-cycle-monitor,,alert,,,,,2026-06-01T09:45:11,,2026-06-01,,,,,,,,,,market_cycle_status,,,,
world:evidenceartifact:research-arxiv-export-arxiv-org-preprints,EvidenceArtifact,arXiv (export.arxiv.org) - preprints,arXiv (export.arxiv.org) - preprints,arXiv (export.arxiv.org) - preprints,World_Machine,Reports/Freshness/Sources/research__arxiv-export-arxiv-org__preprints.md,obsidian://open?vault=World_Machine&file=Reports%2FFreshness%2FSources%2Fresearch__arxiv-export-arxiv-org__preprints.md,C:\Users\CaveUser\Documents\Obsidian Vault\World_Machine\Reports\Freshness\Sources\research__arxiv-export-arxiv-org__preprints.md,World_Machine,Reports,evidenceartifact,Reports,Freshness,,,,,,world-machine-review;freshness,,clear,,,,,,,2026-06-01,,,,,,,,arXiv (export.arxiv.org),,preprints,2026-05-16,,,
world:evidenceartifact:research-ncbi-pubmed-eutils-ncbi-nlm-nih-gov-pubmed-articles,EvidenceArtifact,NCBI PubMed (eutils.ncbi.nlm.nih.gov) - pubmed_articles,NCBI PubMed (eutils.ncbi.nlm.nih.gov) - pubmed_articles,NCBI PubMed (eutils.ncbi.nlm.nih.gov) - pubmed_articles,World_Machine,Reports/Freshness/Sources/research__ncbi-pubmed-eutils-ncbi-nlm-nih-gov__pubmed_articles.md,obsidian://open?vault=World_Machine&file=Reports%2FFreshness%2FSources%2Fresearch__ncbi-pubmed-eutils-ncbi-nlm-nih-gov__pubmed_articles.md,C:\Users\CaveUser\Documents\Obsidian Vault\World_Machine\Reports\Freshness\Sources\research__ncbi-pubmed-eutils-ncbi-nlm-nih-gov__pubmed_articles.md,World_Machine,Reports,evidenceartifact,Reports,Freshness,,,,,,world-machine-review;freshness,,clear,,,,,,,2026-06-01,,,,,,,,NCBI PubMed (eutils.ncbi.nlm.nih.gov),,pubmed_articles,2026-05-16,,,
world:evidenceartifact:research-semantic-scholar-academic-graph-semantic-scholar-papers,EvidenceArtifact,Semantic Scholar Academic Graph - semantic_scholar_papers,Semantic Scholar Academic Graph - semantic_scholar_papers,Semantic Scholar Academic Graph - semantic_scholar_papers,World_Machine,Reports/Freshness/Sources/research__semantic-scholar-academic-graph__semantic_scholar_papers.md,obsidian://open?vault=World_Machine&file=Reports%2FFreshness%2FSources%2Fresearch__semantic-scholar-academic-graph__semantic_scholar_papers.md,C:\Users\CaveUser\Documents\Obsidian Vault\World_Machine\Reports\Freshness\Sources\research__semantic-scholar-academic-graph__semantic_scholar_papers.md,World_Machine,Reports,evidenceartifact,Reports,Freshness,,,,,,world-machine-review;freshness,,clear,,,,,,,2026-06-01,,,,,,,,Semantic Scholar Academic Graph,,semantic_scholar_papers,2026-05-16,,,
world:evidenceartifact:research-semantic-scholar-academic-graph-semantic-scholar-top-cited-papers,EvidenceArtifact,Semantic Scholar Academic Graph - semantic_scholar_top_cited_papers,Semantic Scholar Academic Graph - semantic_scholar_top_cited_papers,Semantic Scholar Academic Graph - semantic_scholar_top_cited_papers,World_Machine,Reports/Freshness/Sources/research__semantic-scholar-academic-graph__semantic_scholar_top_cited_papers.md,obsidian://open?vault=World_Machine&file=Reports%2FFreshness%2FSources%2Fresearch__semantic-scholar-academic-graph__semantic_scholar_top_cited_papers.md,C:\Users\CaveUser\Documents\Obsidian Vault\World_Machine\Reports\Freshness\Sources\research__semantic-scholar-academic-graph__semantic_scholar_top_cited_papers.md,World_Machine,Reports,evidenceartifact,Reports,Freshness,,,,,,world-machine-review;freshness,,clear,,,,,,,2026-06-01,,,,,,,,Semantic Scholar Academic Graph,,semantic_scholar_top_cited_papers,2026-05-08,,,
world:evidenceartifact:sectors-conviction-tracker-conviction-delta,EvidenceArtifact,conviction-tracker - conviction_delta,conviction-tracker - conviction_delta,conviction-tracker - conviction_delta,World_Machine,Reports/Freshness/Sources/sectors__conviction-tracker__conviction_delta.md,obsidian://open?vault=World_Machine&file=Reports%2FFreshness%2FSources%2Fsectors__conviction-tracker__conviction_delta.md,C:\Users\CaveUser\Documents\Obsidian Vault\World_Machine\Reports\Freshness\Sources\sectors__conviction-tracker__conviction_delta.md,World_Machine,Reports,evidenceartifact,Reports,Freshness,,,,,,world-machine-review;freshness,,watch,,,,,,,2026-06-01,,,,,,,,conviction-tracker,,conviction_delta,2026-05-25,,,
world:evidenceartifact:sectors-financial-modeling-prep-screener,EvidenceArtifact,Financial Modeling Prep - screener,Financial Modeling Prep - screener,Financial Modeling Prep - screener,World_Machine,Reports/Freshness/Sources/sectors__financial-modeling-prep__screener.md,obsidian://open?vault=World_Machine&file=Reports%2FFreshness%2FSources%2Fsectors__financial-modeling-prep__screener.md,C:\Users\CaveUser\Documents\Obsidian Vault\World_Machine\Reports\Freshness\Sources\sectors__financial-modeling-prep__screener.md,World_Machine,Reports,evidenceartifact,Reports,Freshness,,,,,,world-machine-review;freshness,,clear,,,,,,,2026-06-01,,,,,,,,Financial Modeling Prep,,screener,2026-05-24,,,
world:evidenceartifact:sectors-sec-edgar-newsapi-fmp-sector-scan,EvidenceArtifact,SEC EDGAR + NewsAPI + FMP - sector_scan,SEC EDGAR + NewsAPI + FMP - sector_scan,SEC EDGAR + NewsAPI + FMP - sector_scan,World_Machine,Reports/Freshness/Sources/sectors__sec-edgar-newsapi-fmp__sector_scan.md,obsidian://open?vault=World_Machine&file=Reports%2FFreshness%2FSources%2Fsectors__sec-edgar-newsapi-fmp__sector_scan.md,C:\Users\CaveUser\Documents\Obsidian Vault\World_Machine\Reports\Freshness\Sources\sectors__sec-edgar-newsapi-fmp__sector_scan.md,World_Machine,Reports,evidenceartifact,Reports,Freshness,,,,,,world-machine-review;freshness,,watch,,,,,,,2026-06-01,,,,,,,,SEC EDGAR + NewsAPI + FMP,,sector_scan,2026-05-26,,,
world:evidenceartifact:sectors-sector-scan-sector-scan,EvidenceArtifact,sector-scan - sector_scan,sector-scan - sector_scan,sector-scan - sector_scan,World_Machine,Reports/Freshness/Sources/sectors__sector-scan__sector_scan.md,obsidian://open?vault=World_Machine&file=Reports%2FFreshness%2FSources%2Fsectors__sector-scan__sector_scan.md,C:\Users\CaveUser\Documents\Obsidian Vault\World_Machine\Reports\Freshness\Sources\sectors__sector-scan__sector_scan.md,World_Machine,Reports,evidenceartifact,Reports,Freshness,,,,,,world-machine-review;freshness,,watch,,,,,,,2026-06-01,,,,,,,,sector-scan,,sector_scan,2026-05-26,,,
world:evidenceartifact:signals-canonical-signal-intelligence-signal-intelligence,EvidenceArtifact,Canonical Signal Intelligence - signal_intelligence,Canonical Signal Intelligence - signal_intelligence,Canonical Signal Intelligence - signal_intelligence,World_Machine,Reports/Freshness/Sources/signals__canonical-signal-intelligence__signal_intelligence.md,obsidian://open?vault=World_Machine&file=Reports%2FFreshness%2FSources%2Fsignals__canonical-signal-intelligence__signal_intelligence.md,C:\Users\CaveUser\Documents\Obsidian Vault\World_Machine\Reports\Freshness\Sources\signals__canonical-signal-intelligence__signal_intelligence.md,World_Machine,Reports,evidenceartifact,Reports,Freshness,,,,,,world-machine-review;freshness,,alert,,,,,,,2026-06-01,,,,,,,,Canonical Signal Intelligence,,signal_intelligence,2026-06-01,,,
world:evidenceartifact:source-gap-register,EvidenceArtifact,Source Gap Register - 2026-05-28,Source Gap Register - 2026-05-28,Source Gap Register - 2026-05-28,World_Machine,Reports/Source Gap Register.md,obsidian://open?vault=World_Machine&file=Reports%2FSource%20Gap%20Register.md,C:\Users\CaveUser\Documents\Obsidian Vault\World_Machine\Reports\Source Gap Register.md,World_Machine,Reports,evidenceartifact,Reports,Source Gap Register.md,,,,,,world-machine-review;source_gap_register;standing,,,,,,,,,2026-06-01,,,,,,,,World Machine Review Flow,,source_gap_register,2026-05-28,,,
world:evidenceartifact:source-watch-source-watch-updated-posts,EvidenceArtifact,Source Watch - updated_posts,Source Watch - updated_posts,Source Watch - updated_posts,World_Machine,Reports/Freshness/Sources/source_watch__source-watch__updated_posts.md,obsidian://open?vault=World_Machine&file=Reports%2FFreshness%2FSources%2Fsource_watch__source-watch__updated_posts.md,C:\Users\CaveUser\Documents\Obsidian Vault\World_Machine\Reports\Freshness\Sources\source_watch__source-watch__updated_posts.md,World_Machine,Reports,evidenceartifact,Reports,Freshness,,,,,,world-machine-review;freshness,,watch,,,,,,,2026-06-01,,,,,,,,Source Watch,,updated_posts,2026-05-26,,,
world:evidenceartifact:template-eod-report,EvidenceArtifact,_TEMPLATE - EOD Report,_TEMPLATE - EOD Report,_TEMPLATE - EOD Report,World_Machine,Reports/EOD/_TEMPLATE - EOD Report.md,obsidian://open?vault=World_Machine&file=Reports%2FEOD%2F_TEMPLATE%20-%20EOD%20Report.md,C:\Users\CaveUser\Documents\Obsidian Vault\World_Machine\Reports\EOD\_TEMPLATE - EOD Report.md,World_Machine,Reports,evidenceartifact,Reports,EOD,,,,,,report;eod;vault-state;macro;strategy;detective-brief,active,{{normal|alert|elevated|critical}},,,,,,{{YYYY-MM-DD}},2026-06-01,,,,,,,,,,report,,,,
world:evidenceartifact:template-weekly-report,EvidenceArtifact,_TEMPLATE - Weekly Report,_TEMPLATE - Weekly Report,_TEMPLATE - Weekly Report,World_Machine,Reports/Weekly/_TEMPLATE - Weekly Report.md,obsidian://open?vault=World_Machine&file=Reports%2FWeekly%2F_TEMPLATE%20-%20Weekly%20Report.md,C:\Users\CaveUser\Documents\Obsidian Vault\World_Machine\Reports\Weekly\_TEMPLATE - Weekly Report.md,World_Machine,Reports,evidenceartifact,Reports,Weekly,,,,,,report;weekly;vault-state;regime-review;strategy-review,active,,,,,,,{{YYYY-MM-DD}},2026-06-01,,,,,,,,,,report,,,,
world:evidenceartifact:theses-combination-reporting-system-opportunity-viewpoints,EvidenceArtifact,Combination Reporting System - opportunity_viewpoints,Combination Reporting System - opportunity_viewpoints,Combination Reporting System - opportunity_viewpoints,World_Machine,Reports/Freshness/Sources/theses__combination-reporting-system__opportunity_viewpoints.md,obsidian://open?vault=World_Machine&file=Reports%2FFreshness%2FSources%2Ftheses__combination-reporting-system__opportunity_viewpoints.md,C:\Users\CaveUser\Documents\Obsidian Vault\World_Machine\Reports\Freshness\Sources\theses__combination-reporting-system__opportunity_viewpoints.md,World_Machine,Reports,evidenceartifact,Reports,Freshness,,,,,,world-machine-review;freshness,,alert,,,,,,,2026-06-01,,,,,,,,Combination Reporting System,,opportunity_viewpoints,2026-05-26,,,
world:evidenceartifact:theses-event-research-event-research-report,EvidenceArtifact,Event Research - event_research_report,Event Research - event_research_report,Event Research - event_research_report,World_Machine,Reports/Freshness/Sources/theses__event-research__event_research_report.md,obsidian://open?vault=World_Machine&file=Reports%2FFreshness%2FSources%2Ftheses__event-research__event_research_report.md,C:\Users\CaveUser\Documents\Obsidian Vault\World_Machine\Reports\Freshness\Sources\theses__event-research__event_research_report.md,World_Machine,Reports,evidenceartifact,Reports,Freshness,,,,,,world-machine-review;freshness,,alert,,,,,,,2026-06-01,,,,,,,,Event Research,,event_research_report,2026-05-25,,,
world:evidenceartifact:weekly-reports-index,EvidenceArtifact,_Weekly Reports Index,_Weekly Reports Index,_Weekly Reports Index,World_Machine,Reports/Weekly/_Weekly Reports Index.md,obsidian://open?vault=World_Machine&file=Reports%2FWeekly%2F_Weekly%20Reports%20Index.md,C:\Users\CaveUser\Documents\Obsidian Vault\World_Machine\Reports\Weekly\_Weekly Reports Index.md,World_Machine,Reports,evidenceartifact,Reports,Weekly,,,,,,reports;weekly;vault-state,,,,,,,,2026-05-13,2026-06-01,,,,,,,,,,reports-index,,,,
world:evidenceartifact:yearly-reports-index,EvidenceArtifact,_Yearly Reports Index,_Yearly Reports Index,_Yearly Reports Index,World_Machine,Reports/Yearly/_Yearly Reports Index.md,obsidian://open?vault=World_Machine&file=Reports%2FYearly%2F_Yearly%20Reports%20Index.md,C:\Users\CaveUser\Documents\Obsidian Vault\World_Machine\Reports\Yearly\_Yearly Reports Index.md,World_Machine,Reports,evidenceartifact,Reports,Yearly,,,,,,reports;yearly;vault-state,,,,,,,,2026-05-13,2026-06-01,,,,,,,,,,reports-index,,,,
