id,sourceId,targetId,type,source,method,confidence,weight,status,reason,evidenceCount,missingEvidence,firstSeen,lastSeen,reviewState,reviewRoute,createdBy,asOfDate
rel:mydata-thesis-aerospace-defense-sector-basket:LINKS_TO:world-sector-aerospace-defense,mydata:thesis:aerospace-defense-sector-basket,world:sector:aerospace-defense,LINKS_TO,frontmatter,core_entities,medium,1,,,,,2026-06-01,2026-06-01,,,,2026-06-01
rel:mydata-thesis-aerospace-defense-sector-basket:LINKS_TO:world-stock-avav,mydata:thesis:aerospace-defense-sector-basket,world:stock:AVAV,LINKS_TO,frontmatter,core_entities,medium,1,,,,,2026-06-01,2026-06-01,,,,2026-06-01
rel:mydata-thesis-aerospace-defense-sector-basket:LINKS_TO:world-stock-axon,mydata:thesis:aerospace-defense-sector-basket,world:stock:AXON,LINKS_TO,frontmatter,core_entities,medium,1,,,,,2026-06-01,2026-06-01,,,,2026-06-01
rel:mydata-thesis-aerospace-defense-sector-basket:LINKS_TO:world-stock-ba,mydata:thesis:aerospace-defense-sector-basket,world:stock:BA,LINKS_TO,frontmatter,core_entities,medium,1,,,,,2026-06-01,2026-06-01,,,,2026-06-01
rel:mydata-thesis-aerospace-defense-sector-basket:LINKS_TO:world-stock-gd,mydata:thesis:aerospace-defense-sector-basket,world:stock:GD,LINKS_TO,frontmatter,core_entities,medium,1,,,,,2026-06-01,2026-06-01,,,,2026-06-01
rel:mydata-thesis-aerospace-defense-sector-basket:LINKS_TO:world-stock-hii,mydata:thesis:aerospace-defense-sector-basket,world:stock:HII,LINKS_TO,frontmatter,core_entities,medium,1,,,,,2026-06-01,2026-06-01,,,,2026-06-01
rel:mydata-thesis-aerospace-defense-sector-basket:LINKS_TO:world-stock-lhx,mydata:thesis:aerospace-defense-sector-basket,world:stock:LHX,LINKS_TO,frontmatter,core_entities,medium,1,,,,,2026-06-01,2026-06-01,,,,2026-06-01
rel:mydata-thesis-aerospace-defense-sector-basket:LINKS_TO:world-stock-lmt,mydata:thesis:aerospace-defense-sector-basket,world:stock:LMT,LINKS_TO,frontmatter,core_entities,medium,1,,,,,2026-06-01,2026-06-01,,,,2026-06-01
rel:mydata-thesis-aerospace-defense-sector-basket:LINKS_TO:world-stock-noc,mydata:thesis:aerospace-defense-sector-basket,world:stock:NOC,LINKS_TO,frontmatter,core_entities,medium,1,,,,,2026-06-01,2026-06-01,,,,2026-06-01
rel:mydata-thesis-aerospace-defense-sector-basket:LINKS_TO:world-stock-rtx,mydata:thesis:aerospace-defense-sector-basket,world:stock:RTX,LINKS_TO,frontmatter,core_entities,medium,1,,,,,2026-06-01,2026-06-01,,,,2026-06-01
rel:mydata-thesis-aerospace-defense-sector-basket:LINKS_TO:world-stock-saic,mydata:thesis:aerospace-defense-sector-basket,world:stock:SAIC,LINKS_TO,frontmatter,core_entities,medium,1,,,,,2026-06-01,2026-06-01,,,,2026-06-01
rel:mydata-thesis-aerospace-defense-sector-basket:LINKS_TO:world-stock-tdg,mydata:thesis:aerospace-defense-sector-basket,world:stock:TDG,LINKS_TO,frontmatter,core_entities,medium,1,,,,,2026-06-01,2026-06-01,,,,2026-06-01
rel:mydata-thesis-aerospace-defense-sector-basket:LINKS_TO:world-stock-usa,mydata:thesis:aerospace-defense-sector-basket,world:stock:USA,LINKS_TO,frontmatter,core_entities,medium,1,,,,,2026-06-01,2026-06-01,,,,2026-06-01
rel:mydata-thesis-ai-power-defense-stack:LINKS_TO:world-entity-power-infrastructure,mydata:thesis:ai-power-defense-stack,world:entity:power-infrastructure,LINKS_TO,frontmatter,core_entities,medium,1,,,,,2026-06-01,2026-06-01,,,,2026-06-01
rel:mydata-thesis-ai-power-defense-stack:LINKS_TO:world-sector-aerospace-defense,mydata:thesis:ai-power-defense-stack,world:sector:aerospace-defense,LINKS_TO,frontmatter,core_entities,medium,1,,,,,2026-06-01,2026-06-01,,,,2026-06-01
rel:mydata-thesis-ai-power-defense-stack:LINKS_TO:world-stock-amzn,mydata:thesis:ai-power-defense-stack,world:stock:AMZN,LINKS_TO,frontmatter,core_entities,medium,1,,,,,2026-06-01,2026-06-01,,,,2026-06-01
rel:mydata-thesis-ai-power-defense-stack:LINKS_TO:world-stock-etn,mydata:thesis:ai-power-defense-stack,world:stock:ETN,LINKS_TO,frontmatter,core_entities,medium,1,,,,,2026-06-01,2026-06-01,,,,2026-06-01
rel:mydata-thesis-ai-power-defense-stack:LINKS_TO:world-stock-gev,mydata:thesis:ai-power-defense-stack,world:stock:GEV,LINKS_TO,frontmatter,core_entities,medium,1,,,,,2026-06-01,2026-06-01,,,,2026-06-01
rel:mydata-thesis-ai-power-defense-stack:LINKS_TO:world-stock-msft,mydata:thesis:ai-power-defense-stack,world:stock:MSFT,LINKS_TO,frontmatter,core_entities,medium,1,,,,,2026-06-01,2026-06-01,,,,2026-06-01
rel:mydata-thesis-ai-power-defense-stack:LINKS_TO:world-stock-pltr,mydata:thesis:ai-power-defense-stack,world:stock:PLTR,LINKS_TO,frontmatter,core_entities,medium,1,,,,,2026-06-01,2026-06-01,,,,2026-06-01
rel:mydata-thesis-ai-power-defense-stack:LINKS_TO:world-stock-usa,mydata:thesis:ai-power-defense-stack,world:stock:USA,LINKS_TO,frontmatter,core_entities,medium,1,,,,,2026-06-01,2026-06-01,,,,2026-06-01
rel:mydata-thesis-ai-power-infrastructure:LINKS_TO:world-entity-power-infrastructure,mydata:thesis:ai-power-infrastructure,world:entity:power-infrastructure,LINKS_TO,frontmatter,core_entities,medium,1,,,,,2026-06-01,2026-06-01,,,,2026-06-01
rel:mydata-thesis-ai-power-infrastructure:LINKS_TO:world-stock-ai,mydata:thesis:ai-power-infrastructure,world:stock:AI,LINKS_TO,frontmatter,core_entities,medium,1,,,,,2026-06-01,2026-06-01,,,,2026-06-01
rel:mydata-thesis-ai-power-infrastructure:LINKS_TO:world-stock-etn,mydata:thesis:ai-power-infrastructure,world:stock:ETN,LINKS_TO,frontmatter,core_entities,medium,1,,,,,2026-06-01,2026-06-01,,,,2026-06-01
rel:mydata-thesis-ai-power-infrastructure:LINKS_TO:world-stock-gev,mydata:thesis:ai-power-infrastructure,world:stock:GEV,LINKS_TO,frontmatter,core_entities,medium,1,,,,,2026-06-01,2026-06-01,,,,2026-06-01
rel:mydata-thesis-ai-power-infrastructure:LINKS_TO:world-stock-nrg,mydata:thesis:ai-power-infrastructure,world:stock:NRG,LINKS_TO,frontmatter,core_entities,medium,1,,,,,2026-06-01,2026-06-01,,,,2026-06-01
rel:mydata-thesis-ai-power-infrastructure:LINKS_TO:world-stock-strl,mydata:thesis:ai-power-infrastructure,world:stock:STRL,LINKS_TO,frontmatter,core_entities,medium,1,,,,,2026-06-01,2026-06-01,,,,2026-06-01
rel:mydata-thesis-ai-power-infrastructure:LINKS_TO:world-stock-usa,mydata:thesis:ai-power-infrastructure,world:stock:USA,LINKS_TO,frontmatter,core_entities,medium,1,,,,,2026-06-01,2026-06-01,,,,2026-06-01
rel:mydata-thesis-ai-power-infrastructure:LINKS_TO:world-stock-vst,mydata:thesis:ai-power-infrastructure,world:stock:VST,LINKS_TO,frontmatter,core_entities,medium,1,,,,,2026-06-01,2026-06-01,,,,2026-06-01
rel:mydata-thesis-alzheimers-disease-modification:LINKS_TO:world-entity-neurology,mydata:thesis:alzheimers-disease-modification,world:entity:neurology,LINKS_TO,frontmatter,core_entities,medium,1,,,,,2026-06-01,2026-06-01,,,,2026-06-01
rel:mydata-thesis-alzheimers-disease-modification:LINKS_TO:world-entity-rare-disease,mydata:thesis:alzheimers-disease-modification,world:entity:rare-disease,LINKS_TO,frontmatter,core_entities,medium,1,,,,,2026-06-01,2026-06-01,,,,2026-06-01
rel:mydata-thesis-alzheimers-disease-modification:LINKS_TO:world-stock-acad,mydata:thesis:alzheimers-disease-modification,world:stock:ACAD,LINKS_TO,frontmatter,core_entities,medium,1,,,,,2026-06-01,2026-06-01,,,,2026-06-01
rel:mydata-thesis-alzheimers-disease-modification:LINKS_TO:world-stock-biib,mydata:thesis:alzheimers-disease-modification,world:stock:BIIB,LINKS_TO,frontmatter,core_entities,medium,1,,,,,2026-06-01,2026-06-01,,,,2026-06-01
rel:mydata-thesis-alzheimers-disease-modification:LINKS_TO:world-stock-lly,mydata:thesis:alzheimers-disease-modification,world:stock:LLY,LINKS_TO,frontmatter,core_entities,medium,1,,,,,2026-06-01,2026-06-01,,,,2026-06-01
rel:mydata-thesis-alzheimers-disease-modification:LINKS_TO:world-stock-prta,mydata:thesis:alzheimers-disease-modification,world:stock:PRTA,LINKS_TO,frontmatter,core_entities,medium,1,,,,,2026-06-01,2026-06-01,,,,2026-06-01
rel:mydata-thesis-alzheimers-disease-modification:LINKS_TO:world-stock-usa,mydata:thesis:alzheimers-disease-modification,world:stock:USA,LINKS_TO,frontmatter,core_entities,medium,1,,,,,2026-06-01,2026-06-01,,,,2026-06-01
rel:mydata-thesis-antimicrobial-resistance-pipeline:LINKS_TO:world-sector-healthcare,mydata:thesis:antimicrobial-resistance-pipeline,world:sector:healthcare,LINKS_TO,frontmatter,core_entities,medium,1,,,,,2026-06-01,2026-06-01,,,,2026-06-01
rel:mydata-thesis-antimicrobial-resistance-pipeline:LINKS_TO:world-stock-barda,mydata:thesis:antimicrobial-resistance-pipeline,world:stock:BARDA,LINKS_TO,frontmatter,core_entities,medium,1,,,,,2026-06-01,2026-06-01,,,,2026-06-01
rel:mydata-thesis-antimicrobial-resistance-pipeline:LINKS_TO:world-stock-biib,mydata:thesis:antimicrobial-resistance-pipeline,world:stock:BIIB,LINKS_TO,frontmatter,core_entities,medium,1,,,,,2026-06-01,2026-06-01,,,,2026-06-01
rel:mydata-thesis-antimicrobial-resistance-pipeline:LINKS_TO:world-stock-inva,mydata:thesis:antimicrobial-resistance-pipeline,world:stock:INVA,LINKS_TO,frontmatter,core_entities,medium,1,,,,,2026-06-01,2026-06-01,,,,2026-06-01
rel:mydata-thesis-antimicrobial-resistance-pipeline:LINKS_TO:world-stock-jnj,mydata:thesis:antimicrobial-resistance-pipeline,world:stock:JNJ,LINKS_TO,frontmatter,core_entities,medium,1,,,,,2026-06-01,2026-06-01,,,,2026-06-01
rel:mydata-thesis-antimicrobial-resistance-pipeline:LINKS_TO:world-stock-mrk,mydata:thesis:antimicrobial-resistance-pipeline,world:stock:MRK,LINKS_TO,frontmatter,core_entities,medium,1,,,,,2026-06-01,2026-06-01,,,,2026-06-01
rel:mydata-thesis-antimicrobial-resistance-pipeline:LINKS_TO:world-stock-pfe,mydata:thesis:antimicrobial-resistance-pipeline,world:stock:PFE,LINKS_TO,frontmatter,core_entities,medium,1,,,,,2026-06-01,2026-06-01,,,,2026-06-01
rel:mydata-thesis-antimicrobial-resistance-pipeline:LINKS_TO:world-stock-rprx,mydata:thesis:antimicrobial-resistance-pipeline,world:stock:RPRX,LINKS_TO,frontmatter,core_entities,medium,1,,,,,2026-06-01,2026-06-01,,,,2026-06-01
rel:mydata-thesis-antimicrobial-resistance-pipeline:LINKS_TO:world-stock-spro,mydata:thesis:antimicrobial-resistance-pipeline,world:stock:SPRO,LINKS_TO,frontmatter,core_entities,medium,1,,,,,2026-06-01,2026-06-01,,,,2026-06-01
rel:mydata-thesis-antimicrobial-resistance-pipeline:LINKS_TO:world-stock-usa,mydata:thesis:antimicrobial-resistance-pipeline,world:stock:USA,LINKS_TO,frontmatter,core_entities,medium,1,,,,,2026-06-01,2026-06-01,,,,2026-06-01
rel:mydata-thesis-antimicrobial-resistance-pipeline:LINKS_TO:world-stock-who,mydata:thesis:antimicrobial-resistance-pipeline,world:stock:WHO,LINKS_TO,frontmatter,core_entities,medium,1,,,,,2026-06-01,2026-06-01,,,,2026-06-01
rel:mydata-thesis-bioengineered-food-systems:LINKS_TO:world-entity-agriculture,mydata:thesis:bioengineered-food-systems,world:entity:agriculture,LINKS_TO,frontmatter,core_entities,medium,1,,,,,2026-06-01,2026-06-01,,,,2026-06-01
rel:mydata-thesis-bioengineered-food-systems:LINKS_TO:world-entity-food-systems,mydata:thesis:bioengineered-food-systems,world:entity:food-systems,LINKS_TO,frontmatter,core_entities,medium,1,,,,,2026-06-01,2026-06-01,,,,2026-06-01
rel:mydata-thesis-bioengineered-food-systems:LINKS_TO:world-entity-synthetic-biology,mydata:thesis:bioengineered-food-systems,world:entity:synthetic-biology,LINKS_TO,frontmatter,core_entities,medium,1,,,,,2026-06-01,2026-06-01,,,,2026-06-01
rel:mydata-thesis-bioengineered-food-systems:LINKS_TO:world-stock-adm,mydata:thesis:bioengineered-food-systems,world:stock:ADM,LINKS_TO,frontmatter,core_entities,medium,1,,,,,2026-06-01,2026-06-01,,,,2026-06-01
rel:mydata-thesis-bioengineered-food-systems:LINKS_TO:world-stock-bg,mydata:thesis:bioengineered-food-systems,world:stock:BG,LINKS_TO,frontmatter,core_entities,medium,1,,,,,2026-06-01,2026-06-01,,,,2026-06-01
rel:mydata-thesis-bioengineered-food-systems:LINKS_TO:world-stock-bynd,mydata:thesis:bioengineered-food-systems,world:stock:BYND,LINKS_TO,frontmatter,core_entities,medium,1,,,,,2026-06-01,2026-06-01,,,,2026-06-01
rel:mydata-thesis-bioengineered-food-systems:LINKS_TO:world-stock-ctva,mydata:thesis:bioengineered-food-systems,world:stock:CTVA,LINKS_TO,frontmatter,core_entities,medium,1,,,,,2026-06-01,2026-06-01,,,,2026-06-01
rel:mydata-thesis-bioengineered-food-systems:LINKS_TO:world-stock-dna,mydata:thesis:bioengineered-food-systems,world:stock:DNA,LINKS_TO,frontmatter,core_entities,medium,1,,,,,2026-06-01,2026-06-01,,,,2026-06-01
rel:mydata-thesis-bioengineered-food-systems:LINKS_TO:world-stock-fmc,mydata:thesis:bioengineered-food-systems,world:stock:FMC,LINKS_TO,frontmatter,core_entities,medium,1,,,,,2026-06-01,2026-06-01,,,,2026-06-01
rel:mydata-thesis-bioengineered-food-systems:LINKS_TO:world-stock-iff,mydata:thesis:bioengineered-food-systems,world:stock:IFF,LINKS_TO,frontmatter,core_entities,medium,1,,,,,2026-06-01,2026-06-01,,,,2026-06-01
rel:mydata-thesis-bioengineered-food-systems:LINKS_TO:world-stock-tmo,mydata:thesis:bioengineered-food-systems,world:stock:TMO,LINKS_TO,frontmatter,core_entities,medium,1,,,,,2026-06-01,2026-06-01,,,,2026-06-01
rel:mydata-thesis-bioengineered-food-systems:LINKS_TO:world-stock-tsn,mydata:thesis:bioengineered-food-systems,world:stock:TSN,LINKS_TO,frontmatter,core_entities,medium,1,,,,,2026-06-01,2026-06-01,,,,2026-06-01
rel:mydata-thesis-bioengineered-food-systems:LINKS_TO:world-stock-twst,mydata:thesis:bioengineered-food-systems,world:stock:TWST,LINKS_TO,frontmatter,core_entities,medium,1,,,,,2026-06-01,2026-06-01,,,,2026-06-01
rel:mydata-thesis-biosecurity-compute-convergence:LINKS_TO:world-sector-healthcare,mydata:thesis:biosecurity-compute-convergence,world:sector:healthcare,LINKS_TO,frontmatter,core_entities,medium,1,,,,,2026-06-01,2026-06-01,,,,2026-06-01
rel:mydata-thesis-biosecurity-compute-convergence:LINKS_TO:world-sector-tech-sector,mydata:thesis:biosecurity-compute-convergence,world:sector:tech-sector,LINKS_TO,frontmatter,core_entities,medium,1,,,,,2026-06-01,2026-06-01,,,,2026-06-01
rel:mydata-thesis-biosecurity-compute-convergence:LINKS_TO:world-stock-amzn,mydata:thesis:biosecurity-compute-convergence,world:stock:AMZN,LINKS_TO,frontmatter,core_entities,medium,1,,,,,2026-06-01,2026-06-01,,,,2026-06-01
rel:mydata-thesis-biosecurity-compute-convergence:LINKS_TO:world-stock-googl,mydata:thesis:biosecurity-compute-convergence,world:stock:GOOGL,LINKS_TO,frontmatter,core_entities,medium,1,,,,,2026-06-01,2026-06-01,,,,2026-06-01
rel:mydata-thesis-biosecurity-compute-convergence:LINKS_TO:world-stock-usa,mydata:thesis:biosecurity-compute-convergence,world:stock:USA,LINKS_TO,frontmatter,core_entities,medium,1,,,,,2026-06-01,2026-06-01,,,,2026-06-01
rel:mydata-thesis-buffett-style-quality-compounders:LINKS_TO:world-sector-consumer-staples,mydata:thesis:buffett-style-quality-compounders,world:sector:consumer-staples,LINKS_TO,frontmatter,core_entities,medium,1,,,,,2026-06-01,2026-06-01,,,,2026-06-01
rel:mydata-thesis-buffett-style-quality-compounders:LINKS_TO:world-sector-financials,mydata:thesis:buffett-style-quality-compounders,world:sector:financials,LINKS_TO,frontmatter,core_entities,medium,1,,,,,2026-06-01,2026-06-01,,,,2026-06-01
rel:mydata-thesis-buffett-style-quality-compounders:LINKS_TO:world-sector-tech-sector,mydata:thesis:buffett-style-quality-compounders,world:sector:tech-sector,LINKS_TO,frontmatter,core_entities,medium,1,,,,,2026-06-01,2026-06-01,,,,2026-06-01
rel:mydata-thesis-buffett-style-quality-compounders:LINKS_TO:world-stock-aapl,mydata:thesis:buffett-style-quality-compounders,world:stock:AAPL,LINKS_TO,frontmatter,core_entities,medium,1,,,,,2026-06-01,2026-06-01,,,,2026-06-01
rel:mydata-thesis-buffett-style-quality-compounders:LINKS_TO:world-stock-axp,mydata:thesis:buffett-style-quality-compounders,world:stock:AXP,LINKS_TO,frontmatter,core_entities,medium,1,,,,,2026-06-01,2026-06-01,,,,2026-06-01
rel:mydata-thesis-buffett-style-quality-compounders:LINKS_TO:world-stock-brk-b,mydata:thesis:buffett-style-quality-compounders,world:stock:BRK_B,LINKS_TO,frontmatter,core_entities,medium,1,,,,,2026-06-01,2026-06-01,,,,2026-06-01
rel:mydata-thesis-buffett-style-quality-compounders:LINKS_TO:world-stock-ko,mydata:thesis:buffett-style-quality-compounders,world:stock:KO,LINKS_TO,frontmatter,core_entities,medium,1,,,,,2026-06-01,2026-06-01,,,,2026-06-01
rel:mydata-thesis-buffett-style-quality-compounders:LINKS_TO:world-stock-usa,mydata:thesis:buffett-style-quality-compounders,world:stock:USA,LINKS_TO,frontmatter,core_entities,medium,1,,,,,2026-06-01,2026-06-01,,,,2026-06-01
rel:mydata-thesis-capital-raise-survivors-small-cap-inflection-basket:LINKS_TO:world-entity-capital-raises,mydata:thesis:capital-raise-survivors-small-cap-inflection-basket,world:entity:capital-raises,LINKS_TO,frontmatter,core_entities,medium,1,,,,,2026-06-01,2026-06-01,,,,2026-06-01
rel:mydata-thesis-capital-raise-survivors-small-cap-inflection-basket:LINKS_TO:world-entity-small-caps,mydata:thesis:capital-raise-survivors-small-cap-inflection-basket,world:entity:small-caps,LINKS_TO,frontmatter,core_entities,medium,1,,,,,2026-06-01,2026-06-01,,,,2026-06-01
rel:mydata-thesis-capital-raise-survivors-small-cap-inflection-basket:LINKS_TO:world-stock-brbr,mydata:thesis:capital-raise-survivors-small-cap-inflection-basket,world:stock:BRBR,LINKS_TO,frontmatter,core_entities,medium,1,,,,,2026-06-01,2026-06-01,,,,2026-06-01
rel:mydata-thesis-capital-raise-survivors-small-cap-inflection-basket:LINKS_TO:world-stock-bw,mydata:thesis:capital-raise-survivors-small-cap-inflection-basket,world:stock:BW,LINKS_TO,frontmatter,core_entities,medium,1,,,,,2026-06-01,2026-06-01,,,,2026-06-01
rel:mydata-thesis-capital-raise-survivors-small-cap-inflection-basket:LINKS_TO:world-stock-ecpg,mydata:thesis:capital-raise-survivors-small-cap-inflection-basket,world:stock:ECPG,LINKS_TO,frontmatter,core_entities,medium,1,,,,,2026-06-01,2026-06-01,,,,2026-06-01
rel:mydata-thesis-capital-raise-survivors-small-cap-inflection-basket:LINKS_TO:world-stock-iipr,mydata:thesis:capital-raise-survivors-small-cap-inflection-basket,world:stock:IIPR,LINKS_TO,frontmatter,core_entities,medium,1,,,,,2026-06-01,2026-06-01,,,,2026-06-01
rel:mydata-thesis-capital-raise-survivors-small-cap-inflection-basket:LINKS_TO:world-stock-nktr,mydata:thesis:capital-raise-survivors-small-cap-inflection-basket,world:stock:NKTR,LINKS_TO,frontmatter,core_entities,medium,1,,,,,2026-06-01,2026-06-01,,,,2026-06-01
rel:mydata-thesis-capital-raise-survivors-small-cap-inflection-basket:LINKS_TO:world-stock-pdfs,mydata:thesis:capital-raise-survivors-small-cap-inflection-basket,world:stock:PDFS,LINKS_TO,frontmatter,core_entities,medium,1,,,,,2026-06-01,2026-06-01,,,,2026-06-01
rel:mydata-thesis-capital-raise-survivors-small-cap-inflection-basket:LINKS_TO:world-stock-ppih,mydata:thesis:capital-raise-survivors-small-cap-inflection-basket,world:stock:PPIH,LINKS_TO,frontmatter,core_entities,medium,1,,,,,2026-06-01,2026-06-01,,,,2026-06-01
rel:mydata-thesis-capital-raise-survivors-small-cap-inflection-basket:LINKS_TO:world-stock-prks,mydata:thesis:capital-raise-survivors-small-cap-inflection-basket,world:stock:PRKS,LINKS_TO,frontmatter,core_entities,medium,1,,,,,2026-06-01,2026-06-01,,,,2026-06-01
rel:mydata-thesis-capital-raise-survivors-small-cap-inflection-basket:LINKS_TO:world-stock-tnc,mydata:thesis:capital-raise-survivors-small-cap-inflection-basket,world:stock:TNC,LINKS_TO,frontmatter,core_entities,medium,1,,,,,2026-06-01,2026-06-01,,,,2026-06-01
rel:mydata-thesis-capital-raise-survivors-small-cap-inflection-basket:LINKS_TO:world-stock-ufpt,mydata:thesis:capital-raise-survivors-small-cap-inflection-basket,world:stock:UFPT,LINKS_TO,frontmatter,core_entities,medium,1,,,,,2026-06-01,2026-06-01,,,,2026-06-01
rel:mydata-thesis-communication-services-sector-basket:LINKS_TO:world-sector-communication-services,mydata:thesis:communication-services-sector-basket,world:sector:communication-services,LINKS_TO,frontmatter,core_entities,medium,1,,,,,2026-06-01,2026-06-01,,,,2026-06-01
rel:mydata-thesis-communication-services-sector-basket:LINKS_TO:world-stock-chtr,mydata:thesis:communication-services-sector-basket,world:stock:CHTR,LINKS_TO,frontmatter,core_entities,medium,1,,,,,2026-06-01,2026-06-01,,,,2026-06-01
rel:mydata-thesis-communication-services-sector-basket:LINKS_TO:world-stock-cmcsa,mydata:thesis:communication-services-sector-basket,world:stock:CMCSA,LINKS_TO,frontmatter,core_entities,medium,1,,,,,2026-06-01,2026-06-01,,,,2026-06-01
rel:mydata-thesis-communication-services-sector-basket:LINKS_TO:world-stock-dis,mydata:thesis:communication-services-sector-basket,world:stock:DIS,LINKS_TO,frontmatter,core_entities,medium,1,,,,,2026-06-01,2026-06-01,,,,2026-06-01
rel:mydata-thesis-communication-services-sector-basket:LINKS_TO:world-stock-ea,mydata:thesis:communication-services-sector-basket,world:stock:EA,LINKS_TO,frontmatter,core_entities,medium,1,,,,,2026-06-01,2026-06-01,,,,2026-06-01
rel:mydata-thesis-communication-services-sector-basket:LINKS_TO:world-stock-googl,mydata:thesis:communication-services-sector-basket,world:stock:GOOGL,LINKS_TO,frontmatter,core_entities,medium,1,,,,,2026-06-01,2026-06-01,,,,2026-06-01
rel:mydata-thesis-communication-services-sector-basket:LINKS_TO:world-stock-meta,mydata:thesis:communication-services-sector-basket,world:stock:META,LINKS_TO,frontmatter,core_entities,medium,1,,,,,2026-06-01,2026-06-01,,,,2026-06-01
rel:mydata-thesis-communication-services-sector-basket:LINKS_TO:world-stock-nflx,mydata:thesis:communication-services-sector-basket,world:stock:NFLX,LINKS_TO,frontmatter,core_entities,medium,1,,,,,2026-06-01,2026-06-01,,,,2026-06-01
rel:mydata-thesis-communication-services-sector-basket:LINKS_TO:world-stock-t,mydata:thesis:communication-services-sector-basket,world:stock:T,LINKS_TO,frontmatter,core_entities,medium,1,,,,,2026-06-01,2026-06-01,,,,2026-06-01
rel:mydata-thesis-communication-services-sector-basket:LINKS_TO:world-stock-usa,mydata:thesis:communication-services-sector-basket,world:stock:USA,LINKS_TO,frontmatter,core_entities,medium,1,,,,,2026-06-01,2026-06-01,,,,2026-06-01
rel:mydata-thesis-communication-services-sector-basket:LINKS_TO:world-stock-vz,mydata:thesis:communication-services-sector-basket,world:stock:VZ,LINKS_TO,frontmatter,core_entities,medium,1,,,,,2026-06-01,2026-06-01,,,,2026-06-01
rel:mydata-thesis-consumer-discretionary-sector-basket:LINKS_TO:world-sector-consumer-discretionary,mydata:thesis:consumer-discretionary-sector-basket,world:sector:consumer-discretionary,LINKS_TO,frontmatter,core_entities,medium,1,,,,,2026-06-01,2026-06-01,,,,2026-06-01
rel:mydata-thesis-consumer-discretionary-sector-basket:LINKS_TO:world-stock-amzn,mydata:thesis:consumer-discretionary-sector-basket,world:stock:AMZN,LINKS_TO,frontmatter,core_entities,medium,1,,,,,2026-06-01,2026-06-01,,,,2026-06-01
rel:mydata-thesis-consumer-discretionary-sector-basket:LINKS_TO:world-stock-bkng,mydata:thesis:consumer-discretionary-sector-basket,world:stock:BKNG,LINKS_TO,frontmatter,core_entities,medium,1,,,,,2026-06-01,2026-06-01,,,,2026-06-01
rel:mydata-thesis-consumer-discretionary-sector-basket:LINKS_TO:world-stock-dhi,mydata:thesis:consumer-discretionary-sector-basket,world:stock:DHI,LINKS_TO,frontmatter,core_entities,medium,1,,,,,2026-06-01,2026-06-01,,,,2026-06-01
rel:mydata-thesis-consumer-discretionary-sector-basket:LINKS_TO:world-stock-hd,mydata:thesis:consumer-discretionary-sector-basket,world:stock:HD,LINKS_TO,frontmatter,core_entities,medium,1,,,,,2026-06-01,2026-06-01,,,,2026-06-01
rel:mydata-thesis-consumer-discretionary-sector-basket:LINKS_TO:world-stock-low,mydata:thesis:consumer-discretionary-sector-basket,world:stock:LOW,LINKS_TO,frontmatter,core_entities,medium,1,,,,,2026-06-01,2026-06-01,,,,2026-06-01
rel:mydata-thesis-consumer-discretionary-sector-basket:LINKS_TO:world-stock-mcd,mydata:thesis:consumer-discretionary-sector-basket,world:stock:MCD,LINKS_TO,frontmatter,core_entities,medium,1,,,,,2026-06-01,2026-06-01,,,,2026-06-01
rel:mydata-thesis-consumer-discretionary-sector-basket:LINKS_TO:world-stock-nke,mydata:thesis:consumer-discretionary-sector-basket,world:stock:NKE,LINKS_TO,frontmatter,core_entities,medium,1,,,,,2026-06-01,2026-06-01,,,,2026-06-01
rel:mydata-thesis-consumer-discretionary-sector-basket:LINKS_TO:world-stock-sbux,mydata:thesis:consumer-discretionary-sector-basket,world:stock:SBUX,LINKS_TO,frontmatter,core_entities,medium,1,,,,,2026-06-01,2026-06-01,,,,2026-06-01
rel:mydata-thesis-consumer-discretionary-sector-basket:LINKS_TO:world-stock-tjx,mydata:thesis:consumer-discretionary-sector-basket,world:stock:TJX,LINKS_TO,frontmatter,core_entities,medium,1,,,,,2026-06-01,2026-06-01,,,,2026-06-01
rel:mydata-thesis-consumer-discretionary-sector-basket:LINKS_TO:world-stock-tsla,mydata:thesis:consumer-discretionary-sector-basket,world:stock:TSLA,LINKS_TO,frontmatter,core_entities,medium,1,,,,,2026-06-01,2026-06-01,,,,2026-06-01
rel:mydata-thesis-consumer-discretionary-sector-basket:LINKS_TO:world-stock-usa,mydata:thesis:consumer-discretionary-sector-basket,world:stock:USA,LINKS_TO,frontmatter,core_entities,medium,1,,,,,2026-06-01,2026-06-01,,,,2026-06-01
rel:mydata-thesis-consumer-staples-sector-basket:LINKS_TO:world-sector-consumer-staples,mydata:thesis:consumer-staples-sector-basket,world:sector:consumer-staples,LINKS_TO,frontmatter,core_entities,medium,1,,,,,2026-06-01,2026-06-01,,,,2026-06-01
rel:mydata-thesis-consumer-staples-sector-basket:LINKS_TO:world-stock-cl,mydata:thesis:consumer-staples-sector-basket,world:stock:CL,LINKS_TO,frontmatter,core_entities,medium,1,,,,,2026-06-01,2026-06-01,,,,2026-06-01
rel:mydata-thesis-consumer-staples-sector-basket:LINKS_TO:world-stock-cost,mydata:thesis:consumer-staples-sector-basket,world:stock:COST,LINKS_TO,frontmatter,core_entities,medium,1,,,,,2026-06-01,2026-06-01,,,,2026-06-01
rel:mydata-thesis-consumer-staples-sector-basket:LINKS_TO:world-stock-gis,mydata:thesis:consumer-staples-sector-basket,world:stock:GIS,LINKS_TO,frontmatter,core_entities,medium,1,,,,,2026-06-01,2026-06-01,,,,2026-06-01
rel:mydata-thesis-consumer-staples-sector-basket:LINKS_TO:world-stock-kmb,mydata:thesis:consumer-staples-sector-basket,world:stock:KMB,LINKS_TO,frontmatter,core_entities,medium,1,,,,,2026-06-01,2026-06-01,,,,2026-06-01
rel:mydata-thesis-consumer-staples-sector-basket:LINKS_TO:world-stock-ko,mydata:thesis:consumer-staples-sector-basket,world:stock:KO,LINKS_TO,frontmatter,core_entities,medium,1,,,,,2026-06-01,2026-06-01,,,,2026-06-01
rel:mydata-thesis-consumer-staples-sector-basket:LINKS_TO:world-stock-mo,mydata:thesis:consumer-staples-sector-basket,world:stock:MO,LINKS_TO,frontmatter,core_entities,medium,1,,,,,2026-06-01,2026-06-01,,,,2026-06-01
rel:mydata-thesis-consumer-staples-sector-basket:LINKS_TO:world-stock-pep,mydata:thesis:consumer-staples-sector-basket,world:stock:PEP,LINKS_TO,frontmatter,core_entities,medium,1,,,,,2026-06-01,2026-06-01,,,,2026-06-01
rel:mydata-thesis-consumer-staples-sector-basket:LINKS_TO:world-stock-pg,mydata:thesis:consumer-staples-sector-basket,world:stock:PG,LINKS_TO,frontmatter,core_entities,medium,1,,,,,2026-06-01,2026-06-01,,,,2026-06-01
rel:mydata-thesis-consumer-staples-sector-basket:LINKS_TO:world-stock-pm,mydata:thesis:consumer-staples-sector-basket,world:stock:PM,LINKS_TO,frontmatter,core_entities,medium,1,,,,,2026-06-01,2026-06-01,,,,2026-06-01
rel:mydata-thesis-consumer-staples-sector-basket:LINKS_TO:world-stock-usa,mydata:thesis:consumer-staples-sector-basket,world:stock:USA,LINKS_TO,frontmatter,core_entities,medium,1,,,,,2026-06-01,2026-06-01,,,,2026-06-01
rel:mydata-thesis-consumer-staples-sector-basket:LINKS_TO:world-stock-wmt,mydata:thesis:consumer-staples-sector-basket,world:stock:WMT,LINKS_TO,frontmatter,core_entities,medium,1,,,,,2026-06-01,2026-06-01,,,,2026-06-01
rel:mydata-thesis-dalio-style-all-weather-hard-assets:LINKS_TO:world-sector-energy,mydata:thesis:dalio-style-all-weather-hard-assets,world:sector:energy,LINKS_TO,frontmatter,core_entities,medium,1,,,,,2026-06-01,2026-06-01,,,,2026-06-01
rel:mydata-thesis-dalio-style-all-weather-hard-assets:LINKS_TO:world-sector-materials,mydata:thesis:dalio-style-all-weather-hard-assets,world:sector:materials,LINKS_TO,frontmatter,core_entities,medium,1,,,,,2026-06-01,2026-06-01,,,,2026-06-01
rel:mydata-thesis-dalio-style-all-weather-hard-assets:LINKS_TO:world-stock-gold,mydata:thesis:dalio-style-all-weather-hard-assets,world:stock:GOLD,LINKS_TO,frontmatter,core_entities,medium,1,,,,,2026-06-01,2026-06-01,,,,2026-06-01
rel:mydata-thesis-dalio-style-all-weather-hard-assets:LINKS_TO:world-stock-nem,mydata:thesis:dalio-style-all-weather-hard-assets,world:stock:NEM,LINKS_TO,frontmatter,core_entities,medium,1,,,,,2026-06-01,2026-06-01,,,,2026-06-01
rel:mydata-thesis-dalio-style-all-weather-hard-assets:LINKS_TO:world-stock-usa,mydata:thesis:dalio-style-all-weather-hard-assets,world:stock:USA,LINKS_TO,frontmatter,core_entities,medium,1,,,,,2026-06-01,2026-06-01,,,,2026-06-01
rel:mydata-thesis-dalio-style-all-weather-hard-assets:LINKS_TO:world-stock-wpm,mydata:thesis:dalio-style-all-weather-hard-assets,world:stock:WPM,LINKS_TO,frontmatter,core_entities,medium,1,,,,,2026-06-01,2026-06-01,,,,2026-06-01
rel:mydata-thesis-dalio-style-all-weather-hard-assets:LINKS_TO:world-stock-xom,mydata:thesis:dalio-style-all-weather-hard-assets,world:stock:XOM,LINKS_TO,frontmatter,core_entities,medium,1,,,,,2026-06-01,2026-06-01,,,,2026-06-01
rel:mydata-thesis-defense-ai-autonomous-warfare:LINKS_TO:world-sector-aerospace-defense,mydata:thesis:defense-ai-autonomous-warfare,world:sector:aerospace-defense,LINKS_TO,frontmatter,core_entities,medium,1,,,,,2026-06-01,2026-06-01,,,,2026-06-01
rel:mydata-thesis-defense-ai-autonomous-warfare:LINKS_TO:world-sector-tech-sector,mydata:thesis:defense-ai-autonomous-warfare,world:sector:tech-sector,LINKS_TO,frontmatter,core_entities,medium,1,,,,,2026-06-01,2026-06-01,,,,2026-06-01
rel:mydata-thesis-defense-ai-autonomous-warfare:LINKS_TO:world-stock-amzn,mydata:thesis:defense-ai-autonomous-warfare,world:stock:AMZN,LINKS_TO,frontmatter,core_entities,medium,1,,,,,2026-06-01,2026-06-01,,,,2026-06-01
rel:mydata-thesis-defense-ai-autonomous-warfare:LINKS_TO:world-stock-bah,mydata:thesis:defense-ai-autonomous-warfare,world:stock:BAH,LINKS_TO,frontmatter,core_entities,medium,1,,,,,2026-06-01,2026-06-01,,,,2026-06-01
rel:mydata-thesis-defense-ai-autonomous-warfare:LINKS_TO:world-stock-bbai,mydata:thesis:defense-ai-autonomous-warfare,world:stock:BBAI,LINKS_TO,frontmatter,core_entities,medium,1,,,,,2026-06-01,2026-06-01,,,,2026-06-01
rel:mydata-thesis-defense-ai-autonomous-warfare:LINKS_TO:world-stock-caci,mydata:thesis:defense-ai-autonomous-warfare,world:stock:CACI,LINKS_TO,frontmatter,core_entities,medium,1,,,,,2026-06-01,2026-06-01,,,,2026-06-01
rel:mydata-thesis-defense-ai-autonomous-warfare:LINKS_TO:world-stock-gd,mydata:thesis:defense-ai-autonomous-warfare,world:stock:GD,LINKS_TO,frontmatter,core_entities,medium,1,,,,,2026-06-01,2026-06-01,,,,2026-06-01
rel:mydata-thesis-defense-ai-autonomous-warfare:LINKS_TO:world-stock-ldos,mydata:thesis:defense-ai-autonomous-warfare,world:stock:LDOS,LINKS_TO,frontmatter,core_entities,medium,1,,,,,2026-06-01,2026-06-01,,,,2026-06-01
rel:mydata-thesis-defense-ai-autonomous-warfare:LINKS_TO:world-stock-lmt,mydata:thesis:defense-ai-autonomous-warfare,world:stock:LMT,LINKS_TO,frontmatter,core_entities,medium,1,,,,,2026-06-01,2026-06-01,,,,2026-06-01
rel:mydata-thesis-defense-ai-autonomous-warfare:LINKS_TO:world-stock-msft,mydata:thesis:defense-ai-autonomous-warfare,world:stock:MSFT,LINKS_TO,frontmatter,core_entities,medium,1,,,,,2026-06-01,2026-06-01,,,,2026-06-01
rel:mydata-thesis-defense-ai-autonomous-warfare:LINKS_TO:world-stock-nato,mydata:thesis:defense-ai-autonomous-warfare,world:stock:NATO,LINKS_TO,frontmatter,core_entities,medium,1,,,,,2026-06-01,2026-06-01,,,,2026-06-01
rel:mydata-thesis-defense-ai-autonomous-warfare:LINKS_TO:world-stock-noc,mydata:thesis:defense-ai-autonomous-warfare,world:stock:NOC,LINKS_TO,frontmatter,core_entities,medium,1,,,,,2026-06-01,2026-06-01,,,,2026-06-01
rel:mydata-thesis-defense-ai-autonomous-warfare:LINKS_TO:world-stock-pltr,mydata:thesis:defense-ai-autonomous-warfare,world:stock:PLTR,LINKS_TO,frontmatter,core_entities,medium,1,,,,,2026-06-01,2026-06-01,,,,2026-06-01
rel:mydata-thesis-defense-ai-autonomous-warfare:LINKS_TO:world-stock-rtx,mydata:thesis:defense-ai-autonomous-warfare,world:stock:RTX,LINKS_TO,frontmatter,core_entities,medium,1,,,,,2026-06-01,2026-06-01,,,,2026-06-01
rel:mydata-thesis-defense-ai-autonomous-warfare:LINKS_TO:world-stock-saic,mydata:thesis:defense-ai-autonomous-warfare,world:stock:SAIC,LINKS_TO,frontmatter,core_entities,medium,1,,,,,2026-06-01,2026-06-01,,,,2026-06-01
rel:mydata-thesis-defense-ai-autonomous-warfare:LINKS_TO:world-stock-usa,mydata:thesis:defense-ai-autonomous-warfare,world:stock:USA,LINKS_TO,frontmatter,core_entities,medium,1,,,,,2026-06-01,2026-06-01,,,,2026-06-01
rel:mydata-thesis-dollar-debasement-hard-money:LINKS_TO:world-entity-bitcoin,mydata:thesis:dollar-debasement-hard-money,world:entity:bitcoin,LINKS_TO,frontmatter,core_entities,medium,1,,,,,2026-06-01,2026-06-01,,,,2026-06-01
rel:mydata-thesis-dollar-debasement-hard-money:LINKS_TO:world-stock-coin,mydata:thesis:dollar-debasement-hard-money,world:stock:COIN,LINKS_TO,frontmatter,core_entities,medium,1,,,,,2026-06-01,2026-06-01,,,,2026-06-01
rel:mydata-thesis-dollar-debasement-hard-money:LINKS_TO:world-stock-gold,mydata:thesis:dollar-debasement-hard-money,world:stock:GOLD,LINKS_TO,frontmatter,core_entities,medium,1,,,,,2026-06-01,2026-06-01,,,,2026-06-01
rel:mydata-thesis-dollar-debasement-hard-money:LINKS_TO:world-stock-mstr,mydata:thesis:dollar-debasement-hard-money,world:stock:MSTR,LINKS_TO,frontmatter,core_entities,medium,1,,,,,2026-06-01,2026-06-01,,,,2026-06-01
rel:mydata-thesis-dollar-debasement-hard-money:LINKS_TO:world-stock-nem,mydata:thesis:dollar-debasement-hard-money,world:stock:NEM,LINKS_TO,frontmatter,core_entities,medium,1,,,,,2026-06-01,2026-06-01,,,,2026-06-01
rel:mydata-thesis-dollar-debasement-hard-money:LINKS_TO:world-stock-usa,mydata:thesis:dollar-debasement-hard-money,world:stock:USA,LINKS_TO,frontmatter,core_entities,medium,1,,,,,2026-06-01,2026-06-01,,,,2026-06-01
rel:mydata-thesis-dollar-debasement-hard-money:LINKS_TO:world-stock-wpm,mydata:thesis:dollar-debasement-hard-money,world:stock:WPM,LINKS_TO,frontmatter,core_entities,medium,1,,,,,2026-06-01,2026-06-01,,,,2026-06-01
rel:mydata-thesis-drone-autonomous-systems-revolution:LINKS_TO:world-entity-israel,mydata:thesis:drone-autonomous-systems-revolution,world:entity:israel,LINKS_TO,frontmatter,core_entities,medium,1,,,,,2026-06-01,2026-06-01,,,,2026-06-01
rel:mydata-thesis-drone-autonomous-systems-revolution:LINKS_TO:world-sector-aerospace-defense,mydata:thesis:drone-autonomous-systems-revolution,world:sector:aerospace-defense,LINKS_TO,frontmatter,core_entities,medium,1,,,,,2026-06-01,2026-06-01,,,,2026-06-01
rel:mydata-thesis-drone-autonomous-systems-revolution:LINKS_TO:world-sector-industrials,mydata:thesis:drone-autonomous-systems-revolution,world:sector:industrials,LINKS_TO,frontmatter,core_entities,medium,1,,,,,2026-06-01,2026-06-01,,,,2026-06-01
rel:mydata-thesis-drone-autonomous-systems-revolution:LINKS_TO:world-stock-achr,mydata:thesis:drone-autonomous-systems-revolution,world:stock:ACHR,LINKS_TO,frontmatter,core_entities,medium,1,,,,,2026-06-01,2026-06-01,,,,2026-06-01
rel:mydata-thesis-drone-autonomous-systems-revolution:LINKS_TO:world-stock-airo,mydata:thesis:drone-autonomous-systems-revolution,world:stock:AIRO,LINKS_TO,frontmatter,core_entities,medium,1,,,,,2026-06-01,2026-06-01,,,,2026-06-01
rel:mydata-thesis-drone-autonomous-systems-revolution:LINKS_TO:world-stock-avav,mydata:thesis:drone-autonomous-systems-revolution,world:stock:AVAV,LINKS_TO,frontmatter,core_entities,medium,1,,,,,2026-06-01,2026-06-01,,,,2026-06-01
rel:mydata-thesis-drone-autonomous-systems-revolution:LINKS_TO:world-stock-dpro,mydata:thesis:drone-autonomous-systems-revolution,world:stock:DPRO,LINKS_TO,frontmatter,core_entities,medium,1,,,,,2026-06-01,2026-06-01,,,,2026-06-01
rel:mydata-thesis-drone-autonomous-systems-revolution:LINKS_TO:world-stock-dro-ax,mydata:thesis:drone-autonomous-systems-revolution,world:stock:DRO_AX,LINKS_TO,frontmatter,core_entities,medium,1,,,,,2026-06-01,2026-06-01,,,,2026-06-01
rel:mydata-thesis-drone-autonomous-systems-revolution:LINKS_TO:world-stock-eh,mydata:thesis:drone-autonomous-systems-revolution,world:stock:EH,LINKS_TO,frontmatter,core_entities,medium,1,,,,,2026-06-01,2026-06-01,,,,2026-06-01
rel:mydata-thesis-drone-autonomous-systems-revolution:LINKS_TO:world-stock-eslt,mydata:thesis:drone-autonomous-systems-revolution,world:stock:ESLT,LINKS_TO,frontmatter,core_entities,medium,1,,,,,2026-06-01,2026-06-01,,,,2026-06-01
rel:mydata-thesis-drone-autonomous-systems-revolution:LINKS_TO:world-stock-evtl,mydata:thesis:drone-autonomous-systems-revolution,world:stock:EVTL,LINKS_TO,frontmatter,core_entities,medium,1,,,,,2026-06-01,2026-06-01,,,,2026-06-01
rel:mydata-thesis-drone-autonomous-systems-revolution:LINKS_TO:world-stock-hovr,mydata:thesis:drone-autonomous-systems-revolution,world:stock:HOVR,LINKS_TO,frontmatter,core_entities,medium,1,,,,,2026-06-01,2026-06-01,,,,2026-06-01
rel:mydata-thesis-drone-autonomous-systems-revolution:LINKS_TO:world-stock-joby,mydata:thesis:drone-autonomous-systems-revolution,world:stock:JOBY,LINKS_TO,frontmatter,core_entities,medium,1,,,,,2026-06-01,2026-06-01,,,,2026-06-01
rel:mydata-thesis-drone-autonomous-systems-revolution:LINKS_TO:world-stock-ktos,mydata:thesis:drone-autonomous-systems-revolution,world:stock:KTOS,LINKS_TO,frontmatter,core_entities,medium,1,,,,,2026-06-01,2026-06-01,,,,2026-06-01
rel:mydata-thesis-drone-autonomous-systems-revolution:LINKS_TO:world-stock-lhx,mydata:thesis:drone-autonomous-systems-revolution,world:stock:LHX,LINKS_TO,frontmatter,core_entities,medium,1,,,,,2026-06-01,2026-06-01,,,,2026-06-01
rel:mydata-thesis-drone-autonomous-systems-revolution:LINKS_TO:world-stock-lmt,mydata:thesis:drone-autonomous-systems-revolution,world:stock:LMT,LINKS_TO,frontmatter,core_entities,medium,1,,,,,2026-06-01,2026-06-01,,,,2026-06-01
rel:mydata-thesis-drone-autonomous-systems-revolution:LINKS_TO:world-stock-onds,mydata:thesis:drone-autonomous-systems-revolution,world:stock:ONDS,LINKS_TO,frontmatter,core_entities,medium,1,,,,,2026-06-01,2026-06-01,,,,2026-06-01
rel:mydata-thesis-drone-autonomous-systems-revolution:LINKS_TO:world-stock-rcat,mydata:thesis:drone-autonomous-systems-revolution,world:stock:RCAT,LINKS_TO,frontmatter,core_entities,medium,1,,,,,2026-06-01,2026-06-01,,,,2026-06-01
rel:mydata-thesis-drone-autonomous-systems-revolution:LINKS_TO:world-stock-rtx,mydata:thesis:drone-autonomous-systems-revolution,world:stock:RTX,LINKS_TO,frontmatter,core_entities,medium,1,,,,,2026-06-01,2026-06-01,,,,2026-06-01
rel:mydata-thesis-drone-autonomous-systems-revolution:LINKS_TO:world-stock-tdy,mydata:thesis:drone-autonomous-systems-revolution,world:stock:TDY,LINKS_TO,frontmatter,core_entities,medium,1,,,,,2026-06-01,2026-06-01,,,,2026-06-01
rel:mydata-thesis-drone-autonomous-systems-revolution:LINKS_TO:world-stock-txt,mydata:thesis:drone-autonomous-systems-revolution,world:stock:TXT,LINKS_TO,frontmatter,core_entities,medium,1,,,,,2026-06-01,2026-06-01,,,,2026-06-01
rel:mydata-thesis-drone-autonomous-systems-revolution:LINKS_TO:world-stock-umac,mydata:thesis:drone-autonomous-systems-revolution,world:stock:UMAC,LINKS_TO,frontmatter,core_entities,medium,1,,,,,2026-06-01,2026-06-01,,,,2026-06-01
rel:mydata-thesis-drone-autonomous-systems-revolution:LINKS_TO:world-stock-usa,mydata:thesis:drone-autonomous-systems-revolution,world:stock:USA,LINKS_TO,frontmatter,core_entities,medium,1,,,,,2026-06-01,2026-06-01,,,,2026-06-01
rel:mydata-thesis-druckenmiller-style-secular-trend-leaders:LINKS_TO:world-sector-industrials,mydata:thesis:druckenmiller-style-secular-trend-leaders,world:sector:industrials,LINKS_TO,frontmatter,core_entities,medium,1,,,,,2026-06-01,2026-06-01,,,,2026-06-01
rel:mydata-thesis-druckenmiller-style-secular-trend-leaders:LINKS_TO:world-sector-tech-sector,mydata:thesis:druckenmiller-style-secular-trend-leaders,world:sector:tech-sector,LINKS_TO,frontmatter,core_entities,medium,1,,,,,2026-06-01,2026-06-01,,,,2026-06-01
rel:mydata-thesis-druckenmiller-style-secular-trend-leaders:LINKS_TO:world-stock-etn,mydata:thesis:druckenmiller-style-secular-trend-leaders,world:stock:ETN,LINKS_TO,frontmatter,core_entities,medium,1,,,,,2026-06-01,2026-06-01,,,,2026-06-01
rel:mydata-thesis-druckenmiller-style-secular-trend-leaders:LINKS_TO:world-stock-googl,mydata:thesis:druckenmiller-style-secular-trend-leaders,world:stock:GOOGL,LINKS_TO,frontmatter,core_entities,medium,1,,,,,2026-06-01,2026-06-01,,,,2026-06-01
rel:mydata-thesis-druckenmiller-style-secular-trend-leaders:LINKS_TO:world-stock-nvda,mydata:thesis:druckenmiller-style-secular-trend-leaders,world:stock:NVDA,LINKS_TO,frontmatter,core_entities,medium,1,,,,,2026-06-01,2026-06-01,,,,2026-06-01
rel:mydata-thesis-druckenmiller-style-secular-trend-leaders:LINKS_TO:world-stock-pltr,mydata:thesis:druckenmiller-style-secular-trend-leaders,world:stock:PLTR,LINKS_TO,frontmatter,core_entities,medium,1,,,,,2026-06-01,2026-06-01,,,,2026-06-01
rel:mydata-thesis-druckenmiller-style-secular-trend-leaders:LINKS_TO:world-stock-usa,mydata:thesis:druckenmiller-style-secular-trend-leaders,world:stock:USA,LINKS_TO,frontmatter,core_entities,medium,1,,,,,2026-06-01,2026-06-01,,,,2026-06-01
rel:mydata-thesis-energy-sector-basket:LINKS_TO:world-sector-energy,mydata:thesis:energy-sector-basket,world:sector:energy,LINKS_TO,frontmatter,core_entities,medium,1,,,,,2026-06-01,2026-06-01,,,,2026-06-01
rel:mydata-thesis-energy-sector-basket:LINKS_TO:world-stock-cop,mydata:thesis:energy-sector-basket,world:stock:COP,LINKS_TO,frontmatter,core_entities,medium,1,,,,,2026-06-01,2026-06-01,,,,2026-06-01
rel:mydata-thesis-energy-sector-basket:LINKS_TO:world-stock-cvx,mydata:thesis:energy-sector-basket,world:stock:CVX,LINKS_TO,frontmatter,core_entities,medium,1,,,,,2026-06-01,2026-06-01,,,,2026-06-01
rel:mydata-thesis-energy-sector-basket:LINKS_TO:world-stock-dvn,mydata:thesis:energy-sector-basket,world:stock:DVN,LINKS_TO,frontmatter,core_entities,medium,1,,,,,2026-06-01,2026-06-01,,,,2026-06-01
rel:mydata-thesis-energy-sector-basket:LINKS_TO:world-stock-eog,mydata:thesis:energy-sector-basket,world:stock:EOG,LINKS_TO,frontmatter,core_entities,medium,1,,,,,2026-06-01,2026-06-01,,,,2026-06-01
rel:mydata-thesis-energy-sector-basket:LINKS_TO:world-stock-hal,mydata:thesis:energy-sector-basket,world:stock:HAL,LINKS_TO,frontmatter,core_entities,medium,1,,,,,2026-06-01,2026-06-01,,,,2026-06-01
rel:mydata-thesis-energy-sector-basket:LINKS_TO:world-stock-mpc,mydata:thesis:energy-sector-basket,world:stock:MPC,LINKS_TO,frontmatter,core_entities,medium,1,,,,,2026-06-01,2026-06-01,,,,2026-06-01
rel:mydata-thesis-energy-sector-basket:LINKS_TO:world-stock-oxy,mydata:thesis:energy-sector-basket,world:stock:OXY,LINKS_TO,frontmatter,core_entities,medium,1,,,,,2026-06-01,2026-06-01,,,,2026-06-01
rel:mydata-thesis-energy-sector-basket:LINKS_TO:world-stock-psx,mydata:thesis:energy-sector-basket,world:stock:PSX,LINKS_TO,frontmatter,core_entities,medium,1,,,,,2026-06-01,2026-06-01,,,,2026-06-01
rel:mydata-thesis-energy-sector-basket:LINKS_TO:world-stock-slb,mydata:thesis:energy-sector-basket,world:stock:SLB,LINKS_TO,frontmatter,core_entities,medium,1,,,,,2026-06-01,2026-06-01,,,,2026-06-01
rel:mydata-thesis-energy-sector-basket:LINKS_TO:world-stock-usa,mydata:thesis:energy-sector-basket,world:stock:USA,LINKS_TO,frontmatter,core_entities,medium,1,,,,,2026-06-01,2026-06-01,,,,2026-06-01
rel:mydata-thesis-energy-sector-basket:LINKS_TO:world-stock-vlo,mydata:thesis:energy-sector-basket,world:stock:VLO,LINKS_TO,frontmatter,core_entities,medium,1,,,,,2026-06-01,2026-06-01,,,,2026-06-01
rel:mydata-thesis-energy-sector-basket:LINKS_TO:world-stock-xom,mydata:thesis:energy-sector-basket,world:stock:XOM,LINKS_TO,frontmatter,core_entities,medium,1,,,,,2026-06-01,2026-06-01,,,,2026-06-01
rel:mydata-thesis-financials-sector-basket:LINKS_TO:world-sector-financials,mydata:thesis:financials-sector-basket,world:sector:financials,LINKS_TO,frontmatter,core_entities,medium,1,,,,,2026-06-01,2026-06-01,,,,2026-06-01
rel:mydata-thesis-financials-sector-basket:LINKS_TO:world-stock-axp,mydata:thesis:financials-sector-basket,world:stock:AXP,LINKS_TO,frontmatter,core_entities,medium,1,,,,,2026-06-01,2026-06-01,,,,2026-06-01
rel:mydata-thesis-financials-sector-basket:LINKS_TO:world-stock-bac,mydata:thesis:financials-sector-basket,world:stock:BAC,LINKS_TO,frontmatter,core_entities,medium,1,,,,,2026-06-01,2026-06-01,,,,2026-06-01
rel:mydata-thesis-financials-sector-basket:LINKS_TO:world-stock-blk,mydata:thesis:financials-sector-basket,world:stock:BLK,LINKS_TO,frontmatter,core_entities,medium,1,,,,,2026-06-01,2026-06-01,,,,2026-06-01
rel:mydata-thesis-financials-sector-basket:LINKS_TO:world-stock-c,mydata:thesis:financials-sector-basket,world:stock:C,LINKS_TO,frontmatter,core_entities,medium,1,,,,,2026-06-01,2026-06-01,,,,2026-06-01
rel:mydata-thesis-financials-sector-basket:LINKS_TO:world-stock-coin,mydata:thesis:financials-sector-basket,world:stock:COIN,LINKS_TO,frontmatter,core_entities,medium,1,,,,,2026-06-01,2026-06-01,,,,2026-06-01
rel:mydata-thesis-financials-sector-basket:LINKS_TO:world-stock-gs,mydata:thesis:financials-sector-basket,world:stock:GS,LINKS_TO,frontmatter,core_entities,medium,1,,,,,2026-06-01,2026-06-01,,,,2026-06-01
rel:mydata-thesis-financials-sector-basket:LINKS_TO:world-stock-jpm,mydata:thesis:financials-sector-basket,world:stock:JPM,LINKS_TO,frontmatter,core_entities,medium,1,,,,,2026-06-01,2026-06-01,,,,2026-06-01
rel:mydata-thesis-financials-sector-basket:LINKS_TO:world-stock-ma,mydata:thesis:financials-sector-basket,world:stock:MA,LINKS_TO,frontmatter,core_entities,medium,1,,,,,2026-06-01,2026-06-01,,,,2026-06-01
rel:mydata-thesis-financials-sector-basket:LINKS_TO:world-stock-ms,mydata:thesis:financials-sector-basket,world:stock:MS,LINKS_TO,frontmatter,core_entities,medium,1,,,,,2026-06-01,2026-06-01,,,,2026-06-01
rel:mydata-thesis-financials-sector-basket:LINKS_TO:world-stock-usa,mydata:thesis:financials-sector-basket,world:stock:USA,LINKS_TO,frontmatter,core_entities,medium,1,,,,,2026-06-01,2026-06-01,,,,2026-06-01
rel:mydata-thesis-financials-sector-basket:LINKS_TO:world-stock-v,mydata:thesis:financials-sector-basket,world:stock:V,LINKS_TO,frontmatter,core_entities,medium,1,,,,,2026-06-01,2026-06-01,,,,2026-06-01
rel:mydata-thesis-financials-sector-basket:LINKS_TO:world-stock-wfc,mydata:thesis:financials-sector-basket,world:stock:WFC,LINKS_TO,frontmatter,core_entities,medium,1,,,,,2026-06-01,2026-06-01,,,,2026-06-01
rel:mydata-thesis-fiscal-scarcity-rearmament:LINKS_TO:world-entity-housing,mydata:thesis:fiscal-scarcity-rearmament,world:entity:housing,LINKS_TO,frontmatter,core_entities,medium,1,,,,,2026-06-01,2026-06-01,,,,2026-06-01
rel:mydata-thesis-fiscal-scarcity-rearmament:LINKS_TO:world-stock-gold,mydata:thesis:fiscal-scarcity-rearmament,world:stock:GOLD,LINKS_TO,frontmatter,core_entities,medium,1,,,,,2026-06-01,2026-06-01,,,,2026-06-01
rel:mydata-thesis-fiscal-scarcity-rearmament:LINKS_TO:world-stock-lmt,mydata:thesis:fiscal-scarcity-rearmament,world:stock:LMT,LINKS_TO,frontmatter,core_entities,medium,1,,,,,2026-06-01,2026-06-01,,,,2026-06-01
rel:mydata-thesis-fiscal-scarcity-rearmament:LINKS_TO:world-stock-nato,mydata:thesis:fiscal-scarcity-rearmament,world:stock:NATO,LINKS_TO,frontmatter,core_entities,medium,1,,,,,2026-06-01,2026-06-01,,,,2026-06-01
rel:mydata-thesis-fiscal-scarcity-rearmament:LINKS_TO:world-stock-pltr,mydata:thesis:fiscal-scarcity-rearmament,world:stock:PLTR,LINKS_TO,frontmatter,core_entities,medium,1,,,,,2026-06-01,2026-06-01,,,,2026-06-01
rel:mydata-thesis-fiscal-scarcity-rearmament:LINKS_TO:world-stock-usa,mydata:thesis:fiscal-scarcity-rearmament,world:stock:USA,LINKS_TO,frontmatter,core_entities,medium,1,,,,,2026-06-01,2026-06-01,,,,2026-06-01
rel:mydata-thesis-gene-editing-crispr-therapeutics:LINKS_TO:world-entity-gene-editing,mydata:thesis:gene-editing-crispr-therapeutics,world:entity:gene-editing,LINKS_TO,frontmatter,core_entities,medium,1,,,,,2026-06-01,2026-06-01,,,,2026-06-01
rel:mydata-thesis-gene-editing-crispr-therapeutics:LINKS_TO:world-entity-rare-disease,mydata:thesis:gene-editing-crispr-therapeutics,world:entity:rare-disease,LINKS_TO,frontmatter,core_entities,medium,1,,,,,2026-06-01,2026-06-01,,,,2026-06-01
rel:mydata-thesis-gene-editing-crispr-therapeutics:LINKS_TO:world-stock-beam,mydata:thesis:gene-editing-crispr-therapeutics,world:stock:BEAM,LINKS_TO,frontmatter,core_entities,medium,1,,,,,2026-06-01,2026-06-01,,,,2026-06-01
rel:mydata-thesis-gene-editing-crispr-therapeutics:LINKS_TO:world-stock-crsp,mydata:thesis:gene-editing-crispr-therapeutics,world:stock:CRSP,LINKS_TO,frontmatter,core_entities,medium,1,,,,,2026-06-01,2026-06-01,,,,2026-06-01
rel:mydata-thesis-gene-editing-crispr-therapeutics:LINKS_TO:world-stock-edit,mydata:thesis:gene-editing-crispr-therapeutics,world:stock:EDIT,LINKS_TO,frontmatter,core_entities,medium,1,,,,,2026-06-01,2026-06-01,,,,2026-06-01
rel:mydata-thesis-gene-editing-crispr-therapeutics:LINKS_TO:world-stock-ntla,mydata:thesis:gene-editing-crispr-therapeutics,world:stock:NTLA,LINKS_TO,frontmatter,core_entities,medium,1,,,,,2026-06-01,2026-06-01,,,,2026-06-01
rel:mydata-thesis-gene-editing-crispr-therapeutics:LINKS_TO:world-stock-usa,mydata:thesis:gene-editing-crispr-therapeutics,world:stock:USA,LINKS_TO,frontmatter,core_entities,medium,1,,,,,2026-06-01,2026-06-01,,,,2026-06-01
rel:mydata-thesis-glp-1-metabolic-disease-revolution:LINKS_TO:world-entity-metabolic-disease,mydata:thesis:glp-1-metabolic-disease-revolution,world:entity:metabolic-disease,LINKS_TO,frontmatter,core_entities,medium,1,,,,,2026-06-01,2026-06-01,,,,2026-06-01
rel:mydata-thesis-glp-1-metabolic-disease-revolution:LINKS_TO:world-entity-pharmaceuticals,mydata:thesis:glp-1-metabolic-disease-revolution,world:entity:pharmaceuticals,LINKS_TO,frontmatter,core_entities,medium,1,,,,,2026-06-01,2026-06-01,,,,2026-06-01
rel:mydata-thesis-glp-1-metabolic-disease-revolution:LINKS_TO:world-stock-alvo,mydata:thesis:glp-1-metabolic-disease-revolution,world:stock:ALVO,LINKS_TO,frontmatter,core_entities,medium,1,,,,,2026-06-01,2026-06-01,,,,2026-06-01
rel:mydata-thesis-glp-1-metabolic-disease-revolution:LINKS_TO:world-stock-amgn,mydata:thesis:glp-1-metabolic-disease-revolution,world:stock:AMGN,LINKS_TO,frontmatter,core_entities,medium,1,,,,,2026-06-01,2026-06-01,,,,2026-06-01
rel:mydata-thesis-glp-1-metabolic-disease-revolution:LINKS_TO:world-stock-hims,mydata:thesis:glp-1-metabolic-disease-revolution,world:stock:HIMS,LINKS_TO,frontmatter,core_entities,medium,1,,,,,2026-06-01,2026-06-01,,,,2026-06-01
rel:mydata-thesis-glp-1-metabolic-disease-revolution:LINKS_TO:world-stock-lly,mydata:thesis:glp-1-metabolic-disease-revolution,world:stock:LLY,LINKS_TO,frontmatter,core_entities,medium,1,,,,,2026-06-01,2026-06-01,,,,2026-06-01
rel:mydata-thesis-glp-1-metabolic-disease-revolution:LINKS_TO:world-stock-usa,mydata:thesis:glp-1-metabolic-disease-revolution,world:stock:USA,LINKS_TO,frontmatter,core_entities,medium,1,,,,,2026-06-01,2026-06-01,,,,2026-06-01
rel:mydata-thesis-glp-1-metabolic-disease-revolution:LINKS_TO:world-stock-vktx,mydata:thesis:glp-1-metabolic-disease-revolution,world:stock:VKTX,LINKS_TO,frontmatter,core_entities,medium,1,,,,,2026-06-01,2026-06-01,,,,2026-06-01
rel:mydata-thesis-graham-style-deep-value-re-rating:LINKS_TO:world-sector-energy,mydata:thesis:graham-style-deep-value-re-rating,world:sector:energy,LINKS_TO,frontmatter,core_entities,medium,1,,,,,2026-06-01,2026-06-01,,,,2026-06-01
rel:mydata-thesis-graham-style-deep-value-re-rating:LINKS_TO:world-sector-financials,mydata:thesis:graham-style-deep-value-re-rating,world:sector:financials,LINKS_TO,frontmatter,core_entities,medium,1,,,,,2026-06-01,2026-06-01,,,,2026-06-01
rel:mydata-thesis-graham-style-deep-value-re-rating:LINKS_TO:world-sector-healthcare,mydata:thesis:graham-style-deep-value-re-rating,world:sector:healthcare,LINKS_TO,frontmatter,core_entities,medium,1,,,,,2026-06-01,2026-06-01,,,,2026-06-01
rel:mydata-thesis-graham-style-deep-value-re-rating:LINKS_TO:world-stock-cvx,mydata:thesis:graham-style-deep-value-re-rating,world:stock:CVX,LINKS_TO,frontmatter,core_entities,medium,1,,,,,2026-06-01,2026-06-01,,,,2026-06-01
rel:mydata-thesis-graham-style-deep-value-re-rating:LINKS_TO:world-stock-jpm,mydata:thesis:graham-style-deep-value-re-rating,world:stock:JPM,LINKS_TO,frontmatter,core_entities,medium,1,,,,,2026-06-01,2026-06-01,,,,2026-06-01
rel:mydata-thesis-graham-style-deep-value-re-rating:LINKS_TO:world-stock-mrk,mydata:thesis:graham-style-deep-value-re-rating,world:stock:MRK,LINKS_TO,frontmatter,core_entities,medium,1,,,,,2026-06-01,2026-06-01,,,,2026-06-01
rel:mydata-thesis-graham-style-deep-value-re-rating:LINKS_TO:world-stock-pfe,mydata:thesis:graham-style-deep-value-re-rating,world:stock:PFE,LINKS_TO,frontmatter,core_entities,medium,1,,,,,2026-06-01,2026-06-01,,,,2026-06-01
rel:mydata-thesis-graham-style-deep-value-re-rating:LINKS_TO:world-stock-usa,mydata:thesis:graham-style-deep-value-re-rating,world:stock:USA,LINKS_TO,frontmatter,core_entities,medium,1,,,,,2026-06-01,2026-06-01,,,,2026-06-01
rel:mydata-thesis-grid-equipment-bottleneck:LINKS_TO:world-entity-ai-infrastructure-buildout,mydata:thesis:grid-equipment-bottleneck,world:entity:ai-infrastructure-buildout,LINKS_TO,frontmatter,core_entities,medium,1,,,,,2026-06-01,2026-06-01,,,,2026-06-01
rel:mydata-thesis-grid-equipment-bottleneck:LINKS_TO:world-entity-power-infrastructure,mydata:thesis:grid-equipment-bottleneck,world:entity:power-infrastructure,LINKS_TO,frontmatter,core_entities,medium,1,,,,,2026-06-01,2026-06-01,,,,2026-06-01
rel:mydata-thesis-grid-equipment-bottleneck:LINKS_TO:world-sector-industrials,mydata:thesis:grid-equipment-bottleneck,world:sector:industrials,LINKS_TO,frontmatter,core_entities,medium,1,,,,,2026-06-01,2026-06-01,,,,2026-06-01
rel:mydata-thesis-grid-equipment-bottleneck:LINKS_TO:world-sector-utilities,mydata:thesis:grid-equipment-bottleneck,world:sector:utilities,LINKS_TO,frontmatter,core_entities,medium,1,,,,,2026-06-01,2026-06-01,,,,2026-06-01
rel:mydata-thesis-grid-equipment-bottleneck:LINKS_TO:world-stock-amsc,mydata:thesis:grid-equipment-bottleneck,world:stock:AMSC,LINKS_TO,frontmatter,core_entities,medium,1,,,,,2026-06-01,2026-06-01,,,,2026-06-01
rel:mydata-thesis-grid-equipment-bottleneck:LINKS_TO:world-stock-etn,mydata:thesis:grid-equipment-bottleneck,world:stock:ETN,LINKS_TO,frontmatter,core_entities,medium,1,,,,,2026-06-01,2026-06-01,,,,2026-06-01
rel:mydata-thesis-grid-equipment-bottleneck:LINKS_TO:world-stock-gev,mydata:thesis:grid-equipment-bottleneck,world:stock:GEV,LINKS_TO,frontmatter,core_entities,medium,1,,,,,2026-06-01,2026-06-01,,,,2026-06-01
rel:mydata-thesis-grid-equipment-bottleneck:LINKS_TO:world-stock-hubb,mydata:thesis:grid-equipment-bottleneck,world:stock:HUBB,LINKS_TO,frontmatter,core_entities,medium,1,,,,,2026-06-01,2026-06-01,,,,2026-06-01
rel:mydata-thesis-grid-equipment-bottleneck:LINKS_TO:world-stock-mtz,mydata:thesis:grid-equipment-bottleneck,world:stock:MTZ,LINKS_TO,frontmatter,core_entities,medium,1,,,,,2026-06-01,2026-06-01,,,,2026-06-01
rel:mydata-thesis-grid-equipment-bottleneck:LINKS_TO:world-stock-myrg,mydata:thesis:grid-equipment-bottleneck,world:stock:MYRG,LINKS_TO,frontmatter,core_entities,medium,1,,,,,2026-06-01,2026-06-01,,,,2026-06-01
rel:mydata-thesis-grid-equipment-bottleneck:LINKS_TO:world-stock-powl,mydata:thesis:grid-equipment-bottleneck,world:stock:POWL,LINKS_TO,frontmatter,core_entities,medium,1,,,,,2026-06-01,2026-06-01,,,,2026-06-01
rel:mydata-thesis-grid-equipment-bottleneck:LINKS_TO:world-stock-pwr,mydata:thesis:grid-equipment-bottleneck,world:stock:PWR,LINKS_TO,frontmatter,core_entities,medium,1,,,,,2026-06-01,2026-06-01,,,,2026-06-01
rel:mydata-thesis-grid-equipment-bottleneck:LINKS_TO:world-stock-strl,mydata:thesis:grid-equipment-bottleneck,world:stock:STRL,LINKS_TO,frontmatter,core_entities,medium,1,,,,,2026-06-01,2026-06-01,,,,2026-06-01
rel:mydata-thesis-grid-equipment-bottleneck:LINKS_TO:world-stock-usa,mydata:thesis:grid-equipment-bottleneck,world:stock:USA,LINKS_TO,frontmatter,core_entities,medium,1,,,,,2026-06-01,2026-06-01,,,,2026-06-01
rel:mydata-thesis-grid-equipment-bottleneck:LINKS_TO:world-stock-wcc,mydata:thesis:grid-equipment-bottleneck,world:stock:WCC,LINKS_TO,frontmatter,core_entities,medium,1,,,,,2026-06-01,2026-06-01,,,,2026-06-01
rel:mydata-thesis-grid-scale-battery-storage:LINKS_TO:world-entity-clean-energy,mydata:thesis:grid-scale-battery-storage,world:entity:clean-energy,LINKS_TO,frontmatter,core_entities,medium,1,,,,,2026-06-01,2026-06-01,,,,2026-06-01
rel:mydata-thesis-grid-scale-battery-storage:LINKS_TO:world-entity-grid-storage,mydata:thesis:grid-scale-battery-storage,world:entity:grid-storage,LINKS_TO,frontmatter,core_entities,medium,1,,,,,2026-06-01,2026-06-01,,,,2026-06-01
rel:mydata-thesis-grid-scale-battery-storage:LINKS_TO:world-stock-envx,mydata:thesis:grid-scale-battery-storage,world:stock:ENVX,LINKS_TO,frontmatter,core_entities,medium,1,,,,,2026-06-01,2026-06-01,,,,2026-06-01
rel:mydata-thesis-grid-scale-battery-storage:LINKS_TO:world-stock-flnc,mydata:thesis:grid-scale-battery-storage,world:stock:FLNC,LINKS_TO,frontmatter,core_entities,medium,1,,,,,2026-06-01,2026-06-01,,,,2026-06-01
rel:mydata-thesis-grid-scale-battery-storage:LINKS_TO:world-stock-stem,mydata:thesis:grid-scale-battery-storage,world:stock:STEM,LINKS_TO,frontmatter,core_entities,medium,1,,,,,2026-06-01,2026-06-01,,,,2026-06-01
rel:mydata-thesis-grid-scale-battery-storage:LINKS_TO:world-stock-usa,mydata:thesis:grid-scale-battery-storage,world:stock:USA,LINKS_TO,frontmatter,core_entities,medium,1,,,,,2026-06-01,2026-06-01,,,,2026-06-01
rel:mydata-thesis-healthcare-sector-basket:LINKS_TO:world-sector-healthcare,mydata:thesis:healthcare-sector-basket,world:sector:healthcare,LINKS_TO,frontmatter,core_entities,medium,1,,,,,2026-06-01,2026-06-01,,,,2026-06-01
rel:mydata-thesis-healthcare-sector-basket:LINKS_TO:world-stock-abbv,mydata:thesis:healthcare-sector-basket,world:stock:ABBV,LINKS_TO,frontmatter,core_entities,medium,1,,,,,2026-06-01,2026-06-01,,,,2026-06-01
rel:mydata-thesis-healthcare-sector-basket:LINKS_TO:world-stock-abt,mydata:thesis:healthcare-sector-basket,world:stock:ABT,LINKS_TO,frontmatter,core_entities,medium,1,,,,,2026-06-01,2026-06-01,,,,2026-06-01
rel:mydata-thesis-healthcare-sector-basket:LINKS_TO:world-stock-amgn,mydata:thesis:healthcare-sector-basket,world:stock:AMGN,LINKS_TO,frontmatter,core_entities,medium,1,,,,,2026-06-01,2026-06-01,,,,2026-06-01
rel:mydata-thesis-healthcare-sector-basket:LINKS_TO:world-stock-dhr,mydata:thesis:healthcare-sector-basket,world:stock:DHR,LINKS_TO,frontmatter,core_entities,medium,1,,,,,2026-06-01,2026-06-01,,,,2026-06-01
rel:mydata-thesis-healthcare-sector-basket:LINKS_TO:world-stock-isrg,mydata:thesis:healthcare-sector-basket,world:stock:ISRG,LINKS_TO,frontmatter,core_entities,medium,1,,,,,2026-06-01,2026-06-01,,,,2026-06-01
rel:mydata-thesis-healthcare-sector-basket:LINKS_TO:world-stock-jnj,mydata:thesis:healthcare-sector-basket,world:stock:JNJ,LINKS_TO,frontmatter,core_entities,medium,1,,,,,2026-06-01,2026-06-01,,,,2026-06-01
rel:mydata-thesis-healthcare-sector-basket:LINKS_TO:world-stock-lly,mydata:thesis:healthcare-sector-basket,world:stock:LLY,LINKS_TO,frontmatter,core_entities,medium,1,,,,,2026-06-01,2026-06-01,,,,2026-06-01
rel:mydata-thesis-healthcare-sector-basket:LINKS_TO:world-stock-mrk,mydata:thesis:healthcare-sector-basket,world:stock:MRK,LINKS_TO,frontmatter,core_entities,medium,1,,,,,2026-06-01,2026-06-01,,,,2026-06-01
rel:mydata-thesis-healthcare-sector-basket:LINKS_TO:world-stock-pfe,mydata:thesis:healthcare-sector-basket,world:stock:PFE,LINKS_TO,frontmatter,core_entities,medium,1,,,,,2026-06-01,2026-06-01,,,,2026-06-01
rel:mydata-thesis-healthcare-sector-basket:LINKS_TO:world-stock-tmo,mydata:thesis:healthcare-sector-basket,world:stock:TMO,LINKS_TO,frontmatter,core_entities,medium,1,,,,,2026-06-01,2026-06-01,,,,2026-06-01
rel:mydata-thesis-healthcare-sector-basket:LINKS_TO:world-stock-unh,mydata:thesis:healthcare-sector-basket,world:stock:UNH,LINKS_TO,frontmatter,core_entities,medium,1,,,,,2026-06-01,2026-06-01,,,,2026-06-01
rel:mydata-thesis-healthcare-sector-basket:LINKS_TO:world-stock-usa,mydata:thesis:healthcare-sector-basket,world:stock:USA,LINKS_TO,frontmatter,core_entities,medium,1,,,,,2026-06-01,2026-06-01,,,,2026-06-01
rel:mydata-thesis-housing-supply-correction:LINKS_TO:world-entity-housing,mydata:thesis:housing-supply-correction,world:entity:housing,LINKS_TO,frontmatter,core_entities,medium,1,,,,,2026-06-01,2026-06-01,,,,2026-06-01
rel:mydata-thesis-housing-supply-correction:LINKS_TO:world-stock-dhi,mydata:thesis:housing-supply-correction,world:stock:DHI,LINKS_TO,frontmatter,core_entities,medium,1,,,,,2026-06-01,2026-06-01,,,,2026-06-01
rel:mydata-thesis-housing-supply-correction:LINKS_TO:world-stock-len,mydata:thesis:housing-supply-correction,world:stock:LEN,LINKS_TO,frontmatter,core_entities,medium,1,,,,,2026-06-01,2026-06-01,,,,2026-06-01
rel:mydata-thesis-housing-supply-correction:LINKS_TO:world-stock-nvr,mydata:thesis:housing-supply-correction,world:stock:NVR,LINKS_TO,frontmatter,core_entities,medium,1,,,,,2026-06-01,2026-06-01,,,,2026-06-01
rel:mydata-thesis-housing-supply-correction:LINKS_TO:world-stock-sky,mydata:thesis:housing-supply-correction,world:stock:SKY,LINKS_TO,frontmatter,core_entities,medium,1,,,,,2026-06-01,2026-06-01,,,,2026-06-01
rel:mydata-thesis-housing-supply-correction:LINKS_TO:world-stock-tmhc,mydata:thesis:housing-supply-correction,world:stock:TMHC,LINKS_TO,frontmatter,core_entities,medium,1,,,,,2026-06-01,2026-06-01,,,,2026-06-01
rel:mydata-thesis-housing-supply-correction:LINKS_TO:world-stock-tol,mydata:thesis:housing-supply-correction,world:stock:TOL,LINKS_TO,frontmatter,core_entities,medium,1,,,,,2026-06-01,2026-06-01,,,,2026-06-01
rel:mydata-thesis-housing-supply-correction:LINKS_TO:world-stock-usa,mydata:thesis:housing-supply-correction,world:stock:USA,LINKS_TO,frontmatter,core_entities,medium,1,,,,,2026-06-01,2026-06-01,,,,2026-06-01
rel:mydata-thesis-humanoid-robotics:LINKS_TO:world-entity-robotics,mydata:thesis:humanoid-robotics,world:entity:robotics,LINKS_TO,frontmatter,core_entities,medium,1,,,,,2026-06-01,2026-06-01,,,,2026-06-01
rel:mydata-thesis-humanoid-robotics:LINKS_TO:world-sector-manufacturing,mydata:thesis:humanoid-robotics,world:sector:manufacturing,LINKS_TO,frontmatter,core_entities,medium,1,,,,,2026-06-01,2026-06-01,,,,2026-06-01
rel:mydata-thesis-humanoid-robotics:LINKS_TO:world-stock-ai,mydata:thesis:humanoid-robotics,world:stock:AI,LINKS_TO,frontmatter,core_entities,medium,1,,,,,2026-06-01,2026-06-01,,,,2026-06-01
rel:mydata-thesis-humanoid-robotics:LINKS_TO:world-stock-googl,mydata:thesis:humanoid-robotics,world:stock:GOOGL,LINKS_TO,frontmatter,core_entities,medium,1,,,,,2026-06-01,2026-06-01,,,,2026-06-01
rel:mydata-thesis-humanoid-robotics:LINKS_TO:world-stock-nvda,mydata:thesis:humanoid-robotics,world:stock:NVDA,LINKS_TO,frontmatter,core_entities,medium,1,,,,,2026-06-01,2026-06-01,,,,2026-06-01
rel:mydata-thesis-humanoid-robotics:LINKS_TO:world-stock-tsla,mydata:thesis:humanoid-robotics,world:stock:TSLA,LINKS_TO,frontmatter,core_entities,medium,1,,,,,2026-06-01,2026-06-01,,,,2026-06-01
rel:mydata-thesis-humanoid-robotics:LINKS_TO:world-stock-usa,mydata:thesis:humanoid-robotics,world:stock:USA,LINKS_TO,frontmatter,core_entities,medium,1,,,,,2026-06-01,2026-06-01,,,,2026-06-01
rel:mydata-thesis-hypersonic-weapons-advanced-defense:LINKS_TO:world-entity-hypersonics,mydata:thesis:hypersonic-weapons-advanced-defense,world:entity:hypersonics,LINKS_TO,frontmatter,core_entities,medium,1,,,,,2026-06-01,2026-06-01,,,,2026-06-01
rel:mydata-thesis-hypersonic-weapons-advanced-defense:LINKS_TO:world-sector-defense,mydata:thesis:hypersonic-weapons-advanced-defense,world:sector:defense,LINKS_TO,frontmatter,core_entities,medium,1,,,,,2026-06-01,2026-06-01,,,,2026-06-01
rel:mydata-thesis-hypersonic-weapons-advanced-defense:LINKS_TO:world-stock-lhx,mydata:thesis:hypersonic-weapons-advanced-defense,world:stock:LHX,LINKS_TO,frontmatter,core_entities,medium,1,,,,,2026-06-01,2026-06-01,,,,2026-06-01
rel:mydata-thesis-hypersonic-weapons-advanced-defense:LINKS_TO:world-stock-lmt,mydata:thesis:hypersonic-weapons-advanced-defense,world:stock:LMT,LINKS_TO,frontmatter,core_entities,medium,1,,,,,2026-06-01,2026-06-01,,,,2026-06-01
rel:mydata-thesis-hypersonic-weapons-advanced-defense:LINKS_TO:world-stock-noc,mydata:thesis:hypersonic-weapons-advanced-defense,world:stock:NOC,LINKS_TO,frontmatter,core_entities,medium,1,,,,,2026-06-01,2026-06-01,,,,2026-06-01
rel:mydata-thesis-hypersonic-weapons-advanced-defense:LINKS_TO:world-stock-rtx,mydata:thesis:hypersonic-weapons-advanced-defense,world:stock:RTX,LINKS_TO,frontmatter,core_entities,medium,1,,,,,2026-06-01,2026-06-01,,,,2026-06-01
rel:mydata-thesis-hypersonic-weapons-advanced-defense:LINKS_TO:world-stock-usa,mydata:thesis:hypersonic-weapons-advanced-defense,world:stock:USA,LINKS_TO,frontmatter,core_entities,medium,1,,,,,2026-06-01,2026-06-01,,,,2026-06-01
rel:mydata-thesis-industrials-sector-basket:LINKS_TO:world-sector-industrials,mydata:thesis:industrials-sector-basket,world:sector:industrials,LINKS_TO,frontmatter,core_entities,medium,1,,,,,2026-06-01,2026-06-01,,,,2026-06-01
rel:mydata-thesis-industrials-sector-basket:LINKS_TO:world-stock-cat,mydata:thesis:industrials-sector-basket,world:stock:CAT,LINKS_TO,frontmatter,core_entities,medium,1,,,,,2026-06-01,2026-06-01,,,,2026-06-01
rel:mydata-thesis-industrials-sector-basket:LINKS_TO:world-stock-de,mydata:thesis:industrials-sector-basket,world:stock:DE,LINKS_TO,frontmatter,core_entities,medium,1,,,,,2026-06-01,2026-06-01,,,,2026-06-01
rel:mydata-thesis-industrials-sector-basket:LINKS_TO:world-stock-etn,mydata:thesis:industrials-sector-basket,world:stock:ETN,LINKS_TO,frontmatter,core_entities,medium,1,,,,,2026-06-01,2026-06-01,,,,2026-06-01
rel:mydata-thesis-industrials-sector-basket:LINKS_TO:world-stock-ge,mydata:thesis:industrials-sector-basket,world:stock:GE,LINKS_TO,frontmatter,core_entities,medium,1,,,,,2026-06-01,2026-06-01,,,,2026-06-01
rel:mydata-thesis-industrials-sector-basket:LINKS_TO:world-stock-gev,mydata:thesis:industrials-sector-basket,world:stock:GEV,LINKS_TO,frontmatter,core_entities,medium,1,,,,,2026-06-01,2026-06-01,,,,2026-06-01
rel:mydata-thesis-industrials-sector-basket:LINKS_TO:world-stock-hon,mydata:thesis:industrials-sector-basket,world:stock:HON,LINKS_TO,frontmatter,core_entities,medium,1,,,,,2026-06-01,2026-06-01,,,,2026-06-01
rel:mydata-thesis-industrials-sector-basket:LINKS_TO:world-stock-lmt,mydata:thesis:industrials-sector-basket,world:stock:LMT,LINKS_TO,frontmatter,core_entities,medium,1,,,,,2026-06-01,2026-06-01,,,,2026-06-01
rel:mydata-thesis-industrials-sector-basket:LINKS_TO:world-stock-mmm,mydata:thesis:industrials-sector-basket,world:stock:MMM,LINKS_TO,frontmatter,core_entities,medium,1,,,,,2026-06-01,2026-06-01,,,,2026-06-01
rel:mydata-thesis-industrials-sector-basket:LINKS_TO:world-stock-noc,mydata:thesis:industrials-sector-basket,world:stock:NOC,LINKS_TO,frontmatter,core_entities,medium,1,,,,,2026-06-01,2026-06-01,,,,2026-06-01
rel:mydata-thesis-industrials-sector-basket:LINKS_TO:world-stock-rtx,mydata:thesis:industrials-sector-basket,world:stock:RTX,LINKS_TO,frontmatter,core_entities,medium,1,,,,,2026-06-01,2026-06-01,,,,2026-06-01
rel:mydata-thesis-industrials-sector-basket:LINKS_TO:world-stock-unp,mydata:thesis:industrials-sector-basket,world:stock:UNP,LINKS_TO,frontmatter,core_entities,medium,1,,,,,2026-06-01,2026-06-01,,,,2026-06-01
rel:mydata-thesis-industrials-sector-basket:LINKS_TO:world-stock-usa,mydata:thesis:industrials-sector-basket,world:stock:USA,LINKS_TO,frontmatter,core_entities,medium,1,,,,,2026-06-01,2026-06-01,,,,2026-06-01
rel:mydata-thesis-industrials-sector-basket:LINKS_TO:world-stock-wm,mydata:thesis:industrials-sector-basket,world:stock:WM,LINKS_TO,frontmatter,core_entities,medium,1,,,,,2026-06-01,2026-06-01,,,,2026-06-01
rel:mydata-thesis-longevity-aging-biology:LINKS_TO:world-entity-biotechnology,mydata:thesis:longevity-aging-biology,world:entity:biotechnology,LINKS_TO,frontmatter,core_entities,medium,1,,,,,2026-06-01,2026-06-01,,,,2026-06-01
rel:mydata-thesis-longevity-aging-biology:LINKS_TO:world-entity-longevity,mydata:thesis:longevity-aging-biology,world:entity:longevity,LINKS_TO,frontmatter,core_entities,medium,1,,,,,2026-06-01,2026-06-01,,,,2026-06-01
rel:mydata-thesis-longevity-aging-biology:LINKS_TO:world-stock-unty,mydata:thesis:longevity-aging-biology,world:stock:UNTY,LINKS_TO,frontmatter,core_entities,medium,1,,,,,2026-06-01,2026-06-01,,,,2026-06-01
rel:mydata-thesis-longevity-aging-biology:LINKS_TO:world-stock-usa,mydata:thesis:longevity-aging-biology,world:stock:USA,LINKS_TO,frontmatter,core_entities,medium,1,,,,,2026-06-01,2026-06-01,,,,2026-06-01
rel:mydata-thesis-longevity-aging-biology:LINKS_TO:world-stock-xoma,mydata:thesis:longevity-aging-biology,world:stock:XOMA,LINKS_TO,frontmatter,core_entities,medium,1,,,,,2026-06-01,2026-06-01,,,,2026-06-01
rel:mydata-thesis-lynch-style-garp-leaders:LINKS_TO:world-sector-consumer-staples,mydata:thesis:lynch-style-garp-leaders,world:sector:consumer-staples,LINKS_TO,frontmatter,core_entities,medium,1,,,,,2026-06-01,2026-06-01,,,,2026-06-01
rel:mydata-thesis-lynch-style-garp-leaders:LINKS_TO:world-sector-healthcare,mydata:thesis:lynch-style-garp-leaders,world:sector:healthcare,LINKS_TO,frontmatter,core_entities,medium,1,,,,,2026-06-01,2026-06-01,,,,2026-06-01
rel:mydata-thesis-lynch-style-garp-leaders:LINKS_TO:world-sector-tech-sector,mydata:thesis:lynch-style-garp-leaders,world:sector:tech-sector,LINKS_TO,frontmatter,core_entities,medium,1,,,,,2026-06-01,2026-06-01,,,,2026-06-01
rel:mydata-thesis-lynch-style-garp-leaders:LINKS_TO:world-stock-amzn,mydata:thesis:lynch-style-garp-leaders,world:stock:AMZN,LINKS_TO,frontmatter,core_entities,medium,1,,,,,2026-06-01,2026-06-01,,,,2026-06-01
rel:mydata-thesis-lynch-style-garp-leaders:LINKS_TO:world-stock-cost,mydata:thesis:lynch-style-garp-leaders,world:stock:COST,LINKS_TO,frontmatter,core_entities,medium,1,,,,,2026-06-01,2026-06-01,,,,2026-06-01
rel:mydata-thesis-lynch-style-garp-leaders:LINKS_TO:world-stock-lly,mydata:thesis:lynch-style-garp-leaders,world:stock:LLY,LINKS_TO,frontmatter,core_entities,medium,1,,,,,2026-06-01,2026-06-01,,,,2026-06-01
rel:mydata-thesis-lynch-style-garp-leaders:LINKS_TO:world-stock-msft,mydata:thesis:lynch-style-garp-leaders,world:stock:MSFT,LINKS_TO,frontmatter,core_entities,medium,1,,,,,2026-06-01,2026-06-01,,,,2026-06-01
rel:mydata-thesis-lynch-style-garp-leaders:LINKS_TO:world-stock-usa,mydata:thesis:lynch-style-garp-leaders,world:stock:USA,LINKS_TO,frontmatter,core_entities,medium,1,,,,,2026-06-01,2026-06-01,,,,2026-06-01
rel:mydata-thesis-materials-sector-basket:LINKS_TO:world-sector-materials,mydata:thesis:materials-sector-basket,world:sector:materials,LINKS_TO,frontmatter,core_entities,medium,1,,,,,2026-06-01,2026-06-01,,,,2026-06-01
rel:mydata-thesis-materials-sector-basket:LINKS_TO:world-stock-alb,mydata:thesis:materials-sector-basket,world:stock:ALB,LINKS_TO,frontmatter,core_entities,medium,1,,,,,2026-06-01,2026-06-01,,,,2026-06-01
rel:mydata-thesis-materials-sector-basket:LINKS_TO:world-stock-apd,mydata:thesis:materials-sector-basket,world:stock:APD,LINKS_TO,frontmatter,core_entities,medium,1,,,,,2026-06-01,2026-06-01,,,,2026-06-01
rel:mydata-thesis-materials-sector-basket:LINKS_TO:world-stock-ecl,mydata:thesis:materials-sector-basket,world:stock:ECL,LINKS_TO,frontmatter,core_entities,medium,1,,,,,2026-06-01,2026-06-01,,,,2026-06-01
rel:mydata-thesis-materials-sector-basket:LINKS_TO:world-stock-fcx,mydata:thesis:materials-sector-basket,world:stock:FCX,LINKS_TO,frontmatter,core_entities,medium,1,,,,,2026-06-01,2026-06-01,,,,2026-06-01
rel:mydata-thesis-materials-sector-basket:LINKS_TO:world-stock-lin,mydata:thesis:materials-sector-basket,world:stock:LIN,LINKS_TO,frontmatter,core_entities,medium,1,,,,,2026-06-01,2026-06-01,,,,2026-06-01
rel:mydata-thesis-materials-sector-basket:LINKS_TO:world-stock-mos,mydata:thesis:materials-sector-basket,world:stock:MOS,LINKS_TO,frontmatter,core_entities,medium,1,,,,,2026-06-01,2026-06-01,,,,2026-06-01
rel:mydata-thesis-materials-sector-basket:LINKS_TO:world-stock-nem,mydata:thesis:materials-sector-basket,world:stock:NEM,LINKS_TO,frontmatter,core_entities,medium,1,,,,,2026-06-01,2026-06-01,,,,2026-06-01
rel:mydata-thesis-materials-sector-basket:LINKS_TO:world-stock-nue,mydata:thesis:materials-sector-basket,world:stock:NUE,LINKS_TO,frontmatter,core_entities,medium,1,,,,,2026-06-01,2026-06-01,,,,2026-06-01
rel:mydata-thesis-materials-sector-basket:LINKS_TO:world-stock-ppg,mydata:thesis:materials-sector-basket,world:stock:PPG,LINKS_TO,frontmatter,core_entities,medium,1,,,,,2026-06-01,2026-06-01,,,,2026-06-01
rel:mydata-thesis-materials-sector-basket:LINKS_TO:world-stock-shw,mydata:thesis:materials-sector-basket,world:stock:SHW,LINKS_TO,frontmatter,core_entities,medium,1,,,,,2026-06-01,2026-06-01,,,,2026-06-01
rel:mydata-thesis-materials-sector-basket:LINKS_TO:world-stock-usa,mydata:thesis:materials-sector-basket,world:stock:USA,LINKS_TO,frontmatter,core_entities,medium,1,,,,,2026-06-01,2026-06-01,,,,2026-06-01
rel:mydata-thesis-nuclear-renaissance-smrs:LINKS_TO:world-entity-nuclear-energy,mydata:thesis:nuclear-renaissance-smrs,world:entity:nuclear-energy,LINKS_TO,frontmatter,core_entities,medium,1,,,,,2026-06-01,2026-06-01,,,,2026-06-01
rel:mydata-thesis-nuclear-renaissance-smrs:LINKS_TO:world-stock-ccj,mydata:thesis:nuclear-renaissance-smrs,world:stock:CCJ,LINKS_TO,frontmatter,core_entities,medium,1,,,,,2026-06-01,2026-06-01,,,,2026-06-01
rel:mydata-thesis-nuclear-renaissance-smrs:LINKS_TO:world-stock-ceg,mydata:thesis:nuclear-renaissance-smrs,world:stock:CEG,LINKS_TO,frontmatter,core_entities,medium,1,,,,,2026-06-01,2026-06-01,,,,2026-06-01
rel:mydata-thesis-nuclear-renaissance-smrs:LINKS_TO:world-stock-nne,mydata:thesis:nuclear-renaissance-smrs,world:stock:NNE,LINKS_TO,frontmatter,core_entities,medium,1,,,,,2026-06-01,2026-06-01,,,,2026-06-01
rel:mydata-thesis-nuclear-renaissance-smrs:LINKS_TO:world-stock-oklo,mydata:thesis:nuclear-renaissance-smrs,world:stock:OKLO,LINKS_TO,frontmatter,core_entities,medium,1,,,,,2026-06-01,2026-06-01,,,,2026-06-01
rel:mydata-thesis-nuclear-renaissance-smrs:LINKS_TO:world-stock-smr,mydata:thesis:nuclear-renaissance-smrs,world:stock:SMR,LINKS_TO,frontmatter,core_entities,medium,1,,,,,2026-06-01,2026-06-01,,,,2026-06-01
rel:mydata-thesis-nuclear-renaissance-smrs:LINKS_TO:world-stock-usa,mydata:thesis:nuclear-renaissance-smrs,world:stock:USA,LINKS_TO,frontmatter,core_entities,medium,1,,,,,2026-06-01,2026-06-01,,,,2026-06-01
rel:mydata-thesis-nuclear-renaissance-smrs:LINKS_TO:world-stock-vst,mydata:thesis:nuclear-renaissance-smrs,world:stock:VST,LINKS_TO,frontmatter,core_entities,medium,1,,,,,2026-06-01,2026-06-01,,,,2026-06-01
rel:mydata-thesis-psychedelic-mental-health-revolution:LINKS_TO:world-etf-psil,mydata:thesis:psychedelic-mental-health-revolution,world:etf:PSIL,LINKS_TO,frontmatter,core_entities,medium,1,,,,,2026-06-01,2026-06-01,,,,2026-06-01
rel:mydata-thesis-psychedelic-mental-health-revolution:LINKS_TO:world-sector-healthcare,mydata:thesis:psychedelic-mental-health-revolution,world:sector:healthcare,LINKS_TO,frontmatter,core_entities,medium,1,,,,,2026-06-01,2026-06-01,,,,2026-06-01
rel:mydata-thesis-psychedelic-mental-health-revolution:LINKS_TO:world-stock-abbv,mydata:thesis:psychedelic-mental-health-revolution,world:stock:ABBV,LINKS_TO,frontmatter,core_entities,medium,1,,,,,2026-06-01,2026-06-01,,,,2026-06-01
rel:mydata-thesis-psychedelic-mental-health-revolution:LINKS_TO:world-stock-alks,mydata:thesis:psychedelic-mental-health-revolution,world:stock:ALKS,LINKS_TO,frontmatter,core_entities,medium,1,,,,,2026-06-01,2026-06-01,,,,2026-06-01
rel:mydata-thesis-psychedelic-mental-health-revolution:LINKS_TO:world-stock-atai,mydata:thesis:psychedelic-mental-health-revolution,world:stock:ATAI,LINKS_TO,frontmatter,core_entities,medium,1,,,,,2026-06-01,2026-06-01,,,,2026-06-01
rel:mydata-thesis-psychedelic-mental-health-revolution:LINKS_TO:world-stock-cmps,mydata:thesis:psychedelic-mental-health-revolution,world:stock:CMPS,LINKS_TO,frontmatter,core_entities,medium,1,,,,,2026-06-01,2026-06-01,,,,2026-06-01
rel:mydata-thesis-psychedelic-mental-health-revolution:LINKS_TO:world-stock-dftx,mydata:thesis:psychedelic-mental-health-revolution,world:stock:DFTX,LINKS_TO,frontmatter,core_entities,medium,1,,,,,2026-06-01,2026-06-01,,,,2026-06-01
rel:mydata-thesis-psychedelic-mental-health-revolution:LINKS_TO:world-stock-ghrs,mydata:thesis:psychedelic-mental-health-revolution,world:stock:GHRS,LINKS_TO,frontmatter,core_entities,medium,1,,,,,2026-06-01,2026-06-01,,,,2026-06-01
rel:mydata-thesis-psychedelic-mental-health-revolution:LINKS_TO:world-stock-help,mydata:thesis:psychedelic-mental-health-revolution,world:stock:HELP,LINKS_TO,frontmatter,core_entities,medium,1,,,,,2026-06-01,2026-06-01,,,,2026-06-01
rel:mydata-thesis-psychedelic-mental-health-revolution:LINKS_TO:world-stock-jnj,mydata:thesis:psychedelic-mental-health-revolution,world:stock:JNJ,LINKS_TO,frontmatter,core_entities,medium,1,,,,,2026-06-01,2026-06-01,,,,2026-06-01
rel:mydata-thesis-psychedelic-mental-health-revolution:LINKS_TO:world-stock-nbix,mydata:thesis:psychedelic-mental-health-revolution,world:stock:NBIX,LINKS_TO,frontmatter,core_entities,medium,1,,,,,2026-06-01,2026-06-01,,,,2026-06-01
rel:mydata-thesis-psychedelic-mental-health-revolution:LINKS_TO:world-stock-usa,mydata:thesis:psychedelic-mental-health-revolution,world:stock:USA,LINKS_TO,frontmatter,core_entities,medium,1,,,,,2026-06-01,2026-06-01,,,,2026-06-01
rel:mydata-thesis-quantum-computing:LINKS_TO:mydata-thesis-quantum-computing,mydata:thesis:quantum-computing,mydata:thesis:quantum-computing,LINKS_TO,frontmatter,core_entities,medium,1,,,,,2026-06-01,2026-06-01,,,,2026-06-01
rel:mydata-thesis-quantum-computing:LINKS_TO:world-stock-googl,mydata:thesis:quantum-computing,world:stock:GOOGL,LINKS_TO,frontmatter,core_entities,medium,1,,,,,2026-06-01,2026-06-01,,,,2026-06-01
rel:mydata-thesis-quantum-computing:LINKS_TO:world-stock-ionq,mydata:thesis:quantum-computing,world:stock:IONQ,LINKS_TO,frontmatter,core_entities,medium,1,,,,,2026-06-01,2026-06-01,,,,2026-06-01
rel:mydata-thesis-quantum-computing:LINKS_TO:world-stock-qubt,mydata:thesis:quantum-computing,world:stock:QUBT,LINKS_TO,frontmatter,core_entities,medium,1,,,,,2026-06-01,2026-06-01,,,,2026-06-01
rel:mydata-thesis-quantum-computing:LINKS_TO:world-stock-rgti,mydata:thesis:quantum-computing,world:stock:RGTI,LINKS_TO,frontmatter,core_entities,medium,1,,,,,2026-06-01,2026-06-01,,,,2026-06-01
rel:mydata-thesis-quantum-computing:LINKS_TO:world-stock-usa,mydata:thesis:quantum-computing,world:stock:USA,LINKS_TO,frontmatter,core_entities,medium,1,,,,,2026-06-01,2026-06-01,,,,2026-06-01
rel:mydata-thesis-real-estate-sector-basket:LINKS_TO:world-sector-real-estate,mydata:thesis:real-estate-sector-basket,world:sector:real-estate,LINKS_TO,frontmatter,core_entities,medium,1,,,,,2026-06-01,2026-06-01,,,,2026-06-01
rel:mydata-thesis-real-estate-sector-basket:LINKS_TO:world-stock-amt,mydata:thesis:real-estate-sector-basket,world:stock:AMT,LINKS_TO,frontmatter,core_entities,medium,1,,,,,2026-06-01,2026-06-01,,,,2026-06-01
rel:mydata-thesis-real-estate-sector-basket:LINKS_TO:world-stock-avb,mydata:thesis:real-estate-sector-basket,world:stock:AVB,LINKS_TO,frontmatter,core_entities,medium,1,,,,,2026-06-01,2026-06-01,,,,2026-06-01
rel:mydata-thesis-real-estate-sector-basket:LINKS_TO:world-stock-cci,mydata:thesis:real-estate-sector-basket,world:stock:CCI,LINKS_TO,frontmatter,core_entities,medium,1,,,,,2026-06-01,2026-06-01,,,,2026-06-01
rel:mydata-thesis-real-estate-sector-basket:LINKS_TO:world-stock-dhi,mydata:thesis:real-estate-sector-basket,world:stock:DHI,LINKS_TO,frontmatter,core_entities,medium,1,,,,,2026-06-01,2026-06-01,,,,2026-06-01
rel:mydata-thesis-real-estate-sector-basket:LINKS_TO:world-stock-dlr,mydata:thesis:real-estate-sector-basket,world:stock:DLR,LINKS_TO,frontmatter,core_entities,medium,1,,,,,2026-06-01,2026-06-01,,,,2026-06-01
rel:mydata-thesis-real-estate-sector-basket:LINKS_TO:world-stock-eqix,mydata:thesis:real-estate-sector-basket,world:stock:EQIX,LINKS_TO,frontmatter,core_entities,medium,1,,,,,2026-06-01,2026-06-01,,,,2026-06-01
rel:mydata-thesis-real-estate-sector-basket:LINKS_TO:world-stock-len,mydata:thesis:real-estate-sector-basket,world:stock:LEN,LINKS_TO,frontmatter,core_entities,medium,1,,,,,2026-06-01,2026-06-01,,,,2026-06-01
rel:mydata-thesis-real-estate-sector-basket:LINKS_TO:world-stock-o,mydata:thesis:real-estate-sector-basket,world:stock:O,LINKS_TO,frontmatter,core_entities,medium,1,,,,,2026-06-01,2026-06-01,,,,2026-06-01
rel:mydata-thesis-real-estate-sector-basket:LINKS_TO:world-stock-pld,mydata:thesis:real-estate-sector-basket,world:stock:PLD,LINKS_TO,frontmatter,core_entities,medium,1,,,,,2026-06-01,2026-06-01,,,,2026-06-01
rel:mydata-thesis-real-estate-sector-basket:LINKS_TO:world-stock-psa,mydata:thesis:real-estate-sector-basket,world:stock:PSA,LINKS_TO,frontmatter,core_entities,medium,1,,,,,2026-06-01,2026-06-01,,,,2026-06-01
rel:mydata-thesis-real-estate-sector-basket:LINKS_TO:world-stock-spg,mydata:thesis:real-estate-sector-basket,world:stock:SPG,LINKS_TO,frontmatter,core_entities,medium,1,,,,,2026-06-01,2026-06-01,,,,2026-06-01
rel:mydata-thesis-real-estate-sector-basket:LINKS_TO:world-stock-usa,mydata:thesis:real-estate-sector-basket,world:stock:USA,LINKS_TO,frontmatter,core_entities,medium,1,,,,,2026-06-01,2026-06-01,,,,2026-06-01
rel:mydata-thesis-real-estate-sector-basket:LINKS_TO:world-stock-well,mydata:thesis:real-estate-sector-basket,world:stock:WELL,LINKS_TO,frontmatter,core_entities,medium,1,,,,,2026-06-01,2026-06-01,,,,2026-06-01
rel:mydata-thesis-semiconductor-sovereignty-chips-act:LINKS_TO:world-entity-semiconductors,mydata:thesis:semiconductor-sovereignty-chips-act,world:entity:semiconductors,LINKS_TO,frontmatter,core_entities,medium,1,,,,,2026-06-01,2026-06-01,,,,2026-06-01
rel:mydata-thesis-semiconductor-sovereignty-chips-act:LINKS_TO:world-stock-amat,mydata:thesis:semiconductor-sovereignty-chips-act,world:stock:AMAT,LINKS_TO,frontmatter,core_entities,medium,1,,,,,2026-06-01,2026-06-01,,,,2026-06-01
rel:mydata-thesis-semiconductor-sovereignty-chips-act:LINKS_TO:world-stock-klac,mydata:thesis:semiconductor-sovereignty-chips-act,world:stock:KLAC,LINKS_TO,frontmatter,core_entities,medium,1,,,,,2026-06-01,2026-06-01,,,,2026-06-01
rel:mydata-thesis-semiconductor-sovereignty-chips-act:LINKS_TO:world-stock-lrcx,mydata:thesis:semiconductor-sovereignty-chips-act,world:stock:LRCX,LINKS_TO,frontmatter,core_entities,medium,1,,,,,2026-06-01,2026-06-01,,,,2026-06-01
rel:mydata-thesis-semiconductor-sovereignty-chips-act:LINKS_TO:world-stock-on,mydata:thesis:semiconductor-sovereignty-chips-act,world:stock:ON,LINKS_TO,frontmatter,core_entities,medium,1,,,,,2026-06-01,2026-06-01,,,,2026-06-01
rel:mydata-thesis-semiconductor-sovereignty-chips-act:LINKS_TO:world-stock-onto,mydata:thesis:semiconductor-sovereignty-chips-act,world:stock:ONTO,LINKS_TO,frontmatter,core_entities,medium,1,,,,,2026-06-01,2026-06-01,,,,2026-06-01
rel:mydata-thesis-semiconductor-sovereignty-chips-act:LINKS_TO:world-stock-usa,mydata:thesis:semiconductor-sovereignty-chips-act,world:stock:USA,LINKS_TO,frontmatter,core_entities,medium,1,,,,,2026-06-01,2026-06-01,,,,2026-06-01
rel:mydata-thesis-semiconductor-sovereignty-chips-act:LINKS_TO:world-stock-wolf,mydata:thesis:semiconductor-sovereignty-chips-act,world:stock:WOLF,LINKS_TO,frontmatter,core_entities,medium,1,,,,,2026-06-01,2026-06-01,,,,2026-06-01
rel:mydata-thesis-simons-style-quant-momentum-breadth:LINKS_TO:world-sector-tech-sector,mydata:thesis:simons-style-quant-momentum-breadth,world:sector:tech-sector,LINKS_TO,frontmatter,core_entities,medium,1,,,,,2026-06-01,2026-06-01,,,,2026-06-01
rel:mydata-thesis-simons-style-quant-momentum-breadth:LINKS_TO:world-stock-aapl,mydata:thesis:simons-style-quant-momentum-breadth,world:stock:AAPL,LINKS_TO,frontmatter,core_entities,medium,1,,,,,2026-06-01,2026-06-01,,,,2026-06-01
rel:mydata-thesis-simons-style-quant-momentum-breadth:LINKS_TO:world-stock-amzn,mydata:thesis:simons-style-quant-momentum-breadth,world:stock:AMZN,LINKS_TO,frontmatter,core_entities,medium,1,,,,,2026-06-01,2026-06-01,,,,2026-06-01
rel:mydata-thesis-simons-style-quant-momentum-breadth:LINKS_TO:world-stock-googl,mydata:thesis:simons-style-quant-momentum-breadth,world:stock:GOOGL,LINKS_TO,frontmatter,core_entities,medium,1,,,,,2026-06-01,2026-06-01,,,,2026-06-01
rel:mydata-thesis-simons-style-quant-momentum-breadth:LINKS_TO:world-stock-msft,mydata:thesis:simons-style-quant-momentum-breadth,world:stock:MSFT,LINKS_TO,frontmatter,core_entities,medium,1,,,,,2026-06-01,2026-06-01,,,,2026-06-01
rel:mydata-thesis-simons-style-quant-momentum-breadth:LINKS_TO:world-stock-nvda,mydata:thesis:simons-style-quant-momentum-breadth,world:stock:NVDA,LINKS_TO,frontmatter,core_entities,medium,1,,,,,2026-06-01,2026-06-01,,,,2026-06-01
rel:mydata-thesis-simons-style-quant-momentum-breadth:LINKS_TO:world-stock-usa,mydata:thesis:simons-style-quant-momentum-breadth,world:stock:USA,LINKS_TO,frontmatter,core_entities,medium,1,,,,,2026-06-01,2026-06-01,,,,2026-06-01
rel:mydata-thesis-space-domain-awareness:LINKS_TO:world-entity-space,mydata:thesis:space-domain-awareness,world:entity:space,LINKS_TO,frontmatter,core_entities,medium,1,,,,,2026-06-01,2026-06-01,,,,2026-06-01
rel:mydata-thesis-space-domain-awareness:LINKS_TO:world-sector-defense,mydata:thesis:space-domain-awareness,world:sector:defense,LINKS_TO,frontmatter,core_entities,medium,1,,,,,2026-06-01,2026-06-01,,,,2026-06-01
rel:mydata-thesis-space-domain-awareness:LINKS_TO:world-stock-asts,mydata:thesis:space-domain-awareness,world:stock:ASTS,LINKS_TO,frontmatter,core_entities,medium,1,,,,,2026-06-01,2026-06-01,,,,2026-06-01
rel:mydata-thesis-space-domain-awareness:LINKS_TO:world-stock-bksy,mydata:thesis:space-domain-awareness,world:stock:BKSY,LINKS_TO,frontmatter,core_entities,medium,1,,,,,2026-06-01,2026-06-01,,,,2026-06-01
rel:mydata-thesis-space-domain-awareness:LINKS_TO:world-stock-mnts,mydata:thesis:space-domain-awareness,world:stock:MNTS,LINKS_TO,frontmatter,core_entities,medium,1,,,,,2026-06-01,2026-06-01,,,,2026-06-01
rel:mydata-thesis-space-domain-awareness:LINKS_TO:world-stock-pl,mydata:thesis:space-domain-awareness,world:stock:PL,LINKS_TO,frontmatter,core_entities,medium,1,,,,,2026-06-01,2026-06-01,,,,2026-06-01
rel:mydata-thesis-space-domain-awareness:LINKS_TO:world-stock-rklb,mydata:thesis:space-domain-awareness,world:stock:RKLB,LINKS_TO,frontmatter,core_entities,medium,1,,,,,2026-06-01,2026-06-01,,,,2026-06-01
rel:mydata-thesis-space-domain-awareness:LINKS_TO:world-stock-spir,mydata:thesis:space-domain-awareness,world:stock:SPIR,LINKS_TO,frontmatter,core_entities,medium,1,,,,,2026-06-01,2026-06-01,,,,2026-06-01
rel:mydata-thesis-space-domain-awareness:LINKS_TO:world-stock-usa,mydata:thesis:space-domain-awareness,world:stock:USA,LINKS_TO,frontmatter,core_entities,medium,1,,,,,2026-06-01,2026-06-01,,,,2026-06-01
rel:mydata-thesis-spy-qqq-entropy-expansion-monitor:LINKS_TO:world-stock-qqq,mydata:thesis:spy-qqq-entropy-expansion-monitor,world:stock:QQQ,LINKS_TO,frontmatter,core_entities,medium,1,,,,,2026-06-01,2026-06-01,,,,2026-06-01
rel:mydata-thesis-spy-qqq-entropy-expansion-monitor:LINKS_TO:world-stock-spy,mydata:thesis:spy-qqq-entropy-expansion-monitor,world:stock:SPY,LINKS_TO,frontmatter,core_entities,medium,1,,,,,2026-06-01,2026-06-01,,,,2026-06-01
rel:mydata-thesis-tech-sector-basket:LINKS_TO:world-sector-tech-sector,mydata:thesis:tech-sector-basket,world:sector:tech-sector,LINKS_TO,frontmatter,core_entities,medium,1,,,,,2026-06-01,2026-06-01,,,,2026-06-01
rel:mydata-thesis-tech-sector-basket:LINKS_TO:world-stock-aapl,mydata:thesis:tech-sector-basket,world:stock:AAPL,LINKS_TO,frontmatter,core_entities,medium,1,,,,,2026-06-01,2026-06-01,,,,2026-06-01
rel:mydata-thesis-tech-sector-basket:LINKS_TO:world-stock-adbe,mydata:thesis:tech-sector-basket,world:stock:ADBE,LINKS_TO,frontmatter,core_entities,medium,1,,,,,2026-06-01,2026-06-01,,,,2026-06-01
rel:mydata-thesis-tech-sector-basket:LINKS_TO:world-stock-amd,mydata:thesis:tech-sector-basket,world:stock:AMD,LINKS_TO,frontmatter,core_entities,medium,1,,,,,2026-06-01,2026-06-01,,,,2026-06-01
rel:mydata-thesis-tech-sector-basket:LINKS_TO:world-stock-avgo,mydata:thesis:tech-sector-basket,world:stock:AVGO,LINKS_TO,frontmatter,core_entities,medium,1,,,,,2026-06-01,2026-06-01,,,,2026-06-01
rel:mydata-thesis-tech-sector-basket:LINKS_TO:world-stock-crm,mydata:thesis:tech-sector-basket,world:stock:CRM,LINKS_TO,frontmatter,core_entities,medium,1,,,,,2026-06-01,2026-06-01,,,,2026-06-01
rel:mydata-thesis-tech-sector-basket:LINKS_TO:world-stock-googl,mydata:thesis:tech-sector-basket,world:stock:GOOGL,LINKS_TO,frontmatter,core_entities,medium,1,,,,,2026-06-01,2026-06-01,,,,2026-06-01
rel:mydata-thesis-tech-sector-basket:LINKS_TO:world-stock-meta,mydata:thesis:tech-sector-basket,world:stock:META,LINKS_TO,frontmatter,core_entities,medium,1,,,,,2026-06-01,2026-06-01,,,,2026-06-01
rel:mydata-thesis-tech-sector-basket:LINKS_TO:world-stock-msft,mydata:thesis:tech-sector-basket,world:stock:MSFT,LINKS_TO,frontmatter,core_entities,medium,1,,,,,2026-06-01,2026-06-01,,,,2026-06-01
rel:mydata-thesis-tech-sector-basket:LINKS_TO:world-stock-nvda,mydata:thesis:tech-sector-basket,world:stock:NVDA,LINKS_TO,frontmatter,core_entities,medium,1,,,,,2026-06-01,2026-06-01,,,,2026-06-01
rel:mydata-thesis-tech-sector-basket:LINKS_TO:world-stock-orcl,mydata:thesis:tech-sector-basket,world:stock:ORCL,LINKS_TO,frontmatter,core_entities,medium,1,,,,,2026-06-01,2026-06-01,,,,2026-06-01
rel:mydata-thesis-tech-sector-basket:LINKS_TO:world-stock-qcom,mydata:thesis:tech-sector-basket,world:stock:QCOM,LINKS_TO,frontmatter,core_entities,medium,1,,,,,2026-06-01,2026-06-01,,,,2026-06-01
rel:mydata-thesis-tech-sector-basket:LINKS_TO:world-stock-usa,mydata:thesis:tech-sector-basket,world:stock:USA,LINKS_TO,frontmatter,core_entities,medium,1,,,,,2026-06-01,2026-06-01,,,,2026-06-01
rel:mydata-thesis-utilities-sector-basket:LINKS_TO:world-sector-utilities,mydata:thesis:utilities-sector-basket,world:sector:utilities,LINKS_TO,frontmatter,core_entities,medium,1,,,,,2026-06-01,2026-06-01,,,,2026-06-01
rel:mydata-thesis-utilities-sector-basket:LINKS_TO:world-stock-aep,mydata:thesis:utilities-sector-basket,world:stock:AEP,LINKS_TO,frontmatter,core_entities,medium,1,,,,,2026-06-01,2026-06-01,,,,2026-06-01
rel:mydata-thesis-utilities-sector-basket:LINKS_TO:world-stock-ceg,mydata:thesis:utilities-sector-basket,world:stock:CEG,LINKS_TO,frontmatter,core_entities,medium,1,,,,,2026-06-01,2026-06-01,,,,2026-06-01
rel:mydata-thesis-utilities-sector-basket:LINKS_TO:world-stock-d,mydata:thesis:utilities-sector-basket,world:stock:D,LINKS_TO,frontmatter,core_entities,medium,1,,,,,2026-06-01,2026-06-01,,,,2026-06-01
rel:mydata-thesis-utilities-sector-basket:LINKS_TO:world-stock-duk,mydata:thesis:utilities-sector-basket,world:stock:DUK,LINKS_TO,frontmatter,core_entities,medium,1,,,,,2026-06-01,2026-06-01,,,,2026-06-01
rel:mydata-thesis-utilities-sector-basket:LINKS_TO:world-stock-exc,mydata:thesis:utilities-sector-basket,world:stock:EXC,LINKS_TO,frontmatter,core_entities,medium,1,,,,,2026-06-01,2026-06-01,,,,2026-06-01
rel:mydata-thesis-utilities-sector-basket:LINKS_TO:world-stock-nee,mydata:thesis:utilities-sector-basket,world:stock:NEE,LINKS_TO,frontmatter,core_entities,medium,1,,,,,2026-06-01,2026-06-01,,,,2026-06-01
rel:mydata-thesis-utilities-sector-basket:LINKS_TO:world-stock-nrg,mydata:thesis:utilities-sector-basket,world:stock:NRG,LINKS_TO,frontmatter,core_entities,medium,1,,,,,2026-06-01,2026-06-01,,,,2026-06-01
rel:mydata-thesis-utilities-sector-basket:LINKS_TO:world-stock-so,mydata:thesis:utilities-sector-basket,world:stock:SO,LINKS_TO,frontmatter,core_entities,medium,1,,,,,2026-06-01,2026-06-01,,,,2026-06-01
rel:mydata-thesis-utilities-sector-basket:LINKS_TO:world-stock-sre,mydata:thesis:utilities-sector-basket,world:stock:SRE,LINKS_TO,frontmatter,core_entities,medium,1,,,,,2026-06-01,2026-06-01,,,,2026-06-01
rel:mydata-thesis-utilities-sector-basket:LINKS_TO:world-stock-usa,mydata:thesis:utilities-sector-basket,world:stock:USA,LINKS_TO,frontmatter,core_entities,medium,1,,,,,2026-06-01,2026-06-01,,,,2026-06-01
rel:mydata-thesis-utilities-sector-basket:LINKS_TO:world-stock-vst,mydata:thesis:utilities-sector-basket,world:stock:VST,LINKS_TO,frontmatter,core_entities,medium,1,,,,,2026-06-01,2026-06-01,,,,2026-06-01
rel:mydata-thesis-utilities-sector-basket:LINKS_TO:world-stock-xel,mydata:thesis:utilities-sector-basket,world:stock:XEL,LINKS_TO,frontmatter,core_entities,medium,1,,,,,2026-06-01,2026-06-01,,,,2026-06-01
rel:world-macroindicator-10y-treasury:LINKS_TO:world-sector-real-estate,world:macroindicator:10y-treasury,world:sector:real-estate,LINKS_TO,frontmatter,affects_sectors,medium,1,,,,,2026-06-01,2026-06-01,,,,2026-06-01
rel:world-macroindicator-10y-treasury:LINKS_TO:world-sector-tech-sector,world:macroindicator:10y-treasury,world:sector:tech-sector,LINKS_TO,frontmatter,affects_sectors,medium,1,,,,,2026-06-01,2026-06-01,,,,2026-06-01
rel:world-macroindicator-10y-treasury:LINKS_TO:world-sector-utilities,world:macroindicator:10y-treasury,world:sector:utilities,LINKS_TO,frontmatter,affects_sectors,medium,1,,,,,2026-06-01,2026-06-01,,,,2026-06-01
rel:world-macroindicator-core-pce:LINKS_TO:world-sector-financials,world:macroindicator:core-pce,world:sector:financials,LINKS_TO,frontmatter,affects_sectors,medium,1,,,,,2026-06-01,2026-06-01,,,,2026-06-01
rel:world-macroindicator-core-pce:LINKS_TO:world-sector-tech-sector,world:macroindicator:core-pce,world:sector:tech-sector,LINKS_TO,frontmatter,affects_sectors,medium,1,,,,,2026-06-01,2026-06-01,,,,2026-06-01
rel:world-macroindicator-cpi:LINKS_TO:world-sector-consumer-discretionary,world:macroindicator:cpi,world:sector:consumer-discretionary,LINKS_TO,frontmatter,affects_sectors,medium,1,,,,,2026-06-01,2026-06-01,,,,2026-06-01
rel:world-macroindicator-cpi:LINKS_TO:world-sector-consumer-staples,world:macroindicator:cpi,world:sector:consumer-staples,LINKS_TO,frontmatter,affects_sectors,medium,1,,,,,2026-06-01,2026-06-01,,,,2026-06-01
rel:world-macroindicator-cpi:LINKS_TO:world-sector-tech-sector,world:macroindicator:cpi,world:sector:tech-sector,LINKS_TO,frontmatter,affects_sectors,medium,1,,,,,2026-06-01,2026-06-01,,,,2026-06-01
rel:world-macroindicator-defense-budget:LINKS_TO:world-sector-aerospace-defense,world:macroindicator:defense-budget,world:sector:aerospace-defense,LINKS_TO,frontmatter,affects_sectors,medium,1,,,,,2026-06-01,2026-06-01,,,,2026-06-01
rel:world-macroindicator-defense-budget:LINKS_TO:world-sector-industrials,world:macroindicator:defense-budget,world:sector:industrials,LINKS_TO,frontmatter,affects_sectors,medium,1,,,,,2026-06-01,2026-06-01,,,,2026-06-01
rel:world-macroindicator-dxy:LINKS_TO:world-sector-industrials,world:macroindicator:dxy,world:sector:industrials,LINKS_TO,frontmatter,affects_sectors,medium,1,,,,,2026-06-01,2026-06-01,,,,2026-06-01
rel:world-macroindicator-dxy:LINKS_TO:world-sector-materials,world:macroindicator:dxy,world:sector:materials,LINKS_TO,frontmatter,affects_sectors,medium,1,,,,,2026-06-01,2026-06-01,,,,2026-06-01
rel:world-macroindicator-faa-regulatory-progress:LINKS_TO:world-sector-aerospace-defense,world:macroindicator:faa-regulatory-progress,world:sector:aerospace-defense,LINKS_TO,frontmatter,affects_sectors,medium,1,,,,,2026-06-01,2026-06-01,,,,2026-06-01
rel:world-macroindicator-faa-regulatory-progress:LINKS_TO:world-sector-industrials,world:macroindicator:faa-regulatory-progress,world:sector:industrials,LINKS_TO,frontmatter,affects_sectors,medium,1,,,,,2026-06-01,2026-06-01,,,,2026-06-01
rel:world-macroindicator-fed-funds-rate:LINKS_TO:world-sector-consumer-discretionary,world:macroindicator:fed-funds-rate,world:sector:consumer-discretionary,LINKS_TO,frontmatter,affects_sectors,medium,1,,,,,2026-06-01,2026-06-01,,,,2026-06-01
rel:world-macroindicator-fed-funds-rate:LINKS_TO:world-sector-financials,world:macroindicator:fed-funds-rate,world:sector:financials,LINKS_TO,frontmatter,affects_sectors,medium,1,,,,,2026-06-01,2026-06-01,,,,2026-06-01
rel:world-macroindicator-fed-funds-rate:LINKS_TO:world-sector-real-estate,world:macroindicator:fed-funds-rate,world:sector:real-estate,LINKS_TO,frontmatter,affects_sectors,medium,1,,,,,2026-06-01,2026-06-01,,,,2026-06-01
rel:world-macroindicator-fed-funds-rate:LINKS_TO:world-sector-tech-sector,world:macroindicator:fed-funds-rate,world:sector:tech-sector,LINKS_TO,frontmatter,affects_sectors,medium,1,,,,,2026-06-01,2026-06-01,,,,2026-06-01
rel:world-macroindicator-gdp-growth:LINKS_TO:world-sector-consumer-discretionary,world:macroindicator:gdp-growth,world:sector:consumer-discretionary,LINKS_TO,frontmatter,affects_sectors,medium,1,,,,,2026-06-01,2026-06-01,,,,2026-06-01
rel:world-macroindicator-gdp-growth:LINKS_TO:world-sector-financials,world:macroindicator:gdp-growth,world:sector:financials,LINKS_TO,frontmatter,affects_sectors,medium,1,,,,,2026-06-01,2026-06-01,,,,2026-06-01
rel:world-macroindicator-gdp-growth:LINKS_TO:world-sector-industrials,world:macroindicator:gdp-growth,world:sector:industrials,LINKS_TO,frontmatter,affects_sectors,medium,1,,,,,2026-06-01,2026-06-01,,,,2026-06-01
rel:world-macroindicator-industrial-production:LINKS_TO:world-sector-industrials,world:macroindicator:industrial-production,world:sector:industrials,LINKS_TO,frontmatter,affects_sectors,medium,1,,,,,2026-06-01,2026-06-01,,,,2026-06-01
rel:world-macroindicator-industrial-production:LINKS_TO:world-sector-manufacturing,world:macroindicator:industrial-production,world:sector:manufacturing,LINKS_TO,frontmatter,affects_sectors,medium,1,,,,,2026-06-01,2026-06-01,,,,2026-06-01
rel:world-macroindicator-industrial-production:LINKS_TO:world-sector-utilities,world:macroindicator:industrial-production,world:sector:utilities,LINKS_TO,frontmatter,affects_sectors,medium,1,,,,,2026-06-01,2026-06-01,,,,2026-06-01
rel:world-macroindicator-initial-claims:LINKS_TO:world-sector-consumer-discretionary,world:macroindicator:initial-claims,world:sector:consumer-discretionary,LINKS_TO,frontmatter,affects_sectors,medium,1,,,,,2026-06-01,2026-06-01,,,,2026-06-01
rel:world-macroindicator-ism-manufacturing:LINKS_TO:world-sector-industrials,world:macroindicator:ism-manufacturing,world:sector:industrials,LINKS_TO,frontmatter,affects_sectors,medium,1,,,,,2026-06-01,2026-06-01,,,,2026-06-01
rel:world-macroindicator-ism-manufacturing:LINKS_TO:world-sector-materials,world:macroindicator:ism-manufacturing,world:sector:materials,LINKS_TO,frontmatter,affects_sectors,medium,1,,,,,2026-06-01,2026-06-01,,,,2026-06-01
rel:world-macroindicator-nfp:LINKS_TO:world-sector-consumer-discretionary,world:macroindicator:nfp,world:sector:consumer-discretionary,LINKS_TO,frontmatter,affects_sectors,medium,1,,,,,2026-06-01,2026-06-01,,,,2026-06-01
rel:world-macroindicator-nfp:LINKS_TO:world-sector-financials,world:macroindicator:nfp,world:sector:financials,LINKS_TO,frontmatter,affects_sectors,medium,1,,,,,2026-06-01,2026-06-01,,,,2026-06-01
rel:world-macroindicator-ovx:LINKS_TO:world-sector-energy,world:macroindicator:ovx,world:sector:energy,LINKS_TO,frontmatter,affects_sectors,medium,1,,,,,2026-06-01,2026-06-01,,,,2026-06-01
rel:world-macroindicator-pmi:LINKS_TO:world-sector-industrials,world:macroindicator:pmi,world:sector:industrials,LINKS_TO,frontmatter,affects_sectors,medium,1,,,,,2026-06-01,2026-06-01,,,,2026-06-01
rel:world-macroindicator-pmi:LINKS_TO:world-sector-materials,world:macroindicator:pmi,world:sector:materials,LINKS_TO,frontmatter,affects_sectors,medium,1,,,,,2026-06-01,2026-06-01,,,,2026-06-01
rel:world-macroindicator-ppi:LINKS_TO:world-sector-consumer-staples,world:macroindicator:ppi,world:sector:consumer-staples,LINKS_TO,frontmatter,affects_sectors,medium,1,,,,,2026-06-01,2026-06-01,,,,2026-06-01
rel:world-macroindicator-ppi:LINKS_TO:world-sector-industrials,world:macroindicator:ppi,world:sector:industrials,LINKS_TO,frontmatter,affects_sectors,medium,1,,,,,2026-06-01,2026-06-01,,,,2026-06-01
rel:world-macroindicator-ppi:LINKS_TO:world-sector-materials,world:macroindicator:ppi,world:sector:materials,LINKS_TO,frontmatter,affects_sectors,medium,1,,,,,2026-06-01,2026-06-01,,,,2026-06-01
rel:world-macroindicator-retail-sales:LINKS_TO:world-sector-consumer-discretionary,world:macroindicator:retail-sales,world:sector:consumer-discretionary,LINKS_TO,frontmatter,affects_sectors,medium,1,,,,,2026-06-01,2026-06-01,,,,2026-06-01
rel:world-macroindicator-retail-sales:LINKS_TO:world-sector-consumer-staples,world:macroindicator:retail-sales,world:sector:consumer-staples,LINKS_TO,frontmatter,affects_sectors,medium,1,,,,,2026-06-01,2026-06-01,,,,2026-06-01
rel:world-macroindicator-unemployment-rate:LINKS_TO:world-sector-consumer-discretionary,world:macroindicator:unemployment-rate,world:sector:consumer-discretionary,LINKS_TO,frontmatter,affects_sectors,medium,1,,,,,2026-06-01,2026-06-01,,,,2026-06-01
rel:world-macroindicator-unemployment-rate:LINKS_TO:world-sector-financials,world:macroindicator:unemployment-rate,world:sector:financials,LINKS_TO,frontmatter,affects_sectors,medium,1,,,,,2026-06-01,2026-06-01,,,,2026-06-01
rel:world-macroindicator-yield-curve:LINKS_TO:world-sector-financials,world:macroindicator:yield-curve,world:sector:financials,LINKS_TO,frontmatter,affects_sectors,medium,1,,,,,2026-06-01,2026-06-01,,,,2026-06-01
rel:world-macroindicator-yield-curve:LINKS_TO:world-sector-real-estate,world:macroindicator:yield-curve,world:sector:real-estate,LINKS_TO,frontmatter,affects_sectors,medium,1,,,,,2026-06-01,2026-06-01,,,,2026-06-01
