id,sourceId,targetId,type,source,method,confidence,weight,status,reason,evidenceCount,missingEvidence,firstSeen,lastSeen,reviewState,reviewRoute,createdBy,asOfDate
rel:mydata-thesis-aerospace-defense-sector-basket:CANDIDATE_LINK:domain-evidence,mydata:thesis:aerospace-defense-sector-basket,domain:evidence,CANDIDATE_LINK,blind-spot-graph,regime_data_gap,low,0.25,candidate,Thesis has core entities and should be checked for current signal and evidence freshness.,0,"Review latest signal intelligence, FMP thesis watchlists, and related pull notes.",2026-06-01,2026-06-01,needs_review,,neo4j-blind-spot-graph,2026-06-01
rel:mydata-thesis-ai-power-defense-stack:CANDIDATE_LINK:domain-evidence,mydata:thesis:ai-power-defense-stack,domain:evidence,CANDIDATE_LINK,blind-spot-graph,regime_data_gap,low,0.25,candidate,Thesis has core entities and should be checked for current signal and evidence freshness.,0,"Review latest signal intelligence, FMP thesis watchlists, and related pull notes.",2026-06-01,2026-06-01,needs_review,,neo4j-blind-spot-graph,2026-06-01
rel:mydata-thesis-ai-power-infrastructure:CANDIDATE_LINK:domain-evidence,mydata:thesis:ai-power-infrastructure,domain:evidence,CANDIDATE_LINK,blind-spot-graph,regime_data_gap,low,0.25,candidate,Thesis has core entities and should be checked for current signal and evidence freshness.,0,"Review latest signal intelligence, FMP thesis watchlists, and related pull notes.",2026-06-01,2026-06-01,needs_review,,neo4j-blind-spot-graph,2026-06-01
rel:mydata-thesis-alzheimers-disease-modification:CANDIDATE_LINK:domain-evidence,mydata:thesis:alzheimers-disease-modification,domain:evidence,CANDIDATE_LINK,blind-spot-graph,regime_data_gap,low,0.25,candidate,Thesis has core entities and should be checked for current signal and evidence freshness.,0,"Review latest signal intelligence, FMP thesis watchlists, and related pull notes.",2026-06-01,2026-06-01,needs_review,,neo4j-blind-spot-graph,2026-06-01
rel:mydata-thesis-antimicrobial-resistance-pipeline:CANDIDATE_LINK:domain-evidence,mydata:thesis:antimicrobial-resistance-pipeline,domain:evidence,CANDIDATE_LINK,blind-spot-graph,regime_data_gap,low,0.25,candidate,Thesis has core entities and should be checked for current signal and evidence freshness.,0,"Review latest signal intelligence, FMP thesis watchlists, and related pull notes.",2026-06-01,2026-06-01,needs_review,,neo4j-blind-spot-graph,2026-06-01
rel:mydata-thesis-bioengineered-food-systems:CANDIDATE_LINK:domain-evidence,mydata:thesis:bioengineered-food-systems,domain:evidence,CANDIDATE_LINK,blind-spot-graph,regime_data_gap,low,0.25,candidate,Thesis has core entities and should be checked for current signal and evidence freshness.,0,"Review latest signal intelligence, FMP thesis watchlists, and related pull notes.",2026-06-01,2026-06-01,needs_review,,neo4j-blind-spot-graph,2026-06-01
rel:mydata-thesis-biosecurity-compute-convergence:CANDIDATE_LINK:domain-evidence,mydata:thesis:biosecurity-compute-convergence,domain:evidence,CANDIDATE_LINK,blind-spot-graph,regime_data_gap,low,0.25,candidate,Thesis has core entities and should be checked for current signal and evidence freshness.,0,"Review latest signal intelligence, FMP thesis watchlists, and related pull notes.",2026-06-01,2026-06-01,needs_review,,neo4j-blind-spot-graph,2026-06-01
rel:mydata-thesis-buffett-style-quality-compounders:CANDIDATE_LINK:domain-evidence,mydata:thesis:buffett-style-quality-compounders,domain:evidence,CANDIDATE_LINK,blind-spot-graph,regime_data_gap,low,0.25,candidate,Thesis has core entities and should be checked for current signal and evidence freshness.,0,"Review latest signal intelligence, FMP thesis watchlists, and related pull notes.",2026-06-01,2026-06-01,needs_review,,neo4j-blind-spot-graph,2026-06-01
rel:mydata-thesis-capital-raise-survivors-small-cap-inflection-basket:CANDIDATE_LINK:domain-evidence,mydata:thesis:capital-raise-survivors-small-cap-inflection-basket,domain:evidence,CANDIDATE_LINK,blind-spot-graph,regime_data_gap,low,0.25,candidate,Thesis has core entities and should be checked for current signal and evidence freshness.,0,"Review latest signal intelligence, FMP thesis watchlists, and related pull notes.",2026-06-01,2026-06-01,needs_review,,neo4j-blind-spot-graph,2026-06-01
rel:mydata-thesis-communication-services-sector-basket:CANDIDATE_LINK:domain-evidence,mydata:thesis:communication-services-sector-basket,domain:evidence,CANDIDATE_LINK,blind-spot-graph,regime_data_gap,low,0.25,candidate,Thesis has core entities and should be checked for current signal and evidence freshness.,0,"Review latest signal intelligence, FMP thesis watchlists, and related pull notes.",2026-06-01,2026-06-01,needs_review,,neo4j-blind-spot-graph,2026-06-01
rel:mydata-thesis-consumer-discretionary-sector-basket:CANDIDATE_LINK:domain-evidence,mydata:thesis:consumer-discretionary-sector-basket,domain:evidence,CANDIDATE_LINK,blind-spot-graph,regime_data_gap,low,0.25,candidate,Thesis has core entities and should be checked for current signal and evidence freshness.,0,"Review latest signal intelligence, FMP thesis watchlists, and related pull notes.",2026-06-01,2026-06-01,needs_review,,neo4j-blind-spot-graph,2026-06-01
rel:mydata-thesis-consumer-staples-sector-basket:CANDIDATE_LINK:domain-evidence,mydata:thesis:consumer-staples-sector-basket,domain:evidence,CANDIDATE_LINK,blind-spot-graph,regime_data_gap,low,0.25,candidate,Thesis has core entities and should be checked for current signal and evidence freshness.,0,"Review latest signal intelligence, FMP thesis watchlists, and related pull notes.",2026-06-01,2026-06-01,needs_review,,neo4j-blind-spot-graph,2026-06-01
rel:mydata-thesis-dalio-style-all-weather-hard-assets:CANDIDATE_LINK:domain-evidence,mydata:thesis:dalio-style-all-weather-hard-assets,domain:evidence,CANDIDATE_LINK,blind-spot-graph,regime_data_gap,low,0.25,candidate,Thesis has core entities and should be checked for current signal and evidence freshness.,0,"Review latest signal intelligence, FMP thesis watchlists, and related pull notes.",2026-06-01,2026-06-01,needs_review,,neo4j-blind-spot-graph,2026-06-01
rel:mydata-thesis-defense-ai-autonomous-warfare:CANDIDATE_LINK:domain-evidence,mydata:thesis:defense-ai-autonomous-warfare,domain:evidence,CANDIDATE_LINK,blind-spot-graph,regime_data_gap,low,0.25,candidate,Thesis has core entities and should be checked for current signal and evidence freshness.,0,"Review latest signal intelligence, FMP thesis watchlists, and related pull notes.",2026-06-01,2026-06-01,needs_review,,neo4j-blind-spot-graph,2026-06-01
rel:mydata-thesis-dollar-debasement-hard-money:CANDIDATE_LINK:domain-evidence,mydata:thesis:dollar-debasement-hard-money,domain:evidence,CANDIDATE_LINK,blind-spot-graph,regime_data_gap,low,0.25,candidate,Thesis has core entities and should be checked for current signal and evidence freshness.,0,"Review latest signal intelligence, FMP thesis watchlists, and related pull notes.",2026-06-01,2026-06-01,needs_review,,neo4j-blind-spot-graph,2026-06-01
rel:mydata-thesis-drone-autonomous-systems-revolution:CANDIDATE_LINK:domain-evidence,mydata:thesis:drone-autonomous-systems-revolution,domain:evidence,CANDIDATE_LINK,blind-spot-graph,regime_data_gap,low,0.25,candidate,Thesis has core entities and should be checked for current signal and evidence freshness.,0,"Review latest signal intelligence, FMP thesis watchlists, and related pull notes.",2026-06-01,2026-06-01,needs_review,,neo4j-blind-spot-graph,2026-06-01
rel:mydata-thesis-druckenmiller-style-secular-trend-leaders:CANDIDATE_LINK:domain-evidence,mydata:thesis:druckenmiller-style-secular-trend-leaders,domain:evidence,CANDIDATE_LINK,blind-spot-graph,regime_data_gap,low,0.25,candidate,Thesis has core entities and should be checked for current signal and evidence freshness.,0,"Review latest signal intelligence, FMP thesis watchlists, and related pull notes.",2026-06-01,2026-06-01,needs_review,,neo4j-blind-spot-graph,2026-06-01
rel:mydata-thesis-energy-sector-basket:CANDIDATE_LINK:domain-evidence,mydata:thesis:energy-sector-basket,domain:evidence,CANDIDATE_LINK,blind-spot-graph,regime_data_gap,low,0.25,candidate,Thesis has core entities and should be checked for current signal and evidence freshness.,0,"Review latest signal intelligence, FMP thesis watchlists, and related pull notes.",2026-06-01,2026-06-01,needs_review,,neo4j-blind-spot-graph,2026-06-01
rel:mydata-thesis-financials-sector-basket:CANDIDATE_LINK:domain-evidence,mydata:thesis:financials-sector-basket,domain:evidence,CANDIDATE_LINK,blind-spot-graph,regime_data_gap,low,0.25,candidate,Thesis has core entities and should be checked for current signal and evidence freshness.,0,"Review latest signal intelligence, FMP thesis watchlists, and related pull notes.",2026-06-01,2026-06-01,needs_review,,neo4j-blind-spot-graph,2026-06-01
rel:mydata-thesis-fiscal-scarcity-rearmament:CANDIDATE_LINK:domain-evidence,mydata:thesis:fiscal-scarcity-rearmament,domain:evidence,CANDIDATE_LINK,blind-spot-graph,regime_data_gap,low,0.25,candidate,Thesis has core entities and should be checked for current signal and evidence freshness.,0,"Review latest signal intelligence, FMP thesis watchlists, and related pull notes.",2026-06-01,2026-06-01,needs_review,,neo4j-blind-spot-graph,2026-06-01
rel:mydata-thesis-gene-editing-crispr-therapeutics:CANDIDATE_LINK:domain-evidence,mydata:thesis:gene-editing-crispr-therapeutics,domain:evidence,CANDIDATE_LINK,blind-spot-graph,regime_data_gap,low,0.25,candidate,Thesis has core entities and should be checked for current signal and evidence freshness.,0,"Review latest signal intelligence, FMP thesis watchlists, and related pull notes.",2026-06-01,2026-06-01,needs_review,,neo4j-blind-spot-graph,2026-06-01
rel:mydata-thesis-glp-1-metabolic-disease-revolution:CANDIDATE_LINK:domain-evidence,mydata:thesis:glp-1-metabolic-disease-revolution,domain:evidence,CANDIDATE_LINK,blind-spot-graph,regime_data_gap,low,0.25,candidate,Thesis has core entities and should be checked for current signal and evidence freshness.,0,"Review latest signal intelligence, FMP thesis watchlists, and related pull notes.",2026-06-01,2026-06-01,needs_review,,neo4j-blind-spot-graph,2026-06-01
rel:mydata-thesis-graham-style-deep-value-re-rating:CANDIDATE_LINK:domain-evidence,mydata:thesis:graham-style-deep-value-re-rating,domain:evidence,CANDIDATE_LINK,blind-spot-graph,regime_data_gap,low,0.25,candidate,Thesis has core entities and should be checked for current signal and evidence freshness.,0,"Review latest signal intelligence, FMP thesis watchlists, and related pull notes.",2026-06-01,2026-06-01,needs_review,,neo4j-blind-spot-graph,2026-06-01
rel:mydata-thesis-grid-equipment-bottleneck:CANDIDATE_LINK:domain-evidence,mydata:thesis:grid-equipment-bottleneck,domain:evidence,CANDIDATE_LINK,blind-spot-graph,regime_data_gap,low,0.25,candidate,Thesis has core entities and should be checked for current signal and evidence freshness.,0,"Review latest signal intelligence, FMP thesis watchlists, and related pull notes.",2026-06-01,2026-06-01,needs_review,,neo4j-blind-spot-graph,2026-06-01
rel:mydata-thesis-grid-scale-battery-storage:CANDIDATE_LINK:domain-evidence,mydata:thesis:grid-scale-battery-storage,domain:evidence,CANDIDATE_LINK,blind-spot-graph,regime_data_gap,low,0.25,candidate,Thesis has core entities and should be checked for current signal and evidence freshness.,0,"Review latest signal intelligence, FMP thesis watchlists, and related pull notes.",2026-06-01,2026-06-01,needs_review,,neo4j-blind-spot-graph,2026-06-01
rel:mydata-thesis-healthcare-sector-basket:CANDIDATE_LINK:domain-evidence,mydata:thesis:healthcare-sector-basket,domain:evidence,CANDIDATE_LINK,blind-spot-graph,regime_data_gap,low,0.25,candidate,Thesis has core entities and should be checked for current signal and evidence freshness.,0,"Review latest signal intelligence, FMP thesis watchlists, and related pull notes.",2026-06-01,2026-06-01,needs_review,,neo4j-blind-spot-graph,2026-06-01
rel:mydata-thesis-housing-supply-correction:CANDIDATE_LINK:domain-evidence,mydata:thesis:housing-supply-correction,domain:evidence,CANDIDATE_LINK,blind-spot-graph,regime_data_gap,low,0.25,candidate,Thesis has core entities and should be checked for current signal and evidence freshness.,0,"Review latest signal intelligence, FMP thesis watchlists, and related pull notes.",2026-06-01,2026-06-01,needs_review,,neo4j-blind-spot-graph,2026-06-01
rel:mydata-thesis-humanoid-robotics:CANDIDATE_LINK:domain-evidence,mydata:thesis:humanoid-robotics,domain:evidence,CANDIDATE_LINK,blind-spot-graph,regime_data_gap,low,0.25,candidate,Thesis has core entities and should be checked for current signal and evidence freshness.,0,"Review latest signal intelligence, FMP thesis watchlists, and related pull notes.",2026-06-01,2026-06-01,needs_review,,neo4j-blind-spot-graph,2026-06-01
rel:mydata-thesis-hypersonic-weapons-advanced-defense:CANDIDATE_LINK:domain-evidence,mydata:thesis:hypersonic-weapons-advanced-defense,domain:evidence,CANDIDATE_LINK,blind-spot-graph,regime_data_gap,low,0.25,candidate,Thesis has core entities and should be checked for current signal and evidence freshness.,0,"Review latest signal intelligence, FMP thesis watchlists, and related pull notes.",2026-06-01,2026-06-01,needs_review,,neo4j-blind-spot-graph,2026-06-01
rel:mydata-thesis-industrials-sector-basket:CANDIDATE_LINK:domain-evidence,mydata:thesis:industrials-sector-basket,domain:evidence,CANDIDATE_LINK,blind-spot-graph,regime_data_gap,low,0.25,candidate,Thesis has core entities and should be checked for current signal and evidence freshness.,0,"Review latest signal intelligence, FMP thesis watchlists, and related pull notes.",2026-06-01,2026-06-01,needs_review,,neo4j-blind-spot-graph,2026-06-01
rel:mydata-thesis-longevity-aging-biology:CANDIDATE_LINK:domain-evidence,mydata:thesis:longevity-aging-biology,domain:evidence,CANDIDATE_LINK,blind-spot-graph,regime_data_gap,low,0.25,candidate,Thesis has core entities and should be checked for current signal and evidence freshness.,0,"Review latest signal intelligence, FMP thesis watchlists, and related pull notes.",2026-06-01,2026-06-01,needs_review,,neo4j-blind-spot-graph,2026-06-01
rel:mydata-thesis-lynch-style-garp-leaders:CANDIDATE_LINK:domain-evidence,mydata:thesis:lynch-style-garp-leaders,domain:evidence,CANDIDATE_LINK,blind-spot-graph,regime_data_gap,low,0.25,candidate,Thesis has core entities and should be checked for current signal and evidence freshness.,0,"Review latest signal intelligence, FMP thesis watchlists, and related pull notes.",2026-06-01,2026-06-01,needs_review,,neo4j-blind-spot-graph,2026-06-01
rel:mydata-thesis-materials-sector-basket:CANDIDATE_LINK:domain-evidence,mydata:thesis:materials-sector-basket,domain:evidence,CANDIDATE_LINK,blind-spot-graph,regime_data_gap,low,0.25,candidate,Thesis has core entities and should be checked for current signal and evidence freshness.,0,"Review latest signal intelligence, FMP thesis watchlists, and related pull notes.",2026-06-01,2026-06-01,needs_review,,neo4j-blind-spot-graph,2026-06-01
rel:mydata-thesis-nuclear-renaissance-smrs:CANDIDATE_LINK:domain-evidence,mydata:thesis:nuclear-renaissance-smrs,domain:evidence,CANDIDATE_LINK,blind-spot-graph,regime_data_gap,low,0.25,candidate,Thesis has core entities and should be checked for current signal and evidence freshness.,0,"Review latest signal intelligence, FMP thesis watchlists, and related pull notes.",2026-06-01,2026-06-01,needs_review,,neo4j-blind-spot-graph,2026-06-01
rel:mydata-thesis-psychedelic-mental-health-revolution:CANDIDATE_LINK:domain-evidence,mydata:thesis:psychedelic-mental-health-revolution,domain:evidence,CANDIDATE_LINK,blind-spot-graph,regime_data_gap,low,0.25,candidate,Thesis has core entities and should be checked for current signal and evidence freshness.,0,"Review latest signal intelligence, FMP thesis watchlists, and related pull notes.",2026-06-01,2026-06-01,needs_review,,neo4j-blind-spot-graph,2026-06-01
rel:mydata-thesis-quantum-computing:CANDIDATE_LINK:domain-evidence,mydata:thesis:quantum-computing,domain:evidence,CANDIDATE_LINK,blind-spot-graph,regime_data_gap,low,0.25,candidate,Thesis has core entities and should be checked for current signal and evidence freshness.,0,"Review latest signal intelligence, FMP thesis watchlists, and related pull notes.",2026-06-01,2026-06-01,needs_review,,neo4j-blind-spot-graph,2026-06-01
rel:mydata-thesis-real-estate-sector-basket:CANDIDATE_LINK:domain-evidence,mydata:thesis:real-estate-sector-basket,domain:evidence,CANDIDATE_LINK,blind-spot-graph,regime_data_gap,low,0.25,candidate,Thesis has core entities and should be checked for current signal and evidence freshness.,0,"Review latest signal intelligence, FMP thesis watchlists, and related pull notes.",2026-06-01,2026-06-01,needs_review,,neo4j-blind-spot-graph,2026-06-01
rel:mydata-thesis-semiconductor-sovereignty-chips-act:CANDIDATE_LINK:domain-evidence,mydata:thesis:semiconductor-sovereignty-chips-act,domain:evidence,CANDIDATE_LINK,blind-spot-graph,regime_data_gap,low,0.25,candidate,Thesis has core entities and should be checked for current signal and evidence freshness.,0,"Review latest signal intelligence, FMP thesis watchlists, and related pull notes.",2026-06-01,2026-06-01,needs_review,,neo4j-blind-spot-graph,2026-06-01
rel:mydata-thesis-simons-style-quant-momentum-breadth:CANDIDATE_LINK:domain-evidence,mydata:thesis:simons-style-quant-momentum-breadth,domain:evidence,CANDIDATE_LINK,blind-spot-graph,regime_data_gap,low,0.25,candidate,Thesis has core entities and should be checked for current signal and evidence freshness.,0,"Review latest signal intelligence, FMP thesis watchlists, and related pull notes.",2026-06-01,2026-06-01,needs_review,,neo4j-blind-spot-graph,2026-06-01
rel:mydata-thesis-space-domain-awareness:CANDIDATE_LINK:domain-evidence,mydata:thesis:space-domain-awareness,domain:evidence,CANDIDATE_LINK,blind-spot-graph,regime_data_gap,low,0.25,candidate,Thesis has core entities and should be checked for current signal and evidence freshness.,0,"Review latest signal intelligence, FMP thesis watchlists, and related pull notes.",2026-06-01,2026-06-01,needs_review,,neo4j-blind-spot-graph,2026-06-01
rel:mydata-thesis-spy-qqq-entropy-expansion-monitor:CANDIDATE_LINK:domain-evidence,mydata:thesis:spy-qqq-entropy-expansion-monitor,domain:evidence,CANDIDATE_LINK,blind-spot-graph,regime_data_gap,low,0.25,candidate,Thesis has core entities and should be checked for current signal and evidence freshness.,0,"Review latest signal intelligence, FMP thesis watchlists, and related pull notes.",2026-06-01,2026-06-01,needs_review,,neo4j-blind-spot-graph,2026-06-01
rel:mydata-thesis-tech-sector-basket:CANDIDATE_LINK:domain-evidence,mydata:thesis:tech-sector-basket,domain:evidence,CANDIDATE_LINK,blind-spot-graph,regime_data_gap,low,0.25,candidate,Thesis has core entities and should be checked for current signal and evidence freshness.,0,"Review latest signal intelligence, FMP thesis watchlists, and related pull notes.",2026-06-01,2026-06-01,needs_review,,neo4j-blind-spot-graph,2026-06-01
rel:mydata-thesis-utilities-sector-basket:CANDIDATE_LINK:domain-evidence,mydata:thesis:utilities-sector-basket,domain:evidence,CANDIDATE_LINK,blind-spot-graph,regime_data_gap,low,0.25,candidate,Thesis has core entities and should be checked for current signal and evidence freshness.,0,"Review latest signal intelligence, FMP thesis watchlists, and related pull notes.",2026-06-01,2026-06-01,needs_review,,neo4j-blind-spot-graph,2026-06-01
rel:world-bill-ca-ab-412-generative-ai-training-data-copyrighted-materials:CANDIDATE_LINK:world-sector-tech,world:bill:ca-ab-412-generative-ai-training-data-copyrighted-materials,world:sector:tech,CANDIDATE_LINK,blind-spot-graph,frontmatter_gap,low,0.5,candidate,"Policy or politics item targets this sector, but market-impact evidence has not been confirmed.",1,"Find a My_Data pull note, market reaction, or source note that confirms sector impact.",2026-06-01,2026-06-01,needs_review,,neo4j-blind-spot-graph,2026-06-01
rel:world-bill-ca-ab-736-affordable-housing-bond-act-of-2026:CANDIDATE_LINK:world-entity-housing,world:bill:ca-ab-736-affordable-housing-bond-act-of-2026,world:entity:housing,CANDIDATE_LINK,blind-spot-graph,frontmatter_gap,low,0.5,candidate,"Policy or politics item targets this sector, but market-impact evidence has not been confirmed.",1,"Find a My_Data pull note, market reaction, or source note that confirms sector impact.",2026-06-01,2026-06-01,needs_review,,neo4j-blind-spot-graph,2026-06-01
rel:world-bill-ca-sb-903-mental-health-ai:CANDIDATE_LINK:world-sector-tech,world:bill:ca-sb-903-mental-health-ai,world:sector:tech,CANDIDATE_LINK,blind-spot-graph,frontmatter_gap,low,0.5,candidate,"Policy or politics item targets this sector, but market-impact evidence has not been confirmed.",1,"Find a My_Data pull note, market reaction, or source note that confirms sector impact.",2026-06-01,2026-06-01,needs_review,,neo4j-blind-spot-graph,2026-06-01
rel:world-bill-hr-8479-protecting-consumers-from-deceptive-ai-act:CANDIDATE_LINK:world-sector-tech,world:bill:hr-8479-protecting-consumers-from-deceptive-ai-act,world:sector:tech,CANDIDATE_LINK,blind-spot-graph,frontmatter_gap,low,0.5,candidate,"Policy or politics item targets this sector, but market-impact evidence has not been confirmed.",1,"Find a My_Data pull note, market reaction, or source note that confirms sector impact.",2026-06-01,2026-06-01,needs_review,,neo4j-blind-spot-graph,2026-06-01
rel:world-bill-s-4424-ndaa-fy2021-higher-ed-institutional-prohibition:CANDIDATE_LINK:world-sector-defense,world:bill:s-4424-ndaa-fy2021-higher-ed-institutional-prohibition,world:sector:defense,CANDIDATE_LINK,blind-spot-graph,frontmatter_gap,low,0.5,candidate,"Policy or politics item targets this sector, but market-impact evidence has not been confirmed.",1,"Find a My_Data pull note, market reaction, or source note that confirms sector impact.",2026-06-01,2026-06-01,needs_review,,neo4j-blind-spot-graph,2026-06-01
rel:world-bill-s-4459-expanding-appalachia-s-broadband-access-act:CANDIDATE_LINK:world-sector-tech,world:bill:s-4459-expanding-appalachia-s-broadband-access-act,world:sector:tech,CANDIDATE_LINK,blind-spot-graph,frontmatter_gap,low,0.5,candidate,"Policy or politics item targets this sector, but market-impact evidence has not been confirmed.",1,"Find a My_Data pull note, market reaction, or source note that confirms sector impact.",2026-06-01,2026-06-01,needs_review,,neo4j-blind-spot-graph,2026-06-01
rel:world-bill-template-bill:CANDIDATE_LINK:world-sector-tech,world:bill:template-bill,world:sector:tech,CANDIDATE_LINK,blind-spot-graph,frontmatter_gap,low,0.5,candidate,"Policy or politics item targets this sector, but market-impact evidence has not been confirmed.",1,"Find a My_Data pull note, market reaction, or source note that confirms sector impact.",2026-06-01,2026-06-01,needs_review,,neo4j-blind-spot-graph,2026-06-01
rel:world-lobbyingcampaign-template-lobbying-firm:CANDIDATE_LINK:world-sector-primary-client-sectors,world:lobbyingcampaign:template-lobbying-firm,world:sector:primary-client-sectors,CANDIDATE_LINK,blind-spot-graph,frontmatter_gap,low,0.5,candidate,"Policy or politics item targets this sector, but market-impact evidence has not been confirmed.",1,"Find a My_Data pull note, market reaction, or source note that confirms sector impact.",2026-06-01,2026-06-01,needs_review,,neo4j-blind-spot-graph,2026-06-01
rel:world-newsitem-gold-miners-are-a-screaming-buy-here:CANDIDATE_LINK:world-regime-stagflation,world:newsitem:gold-miners-are-a-screaming-buy-here,world:regime:stagflation,CANDIDATE_LINK,blind-spot-graph,source_gap,low,0.25,candidate,News/source item mentions a regime theme without confirmed My_Data evidence.,0,"Confirm with local pull notes, signal intelligence, or event research before promotion.",2026-06-01,2026-06-01,needs_review,,neo4j-blind-spot-graph,2026-06-01
rel:world-newsitem-inbox-ingestion-runbook:CANDIDATE_LINK:world-regime-macro-regime,world:newsitem:inbox-ingestion-runbook,world:regime:macro-regime,CANDIDATE_LINK,blind-spot-graph,source_gap,low,0.25,candidate,News/source item mentions a regime theme without confirmed My_Data evidence.,0,"Confirm with local pull notes, signal intelligence, or event research before promotion.",2026-06-01,2026-06-01,needs_review,,neo4j-blind-spot-graph,2026-06-01
rel:world-newsitem-inbox-ingestion-runbook:CANDIDATE_LINK:world-regime-regime-name,world:newsitem:inbox-ingestion-runbook,world:regime:regime-name,CANDIDATE_LINK,blind-spot-graph,source_gap,low,0.25,candidate,News/source item mentions a regime theme without confirmed My_Data evidence.,0,"Confirm with local pull notes, signal intelligence, or event research before promotion.",2026-06-01,2026-06-01,needs_review,,neo4j-blind-spot-graph,2026-06-01
rel:world-newsitem-inbox-ingestion-runbook:CANDIDATE_LINK:world-regime-risk-on,world:newsitem:inbox-ingestion-runbook,world:regime:risk-on,CANDIDATE_LINK,blind-spot-graph,source_gap,low,0.25,candidate,News/source item mentions a regime theme without confirmed My_Data evidence.,0,"Confirm with local pull notes, signal intelligence, or event research before promotion.",2026-06-01,2026-06-01,needs_review,,neo4j-blind-spot-graph,2026-06-01
rel:world-newsitem-inbox-topic-map:CANDIDATE_LINK:world-regime-macro-regime,world:newsitem:inbox-topic-map,world:regime:macro-regime,CANDIDATE_LINK,blind-spot-graph,source_gap,low,0.25,candidate,News/source item mentions a regime theme without confirmed My_Data evidence.,0,"Confirm with local pull notes, signal intelligence, or event research before promotion.",2026-06-01,2026-06-01,needs_review,,neo4j-blind-spot-graph,2026-06-01
rel:world-newsitem-inbox-topic-map:CANDIDATE_LINK:world-regime-recession,world:newsitem:inbox-topic-map,world:regime:recession,CANDIDATE_LINK,blind-spot-graph,source_gap,low,0.25,candidate,News/source item mentions a regime theme without confirmed My_Data evidence.,0,"Confirm with local pull notes, signal intelligence, or event research before promotion.",2026-06-01,2026-06-01,needs_review,,neo4j-blind-spot-graph,2026-06-01
rel:world-newsitem-readme:CANDIDATE_LINK:world-regime-macro-regime,world:newsitem:readme,world:regime:macro-regime,CANDIDATE_LINK,blind-spot-graph,source_gap,low,0.25,candidate,News/source item mentions a regime theme without confirmed My_Data evidence.,0,"Confirm with local pull notes, signal intelligence, or event research before promotion.",2026-06-01,2026-06-01,needs_review,,neo4j-blind-spot-graph,2026-06-01
rel:world-newsitem-readme:CANDIDATE_LINK:world-regime-rate-cut-cycle,world:newsitem:readme,world:regime:rate-cut-cycle,CANDIDATE_LINK,blind-spot-graph,source_gap,low,0.25,candidate,News/source item mentions a regime theme without confirmed My_Data evidence.,0,"Confirm with local pull notes, signal intelligence, or event research before promotion.",2026-06-01,2026-06-01,needs_review,,neo4j-blind-spot-graph,2026-06-01
rel:world-newsitem-readme:CANDIDATE_LINK:world-regime-rate-hike-cycle,world:newsitem:readme,world:regime:rate-hike-cycle,CANDIDATE_LINK,blind-spot-graph,source_gap,low,0.25,candidate,News/source item mentions a regime theme without confirmed My_Data evidence.,0,"Confirm with local pull notes, signal intelligence, or event research before promotion.",2026-06-01,2026-06-01,needs_review,,neo4j-blind-spot-graph,2026-06-01
rel:world-policyaction-template-observation:CANDIDATE_LINK:world-sector-tech,world:policyaction:template-observation,world:sector:tech,CANDIDATE_LINK,blind-spot-graph,frontmatter_gap,low,0.5,candidate,"Policy or politics item targets this sector, but market-impact evidence has not been confirmed.",1,"Find a My_Data pull note, market reaction, or source note that confirms sector impact.",2026-06-01,2026-06-01,needs_review,,neo4j-blind-spot-graph,2026-06-01
rel:world-policyaction-template-topic:CANDIDATE_LINK:world-sector-tech,world:policyaction:template-topic,world:sector:tech,CANDIDATE_LINK,blind-spot-graph,frontmatter_gap,low,0.5,candidate,"Policy or politics item targets this sector, but market-impact evidence has not been confirmed.",1,"Find a My_Data pull note, market reaction, or source note that confirms sector impact.",2026-06-01,2026-06-01,needs_review,,neo4j-blind-spot-graph,2026-06-01
rel:world-recipient-template-recipient-profile:CANDIDATE_LINK:world-sector-primary-sector-interests,world:recipient:template-recipient-profile,world:sector:primary-sector-interests,CANDIDATE_LINK,blind-spot-graph,frontmatter_gap,low,0.5,candidate,"Policy or politics item targets this sector, but market-impact evidence has not been confirmed.",1,"Find a My_Data pull note, market reaction, or source note that confirms sector impact.",2026-06-01,2026-06-01,needs_review,,neo4j-blind-spot-graph,2026-06-01
rel:world-regime-geopolitical-escalation:CANDIDATE_LINK:world-stock-airo,world:regime:geopolitical-escalation,world:stock:AIRO,CANDIDATE_LINK,blind-spot-graph,frontmatter_gap,low,0.5,candidate,"Stock has sector exposure to a sector touched by this regime, but no direct stock-regime evidence link exists.",1,"Confirm with a fresh signal, pull note, or thesis update that connects the stock to the regime.",2026-06-01,2026-06-01,needs_review,,neo4j-blind-spot-graph,2026-06-01
rel:world-regime-geopolitical-escalation:CANDIDATE_LINK:world-stock-amzn,world:regime:geopolitical-escalation,world:stock:AMZN,CANDIDATE_LINK,blind-spot-graph,frontmatter_gap,low,0.5,candidate,"Stock has sector exposure to a sector touched by this regime, but no direct stock-regime evidence link exists.",1,"Confirm with a fresh signal, pull note, or thesis update that connects the stock to the regime.",2026-06-01,2026-06-01,needs_review,,neo4j-blind-spot-graph,2026-06-01
rel:world-regime-geopolitical-escalation:CANDIDATE_LINK:world-stock-avav,world:regime:geopolitical-escalation,world:stock:AVAV,CANDIDATE_LINK,blind-spot-graph,frontmatter_gap,low,0.5,candidate,"Stock has sector exposure to a sector touched by this regime, but no direct stock-regime evidence link exists.",1,"Confirm with a fresh signal, pull note, or thesis update that connects the stock to the regime.",2026-06-01,2026-06-01,needs_review,,neo4j-blind-spot-graph,2026-06-01
rel:world-regime-geopolitical-escalation:CANDIDATE_LINK:world-stock-blmn,world:regime:geopolitical-escalation,world:stock:BLMN,CANDIDATE_LINK,blind-spot-graph,frontmatter_gap,low,0.5,candidate,"Stock has sector exposure to a sector touched by this regime, but no direct stock-regime evidence link exists.",1,"Confirm with a fresh signal, pull note, or thesis update that connects the stock to the regime.",2026-06-01,2026-06-01,needs_review,,neo4j-blind-spot-graph,2026-06-01
rel:world-regime-geopolitical-escalation:CANDIDATE_LINK:world-stock-cvx,world:regime:geopolitical-escalation,world:stock:CVX,CANDIDATE_LINK,blind-spot-graph,frontmatter_gap,low,0.5,candidate,"Stock has sector exposure to a sector touched by this regime, but no direct stock-regime evidence link exists.",1,"Confirm with a fresh signal, pull note, or thesis update that connects the stock to the regime.",2026-06-01,2026-06-01,needs_review,,neo4j-blind-spot-graph,2026-06-01
rel:world-regime-geopolitical-escalation:CANDIDATE_LINK:world-stock-dhi,world:regime:geopolitical-escalation,world:stock:DHI,CANDIDATE_LINK,blind-spot-graph,frontmatter_gap,low,0.5,candidate,"Stock has sector exposure to a sector touched by this regime, but no direct stock-regime evidence link exists.",1,"Confirm with a fresh signal, pull note, or thesis update that connects the stock to the regime.",2026-06-01,2026-06-01,needs_review,,neo4j-blind-spot-graph,2026-06-01
rel:world-regime-geopolitical-escalation:CANDIDATE_LINK:world-stock-dro-ax,world:regime:geopolitical-escalation,world:stock:DRO_AX,CANDIDATE_LINK,blind-spot-graph,frontmatter_gap,low,0.5,candidate,"Stock has sector exposure to a sector touched by this regime, but no direct stock-regime evidence link exists.",1,"Confirm with a fresh signal, pull note, or thesis update that connects the stock to the regime.",2026-06-01,2026-06-01,needs_review,,neo4j-blind-spot-graph,2026-06-01
rel:world-regime-geopolitical-escalation:CANDIDATE_LINK:world-stock-eqix,world:regime:geopolitical-escalation,world:stock:EQIX,CANDIDATE_LINK,blind-spot-graph,frontmatter_gap,low,0.5,candidate,"Stock has sector exposure to a sector touched by this regime, but no direct stock-regime evidence link exists.",1,"Confirm with a fresh signal, pull note, or thesis update that connects the stock to the regime.",2026-06-01,2026-06-01,needs_review,,neo4j-blind-spot-graph,2026-06-01
rel:world-regime-geopolitical-escalation:CANDIDATE_LINK:world-stock-eslt,world:regime:geopolitical-escalation,world:stock:ESLT,CANDIDATE_LINK,blind-spot-graph,frontmatter_gap,low,0.5,candidate,"Stock has sector exposure to a sector touched by this regime, but no direct stock-regime evidence link exists.",1,"Confirm with a fresh signal, pull note, or thesis update that connects the stock to the regime.",2026-06-01,2026-06-01,needs_review,,neo4j-blind-spot-graph,2026-06-01
rel:world-regime-geopolitical-escalation:CANDIDATE_LINK:world-stock-fcx,world:regime:geopolitical-escalation,world:stock:FCX,CANDIDATE_LINK,blind-spot-graph,frontmatter_gap,low,0.5,candidate,"Stock has sector exposure to a sector touched by this regime, but no direct stock-regime evidence link exists.",1,"Confirm with a fresh signal, pull note, or thesis update that connects the stock to the regime.",2026-06-01,2026-06-01,needs_review,,neo4j-blind-spot-graph,2026-06-01
rel:world-regime-geopolitical-escalation:CANDIDATE_LINK:world-stock-gold,world:regime:geopolitical-escalation,world:stock:GOLD,CANDIDATE_LINK,blind-spot-graph,frontmatter_gap,low,0.5,candidate,"Stock has sector exposure to a sector touched by this regime, but no direct stock-regime evidence link exists.",1,"Confirm with a fresh signal, pull note, or thesis update that connects the stock to the regime.",2026-06-01,2026-06-01,needs_review,,neo4j-blind-spot-graph,2026-06-01
rel:world-regime-geopolitical-escalation:CANDIDATE_LINK:world-stock-iipr,world:regime:geopolitical-escalation,world:stock:IIPR,CANDIDATE_LINK,blind-spot-graph,frontmatter_gap,low,0.5,candidate,"Stock has sector exposure to a sector touched by this regime, but no direct stock-regime evidence link exists.",1,"Confirm with a fresh signal, pull note, or thesis update that connects the stock to the regime.",2026-06-01,2026-06-01,needs_review,,neo4j-blind-spot-graph,2026-06-01
rel:world-regime-geopolitical-escalation:CANDIDATE_LINK:world-stock-ktos,world:regime:geopolitical-escalation,world:stock:KTOS,CANDIDATE_LINK,blind-spot-graph,frontmatter_gap,low,0.5,candidate,"Stock has sector exposure to a sector touched by this regime, but no direct stock-regime evidence link exists.",1,"Confirm with a fresh signal, pull note, or thesis update that connects the stock to the regime.",2026-06-01,2026-06-01,needs_review,,neo4j-blind-spot-graph,2026-06-01
rel:world-regime-geopolitical-escalation:CANDIDATE_LINK:world-stock-len,world:regime:geopolitical-escalation,world:stock:LEN,CANDIDATE_LINK,blind-spot-graph,frontmatter_gap,low,0.5,candidate,"Stock has sector exposure to a sector touched by this regime, but no direct stock-regime evidence link exists.",1,"Confirm with a fresh signal, pull note, or thesis update that connects the stock to the regime.",2026-06-01,2026-06-01,needs_review,,neo4j-blind-spot-graph,2026-06-01
rel:world-regime-geopolitical-escalation:CANDIDATE_LINK:world-stock-lhx,world:regime:geopolitical-escalation,world:stock:LHX,CANDIDATE_LINK,blind-spot-graph,frontmatter_gap,low,0.5,candidate,"Stock has sector exposure to a sector touched by this regime, but no direct stock-regime evidence link exists.",1,"Confirm with a fresh signal, pull note, or thesis update that connects the stock to the regime.",2026-06-01,2026-06-01,needs_review,,neo4j-blind-spot-graph,2026-06-01
rel:world-regime-geopolitical-escalation:CANDIDATE_LINK:world-stock-lin,world:regime:geopolitical-escalation,world:stock:LIN,CANDIDATE_LINK,blind-spot-graph,frontmatter_gap,low,0.5,candidate,"Stock has sector exposure to a sector touched by this regime, but no direct stock-regime evidence link exists.",1,"Confirm with a fresh signal, pull note, or thesis update that connects the stock to the regime.",2026-06-01,2026-06-01,needs_review,,neo4j-blind-spot-graph,2026-06-01
rel:world-regime-geopolitical-escalation:CANDIDATE_LINK:world-stock-lmt,world:regime:geopolitical-escalation,world:stock:LMT,CANDIDATE_LINK,blind-spot-graph,frontmatter_gap,low,0.5,candidate,"Stock has sector exposure to a sector touched by this regime, but no direct stock-regime evidence link exists.",1,"Confirm with a fresh signal, pull note, or thesis update that connects the stock to the regime.",2026-06-01,2026-06-01,needs_review,,neo4j-blind-spot-graph,2026-06-01
rel:world-regime-geopolitical-escalation:CANDIDATE_LINK:world-stock-nem,world:regime:geopolitical-escalation,world:stock:NEM,CANDIDATE_LINK,blind-spot-graph,frontmatter_gap,low,0.5,candidate,"Stock has sector exposure to a sector touched by this regime, but no direct stock-regime evidence link exists.",1,"Confirm with a fresh signal, pull note, or thesis update that connects the stock to the regime.",2026-06-01,2026-06-01,needs_review,,neo4j-blind-spot-graph,2026-06-01
rel:world-regime-geopolitical-escalation:CANDIDATE_LINK:world-stock-noc,world:regime:geopolitical-escalation,world:stock:NOC,CANDIDATE_LINK,blind-spot-graph,frontmatter_gap,low,0.5,candidate,"Stock has sector exposure to a sector touched by this regime, but no direct stock-regime evidence link exists.",1,"Confirm with a fresh signal, pull note, or thesis update that connects the stock to the regime.",2026-06-01,2026-06-01,needs_review,,neo4j-blind-spot-graph,2026-06-01
rel:world-regime-geopolitical-escalation:CANDIDATE_LINK:world-stock-oxy,world:regime:geopolitical-escalation,world:stock:OXY,CANDIDATE_LINK,blind-spot-graph,frontmatter_gap,low,0.5,candidate,"Stock has sector exposure to a sector touched by this regime, but no direct stock-regime evidence link exists.",1,"Confirm with a fresh signal, pull note, or thesis update that connects the stock to the regime.",2026-06-01,2026-06-01,needs_review,,neo4j-blind-spot-graph,2026-06-01
rel:world-regime-geopolitical-escalation:CANDIDATE_LINK:world-stock-pld,world:regime:geopolitical-escalation,world:stock:PLD,CANDIDATE_LINK,blind-spot-graph,frontmatter_gap,low,0.5,candidate,"Stock has sector exposure to a sector touched by this regime, but no direct stock-regime evidence link exists.",1,"Confirm with a fresh signal, pull note, or thesis update that connects the stock to the regime.",2026-06-01,2026-06-01,needs_review,,neo4j-blind-spot-graph,2026-06-01
rel:world-regime-geopolitical-escalation:CANDIDATE_LINK:world-stock-prks,world:regime:geopolitical-escalation,world:stock:PRKS,CANDIDATE_LINK,blind-spot-graph,frontmatter_gap,low,0.5,candidate,"Stock has sector exposure to a sector touched by this regime, but no direct stock-regime evidence link exists.",1,"Confirm with a fresh signal, pull note, or thesis update that connects the stock to the regime.",2026-06-01,2026-06-01,needs_review,,neo4j-blind-spot-graph,2026-06-01
rel:world-regime-geopolitical-escalation:CANDIDATE_LINK:world-stock-rcat,world:regime:geopolitical-escalation,world:stock:RCAT,CANDIDATE_LINK,blind-spot-graph,frontmatter_gap,low,0.5,candidate,"Stock has sector exposure to a sector touched by this regime, but no direct stock-regime evidence link exists.",1,"Confirm with a fresh signal, pull note, or thesis update that connects the stock to the regime.",2026-06-01,2026-06-01,needs_review,,neo4j-blind-spot-graph,2026-06-01
rel:world-regime-geopolitical-escalation:CANDIDATE_LINK:world-stock-rtx,world:regime:geopolitical-escalation,world:stock:RTX,CANDIDATE_LINK,blind-spot-graph,frontmatter_gap,low,0.5,candidate,"Stock has sector exposure to a sector touched by this regime, but no direct stock-regime evidence link exists.",1,"Confirm with a fresh signal, pull note, or thesis update that connects the stock to the regime.",2026-06-01,2026-06-01,needs_review,,neo4j-blind-spot-graph,2026-06-01
rel:world-regime-geopolitical-escalation:CANDIDATE_LINK:world-stock-slb,world:regime:geopolitical-escalation,world:stock:SLB,CANDIDATE_LINK,blind-spot-graph,frontmatter_gap,low,0.5,candidate,"Stock has sector exposure to a sector touched by this regime, but no direct stock-regime evidence link exists.",1,"Confirm with a fresh signal, pull note, or thesis update that connects the stock to the regime.",2026-06-01,2026-06-01,needs_review,,neo4j-blind-spot-graph,2026-06-01
rel:world-regime-geopolitical-escalation:CANDIDATE_LINK:world-stock-tdy,world:regime:geopolitical-escalation,world:stock:TDY,CANDIDATE_LINK,blind-spot-graph,frontmatter_gap,low,0.5,candidate,"Stock has sector exposure to a sector touched by this regime, but no direct stock-regime evidence link exists.",1,"Confirm with a fresh signal, pull note, or thesis update that connects the stock to the regime.",2026-06-01,2026-06-01,needs_review,,neo4j-blind-spot-graph,2026-06-01
rel:world-regime-geopolitical-escalation:CANDIDATE_LINK:world-stock-tsla,world:regime:geopolitical-escalation,world:stock:TSLA,CANDIDATE_LINK,blind-spot-graph,frontmatter_gap,low,0.5,candidate,"Stock has sector exposure to a sector touched by this regime, but no direct stock-regime evidence link exists.",1,"Confirm with a fresh signal, pull note, or thesis update that connects the stock to the regime.",2026-06-01,2026-06-01,needs_review,,neo4j-blind-spot-graph,2026-06-01
rel:world-regime-geopolitical-escalation:CANDIDATE_LINK:world-stock-txt,world:regime:geopolitical-escalation,world:stock:TXT,CANDIDATE_LINK,blind-spot-graph,frontmatter_gap,low,0.5,candidate,"Stock has sector exposure to a sector touched by this regime, but no direct stock-regime evidence link exists.",1,"Confirm with a fresh signal, pull note, or thesis update that connects the stock to the regime.",2026-06-01,2026-06-01,needs_review,,neo4j-blind-spot-graph,2026-06-01
rel:world-regime-geopolitical-escalation:CANDIDATE_LINK:world-stock-umac,world:regime:geopolitical-escalation,world:stock:UMAC,CANDIDATE_LINK,blind-spot-graph,frontmatter_gap,low,0.5,candidate,"Stock has sector exposure to a sector touched by this regime, but no direct stock-regime evidence link exists.",1,"Confirm with a fresh signal, pull note, or thesis update that connects the stock to the regime.",2026-06-01,2026-06-01,needs_review,,neo4j-blind-spot-graph,2026-06-01
rel:world-regime-geopolitical-escalation:CANDIDATE_LINK:world-stock-well,world:regime:geopolitical-escalation,world:stock:WELL,CANDIDATE_LINK,blind-spot-graph,frontmatter_gap,low,0.5,candidate,"Stock has sector exposure to a sector touched by this regime, but no direct stock-regime evidence link exists.",1,"Confirm with a fresh signal, pull note, or thesis update that connects the stock to the regime.",2026-06-01,2026-06-01,needs_review,,neo4j-blind-spot-graph,2026-06-01
rel:world-regime-geopolitical-escalation:CANDIDATE_LINK:world-stock-wpm,world:regime:geopolitical-escalation,world:stock:WPM,CANDIDATE_LINK,blind-spot-graph,frontmatter_gap,low,0.5,candidate,"Stock has sector exposure to a sector touched by this regime, but no direct stock-regime evidence link exists.",1,"Confirm with a fresh signal, pull note, or thesis update that connects the stock to the regime.",2026-06-01,2026-06-01,needs_review,,neo4j-blind-spot-graph,2026-06-01
rel:world-regime-geopolitical-escalation:CANDIDATE_LINK:world-stock-xom,world:regime:geopolitical-escalation,world:stock:XOM,CANDIDATE_LINK,blind-spot-graph,frontmatter_gap,low,0.5,candidate,"Stock has sector exposure to a sector touched by this regime, but no direct stock-regime evidence link exists.",1,"Confirm with a fresh signal, pull note, or thesis update that connects the stock to the regime.",2026-06-01,2026-06-01,needs_review,,neo4j-blind-spot-graph,2026-06-01
rel:world-regime-goldilocks:CANDIDATE_LINK:world-stock-aapl,world:regime:goldilocks,world:stock:AAPL,CANDIDATE_LINK,blind-spot-graph,frontmatter_gap,low,0.5,candidate,"Stock has sector exposure to a sector touched by this regime, but no direct stock-regime evidence link exists.",1,"Confirm with a fresh signal, pull note, or thesis update that connects the stock to the regime.",2026-06-01,2026-06-01,needs_review,,neo4j-blind-spot-graph,2026-06-01
rel:world-regime-goldilocks:CANDIDATE_LINK:world-stock-achr,world:regime:goldilocks,world:stock:ACHR,CANDIDATE_LINK,blind-spot-graph,frontmatter_gap,low,0.5,candidate,"Stock has sector exposure to a sector touched by this regime, but no direct stock-regime evidence link exists.",1,"Confirm with a fresh signal, pull note, or thesis update that connects the stock to the regime.",2026-06-01,2026-06-01,needs_review,,neo4j-blind-spot-graph,2026-06-01
rel:world-regime-goldilocks:CANDIDATE_LINK:world-stock-amsc,world:regime:goldilocks,world:stock:AMSC,CANDIDATE_LINK,blind-spot-graph,frontmatter_gap,low,0.5,candidate,"Stock has sector exposure to a sector touched by this regime, but no direct stock-regime evidence link exists.",1,"Confirm with a fresh signal, pull note, or thesis update that connects the stock to the regime.",2026-06-01,2026-06-01,needs_review,,neo4j-blind-spot-graph,2026-06-01
rel:world-regime-goldilocks:CANDIDATE_LINK:world-stock-amzn,world:regime:goldilocks,world:stock:AMZN,CANDIDATE_LINK,blind-spot-graph,frontmatter_gap,low,0.5,candidate,"Stock has sector exposure to a sector touched by this regime, but no direct stock-regime evidence link exists.",1,"Confirm with a fresh signal, pull note, or thesis update that connects the stock to the regime.",2026-06-01,2026-06-01,needs_review,,neo4j-blind-spot-graph,2026-06-01
rel:world-regime-goldilocks:CANDIDATE_LINK:world-stock-axp,world:regime:goldilocks,world:stock:AXP,CANDIDATE_LINK,blind-spot-graph,frontmatter_gap,low,0.5,candidate,"Stock has sector exposure to a sector touched by this regime, but no direct stock-regime evidence link exists.",1,"Confirm with a fresh signal, pull note, or thesis update that connects the stock to the regime.",2026-06-01,2026-06-01,needs_review,,neo4j-blind-spot-graph,2026-06-01
rel:world-regime-goldilocks:CANDIDATE_LINK:world-stock-blmn,world:regime:goldilocks,world:stock:BLMN,CANDIDATE_LINK,blind-spot-graph,frontmatter_gap,low,0.5,candidate,"Stock has sector exposure to a sector touched by this regime, but no direct stock-regime evidence link exists.",1,"Confirm with a fresh signal, pull note, or thesis update that connects the stock to the regime.",2026-06-01,2026-06-01,needs_review,,neo4j-blind-spot-graph,2026-06-01
rel:world-regime-goldilocks:CANDIDATE_LINK:world-stock-brk-b,world:regime:goldilocks,world:stock:BRK_B,CANDIDATE_LINK,blind-spot-graph,frontmatter_gap,low,0.5,candidate,"Stock has sector exposure to a sector touched by this regime, but no direct stock-regime evidence link exists.",1,"Confirm with a fresh signal, pull note, or thesis update that connects the stock to the regime.",2026-06-01,2026-06-01,needs_review,,neo4j-blind-spot-graph,2026-06-01
rel:world-regime-goldilocks:CANDIDATE_LINK:world-stock-bw,world:regime:goldilocks,world:stock:BW,CANDIDATE_LINK,blind-spot-graph,frontmatter_gap,low,0.5,candidate,"Stock has sector exposure to a sector touched by this regime, but no direct stock-regime evidence link exists.",1,"Confirm with a fresh signal, pull note, or thesis update that connects the stock to the regime.",2026-06-01,2026-06-01,needs_review,,neo4j-blind-spot-graph,2026-06-01
rel:world-regime-goldilocks:CANDIDATE_LINK:world-stock-cat,world:regime:goldilocks,world:stock:CAT,CANDIDATE_LINK,blind-spot-graph,frontmatter_gap,low,0.5,candidate,"Stock has sector exposure to a sector touched by this regime, but no direct stock-regime evidence link exists.",1,"Confirm with a fresh signal, pull note, or thesis update that connects the stock to the regime.",2026-06-01,2026-06-01,needs_review,,neo4j-blind-spot-graph,2026-06-01
rel:world-regime-goldilocks:CANDIDATE_LINK:world-stock-coin,world:regime:goldilocks,world:stock:COIN,CANDIDATE_LINK,blind-spot-graph,frontmatter_gap,low,0.5,candidate,"Stock has sector exposure to a sector touched by this regime, but no direct stock-regime evidence link exists.",1,"Confirm with a fresh signal, pull note, or thesis update that connects the stock to the regime.",2026-06-01,2026-06-01,needs_review,,neo4j-blind-spot-graph,2026-06-01
rel:world-regime-goldilocks:CANDIDATE_LINK:world-stock-dhi,world:regime:goldilocks,world:stock:DHI,CANDIDATE_LINK,blind-spot-graph,frontmatter_gap,low,0.5,candidate,"Stock has sector exposure to a sector touched by this regime, but no direct stock-regime evidence link exists.",1,"Confirm with a fresh signal, pull note, or thesis update that connects the stock to the regime.",2026-06-01,2026-06-01,needs_review,,neo4j-blind-spot-graph,2026-06-01
rel:world-regime-goldilocks:CANDIDATE_LINK:world-stock-dpro,world:regime:goldilocks,world:stock:DPRO,CANDIDATE_LINK,blind-spot-graph,frontmatter_gap,low,0.5,candidate,"Stock has sector exposure to a sector touched by this regime, but no direct stock-regime evidence link exists.",1,"Confirm with a fresh signal, pull note, or thesis update that connects the stock to the regime.",2026-06-01,2026-06-01,needs_review,,neo4j-blind-spot-graph,2026-06-01
rel:world-regime-goldilocks:CANDIDATE_LINK:world-stock-ecpg,world:regime:goldilocks,world:stock:ECPG,CANDIDATE_LINK,blind-spot-graph,frontmatter_gap,low,0.5,candidate,"Stock has sector exposure to a sector touched by this regime, but no direct stock-regime evidence link exists.",1,"Confirm with a fresh signal, pull note, or thesis update that connects the stock to the regime.",2026-06-01,2026-06-01,needs_review,,neo4j-blind-spot-graph,2026-06-01
rel:world-regime-goldilocks:CANDIDATE_LINK:world-stock-eh,world:regime:goldilocks,world:stock:EH,CANDIDATE_LINK,blind-spot-graph,frontmatter_gap,low,0.5,candidate,"Stock has sector exposure to a sector touched by this regime, but no direct stock-regime evidence link exists.",1,"Confirm with a fresh signal, pull note, or thesis update that connects the stock to the regime.",2026-06-01,2026-06-01,needs_review,,neo4j-blind-spot-graph,2026-06-01
rel:world-regime-goldilocks:CANDIDATE_LINK:world-stock-etn,world:regime:goldilocks,world:stock:ETN,CANDIDATE_LINK,blind-spot-graph,frontmatter_gap,low,0.5,candidate,"Stock has sector exposure to a sector touched by this regime, but no direct stock-regime evidence link exists.",1,"Confirm with a fresh signal, pull note, or thesis update that connects the stock to the regime.",2026-06-01,2026-06-01,needs_review,,neo4j-blind-spot-graph,2026-06-01
rel:world-regime-goldilocks:CANDIDATE_LINK:world-stock-evtl,world:regime:goldilocks,world:stock:EVTL,CANDIDATE_LINK,blind-spot-graph,frontmatter_gap,low,0.5,candidate,"Stock has sector exposure to a sector touched by this regime, but no direct stock-regime evidence link exists.",1,"Confirm with a fresh signal, pull note, or thesis update that connects the stock to the regime.",2026-06-01,2026-06-01,needs_review,,neo4j-blind-spot-graph,2026-06-01
rel:world-regime-goldilocks:CANDIDATE_LINK:world-stock-gev,world:regime:goldilocks,world:stock:GEV,CANDIDATE_LINK,blind-spot-graph,frontmatter_gap,low,0.5,candidate,"Stock has sector exposure to a sector touched by this regime, but no direct stock-regime evidence link exists.",1,"Confirm with a fresh signal, pull note, or thesis update that connects the stock to the regime.",2026-06-01,2026-06-01,needs_review,,neo4j-blind-spot-graph,2026-06-01
rel:world-regime-goldilocks:CANDIDATE_LINK:world-stock-gs,world:regime:goldilocks,world:stock:GS,CANDIDATE_LINK,blind-spot-graph,frontmatter_gap,low,0.5,candidate,"Stock has sector exposure to a sector touched by this regime, but no direct stock-regime evidence link exists.",1,"Confirm with a fresh signal, pull note, or thesis update that connects the stock to the regime.",2026-06-01,2026-06-01,needs_review,,neo4j-blind-spot-graph,2026-06-01
rel:world-regime-goldilocks:CANDIDATE_LINK:world-stock-hovr,world:regime:goldilocks,world:stock:HOVR,CANDIDATE_LINK,blind-spot-graph,frontmatter_gap,low,0.5,candidate,"Stock has sector exposure to a sector touched by this regime, but no direct stock-regime evidence link exists.",1,"Confirm with a fresh signal, pull note, or thesis update that connects the stock to the regime.",2026-06-01,2026-06-01,needs_review,,neo4j-blind-spot-graph,2026-06-01
rel:world-regime-goldilocks:CANDIDATE_LINK:world-stock-hubb,world:regime:goldilocks,world:stock:HUBB,CANDIDATE_LINK,blind-spot-graph,frontmatter_gap,low,0.5,candidate,"Stock has sector exposure to a sector touched by this regime, but no direct stock-regime evidence link exists.",1,"Confirm with a fresh signal, pull note, or thesis update that connects the stock to the regime.",2026-06-01,2026-06-01,needs_review,,neo4j-blind-spot-graph,2026-06-01
rel:world-regime-goldilocks:CANDIDATE_LINK:world-stock-joby,world:regime:goldilocks,world:stock:JOBY,CANDIDATE_LINK,blind-spot-graph,frontmatter_gap,low,0.5,candidate,"Stock has sector exposure to a sector touched by this regime, but no direct stock-regime evidence link exists.",1,"Confirm with a fresh signal, pull note, or thesis update that connects the stock to the regime.",2026-06-01,2026-06-01,needs_review,,neo4j-blind-spot-graph,2026-06-01
rel:world-regime-goldilocks:CANDIDATE_LINK:world-stock-jpm,world:regime:goldilocks,world:stock:JPM,CANDIDATE_LINK,blind-spot-graph,frontmatter_gap,low,0.5,candidate,"Stock has sector exposure to a sector touched by this regime, but no direct stock-regime evidence link exists.",1,"Confirm with a fresh signal, pull note, or thesis update that connects the stock to the regime.",2026-06-01,2026-06-01,needs_review,,neo4j-blind-spot-graph,2026-06-01
rel:world-regime-goldilocks:CANDIDATE_LINK:world-stock-len,world:regime:goldilocks,world:stock:LEN,CANDIDATE_LINK,blind-spot-graph,frontmatter_gap,low,0.5,candidate,"Stock has sector exposure to a sector touched by this regime, but no direct stock-regime evidence link exists.",1,"Confirm with a fresh signal, pull note, or thesis update that connects the stock to the regime.",2026-06-01,2026-06-01,needs_review,,neo4j-blind-spot-graph,2026-06-01
rel:world-regime-goldilocks:CANDIDATE_LINK:world-stock-msft,world:regime:goldilocks,world:stock:MSFT,CANDIDATE_LINK,blind-spot-graph,frontmatter_gap,low,0.5,candidate,"Stock has sector exposure to a sector touched by this regime, but no direct stock-regime evidence link exists.",1,"Confirm with a fresh signal, pull note, or thesis update that connects the stock to the regime.",2026-06-01,2026-06-01,needs_review,,neo4j-blind-spot-graph,2026-06-01
rel:world-regime-goldilocks:CANDIDATE_LINK:world-stock-mtz,world:regime:goldilocks,world:stock:MTZ,CANDIDATE_LINK,blind-spot-graph,frontmatter_gap,low,0.5,candidate,"Stock has sector exposure to a sector touched by this regime, but no direct stock-regime evidence link exists.",1,"Confirm with a fresh signal, pull note, or thesis update that connects the stock to the regime.",2026-06-01,2026-06-01,needs_review,,neo4j-blind-spot-graph,2026-06-01
rel:world-regime-goldilocks:CANDIDATE_LINK:world-stock-myrg,world:regime:goldilocks,world:stock:MYRG,CANDIDATE_LINK,blind-spot-graph,frontmatter_gap,low,0.5,candidate,"Stock has sector exposure to a sector touched by this regime, but no direct stock-regime evidence link exists.",1,"Confirm with a fresh signal, pull note, or thesis update that connects the stock to the regime.",2026-06-01,2026-06-01,needs_review,,neo4j-blind-spot-graph,2026-06-01
rel:world-regime-goldilocks:CANDIDATE_LINK:world-stock-nssc,world:regime:goldilocks,world:stock:NSSC,CANDIDATE_LINK,blind-spot-graph,frontmatter_gap,low,0.5,candidate,"Stock has sector exposure to a sector touched by this regime, but no direct stock-regime evidence link exists.",1,"Confirm with a fresh signal, pull note, or thesis update that connects the stock to the regime.",2026-06-01,2026-06-01,needs_review,,neo4j-blind-spot-graph,2026-06-01
rel:world-regime-goldilocks:CANDIDATE_LINK:world-stock-nvda,world:regime:goldilocks,world:stock:NVDA,CANDIDATE_LINK,blind-spot-graph,frontmatter_gap,low,0.5,candidate,"Stock has sector exposure to a sector touched by this regime, but no direct stock-regime evidence link exists.",1,"Confirm with a fresh signal, pull note, or thesis update that connects the stock to the regime.",2026-06-01,2026-06-01,needs_review,,neo4j-blind-spot-graph,2026-06-01
rel:world-regime-goldilocks:CANDIDATE_LINK:world-stock-onds,world:regime:goldilocks,world:stock:ONDS,CANDIDATE_LINK,blind-spot-graph,frontmatter_gap,low,0.5,candidate,"Stock has sector exposure to a sector touched by this regime, but no direct stock-regime evidence link exists.",1,"Confirm with a fresh signal, pull note, or thesis update that connects the stock to the regime.",2026-06-01,2026-06-01,needs_review,,neo4j-blind-spot-graph,2026-06-01
rel:world-regime-goldilocks:CANDIDATE_LINK:world-stock-pdfs,world:regime:goldilocks,world:stock:PDFS,CANDIDATE_LINK,blind-spot-graph,frontmatter_gap,low,0.5,candidate,"Stock has sector exposure to a sector touched by this regime, but no direct stock-regime evidence link exists.",1,"Confirm with a fresh signal, pull note, or thesis update that connects the stock to the regime.",2026-06-01,2026-06-01,needs_review,,neo4j-blind-spot-graph,2026-06-01
rel:world-regime-goldilocks:CANDIDATE_LINK:world-stock-pltr,world:regime:goldilocks,world:stock:PLTR,CANDIDATE_LINK,blind-spot-graph,frontmatter_gap,low,0.5,candidate,"Stock has sector exposure to a sector touched by this regime, but no direct stock-regime evidence link exists.",1,"Confirm with a fresh signal, pull note, or thesis update that connects the stock to the regime.",2026-06-01,2026-06-01,needs_review,,neo4j-blind-spot-graph,2026-06-01
rel:world-regime-goldilocks:CANDIDATE_LINK:world-stock-powl,world:regime:goldilocks,world:stock:POWL,CANDIDATE_LINK,blind-spot-graph,frontmatter_gap,low,0.5,candidate,"Stock has sector exposure to a sector touched by this regime, but no direct stock-regime evidence link exists.",1,"Confirm with a fresh signal, pull note, or thesis update that connects the stock to the regime.",2026-06-01,2026-06-01,needs_review,,neo4j-blind-spot-graph,2026-06-01
rel:world-regime-goldilocks:CANDIDATE_LINK:world-stock-ppih,world:regime:goldilocks,world:stock:PPIH,CANDIDATE_LINK,blind-spot-graph,frontmatter_gap,low,0.5,candidate,"Stock has sector exposure to a sector touched by this regime, but no direct stock-regime evidence link exists.",1,"Confirm with a fresh signal, pull note, or thesis update that connects the stock to the regime.",2026-06-01,2026-06-01,needs_review,,neo4j-blind-spot-graph,2026-06-01
rel:world-regime-goldilocks:CANDIDATE_LINK:world-stock-prks,world:regime:goldilocks,world:stock:PRKS,CANDIDATE_LINK,blind-spot-graph,frontmatter_gap,low,0.5,candidate,"Stock has sector exposure to a sector touched by this regime, but no direct stock-regime evidence link exists.",1,"Confirm with a fresh signal, pull note, or thesis update that connects the stock to the regime.",2026-06-01,2026-06-01,needs_review,,neo4j-blind-spot-graph,2026-06-01
rel:world-regime-goldilocks:CANDIDATE_LINK:world-stock-pwr,world:regime:goldilocks,world:stock:PWR,CANDIDATE_LINK,blind-spot-graph,frontmatter_gap,low,0.5,candidate,"Stock has sector exposure to a sector touched by this regime, but no direct stock-regime evidence link exists.",1,"Confirm with a fresh signal, pull note, or thesis update that connects the stock to the regime.",2026-06-01,2026-06-01,needs_review,,neo4j-blind-spot-graph,2026-06-01
rel:world-regime-goldilocks:CANDIDATE_LINK:world-stock-strl,world:regime:goldilocks,world:stock:STRL,CANDIDATE_LINK,blind-spot-graph,frontmatter_gap,low,0.5,candidate,"Stock has sector exposure to a sector touched by this regime, but no direct stock-regime evidence link exists.",1,"Confirm with a fresh signal, pull note, or thesis update that connects the stock to the regime.",2026-06-01,2026-06-01,needs_review,,neo4j-blind-spot-graph,2026-06-01
rel:world-regime-goldilocks:CANDIDATE_LINK:world-stock-tnc,world:regime:goldilocks,world:stock:TNC,CANDIDATE_LINK,blind-spot-graph,frontmatter_gap,low,0.5,candidate,"Stock has sector exposure to a sector touched by this regime, but no direct stock-regime evidence link exists.",1,"Confirm with a fresh signal, pull note, or thesis update that connects the stock to the regime.",2026-06-01,2026-06-01,needs_review,,neo4j-blind-spot-graph,2026-06-01
rel:world-regime-goldilocks:CANDIDATE_LINK:world-stock-tsla,world:regime:goldilocks,world:stock:TSLA,CANDIDATE_LINK,blind-spot-graph,frontmatter_gap,low,0.5,candidate,"Stock has sector exposure to a sector touched by this regime, but no direct stock-regime evidence link exists.",1,"Confirm with a fresh signal, pull note, or thesis update that connects the stock to the regime.",2026-06-01,2026-06-01,needs_review,,neo4j-blind-spot-graph,2026-06-01
rel:world-regime-goldilocks:CANDIDATE_LINK:world-stock-v,world:regime:goldilocks,world:stock:V,CANDIDATE_LINK,blind-spot-graph,frontmatter_gap,low,0.5,candidate,"Stock has sector exposure to a sector touched by this regime, but no direct stock-regime evidence link exists.",1,"Confirm with a fresh signal, pull note, or thesis update that connects the stock to the regime.",2026-06-01,2026-06-01,needs_review,,neo4j-blind-spot-graph,2026-06-01
rel:world-regime-goldilocks:CANDIDATE_LINK:world-stock-wcc,world:regime:goldilocks,world:stock:WCC,CANDIDATE_LINK,blind-spot-graph,frontmatter_gap,low,0.5,candidate,"Stock has sector exposure to a sector touched by this regime, but no direct stock-regime evidence link exists.",1,"Confirm with a fresh signal, pull note, or thesis update that connects the stock to the regime.",2026-06-01,2026-06-01,needs_review,,neo4j-blind-spot-graph,2026-06-01
rel:world-regime-inflationary-boom:CANDIDATE_LINK:world-stock-achr,world:regime:inflationary-boom,world:stock:ACHR,CANDIDATE_LINK,blind-spot-graph,frontmatter_gap,low,0.5,candidate,"Stock has sector exposure to a sector touched by this regime, but no direct stock-regime evidence link exists.",1,"Confirm with a fresh signal, pull note, or thesis update that connects the stock to the regime.",2026-06-01,2026-06-01,needs_review,,neo4j-blind-spot-graph,2026-06-01
rel:world-regime-inflationary-boom:CANDIDATE_LINK:world-stock-amsc,world:regime:inflationary-boom,world:stock:AMSC,CANDIDATE_LINK,blind-spot-graph,frontmatter_gap,low,0.5,candidate,"Stock has sector exposure to a sector touched by this regime, but no direct stock-regime evidence link exists.",1,"Confirm with a fresh signal, pull note, or thesis update that connects the stock to the regime.",2026-06-01,2026-06-01,needs_review,,neo4j-blind-spot-graph,2026-06-01
rel:world-regime-inflationary-boom:CANDIDATE_LINK:world-stock-axp,world:regime:inflationary-boom,world:stock:AXP,CANDIDATE_LINK,blind-spot-graph,frontmatter_gap,low,0.5,candidate,"Stock has sector exposure to a sector touched by this regime, but no direct stock-regime evidence link exists.",1,"Confirm with a fresh signal, pull note, or thesis update that connects the stock to the regime.",2026-06-01,2026-06-01,needs_review,,neo4j-blind-spot-graph,2026-06-01
rel:world-regime-inflationary-boom:CANDIDATE_LINK:world-stock-brbr,world:regime:inflationary-boom,world:stock:BRBR,CANDIDATE_LINK,blind-spot-graph,frontmatter_gap,low,0.5,candidate,"Stock has sector exposure to a sector touched by this regime, but no direct stock-regime evidence link exists.",1,"Confirm with a fresh signal, pull note, or thesis update that connects the stock to the regime.",2026-06-01,2026-06-01,needs_review,,neo4j-blind-spot-graph,2026-06-01
rel:world-regime-inflationary-boom:CANDIDATE_LINK:world-stock-brk-b,world:regime:inflationary-boom,world:stock:BRK_B,CANDIDATE_LINK,blind-spot-graph,frontmatter_gap,low,0.5,candidate,"Stock has sector exposure to a sector touched by this regime, but no direct stock-regime evidence link exists.",1,"Confirm with a fresh signal, pull note, or thesis update that connects the stock to the regime.",2026-06-01,2026-06-01,needs_review,,neo4j-blind-spot-graph,2026-06-01
rel:world-regime-inflationary-boom:CANDIDATE_LINK:world-stock-bw,world:regime:inflationary-boom,world:stock:BW,CANDIDATE_LINK,blind-spot-graph,frontmatter_gap,low,0.5,candidate,"Stock has sector exposure to a sector touched by this regime, but no direct stock-regime evidence link exists.",1,"Confirm with a fresh signal, pull note, or thesis update that connects the stock to the regime.",2026-06-01,2026-06-01,needs_review,,neo4j-blind-spot-graph,2026-06-01
rel:world-regime-inflationary-boom:CANDIDATE_LINK:world-stock-cat,world:regime:inflationary-boom,world:stock:CAT,CANDIDATE_LINK,blind-spot-graph,frontmatter_gap,low,0.5,candidate,"Stock has sector exposure to a sector touched by this regime, but no direct stock-regime evidence link exists.",1,"Confirm with a fresh signal, pull note, or thesis update that connects the stock to the regime.",2026-06-01,2026-06-01,needs_review,,neo4j-blind-spot-graph,2026-06-01
rel:world-regime-inflationary-boom:CANDIDATE_LINK:world-stock-ceg,world:regime:inflationary-boom,world:stock:CEG,CANDIDATE_LINK,blind-spot-graph,frontmatter_gap,low,0.5,candidate,"Stock has sector exposure to a sector touched by this regime, but no direct stock-regime evidence link exists.",1,"Confirm with a fresh signal, pull note, or thesis update that connects the stock to the regime.",2026-06-01,2026-06-01,needs_review,,neo4j-blind-spot-graph,2026-06-01
rel:world-regime-inflationary-boom:CANDIDATE_LINK:world-stock-coin,world:regime:inflationary-boom,world:stock:COIN,CANDIDATE_LINK,blind-spot-graph,frontmatter_gap,low,0.5,candidate,"Stock has sector exposure to a sector touched by this regime, but no direct stock-regime evidence link exists.",1,"Confirm with a fresh signal, pull note, or thesis update that connects the stock to the regime.",2026-06-01,2026-06-01,needs_review,,neo4j-blind-spot-graph,2026-06-01
rel:world-regime-inflationary-boom:CANDIDATE_LINK:world-stock-cost,world:regime:inflationary-boom,world:stock:COST,CANDIDATE_LINK,blind-spot-graph,frontmatter_gap,low,0.5,candidate,"Stock has sector exposure to a sector touched by this regime, but no direct stock-regime evidence link exists.",1,"Confirm with a fresh signal, pull note, or thesis update that connects the stock to the regime.",2026-06-01,2026-06-01,needs_review,,neo4j-blind-spot-graph,2026-06-01
rel:world-regime-inflationary-boom:CANDIDATE_LINK:world-stock-cvx,world:regime:inflationary-boom,world:stock:CVX,CANDIDATE_LINK,blind-spot-graph,frontmatter_gap,low,0.5,candidate,"Stock has sector exposure to a sector touched by this regime, but no direct stock-regime evidence link exists.",1,"Confirm with a fresh signal, pull note, or thesis update that connects the stock to the regime.",2026-06-01,2026-06-01,needs_review,,neo4j-blind-spot-graph,2026-06-01
rel:world-regime-inflationary-boom:CANDIDATE_LINK:world-stock-dpro,world:regime:inflationary-boom,world:stock:DPRO,CANDIDATE_LINK,blind-spot-graph,frontmatter_gap,low,0.5,candidate,"Stock has sector exposure to a sector touched by this regime, but no direct stock-regime evidence link exists.",1,"Confirm with a fresh signal, pull note, or thesis update that connects the stock to the regime.",2026-06-01,2026-06-01,needs_review,,neo4j-blind-spot-graph,2026-06-01
rel:world-regime-inflationary-boom:CANDIDATE_LINK:world-stock-ecpg,world:regime:inflationary-boom,world:stock:ECPG,CANDIDATE_LINK,blind-spot-graph,frontmatter_gap,low,0.5,candidate,"Stock has sector exposure to a sector touched by this regime, but no direct stock-regime evidence link exists.",1,"Confirm with a fresh signal, pull note, or thesis update that connects the stock to the regime.",2026-06-01,2026-06-01,needs_review,,neo4j-blind-spot-graph,2026-06-01
rel:world-regime-inflationary-boom:CANDIDATE_LINK:world-stock-eh,world:regime:inflationary-boom,world:stock:EH,CANDIDATE_LINK,blind-spot-graph,frontmatter_gap,low,0.5,candidate,"Stock has sector exposure to a sector touched by this regime, but no direct stock-regime evidence link exists.",1,"Confirm with a fresh signal, pull note, or thesis update that connects the stock to the regime.",2026-06-01,2026-06-01,needs_review,,neo4j-blind-spot-graph,2026-06-01
rel:world-regime-inflationary-boom:CANDIDATE_LINK:world-stock-etn,world:regime:inflationary-boom,world:stock:ETN,CANDIDATE_LINK,blind-spot-graph,frontmatter_gap,low,0.5,candidate,"Stock has sector exposure to a sector touched by this regime, but no direct stock-regime evidence link exists.",1,"Confirm with a fresh signal, pull note, or thesis update that connects the stock to the regime.",2026-06-01,2026-06-01,needs_review,,neo4j-blind-spot-graph,2026-06-01
rel:world-regime-inflationary-boom:CANDIDATE_LINK:world-stock-evtl,world:regime:inflationary-boom,world:stock:EVTL,CANDIDATE_LINK,blind-spot-graph,frontmatter_gap,low,0.5,candidate,"Stock has sector exposure to a sector touched by this regime, but no direct stock-regime evidence link exists.",1,"Confirm with a fresh signal, pull note, or thesis update that connects the stock to the regime.",2026-06-01,2026-06-01,needs_review,,neo4j-blind-spot-graph,2026-06-01
rel:world-regime-inflationary-boom:CANDIDATE_LINK:world-stock-fcx,world:regime:inflationary-boom,world:stock:FCX,CANDIDATE_LINK,blind-spot-graph,frontmatter_gap,low,0.5,candidate,"Stock has sector exposure to a sector touched by this regime, but no direct stock-regime evidence link exists.",1,"Confirm with a fresh signal, pull note, or thesis update that connects the stock to the regime.",2026-06-01,2026-06-01,needs_review,,neo4j-blind-spot-graph,2026-06-01
rel:world-regime-inflationary-boom:CANDIDATE_LINK:world-stock-gev,world:regime:inflationary-boom,world:stock:GEV,CANDIDATE_LINK,blind-spot-graph,frontmatter_gap,low,0.5,candidate,"Stock has sector exposure to a sector touched by this regime, but no direct stock-regime evidence link exists.",1,"Confirm with a fresh signal, pull note, or thesis update that connects the stock to the regime.",2026-06-01,2026-06-01,needs_review,,neo4j-blind-spot-graph,2026-06-01
rel:world-regime-inflationary-boom:CANDIDATE_LINK:world-stock-gold,world:regime:inflationary-boom,world:stock:GOLD,CANDIDATE_LINK,blind-spot-graph,frontmatter_gap,low,0.5,candidate,"Stock has sector exposure to a sector touched by this regime, but no direct stock-regime evidence link exists.",1,"Confirm with a fresh signal, pull note, or thesis update that connects the stock to the regime.",2026-06-01,2026-06-01,needs_review,,neo4j-blind-spot-graph,2026-06-01
rel:world-regime-inflationary-boom:CANDIDATE_LINK:world-stock-gs,world:regime:inflationary-boom,world:stock:GS,CANDIDATE_LINK,blind-spot-graph,frontmatter_gap,low,0.5,candidate,"Stock has sector exposure to a sector touched by this regime, but no direct stock-regime evidence link exists.",1,"Confirm with a fresh signal, pull note, or thesis update that connects the stock to the regime.",2026-06-01,2026-06-01,needs_review,,neo4j-blind-spot-graph,2026-06-01
rel:world-regime-inflationary-boom:CANDIDATE_LINK:world-stock-hovr,world:regime:inflationary-boom,world:stock:HOVR,CANDIDATE_LINK,blind-spot-graph,frontmatter_gap,low,0.5,candidate,"Stock has sector exposure to a sector touched by this regime, but no direct stock-regime evidence link exists.",1,"Confirm with a fresh signal, pull note, or thesis update that connects the stock to the regime.",2026-06-01,2026-06-01,needs_review,,neo4j-blind-spot-graph,2026-06-01
rel:world-regime-inflationary-boom:CANDIDATE_LINK:world-stock-hubb,world:regime:inflationary-boom,world:stock:HUBB,CANDIDATE_LINK,blind-spot-graph,frontmatter_gap,low,0.5,candidate,"Stock has sector exposure to a sector touched by this regime, but no direct stock-regime evidence link exists.",1,"Confirm with a fresh signal, pull note, or thesis update that connects the stock to the regime.",2026-06-01,2026-06-01,needs_review,,neo4j-blind-spot-graph,2026-06-01
rel:world-regime-inflationary-boom:CANDIDATE_LINK:world-stock-joby,world:regime:inflationary-boom,world:stock:JOBY,CANDIDATE_LINK,blind-spot-graph,frontmatter_gap,low,0.5,candidate,"Stock has sector exposure to a sector touched by this regime, but no direct stock-regime evidence link exists.",1,"Confirm with a fresh signal, pull note, or thesis update that connects the stock to the regime.",2026-06-01,2026-06-01,needs_review,,neo4j-blind-spot-graph,2026-06-01
rel:world-regime-inflationary-boom:CANDIDATE_LINK:world-stock-jpm,world:regime:inflationary-boom,world:stock:JPM,CANDIDATE_LINK,blind-spot-graph,frontmatter_gap,low,0.5,candidate,"Stock has sector exposure to a sector touched by this regime, but no direct stock-regime evidence link exists.",1,"Confirm with a fresh signal, pull note, or thesis update that connects the stock to the regime.",2026-06-01,2026-06-01,needs_review,,neo4j-blind-spot-graph,2026-06-01
rel:world-regime-inflationary-boom:CANDIDATE_LINK:world-stock-ko,world:regime:inflationary-boom,world:stock:KO,CANDIDATE_LINK,blind-spot-graph,frontmatter_gap,low,0.5,candidate,"Stock has sector exposure to a sector touched by this regime, but no direct stock-regime evidence link exists.",1,"Confirm with a fresh signal, pull note, or thesis update that connects the stock to the regime.",2026-06-01,2026-06-01,needs_review,,neo4j-blind-spot-graph,2026-06-01
rel:world-regime-inflationary-boom:CANDIDATE_LINK:world-stock-lin,world:regime:inflationary-boom,world:stock:LIN,CANDIDATE_LINK,blind-spot-graph,frontmatter_gap,low,0.5,candidate,"Stock has sector exposure to a sector touched by this regime, but no direct stock-regime evidence link exists.",1,"Confirm with a fresh signal, pull note, or thesis update that connects the stock to the regime.",2026-06-01,2026-06-01,needs_review,,neo4j-blind-spot-graph,2026-06-01
rel:world-regime-inflationary-boom:CANDIDATE_LINK:world-stock-mtz,world:regime:inflationary-boom,world:stock:MTZ,CANDIDATE_LINK,blind-spot-graph,frontmatter_gap,low,0.5,candidate,"Stock has sector exposure to a sector touched by this regime, but no direct stock-regime evidence link exists.",1,"Confirm with a fresh signal, pull note, or thesis update that connects the stock to the regime.",2026-06-01,2026-06-01,needs_review,,neo4j-blind-spot-graph,2026-06-01
rel:world-regime-inflationary-boom:CANDIDATE_LINK:world-stock-myrg,world:regime:inflationary-boom,world:stock:MYRG,CANDIDATE_LINK,blind-spot-graph,frontmatter_gap,low,0.5,candidate,"Stock has sector exposure to a sector touched by this regime, but no direct stock-regime evidence link exists.",1,"Confirm with a fresh signal, pull note, or thesis update that connects the stock to the regime.",2026-06-01,2026-06-01,needs_review,,neo4j-blind-spot-graph,2026-06-01
rel:world-regime-inflationary-boom:CANDIDATE_LINK:world-stock-nem,world:regime:inflationary-boom,world:stock:NEM,CANDIDATE_LINK,blind-spot-graph,frontmatter_gap,low,0.5,candidate,"Stock has sector exposure to a sector touched by this regime, but no direct stock-regime evidence link exists.",1,"Confirm with a fresh signal, pull note, or thesis update that connects the stock to the regime.",2026-06-01,2026-06-01,needs_review,,neo4j-blind-spot-graph,2026-06-01
rel:world-regime-inflationary-boom:CANDIDATE_LINK:world-stock-nrg,world:regime:inflationary-boom,world:stock:NRG,CANDIDATE_LINK,blind-spot-graph,frontmatter_gap,low,0.5,candidate,"Stock has sector exposure to a sector touched by this regime, but no direct stock-regime evidence link exists.",1,"Confirm with a fresh signal, pull note, or thesis update that connects the stock to the regime.",2026-06-01,2026-06-01,needs_review,,neo4j-blind-spot-graph,2026-06-01
rel:world-regime-inflationary-boom:CANDIDATE_LINK:world-stock-nssc,world:regime:inflationary-boom,world:stock:NSSC,CANDIDATE_LINK,blind-spot-graph,frontmatter_gap,low,0.5,candidate,"Stock has sector exposure to a sector touched by this regime, but no direct stock-regime evidence link exists.",1,"Confirm with a fresh signal, pull note, or thesis update that connects the stock to the regime.",2026-06-01,2026-06-01,needs_review,,neo4j-blind-spot-graph,2026-06-01
rel:world-regime-inflationary-boom:CANDIDATE_LINK:world-stock-onds,world:regime:inflationary-boom,world:stock:ONDS,CANDIDATE_LINK,blind-spot-graph,frontmatter_gap,low,0.5,candidate,"Stock has sector exposure to a sector touched by this regime, but no direct stock-regime evidence link exists.",1,"Confirm with a fresh signal, pull note, or thesis update that connects the stock to the regime.",2026-06-01,2026-06-01,needs_review,,neo4j-blind-spot-graph,2026-06-01
rel:world-regime-inflationary-boom:CANDIDATE_LINK:world-stock-oxy,world:regime:inflationary-boom,world:stock:OXY,CANDIDATE_LINK,blind-spot-graph,frontmatter_gap,low,0.5,candidate,"Stock has sector exposure to a sector touched by this regime, but no direct stock-regime evidence link exists.",1,"Confirm with a fresh signal, pull note, or thesis update that connects the stock to the regime.",2026-06-01,2026-06-01,needs_review,,neo4j-blind-spot-graph,2026-06-01
rel:world-regime-inflationary-boom:CANDIDATE_LINK:world-stock-pg,world:regime:inflationary-boom,world:stock:PG,CANDIDATE_LINK,blind-spot-graph,frontmatter_gap,low,0.5,candidate,"Stock has sector exposure to a sector touched by this regime, but no direct stock-regime evidence link exists.",1,"Confirm with a fresh signal, pull note, or thesis update that connects the stock to the regime.",2026-06-01,2026-06-01,needs_review,,neo4j-blind-spot-graph,2026-06-01
rel:world-regime-inflationary-boom:CANDIDATE_LINK:world-stock-powl,world:regime:inflationary-boom,world:stock:POWL,CANDIDATE_LINK,blind-spot-graph,frontmatter_gap,low,0.5,candidate,"Stock has sector exposure to a sector touched by this regime, but no direct stock-regime evidence link exists.",1,"Confirm with a fresh signal, pull note, or thesis update that connects the stock to the regime.",2026-06-01,2026-06-01,needs_review,,neo4j-blind-spot-graph,2026-06-01
rel:world-regime-inflationary-boom:CANDIDATE_LINK:world-stock-ppih,world:regime:inflationary-boom,world:stock:PPIH,CANDIDATE_LINK,blind-spot-graph,frontmatter_gap,low,0.5,candidate,"Stock has sector exposure to a sector touched by this regime, but no direct stock-regime evidence link exists.",1,"Confirm with a fresh signal, pull note, or thesis update that connects the stock to the regime.",2026-06-01,2026-06-01,needs_review,,neo4j-blind-spot-graph,2026-06-01
rel:world-regime-inflationary-boom:CANDIDATE_LINK:world-stock-pwr,world:regime:inflationary-boom,world:stock:PWR,CANDIDATE_LINK,blind-spot-graph,frontmatter_gap,low,0.5,candidate,"Stock has sector exposure to a sector touched by this regime, but no direct stock-regime evidence link exists.",1,"Confirm with a fresh signal, pull note, or thesis update that connects the stock to the regime.",2026-06-01,2026-06-01,needs_review,,neo4j-blind-spot-graph,2026-06-01
rel:world-regime-inflationary-boom:CANDIDATE_LINK:world-stock-slb,world:regime:inflationary-boom,world:stock:SLB,CANDIDATE_LINK,blind-spot-graph,frontmatter_gap,low,0.5,candidate,"Stock has sector exposure to a sector touched by this regime, but no direct stock-regime evidence link exists.",1,"Confirm with a fresh signal, pull note, or thesis update that connects the stock to the regime.",2026-06-01,2026-06-01,needs_review,,neo4j-blind-spot-graph,2026-06-01
rel:world-regime-inflationary-boom:CANDIDATE_LINK:world-stock-strl,world:regime:inflationary-boom,world:stock:STRL,CANDIDATE_LINK,blind-spot-graph,frontmatter_gap,low,0.5,candidate,"Stock has sector exposure to a sector touched by this regime, but no direct stock-regime evidence link exists.",1,"Confirm with a fresh signal, pull note, or thesis update that connects the stock to the regime.",2026-06-01,2026-06-01,needs_review,,neo4j-blind-spot-graph,2026-06-01
rel:world-regime-inflationary-boom:CANDIDATE_LINK:world-stock-tnc,world:regime:inflationary-boom,world:stock:TNC,CANDIDATE_LINK,blind-spot-graph,frontmatter_gap,low,0.5,candidate,"Stock has sector exposure to a sector touched by this regime, but no direct stock-regime evidence link exists.",1,"Confirm with a fresh signal, pull note, or thesis update that connects the stock to the regime.",2026-06-01,2026-06-01,needs_review,,neo4j-blind-spot-graph,2026-06-01
rel:world-regime-inflationary-boom:CANDIDATE_LINK:world-stock-v,world:regime:inflationary-boom,world:stock:V,CANDIDATE_LINK,blind-spot-graph,frontmatter_gap,low,0.5,candidate,"Stock has sector exposure to a sector touched by this regime, but no direct stock-regime evidence link exists.",1,"Confirm with a fresh signal, pull note, or thesis update that connects the stock to the regime.",2026-06-01,2026-06-01,needs_review,,neo4j-blind-spot-graph,2026-06-01
rel:world-regime-inflationary-boom:CANDIDATE_LINK:world-stock-vst,world:regime:inflationary-boom,world:stock:VST,CANDIDATE_LINK,blind-spot-graph,frontmatter_gap,low,0.5,candidate,"Stock has sector exposure to a sector touched by this regime, but no direct stock-regime evidence link exists.",1,"Confirm with a fresh signal, pull note, or thesis update that connects the stock to the regime.",2026-06-01,2026-06-01,needs_review,,neo4j-blind-spot-graph,2026-06-01
rel:world-regime-inflationary-boom:CANDIDATE_LINK:world-stock-wcc,world:regime:inflationary-boom,world:stock:WCC,CANDIDATE_LINK,blind-spot-graph,frontmatter_gap,low,0.5,candidate,"Stock has sector exposure to a sector touched by this regime, but no direct stock-regime evidence link exists.",1,"Confirm with a fresh signal, pull note, or thesis update that connects the stock to the regime.",2026-06-01,2026-06-01,needs_review,,neo4j-blind-spot-graph,2026-06-01
rel:world-regime-inflationary-boom:CANDIDATE_LINK:world-stock-wpm,world:regime:inflationary-boom,world:stock:WPM,CANDIDATE_LINK,blind-spot-graph,frontmatter_gap,low,0.5,candidate,"Stock has sector exposure to a sector touched by this regime, but no direct stock-regime evidence link exists.",1,"Confirm with a fresh signal, pull note, or thesis update that connects the stock to the regime.",2026-06-01,2026-06-01,needs_review,,neo4j-blind-spot-graph,2026-06-01
rel:world-regime-inflationary-boom:CANDIDATE_LINK:world-stock-xom,world:regime:inflationary-boom,world:stock:XOM,CANDIDATE_LINK,blind-spot-graph,frontmatter_gap,low,0.5,candidate,"Stock has sector exposure to a sector touched by this regime, but no direct stock-regime evidence link exists.",1,"Confirm with a fresh signal, pull note, or thesis update that connects the stock to the regime.",2026-06-01,2026-06-01,needs_review,,neo4j-blind-spot-graph,2026-06-01
rel:world-regime-rate-cut-cycle:CANDIDATE_LINK:world-stock-aapl,world:regime:rate-cut-cycle,world:stock:AAPL,CANDIDATE_LINK,blind-spot-graph,frontmatter_gap,low,0.5,candidate,"Stock has sector exposure to a sector touched by this regime, but no direct stock-regime evidence link exists.",1,"Confirm with a fresh signal, pull note, or thesis update that connects the stock to the regime.",2026-06-01,2026-06-01,needs_review,,neo4j-blind-spot-graph,2026-06-01
rel:world-regime-rate-cut-cycle:CANDIDATE_LINK:world-stock-amzn,world:regime:rate-cut-cycle,world:stock:AMZN,CANDIDATE_LINK,blind-spot-graph,frontmatter_gap,low,0.5,candidate,"Stock has sector exposure to a sector touched by this regime, but no direct stock-regime evidence link exists.",1,"Confirm with a fresh signal, pull note, or thesis update that connects the stock to the regime.",2026-06-01,2026-06-01,needs_review,,neo4j-blind-spot-graph,2026-06-01
rel:world-regime-rate-cut-cycle:CANDIDATE_LINK:world-stock-axp,world:regime:rate-cut-cycle,world:stock:AXP,CANDIDATE_LINK,blind-spot-graph,frontmatter_gap,low,0.5,candidate,"Stock has sector exposure to a sector touched by this regime, but no direct stock-regime evidence link exists.",1,"Confirm with a fresh signal, pull note, or thesis update that connects the stock to the regime.",2026-06-01,2026-06-01,needs_review,,neo4j-blind-spot-graph,2026-06-01
rel:world-regime-rate-cut-cycle:CANDIDATE_LINK:world-stock-blmn,world:regime:rate-cut-cycle,world:stock:BLMN,CANDIDATE_LINK,blind-spot-graph,frontmatter_gap,low,0.5,candidate,"Stock has sector exposure to a sector touched by this regime, but no direct stock-regime evidence link exists.",1,"Confirm with a fresh signal, pull note, or thesis update that connects the stock to the regime.",2026-06-01,2026-06-01,needs_review,,neo4j-blind-spot-graph,2026-06-01
rel:world-regime-rate-cut-cycle:CANDIDATE_LINK:world-stock-brk-b,world:regime:rate-cut-cycle,world:stock:BRK_B,CANDIDATE_LINK,blind-spot-graph,frontmatter_gap,low,0.5,candidate,"Stock has sector exposure to a sector touched by this regime, but no direct stock-regime evidence link exists.",1,"Confirm with a fresh signal, pull note, or thesis update that connects the stock to the regime.",2026-06-01,2026-06-01,needs_review,,neo4j-blind-spot-graph,2026-06-01
rel:world-regime-rate-cut-cycle:CANDIDATE_LINK:world-stock-coin,world:regime:rate-cut-cycle,world:stock:COIN,CANDIDATE_LINK,blind-spot-graph,frontmatter_gap,low,0.5,candidate,"Stock has sector exposure to a sector touched by this regime, but no direct stock-regime evidence link exists.",1,"Confirm with a fresh signal, pull note, or thesis update that connects the stock to the regime.",2026-06-01,2026-06-01,needs_review,,neo4j-blind-spot-graph,2026-06-01
rel:world-regime-rate-cut-cycle:CANDIDATE_LINK:world-stock-dhi,world:regime:rate-cut-cycle,world:stock:DHI,CANDIDATE_LINK,blind-spot-graph,frontmatter_gap,low,0.5,candidate,"Stock has sector exposure to a sector touched by this regime, but no direct stock-regime evidence link exists.",1,"Confirm with a fresh signal, pull note, or thesis update that connects the stock to the regime.",2026-06-01,2026-06-01,needs_review,,neo4j-blind-spot-graph,2026-06-01
rel:world-regime-rate-cut-cycle:CANDIDATE_LINK:world-stock-ecpg,world:regime:rate-cut-cycle,world:stock:ECPG,CANDIDATE_LINK,blind-spot-graph,frontmatter_gap,low,0.5,candidate,"Stock has sector exposure to a sector touched by this regime, but no direct stock-regime evidence link exists.",1,"Confirm with a fresh signal, pull note, or thesis update that connects the stock to the regime.",2026-06-01,2026-06-01,needs_review,,neo4j-blind-spot-graph,2026-06-01
rel:world-regime-rate-cut-cycle:CANDIDATE_LINK:world-stock-eqix,world:regime:rate-cut-cycle,world:stock:EQIX,CANDIDATE_LINK,blind-spot-graph,frontmatter_gap,low,0.5,candidate,"Stock has sector exposure to a sector touched by this regime, but no direct stock-regime evidence link exists.",1,"Confirm with a fresh signal, pull note, or thesis update that connects the stock to the regime.",2026-06-01,2026-06-01,needs_review,,neo4j-blind-spot-graph,2026-06-01
rel:world-regime-rate-cut-cycle:CANDIDATE_LINK:world-stock-gs,world:regime:rate-cut-cycle,world:stock:GS,CANDIDATE_LINK,blind-spot-graph,frontmatter_gap,low,0.5,candidate,"Stock has sector exposure to a sector touched by this regime, but no direct stock-regime evidence link exists.",1,"Confirm with a fresh signal, pull note, or thesis update that connects the stock to the regime.",2026-06-01,2026-06-01,needs_review,,neo4j-blind-spot-graph,2026-06-01
rel:world-regime-rate-cut-cycle:CANDIDATE_LINK:world-stock-iipr,world:regime:rate-cut-cycle,world:stock:IIPR,CANDIDATE_LINK,blind-spot-graph,frontmatter_gap,low,0.5,candidate,"Stock has sector exposure to a sector touched by this regime, but no direct stock-regime evidence link exists.",1,"Confirm with a fresh signal, pull note, or thesis update that connects the stock to the regime.",2026-06-01,2026-06-01,needs_review,,neo4j-blind-spot-graph,2026-06-01
rel:world-regime-rate-cut-cycle:CANDIDATE_LINK:world-stock-jpm,world:regime:rate-cut-cycle,world:stock:JPM,CANDIDATE_LINK,blind-spot-graph,frontmatter_gap,low,0.5,candidate,"Stock has sector exposure to a sector touched by this regime, but no direct stock-regime evidence link exists.",1,"Confirm with a fresh signal, pull note, or thesis update that connects the stock to the regime.",2026-06-01,2026-06-01,needs_review,,neo4j-blind-spot-graph,2026-06-01
rel:world-regime-rate-cut-cycle:CANDIDATE_LINK:world-stock-len,world:regime:rate-cut-cycle,world:stock:LEN,CANDIDATE_LINK,blind-spot-graph,frontmatter_gap,low,0.5,candidate,"Stock has sector exposure to a sector touched by this regime, but no direct stock-regime evidence link exists.",1,"Confirm with a fresh signal, pull note, or thesis update that connects the stock to the regime.",2026-06-01,2026-06-01,needs_review,,neo4j-blind-spot-graph,2026-06-01
rel:world-regime-rate-cut-cycle:CANDIDATE_LINK:world-stock-msft,world:regime:rate-cut-cycle,world:stock:MSFT,CANDIDATE_LINK,blind-spot-graph,frontmatter_gap,low,0.5,candidate,"Stock has sector exposure to a sector touched by this regime, but no direct stock-regime evidence link exists.",1,"Confirm with a fresh signal, pull note, or thesis update that connects the stock to the regime.",2026-06-01,2026-06-01,needs_review,,neo4j-blind-spot-graph,2026-06-01
rel:world-regime-rate-cut-cycle:CANDIDATE_LINK:world-stock-nvda,world:regime:rate-cut-cycle,world:stock:NVDA,CANDIDATE_LINK,blind-spot-graph,frontmatter_gap,low,0.5,candidate,"Stock has sector exposure to a sector touched by this regime, but no direct stock-regime evidence link exists.",1,"Confirm with a fresh signal, pull note, or thesis update that connects the stock to the regime.",2026-06-01,2026-06-01,needs_review,,neo4j-blind-spot-graph,2026-06-01
rel:world-regime-rate-cut-cycle:CANDIDATE_LINK:world-stock-pdfs,world:regime:rate-cut-cycle,world:stock:PDFS,CANDIDATE_LINK,blind-spot-graph,frontmatter_gap,low,0.5,candidate,"Stock has sector exposure to a sector touched by this regime, but no direct stock-regime evidence link exists.",1,"Confirm with a fresh signal, pull note, or thesis update that connects the stock to the regime.",2026-06-01,2026-06-01,needs_review,,neo4j-blind-spot-graph,2026-06-01
rel:world-regime-rate-cut-cycle:CANDIDATE_LINK:world-stock-pld,world:regime:rate-cut-cycle,world:stock:PLD,CANDIDATE_LINK,blind-spot-graph,frontmatter_gap,low,0.5,candidate,"Stock has sector exposure to a sector touched by this regime, but no direct stock-regime evidence link exists.",1,"Confirm with a fresh signal, pull note, or thesis update that connects the stock to the regime.",2026-06-01,2026-06-01,needs_review,,neo4j-blind-spot-graph,2026-06-01
rel:world-regime-rate-cut-cycle:CANDIDATE_LINK:world-stock-pltr,world:regime:rate-cut-cycle,world:stock:PLTR,CANDIDATE_LINK,blind-spot-graph,frontmatter_gap,low,0.5,candidate,"Stock has sector exposure to a sector touched by this regime, but no direct stock-regime evidence link exists.",1,"Confirm with a fresh signal, pull note, or thesis update that connects the stock to the regime.",2026-06-01,2026-06-01,needs_review,,neo4j-blind-spot-graph,2026-06-01
rel:world-regime-rate-cut-cycle:CANDIDATE_LINK:world-stock-prks,world:regime:rate-cut-cycle,world:stock:PRKS,CANDIDATE_LINK,blind-spot-graph,frontmatter_gap,low,0.5,candidate,"Stock has sector exposure to a sector touched by this regime, but no direct stock-regime evidence link exists.",1,"Confirm with a fresh signal, pull note, or thesis update that connects the stock to the regime.",2026-06-01,2026-06-01,needs_review,,neo4j-blind-spot-graph,2026-06-01
rel:world-regime-rate-cut-cycle:CANDIDATE_LINK:world-stock-tsla,world:regime:rate-cut-cycle,world:stock:TSLA,CANDIDATE_LINK,blind-spot-graph,frontmatter_gap,low,0.5,candidate,"Stock has sector exposure to a sector touched by this regime, but no direct stock-regime evidence link exists.",1,"Confirm with a fresh signal, pull note, or thesis update that connects the stock to the regime.",2026-06-01,2026-06-01,needs_review,,neo4j-blind-spot-graph,2026-06-01
rel:world-regime-rate-cut-cycle:CANDIDATE_LINK:world-stock-v,world:regime:rate-cut-cycle,world:stock:V,CANDIDATE_LINK,blind-spot-graph,frontmatter_gap,low,0.5,candidate,"Stock has sector exposure to a sector touched by this regime, but no direct stock-regime evidence link exists.",1,"Confirm with a fresh signal, pull note, or thesis update that connects the stock to the regime.",2026-06-01,2026-06-01,needs_review,,neo4j-blind-spot-graph,2026-06-01
rel:world-regime-rate-cut-cycle:CANDIDATE_LINK:world-stock-well,world:regime:rate-cut-cycle,world:stock:WELL,CANDIDATE_LINK,blind-spot-graph,frontmatter_gap,low,0.5,candidate,"Stock has sector exposure to a sector touched by this regime, but no direct stock-regime evidence link exists.",1,"Confirm with a fresh signal, pull note, or thesis update that connects the stock to the regime.",2026-06-01,2026-06-01,needs_review,,neo4j-blind-spot-graph,2026-06-01
rel:world-regime-rate-hike-cycle:CANDIDATE_LINK:world-stock-aapl,world:regime:rate-hike-cycle,world:stock:AAPL,CANDIDATE_LINK,blind-spot-graph,frontmatter_gap,low,0.5,candidate,"Stock has sector exposure to a sector touched by this regime, but no direct stock-regime evidence link exists.",1,"Confirm with a fresh signal, pull note, or thesis update that connects the stock to the regime.",2026-06-01,2026-06-01,needs_review,,neo4j-blind-spot-graph,2026-06-01
rel:world-regime-rate-hike-cycle:CANDIDATE_LINK:world-stock-amzn,world:regime:rate-hike-cycle,world:stock:AMZN,CANDIDATE_LINK,blind-spot-graph,frontmatter_gap,low,0.5,candidate,"Stock has sector exposure to a sector touched by this regime, but no direct stock-regime evidence link exists.",1,"Confirm with a fresh signal, pull note, or thesis update that connects the stock to the regime.",2026-06-01,2026-06-01,needs_review,,neo4j-blind-spot-graph,2026-06-01
rel:world-regime-rate-hike-cycle:CANDIDATE_LINK:world-stock-axp,world:regime:rate-hike-cycle,world:stock:AXP,CANDIDATE_LINK,blind-spot-graph,frontmatter_gap,low,0.5,candidate,"Stock has sector exposure to a sector touched by this regime, but no direct stock-regime evidence link exists.",1,"Confirm with a fresh signal, pull note, or thesis update that connects the stock to the regime.",2026-06-01,2026-06-01,needs_review,,neo4j-blind-spot-graph,2026-06-01
rel:world-regime-rate-hike-cycle:CANDIDATE_LINK:world-stock-blmn,world:regime:rate-hike-cycle,world:stock:BLMN,CANDIDATE_LINK,blind-spot-graph,frontmatter_gap,low,0.5,candidate,"Stock has sector exposure to a sector touched by this regime, but no direct stock-regime evidence link exists.",1,"Confirm with a fresh signal, pull note, or thesis update that connects the stock to the regime.",2026-06-01,2026-06-01,needs_review,,neo4j-blind-spot-graph,2026-06-01
rel:world-regime-rate-hike-cycle:CANDIDATE_LINK:world-stock-brk-b,world:regime:rate-hike-cycle,world:stock:BRK_B,CANDIDATE_LINK,blind-spot-graph,frontmatter_gap,low,0.5,candidate,"Stock has sector exposure to a sector touched by this regime, but no direct stock-regime evidence link exists.",1,"Confirm with a fresh signal, pull note, or thesis update that connects the stock to the regime.",2026-06-01,2026-06-01,needs_review,,neo4j-blind-spot-graph,2026-06-01
rel:world-regime-rate-hike-cycle:CANDIDATE_LINK:world-stock-coin,world:regime:rate-hike-cycle,world:stock:COIN,CANDIDATE_LINK,blind-spot-graph,frontmatter_gap,low,0.5,candidate,"Stock has sector exposure to a sector touched by this regime, but no direct stock-regime evidence link exists.",1,"Confirm with a fresh signal, pull note, or thesis update that connects the stock to the regime.",2026-06-01,2026-06-01,needs_review,,neo4j-blind-spot-graph,2026-06-01
rel:world-regime-rate-hike-cycle:CANDIDATE_LINK:world-stock-cvx,world:regime:rate-hike-cycle,world:stock:CVX,CANDIDATE_LINK,blind-spot-graph,frontmatter_gap,low,0.5,candidate,"Stock has sector exposure to a sector touched by this regime, but no direct stock-regime evidence link exists.",1,"Confirm with a fresh signal, pull note, or thesis update that connects the stock to the regime.",2026-06-01,2026-06-01,needs_review,,neo4j-blind-spot-graph,2026-06-01
rel:world-regime-rate-hike-cycle:CANDIDATE_LINK:world-stock-dhi,world:regime:rate-hike-cycle,world:stock:DHI,CANDIDATE_LINK,blind-spot-graph,frontmatter_gap,low,0.5,candidate,"Stock has sector exposure to a sector touched by this regime, but no direct stock-regime evidence link exists.",1,"Confirm with a fresh signal, pull note, or thesis update that connects the stock to the regime.",2026-06-01,2026-06-01,needs_review,,neo4j-blind-spot-graph,2026-06-01
rel:world-regime-rate-hike-cycle:CANDIDATE_LINK:world-stock-ecpg,world:regime:rate-hike-cycle,world:stock:ECPG,CANDIDATE_LINK,blind-spot-graph,frontmatter_gap,low,0.5,candidate,"Stock has sector exposure to a sector touched by this regime, but no direct stock-regime evidence link exists.",1,"Confirm with a fresh signal, pull note, or thesis update that connects the stock to the regime.",2026-06-01,2026-06-01,needs_review,,neo4j-blind-spot-graph,2026-06-01
rel:world-regime-rate-hike-cycle:CANDIDATE_LINK:world-stock-eqix,world:regime:rate-hike-cycle,world:stock:EQIX,CANDIDATE_LINK,blind-spot-graph,frontmatter_gap,low,0.5,candidate,"Stock has sector exposure to a sector touched by this regime, but no direct stock-regime evidence link exists.",1,"Confirm with a fresh signal, pull note, or thesis update that connects the stock to the regime.",2026-06-01,2026-06-01,needs_review,,neo4j-blind-spot-graph,2026-06-01
rel:world-regime-rate-hike-cycle:CANDIDATE_LINK:world-stock-gs,world:regime:rate-hike-cycle,world:stock:GS,CANDIDATE_LINK,blind-spot-graph,frontmatter_gap,low,0.5,candidate,"Stock has sector exposure to a sector touched by this regime, but no direct stock-regime evidence link exists.",1,"Confirm with a fresh signal, pull note, or thesis update that connects the stock to the regime.",2026-06-01,2026-06-01,needs_review,,neo4j-blind-spot-graph,2026-06-01
rel:world-regime-rate-hike-cycle:CANDIDATE_LINK:world-stock-iipr,world:regime:rate-hike-cycle,world:stock:IIPR,CANDIDATE_LINK,blind-spot-graph,frontmatter_gap,low,0.5,candidate,"Stock has sector exposure to a sector touched by this regime, but no direct stock-regime evidence link exists.",1,"Confirm with a fresh signal, pull note, or thesis update that connects the stock to the regime.",2026-06-01,2026-06-01,needs_review,,neo4j-blind-spot-graph,2026-06-01
rel:world-regime-rate-hike-cycle:CANDIDATE_LINK:world-stock-jpm,world:regime:rate-hike-cycle,world:stock:JPM,CANDIDATE_LINK,blind-spot-graph,frontmatter_gap,low,0.5,candidate,"Stock has sector exposure to a sector touched by this regime, but no direct stock-regime evidence link exists.",1,"Confirm with a fresh signal, pull note, or thesis update that connects the stock to the regime.",2026-06-01,2026-06-01,needs_review,,neo4j-blind-spot-graph,2026-06-01
rel:world-regime-rate-hike-cycle:CANDIDATE_LINK:world-stock-len,world:regime:rate-hike-cycle,world:stock:LEN,CANDIDATE_LINK,blind-spot-graph,frontmatter_gap,low,0.5,candidate,"Stock has sector exposure to a sector touched by this regime, but no direct stock-regime evidence link exists.",1,"Confirm with a fresh signal, pull note, or thesis update that connects the stock to the regime.",2026-06-01,2026-06-01,needs_review,,neo4j-blind-spot-graph,2026-06-01
rel:world-regime-rate-hike-cycle:CANDIDATE_LINK:world-stock-msft,world:regime:rate-hike-cycle,world:stock:MSFT,CANDIDATE_LINK,blind-spot-graph,frontmatter_gap,low,0.5,candidate,"Stock has sector exposure to a sector touched by this regime, but no direct stock-regime evidence link exists.",1,"Confirm with a fresh signal, pull note, or thesis update that connects the stock to the regime.",2026-06-01,2026-06-01,needs_review,,neo4j-blind-spot-graph,2026-06-01
rel:world-regime-rate-hike-cycle:CANDIDATE_LINK:world-stock-nvda,world:regime:rate-hike-cycle,world:stock:NVDA,CANDIDATE_LINK,blind-spot-graph,frontmatter_gap,low,0.5,candidate,"Stock has sector exposure to a sector touched by this regime, but no direct stock-regime evidence link exists.",1,"Confirm with a fresh signal, pull note, or thesis update that connects the stock to the regime.",2026-06-01,2026-06-01,needs_review,,neo4j-blind-spot-graph,2026-06-01
rel:world-regime-rate-hike-cycle:CANDIDATE_LINK:world-stock-oxy,world:regime:rate-hike-cycle,world:stock:OXY,CANDIDATE_LINK,blind-spot-graph,frontmatter_gap,low,0.5,candidate,"Stock has sector exposure to a sector touched by this regime, but no direct stock-regime evidence link exists.",1,"Confirm with a fresh signal, pull note, or thesis update that connects the stock to the regime.",2026-06-01,2026-06-01,needs_review,,neo4j-blind-spot-graph,2026-06-01
rel:world-regime-rate-hike-cycle:CANDIDATE_LINK:world-stock-pdfs,world:regime:rate-hike-cycle,world:stock:PDFS,CANDIDATE_LINK,blind-spot-graph,frontmatter_gap,low,0.5,candidate,"Stock has sector exposure to a sector touched by this regime, but no direct stock-regime evidence link exists.",1,"Confirm with a fresh signal, pull note, or thesis update that connects the stock to the regime.",2026-06-01,2026-06-01,needs_review,,neo4j-blind-spot-graph,2026-06-01
rel:world-regime-rate-hike-cycle:CANDIDATE_LINK:world-stock-pld,world:regime:rate-hike-cycle,world:stock:PLD,CANDIDATE_LINK,blind-spot-graph,frontmatter_gap,low,0.5,candidate,"Stock has sector exposure to a sector touched by this regime, but no direct stock-regime evidence link exists.",1,"Confirm with a fresh signal, pull note, or thesis update that connects the stock to the regime.",2026-06-01,2026-06-01,needs_review,,neo4j-blind-spot-graph,2026-06-01
rel:world-regime-rate-hike-cycle:CANDIDATE_LINK:world-stock-pltr,world:regime:rate-hike-cycle,world:stock:PLTR,CANDIDATE_LINK,blind-spot-graph,frontmatter_gap,low,0.5,candidate,"Stock has sector exposure to a sector touched by this regime, but no direct stock-regime evidence link exists.",1,"Confirm with a fresh signal, pull note, or thesis update that connects the stock to the regime.",2026-06-01,2026-06-01,needs_review,,neo4j-blind-spot-graph,2026-06-01
rel:world-regime-rate-hike-cycle:CANDIDATE_LINK:world-stock-prks,world:regime:rate-hike-cycle,world:stock:PRKS,CANDIDATE_LINK,blind-spot-graph,frontmatter_gap,low,0.5,candidate,"Stock has sector exposure to a sector touched by this regime, but no direct stock-regime evidence link exists.",1,"Confirm with a fresh signal, pull note, or thesis update that connects the stock to the regime.",2026-06-01,2026-06-01,needs_review,,neo4j-blind-spot-graph,2026-06-01
rel:world-regime-rate-hike-cycle:CANDIDATE_LINK:world-stock-slb,world:regime:rate-hike-cycle,world:stock:SLB,CANDIDATE_LINK,blind-spot-graph,frontmatter_gap,low,0.5,candidate,"Stock has sector exposure to a sector touched by this regime, but no direct stock-regime evidence link exists.",1,"Confirm with a fresh signal, pull note, or thesis update that connects the stock to the regime.",2026-06-01,2026-06-01,needs_review,,neo4j-blind-spot-graph,2026-06-01
rel:world-regime-rate-hike-cycle:CANDIDATE_LINK:world-stock-tsla,world:regime:rate-hike-cycle,world:stock:TSLA,CANDIDATE_LINK,blind-spot-graph,frontmatter_gap,low,0.5,candidate,"Stock has sector exposure to a sector touched by this regime, but no direct stock-regime evidence link exists.",1,"Confirm with a fresh signal, pull note, or thesis update that connects the stock to the regime.",2026-06-01,2026-06-01,needs_review,,neo4j-blind-spot-graph,2026-06-01
rel:world-regime-rate-hike-cycle:CANDIDATE_LINK:world-stock-v,world:regime:rate-hike-cycle,world:stock:V,CANDIDATE_LINK,blind-spot-graph,frontmatter_gap,low,0.5,candidate,"Stock has sector exposure to a sector touched by this regime, but no direct stock-regime evidence link exists.",1,"Confirm with a fresh signal, pull note, or thesis update that connects the stock to the regime.",2026-06-01,2026-06-01,needs_review,,neo4j-blind-spot-graph,2026-06-01
rel:world-regime-rate-hike-cycle:CANDIDATE_LINK:world-stock-well,world:regime:rate-hike-cycle,world:stock:WELL,CANDIDATE_LINK,blind-spot-graph,frontmatter_gap,low,0.5,candidate,"Stock has sector exposure to a sector touched by this regime, but no direct stock-regime evidence link exists.",1,"Confirm with a fresh signal, pull note, or thesis update that connects the stock to the regime.",2026-06-01,2026-06-01,needs_review,,neo4j-blind-spot-graph,2026-06-01
rel:world-regime-rate-hike-cycle:CANDIDATE_LINK:world-stock-xom,world:regime:rate-hike-cycle,world:stock:XOM,CANDIDATE_LINK,blind-spot-graph,frontmatter_gap,low,0.5,candidate,"Stock has sector exposure to a sector touched by this regime, but no direct stock-regime evidence link exists.",1,"Confirm with a fresh signal, pull note, or thesis update that connects the stock to the regime.",2026-06-01,2026-06-01,needs_review,,neo4j-blind-spot-graph,2026-06-01
rel:world-regime-recession:CANDIDATE_LINK:world-stock-abbv,world:regime:recession,world:stock:ABBV,CANDIDATE_LINK,blind-spot-graph,frontmatter_gap,low,0.5,candidate,"Stock has sector exposure to a sector touched by this regime, but no direct stock-regime evidence link exists.",1,"Confirm with a fresh signal, pull note, or thesis update that connects the stock to the regime.",2026-06-01,2026-06-01,needs_review,,neo4j-blind-spot-graph,2026-06-01
rel:world-regime-recession:CANDIDATE_LINK:world-stock-achr,world:regime:recession,world:stock:ACHR,CANDIDATE_LINK,blind-spot-graph,frontmatter_gap,low,0.5,candidate,"Stock has sector exposure to a sector touched by this regime, but no direct stock-regime evidence link exists.",1,"Confirm with a fresh signal, pull note, or thesis update that connects the stock to the regime.",2026-06-01,2026-06-01,needs_review,,neo4j-blind-spot-graph,2026-06-01
rel:world-regime-recession:CANDIDATE_LINK:world-stock-alks,world:regime:recession,world:stock:ALKS,CANDIDATE_LINK,blind-spot-graph,frontmatter_gap,low,0.5,candidate,"Stock has sector exposure to a sector touched by this regime, but no direct stock-regime evidence link exists.",1,"Confirm with a fresh signal, pull note, or thesis update that connects the stock to the regime.",2026-06-01,2026-06-01,needs_review,,neo4j-blind-spot-graph,2026-06-01
rel:world-regime-recession:CANDIDATE_LINK:world-stock-amsc,world:regime:recession,world:stock:AMSC,CANDIDATE_LINK,blind-spot-graph,frontmatter_gap,low,0.5,candidate,"Stock has sector exposure to a sector touched by this regime, but no direct stock-regime evidence link exists.",1,"Confirm with a fresh signal, pull note, or thesis update that connects the stock to the regime.",2026-06-01,2026-06-01,needs_review,,neo4j-blind-spot-graph,2026-06-01
rel:world-regime-recession:CANDIDATE_LINK:world-stock-amzn,world:regime:recession,world:stock:AMZN,CANDIDATE_LINK,blind-spot-graph,frontmatter_gap,low,0.5,candidate,"Stock has sector exposure to a sector touched by this regime, but no direct stock-regime evidence link exists.",1,"Confirm with a fresh signal, pull note, or thesis update that connects the stock to the regime.",2026-06-01,2026-06-01,needs_review,,neo4j-blind-spot-graph,2026-06-01
rel:world-regime-recession:CANDIDATE_LINK:world-stock-anro,world:regime:recession,world:stock:ANRO,CANDIDATE_LINK,blind-spot-graph,frontmatter_gap,low,0.5,candidate,"Stock has sector exposure to a sector touched by this regime, but no direct stock-regime evidence link exists.",1,"Confirm with a fresh signal, pull note, or thesis update that connects the stock to the regime.",2026-06-01,2026-06-01,needs_review,,neo4j-blind-spot-graph,2026-06-01
rel:world-regime-recession:CANDIDATE_LINK:world-stock-atai,world:regime:recession,world:stock:ATAI,CANDIDATE_LINK,blind-spot-graph,frontmatter_gap,low,0.5,candidate,"Stock has sector exposure to a sector touched by this regime, but no direct stock-regime evidence link exists.",1,"Confirm with a fresh signal, pull note, or thesis update that connects the stock to the regime.",2026-06-01,2026-06-01,needs_review,,neo4j-blind-spot-graph,2026-06-01
rel:world-regime-recession:CANDIDATE_LINK:world-stock-axp,world:regime:recession,world:stock:AXP,CANDIDATE_LINK,blind-spot-graph,frontmatter_gap,low,0.5,candidate,"Stock has sector exposure to a sector touched by this regime, but no direct stock-regime evidence link exists.",1,"Confirm with a fresh signal, pull note, or thesis update that connects the stock to the regime.",2026-06-01,2026-06-01,needs_review,,neo4j-blind-spot-graph,2026-06-01
rel:world-regime-recession:CANDIDATE_LINK:world-stock-blmn,world:regime:recession,world:stock:BLMN,CANDIDATE_LINK,blind-spot-graph,frontmatter_gap,low,0.5,candidate,"Stock has sector exposure to a sector touched by this regime, but no direct stock-regime evidence link exists.",1,"Confirm with a fresh signal, pull note, or thesis update that connects the stock to the regime.",2026-06-01,2026-06-01,needs_review,,neo4j-blind-spot-graph,2026-06-01
rel:world-regime-recession:CANDIDATE_LINK:world-stock-brbr,world:regime:recession,world:stock:BRBR,CANDIDATE_LINK,blind-spot-graph,frontmatter_gap,low,0.5,candidate,"Stock has sector exposure to a sector touched by this regime, but no direct stock-regime evidence link exists.",1,"Confirm with a fresh signal, pull note, or thesis update that connects the stock to the regime.",2026-06-01,2026-06-01,needs_review,,neo4j-blind-spot-graph,2026-06-01
rel:world-regime-recession:CANDIDATE_LINK:world-stock-brk-b,world:regime:recession,world:stock:BRK_B,CANDIDATE_LINK,blind-spot-graph,frontmatter_gap,low,0.5,candidate,"Stock has sector exposure to a sector touched by this regime, but no direct stock-regime evidence link exists.",1,"Confirm with a fresh signal, pull note, or thesis update that connects the stock to the regime.",2026-06-01,2026-06-01,needs_review,,neo4j-blind-spot-graph,2026-06-01
rel:world-regime-recession:CANDIDATE_LINK:world-stock-bw,world:regime:recession,world:stock:BW,CANDIDATE_LINK,blind-spot-graph,frontmatter_gap,low,0.5,candidate,"Stock has sector exposure to a sector touched by this regime, but no direct stock-regime evidence link exists.",1,"Confirm with a fresh signal, pull note, or thesis update that connects the stock to the regime.",2026-06-01,2026-06-01,needs_review,,neo4j-blind-spot-graph,2026-06-01
rel:world-regime-recession:CANDIDATE_LINK:world-stock-cat,world:regime:recession,world:stock:CAT,CANDIDATE_LINK,blind-spot-graph,frontmatter_gap,low,0.5,candidate,"Stock has sector exposure to a sector touched by this regime, but no direct stock-regime evidence link exists.",1,"Confirm with a fresh signal, pull note, or thesis update that connects the stock to the regime.",2026-06-01,2026-06-01,needs_review,,neo4j-blind-spot-graph,2026-06-01
rel:world-regime-recession:CANDIDATE_LINK:world-stock-ceg,world:regime:recession,world:stock:CEG,CANDIDATE_LINK,blind-spot-graph,frontmatter_gap,low,0.5,candidate,"Stock has sector exposure to a sector touched by this regime, but no direct stock-regime evidence link exists.",1,"Confirm with a fresh signal, pull note, or thesis update that connects the stock to the regime.",2026-06-01,2026-06-01,needs_review,,neo4j-blind-spot-graph,2026-06-01
rel:world-regime-recession:CANDIDATE_LINK:world-stock-cmnd,world:regime:recession,world:stock:CMND,CANDIDATE_LINK,blind-spot-graph,frontmatter_gap,low,0.5,candidate,"Stock has sector exposure to a sector touched by this regime, but no direct stock-regime evidence link exists.",1,"Confirm with a fresh signal, pull note, or thesis update that connects the stock to the regime.",2026-06-01,2026-06-01,needs_review,,neo4j-blind-spot-graph,2026-06-01
rel:world-regime-recession:CANDIDATE_LINK:world-stock-cmps,world:regime:recession,world:stock:CMPS,CANDIDATE_LINK,blind-spot-graph,frontmatter_gap,low,0.5,candidate,"Stock has sector exposure to a sector touched by this regime, but no direct stock-regime evidence link exists.",1,"Confirm with a fresh signal, pull note, or thesis update that connects the stock to the regime.",2026-06-01,2026-06-01,needs_review,,neo4j-blind-spot-graph,2026-06-01
rel:world-regime-recession:CANDIDATE_LINK:world-stock-coin,world:regime:recession,world:stock:COIN,CANDIDATE_LINK,blind-spot-graph,frontmatter_gap,low,0.5,candidate,"Stock has sector exposure to a sector touched by this regime, but no direct stock-regime evidence link exists.",1,"Confirm with a fresh signal, pull note, or thesis update that connects the stock to the regime.",2026-06-01,2026-06-01,needs_review,,neo4j-blind-spot-graph,2026-06-01
rel:world-regime-recession:CANDIDATE_LINK:world-stock-cost,world:regime:recession,world:stock:COST,CANDIDATE_LINK,blind-spot-graph,frontmatter_gap,low,0.5,candidate,"Stock has sector exposure to a sector touched by this regime, but no direct stock-regime evidence link exists.",1,"Confirm with a fresh signal, pull note, or thesis update that connects the stock to the regime.",2026-06-01,2026-06-01,needs_review,,neo4j-blind-spot-graph,2026-06-01
rel:world-regime-recession:CANDIDATE_LINK:world-stock-dftx,world:regime:recession,world:stock:DFTX,CANDIDATE_LINK,blind-spot-graph,frontmatter_gap,low,0.5,candidate,"Stock has sector exposure to a sector touched by this regime, but no direct stock-regime evidence link exists.",1,"Confirm with a fresh signal, pull note, or thesis update that connects the stock to the regime.",2026-06-01,2026-06-01,needs_review,,neo4j-blind-spot-graph,2026-06-01
rel:world-regime-recession:CANDIDATE_LINK:world-stock-dhi,world:regime:recession,world:stock:DHI,CANDIDATE_LINK,blind-spot-graph,frontmatter_gap,low,0.5,candidate,"Stock has sector exposure to a sector touched by this regime, but no direct stock-regime evidence link exists.",1,"Confirm with a fresh signal, pull note, or thesis update that connects the stock to the regime.",2026-06-01,2026-06-01,needs_review,,neo4j-blind-spot-graph,2026-06-01
rel:world-regime-recession:CANDIDATE_LINK:world-stock-dpro,world:regime:recession,world:stock:DPRO,CANDIDATE_LINK,blind-spot-graph,frontmatter_gap,low,0.5,candidate,"Stock has sector exposure to a sector touched by this regime, but no direct stock-regime evidence link exists.",1,"Confirm with a fresh signal, pull note, or thesis update that connects the stock to the regime.",2026-06-01,2026-06-01,needs_review,,neo4j-blind-spot-graph,2026-06-01
rel:world-regime-recession:CANDIDATE_LINK:world-stock-drug,world:regime:recession,world:stock:DRUG,CANDIDATE_LINK,blind-spot-graph,frontmatter_gap,low,0.5,candidate,"Stock has sector exposure to a sector touched by this regime, but no direct stock-regime evidence link exists.",1,"Confirm with a fresh signal, pull note, or thesis update that connects the stock to the regime.",2026-06-01,2026-06-01,needs_review,,neo4j-blind-spot-graph,2026-06-01
rel:world-regime-recession:CANDIDATE_LINK:world-stock-ecpg,world:regime:recession,world:stock:ECPG,CANDIDATE_LINK,blind-spot-graph,frontmatter_gap,low,0.5,candidate,"Stock has sector exposure to a sector touched by this regime, but no direct stock-regime evidence link exists.",1,"Confirm with a fresh signal, pull note, or thesis update that connects the stock to the regime.",2026-06-01,2026-06-01,needs_review,,neo4j-blind-spot-graph,2026-06-01
rel:world-regime-recession:CANDIDATE_LINK:world-stock-eh,world:regime:recession,world:stock:EH,CANDIDATE_LINK,blind-spot-graph,frontmatter_gap,low,0.5,candidate,"Stock has sector exposure to a sector touched by this regime, but no direct stock-regime evidence link exists.",1,"Confirm with a fresh signal, pull note, or thesis update that connects the stock to the regime.",2026-06-01,2026-06-01,needs_review,,neo4j-blind-spot-graph,2026-06-01
rel:world-regime-recession:CANDIDATE_LINK:world-stock-envb,world:regime:recession,world:stock:ENVB,CANDIDATE_LINK,blind-spot-graph,frontmatter_gap,low,0.5,candidate,"Stock has sector exposure to a sector touched by this regime, but no direct stock-regime evidence link exists.",1,"Confirm with a fresh signal, pull note, or thesis update that connects the stock to the regime.",2026-06-01,2026-06-01,needs_review,,neo4j-blind-spot-graph,2026-06-01
rel:world-regime-recession:CANDIDATE_LINK:world-stock-etn,world:regime:recession,world:stock:ETN,CANDIDATE_LINK,blind-spot-graph,frontmatter_gap,low,0.5,candidate,"Stock has sector exposure to a sector touched by this regime, but no direct stock-regime evidence link exists.",1,"Confirm with a fresh signal, pull note, or thesis update that connects the stock to the regime.",2026-06-01,2026-06-01,needs_review,,neo4j-blind-spot-graph,2026-06-01
rel:world-regime-recession:CANDIDATE_LINK:world-stock-evtl,world:regime:recession,world:stock:EVTL,CANDIDATE_LINK,blind-spot-graph,frontmatter_gap,low,0.5,candidate,"Stock has sector exposure to a sector touched by this regime, but no direct stock-regime evidence link exists.",1,"Confirm with a fresh signal, pull note, or thesis update that connects the stock to the regime.",2026-06-01,2026-06-01,needs_review,,neo4j-blind-spot-graph,2026-06-01
rel:world-regime-recession:CANDIDATE_LINK:world-stock-fcx,world:regime:recession,world:stock:FCX,CANDIDATE_LINK,blind-spot-graph,frontmatter_gap,low,0.5,candidate,"Stock has sector exposure to a sector touched by this regime, but no direct stock-regime evidence link exists.",1,"Confirm with a fresh signal, pull note, or thesis update that connects the stock to the regime.",2026-06-01,2026-06-01,needs_review,,neo4j-blind-spot-graph,2026-06-01
rel:world-regime-recession:CANDIDATE_LINK:world-stock-gev,world:regime:recession,world:stock:GEV,CANDIDATE_LINK,blind-spot-graph,frontmatter_gap,low,0.5,candidate,"Stock has sector exposure to a sector touched by this regime, but no direct stock-regime evidence link exists.",1,"Confirm with a fresh signal, pull note, or thesis update that connects the stock to the regime.",2026-06-01,2026-06-01,needs_review,,neo4j-blind-spot-graph,2026-06-01
rel:world-regime-recession:CANDIDATE_LINK:world-stock-ghrs,world:regime:recession,world:stock:GHRS,CANDIDATE_LINK,blind-spot-graph,frontmatter_gap,low,0.5,candidate,"Stock has sector exposure to a sector touched by this regime, but no direct stock-regime evidence link exists.",1,"Confirm with a fresh signal, pull note, or thesis update that connects the stock to the regime.",2026-06-01,2026-06-01,needs_review,,neo4j-blind-spot-graph,2026-06-01
rel:world-regime-recession:CANDIDATE_LINK:world-stock-gold,world:regime:recession,world:stock:GOLD,CANDIDATE_LINK,blind-spot-graph,frontmatter_gap,low,0.5,candidate,"Stock has sector exposure to a sector touched by this regime, but no direct stock-regime evidence link exists.",1,"Confirm with a fresh signal, pull note, or thesis update that connects the stock to the regime.",2026-06-01,2026-06-01,needs_review,,neo4j-blind-spot-graph,2026-06-01
rel:world-regime-recession:CANDIDATE_LINK:world-stock-gs,world:regime:recession,world:stock:GS,CANDIDATE_LINK,blind-spot-graph,frontmatter_gap,low,0.5,candidate,"Stock has sector exposure to a sector touched by this regime, but no direct stock-regime evidence link exists.",1,"Confirm with a fresh signal, pull note, or thesis update that connects the stock to the regime.",2026-06-01,2026-06-01,needs_review,,neo4j-blind-spot-graph,2026-06-01
rel:world-regime-recession:CANDIDATE_LINK:world-stock-help,world:regime:recession,world:stock:HELP,CANDIDATE_LINK,blind-spot-graph,frontmatter_gap,low,0.5,candidate,"Stock has sector exposure to a sector touched by this regime, but no direct stock-regime evidence link exists.",1,"Confirm with a fresh signal, pull note, or thesis update that connects the stock to the regime.",2026-06-01,2026-06-01,needs_review,,neo4j-blind-spot-graph,2026-06-01
rel:world-regime-recession:CANDIDATE_LINK:world-stock-hovr,world:regime:recession,world:stock:HOVR,CANDIDATE_LINK,blind-spot-graph,frontmatter_gap,low,0.5,candidate,"Stock has sector exposure to a sector touched by this regime, but no direct stock-regime evidence link exists.",1,"Confirm with a fresh signal, pull note, or thesis update that connects the stock to the regime.",2026-06-01,2026-06-01,needs_review,,neo4j-blind-spot-graph,2026-06-01
rel:world-regime-recession:CANDIDATE_LINK:world-stock-hubb,world:regime:recession,world:stock:HUBB,CANDIDATE_LINK,blind-spot-graph,frontmatter_gap,low,0.5,candidate,"Stock has sector exposure to a sector touched by this regime, but no direct stock-regime evidence link exists.",1,"Confirm with a fresh signal, pull note, or thesis update that connects the stock to the regime.",2026-06-01,2026-06-01,needs_review,,neo4j-blind-spot-graph,2026-06-01
rel:world-regime-recession:CANDIDATE_LINK:world-stock-ixhl,world:regime:recession,world:stock:IXHL,CANDIDATE_LINK,blind-spot-graph,frontmatter_gap,low,0.5,candidate,"Stock has sector exposure to a sector touched by this regime, but no direct stock-regime evidence link exists.",1,"Confirm with a fresh signal, pull note, or thesis update that connects the stock to the regime.",2026-06-01,2026-06-01,needs_review,,neo4j-blind-spot-graph,2026-06-01
rel:world-regime-recession:CANDIDATE_LINK:world-stock-jnj,world:regime:recession,world:stock:JNJ,CANDIDATE_LINK,blind-spot-graph,frontmatter_gap,low,0.5,candidate,"Stock has sector exposure to a sector touched by this regime, but no direct stock-regime evidence link exists.",1,"Confirm with a fresh signal, pull note, or thesis update that connects the stock to the regime.",2026-06-01,2026-06-01,needs_review,,neo4j-blind-spot-graph,2026-06-01
rel:world-regime-recession:CANDIDATE_LINK:world-stock-joby,world:regime:recession,world:stock:JOBY,CANDIDATE_LINK,blind-spot-graph,frontmatter_gap,low,0.5,candidate,"Stock has sector exposure to a sector touched by this regime, but no direct stock-regime evidence link exists.",1,"Confirm with a fresh signal, pull note, or thesis update that connects the stock to the regime.",2026-06-01,2026-06-01,needs_review,,neo4j-blind-spot-graph,2026-06-01
rel:world-regime-recession:CANDIDATE_LINK:world-stock-jpm,world:regime:recession,world:stock:JPM,CANDIDATE_LINK,blind-spot-graph,frontmatter_gap,low,0.5,candidate,"Stock has sector exposure to a sector touched by this regime, but no direct stock-regime evidence link exists.",1,"Confirm with a fresh signal, pull note, or thesis update that connects the stock to the regime.",2026-06-01,2026-06-01,needs_review,,neo4j-blind-spot-graph,2026-06-01
rel:world-regime-recession:CANDIDATE_LINK:world-stock-ko,world:regime:recession,world:stock:KO,CANDIDATE_LINK,blind-spot-graph,frontmatter_gap,low,0.5,candidate,"Stock has sector exposure to a sector touched by this regime, but no direct stock-regime evidence link exists.",1,"Confirm with a fresh signal, pull note, or thesis update that connects the stock to the regime.",2026-06-01,2026-06-01,needs_review,,neo4j-blind-spot-graph,2026-06-01
rel:world-regime-recession:CANDIDATE_LINK:world-stock-ktta,world:regime:recession,world:stock:KTTA,CANDIDATE_LINK,blind-spot-graph,frontmatter_gap,low,0.5,candidate,"Stock has sector exposure to a sector touched by this regime, but no direct stock-regime evidence link exists.",1,"Confirm with a fresh signal, pull note, or thesis update that connects the stock to the regime.",2026-06-01,2026-06-01,needs_review,,neo4j-blind-spot-graph,2026-06-01
rel:world-regime-recession:CANDIDATE_LINK:world-stock-len,world:regime:recession,world:stock:LEN,CANDIDATE_LINK,blind-spot-graph,frontmatter_gap,low,0.5,candidate,"Stock has sector exposure to a sector touched by this regime, but no direct stock-regime evidence link exists.",1,"Confirm with a fresh signal, pull note, or thesis update that connects the stock to the regime.",2026-06-01,2026-06-01,needs_review,,neo4j-blind-spot-graph,2026-06-01
rel:world-regime-recession:CANDIDATE_LINK:world-stock-lin,world:regime:recession,world:stock:LIN,CANDIDATE_LINK,blind-spot-graph,frontmatter_gap,low,0.5,candidate,"Stock has sector exposure to a sector touched by this regime, but no direct stock-regime evidence link exists.",1,"Confirm with a fresh signal, pull note, or thesis update that connects the stock to the regime.",2026-06-01,2026-06-01,needs_review,,neo4j-blind-spot-graph,2026-06-01
rel:world-regime-recession:CANDIDATE_LINK:world-stock-lly,world:regime:recession,world:stock:LLY,CANDIDATE_LINK,blind-spot-graph,frontmatter_gap,low,0.5,candidate,"Stock has sector exposure to a sector touched by this regime, but no direct stock-regime evidence link exists.",1,"Confirm with a fresh signal, pull note, or thesis update that connects the stock to the regime.",2026-06-01,2026-06-01,needs_review,,neo4j-blind-spot-graph,2026-06-01
rel:world-regime-recession:CANDIDATE_LINK:world-stock-mrk,world:regime:recession,world:stock:MRK,CANDIDATE_LINK,blind-spot-graph,frontmatter_gap,low,0.5,candidate,"Stock has sector exposure to a sector touched by this regime, but no direct stock-regime evidence link exists.",1,"Confirm with a fresh signal, pull note, or thesis update that connects the stock to the regime.",2026-06-01,2026-06-01,needs_review,,neo4j-blind-spot-graph,2026-06-01
rel:world-regime-recession:CANDIDATE_LINK:world-stock-mtz,world:regime:recession,world:stock:MTZ,CANDIDATE_LINK,blind-spot-graph,frontmatter_gap,low,0.5,candidate,"Stock has sector exposure to a sector touched by this regime, but no direct stock-regime evidence link exists.",1,"Confirm with a fresh signal, pull note, or thesis update that connects the stock to the regime.",2026-06-01,2026-06-01,needs_review,,neo4j-blind-spot-graph,2026-06-01
rel:world-regime-recession:CANDIDATE_LINK:world-stock-myrg,world:regime:recession,world:stock:MYRG,CANDIDATE_LINK,blind-spot-graph,frontmatter_gap,low,0.5,candidate,"Stock has sector exposure to a sector touched by this regime, but no direct stock-regime evidence link exists.",1,"Confirm with a fresh signal, pull note, or thesis update that connects the stock to the regime.",2026-06-01,2026-06-01,needs_review,,neo4j-blind-spot-graph,2026-06-01
rel:world-regime-recession:CANDIDATE_LINK:world-stock-nbix,world:regime:recession,world:stock:NBIX,CANDIDATE_LINK,blind-spot-graph,frontmatter_gap,low,0.5,candidate,"Stock has sector exposure to a sector touched by this regime, but no direct stock-regime evidence link exists.",1,"Confirm with a fresh signal, pull note, or thesis update that connects the stock to the regime.",2026-06-01,2026-06-01,needs_review,,neo4j-blind-spot-graph,2026-06-01
rel:world-regime-recession:CANDIDATE_LINK:world-stock-nem,world:regime:recession,world:stock:NEM,CANDIDATE_LINK,blind-spot-graph,frontmatter_gap,low,0.5,candidate,"Stock has sector exposure to a sector touched by this regime, but no direct stock-regime evidence link exists.",1,"Confirm with a fresh signal, pull note, or thesis update that connects the stock to the regime.",2026-06-01,2026-06-01,needs_review,,neo4j-blind-spot-graph,2026-06-01
rel:world-regime-recession:CANDIDATE_LINK:world-stock-neup,world:regime:recession,world:stock:NEUP,CANDIDATE_LINK,blind-spot-graph,frontmatter_gap,low,0.5,candidate,"Stock has sector exposure to a sector touched by this regime, but no direct stock-regime evidence link exists.",1,"Confirm with a fresh signal, pull note, or thesis update that connects the stock to the regime.",2026-06-01,2026-06-01,needs_review,,neo4j-blind-spot-graph,2026-06-01
rel:world-regime-recession:CANDIDATE_LINK:world-stock-nktr,world:regime:recession,world:stock:NKTR,CANDIDATE_LINK,blind-spot-graph,frontmatter_gap,low,0.5,candidate,"Stock has sector exposure to a sector touched by this regime, but no direct stock-regime evidence link exists.",1,"Confirm with a fresh signal, pull note, or thesis update that connects the stock to the regime.",2026-06-01,2026-06-01,needs_review,,neo4j-blind-spot-graph,2026-06-01
rel:world-regime-recession:CANDIDATE_LINK:world-stock-nrg,world:regime:recession,world:stock:NRG,CANDIDATE_LINK,blind-spot-graph,frontmatter_gap,low,0.5,candidate,"Stock has sector exposure to a sector touched by this regime, but no direct stock-regime evidence link exists.",1,"Confirm with a fresh signal, pull note, or thesis update that connects the stock to the regime.",2026-06-01,2026-06-01,needs_review,,neo4j-blind-spot-graph,2026-06-01
rel:world-regime-recession:CANDIDATE_LINK:world-stock-nrxp,world:regime:recession,world:stock:NRXP,CANDIDATE_LINK,blind-spot-graph,frontmatter_gap,low,0.5,candidate,"Stock has sector exposure to a sector touched by this regime, but no direct stock-regime evidence link exists.",1,"Confirm with a fresh signal, pull note, or thesis update that connects the stock to the regime.",2026-06-01,2026-06-01,needs_review,,neo4j-blind-spot-graph,2026-06-01
rel:world-regime-recession:CANDIDATE_LINK:world-stock-nssc,world:regime:recession,world:stock:NSSC,CANDIDATE_LINK,blind-spot-graph,frontmatter_gap,low,0.5,candidate,"Stock has sector exposure to a sector touched by this regime, but no direct stock-regime evidence link exists.",1,"Confirm with a fresh signal, pull note, or thesis update that connects the stock to the regime.",2026-06-01,2026-06-01,needs_review,,neo4j-blind-spot-graph,2026-06-01
rel:world-regime-recession:CANDIDATE_LINK:world-stock-numi,world:regime:recession,world:stock:NUMI,CANDIDATE_LINK,blind-spot-graph,frontmatter_gap,low,0.5,candidate,"Stock has sector exposure to a sector touched by this regime, but no direct stock-regime evidence link exists.",1,"Confirm with a fresh signal, pull note, or thesis update that connects the stock to the regime.",2026-06-01,2026-06-01,needs_review,,neo4j-blind-spot-graph,2026-06-01
rel:world-regime-recession:CANDIDATE_LINK:world-stock-onds,world:regime:recession,world:stock:ONDS,CANDIDATE_LINK,blind-spot-graph,frontmatter_gap,low,0.5,candidate,"Stock has sector exposure to a sector touched by this regime, but no direct stock-regime evidence link exists.",1,"Confirm with a fresh signal, pull note, or thesis update that connects the stock to the regime.",2026-06-01,2026-06-01,needs_review,,neo4j-blind-spot-graph,2026-06-01
rel:world-regime-recession:CANDIDATE_LINK:world-stock-pfe,world:regime:recession,world:stock:PFE,CANDIDATE_LINK,blind-spot-graph,frontmatter_gap,low,0.5,candidate,"Stock has sector exposure to a sector touched by this regime, but no direct stock-regime evidence link exists.",1,"Confirm with a fresh signal, pull note, or thesis update that connects the stock to the regime.",2026-06-01,2026-06-01,needs_review,,neo4j-blind-spot-graph,2026-06-01
rel:world-regime-recession:CANDIDATE_LINK:world-stock-pg,world:regime:recession,world:stock:PG,CANDIDATE_LINK,blind-spot-graph,frontmatter_gap,low,0.5,candidate,"Stock has sector exposure to a sector touched by this regime, but no direct stock-regime evidence link exists.",1,"Confirm with a fresh signal, pull note, or thesis update that connects the stock to the regime.",2026-06-01,2026-06-01,needs_review,,neo4j-blind-spot-graph,2026-06-01
rel:world-regime-recession:CANDIDATE_LINK:world-stock-powl,world:regime:recession,world:stock:POWL,CANDIDATE_LINK,blind-spot-graph,frontmatter_gap,low,0.5,candidate,"Stock has sector exposure to a sector touched by this regime, but no direct stock-regime evidence link exists.",1,"Confirm with a fresh signal, pull note, or thesis update that connects the stock to the regime.",2026-06-01,2026-06-01,needs_review,,neo4j-blind-spot-graph,2026-06-01
rel:world-regime-recession:CANDIDATE_LINK:world-stock-ppih,world:regime:recession,world:stock:PPIH,CANDIDATE_LINK,blind-spot-graph,frontmatter_gap,low,0.5,candidate,"Stock has sector exposure to a sector touched by this regime, but no direct stock-regime evidence link exists.",1,"Confirm with a fresh signal, pull note, or thesis update that connects the stock to the regime.",2026-06-01,2026-06-01,needs_review,,neo4j-blind-spot-graph,2026-06-01
rel:world-regime-recession:CANDIDATE_LINK:world-stock-prks,world:regime:recession,world:stock:PRKS,CANDIDATE_LINK,blind-spot-graph,frontmatter_gap,low,0.5,candidate,"Stock has sector exposure to a sector touched by this regime, but no direct stock-regime evidence link exists.",1,"Confirm with a fresh signal, pull note, or thesis update that connects the stock to the regime.",2026-06-01,2026-06-01,needs_review,,neo4j-blind-spot-graph,2026-06-01
rel:world-regime-recession:CANDIDATE_LINK:world-stock-pwr,world:regime:recession,world:stock:PWR,CANDIDATE_LINK,blind-spot-graph,frontmatter_gap,low,0.5,candidate,"Stock has sector exposure to a sector touched by this regime, but no direct stock-regime evidence link exists.",1,"Confirm with a fresh signal, pull note, or thesis update that connects the stock to the regime.",2026-06-01,2026-06-01,needs_review,,neo4j-blind-spot-graph,2026-06-01
rel:world-regime-recession:CANDIDATE_LINK:world-stock-qntm,world:regime:recession,world:stock:QNTM,CANDIDATE_LINK,blind-spot-graph,frontmatter_gap,low,0.5,candidate,"Stock has sector exposure to a sector touched by this regime, but no direct stock-regime evidence link exists.",1,"Confirm with a fresh signal, pull note, or thesis update that connects the stock to the regime.",2026-06-01,2026-06-01,needs_review,,neo4j-blind-spot-graph,2026-06-01
rel:world-regime-recession:CANDIDATE_LINK:world-stock-rlmd,world:regime:recession,world:stock:RLMD,CANDIDATE_LINK,blind-spot-graph,frontmatter_gap,low,0.5,candidate,"Stock has sector exposure to a sector touched by this regime, but no direct stock-regime evidence link exists.",1,"Confirm with a fresh signal, pull note, or thesis update that connects the stock to the regime.",2026-06-01,2026-06-01,needs_review,,neo4j-blind-spot-graph,2026-06-01
rel:world-regime-recession:CANDIDATE_LINK:world-stock-silo,world:regime:recession,world:stock:SILO,CANDIDATE_LINK,blind-spot-graph,frontmatter_gap,low,0.5,candidate,"Stock has sector exposure to a sector touched by this regime, but no direct stock-regime evidence link exists.",1,"Confirm with a fresh signal, pull note, or thesis update that connects the stock to the regime.",2026-06-01,2026-06-01,needs_review,,neo4j-blind-spot-graph,2026-06-01
rel:world-regime-recession:CANDIDATE_LINK:world-stock-stim,world:regime:recession,world:stock:STIM,CANDIDATE_LINK,blind-spot-graph,frontmatter_gap,low,0.5,candidate,"Stock has sector exposure to a sector touched by this regime, but no direct stock-regime evidence link exists.",1,"Confirm with a fresh signal, pull note, or thesis update that connects the stock to the regime.",2026-06-01,2026-06-01,needs_review,,neo4j-blind-spot-graph,2026-06-01
rel:world-regime-recession:CANDIDATE_LINK:world-stock-strl,world:regime:recession,world:stock:STRL,CANDIDATE_LINK,blind-spot-graph,frontmatter_gap,low,0.5,candidate,"Stock has sector exposure to a sector touched by this regime, but no direct stock-regime evidence link exists.",1,"Confirm with a fresh signal, pull note, or thesis update that connects the stock to the regime.",2026-06-01,2026-06-01,needs_review,,neo4j-blind-spot-graph,2026-06-01
rel:world-regime-recession:CANDIDATE_LINK:world-stock-supn,world:regime:recession,world:stock:SUPN,CANDIDATE_LINK,blind-spot-graph,frontmatter_gap,low,0.5,candidate,"Stock has sector exposure to a sector touched by this regime, but no direct stock-regime evidence link exists.",1,"Confirm with a fresh signal, pull note, or thesis update that connects the stock to the regime.",2026-06-01,2026-06-01,needs_review,,neo4j-blind-spot-graph,2026-06-01
rel:world-regime-recession:CANDIDATE_LINK:world-stock-tnc,world:regime:recession,world:stock:TNC,CANDIDATE_LINK,blind-spot-graph,frontmatter_gap,low,0.5,candidate,"Stock has sector exposure to a sector touched by this regime, but no direct stock-regime evidence link exists.",1,"Confirm with a fresh signal, pull note, or thesis update that connects the stock to the regime.",2026-06-01,2026-06-01,needs_review,,neo4j-blind-spot-graph,2026-06-01
rel:world-regime-recession:CANDIDATE_LINK:world-stock-tsla,world:regime:recession,world:stock:TSLA,CANDIDATE_LINK,blind-spot-graph,frontmatter_gap,low,0.5,candidate,"Stock has sector exposure to a sector touched by this regime, but no direct stock-regime evidence link exists.",1,"Confirm with a fresh signal, pull note, or thesis update that connects the stock to the regime.",2026-06-01,2026-06-01,needs_review,,neo4j-blind-spot-graph,2026-06-01
rel:world-regime-recession:CANDIDATE_LINK:world-stock-ufpt,world:regime:recession,world:stock:UFPT,CANDIDATE_LINK,blind-spot-graph,frontmatter_gap,low,0.5,candidate,"Stock has sector exposure to a sector touched by this regime, but no direct stock-regime evidence link exists.",1,"Confirm with a fresh signal, pull note, or thesis update that connects the stock to the regime.",2026-06-01,2026-06-01,needs_review,,neo4j-blind-spot-graph,2026-06-01
rel:world-regime-recession:CANDIDATE_LINK:world-stock-v,world:regime:recession,world:stock:V,CANDIDATE_LINK,blind-spot-graph,frontmatter_gap,low,0.5,candidate,"Stock has sector exposure to a sector touched by this regime, but no direct stock-regime evidence link exists.",1,"Confirm with a fresh signal, pull note, or thesis update that connects the stock to the regime.",2026-06-01,2026-06-01,needs_review,,neo4j-blind-spot-graph,2026-06-01
rel:world-regime-recession:CANDIDATE_LINK:world-stock-vst,world:regime:recession,world:stock:VST,CANDIDATE_LINK,blind-spot-graph,frontmatter_gap,low,0.5,candidate,"Stock has sector exposure to a sector touched by this regime, but no direct stock-regime evidence link exists.",1,"Confirm with a fresh signal, pull note, or thesis update that connects the stock to the regime.",2026-06-01,2026-06-01,needs_review,,neo4j-blind-spot-graph,2026-06-01
rel:world-regime-recession:CANDIDATE_LINK:world-stock-vtgn,world:regime:recession,world:stock:VTGN,CANDIDATE_LINK,blind-spot-graph,frontmatter_gap,low,0.5,candidate,"Stock has sector exposure to a sector touched by this regime, but no direct stock-regime evidence link exists.",1,"Confirm with a fresh signal, pull note, or thesis update that connects the stock to the regime.",2026-06-01,2026-06-01,needs_review,,neo4j-blind-spot-graph,2026-06-01
rel:world-regime-recession:CANDIDATE_LINK:world-stock-wcc,world:regime:recession,world:stock:WCC,CANDIDATE_LINK,blind-spot-graph,frontmatter_gap,low,0.5,candidate,"Stock has sector exposure to a sector touched by this regime, but no direct stock-regime evidence link exists.",1,"Confirm with a fresh signal, pull note, or thesis update that connects the stock to the regime.",2026-06-01,2026-06-01,needs_review,,neo4j-blind-spot-graph,2026-06-01
rel:world-regime-recession:CANDIDATE_LINK:world-stock-wpm,world:regime:recession,world:stock:WPM,CANDIDATE_LINK,blind-spot-graph,frontmatter_gap,low,0.5,candidate,"Stock has sector exposure to a sector touched by this regime, but no direct stock-regime evidence link exists.",1,"Confirm with a fresh signal, pull note, or thesis update that connects the stock to the regime.",2026-06-01,2026-06-01,needs_review,,neo4j-blind-spot-graph,2026-06-01
rel:world-regime-risk-off:CANDIDATE_LINK:world-stock-aapl,world:regime:risk-off,world:stock:AAPL,CANDIDATE_LINK,blind-spot-graph,frontmatter_gap,low,0.5,candidate,"Stock has sector exposure to a sector touched by this regime, but no direct stock-regime evidence link exists.",1,"Confirm with a fresh signal, pull note, or thesis update that connects the stock to the regime.",2026-06-01,2026-06-01,needs_review,,neo4j-blind-spot-graph,2026-06-01
rel:world-regime-risk-off:CANDIDATE_LINK:world-stock-abbv,world:regime:risk-off,world:stock:ABBV,CANDIDATE_LINK,blind-spot-graph,frontmatter_gap,low,0.5,candidate,"Stock has sector exposure to a sector touched by this regime, but no direct stock-regime evidence link exists.",1,"Confirm with a fresh signal, pull note, or thesis update that connects the stock to the regime.",2026-06-01,2026-06-01,needs_review,,neo4j-blind-spot-graph,2026-06-01
rel:world-regime-risk-off:CANDIDATE_LINK:world-stock-achr,world:regime:risk-off,world:stock:ACHR,CANDIDATE_LINK,blind-spot-graph,frontmatter_gap,low,0.5,candidate,"Stock has sector exposure to a sector touched by this regime, but no direct stock-regime evidence link exists.",1,"Confirm with a fresh signal, pull note, or thesis update that connects the stock to the regime.",2026-06-01,2026-06-01,needs_review,,neo4j-blind-spot-graph,2026-06-01
rel:world-regime-risk-off:CANDIDATE_LINK:world-stock-alks,world:regime:risk-off,world:stock:ALKS,CANDIDATE_LINK,blind-spot-graph,frontmatter_gap,low,0.5,candidate,"Stock has sector exposure to a sector touched by this regime, but no direct stock-regime evidence link exists.",1,"Confirm with a fresh signal, pull note, or thesis update that connects the stock to the regime.",2026-06-01,2026-06-01,needs_review,,neo4j-blind-spot-graph,2026-06-01
rel:world-regime-risk-off:CANDIDATE_LINK:world-stock-amsc,world:regime:risk-off,world:stock:AMSC,CANDIDATE_LINK,blind-spot-graph,frontmatter_gap,low,0.5,candidate,"Stock has sector exposure to a sector touched by this regime, but no direct stock-regime evidence link exists.",1,"Confirm with a fresh signal, pull note, or thesis update that connects the stock to the regime.",2026-06-01,2026-06-01,needs_review,,neo4j-blind-spot-graph,2026-06-01
rel:world-regime-risk-off:CANDIDATE_LINK:world-stock-amzn,world:regime:risk-off,world:stock:AMZN,CANDIDATE_LINK,blind-spot-graph,frontmatter_gap,low,0.5,candidate,"Stock has sector exposure to a sector touched by this regime, but no direct stock-regime evidence link exists.",1,"Confirm with a fresh signal, pull note, or thesis update that connects the stock to the regime.",2026-06-01,2026-06-01,needs_review,,neo4j-blind-spot-graph,2026-06-01
rel:world-regime-risk-off:CANDIDATE_LINK:world-stock-anro,world:regime:risk-off,world:stock:ANRO,CANDIDATE_LINK,blind-spot-graph,frontmatter_gap,low,0.5,candidate,"Stock has sector exposure to a sector touched by this regime, but no direct stock-regime evidence link exists.",1,"Confirm with a fresh signal, pull note, or thesis update that connects the stock to the regime.",2026-06-01,2026-06-01,needs_review,,neo4j-blind-spot-graph,2026-06-01
rel:world-regime-risk-off:CANDIDATE_LINK:world-stock-atai,world:regime:risk-off,world:stock:ATAI,CANDIDATE_LINK,blind-spot-graph,frontmatter_gap,low,0.5,candidate,"Stock has sector exposure to a sector touched by this regime, but no direct stock-regime evidence link exists.",1,"Confirm with a fresh signal, pull note, or thesis update that connects the stock to the regime.",2026-06-01,2026-06-01,needs_review,,neo4j-blind-spot-graph,2026-06-01
rel:world-regime-risk-off:CANDIDATE_LINK:world-stock-blmn,world:regime:risk-off,world:stock:BLMN,CANDIDATE_LINK,blind-spot-graph,frontmatter_gap,low,0.5,candidate,"Stock has sector exposure to a sector touched by this regime, but no direct stock-regime evidence link exists.",1,"Confirm with a fresh signal, pull note, or thesis update that connects the stock to the regime.",2026-06-01,2026-06-01,needs_review,,neo4j-blind-spot-graph,2026-06-01
rel:world-regime-risk-off:CANDIDATE_LINK:world-stock-brbr,world:regime:risk-off,world:stock:BRBR,CANDIDATE_LINK,blind-spot-graph,frontmatter_gap,low,0.5,candidate,"Stock has sector exposure to a sector touched by this regime, but no direct stock-regime evidence link exists.",1,"Confirm with a fresh signal, pull note, or thesis update that connects the stock to the regime.",2026-06-01,2026-06-01,needs_review,,neo4j-blind-spot-graph,2026-06-01
rel:world-regime-risk-off:CANDIDATE_LINK:world-stock-bw,world:regime:risk-off,world:stock:BW,CANDIDATE_LINK,blind-spot-graph,frontmatter_gap,low,0.5,candidate,"Stock has sector exposure to a sector touched by this regime, but no direct stock-regime evidence link exists.",1,"Confirm with a fresh signal, pull note, or thesis update that connects the stock to the regime.",2026-06-01,2026-06-01,needs_review,,neo4j-blind-spot-graph,2026-06-01
rel:world-regime-risk-off:CANDIDATE_LINK:world-stock-cat,world:regime:risk-off,world:stock:CAT,CANDIDATE_LINK,blind-spot-graph,frontmatter_gap,low,0.5,candidate,"Stock has sector exposure to a sector touched by this regime, but no direct stock-regime evidence link exists.",1,"Confirm with a fresh signal, pull note, or thesis update that connects the stock to the regime.",2026-06-01,2026-06-01,needs_review,,neo4j-blind-spot-graph,2026-06-01
rel:world-regime-risk-off:CANDIDATE_LINK:world-stock-ceg,world:regime:risk-off,world:stock:CEG,CANDIDATE_LINK,blind-spot-graph,frontmatter_gap,low,0.5,candidate,"Stock has sector exposure to a sector touched by this regime, but no direct stock-regime evidence link exists.",1,"Confirm with a fresh signal, pull note, or thesis update that connects the stock to the regime.",2026-06-01,2026-06-01,needs_review,,neo4j-blind-spot-graph,2026-06-01
rel:world-regime-risk-off:CANDIDATE_LINK:world-stock-cmnd,world:regime:risk-off,world:stock:CMND,CANDIDATE_LINK,blind-spot-graph,frontmatter_gap,low,0.5,candidate,"Stock has sector exposure to a sector touched by this regime, but no direct stock-regime evidence link exists.",1,"Confirm with a fresh signal, pull note, or thesis update that connects the stock to the regime.",2026-06-01,2026-06-01,needs_review,,neo4j-blind-spot-graph,2026-06-01
rel:world-regime-risk-off:CANDIDATE_LINK:world-stock-cmps,world:regime:risk-off,world:stock:CMPS,CANDIDATE_LINK,blind-spot-graph,frontmatter_gap,low,0.5,candidate,"Stock has sector exposure to a sector touched by this regime, but no direct stock-regime evidence link exists.",1,"Confirm with a fresh signal, pull note, or thesis update that connects the stock to the regime.",2026-06-01,2026-06-01,needs_review,,neo4j-blind-spot-graph,2026-06-01
rel:world-regime-risk-off:CANDIDATE_LINK:world-stock-cost,world:regime:risk-off,world:stock:COST,CANDIDATE_LINK,blind-spot-graph,frontmatter_gap,low,0.5,candidate,"Stock has sector exposure to a sector touched by this regime, but no direct stock-regime evidence link exists.",1,"Confirm with a fresh signal, pull note, or thesis update that connects the stock to the regime.",2026-06-01,2026-06-01,needs_review,,neo4j-blind-spot-graph,2026-06-01
rel:world-regime-risk-off:CANDIDATE_LINK:world-stock-dftx,world:regime:risk-off,world:stock:DFTX,CANDIDATE_LINK,blind-spot-graph,frontmatter_gap,low,0.5,candidate,"Stock has sector exposure to a sector touched by this regime, but no direct stock-regime evidence link exists.",1,"Confirm with a fresh signal, pull note, or thesis update that connects the stock to the regime.",2026-06-01,2026-06-01,needs_review,,neo4j-blind-spot-graph,2026-06-01
rel:world-regime-risk-off:CANDIDATE_LINK:world-stock-dhi,world:regime:risk-off,world:stock:DHI,CANDIDATE_LINK,blind-spot-graph,frontmatter_gap,low,0.5,candidate,"Stock has sector exposure to a sector touched by this regime, but no direct stock-regime evidence link exists.",1,"Confirm with a fresh signal, pull note, or thesis update that connects the stock to the regime.",2026-06-01,2026-06-01,needs_review,,neo4j-blind-spot-graph,2026-06-01
rel:world-regime-risk-off:CANDIDATE_LINK:world-stock-dpro,world:regime:risk-off,world:stock:DPRO,CANDIDATE_LINK,blind-spot-graph,frontmatter_gap,low,0.5,candidate,"Stock has sector exposure to a sector touched by this regime, but no direct stock-regime evidence link exists.",1,"Confirm with a fresh signal, pull note, or thesis update that connects the stock to the regime.",2026-06-01,2026-06-01,needs_review,,neo4j-blind-spot-graph,2026-06-01
rel:world-regime-risk-off:CANDIDATE_LINK:world-stock-drug,world:regime:risk-off,world:stock:DRUG,CANDIDATE_LINK,blind-spot-graph,frontmatter_gap,low,0.5,candidate,"Stock has sector exposure to a sector touched by this regime, but no direct stock-regime evidence link exists.",1,"Confirm with a fresh signal, pull note, or thesis update that connects the stock to the regime.",2026-06-01,2026-06-01,needs_review,,neo4j-blind-spot-graph,2026-06-01
rel:world-regime-risk-off:CANDIDATE_LINK:world-stock-eh,world:regime:risk-off,world:stock:EH,CANDIDATE_LINK,blind-spot-graph,frontmatter_gap,low,0.5,candidate,"Stock has sector exposure to a sector touched by this regime, but no direct stock-regime evidence link exists.",1,"Confirm with a fresh signal, pull note, or thesis update that connects the stock to the regime.",2026-06-01,2026-06-01,needs_review,,neo4j-blind-spot-graph,2026-06-01
rel:world-regime-risk-off:CANDIDATE_LINK:world-stock-envb,world:regime:risk-off,world:stock:ENVB,CANDIDATE_LINK,blind-spot-graph,frontmatter_gap,low,0.5,candidate,"Stock has sector exposure to a sector touched by this regime, but no direct stock-regime evidence link exists.",1,"Confirm with a fresh signal, pull note, or thesis update that connects the stock to the regime.",2026-06-01,2026-06-01,needs_review,,neo4j-blind-spot-graph,2026-06-01
rel:world-regime-risk-off:CANDIDATE_LINK:world-stock-etn,world:regime:risk-off,world:stock:ETN,CANDIDATE_LINK,blind-spot-graph,frontmatter_gap,low,0.5,candidate,"Stock has sector exposure to a sector touched by this regime, but no direct stock-regime evidence link exists.",1,"Confirm with a fresh signal, pull note, or thesis update that connects the stock to the regime.",2026-06-01,2026-06-01,needs_review,,neo4j-blind-spot-graph,2026-06-01
rel:world-regime-risk-off:CANDIDATE_LINK:world-stock-evtl,world:regime:risk-off,world:stock:EVTL,CANDIDATE_LINK,blind-spot-graph,frontmatter_gap,low,0.5,candidate,"Stock has sector exposure to a sector touched by this regime, but no direct stock-regime evidence link exists.",1,"Confirm with a fresh signal, pull note, or thesis update that connects the stock to the regime.",2026-06-01,2026-06-01,needs_review,,neo4j-blind-spot-graph,2026-06-01
rel:world-regime-risk-off:CANDIDATE_LINK:world-stock-gev,world:regime:risk-off,world:stock:GEV,CANDIDATE_LINK,blind-spot-graph,frontmatter_gap,low,0.5,candidate,"Stock has sector exposure to a sector touched by this regime, but no direct stock-regime evidence link exists.",1,"Confirm with a fresh signal, pull note, or thesis update that connects the stock to the regime.",2026-06-01,2026-06-01,needs_review,,neo4j-blind-spot-graph,2026-06-01
rel:world-regime-risk-off:CANDIDATE_LINK:world-stock-ghrs,world:regime:risk-off,world:stock:GHRS,CANDIDATE_LINK,blind-spot-graph,frontmatter_gap,low,0.5,candidate,"Stock has sector exposure to a sector touched by this regime, but no direct stock-regime evidence link exists.",1,"Confirm with a fresh signal, pull note, or thesis update that connects the stock to the regime.",2026-06-01,2026-06-01,needs_review,,neo4j-blind-spot-graph,2026-06-01
rel:world-regime-risk-off:CANDIDATE_LINK:world-stock-help,world:regime:risk-off,world:stock:HELP,CANDIDATE_LINK,blind-spot-graph,frontmatter_gap,low,0.5,candidate,"Stock has sector exposure to a sector touched by this regime, but no direct stock-regime evidence link exists.",1,"Confirm with a fresh signal, pull note, or thesis update that connects the stock to the regime.",2026-06-01,2026-06-01,needs_review,,neo4j-blind-spot-graph,2026-06-01
rel:world-regime-risk-off:CANDIDATE_LINK:world-stock-hovr,world:regime:risk-off,world:stock:HOVR,CANDIDATE_LINK,blind-spot-graph,frontmatter_gap,low,0.5,candidate,"Stock has sector exposure to a sector touched by this regime, but no direct stock-regime evidence link exists.",1,"Confirm with a fresh signal, pull note, or thesis update that connects the stock to the regime.",2026-06-01,2026-06-01,needs_review,,neo4j-blind-spot-graph,2026-06-01
rel:world-regime-risk-off:CANDIDATE_LINK:world-stock-hubb,world:regime:risk-off,world:stock:HUBB,CANDIDATE_LINK,blind-spot-graph,frontmatter_gap,low,0.5,candidate,"Stock has sector exposure to a sector touched by this regime, but no direct stock-regime evidence link exists.",1,"Confirm with a fresh signal, pull note, or thesis update that connects the stock to the regime.",2026-06-01,2026-06-01,needs_review,,neo4j-blind-spot-graph,2026-06-01
rel:world-regime-risk-off:CANDIDATE_LINK:world-stock-ixhl,world:regime:risk-off,world:stock:IXHL,CANDIDATE_LINK,blind-spot-graph,frontmatter_gap,low,0.5,candidate,"Stock has sector exposure to a sector touched by this regime, but no direct stock-regime evidence link exists.",1,"Confirm with a fresh signal, pull note, or thesis update that connects the stock to the regime.",2026-06-01,2026-06-01,needs_review,,neo4j-blind-spot-graph,2026-06-01
rel:world-regime-risk-off:CANDIDATE_LINK:world-stock-jnj,world:regime:risk-off,world:stock:JNJ,CANDIDATE_LINK,blind-spot-graph,frontmatter_gap,low,0.5,candidate,"Stock has sector exposure to a sector touched by this regime, but no direct stock-regime evidence link exists.",1,"Confirm with a fresh signal, pull note, or thesis update that connects the stock to the regime.",2026-06-01,2026-06-01,needs_review,,neo4j-blind-spot-graph,2026-06-01
rel:world-regime-risk-off:CANDIDATE_LINK:world-stock-joby,world:regime:risk-off,world:stock:JOBY,CANDIDATE_LINK,blind-spot-graph,frontmatter_gap,low,0.5,candidate,"Stock has sector exposure to a sector touched by this regime, but no direct stock-regime evidence link exists.",1,"Confirm with a fresh signal, pull note, or thesis update that connects the stock to the regime.",2026-06-01,2026-06-01,needs_review,,neo4j-blind-spot-graph,2026-06-01
rel:world-regime-risk-off:CANDIDATE_LINK:world-stock-ko,world:regime:risk-off,world:stock:KO,CANDIDATE_LINK,blind-spot-graph,frontmatter_gap,low,0.5,candidate,"Stock has sector exposure to a sector touched by this regime, but no direct stock-regime evidence link exists.",1,"Confirm with a fresh signal, pull note, or thesis update that connects the stock to the regime.",2026-06-01,2026-06-01,needs_review,,neo4j-blind-spot-graph,2026-06-01
rel:world-regime-risk-off:CANDIDATE_LINK:world-stock-ktta,world:regime:risk-off,world:stock:KTTA,CANDIDATE_LINK,blind-spot-graph,frontmatter_gap,low,0.5,candidate,"Stock has sector exposure to a sector touched by this regime, but no direct stock-regime evidence link exists.",1,"Confirm with a fresh signal, pull note, or thesis update that connects the stock to the regime.",2026-06-01,2026-06-01,needs_review,,neo4j-blind-spot-graph,2026-06-01
rel:world-regime-risk-off:CANDIDATE_LINK:world-stock-len,world:regime:risk-off,world:stock:LEN,CANDIDATE_LINK,blind-spot-graph,frontmatter_gap,low,0.5,candidate,"Stock has sector exposure to a sector touched by this regime, but no direct stock-regime evidence link exists.",1,"Confirm with a fresh signal, pull note, or thesis update that connects the stock to the regime.",2026-06-01,2026-06-01,needs_review,,neo4j-blind-spot-graph,2026-06-01
rel:world-regime-risk-off:CANDIDATE_LINK:world-stock-lly,world:regime:risk-off,world:stock:LLY,CANDIDATE_LINK,blind-spot-graph,frontmatter_gap,low,0.5,candidate,"Stock has sector exposure to a sector touched by this regime, but no direct stock-regime evidence link exists.",1,"Confirm with a fresh signal, pull note, or thesis update that connects the stock to the regime.",2026-06-01,2026-06-01,needs_review,,neo4j-blind-spot-graph,2026-06-01
rel:world-regime-risk-off:CANDIDATE_LINK:world-stock-mrk,world:regime:risk-off,world:stock:MRK,CANDIDATE_LINK,blind-spot-graph,frontmatter_gap,low,0.5,candidate,"Stock has sector exposure to a sector touched by this regime, but no direct stock-regime evidence link exists.",1,"Confirm with a fresh signal, pull note, or thesis update that connects the stock to the regime.",2026-06-01,2026-06-01,needs_review,,neo4j-blind-spot-graph,2026-06-01
rel:world-regime-risk-off:CANDIDATE_LINK:world-stock-msft,world:regime:risk-off,world:stock:MSFT,CANDIDATE_LINK,blind-spot-graph,frontmatter_gap,low,0.5,candidate,"Stock has sector exposure to a sector touched by this regime, but no direct stock-regime evidence link exists.",1,"Confirm with a fresh signal, pull note, or thesis update that connects the stock to the regime.",2026-06-01,2026-06-01,needs_review,,neo4j-blind-spot-graph,2026-06-01
rel:world-regime-risk-off:CANDIDATE_LINK:world-stock-mtz,world:regime:risk-off,world:stock:MTZ,CANDIDATE_LINK,blind-spot-graph,frontmatter_gap,low,0.5,candidate,"Stock has sector exposure to a sector touched by this regime, but no direct stock-regime evidence link exists.",1,"Confirm with a fresh signal, pull note, or thesis update that connects the stock to the regime.",2026-06-01,2026-06-01,needs_review,,neo4j-blind-spot-graph,2026-06-01
rel:world-regime-risk-off:CANDIDATE_LINK:world-stock-myrg,world:regime:risk-off,world:stock:MYRG,CANDIDATE_LINK,blind-spot-graph,frontmatter_gap,low,0.5,candidate,"Stock has sector exposure to a sector touched by this regime, but no direct stock-regime evidence link exists.",1,"Confirm with a fresh signal, pull note, or thesis update that connects the stock to the regime.",2026-06-01,2026-06-01,needs_review,,neo4j-blind-spot-graph,2026-06-01
rel:world-regime-risk-off:CANDIDATE_LINK:world-stock-nbix,world:regime:risk-off,world:stock:NBIX,CANDIDATE_LINK,blind-spot-graph,frontmatter_gap,low,0.5,candidate,"Stock has sector exposure to a sector touched by this regime, but no direct stock-regime evidence link exists.",1,"Confirm with a fresh signal, pull note, or thesis update that connects the stock to the regime.",2026-06-01,2026-06-01,needs_review,,neo4j-blind-spot-graph,2026-06-01
rel:world-regime-risk-off:CANDIDATE_LINK:world-stock-neup,world:regime:risk-off,world:stock:NEUP,CANDIDATE_LINK,blind-spot-graph,frontmatter_gap,low,0.5,candidate,"Stock has sector exposure to a sector touched by this regime, but no direct stock-regime evidence link exists.",1,"Confirm with a fresh signal, pull note, or thesis update that connects the stock to the regime.",2026-06-01,2026-06-01,needs_review,,neo4j-blind-spot-graph,2026-06-01
rel:world-regime-risk-off:CANDIDATE_LINK:world-stock-nktr,world:regime:risk-off,world:stock:NKTR,CANDIDATE_LINK,blind-spot-graph,frontmatter_gap,low,0.5,candidate,"Stock has sector exposure to a sector touched by this regime, but no direct stock-regime evidence link exists.",1,"Confirm with a fresh signal, pull note, or thesis update that connects the stock to the regime.",2026-06-01,2026-06-01,needs_review,,neo4j-blind-spot-graph,2026-06-01
rel:world-regime-risk-off:CANDIDATE_LINK:world-stock-nrg,world:regime:risk-off,world:stock:NRG,CANDIDATE_LINK,blind-spot-graph,frontmatter_gap,low,0.5,candidate,"Stock has sector exposure to a sector touched by this regime, but no direct stock-regime evidence link exists.",1,"Confirm with a fresh signal, pull note, or thesis update that connects the stock to the regime.",2026-06-01,2026-06-01,needs_review,,neo4j-blind-spot-graph,2026-06-01
rel:world-regime-risk-off:CANDIDATE_LINK:world-stock-nrxp,world:regime:risk-off,world:stock:NRXP,CANDIDATE_LINK,blind-spot-graph,frontmatter_gap,low,0.5,candidate,"Stock has sector exposure to a sector touched by this regime, but no direct stock-regime evidence link exists.",1,"Confirm with a fresh signal, pull note, or thesis update that connects the stock to the regime.",2026-06-01,2026-06-01,needs_review,,neo4j-blind-spot-graph,2026-06-01
rel:world-regime-risk-off:CANDIDATE_LINK:world-stock-nssc,world:regime:risk-off,world:stock:NSSC,CANDIDATE_LINK,blind-spot-graph,frontmatter_gap,low,0.5,candidate,"Stock has sector exposure to a sector touched by this regime, but no direct stock-regime evidence link exists.",1,"Confirm with a fresh signal, pull note, or thesis update that connects the stock to the regime.",2026-06-01,2026-06-01,needs_review,,neo4j-blind-spot-graph,2026-06-01
rel:world-regime-risk-off:CANDIDATE_LINK:world-stock-numi,world:regime:risk-off,world:stock:NUMI,CANDIDATE_LINK,blind-spot-graph,frontmatter_gap,low,0.5,candidate,"Stock has sector exposure to a sector touched by this regime, but no direct stock-regime evidence link exists.",1,"Confirm with a fresh signal, pull note, or thesis update that connects the stock to the regime.",2026-06-01,2026-06-01,needs_review,,neo4j-blind-spot-graph,2026-06-01
rel:world-regime-risk-off:CANDIDATE_LINK:world-stock-nvda,world:regime:risk-off,world:stock:NVDA,CANDIDATE_LINK,blind-spot-graph,frontmatter_gap,low,0.5,candidate,"Stock has sector exposure to a sector touched by this regime, but no direct stock-regime evidence link exists.",1,"Confirm with a fresh signal, pull note, or thesis update that connects the stock to the regime.",2026-06-01,2026-06-01,needs_review,,neo4j-blind-spot-graph,2026-06-01
rel:world-regime-risk-off:CANDIDATE_LINK:world-stock-onds,world:regime:risk-off,world:stock:ONDS,CANDIDATE_LINK,blind-spot-graph,frontmatter_gap,low,0.5,candidate,"Stock has sector exposure to a sector touched by this regime, but no direct stock-regime evidence link exists.",1,"Confirm with a fresh signal, pull note, or thesis update that connects the stock to the regime.",2026-06-01,2026-06-01,needs_review,,neo4j-blind-spot-graph,2026-06-01
rel:world-regime-risk-off:CANDIDATE_LINK:world-stock-pdfs,world:regime:risk-off,world:stock:PDFS,CANDIDATE_LINK,blind-spot-graph,frontmatter_gap,low,0.5,candidate,"Stock has sector exposure to a sector touched by this regime, but no direct stock-regime evidence link exists.",1,"Confirm with a fresh signal, pull note, or thesis update that connects the stock to the regime.",2026-06-01,2026-06-01,needs_review,,neo4j-blind-spot-graph,2026-06-01
rel:world-regime-risk-off:CANDIDATE_LINK:world-stock-pfe,world:regime:risk-off,world:stock:PFE,CANDIDATE_LINK,blind-spot-graph,frontmatter_gap,low,0.5,candidate,"Stock has sector exposure to a sector touched by this regime, but no direct stock-regime evidence link exists.",1,"Confirm with a fresh signal, pull note, or thesis update that connects the stock to the regime.",2026-06-01,2026-06-01,needs_review,,neo4j-blind-spot-graph,2026-06-01
rel:world-regime-risk-off:CANDIDATE_LINK:world-stock-pg,world:regime:risk-off,world:stock:PG,CANDIDATE_LINK,blind-spot-graph,frontmatter_gap,low,0.5,candidate,"Stock has sector exposure to a sector touched by this regime, but no direct stock-regime evidence link exists.",1,"Confirm with a fresh signal, pull note, or thesis update that connects the stock to the regime.",2026-06-01,2026-06-01,needs_review,,neo4j-blind-spot-graph,2026-06-01
rel:world-regime-risk-off:CANDIDATE_LINK:world-stock-pltr,world:regime:risk-off,world:stock:PLTR,CANDIDATE_LINK,blind-spot-graph,frontmatter_gap,low,0.5,candidate,"Stock has sector exposure to a sector touched by this regime, but no direct stock-regime evidence link exists.",1,"Confirm with a fresh signal, pull note, or thesis update that connects the stock to the regime.",2026-06-01,2026-06-01,needs_review,,neo4j-blind-spot-graph,2026-06-01
rel:world-regime-risk-off:CANDIDATE_LINK:world-stock-powl,world:regime:risk-off,world:stock:POWL,CANDIDATE_LINK,blind-spot-graph,frontmatter_gap,low,0.5,candidate,"Stock has sector exposure to a sector touched by this regime, but no direct stock-regime evidence link exists.",1,"Confirm with a fresh signal, pull note, or thesis update that connects the stock to the regime.",2026-06-01,2026-06-01,needs_review,,neo4j-blind-spot-graph,2026-06-01
rel:world-regime-risk-off:CANDIDATE_LINK:world-stock-ppih,world:regime:risk-off,world:stock:PPIH,CANDIDATE_LINK,blind-spot-graph,frontmatter_gap,low,0.5,candidate,"Stock has sector exposure to a sector touched by this regime, but no direct stock-regime evidence link exists.",1,"Confirm with a fresh signal, pull note, or thesis update that connects the stock to the regime.",2026-06-01,2026-06-01,needs_review,,neo4j-blind-spot-graph,2026-06-01
rel:world-regime-risk-off:CANDIDATE_LINK:world-stock-prks,world:regime:risk-off,world:stock:PRKS,CANDIDATE_LINK,blind-spot-graph,frontmatter_gap,low,0.5,candidate,"Stock has sector exposure to a sector touched by this regime, but no direct stock-regime evidence link exists.",1,"Confirm with a fresh signal, pull note, or thesis update that connects the stock to the regime.",2026-06-01,2026-06-01,needs_review,,neo4j-blind-spot-graph,2026-06-01
rel:world-regime-risk-off:CANDIDATE_LINK:world-stock-pwr,world:regime:risk-off,world:stock:PWR,CANDIDATE_LINK,blind-spot-graph,frontmatter_gap,low,0.5,candidate,"Stock has sector exposure to a sector touched by this regime, but no direct stock-regime evidence link exists.",1,"Confirm with a fresh signal, pull note, or thesis update that connects the stock to the regime.",2026-06-01,2026-06-01,needs_review,,neo4j-blind-spot-graph,2026-06-01
rel:world-regime-risk-off:CANDIDATE_LINK:world-stock-qntm,world:regime:risk-off,world:stock:QNTM,CANDIDATE_LINK,blind-spot-graph,frontmatter_gap,low,0.5,candidate,"Stock has sector exposure to a sector touched by this regime, but no direct stock-regime evidence link exists.",1,"Confirm with a fresh signal, pull note, or thesis update that connects the stock to the regime.",2026-06-01,2026-06-01,needs_review,,neo4j-blind-spot-graph,2026-06-01
rel:world-regime-risk-off:CANDIDATE_LINK:world-stock-rlmd,world:regime:risk-off,world:stock:RLMD,CANDIDATE_LINK,blind-spot-graph,frontmatter_gap,low,0.5,candidate,"Stock has sector exposure to a sector touched by this regime, but no direct stock-regime evidence link exists.",1,"Confirm with a fresh signal, pull note, or thesis update that connects the stock to the regime.",2026-06-01,2026-06-01,needs_review,,neo4j-blind-spot-graph,2026-06-01
rel:world-regime-risk-off:CANDIDATE_LINK:world-stock-silo,world:regime:risk-off,world:stock:SILO,CANDIDATE_LINK,blind-spot-graph,frontmatter_gap,low,0.5,candidate,"Stock has sector exposure to a sector touched by this regime, but no direct stock-regime evidence link exists.",1,"Confirm with a fresh signal, pull note, or thesis update that connects the stock to the regime.",2026-06-01,2026-06-01,needs_review,,neo4j-blind-spot-graph,2026-06-01
rel:world-regime-risk-off:CANDIDATE_LINK:world-stock-stim,world:regime:risk-off,world:stock:STIM,CANDIDATE_LINK,blind-spot-graph,frontmatter_gap,low,0.5,candidate,"Stock has sector exposure to a sector touched by this regime, but no direct stock-regime evidence link exists.",1,"Confirm with a fresh signal, pull note, or thesis update that connects the stock to the regime.",2026-06-01,2026-06-01,needs_review,,neo4j-blind-spot-graph,2026-06-01
rel:world-regime-risk-off:CANDIDATE_LINK:world-stock-strl,world:regime:risk-off,world:stock:STRL,CANDIDATE_LINK,blind-spot-graph,frontmatter_gap,low,0.5,candidate,"Stock has sector exposure to a sector touched by this regime, but no direct stock-regime evidence link exists.",1,"Confirm with a fresh signal, pull note, or thesis update that connects the stock to the regime.",2026-06-01,2026-06-01,needs_review,,neo4j-blind-spot-graph,2026-06-01
rel:world-regime-risk-off:CANDIDATE_LINK:world-stock-supn,world:regime:risk-off,world:stock:SUPN,CANDIDATE_LINK,blind-spot-graph,frontmatter_gap,low,0.5,candidate,"Stock has sector exposure to a sector touched by this regime, but no direct stock-regime evidence link exists.",1,"Confirm with a fresh signal, pull note, or thesis update that connects the stock to the regime.",2026-06-01,2026-06-01,needs_review,,neo4j-blind-spot-graph,2026-06-01
rel:world-regime-risk-off:CANDIDATE_LINK:world-stock-tnc,world:regime:risk-off,world:stock:TNC,CANDIDATE_LINK,blind-spot-graph,frontmatter_gap,low,0.5,candidate,"Stock has sector exposure to a sector touched by this regime, but no direct stock-regime evidence link exists.",1,"Confirm with a fresh signal, pull note, or thesis update that connects the stock to the regime.",2026-06-01,2026-06-01,needs_review,,neo4j-blind-spot-graph,2026-06-01
rel:world-regime-risk-off:CANDIDATE_LINK:world-stock-tsla,world:regime:risk-off,world:stock:TSLA,CANDIDATE_LINK,blind-spot-graph,frontmatter_gap,low,0.5,candidate,"Stock has sector exposure to a sector touched by this regime, but no direct stock-regime evidence link exists.",1,"Confirm with a fresh signal, pull note, or thesis update that connects the stock to the regime.",2026-06-01,2026-06-01,needs_review,,neo4j-blind-spot-graph,2026-06-01
rel:world-regime-risk-off:CANDIDATE_LINK:world-stock-ufpt,world:regime:risk-off,world:stock:UFPT,CANDIDATE_LINK,blind-spot-graph,frontmatter_gap,low,0.5,candidate,"Stock has sector exposure to a sector touched by this regime, but no direct stock-regime evidence link exists.",1,"Confirm with a fresh signal, pull note, or thesis update that connects the stock to the regime.",2026-06-01,2026-06-01,needs_review,,neo4j-blind-spot-graph,2026-06-01
rel:world-regime-risk-off:CANDIDATE_LINK:world-stock-vst,world:regime:risk-off,world:stock:VST,CANDIDATE_LINK,blind-spot-graph,frontmatter_gap,low,0.5,candidate,"Stock has sector exposure to a sector touched by this regime, but no direct stock-regime evidence link exists.",1,"Confirm with a fresh signal, pull note, or thesis update that connects the stock to the regime.",2026-06-01,2026-06-01,needs_review,,neo4j-blind-spot-graph,2026-06-01
rel:world-regime-risk-off:CANDIDATE_LINK:world-stock-vtgn,world:regime:risk-off,world:stock:VTGN,CANDIDATE_LINK,blind-spot-graph,frontmatter_gap,low,0.5,candidate,"Stock has sector exposure to a sector touched by this regime, but no direct stock-regime evidence link exists.",1,"Confirm with a fresh signal, pull note, or thesis update that connects the stock to the regime.",2026-06-01,2026-06-01,needs_review,,neo4j-blind-spot-graph,2026-06-01
rel:world-regime-risk-off:CANDIDATE_LINK:world-stock-wcc,world:regime:risk-off,world:stock:WCC,CANDIDATE_LINK,blind-spot-graph,frontmatter_gap,low,0.5,candidate,"Stock has sector exposure to a sector touched by this regime, but no direct stock-regime evidence link exists.",1,"Confirm with a fresh signal, pull note, or thesis update that connects the stock to the regime.",2026-06-01,2026-06-01,needs_review,,neo4j-blind-spot-graph,2026-06-01
rel:world-regime-risk-on:CANDIDATE_LINK:world-stock-aapl,world:regime:risk-on,world:stock:AAPL,CANDIDATE_LINK,blind-spot-graph,frontmatter_gap,low,0.5,candidate,"Stock has sector exposure to a sector touched by this regime, but no direct stock-regime evidence link exists.",1,"Confirm with a fresh signal, pull note, or thesis update that connects the stock to the regime.",2026-06-01,2026-06-01,needs_review,,neo4j-blind-spot-graph,2026-06-01
rel:world-regime-risk-on:CANDIDATE_LINK:world-stock-achr,world:regime:risk-on,world:stock:ACHR,CANDIDATE_LINK,blind-spot-graph,frontmatter_gap,low,0.5,candidate,"Stock has sector exposure to a sector touched by this regime, but no direct stock-regime evidence link exists.",1,"Confirm with a fresh signal, pull note, or thesis update that connects the stock to the regime.",2026-06-01,2026-06-01,needs_review,,neo4j-blind-spot-graph,2026-06-01
rel:world-regime-risk-on:CANDIDATE_LINK:world-stock-amsc,world:regime:risk-on,world:stock:AMSC,CANDIDATE_LINK,blind-spot-graph,frontmatter_gap,low,0.5,candidate,"Stock has sector exposure to a sector touched by this regime, but no direct stock-regime evidence link exists.",1,"Confirm with a fresh signal, pull note, or thesis update that connects the stock to the regime.",2026-06-01,2026-06-01,needs_review,,neo4j-blind-spot-graph,2026-06-01
rel:world-regime-risk-on:CANDIDATE_LINK:world-stock-amzn,world:regime:risk-on,world:stock:AMZN,CANDIDATE_LINK,blind-spot-graph,frontmatter_gap,low,0.5,candidate,"Stock has sector exposure to a sector touched by this regime, but no direct stock-regime evidence link exists.",1,"Confirm with a fresh signal, pull note, or thesis update that connects the stock to the regime.",2026-06-01,2026-06-01,needs_review,,neo4j-blind-spot-graph,2026-06-01
rel:world-regime-risk-on:CANDIDATE_LINK:world-stock-blmn,world:regime:risk-on,world:stock:BLMN,CANDIDATE_LINK,blind-spot-graph,frontmatter_gap,low,0.5,candidate,"Stock has sector exposure to a sector touched by this regime, but no direct stock-regime evidence link exists.",1,"Confirm with a fresh signal, pull note, or thesis update that connects the stock to the regime.",2026-06-01,2026-06-01,needs_review,,neo4j-blind-spot-graph,2026-06-01
rel:world-regime-risk-on:CANDIDATE_LINK:world-stock-brbr,world:regime:risk-on,world:stock:BRBR,CANDIDATE_LINK,blind-spot-graph,frontmatter_gap,low,0.5,candidate,"Stock has sector exposure to a sector touched by this regime, but no direct stock-regime evidence link exists.",1,"Confirm with a fresh signal, pull note, or thesis update that connects the stock to the regime.",2026-06-01,2026-06-01,needs_review,,neo4j-blind-spot-graph,2026-06-01
rel:world-regime-risk-on:CANDIDATE_LINK:world-stock-bw,world:regime:risk-on,world:stock:BW,CANDIDATE_LINK,blind-spot-graph,frontmatter_gap,low,0.5,candidate,"Stock has sector exposure to a sector touched by this regime, but no direct stock-regime evidence link exists.",1,"Confirm with a fresh signal, pull note, or thesis update that connects the stock to the regime.",2026-06-01,2026-06-01,needs_review,,neo4j-blind-spot-graph,2026-06-01
rel:world-regime-risk-on:CANDIDATE_LINK:world-stock-cat,world:regime:risk-on,world:stock:CAT,CANDIDATE_LINK,blind-spot-graph,frontmatter_gap,low,0.5,candidate,"Stock has sector exposure to a sector touched by this regime, but no direct stock-regime evidence link exists.",1,"Confirm with a fresh signal, pull note, or thesis update that connects the stock to the regime.",2026-06-01,2026-06-01,needs_review,,neo4j-blind-spot-graph,2026-06-01
rel:world-regime-risk-on:CANDIDATE_LINK:world-stock-ceg,world:regime:risk-on,world:stock:CEG,CANDIDATE_LINK,blind-spot-graph,frontmatter_gap,low,0.5,candidate,"Stock has sector exposure to a sector touched by this regime, but no direct stock-regime evidence link exists.",1,"Confirm with a fresh signal, pull note, or thesis update that connects the stock to the regime.",2026-06-01,2026-06-01,needs_review,,neo4j-blind-spot-graph,2026-06-01
rel:world-regime-risk-on:CANDIDATE_LINK:world-stock-cost,world:regime:risk-on,world:stock:COST,CANDIDATE_LINK,blind-spot-graph,frontmatter_gap,low,0.5,candidate,"Stock has sector exposure to a sector touched by this regime, but no direct stock-regime evidence link exists.",1,"Confirm with a fresh signal, pull note, or thesis update that connects the stock to the regime.",2026-06-01,2026-06-01,needs_review,,neo4j-blind-spot-graph,2026-06-01
rel:world-regime-risk-on:CANDIDATE_LINK:world-stock-dhi,world:regime:risk-on,world:stock:DHI,CANDIDATE_LINK,blind-spot-graph,frontmatter_gap,low,0.5,candidate,"Stock has sector exposure to a sector touched by this regime, but no direct stock-regime evidence link exists.",1,"Confirm with a fresh signal, pull note, or thesis update that connects the stock to the regime.",2026-06-01,2026-06-01,needs_review,,neo4j-blind-spot-graph,2026-06-01
rel:world-regime-risk-on:CANDIDATE_LINK:world-stock-dpro,world:regime:risk-on,world:stock:DPRO,CANDIDATE_LINK,blind-spot-graph,frontmatter_gap,low,0.5,candidate,"Stock has sector exposure to a sector touched by this regime, but no direct stock-regime evidence link exists.",1,"Confirm with a fresh signal, pull note, or thesis update that connects the stock to the regime.",2026-06-01,2026-06-01,needs_review,,neo4j-blind-spot-graph,2026-06-01
rel:world-regime-risk-on:CANDIDATE_LINK:world-stock-eh,world:regime:risk-on,world:stock:EH,CANDIDATE_LINK,blind-spot-graph,frontmatter_gap,low,0.5,candidate,"Stock has sector exposure to a sector touched by this regime, but no direct stock-regime evidence link exists.",1,"Confirm with a fresh signal, pull note, or thesis update that connects the stock to the regime.",2026-06-01,2026-06-01,needs_review,,neo4j-blind-spot-graph,2026-06-01
rel:world-regime-risk-on:CANDIDATE_LINK:world-stock-etn,world:regime:risk-on,world:stock:ETN,CANDIDATE_LINK,blind-spot-graph,frontmatter_gap,low,0.5,candidate,"Stock has sector exposure to a sector touched by this regime, but no direct stock-regime evidence link exists.",1,"Confirm with a fresh signal, pull note, or thesis update that connects the stock to the regime.",2026-06-01,2026-06-01,needs_review,,neo4j-blind-spot-graph,2026-06-01
rel:world-regime-risk-on:CANDIDATE_LINK:world-stock-evtl,world:regime:risk-on,world:stock:EVTL,CANDIDATE_LINK,blind-spot-graph,frontmatter_gap,low,0.5,candidate,"Stock has sector exposure to a sector touched by this regime, but no direct stock-regime evidence link exists.",1,"Confirm with a fresh signal, pull note, or thesis update that connects the stock to the regime.",2026-06-01,2026-06-01,needs_review,,neo4j-blind-spot-graph,2026-06-01
rel:world-regime-risk-on:CANDIDATE_LINK:world-stock-fcx,world:regime:risk-on,world:stock:FCX,CANDIDATE_LINK,blind-spot-graph,frontmatter_gap,low,0.5,candidate,"Stock has sector exposure to a sector touched by this regime, but no direct stock-regime evidence link exists.",1,"Confirm with a fresh signal, pull note, or thesis update that connects the stock to the regime.",2026-06-01,2026-06-01,needs_review,,neo4j-blind-spot-graph,2026-06-01
rel:world-regime-risk-on:CANDIDATE_LINK:world-stock-gev,world:regime:risk-on,world:stock:GEV,CANDIDATE_LINK,blind-spot-graph,frontmatter_gap,low,0.5,candidate,"Stock has sector exposure to a sector touched by this regime, but no direct stock-regime evidence link exists.",1,"Confirm with a fresh signal, pull note, or thesis update that connects the stock to the regime.",2026-06-01,2026-06-01,needs_review,,neo4j-blind-spot-graph,2026-06-01
rel:world-regime-risk-on:CANDIDATE_LINK:world-stock-gold,world:regime:risk-on,world:stock:GOLD,CANDIDATE_LINK,blind-spot-graph,frontmatter_gap,low,0.5,candidate,"Stock has sector exposure to a sector touched by this regime, but no direct stock-regime evidence link exists.",1,"Confirm with a fresh signal, pull note, or thesis update that connects the stock to the regime.",2026-06-01,2026-06-01,needs_review,,neo4j-blind-spot-graph,2026-06-01
rel:world-regime-risk-on:CANDIDATE_LINK:world-stock-hovr,world:regime:risk-on,world:stock:HOVR,CANDIDATE_LINK,blind-spot-graph,frontmatter_gap,low,0.5,candidate,"Stock has sector exposure to a sector touched by this regime, but no direct stock-regime evidence link exists.",1,"Confirm with a fresh signal, pull note, or thesis update that connects the stock to the regime.",2026-06-01,2026-06-01,needs_review,,neo4j-blind-spot-graph,2026-06-01
rel:world-regime-risk-on:CANDIDATE_LINK:world-stock-hubb,world:regime:risk-on,world:stock:HUBB,CANDIDATE_LINK,blind-spot-graph,frontmatter_gap,low,0.5,candidate,"Stock has sector exposure to a sector touched by this regime, but no direct stock-regime evidence link exists.",1,"Confirm with a fresh signal, pull note, or thesis update that connects the stock to the regime.",2026-06-01,2026-06-01,needs_review,,neo4j-blind-spot-graph,2026-06-01
rel:world-regime-risk-on:CANDIDATE_LINK:world-stock-joby,world:regime:risk-on,world:stock:JOBY,CANDIDATE_LINK,blind-spot-graph,frontmatter_gap,low,0.5,candidate,"Stock has sector exposure to a sector touched by this regime, but no direct stock-regime evidence link exists.",1,"Confirm with a fresh signal, pull note, or thesis update that connects the stock to the regime.",2026-06-01,2026-06-01,needs_review,,neo4j-blind-spot-graph,2026-06-01
rel:world-regime-risk-on:CANDIDATE_LINK:world-stock-ko,world:regime:risk-on,world:stock:KO,CANDIDATE_LINK,blind-spot-graph,frontmatter_gap,low,0.5,candidate,"Stock has sector exposure to a sector touched by this regime, but no direct stock-regime evidence link exists.",1,"Confirm with a fresh signal, pull note, or thesis update that connects the stock to the regime.",2026-06-01,2026-06-01,needs_review,,neo4j-blind-spot-graph,2026-06-01
rel:world-regime-risk-on:CANDIDATE_LINK:world-stock-len,world:regime:risk-on,world:stock:LEN,CANDIDATE_LINK,blind-spot-graph,frontmatter_gap,low,0.5,candidate,"Stock has sector exposure to a sector touched by this regime, but no direct stock-regime evidence link exists.",1,"Confirm with a fresh signal, pull note, or thesis update that connects the stock to the regime.",2026-06-01,2026-06-01,needs_review,,neo4j-blind-spot-graph,2026-06-01
rel:world-regime-risk-on:CANDIDATE_LINK:world-stock-lin,world:regime:risk-on,world:stock:LIN,CANDIDATE_LINK,blind-spot-graph,frontmatter_gap,low,0.5,candidate,"Stock has sector exposure to a sector touched by this regime, but no direct stock-regime evidence link exists.",1,"Confirm with a fresh signal, pull note, or thesis update that connects the stock to the regime.",2026-06-01,2026-06-01,needs_review,,neo4j-blind-spot-graph,2026-06-01
rel:world-regime-risk-on:CANDIDATE_LINK:world-stock-msft,world:regime:risk-on,world:stock:MSFT,CANDIDATE_LINK,blind-spot-graph,frontmatter_gap,low,0.5,candidate,"Stock has sector exposure to a sector touched by this regime, but no direct stock-regime evidence link exists.",1,"Confirm with a fresh signal, pull note, or thesis update that connects the stock to the regime.",2026-06-01,2026-06-01,needs_review,,neo4j-blind-spot-graph,2026-06-01
rel:world-regime-risk-on:CANDIDATE_LINK:world-stock-mtz,world:regime:risk-on,world:stock:MTZ,CANDIDATE_LINK,blind-spot-graph,frontmatter_gap,low,0.5,candidate,"Stock has sector exposure to a sector touched by this regime, but no direct stock-regime evidence link exists.",1,"Confirm with a fresh signal, pull note, or thesis update that connects the stock to the regime.",2026-06-01,2026-06-01,needs_review,,neo4j-blind-spot-graph,2026-06-01
rel:world-regime-risk-on:CANDIDATE_LINK:world-stock-myrg,world:regime:risk-on,world:stock:MYRG,CANDIDATE_LINK,blind-spot-graph,frontmatter_gap,low,0.5,candidate,"Stock has sector exposure to a sector touched by this regime, but no direct stock-regime evidence link exists.",1,"Confirm with a fresh signal, pull note, or thesis update that connects the stock to the regime.",2026-06-01,2026-06-01,needs_review,,neo4j-blind-spot-graph,2026-06-01
rel:world-regime-risk-on:CANDIDATE_LINK:world-stock-nem,world:regime:risk-on,world:stock:NEM,CANDIDATE_LINK,blind-spot-graph,frontmatter_gap,low,0.5,candidate,"Stock has sector exposure to a sector touched by this regime, but no direct stock-regime evidence link exists.",1,"Confirm with a fresh signal, pull note, or thesis update that connects the stock to the regime.",2026-06-01,2026-06-01,needs_review,,neo4j-blind-spot-graph,2026-06-01
rel:world-regime-risk-on:CANDIDATE_LINK:world-stock-nrg,world:regime:risk-on,world:stock:NRG,CANDIDATE_LINK,blind-spot-graph,frontmatter_gap,low,0.5,candidate,"Stock has sector exposure to a sector touched by this regime, but no direct stock-regime evidence link exists.",1,"Confirm with a fresh signal, pull note, or thesis update that connects the stock to the regime.",2026-06-01,2026-06-01,needs_review,,neo4j-blind-spot-graph,2026-06-01
rel:world-regime-risk-on:CANDIDATE_LINK:world-stock-nssc,world:regime:risk-on,world:stock:NSSC,CANDIDATE_LINK,blind-spot-graph,frontmatter_gap,low,0.5,candidate,"Stock has sector exposure to a sector touched by this regime, but no direct stock-regime evidence link exists.",1,"Confirm with a fresh signal, pull note, or thesis update that connects the stock to the regime.",2026-06-01,2026-06-01,needs_review,,neo4j-blind-spot-graph,2026-06-01
rel:world-regime-risk-on:CANDIDATE_LINK:world-stock-nvda,world:regime:risk-on,world:stock:NVDA,CANDIDATE_LINK,blind-spot-graph,frontmatter_gap,low,0.5,candidate,"Stock has sector exposure to a sector touched by this regime, but no direct stock-regime evidence link exists.",1,"Confirm with a fresh signal, pull note, or thesis update that connects the stock to the regime.",2026-06-01,2026-06-01,needs_review,,neo4j-blind-spot-graph,2026-06-01
rel:world-regime-risk-on:CANDIDATE_LINK:world-stock-onds,world:regime:risk-on,world:stock:ONDS,CANDIDATE_LINK,blind-spot-graph,frontmatter_gap,low,0.5,candidate,"Stock has sector exposure to a sector touched by this regime, but no direct stock-regime evidence link exists.",1,"Confirm with a fresh signal, pull note, or thesis update that connects the stock to the regime.",2026-06-01,2026-06-01,needs_review,,neo4j-blind-spot-graph,2026-06-01
rel:world-regime-risk-on:CANDIDATE_LINK:world-stock-pdfs,world:regime:risk-on,world:stock:PDFS,CANDIDATE_LINK,blind-spot-graph,frontmatter_gap,low,0.5,candidate,"Stock has sector exposure to a sector touched by this regime, but no direct stock-regime evidence link exists.",1,"Confirm with a fresh signal, pull note, or thesis update that connects the stock to the regime.",2026-06-01,2026-06-01,needs_review,,neo4j-blind-spot-graph,2026-06-01
rel:world-regime-risk-on:CANDIDATE_LINK:world-stock-pg,world:regime:risk-on,world:stock:PG,CANDIDATE_LINK,blind-spot-graph,frontmatter_gap,low,0.5,candidate,"Stock has sector exposure to a sector touched by this regime, but no direct stock-regime evidence link exists.",1,"Confirm with a fresh signal, pull note, or thesis update that connects the stock to the regime.",2026-06-01,2026-06-01,needs_review,,neo4j-blind-spot-graph,2026-06-01
rel:world-regime-risk-on:CANDIDATE_LINK:world-stock-pltr,world:regime:risk-on,world:stock:PLTR,CANDIDATE_LINK,blind-spot-graph,frontmatter_gap,low,0.5,candidate,"Stock has sector exposure to a sector touched by this regime, but no direct stock-regime evidence link exists.",1,"Confirm with a fresh signal, pull note, or thesis update that connects the stock to the regime.",2026-06-01,2026-06-01,needs_review,,neo4j-blind-spot-graph,2026-06-01
rel:world-regime-risk-on:CANDIDATE_LINK:world-stock-powl,world:regime:risk-on,world:stock:POWL,CANDIDATE_LINK,blind-spot-graph,frontmatter_gap,low,0.5,candidate,"Stock has sector exposure to a sector touched by this regime, but no direct stock-regime evidence link exists.",1,"Confirm with a fresh signal, pull note, or thesis update that connects the stock to the regime.",2026-06-01,2026-06-01,needs_review,,neo4j-blind-spot-graph,2026-06-01
rel:world-regime-risk-on:CANDIDATE_LINK:world-stock-ppih,world:regime:risk-on,world:stock:PPIH,CANDIDATE_LINK,blind-spot-graph,frontmatter_gap,low,0.5,candidate,"Stock has sector exposure to a sector touched by this regime, but no direct stock-regime evidence link exists.",1,"Confirm with a fresh signal, pull note, or thesis update that connects the stock to the regime.",2026-06-01,2026-06-01,needs_review,,neo4j-blind-spot-graph,2026-06-01
rel:world-regime-risk-on:CANDIDATE_LINK:world-stock-prks,world:regime:risk-on,world:stock:PRKS,CANDIDATE_LINK,blind-spot-graph,frontmatter_gap,low,0.5,candidate,"Stock has sector exposure to a sector touched by this regime, but no direct stock-regime evidence link exists.",1,"Confirm with a fresh signal, pull note, or thesis update that connects the stock to the regime.",2026-06-01,2026-06-01,needs_review,,neo4j-blind-spot-graph,2026-06-01
rel:world-regime-risk-on:CANDIDATE_LINK:world-stock-pwr,world:regime:risk-on,world:stock:PWR,CANDIDATE_LINK,blind-spot-graph,frontmatter_gap,low,0.5,candidate,"Stock has sector exposure to a sector touched by this regime, but no direct stock-regime evidence link exists.",1,"Confirm with a fresh signal, pull note, or thesis update that connects the stock to the regime.",2026-06-01,2026-06-01,needs_review,,neo4j-blind-spot-graph,2026-06-01
rel:world-regime-risk-on:CANDIDATE_LINK:world-stock-strl,world:regime:risk-on,world:stock:STRL,CANDIDATE_LINK,blind-spot-graph,frontmatter_gap,low,0.5,candidate,"Stock has sector exposure to a sector touched by this regime, but no direct stock-regime evidence link exists.",1,"Confirm with a fresh signal, pull note, or thesis update that connects the stock to the regime.",2026-06-01,2026-06-01,needs_review,,neo4j-blind-spot-graph,2026-06-01
rel:world-regime-risk-on:CANDIDATE_LINK:world-stock-tnc,world:regime:risk-on,world:stock:TNC,CANDIDATE_LINK,blind-spot-graph,frontmatter_gap,low,0.5,candidate,"Stock has sector exposure to a sector touched by this regime, but no direct stock-regime evidence link exists.",1,"Confirm with a fresh signal, pull note, or thesis update that connects the stock to the regime.",2026-06-01,2026-06-01,needs_review,,neo4j-blind-spot-graph,2026-06-01
rel:world-regime-risk-on:CANDIDATE_LINK:world-stock-tsla,world:regime:risk-on,world:stock:TSLA,CANDIDATE_LINK,blind-spot-graph,frontmatter_gap,low,0.5,candidate,"Stock has sector exposure to a sector touched by this regime, but no direct stock-regime evidence link exists.",1,"Confirm with a fresh signal, pull note, or thesis update that connects the stock to the regime.",2026-06-01,2026-06-01,needs_review,,neo4j-blind-spot-graph,2026-06-01
rel:world-regime-risk-on:CANDIDATE_LINK:world-stock-vst,world:regime:risk-on,world:stock:VST,CANDIDATE_LINK,blind-spot-graph,frontmatter_gap,low,0.5,candidate,"Stock has sector exposure to a sector touched by this regime, but no direct stock-regime evidence link exists.",1,"Confirm with a fresh signal, pull note, or thesis update that connects the stock to the regime.",2026-06-01,2026-06-01,needs_review,,neo4j-blind-spot-graph,2026-06-01
rel:world-regime-risk-on:CANDIDATE_LINK:world-stock-wcc,world:regime:risk-on,world:stock:WCC,CANDIDATE_LINK,blind-spot-graph,frontmatter_gap,low,0.5,candidate,"Stock has sector exposure to a sector touched by this regime, but no direct stock-regime evidence link exists.",1,"Confirm with a fresh signal, pull note, or thesis update that connects the stock to the regime.",2026-06-01,2026-06-01,needs_review,,neo4j-blind-spot-graph,2026-06-01
rel:world-regime-risk-on:CANDIDATE_LINK:world-stock-wpm,world:regime:risk-on,world:stock:WPM,CANDIDATE_LINK,blind-spot-graph,frontmatter_gap,low,0.5,candidate,"Stock has sector exposure to a sector touched by this regime, but no direct stock-regime evidence link exists.",1,"Confirm with a fresh signal, pull note, or thesis update that connects the stock to the regime.",2026-06-01,2026-06-01,needs_review,,neo4j-blind-spot-graph,2026-06-01
rel:world-regime-stagflation:CANDIDATE_LINK:world-stock-aapl,world:regime:stagflation,world:stock:AAPL,CANDIDATE_LINK,blind-spot-graph,frontmatter_gap,low,0.5,candidate,"Stock has sector exposure to a sector touched by this regime, but no direct stock-regime evidence link exists.",1,"Confirm with a fresh signal, pull note, or thesis update that connects the stock to the regime.",2026-06-01,2026-06-01,needs_review,,neo4j-blind-spot-graph,2026-06-01
rel:world-regime-stagflation:CANDIDATE_LINK:world-stock-amzn,world:regime:stagflation,world:stock:AMZN,CANDIDATE_LINK,blind-spot-graph,frontmatter_gap,low,0.5,candidate,"Stock has sector exposure to a sector touched by this regime, but no direct stock-regime evidence link exists.",1,"Confirm with a fresh signal, pull note, or thesis update that connects the stock to the regime.",2026-06-01,2026-06-01,needs_review,,neo4j-blind-spot-graph,2026-06-01
rel:world-regime-stagflation:CANDIDATE_LINK:world-stock-axp,world:regime:stagflation,world:stock:AXP,CANDIDATE_LINK,blind-spot-graph,frontmatter_gap,low,0.5,candidate,"Stock has sector exposure to a sector touched by this regime, but no direct stock-regime evidence link exists.",1,"Confirm with a fresh signal, pull note, or thesis update that connects the stock to the regime.",2026-06-01,2026-06-01,needs_review,,neo4j-blind-spot-graph,2026-06-01
rel:world-regime-stagflation:CANDIDATE_LINK:world-stock-blmn,world:regime:stagflation,world:stock:BLMN,CANDIDATE_LINK,blind-spot-graph,frontmatter_gap,low,0.5,candidate,"Stock has sector exposure to a sector touched by this regime, but no direct stock-regime evidence link exists.",1,"Confirm with a fresh signal, pull note, or thesis update that connects the stock to the regime.",2026-06-01,2026-06-01,needs_review,,neo4j-blind-spot-graph,2026-06-01
rel:world-regime-stagflation:CANDIDATE_LINK:world-stock-brbr,world:regime:stagflation,world:stock:BRBR,CANDIDATE_LINK,blind-spot-graph,frontmatter_gap,low,0.5,candidate,"Stock has sector exposure to a sector touched by this regime, but no direct stock-regime evidence link exists.",1,"Confirm with a fresh signal, pull note, or thesis update that connects the stock to the regime.",2026-06-01,2026-06-01,needs_review,,neo4j-blind-spot-graph,2026-06-01
rel:world-regime-stagflation:CANDIDATE_LINK:world-stock-brk-b,world:regime:stagflation,world:stock:BRK_B,CANDIDATE_LINK,blind-spot-graph,frontmatter_gap,low,0.5,candidate,"Stock has sector exposure to a sector touched by this regime, but no direct stock-regime evidence link exists.",1,"Confirm with a fresh signal, pull note, or thesis update that connects the stock to the regime.",2026-06-01,2026-06-01,needs_review,,neo4j-blind-spot-graph,2026-06-01
rel:world-regime-stagflation:CANDIDATE_LINK:world-stock-coin,world:regime:stagflation,world:stock:COIN,CANDIDATE_LINK,blind-spot-graph,frontmatter_gap,low,0.5,candidate,"Stock has sector exposure to a sector touched by this regime, but no direct stock-regime evidence link exists.",1,"Confirm with a fresh signal, pull note, or thesis update that connects the stock to the regime.",2026-06-01,2026-06-01,needs_review,,neo4j-blind-spot-graph,2026-06-01
rel:world-regime-stagflation:CANDIDATE_LINK:world-stock-cost,world:regime:stagflation,world:stock:COST,CANDIDATE_LINK,blind-spot-graph,frontmatter_gap,low,0.5,candidate,"Stock has sector exposure to a sector touched by this regime, but no direct stock-regime evidence link exists.",1,"Confirm with a fresh signal, pull note, or thesis update that connects the stock to the regime.",2026-06-01,2026-06-01,needs_review,,neo4j-blind-spot-graph,2026-06-01
rel:world-regime-stagflation:CANDIDATE_LINK:world-stock-cvx,world:regime:stagflation,world:stock:CVX,CANDIDATE_LINK,blind-spot-graph,frontmatter_gap,low,0.5,candidate,"Stock has sector exposure to a sector touched by this regime, but no direct stock-regime evidence link exists.",1,"Confirm with a fresh signal, pull note, or thesis update that connects the stock to the regime.",2026-06-01,2026-06-01,needs_review,,neo4j-blind-spot-graph,2026-06-01
rel:world-regime-stagflation:CANDIDATE_LINK:world-stock-dhi,world:regime:stagflation,world:stock:DHI,CANDIDATE_LINK,blind-spot-graph,frontmatter_gap,low,0.5,candidate,"Stock has sector exposure to a sector touched by this regime, but no direct stock-regime evidence link exists.",1,"Confirm with a fresh signal, pull note, or thesis update that connects the stock to the regime.",2026-06-01,2026-06-01,needs_review,,neo4j-blind-spot-graph,2026-06-01
rel:world-regime-stagflation:CANDIDATE_LINK:world-stock-ecpg,world:regime:stagflation,world:stock:ECPG,CANDIDATE_LINK,blind-spot-graph,frontmatter_gap,low,0.5,candidate,"Stock has sector exposure to a sector touched by this regime, but no direct stock-regime evidence link exists.",1,"Confirm with a fresh signal, pull note, or thesis update that connects the stock to the regime.",2026-06-01,2026-06-01,needs_review,,neo4j-blind-spot-graph,2026-06-01
rel:world-regime-stagflation:CANDIDATE_LINK:world-stock-fcx,world:regime:stagflation,world:stock:FCX,CANDIDATE_LINK,blind-spot-graph,frontmatter_gap,low,0.5,candidate,"Stock has sector exposure to a sector touched by this regime, but no direct stock-regime evidence link exists.",1,"Confirm with a fresh signal, pull note, or thesis update that connects the stock to the regime.",2026-06-01,2026-06-01,needs_review,,neo4j-blind-spot-graph,2026-06-01
rel:world-regime-stagflation:CANDIDATE_LINK:world-stock-gold,world:regime:stagflation,world:stock:GOLD,CANDIDATE_LINK,blind-spot-graph,frontmatter_gap,low,0.5,candidate,"Stock has sector exposure to a sector touched by this regime, but no direct stock-regime evidence link exists.",1,"Confirm with a fresh signal, pull note, or thesis update that connects the stock to the regime.",2026-06-01,2026-06-01,needs_review,,neo4j-blind-spot-graph,2026-06-01
rel:world-regime-stagflation:CANDIDATE_LINK:world-stock-gs,world:regime:stagflation,world:stock:GS,CANDIDATE_LINK,blind-spot-graph,frontmatter_gap,low,0.5,candidate,"Stock has sector exposure to a sector touched by this regime, but no direct stock-regime evidence link exists.",1,"Confirm with a fresh signal, pull note, or thesis update that connects the stock to the regime.",2026-06-01,2026-06-01,needs_review,,neo4j-blind-spot-graph,2026-06-01
rel:world-regime-stagflation:CANDIDATE_LINK:world-stock-jpm,world:regime:stagflation,world:stock:JPM,CANDIDATE_LINK,blind-spot-graph,frontmatter_gap,low,0.5,candidate,"Stock has sector exposure to a sector touched by this regime, but no direct stock-regime evidence link exists.",1,"Confirm with a fresh signal, pull note, or thesis update that connects the stock to the regime.",2026-06-01,2026-06-01,needs_review,,neo4j-blind-spot-graph,2026-06-01
rel:world-regime-stagflation:CANDIDATE_LINK:world-stock-ko,world:regime:stagflation,world:stock:KO,CANDIDATE_LINK,blind-spot-graph,frontmatter_gap,low,0.5,candidate,"Stock has sector exposure to a sector touched by this regime, but no direct stock-regime evidence link exists.",1,"Confirm with a fresh signal, pull note, or thesis update that connects the stock to the regime.",2026-06-01,2026-06-01,needs_review,,neo4j-blind-spot-graph,2026-06-01
rel:world-regime-stagflation:CANDIDATE_LINK:world-stock-len,world:regime:stagflation,world:stock:LEN,CANDIDATE_LINK,blind-spot-graph,frontmatter_gap,low,0.5,candidate,"Stock has sector exposure to a sector touched by this regime, but no direct stock-regime evidence link exists.",1,"Confirm with a fresh signal, pull note, or thesis update that connects the stock to the regime.",2026-06-01,2026-06-01,needs_review,,neo4j-blind-spot-graph,2026-06-01
rel:world-regime-stagflation:CANDIDATE_LINK:world-stock-lin,world:regime:stagflation,world:stock:LIN,CANDIDATE_LINK,blind-spot-graph,frontmatter_gap,low,0.5,candidate,"Stock has sector exposure to a sector touched by this regime, but no direct stock-regime evidence link exists.",1,"Confirm with a fresh signal, pull note, or thesis update that connects the stock to the regime.",2026-06-01,2026-06-01,needs_review,,neo4j-blind-spot-graph,2026-06-01
rel:world-regime-stagflation:CANDIDATE_LINK:world-stock-msft,world:regime:stagflation,world:stock:MSFT,CANDIDATE_LINK,blind-spot-graph,frontmatter_gap,low,0.5,candidate,"Stock has sector exposure to a sector touched by this regime, but no direct stock-regime evidence link exists.",1,"Confirm with a fresh signal, pull note, or thesis update that connects the stock to the regime.",2026-06-01,2026-06-01,needs_review,,neo4j-blind-spot-graph,2026-06-01
rel:world-regime-stagflation:CANDIDATE_LINK:world-stock-nem,world:regime:stagflation,world:stock:NEM,CANDIDATE_LINK,blind-spot-graph,frontmatter_gap,low,0.5,candidate,"Stock has sector exposure to a sector touched by this regime, but no direct stock-regime evidence link exists.",1,"Confirm with a fresh signal, pull note, or thesis update that connects the stock to the regime.",2026-06-01,2026-06-01,needs_review,,neo4j-blind-spot-graph,2026-06-01
rel:world-regime-stagflation:CANDIDATE_LINK:world-stock-nvda,world:regime:stagflation,world:stock:NVDA,CANDIDATE_LINK,blind-spot-graph,frontmatter_gap,low,0.5,candidate,"Stock has sector exposure to a sector touched by this regime, but no direct stock-regime evidence link exists.",1,"Confirm with a fresh signal, pull note, or thesis update that connects the stock to the regime.",2026-06-01,2026-06-01,needs_review,,neo4j-blind-spot-graph,2026-06-01
rel:world-regime-stagflation:CANDIDATE_LINK:world-stock-oxy,world:regime:stagflation,world:stock:OXY,CANDIDATE_LINK,blind-spot-graph,frontmatter_gap,low,0.5,candidate,"Stock has sector exposure to a sector touched by this regime, but no direct stock-regime evidence link exists.",1,"Confirm with a fresh signal, pull note, or thesis update that connects the stock to the regime.",2026-06-01,2026-06-01,needs_review,,neo4j-blind-spot-graph,2026-06-01
rel:world-regime-stagflation:CANDIDATE_LINK:world-stock-pdfs,world:regime:stagflation,world:stock:PDFS,CANDIDATE_LINK,blind-spot-graph,frontmatter_gap,low,0.5,candidate,"Stock has sector exposure to a sector touched by this regime, but no direct stock-regime evidence link exists.",1,"Confirm with a fresh signal, pull note, or thesis update that connects the stock to the regime.",2026-06-01,2026-06-01,needs_review,,neo4j-blind-spot-graph,2026-06-01
rel:world-regime-stagflation:CANDIDATE_LINK:world-stock-pg,world:regime:stagflation,world:stock:PG,CANDIDATE_LINK,blind-spot-graph,frontmatter_gap,low,0.5,candidate,"Stock has sector exposure to a sector touched by this regime, but no direct stock-regime evidence link exists.",1,"Confirm with a fresh signal, pull note, or thesis update that connects the stock to the regime.",2026-06-01,2026-06-01,needs_review,,neo4j-blind-spot-graph,2026-06-01
rel:world-regime-stagflation:CANDIDATE_LINK:world-stock-pltr,world:regime:stagflation,world:stock:PLTR,CANDIDATE_LINK,blind-spot-graph,frontmatter_gap,low,0.5,candidate,"Stock has sector exposure to a sector touched by this regime, but no direct stock-regime evidence link exists.",1,"Confirm with a fresh signal, pull note, or thesis update that connects the stock to the regime.",2026-06-01,2026-06-01,needs_review,,neo4j-blind-spot-graph,2026-06-01
rel:world-regime-stagflation:CANDIDATE_LINK:world-stock-prks,world:regime:stagflation,world:stock:PRKS,CANDIDATE_LINK,blind-spot-graph,frontmatter_gap,low,0.5,candidate,"Stock has sector exposure to a sector touched by this regime, but no direct stock-regime evidence link exists.",1,"Confirm with a fresh signal, pull note, or thesis update that connects the stock to the regime.",2026-06-01,2026-06-01,needs_review,,neo4j-blind-spot-graph,2026-06-01
rel:world-regime-stagflation:CANDIDATE_LINK:world-stock-slb,world:regime:stagflation,world:stock:SLB,CANDIDATE_LINK,blind-spot-graph,frontmatter_gap,low,0.5,candidate,"Stock has sector exposure to a sector touched by this regime, but no direct stock-regime evidence link exists.",1,"Confirm with a fresh signal, pull note, or thesis update that connects the stock to the regime.",2026-06-01,2026-06-01,needs_review,,neo4j-blind-spot-graph,2026-06-01
rel:world-regime-stagflation:CANDIDATE_LINK:world-stock-tsla,world:regime:stagflation,world:stock:TSLA,CANDIDATE_LINK,blind-spot-graph,frontmatter_gap,low,0.5,candidate,"Stock has sector exposure to a sector touched by this regime, but no direct stock-regime evidence link exists.",1,"Confirm with a fresh signal, pull note, or thesis update that connects the stock to the regime.",2026-06-01,2026-06-01,needs_review,,neo4j-blind-spot-graph,2026-06-01
rel:world-regime-stagflation:CANDIDATE_LINK:world-stock-v,world:regime:stagflation,world:stock:V,CANDIDATE_LINK,blind-spot-graph,frontmatter_gap,low,0.5,candidate,"Stock has sector exposure to a sector touched by this regime, but no direct stock-regime evidence link exists.",1,"Confirm with a fresh signal, pull note, or thesis update that connects the stock to the regime.",2026-06-01,2026-06-01,needs_review,,neo4j-blind-spot-graph,2026-06-01
rel:world-regime-stagflation:CANDIDATE_LINK:world-stock-wpm,world:regime:stagflation,world:stock:WPM,CANDIDATE_LINK,blind-spot-graph,frontmatter_gap,low,0.5,candidate,"Stock has sector exposure to a sector touched by this regime, but no direct stock-regime evidence link exists.",1,"Confirm with a fresh signal, pull note, or thesis update that connects the stock to the regime.",2026-06-01,2026-06-01,needs_review,,neo4j-blind-spot-graph,2026-06-01
rel:world-regime-stagflation:CANDIDATE_LINK:world-stock-xom,world:regime:stagflation,world:stock:XOM,CANDIDATE_LINK,blind-spot-graph,frontmatter_gap,low,0.5,candidate,"Stock has sector exposure to a sector touched by this regime, but no direct stock-regime evidence link exists.",1,"Confirm with a fresh signal, pull note, or thesis update that connects the stock to the regime.",2026-06-01,2026-06-01,needs_review,,neo4j-blind-spot-graph,2026-06-01
rel:world-regulation-template-regulation:CANDIDATE_LINK:world-sector-tech,world:regulation:template-regulation,world:sector:tech,CANDIDATE_LINK,blind-spot-graph,frontmatter_gap,low,0.5,candidate,"Policy or politics item targets this sector, but market-impact evidence has not been confirmed.",1,"Find a My_Data pull note, market reaction, or source note that confirms sector impact.",2026-06-01,2026-06-01,needs_review,,neo4j-blind-spot-graph,2026-06-01
